,kma_jid,t_max,hu,lag1_t_max,lag1_hu,lag2_t_max,lag2_hu,lag3_t_max,lag3_hu,lag4_t_max,lag4_hu,lag5_t_max,lag5_hu,lag6_t_max,lag6_hu,lag7_t_max,lag7_hu,pd_in,date,place,month,day_of_week,day,weekdayname,holiday,isHW,lag1_isHW,lag2_isHW,lag3_isHW,lag4_isHW,lag5_isHW,lag6_isHW,lag7_isHW,HW_diff,lag1_HW_diff,lag2_HW_diff,lag3_HW_diff,lag4_HW_diff,lag5_HW_diff,lag6_HW_diff,lag7_HW_diff,is_first,is_weekend
2430,20160601_BS,23.6,53.5,30.5,55.1,26.6,62.3,25.4,75.4,24.1,65.5,26.7,52.6,26.0,61.9,23.8,71.9,652,2016-06-01,BS,6,2,1,Wednesday,False,0,0,0,0,0,0,0,0,0.0,0.0,0.0,0.0,0.0,0.0,0.0,0.0,1,False
2431,20160601_CB,27.686666666999997,49.233333333000004,28.313333333000003,58.246666667,28.893333333,55.246666667,26.6,54.82,27.966666667,52.773333333000004,28.686666666999997,54.293333333,25.253333333,69.44,25.2,71.993333333,126,2016-06-01,CB,6,2,1,Wednesday,False,0,0,0,0,0,0,0,0,0.0,0.0,0.0,0.0,0.0,0.0,0.0,0.0,1,False
2432,20160601_CN,28.04375,68.4125,26.25,76.68125,27.96875,72.8625,26.1125,70.45625,26.3375,68.175,27.9875,69.21875,24.375,79.8625,24.1,82.38125,287,2016-06-01,CN,6,2,1,Wednesday,False,0,0,0,0,0,0,0,0,0.0,0.0,0.0,0.0,0.0,0.0,0.0,0.0,1,False
2433,20160601_DG,25.1,52.0,30.8,47.1,32.3,52.9,28.6,57.8,29.2,50.6,29.1,54.6,28.2,66.1,28.0,68.0,281,2016-06-01,DG,6,2,1,Wednesday,False,0,0,0,0,0,0,0,0,0.0,0.0,0.0,0.0,0.0,0.0,0.0,0.0,1,False
2434,20160601_DJ,28.4,59.1,27.9,64.9,29.4,66.0,26.9,60.8,28.0,57.5,29.1,58.4,26.4,74.0,25.5,74.8,214,2016-06-01,DJ,6,2,1,Wednesday,False,0,0,0,0,0,0,0,0,0.0,0.0,0.0,0.0,0.0,0.0,0.0,0.0,1,False
2435,20160601_GB,25.1,53.070833333,30.025,53.066666667,28.016666667,60.416666667,27.6,61.220833333,28.783333333,54.375,27.3125,57.129166667,27.5625,63.579166666999996,27.1375,64.733333333,354,2016-06-01,GB,6,2,1,Wednesday,False,0,0,0,0,0,0,0,0,0.0,0.0,0.0,0.0,0.0,0.0,0.0,0.0,1,False
2436,20160601_GG,29.20952381,54.285714286,27.321428571,71.48095238100001,28.523809524,64.25952381,27.126190475999998,62.530952381000006,27.471428571,63.378571429,27.254761905,66.714285714,23.402380951999998,76.397619048,24.097619048000002,74.202380952,934,2016-06-01,GG,6,2,1,Wednesday,False,0,0,0,0,0,0,0,0,0.0,0.0,0.0,0.0,0.0,0.0,0.0,0.0,1,False
2437,20160601_GJ,28.8,66.6,28.6,60.8,29.9,61.9,26.7,69.4,26.9,65.1,29.6,63.5,28.4,68.9,26.9,73.5,209,2016-06-01,GJ,6,2,1,Wednesday,False,0,0,0,0,0,0,0,0,0.0,0.0,0.0,0.0,0.0,0.0,0.0,0.0,1,False
2438,20160601_GN,26.122727273000002,52.23636363600001,30.290909091,58.622727273,31.013636364,60.240909091000006,26.127272726999998,76.231818182,26.459090909,68.58181818199999,28.695454545,56.759090908999994,27.931818181999997,66.518181818,26.736363636,69.89047619,461,2016-06-01,GN,6,2,1,Wednesday,False,0,0,0,0,0,0,0,0,0.0,0.0,0.0,0.0,0.0,0.0,0.0,0.0,1,False
2439,20160601_GW,26.033333333,53.772222221999996,27.616666666999997,58.333333333,27.122222221999998,64.261111111,27.066666667,61.711111111,28.833333333000002,54.761111111000005,26.038888889000003,63.872222222,23.7,70.133333333,24.983333333,61.055555556,106,2016-06-01,GW,6,2,1,Wednesday,False,0,0,0,0,0,0,0,0,0.0,0.0,0.0,0.0,0.0,0.0,0.0,0.0,1,False
2440,20160601_IC,27.57,64.65,23.08,91.33,24.68,83.85,24.44,84.47,23.8,79.01,24.45,87.64,20.11,95.39,21.91,93.02,170,2016-06-01,IC,6,2,1,Wednesday,False,0,0,0,0,0,0,0,0,0.0,0.0,0.0,0.0,0.0,0.0,0.0,0.0,1,False
2441,20160601_JB,27.526666666999997,68.34,26.853333333000002,67.226666667,27.513333333000002,70.313333333,25.24,72.21333333300001,26.32,62.546666667,28.806666667,62.013333333,26.1,71.66,25.62,74.2,388,2016-06-01,JB,6,2,1,Wednesday,False,0,0,0,0,0,0,0,0,0.0,0.0,0.0,0.0,0.0,0.0,0.0,0.0,1,False
2442,20160601_JJ,22.75,68.85,25.1,58.7,25.55,69.55,19.25,94.15,22.4,85.45,22.6,86.1,23.4,72.5,22.45,78.05,29,2016-06-01,JJ,6,2,1,Wednesday,False,0,0,0,0,0,0,0,0,0.0,0.0,0.0,0.0,0.0,0.0,0.0,0.0,1,False
2443,20160601_JN,26.845454545,66.604545455,27.05,66.0,28.827272726999997,67.68636363600001,25.281818182,77.381818182,24.75,77.2,27.613636364,71.904545455,26.809090909000002,73.577272727,25.763636364,76.327272727,249,2016-06-01,JN,6,2,1,Wednesday,False,0,0,0,0,0,0,0,0,0.0,0.0,0.0,0.0,0.0,0.0,0.0,0.0,1,False
2444,20160601_SU,29.9,45.8,27.6,63.6,28.9,57.3,27.6,56.1,28.0,56.1,27.1,61.3,22.9,72.0,24.4,67.9,604,2016-06-01,SU,6,2,1,Wednesday,False,0,0,0,0,0,0,0,0,0.0,0.0,0.0,0.0,0.0,0.0,0.0,0.0,1,False
2445,20160601_US,21.6,63.5,30.3,54.3,26.8,72.5,26.7,65.8,26.8,62.9,25.4,57.1,27.6,63.9,25.5,74.0,138,2016-06-01,US,6,2,1,Wednesday,False,0,0,0,0,0,0,0,0,0.0,0.0,0.0,0.0,0.0,0.0,0.0,0.0,1,False
2446,20160602_BS,24.0,60.5,23.6,53.5,30.5,55.1,26.6,62.3,25.4,75.4,24.1,65.5,26.7,52.6,26.0,61.9,84,2016-06-02,BS,6,3,2,Thursday,False,0,0,0,0,0,0,0,0,0.0,0.0,0.0,0.0,0.0,0.0,0.0,0.0,0,False
2447,20160602_CB,28.846666666999997,44.273333333000004,27.686666666999997,49.233333333000004,28.313333333000003,58.246666667,28.893333333,55.246666667,26.6,54.82,27.966666667,52.773333333000004,28.686666666999997,54.293333333,25.253333333,69.44,28,2016-06-02,CB,6,3,2,Thursday,False,0,0,0,0,0,0,0,0,0.0,0.0,0.0,0.0,0.0,0.0,0.0,0.0,0,False
2448,20160602_CN,27.38125,71.0125,28.04375,68.4125,26.25,76.68125,27.96875,72.8625,26.1125,70.45625,26.3375,68.175,27.9875,69.21875,24.375,79.8625,66,2016-06-02,CN,6,3,2,Thursday,False,0,0,0,0,0,0,0,0,0.0,0.0,0.0,0.0,0.0,0.0,0.0,0.0,0,False
2449,20160602_DG,28.0,54.8,25.1,52.0,30.8,47.1,32.3,52.9,28.6,57.8,29.2,50.6,29.1,54.6,28.2,66.1,49,2016-06-02,DG,6,3,2,Thursday,False,0,0,0,0,0,0,0,0,0.0,0.0,0.0,0.0,0.0,0.0,0.0,0.0,0,False
2450,20160602_DJ,29.3,51.1,28.4,59.1,27.9,64.9,29.4,66.0,26.9,60.8,28.0,57.5,29.1,58.4,26.4,74.0,39,2016-06-02,DJ,6,3,2,Thursday,False,0,0,0,0,0,0,0,0,0.0,0.0,0.0,0.0,0.0,0.0,0.0,0.0,0,False
2451,20160602_GB,26.875,53.433333333,25.1,53.070833333,30.025,53.066666667,28.016666667,60.416666667,27.6,61.220833333,28.783333333,54.375,27.3125,57.129166667,27.5625,63.579166666999996,67,2016-06-02,GB,6,3,2,Thursday,False,0,0,0,0,0,0,0,0,0.0,0.0,0.0,0.0,0.0,0.0,0.0,0.0,0,False
2452,20160602_GG,28.788095238,47.504761905,29.20952381,54.285714286,27.321428571,71.48095238100001,28.523809524,64.25952381,27.126190475999998,62.530952381000006,27.471428571,63.378571429,27.254761905,66.714285714,23.402380951999998,76.397619048,218,2016-06-02,GG,6,3,2,Thursday,False,0,0,0,0,0,0,0,0,0.0,0.0,0.0,0.0,0.0,0.0,0.0,0.0,0,False
2453,20160602_GJ,28.4,70.8,28.8,66.6,28.6,60.8,29.9,61.9,26.7,69.4,26.9,65.1,29.6,63.5,28.4,68.9,51,2016-06-02,GJ,6,3,2,Thursday,False,0,0,0,0,0,0,0,0,0.0,0.0,0.0,0.0,0.0,0.0,0.0,0.0,0,False
2454,20160602_GN,26.736363636,56.240909091000006,26.122727273000002,52.23636363600001,30.290909091,58.622727273,31.013636364,60.240909091000006,26.127272726999998,76.231818182,26.459090909,68.58181818199999,28.695454545,56.759090908999994,27.931818181999997,66.518181818,78,2016-06-02,GN,6,3,2,Thursday,False,0,0,0,0,0,0,0,0,0.0,0.0,0.0,0.0,0.0,0.0,0.0,0.0,0,False
2455,20160602_GW,26.8,51.166666667,26.033333333,53.772222221999996,27.616666666999997,58.333333333,27.122222221999998,64.261111111,27.066666667,61.711111111,28.833333333000002,54.761111111000005,26.038888889000003,63.872222222,23.7,70.133333333,39,2016-06-02,GW,6,3,2,Thursday,False,0,0,0,0,0,0,0,0,0.0,0.0,0.0,0.0,0.0,0.0,0.0,0.0,0,False
2456,20160602_IC,25.49,66.42,27.57,64.65,23.08,91.33,24.68,83.85,24.44,84.47,23.8,79.01,24.45,87.64,20.11,95.39,58,2016-06-02,IC,6,3,2,Thursday,False,0,0,0,0,0,0,0,0,0.0,0.0,0.0,0.0,0.0,0.0,0.0,0.0,0,False
2457,20160602_JB,27.586666667,67.82,27.526666666999997,68.34,26.853333333000002,67.226666667,27.513333333000002,70.313333333,25.24,72.21333333300001,26.32,62.546666667,28.806666667,62.013333333,26.1,71.66,100,2016-06-02,JB,6,3,2,Thursday,False,0,0,0,0,0,0,0,0,0.0,0.0,0.0,0.0,0.0,0.0,0.0,0.0,0,False
2458,20160602_JJ,24.25,55.75,22.75,68.85,25.1,58.7,25.55,69.55,19.25,94.15,22.4,85.45,22.6,86.1,23.4,72.5,19,2016-06-02,JJ,6,3,2,Thursday,False,0,0,0,0,0,0,0,0,0.0,0.0,0.0,0.0,0.0,0.0,0.0,0.0,0,False
2459,20160602_JN,25.940909090999998,69.495454545,26.845454545,66.604545455,27.05,66.0,28.827272726999997,67.68636363600001,25.281818182,77.381818182,24.75,77.2,27.613636364,71.904545455,26.809090909000002,73.577272727,68,2016-06-02,JN,6,3,2,Thursday,False,0,0,0,0,0,0,0,0,0.0,0.0,0.0,0.0,0.0,0.0,0.0,0.0,0,False
2460,20160602_SU,29.1,38.3,29.9,45.8,27.6,63.6,28.9,57.3,27.6,56.1,28.0,56.1,27.1,61.3,22.9,72.0,260,2016-06-02,SU,6,3,2,Thursday,False,0,0,0,0,0,0,0,0,0.0,0.0,0.0,0.0,0.0,0.0,0.0,0.0,0,False
2461,20160602_US,23.8,65.9,21.6,63.5,30.3,54.3,26.8,72.5,26.7,65.8,26.8,62.9,25.4,57.1,27.6,63.9,12,2016-06-02,US,6,3,2,Thursday,False,0,0,0,0,0,0,0,0,0.0,0.0,0.0,0.0,0.0,0.0,0.0,0.0,0,False
2462,20160603_BS,25.7,49.4,24.0,60.5,23.6,53.5,30.5,55.1,26.6,62.3,25.4,75.4,24.1,65.5,26.7,52.6,87,2016-06-03,BS,6,4,3,Friday,False,0,0,0,0,0,0,0,0,0.0,0.0,0.0,0.0,0.0,0.0,0.0,0.0,0,False
2463,20160603_CB,28.726666666999996,53.206666667,28.846666666999997,44.273333333000004,27.686666666999997,49.233333333000004,28.313333333000003,58.246666667,28.893333333,55.246666667,26.6,54.82,27.966666667,52.773333333000004,28.686666666999997,54.293333333,26,2016-06-03,CB,6,4,3,Friday,False,0,0,0,0,0,0,0,0,0.0,0.0,0.0,0.0,0.0,0.0,0.0,0.0,0,False
2464,20160603_CN,28.01875,67.7,27.38125,71.0125,28.04375,68.4125,26.25,76.68125,27.96875,72.8625,26.1125,70.45625,26.3375,68.175,27.9875,69.21875,56,2016-06-03,CN,6,4,3,Friday,False,0,0,0,0,0,0,0,0,0.0,0.0,0.0,0.0,0.0,0.0,0.0,0.0,0,False
2465,20160603_DG,31.2,44.8,28.0,54.8,25.1,52.0,30.8,47.1,32.3,52.9,28.6,57.8,29.2,50.6,29.1,54.6,70,2016-06-03,DG,6,4,3,Friday,False,0,0,0,0,0,0,0,0,0.0,0.0,0.0,0.0,0.0,0.0,0.0,0.0,0,False
2466,20160603_DJ,29.0,60.1,29.3,51.1,28.4,59.1,27.9,64.9,29.4,66.0,26.9,60.8,28.0,57.5,29.1,58.4,26,2016-06-03,DJ,6,4,3,Friday,False,0,0,0,0,0,0,0,0,0.0,0.0,0.0,0.0,0.0,0.0,0.0,0.0,0,False
2467,20160603_GB,29.716666667,50.833333333,26.875,53.433333333,25.1,53.070833333,30.025,53.066666667,28.016666667,60.416666667,27.6,61.220833333,28.783333333,54.375,27.3125,57.129166667,71,2016-06-03,GB,6,4,3,Friday,False,0,0,0,0,0,0,0,0,0.0,0.0,0.0,0.0,0.0,0.0,0.0,0.0,0,False
2468,20160603_GG,27.816666667,55.688095238,28.788095238,47.504761905,29.20952381,54.285714286,27.321428571,71.48095238100001,28.523809524,64.25952381,27.126190475999998,62.530952381000006,27.471428571,63.378571429,27.254761905,66.714285714,190,2016-06-03,GG,6,4,3,Friday,False,0,0,0,0,0,0,0,0,0.0,0.0,0.0,0.0,0.0,0.0,0.0,0.0,0,False
2469,20160603_GJ,28.6,61.8,28.4,70.8,28.8,66.6,28.6,60.8,29.9,61.9,26.7,69.4,26.9,65.1,29.6,63.5,40,2016-06-03,GJ,6,4,3,Friday,False,0,0,0,0,0,0,0,0,0.0,0.0,0.0,0.0,0.0,0.0,0.0,0.0,0,False
2470,20160603_GN,28.204545455,55.731818182,26.736363636,56.240909091000006,26.122727273000002,52.23636363600001,30.290909091,58.622727273,31.013636364,60.240909091000006,26.127272726999998,76.231818182,26.459090909,68.58181818199999,28.695454545,56.759090908999994,62,2016-06-03,GN,6,4,3,Friday,False,0,0,0,0,0,0,0,0,0.0,0.0,0.0,0.0,0.0,0.0,0.0,0.0,0,False
2471,20160603_GW,28.383333333000003,51.105555556000006,26.8,51.166666667,26.033333333,53.772222221999996,27.616666666999997,58.333333333,27.122222221999998,64.261111111,27.066666667,61.711111111,28.833333333000002,54.761111111000005,26.038888889000003,63.872222222,42,2016-06-03,GW,6,4,3,Friday,False,0,0,0,0,0,0,0,0,0.0,0.0,0.0,0.0,0.0,0.0,0.0,0.0,0,False
2472,20160603_IC,24.44,70.86,25.49,66.42,27.57,64.65,23.08,91.33,24.68,83.85,24.44,84.47,23.8,79.01,24.45,87.64,49,2016-06-03,IC,6,4,3,Friday,False,0,0,0,0,0,0,0,0,0.0,0.0,0.0,0.0,0.0,0.0,0.0,0.0,0,False
2473,20160603_JB,28.433333333,62.186666667,27.586666667,67.82,27.526666666999997,68.34,26.853333333000002,67.226666667,27.513333333000002,70.313333333,25.24,72.21333333300001,26.32,62.546666667,28.806666667,62.013333333,69,2016-06-03,JB,6,4,3,Friday,False,0,0,0,0,0,0,0,0,0.0,0.0,0.0,0.0,0.0,0.0,0.0,0.0,0,False
2474,20160603_JJ,26.75,58.25,24.25,55.75,22.75,68.85,25.1,58.7,25.55,69.55,19.25,94.15,22.4,85.45,22.6,86.1,20,2016-06-03,JJ,6,4,3,Friday,False,0,0,0,0,0,0,0,0,0.0,0.0,0.0,0.0,0.0,0.0,0.0,0.0,0,False
2475,20160603_JN,26.8,65.654545455,25.940909090999998,69.495454545,26.845454545,66.604545455,27.05,66.0,28.827272726999997,67.68636363600001,25.281818182,77.381818182,24.75,77.2,27.613636364,71.904545455,70,2016-06-03,JN,6,4,3,Friday,False,0,0,0,0,0,0,0,0,0.0,0.0,0.0,0.0,0.0,0.0,0.0,0.0,0,False
2476,20160603_SU,27.7,48.1,29.1,38.3,29.9,45.8,27.6,63.6,28.9,57.3,27.6,56.1,28.0,56.1,27.1,61.3,219,2016-06-03,SU,6,4,3,Friday,False,0,0,0,0,0,0,0,0,0.0,0.0,0.0,0.0,0.0,0.0,0.0,0.0,0,False
2477,20160603_US,28.2,51.4,23.8,65.9,21.6,63.5,30.3,54.3,26.8,72.5,26.7,65.8,26.8,62.9,25.4,57.1,10,2016-06-03,US,6,4,3,Friday,False,0,0,0,0,0,0,0,0,0.0,0.0,0.0,0.0,0.0,0.0,0.0,0.0,0,False
2478,20160604_BS,23.8,78.8,25.7,49.4,24.0,60.5,23.6,53.5,30.5,55.1,26.6,62.3,25.4,75.4,24.1,65.5,14,2016-06-04,BS,6,5,4,Saturday,False,0,0,0,0,0,0,0,0,0.0,0.0,0.0,0.0,0.0,0.0,0.0,0.0,0,True
2479,20160604_CB,23.113333333000003,62.273333333000004,28.726666666999996,53.206666667,28.846666666999997,44.273333333000004,27.686666666999997,49.233333333000004,28.313333333000003,58.246666667,28.893333333,55.246666667,26.6,54.82,27.966666667,52.773333333000004,8,2016-06-04,CB,6,5,4,Saturday,False,0,0,0,0,0,0,0,0,0.0,0.0,0.0,0.0,0.0,0.0,0.0,0.0,0,True
2480,20160604_CN,21.58125,79.50625,28.01875,67.7,27.38125,71.0125,28.04375,68.4125,26.25,76.68125,27.96875,72.8625,26.1125,70.45625,26.3375,68.175,18,2016-06-04,CN,6,5,4,Saturday,False,0,0,0,0,0,0,0,0,0.0,0.0,0.0,0.0,0.0,0.0,0.0,0.0,0,True
2481,20160604_DG,23.0,71.0,31.2,44.8,28.0,54.8,25.1,52.0,30.8,47.1,32.3,52.9,28.6,57.8,29.2,50.6,16,2016-06-04,DG,6,5,4,Saturday,False,0,0,0,0,0,0,0,0,0.0,0.0,0.0,0.0,0.0,0.0,0.0,0.0,0,True
2482,20160604_DJ,22.0,77.0,29.0,60.1,29.3,51.1,28.4,59.1,27.9,64.9,29.4,66.0,26.9,60.8,28.0,57.5,5,2016-06-04,DJ,6,5,4,Saturday,False,0,0,0,0,0,0,0,0,0.0,0.0,0.0,0.0,0.0,0.0,0.0,0.0,0,True
2483,20160604_GB,23.608333333,65.3375,29.716666667,50.833333333,26.875,53.433333333,25.1,53.070833333,30.025,53.066666667,28.016666667,60.416666667,27.6,61.220833333,28.783333333,54.375,24,2016-06-04,GB,6,5,4,Saturday,False,0,0,0,0,0,0,0,0,0.0,0.0,0.0,0.0,0.0,0.0,0.0,0.0,0,True
2484,20160604_GG,24.928571429,60.611904761999995,27.816666667,55.688095238,28.788095238,47.504761905,29.20952381,54.285714286,27.321428571,71.48095238100001,28.523809524,64.25952381,27.126190475999998,62.530952381000006,27.471428571,63.378571429,60,2016-06-04,GG,6,5,4,Saturday,False,0,0,0,0,0,0,0,0,0.0,0.0,0.0,0.0,0.0,0.0,0.0,0.0,0,True
2485,20160604_GJ,22.2,86.8,28.6,61.8,28.4,70.8,28.8,66.6,28.6,60.8,29.9,61.9,26.7,69.4,26.9,65.1,11,2016-06-04,GJ,6,5,4,Saturday,False,0,0,0,0,0,0,0,0,0.0,0.0,0.0,0.0,0.0,0.0,0.0,0.0,0,True
2486,20160604_GN,22.659090909,81.55909090899999,28.204545455,55.731818182,26.736363636,56.240909091000006,26.122727273000002,52.23636363600001,30.290909091,58.622727273,31.013636364,60.240909091000006,26.127272726999998,76.231818182,26.459090909,68.58181818199999,28,2016-06-04,GN,6,5,4,Saturday,False,0,0,0,0,0,0,0,0,0.0,0.0,0.0,0.0,0.0,0.0,0.0,0.0,0,True
2487,20160604_GW,25.166666666999998,57.777777778,28.383333333000003,51.105555556000006,26.8,51.166666667,26.033333333,53.772222221999996,27.616666666999997,58.333333333,27.122222221999998,64.261111111,27.066666667,61.711111111,28.833333333000002,54.761111111000005,2,2016-06-04,GW,6,5,4,Saturday,False,0,0,0,0,0,0,0,0,0.0,0.0,0.0,0.0,0.0,0.0,0.0,0.0,0,True
2488,20160604_IC,23.66,81.37,24.44,70.86,25.49,66.42,27.57,64.65,23.08,91.33,24.68,83.85,24.44,84.47,23.8,79.01,17,2016-06-04,IC,6,5,4,Saturday,False,0,0,0,0,0,0,0,0,0.0,0.0,0.0,0.0,0.0,0.0,0.0,0.0,0,True
2489,20160604_JB,21.226666667,80.2,28.433333333,62.186666667,27.586666667,67.82,27.526666666999997,68.34,26.853333333000002,67.226666667,27.513333333000002,70.313333333,25.24,72.21333333300001,26.32,62.546666667,37,2016-06-04,JB,6,5,4,Saturday,False,0,0,0,0,0,0,0,0,0.0,0.0,0.0,0.0,0.0,0.0,0.0,0.0,0,True
2490,20160604_JJ,22.75,88.55,26.75,58.25,24.25,55.75,22.75,68.85,25.1,58.7,25.55,69.55,19.25,94.15,22.4,85.45,4,2016-06-04,JJ,6,5,4,Saturday,False,0,0,0,0,0,0,0,0,0.0,0.0,0.0,0.0,0.0,0.0,0.0,0.0,0,True
2491,20160604_JN,21.063636364,89.06363636399999,26.8,65.654545455,25.940909090999998,69.495454545,26.845454545,66.604545455,27.05,66.0,28.827272726999997,67.68636363600001,25.281818182,77.381818182,24.75,77.2,24,2016-06-04,JN,6,5,4,Saturday,False,0,0,0,0,0,0,0,0,0.0,0.0,0.0,0.0,0.0,0.0,0.0,0.0,0,True
2492,20160604_SU,26.3,51.8,27.7,48.1,29.1,38.3,29.9,45.8,27.6,63.6,28.9,57.3,27.6,56.1,28.0,56.1,47,2016-06-04,SU,6,5,4,Saturday,False,0,0,0,0,0,0,0,0,0.0,0.0,0.0,0.0,0.0,0.0,0.0,0.0,0,True
2493,20160604_US,23.9,79.9,28.2,51.4,23.8,65.9,21.6,63.5,30.3,54.3,26.8,72.5,26.7,65.8,26.8,62.9,4,2016-06-04,US,6,5,4,Saturday,False,0,0,0,0,0,0,0,0,0.0,0.0,0.0,0.0,0.0,0.0,0.0,0.0,0,True
2494,20160605_BS,25.1,73.3,23.8,78.8,25.7,49.4,24.0,60.5,23.6,53.5,30.5,55.1,26.6,62.3,25.4,75.4,1,2016-06-05,BS,6,6,5,Sunday,False,0,0,0,0,0,0,0,0,0.0,0.0,0.0,0.0,0.0,0.0,0.0,0.0,0,True
2495,20160605_CB,30.146666666999998,51.506666667,23.113333333000003,62.273333333000004,28.726666666999996,53.206666667,28.846666666999997,44.273333333000004,27.686666666999997,49.233333333000004,28.313333333000003,58.246666667,28.893333333,55.246666667,26.6,54.82,0,2016-06-05,CB,6,6,5,Sunday,False,0,0,0,0,0,0,0,0,0.0,0.0,0.0,0.0,0.0,0.0,0.0,0.0,0,True
2496,20160605_CN,29.675,66.7,21.58125,79.50625,28.01875,67.7,27.38125,71.0125,28.04375,68.4125,26.25,76.68125,27.96875,72.8625,26.1125,70.45625,0,2016-06-05,CN,6,6,5,Sunday,False,0,0,0,0,0,0,0,0,0.0,0.0,0.0,0.0,0.0,0.0,0.0,0.0,0,True
2497,20160605_DG,25.6,67.8,23.0,71.0,31.2,44.8,28.0,54.8,25.1,52.0,30.8,47.1,32.3,52.9,28.6,57.8,1,2016-06-05,DG,6,6,5,Sunday,False,0,0,0,0,0,0,0,0,0.0,0.0,0.0,0.0,0.0,0.0,0.0,0.0,0,True
2498,20160605_DJ,30.3,59.3,22.0,77.0,29.0,60.1,29.3,51.1,28.4,59.1,27.9,64.9,29.4,66.0,26.9,60.8,0,2016-06-05,DJ,6,6,5,Sunday,False,0,0,0,0,0,0,0,0,0.0,0.0,0.0,0.0,0.0,0.0,0.0,0.0,0,True
2499,20160605_GB,26.304166666999997,65.458333333,23.608333333,65.3375,29.716666667,50.833333333,26.875,53.433333333,25.1,53.070833333,30.025,53.066666667,28.016666667,60.416666667,27.6,61.220833333,2,2016-06-05,GB,6,6,5,Sunday,False,0,0,0,0,0,0,0,0,0.0,0.0,0.0,0.0,0.0,0.0,0.0,0.0,0,True
2500,20160605_GG,31.133333333000003,55.019047619,24.928571429,60.611904761999995,27.816666667,55.688095238,28.788095238,47.504761905,29.20952381,54.285714286,27.321428571,71.48095238100001,28.523809524,64.25952381,27.126190475999998,62.530952381000006,2,2016-06-05,GG,6,6,5,Sunday,False,0,0,0,0,0,0,0,0,0.0,0.0,0.0,0.0,0.0,0.0,0.0,0.0,0,True
2501,20160605_GJ,26.2,75.5,22.2,86.8,28.6,61.8,28.4,70.8,28.8,66.6,28.6,60.8,29.9,61.9,26.7,69.4,1,2016-06-05,GJ,6,6,5,Sunday,False,0,0,0,0,0,0,0,0,0.0,0.0,0.0,0.0,0.0,0.0,0.0,0.0,0,True
2502,20160605_GN,26.922727273000003,65.977272727,22.659090909,81.55909090899999,28.204545455,55.731818182,26.736363636,56.240909091000006,26.122727273000002,52.23636363600001,30.290909091,58.622727273,31.013636364,60.240909091000006,26.127272726999998,76.231818182,3,2016-06-05,GN,6,6,5,Sunday,False,0,0,0,0,0,0,0,0,0.0,0.0,0.0,0.0,0.0,0.0,0.0,0.0,0,True
2503,20160605_GW,27.0,62.783333333,25.166666666999998,57.777777778,28.383333333000003,51.105555556000006,26.8,51.166666667,26.033333333,53.772222221999996,27.616666666999997,58.333333333,27.122222221999998,64.261111111,27.066666667,61.711111111,1,2016-06-05,GW,6,6,5,Sunday,False,0,0,0,0,0,0,0,0,0.0,0.0,0.0,0.0,0.0,0.0,0.0,0.0,0,True
2504,20160605_IC,28.75,66.96,23.66,81.37,24.44,70.86,25.49,66.42,27.57,64.65,23.08,91.33,24.68,83.85,24.44,84.47,2,2016-06-05,IC,6,6,5,Sunday,False,0,0,0,0,0,0,0,0,0.0,0.0,0.0,0.0,0.0,0.0,0.0,0.0,0,True
2505,20160605_JB,28.866666666999997,67.086666667,21.226666667,80.2,28.433333333,62.186666667,27.586666667,67.82,27.526666666999997,68.34,26.853333333000002,67.226666667,27.513333333000002,70.313333333,25.24,72.21333333300001,0,2016-06-05,JB,6,6,5,Sunday,False,0,0,0,0,0,0,0,0,0.0,0.0,0.0,0.0,0.0,0.0,0.0,0.0,0,True
2506,20160605_JJ,22.5,82.45,22.75,88.55,26.75,58.25,24.25,55.75,22.75,68.85,25.1,58.7,25.55,69.55,19.25,94.15,0,2016-06-05,JJ,6,6,5,Sunday,False,0,0,0,0,0,0,0,0,0.0,0.0,0.0,0.0,0.0,0.0,0.0,0.0,0,True
2507,20160605_JN,24.881818181999996,75.772727273,21.063636364,89.06363636399999,26.8,65.654545455,25.940909090999998,69.495454545,26.845454545,66.604545455,27.05,66.0,28.827272726999997,67.68636363600001,25.281818182,77.381818182,2,2016-06-05,JN,6,6,5,Sunday,False,0,0,0,0,0,0,0,0,0.0,0.0,0.0,0.0,0.0,0.0,0.0,0.0,0,True
2508,20160605_SU,32.2,47.3,26.3,51.8,27.7,48.1,29.1,38.3,29.9,45.8,27.6,63.6,28.9,57.3,27.6,56.1,5,2016-06-05,SU,6,6,5,Sunday,False,0,0,0,0,0,0,0,0,0.0,0.0,0.0,0.0,0.0,0.0,0.0,0.0,0,True
2509,20160605_US,22.7,83.1,23.9,79.9,28.2,51.4,23.8,65.9,21.6,63.5,30.3,54.3,26.8,72.5,26.7,65.8,0,2016-06-05,US,6,6,5,Sunday,False,0,0,0,0,0,0,0,0,0.0,0.0,0.0,0.0,0.0,0.0,0.0,0.0,0,True
2510,20160606_BS,20.4,85.9,25.1,73.3,23.8,78.8,25.7,49.4,24.0,60.5,23.6,53.5,30.5,55.1,26.6,62.3,11,2016-06-06,BS,6,0,6,Monday,True,0,0,0,0,0,0,0,0,0.0,0.0,0.0,0.0,0.0,0.0,0.0,0.0,0,False
2511,20160606_CB,22.726666666999996,67.406666667,30.146666666999998,51.506666667,23.113333333000003,62.273333333000004,28.726666666999996,53.206666667,28.846666666999997,44.273333333000004,27.686666666999997,49.233333333000004,28.313333333000003,58.246666667,28.893333333,55.246666667,2,2016-06-06,CB,6,0,6,Monday,True,0,0,0,0,0,0,0,0,0.0,0.0,0.0,0.0,0.0,0.0,0.0,0.0,0,False
2512,20160606_CN,24.1375,78.06875,29.675,66.7,21.58125,79.50625,28.01875,67.7,27.38125,71.0125,28.04375,68.4125,26.25,76.68125,27.96875,72.8625,7,2016-06-06,CN,6,0,6,Monday,True,0,0,0,0,0,0,0,0,0.0,0.0,0.0,0.0,0.0,0.0,0.0,0.0,0,False
2513,20160606_DG,19.3,87.4,25.6,67.8,23.0,71.0,31.2,44.8,28.0,54.8,25.1,52.0,30.8,47.1,32.3,52.9,6,2016-06-06,DG,6,0,6,Monday,True,0,0,0,0,0,0,0,0,0.0,0.0,0.0,0.0,0.0,0.0,0.0,0.0,0,False
2514,20160606_DJ,24.5,73.8,30.3,59.3,22.0,77.0,29.0,60.1,29.3,51.1,28.4,59.1,27.9,64.9,29.4,66.0,0,2016-06-06,DJ,6,0,6,Monday,True,0,0,0,0,0,0,0,0,0.0,0.0,0.0,0.0,0.0,0.0,0.0,0.0,0,False
2515,20160606_GB,20.841666667000002,82.56666666699999,26.304166666999997,65.458333333,23.608333333,65.3375,29.716666667,50.833333333,26.875,53.433333333,25.1,53.070833333,30.025,53.066666667,28.016666667,60.416666667,13,2016-06-06,GB,6,0,6,Monday,True,0,0,0,0,0,0,0,0,0.0,0.0,0.0,0.0,0.0,0.0,0.0,0.0,0,False
2516,20160606_GG,26.74047619,57.545238095,31.133333333000003,55.019047619,24.928571429,60.611904761999995,27.816666667,55.688095238,28.788095238,47.504761905,29.20952381,54.285714286,27.321428571,71.48095238100001,28.523809524,64.25952381,17,2016-06-06,GG,6,0,6,Monday,True,0,0,0,0,0,0,0,0,0.0,0.0,0.0,0.0,0.0,0.0,0.0,0.0,0,False
2517,20160606_GJ,22.4,86.6,26.2,75.5,22.2,86.8,28.6,61.8,28.4,70.8,28.8,66.6,28.6,60.8,29.9,61.9,0,2016-06-06,GJ,6,0,6,Monday,True,0,0,0,0,0,0,0,0,0.0,0.0,0.0,0.0,0.0,0.0,0.0,0.0,0,False
2518,20160606_GN,20.195454545,84.35,26.922727273000003,65.977272727,22.659090909,81.55909090899999,28.204545455,55.731818182,26.736363636,56.240909091000006,26.122727273000002,52.23636363600001,30.290909091,58.622727273,31.013636364,60.240909091000006,8,2016-06-06,GN,6,0,6,Monday,True,0,0,0,0,0,0,0,0,0.0,0.0,0.0,0.0,0.0,0.0,0.0,0.0,0,False
2519,20160606_GW,25.15,67.84444444399999,27.0,62.783333333,25.166666666999998,57.777777778,28.383333333000003,51.105555556000006,26.8,51.166666667,26.033333333,53.772222221999996,27.616666666999997,58.333333333,27.122222221999998,64.261111111,4,2016-06-06,GW,6,0,6,Monday,True,0,0,0,0,0,0,0,0,0.0,0.0,0.0,0.0,0.0,0.0,0.0,0.0,0,False
2520,20160606_IC,25.56,70.28,28.75,66.96,23.66,81.37,24.44,70.86,25.49,66.42,27.57,64.65,23.08,91.33,24.68,83.85,5,2016-06-06,IC,6,0,6,Monday,True,0,0,0,0,0,0,0,0,0.0,0.0,0.0,0.0,0.0,0.0,0.0,0.0,0,False
2521,20160606_JB,23.226666666999996,77.606666667,28.866666666999997,67.086666667,21.226666667,80.2,28.433333333,62.186666667,27.586666667,67.82,27.526666666999997,68.34,26.853333333000002,67.226666667,27.513333333000002,70.313333333,10,2016-06-06,JB,6,0,6,Monday,True,0,0,0,0,0,0,0,0,0.0,0.0,0.0,0.0,0.0,0.0,0.0,0.0,0,False
2522,20160606_JJ,21.6,91.85,22.5,82.45,22.75,88.55,26.75,58.25,24.25,55.75,22.75,68.85,25.1,58.7,25.55,69.55,0,2016-06-06,JJ,6,0,6,Monday,True,0,0,0,0,0,0,0,0,0.0,0.0,0.0,0.0,0.0,0.0,0.0,0.0,0,False
2523,20160606_JN,22.072727273,83.927272727,24.881818181999996,75.772727273,21.063636364,89.06363636399999,26.8,65.654545455,25.940909090999998,69.495454545,26.845454545,66.604545455,27.05,66.0,28.827272726999997,67.68636363600001,6,2016-06-06,JN,6,0,6,Monday,True,0,0,0,0,0,0,0,0,0.0,0.0,0.0,0.0,0.0,0.0,0.0,0.0,0,False
2524,20160606_SU,28.4,49.1,32.2,47.3,26.3,51.8,27.7,48.1,29.1,38.3,29.9,45.8,27.6,63.6,28.9,57.3,16,2016-06-06,SU,6,0,6,Monday,True,0,0,0,0,0,0,0,0,0.0,0.0,0.0,0.0,0.0,0.0,0.0,0.0,0,False
2525,20160606_US,18.9,96.6,22.7,83.1,23.9,79.9,28.2,51.4,23.8,65.9,21.6,63.5,30.3,54.3,26.8,72.5,1,2016-06-06,US,6,0,6,Monday,True,0,0,0,0,0,0,0,0,0.0,0.0,0.0,0.0,0.0,0.0,0.0,0.0,0,False
2526,20160607_BS,25.4,85.4,20.4,85.9,25.1,73.3,23.8,78.8,25.7,49.4,24.0,60.5,23.6,53.5,30.5,55.1,99,2016-06-07,BS,6,1,7,Tuesday,False,0,0,0,0,0,0,0,0,0.0,0.0,0.0,0.0,0.0,0.0,0.0,0.0,0,False
2527,20160607_CB,26.766666667,67.56,22.726666666999996,67.406666667,30.146666666999998,51.506666667,23.113333333000003,62.273333333000004,28.726666666999996,53.206666667,28.846666666999997,44.273333333000004,27.686666666999997,49.233333333000004,28.313333333000003,58.246666667,53,2016-06-07,CB,6,1,7,Tuesday,False,0,0,0,0,0,0,0,0,0.0,0.0,0.0,0.0,0.0,0.0,0.0,0.0,0,False
2528,20160607_CN,26.325,77.1,24.1375,78.06875,29.675,66.7,21.58125,79.50625,28.01875,67.7,27.38125,71.0125,28.04375,68.4125,26.25,76.68125,69,2016-06-07,CN,6,1,7,Tuesday,False,0,0,0,0,0,0,0,0,0.0,0.0,0.0,0.0,0.0,0.0,0.0,0.0,0,False
2529,20160607_DG,28.4,73.6,19.3,87.4,25.6,67.8,23.0,71.0,31.2,44.8,28.0,54.8,25.1,52.0,30.8,47.1,71,2016-06-07,DG,6,1,7,Tuesday,False,0,0,0,0,0,0,0,0,0.0,0.0,0.0,0.0,0.0,0.0,0.0,0.0,0,False
2530,20160607_DJ,26.7,75.6,24.5,73.8,30.3,59.3,22.0,77.0,29.0,60.1,29.3,51.1,28.4,59.1,27.9,64.9,48,2016-06-07,DJ,6,1,7,Tuesday,False,0,0,0,0,0,0,0,0,0.0,0.0,0.0,0.0,0.0,0.0,0.0,0.0,0,False
2531,20160607_GB,26.566666667,76.025,20.841666667000002,82.56666666699999,26.304166666999997,65.458333333,23.608333333,65.3375,29.716666667,50.833333333,26.875,53.433333333,25.1,53.070833333,30.025,53.066666667,84,2016-06-07,GB,6,1,7,Tuesday,False,0,0,0,0,0,0,0,0,0.0,0.0,0.0,0.0,0.0,0.0,0.0,0.0,0,False
2532,20160607_GG,26.819047619000003,72.097619048,26.74047619,57.545238095,31.133333333000003,55.019047619,24.928571429,60.611904761999995,27.816666667,55.688095238,28.788095238,47.504761905,29.20952381,54.285714286,27.321428571,71.48095238100001,286,2016-06-07,GG,6,1,7,Tuesday,False,0,0,0,0,0,0,0,0,0.0,0.0,0.0,0.0,0.0,0.0,0.0,0.0,0,False
2533,20160607_GJ,25.2,85.5,22.4,86.6,26.2,75.5,22.2,86.8,28.6,61.8,28.4,70.8,28.8,66.6,28.6,60.8,67,2016-06-07,GJ,6,1,7,Tuesday,False,0,0,0,0,0,0,0,0,0.0,0.0,0.0,0.0,0.0,0.0,0.0,0.0,0,False
2534,20160607_GN,26.231818181999998,81.077272727,20.195454545,84.35,26.922727273000003,65.977272727,22.659090909,81.55909090899999,28.204545455,55.731818182,26.736363636,56.240909091000006,26.122727273000002,52.23636363600001,30.290909091,58.622727273,92,2016-06-07,GN,6,1,7,Tuesday,False,0,0,0,0,0,0,0,0,0.0,0.0,0.0,0.0,0.0,0.0,0.0,0.0,0,False
2535,20160607_GW,25.583333333000002,74.088888889,25.15,67.84444444399999,27.0,62.783333333,25.166666666999998,57.777777778,28.383333333000003,51.105555556000006,26.8,51.166666667,26.033333333,53.772222221999996,27.616666666999997,58.333333333,60,2016-06-07,GW,6,1,7,Tuesday,False,0,0,0,0,0,0,0,0,0.0,0.0,0.0,0.0,0.0,0.0,0.0,0.0,0,False
2536,20160607_IC,24.86,89.55,25.56,70.28,28.75,66.96,23.66,81.37,24.44,70.86,25.49,66.42,27.57,64.65,23.08,91.33,58,2016-06-07,IC,6,1,7,Tuesday,False,0,0,0,0,0,0,0,0,0.0,0.0,0.0,0.0,0.0,0.0,0.0,0.0,0,False
2537,20160607_JB,25.713333333,79.4,23.226666666999996,77.606666667,28.866666666999997,67.086666667,21.226666667,80.2,28.433333333,62.186666667,27.586666667,67.82,27.526666666999997,68.34,26.853333333000002,67.226666667,101,2016-06-07,JB,6,1,7,Tuesday,False,0,0,0,0,0,0,0,0,0.0,0.0,0.0,0.0,0.0,0.0,0.0,0.0,0,False
2538,20160607_JJ,23.35,93.55,21.6,91.85,22.5,82.45,22.75,88.55,26.75,58.25,24.25,55.75,22.75,68.85,25.1,58.7,15,2016-06-07,JJ,6,1,7,Tuesday,False,0,0,0,0,0,0,0,0,0.0,0.0,0.0,0.0,0.0,0.0,0.0,0.0,0,False
2539,20160607_JN,24.268181818000002,86.8,22.072727273,83.927272727,24.881818181999996,75.772727273,21.063636364,89.06363636399999,26.8,65.654545455,25.940909090999998,69.495454545,26.845454545,66.604545455,27.05,66.0,93,2016-06-07,JN,6,1,7,Tuesday,False,0,0,0,0,0,0,0,0,0.0,0.0,0.0,0.0,0.0,0.0,0.0,0.0,0,False
2540,20160607_SU,25.9,69.5,28.4,49.1,32.2,47.3,26.3,51.8,27.7,48.1,29.1,38.3,29.9,45.8,27.6,63.6,273,2016-06-07,SU,6,1,7,Tuesday,False,0,0,0,0,0,0,0,0,0.0,0.0,0.0,0.0,0.0,0.0,0.0,0.0,0,False
2541,20160607_US,24.4,90.4,18.9,96.6,22.7,83.1,23.9,79.9,28.2,51.4,23.8,65.9,21.6,63.5,30.3,54.3,22,2016-06-07,US,6,1,7,Tuesday,False,0,0,0,0,0,0,0,0,0.0,0.0,0.0,0.0,0.0,0.0,0.0,0.0,0,False
2542,20160608_BS,22.2,89.1,25.4,85.4,20.4,85.9,25.1,73.3,23.8,78.8,25.7,49.4,24.0,60.5,23.6,53.5,84,2016-06-08,BS,6,2,8,Wednesday,False,0,0,0,0,0,0,0,0,0.0,0.0,0.0,0.0,0.0,0.0,0.0,0.0,0,False
2543,20160608_CB,26.593333333,65.68,26.766666667,67.56,22.726666666999996,67.406666667,30.146666666999998,51.506666667,23.113333333000003,62.273333333000004,28.726666666999996,53.206666667,28.846666666999997,44.273333333000004,27.686666666999997,49.233333333000004,36,2016-06-08,CB,6,2,8,Wednesday,False,0,0,0,0,0,0,0,0,0.0,0.0,0.0,0.0,0.0,0.0,0.0,0.0,0,False
2544,20160608_CN,26.05,78.8875,26.325,77.1,24.1375,78.06875,29.675,66.7,21.58125,79.50625,28.01875,67.7,27.38125,71.0125,28.04375,68.4125,62,2016-06-08,CN,6,2,8,Wednesday,False,0,0,0,0,0,0,0,0,0.0,0.0,0.0,0.0,0.0,0.0,0.0,0.0,0,False
2545,20160608_DG,24.7,87.0,28.4,73.6,19.3,87.4,25.6,67.8,23.0,71.0,31.2,44.8,28.0,54.8,25.1,52.0,75,2016-06-08,DG,6,2,8,Wednesday,False,0,0,0,0,0,0,0,0,0.0,0.0,0.0,0.0,0.0,0.0,0.0,0.0,0,False
2546,20160608_DJ,27.1,72.1,26.7,75.6,24.5,73.8,30.3,59.3,22.0,77.0,29.0,60.1,29.3,51.1,28.4,59.1,34,2016-06-08,DJ,6,2,8,Wednesday,False,0,0,0,0,0,0,0,0,0.0,0.0,0.0,0.0,0.0,0.0,0.0,0.0,0,False
2547,20160608_GB,23.979166666999998,84.883333333,26.566666667,76.025,20.841666667000002,82.56666666699999,26.304166666999997,65.458333333,23.608333333,65.3375,29.716666667,50.833333333,26.875,53.433333333,25.1,53.070833333,79,2016-06-08,GB,6,2,8,Wednesday,False,0,0,0,0,0,0,0,0,0.0,0.0,0.0,0.0,0.0,0.0,0.0,0.0,0,False
2548,20160608_GG,26.964285714000003,73.704761905,26.819047619000003,72.097619048,26.74047619,57.545238095,31.133333333000003,55.019047619,24.928571429,60.611904761999995,27.816666667,55.688095238,28.788095238,47.504761905,29.20952381,54.285714286,227,2016-06-08,GG,6,2,8,Wednesday,False,0,0,0,0,0,0,0,0,0.0,0.0,0.0,0.0,0.0,0.0,0.0,0.0,0,False
2549,20160608_GJ,26.4,75.8,25.2,85.5,22.4,86.6,26.2,75.5,22.2,86.8,28.6,61.8,28.4,70.8,28.8,66.6,31,2016-06-08,GJ,6,2,8,Wednesday,False,0,0,0,0,0,0,0,0,0.0,0.0,0.0,0.0,0.0,0.0,0.0,0.0,0,False
2550,20160608_GN,24.313636364,86.118181818,26.231818181999998,81.077272727,20.195454545,84.35,26.922727273000003,65.977272727,22.659090909,81.55909090899999,28.204545455,55.731818182,26.736363636,56.240909091000006,26.122727273000002,52.23636363600001,90,2016-06-08,GN,6,2,8,Wednesday,False,0,0,0,0,0,0,0,0,0.0,0.0,0.0,0.0,0.0,0.0,0.0,0.0,0,False
2551,20160608_GW,25.227777778000004,74.9,25.583333333000002,74.088888889,25.15,67.84444444399999,27.0,62.783333333,25.166666666999998,57.777777778,28.383333333000003,51.105555556000006,26.8,51.166666667,26.033333333,53.772222221999996,46,2016-06-08,GW,6,2,8,Wednesday,False,0,0,0,0,0,0,0,0,0.0,0.0,0.0,0.0,0.0,0.0,0.0,0.0,0,False
2552,20160608_IC,22.75,95.61,24.86,89.55,25.56,70.28,28.75,66.96,23.66,81.37,24.44,70.86,25.49,66.42,27.57,64.65,49,2016-06-08,IC,6,2,8,Wednesday,False,0,0,0,0,0,0,0,0,0.0,0.0,0.0,0.0,0.0,0.0,0.0,0.0,0,False
2553,20160608_JB,25.373333333,76.18,25.713333333,79.4,23.226666666999996,77.606666667,28.866666666999997,67.086666667,21.226666667,80.2,28.433333333,62.186666667,27.586666667,67.82,27.526666666999997,68.34,79,2016-06-08,JB,6,2,8,Wednesday,False,0,0,0,0,0,0,0,0,0.0,0.0,0.0,0.0,0.0,0.0,0.0,0.0,0,False
2554,20160608_JJ,22.05,92.3,23.35,93.55,21.6,91.85,22.5,82.45,22.75,88.55,26.75,58.25,24.25,55.75,22.75,68.85,13,2016-06-08,JJ,6,2,8,Wednesday,False,0,0,0,0,0,0,0,0,0.0,0.0,0.0,0.0,0.0,0.0,0.0,0.0,0,False
2555,20160608_JN,24.986363636,82.16818181800001,24.268181818000002,86.8,22.072727273,83.927272727,24.881818181999996,75.772727273,21.063636364,89.06363636399999,26.8,65.654545455,25.940909090999998,69.495454545,26.845454545,66.604545455,66,2016-06-08,JN,6,2,8,Wednesday,False,0,0,0,0,0,0,0,0,0.0,0.0,0.0,0.0,0.0,0.0,0.0,0.0,0,False
2556,20160608_SU,27.7,65.9,25.9,69.5,28.4,49.1,32.2,47.3,26.3,51.8,27.7,48.1,29.1,38.3,29.9,45.8,236,2016-06-08,SU,6,2,8,Wednesday,False,0,0,0,0,0,0,0,0,0.0,0.0,0.0,0.0,0.0,0.0,0.0,0.0,0,False
2557,20160608_US,24.2,93.5,24.4,90.4,18.9,96.6,22.7,83.1,23.9,79.9,28.2,51.4,23.8,65.9,21.6,63.5,12,2016-06-08,US,6,2,8,Wednesday,False,0,0,0,0,0,0,0,0,0.0,0.0,0.0,0.0,0.0,0.0,0.0,0.0,0,False
2558,20160609_BS,26.1,80.3,22.2,89.1,25.4,85.4,20.4,85.9,25.1,73.3,23.8,78.8,25.7,49.4,24.0,60.5,71,2016-06-09,BS,6,3,9,Thursday,False,0,0,0,0,0,0,0,0,0.0,0.0,0.0,0.0,0.0,0.0,0.0,0.0,0,False
2559,20160609_CB,30.046666666999997,60.526666667,26.593333333,65.68,26.766666667,67.56,22.726666666999996,67.406666667,30.146666666999998,51.506666667,23.113333333000003,62.273333333000004,28.726666666999996,53.206666667,28.846666666999997,44.273333333000004,28,2016-06-09,CB,6,3,9,Thursday,False,0,0,0,0,0,0,0,0,0.0,0.0,0.0,0.0,0.0,0.0,0.0,0.0,0,False
2560,20160609_CN,29.29375,74.225,26.05,78.8875,26.325,77.1,24.1375,78.06875,29.675,66.7,21.58125,79.50625,28.01875,67.7,27.38125,71.0125,51,2016-06-09,CN,6,3,9,Thursday,False,0,0,0,0,0,0,0,0,0.0,0.0,0.0,0.0,0.0,0.0,0.0,0.0,0,False
2561,20160609_DG,27.4,75.8,24.7,87.0,28.4,73.6,19.3,87.4,25.6,67.8,23.0,71.0,31.2,44.8,28.0,54.8,58,2016-06-09,DG,6,3,9,Thursday,False,0,0,0,0,0,0,0,0,0.0,0.0,0.0,0.0,0.0,0.0,0.0,0.0,0,False
2562,20160609_DJ,30.2,65.8,27.1,72.1,26.7,75.6,24.5,73.8,30.3,59.3,22.0,77.0,29.0,60.1,29.3,51.1,31,2016-06-09,DJ,6,3,9,Thursday,False,0,0,0,0,0,0,0,0,0.0,0.0,0.0,0.0,0.0,0.0,0.0,0.0,0,False
2563,20160609_GB,27.620833333,74.704166667,23.979166666999998,84.883333333,26.566666667,76.025,20.841666667000002,82.56666666699999,26.304166666999997,65.458333333,23.608333333,65.3375,29.716666667,50.833333333,26.875,53.433333333,64,2016-06-09,GB,6,3,9,Thursday,False,0,0,0,0,0,0,0,0,0.0,0.0,0.0,0.0,0.0,0.0,0.0,0.0,0,False
2564,20160609_GG,30.25952381,67.573809524,26.964285714000003,73.704761905,26.819047619000003,72.097619048,26.74047619,57.545238095,31.133333333000003,55.019047619,24.928571429,60.611904761999995,27.816666667,55.688095238,28.788095238,47.504761905,205,2016-06-09,GG,6,3,9,Thursday,False,0,0,0,0,0,0,0,0,0.0,0.0,0.0,0.0,0.0,0.0,0.0,0.0,0,False
2565,20160609_GJ,29.6,75.9,26.4,75.8,25.2,85.5,22.4,86.6,26.2,75.5,22.2,86.8,28.6,61.8,28.4,70.8,36,2016-06-09,GJ,6,3,9,Thursday,False,0,0,0,0,0,0,0,0,0.0,0.0,0.0,0.0,0.0,0.0,0.0,0.0,0,False
2566,20160609_GN,27.854545455,80.163636364,24.313636364,86.118181818,26.231818181999998,81.077272727,20.195454545,84.35,26.922727273000003,65.977272727,22.659090909,81.55909090899999,28.204545455,55.731818182,26.736363636,56.240909091000006,62,2016-06-09,GN,6,3,9,Thursday,False,0,0,0,0,0,0,0,0,0.0,0.0,0.0,0.0,0.0,0.0,0.0,0.0,0,False
2567,20160609_GW,27.744444444000003,71.733333333,25.227777778000004,74.9,25.583333333000002,74.088888889,25.15,67.84444444399999,27.0,62.783333333,25.166666666999998,57.777777778,28.383333333000003,51.105555556000006,26.8,51.166666667,37,2016-06-09,GW,6,3,9,Thursday,False,0,0,0,0,0,0,0,0,0.0,0.0,0.0,0.0,0.0,0.0,0.0,0.0,0,False
2568,20160609_IC,26.62,84.4,22.75,95.61,24.86,89.55,25.56,70.28,28.75,66.96,23.66,81.37,24.44,70.86,25.49,66.42,36,2016-06-09,IC,6,3,9,Thursday,False,0,0,0,0,0,0,0,0,0.0,0.0,0.0,0.0,0.0,0.0,0.0,0.0,0,False
2569,20160609_JB,29.053333333,73.06666666699999,25.373333333,76.18,25.713333333,79.4,23.226666666999996,77.606666667,28.866666666999997,67.086666667,21.226666667,80.2,28.433333333,62.186666667,27.586666667,67.82,87,2016-06-09,JB,6,3,9,Thursday,False,0,0,0,0,0,0,0,0,0.0,0.0,0.0,0.0,0.0,0.0,0.0,0.0,0,False
2570,20160609_JJ,23.55,88.9,22.05,92.3,23.35,93.55,21.6,91.85,22.5,82.45,22.75,88.55,26.75,58.25,24.25,55.75,9,2016-06-09,JJ,6,3,9,Thursday,False,0,0,0,0,0,0,0,0,0.0,0.0,0.0,0.0,0.0,0.0,0.0,0.0,0,False
2571,20160609_JN,27.927272727,80.754545455,24.986363636,82.16818181800001,24.268181818000002,86.8,22.072727273,83.927272727,24.881818181999996,75.772727273,21.063636364,89.06363636399999,26.8,65.654545455,25.940909090999998,69.495454545,50,2016-06-09,JN,6,3,9,Thursday,False,0,0,0,0,0,0,0,0,0.0,0.0,0.0,0.0,0.0,0.0,0.0,0.0,0,False
2572,20160609_SU,31.3,59.5,27.7,65.9,25.9,69.5,28.4,49.1,32.2,47.3,26.3,51.8,27.7,48.1,29.1,38.3,225,2016-06-09,SU,6,3,9,Thursday,False,0,0,0,0,0,0,0,0,0.0,0.0,0.0,0.0,0.0,0.0,0.0,0.0,0,False
2573,20160609_US,24.5,90.4,24.2,93.5,24.4,90.4,18.9,96.6,22.7,83.1,23.9,79.9,28.2,51.4,23.8,65.9,7,2016-06-09,US,6,3,9,Thursday,False,0,0,0,0,0,0,0,0,0.0,0.0,0.0,0.0,0.0,0.0,0.0,0.0,0,False
2574,20160610_BS,25.3,78.0,26.1,80.3,22.2,89.1,25.4,85.4,20.4,85.9,25.1,73.3,23.8,78.8,25.7,49.4,70,2016-06-10,BS,6,4,10,Friday,False,0,0,0,0,0,0,0,0,0.0,0.0,0.0,0.0,0.0,0.0,0.0,0.0,0,False
2575,20160610_CB,31.553333333,61.5,30.046666666999997,60.526666667,26.593333333,65.68,26.766666667,67.56,22.726666666999996,67.406666667,30.146666666999998,51.506666667,23.113333333000003,62.273333333000004,28.726666666999996,53.206666667,31,2016-06-10,CB,6,4,10,Friday,False,0,0,0,0,0,0,0,0,0.0,0.0,0.0,0.0,0.0,0.0,0.0,0.0,0,False
2576,20160610_CN,28.8375,80.315384615,29.29375,74.225,26.05,78.8875,26.325,77.1,24.1375,78.06875,29.675,66.7,21.58125,79.50625,28.01875,67.7,60,2016-06-10,CN,6,4,10,Friday,False,0,0,0,0,0,0,0,0,0.0,0.0,0.0,0.0,0.0,0.0,0.0,0.0,0,False
2577,20160610_DG,32.1,64.4,27.4,75.8,24.7,87.0,28.4,73.6,19.3,87.4,25.6,67.8,23.0,71.0,31.2,44.8,52,2016-06-10,DG,6,4,10,Friday,False,0,0,0,0,0,0,0,0,0.0,0.0,0.0,0.0,0.0,0.0,0.0,0.0,0,False
2578,20160610_DJ,31.2,67.8,30.2,65.8,27.1,72.1,26.7,75.6,24.5,73.8,30.3,59.3,22.0,77.0,29.0,60.1,30,2016-06-10,DJ,6,4,10,Friday,False,0,0,0,0,0,0,0,0,0.0,0.0,0.0,0.0,0.0,0.0,0.0,0.0,0,False
2579,20160610_GB,29.208333333000002,70.2125,27.620833333,74.704166667,23.979166666999998,84.883333333,26.566666667,76.025,20.841666667000002,82.56666666699999,26.304166666999997,65.458333333,23.608333333,65.3375,29.716666667,50.833333333,67,2016-06-10,GB,6,4,10,Friday,False,0,0,0,0,0,0,0,0,0.0,0.0,0.0,0.0,0.0,0.0,0.0,0.0,0,False
2580,20160610_GG,30.528571429,67.19,30.25952381,67.573809524,26.964285714000003,73.704761905,26.819047619000003,72.097619048,26.74047619,57.545238095,31.133333333000003,55.019047619,24.928571429,60.611904761999995,27.816666667,55.688095238,195,2016-06-10,GG,6,4,10,Friday,False,0,0,0,0,0,0,0,0,0.0,0.0,0.0,0.0,0.0,0.0,0.0,0.0,0,False
2581,20160610_GJ,29.7,75.6,29.6,75.9,26.4,75.8,25.2,85.5,22.4,86.6,26.2,75.5,22.2,86.8,28.6,61.8,40,2016-06-10,GJ,6,4,10,Friday,False,0,0,0,0,0,0,0,0,0.0,0.0,0.0,0.0,0.0,0.0,0.0,0.0,0,False
2582,20160610_GN,27.868181818000004,75.495454545,27.854545455,80.163636364,24.313636364,86.118181818,26.231818181999998,81.077272727,20.195454545,84.35,26.922727273000003,65.977272727,22.659090909,81.55909090899999,28.204545455,55.731818182,68,2016-06-10,GN,6,4,10,Friday,False,0,0,0,0,0,0,0,0,0.0,0.0,0.0,0.0,0.0,0.0,0.0,0.0,0,False
2583,20160610_GW,29.211111110999997,67.133333333,27.744444444000003,71.733333333,25.227777778000004,74.9,25.583333333000002,74.088888889,25.15,67.84444444399999,27.0,62.783333333,25.166666666999998,57.777777778,28.383333333000003,51.105555556000006,48,2016-06-10,GW,6,4,10,Friday,False,0,0,0,0,0,0,0,0,0.0,0.0,0.0,0.0,0.0,0.0,0.0,0.0,0,False
2584,20160610_IC,26.31,87.15,26.62,84.4,22.75,95.61,24.86,89.55,25.56,70.28,28.75,66.96,23.66,81.37,24.44,70.86,43,2016-06-10,IC,6,4,10,Friday,False,0,0,0,0,0,0,0,0,0.0,0.0,0.0,0.0,0.0,0.0,0.0,0.0,0,False
2585,20160610_JB,29.08,75.76,29.053333333,73.06666666699999,25.373333333,76.18,25.713333333,79.4,23.226666666999996,77.606666667,28.866666666999997,67.086666667,21.226666667,80.2,28.433333333,62.186666667,70,2016-06-10,JB,6,4,10,Friday,False,0,0,0,0,0,0,0,0,0.0,0.0,0.0,0.0,0.0,0.0,0.0,0.0,0,False
2586,20160610_JJ,25.8,80.9,23.55,88.9,22.05,92.3,23.35,93.55,21.6,91.85,22.5,82.45,22.75,88.55,26.75,58.25,21,2016-06-10,JJ,6,4,10,Friday,False,0,0,0,0,0,0,0,0,0.0,0.0,0.0,0.0,0.0,0.0,0.0,0.0,0,False
2587,20160610_JN,27.227272727,79.977272727,27.927272727,80.754545455,24.986363636,82.16818181800001,24.268181818000002,86.8,22.072727273,83.927272727,24.881818181999996,75.772727273,21.063636364,89.06363636399999,26.8,65.654545455,60,2016-06-10,JN,6,4,10,Friday,False,0,0,0,0,0,0,0,0,0.0,0.0,0.0,0.0,0.0,0.0,0.0,0.0,0,False
2588,20160610_SU,31.3,60.9,31.3,59.5,27.7,65.9,25.9,69.5,28.4,49.1,32.2,47.3,26.3,51.8,27.7,48.1,204,2016-06-10,SU,6,4,10,Friday,False,0,0,0,0,0,0,0,0,0.0,0.0,0.0,0.0,0.0,0.0,0.0,0.0,0,False
2589,20160610_US,25.8,84.6,24.5,90.4,24.2,93.5,24.4,90.4,18.9,96.6,22.7,83.1,23.9,79.9,28.2,51.4,14,2016-06-10,US,6,4,10,Friday,False,0,0,0,0,0,0,0,0,0.0,0.0,0.0,0.0,0.0,0.0,0.0,0.0,0,False
2590,20160611_BS,26.6,80.6,25.3,78.0,26.1,80.3,22.2,89.1,25.4,85.4,20.4,85.9,25.1,73.3,23.8,78.8,25,2016-06-11,BS,6,5,11,Saturday,False,0,0,0,0,0,0,0,0,0.0,0.0,0.0,0.0,0.0,0.0,0.0,0.0,0,True
2591,20160611_CB,30.013333333000002,66.953333333,31.553333333,61.5,30.046666666999997,60.526666667,26.593333333,65.68,26.766666667,67.56,22.726666666999996,67.406666667,30.146666666999998,51.506666667,23.113333333000003,62.273333333000004,10,2016-06-11,CB,6,5,11,Saturday,False,0,0,0,0,0,0,0,0,0.0,0.0,0.0,0.0,0.0,0.0,0.0,0.0,0,True
2592,20160611_CN,28.175,81.51875,28.8375,80.315384615,29.29375,74.225,26.05,78.8875,26.325,77.1,24.1375,78.06875,29.675,66.7,21.58125,79.50625,13,2016-06-11,CN,6,5,11,Saturday,False,0,0,0,0,0,0,0,0,0.0,0.0,0.0,0.0,0.0,0.0,0.0,0.0,0,True
2593,20160611_DG,31.6,64.3,32.1,64.4,27.4,75.8,24.7,87.0,28.4,73.6,19.3,87.4,25.6,67.8,23.0,71.0,15,2016-06-11,DG,6,5,11,Saturday,False,0,0,0,0,0,0,0,0,0.0,0.0,0.0,0.0,0.0,0.0,0.0,0.0,0,True
2594,20160611_DJ,29.8,71.5,31.2,67.8,30.2,65.8,27.1,72.1,26.7,75.6,24.5,73.8,30.3,59.3,22.0,77.0,12,2016-06-11,DJ,6,5,11,Saturday,False,0,0,0,0,0,0,0,0,0.0,0.0,0.0,0.0,0.0,0.0,0.0,0.0,0,True
2595,20160611_GB,30.4,71.404166667,29.208333333000002,70.2125,27.620833333,74.704166667,23.979166666999998,84.883333333,26.566666667,76.025,20.841666667000002,82.56666666699999,26.304166666999997,65.458333333,23.608333333,65.3375,17,2016-06-11,GB,6,5,11,Saturday,False,0,0,0,0,0,0,0,0,0.0,0.0,0.0,0.0,0.0,0.0,0.0,0.0,0,True
2596,20160611_GG,27.971428571,78.245238095,30.528571429,67.19,30.25952381,67.573809524,26.964285714000003,73.704761905,26.819047619000003,72.097619048,26.74047619,57.545238095,31.133333333000003,55.019047619,24.928571429,60.611904761999995,61,2016-06-11,GG,6,5,11,Saturday,False,0,0,0,0,0,0,0,0,0.0,0.0,0.0,0.0,0.0,0.0,0.0,0.0,0,True
2597,20160611_GJ,29.5,80.3,29.7,75.6,29.6,75.9,26.4,75.8,25.2,85.5,22.4,86.6,26.2,75.5,22.2,86.8,11,2016-06-11,GJ,6,5,11,Saturday,False,0,0,0,0,0,0,0,0,0.0,0.0,0.0,0.0,0.0,0.0,0.0,0.0,0,True
2598,20160611_GN,28.331818182,79.181818182,27.868181818000004,75.495454545,27.854545455,80.163636364,24.313636364,86.118181818,26.231818181999998,81.077272727,20.195454545,84.35,26.922727273000003,65.977272727,22.659090909,81.55909090899999,17,2016-06-11,GN,6,5,11,Saturday,False,0,0,0,0,0,0,0,0,0.0,0.0,0.0,0.0,0.0,0.0,0.0,0.0,0,True
2599,20160611_GW,28.133333333000003,71.85,29.211111110999997,67.133333333,27.744444444000003,71.733333333,25.227777778000004,74.9,25.583333333000002,74.088888889,25.15,67.84444444399999,27.0,62.783333333,25.166666666999998,57.777777778,7,2016-06-11,GW,6,5,11,Saturday,False,0,0,0,0,0,0,0,0,0.0,0.0,0.0,0.0,0.0,0.0,0.0,0.0,0,True
2600,20160611_IC,25.61,94.25,26.31,87.15,26.62,84.4,22.75,95.61,24.86,89.55,25.56,70.28,28.75,66.96,23.66,81.37,8,2016-06-11,IC,6,5,11,Saturday,False,0,0,0,0,0,0,0,0,0.0,0.0,0.0,0.0,0.0,0.0,0.0,0.0,0,True
2601,20160611_JB,28.833333333000002,78.546666667,29.08,75.76,29.053333333,73.06666666699999,25.373333333,76.18,25.713333333,79.4,23.226666666999996,77.606666667,28.866666666999997,67.086666667,21.226666667,80.2,28,2016-06-11,JB,6,5,11,Saturday,False,0,0,0,0,0,0,0,0,0.0,0.0,0.0,0.0,0.0,0.0,0.0,0.0,0,True
2602,20160611_JJ,26.6,87.4,25.8,80.9,23.55,88.9,22.05,92.3,23.35,93.55,21.6,91.85,22.5,82.45,22.75,88.55,4,2016-06-11,JJ,6,5,11,Saturday,False,0,0,0,0,0,0,0,0,0.0,0.0,0.0,0.0,0.0,0.0,0.0,0.0,0,True
2603,20160611_JN,27.15,84.759090909,27.227272727,79.977272727,27.927272727,80.754545455,24.986363636,82.16818181800001,24.268181818000002,86.8,22.072727273,83.927272727,24.881818181999996,75.772727273,21.063636364,89.06363636399999,23,2016-06-11,JN,6,5,11,Saturday,False,0,0,0,0,0,0,0,0,0.0,0.0,0.0,0.0,0.0,0.0,0.0,0.0,0,True
2604,20160611_SU,26.5,74.3,31.3,60.9,31.3,59.5,27.7,65.9,25.9,69.5,28.4,49.1,32.2,47.3,26.3,51.8,51,2016-06-11,SU,6,5,11,Saturday,False,0,0,0,0,0,0,0,0,0.0,0.0,0.0,0.0,0.0,0.0,0.0,0.0,0,True
2605,20160611_US,28.6,79.6,25.8,84.6,24.5,90.4,24.2,93.5,24.4,90.4,18.9,96.6,22.7,83.1,23.9,79.9,10,2016-06-11,US,6,5,11,Saturday,False,0,0,0,0,0,0,0,0,0.0,0.0,0.0,0.0,0.0,0.0,0.0,0.0,0,True
2606,20160612_BS,24.1,91.9,26.6,80.6,25.3,78.0,26.1,80.3,22.2,89.1,25.4,85.4,20.4,85.9,25.1,73.3,1,2016-06-12,BS,6,6,12,Sunday,False,0,0,0,0,0,0,0,0,0.0,0.0,0.0,0.0,0.0,0.0,0.0,0.0,0,True
2607,20160612_CB,27.306666667,78.48,30.013333333000002,66.953333333,31.553333333,61.5,30.046666666999997,60.526666667,26.593333333,65.68,26.766666667,67.56,22.726666666999996,67.406666667,30.146666666999998,51.506666667,1,2016-06-12,CB,6,6,12,Sunday,False,0,0,0,0,0,0,0,0,0.0,0.0,0.0,0.0,0.0,0.0,0.0,0.0,0,True
2608,20160612_CN,26.0625,89.225,28.175,81.51875,28.8375,80.315384615,29.29375,74.225,26.05,78.8875,26.325,77.1,24.1375,78.06875,29.675,66.7,0,2016-06-12,CN,6,6,12,Sunday,False,0,0,0,0,0,0,0,0,0.0,0.0,0.0,0.0,0.0,0.0,0.0,0.0,0,True
2609,20160612_DG,26.3,77.6,31.6,64.3,32.1,64.4,27.4,75.8,24.7,87.0,28.4,73.6,19.3,87.4,25.6,67.8,0,2016-06-12,DG,6,6,12,Sunday,False,0,0,0,0,0,0,0,0,0.0,0.0,0.0,0.0,0.0,0.0,0.0,0.0,0,True
2610,20160612_DJ,27.4,81.1,29.8,71.5,31.2,67.8,30.2,65.8,27.1,72.1,26.7,75.6,24.5,73.8,30.3,59.3,3,2016-06-12,DJ,6,6,12,Sunday,False,0,0,0,0,0,0,0,0,0.0,0.0,0.0,0.0,0.0,0.0,0.0,0.0,0,True
2611,20160612_GB,26.741666666999997,82.6375,30.4,71.404166667,29.208333333000002,70.2125,27.620833333,74.704166667,23.979166666999998,84.883333333,26.566666667,76.025,20.841666667000002,82.56666666699999,26.304166666999997,65.458333333,0,2016-06-12,GB,6,6,12,Sunday,False,0,0,0,0,0,0,0,0,0.0,0.0,0.0,0.0,0.0,0.0,0.0,0.0,0,True
2612,20160612_GG,27.485714286,83.95952381,27.971428571,78.245238095,30.528571429,67.19,30.25952381,67.573809524,26.964285714000003,73.704761905,26.819047619000003,72.097619048,26.74047619,57.545238095,31.133333333000003,55.019047619,6,2016-06-12,GG,6,6,12,Sunday,False,0,0,0,0,0,0,0,0,0.0,0.0,0.0,0.0,0.0,0.0,0.0,0.0,0,True
2613,20160612_GJ,26.5,88.1,29.5,80.3,29.7,75.6,29.6,75.9,26.4,75.8,25.2,85.5,22.4,86.6,26.2,75.5,1,2016-06-12,GJ,6,6,12,Sunday,False,0,0,0,0,0,0,0,0,0.0,0.0,0.0,0.0,0.0,0.0,0.0,0.0,0,True
2614,20160612_GN,25.590909091,89.454545455,28.331818182,79.181818182,27.868181818000004,75.495454545,27.854545455,80.163636364,24.313636364,86.118181818,26.231818181999998,81.077272727,20.195454545,84.35,26.922727273000003,65.977272727,1,2016-06-12,GN,6,6,12,Sunday,False,0,0,0,0,0,0,0,0,0.0,0.0,0.0,0.0,0.0,0.0,0.0,0.0,0,True
2615,20160612_GW,28.511111110999998,78.894444444,28.133333333000003,71.85,29.211111110999997,67.133333333,27.744444444000003,71.733333333,25.227777778000004,74.9,25.583333333000002,74.088888889,25.15,67.84444444399999,27.0,62.783333333,1,2016-06-12,GW,6,6,12,Sunday,False,0,0,0,0,0,0,0,0,0.0,0.0,0.0,0.0,0.0,0.0,0.0,0.0,0,True
2616,20160612_IC,25.15,96.64,25.61,94.25,26.31,87.15,26.62,84.4,22.75,95.61,24.86,89.55,25.56,70.28,28.75,66.96,1,2016-06-12,IC,6,6,12,Sunday,False,0,0,0,0,0,0,0,0,0.0,0.0,0.0,0.0,0.0,0.0,0.0,0.0,0,True
2617,20160612_JB,25.9,85.726666667,28.833333333000002,78.546666667,29.08,75.76,29.053333333,73.06666666699999,25.373333333,76.18,25.713333333,79.4,23.226666666999996,77.606666667,28.866666666999997,67.086666667,1,2016-06-12,JB,6,6,12,Sunday,False,0,0,0,0,0,0,0,0,0.0,0.0,0.0,0.0,0.0,0.0,0.0,0.0,0,True
2618,20160612_JJ,24.15,95.25,26.6,87.4,25.8,80.9,23.55,88.9,22.05,92.3,23.35,93.55,21.6,91.85,22.5,82.45,0,2016-06-12,JJ,6,6,12,Sunday,False,0,0,0,0,0,0,0,0,0.0,0.0,0.0,0.0,0.0,0.0,0.0,0.0,0,True
2619,20160612_JN,25.477272727,91.090909091,27.15,84.759090909,27.227272727,79.977272727,27.927272727,80.754545455,24.986363636,82.16818181800001,24.268181818000002,86.8,22.072727273,83.927272727,24.881818181999996,75.772727273,2,2016-06-12,JN,6,6,12,Sunday,False,0,0,0,0,0,0,0,0,0.0,0.0,0.0,0.0,0.0,0.0,0.0,0.0,0,True
2620,20160612_SU,26.7,79.4,26.5,74.3,31.3,60.9,31.3,59.5,27.7,65.9,25.9,69.5,28.4,49.1,32.2,47.3,2,2016-06-12,SU,6,6,12,Sunday,False,0,0,0,0,0,0,0,0,0.0,0.0,0.0,0.0,0.0,0.0,0.0,0.0,0,True
2621,20160612_US,24.6,95.6,28.6,79.6,25.8,84.6,24.5,90.4,24.2,93.5,24.4,90.4,18.9,96.6,22.7,83.1,0,2016-06-12,US,6,6,12,Sunday,False,0,0,0,0,0,0,0,0,0.0,0.0,0.0,0.0,0.0,0.0,0.0,0.0,0,True
2622,20160613_BS,25.7,86.4,24.1,91.9,26.6,80.6,25.3,78.0,26.1,80.3,22.2,89.1,25.4,85.4,20.4,85.9,98,2016-06-13,BS,6,0,13,Monday,False,0,0,0,0,0,0,0,0,0.0,0.0,0.0,0.0,0.0,0.0,0.0,0.0,0,False
2623,20160613_CB,29.193333333,67.373333333,27.306666667,78.48,30.013333333000002,66.953333333,31.553333333,61.5,30.046666666999997,60.526666667,26.593333333,65.68,26.766666667,67.56,22.726666666999996,67.406666667,39,2016-06-13,CB,6,0,13,Monday,False,0,0,0,0,0,0,0,0,0.0,0.0,0.0,0.0,0.0,0.0,0.0,0.0,0,False
2624,20160613_CN,28.15,80.09375,26.0625,89.225,28.175,81.51875,28.8375,80.315384615,29.29375,74.225,26.05,78.8875,26.325,77.1,24.1375,78.06875,68,2016-06-13,CN,6,0,13,Monday,False,0,0,0,0,0,0,0,0,0.0,0.0,0.0,0.0,0.0,0.0,0.0,0.0,0,False
2625,20160613_DG,28.3,74.6,26.3,77.6,31.6,64.3,32.1,64.4,27.4,75.8,24.7,87.0,28.4,73.6,19.3,87.4,68,2016-06-13,DG,6,0,13,Monday,False,0,0,0,0,0,0,0,0,0.0,0.0,0.0,0.0,0.0,0.0,0.0,0.0,0,False
2626,20160613_DJ,29.6,72.8,27.4,81.1,29.8,71.5,31.2,67.8,30.2,65.8,27.1,72.1,26.7,75.6,24.5,73.8,41,2016-06-13,DJ,6,0,13,Monday,False,0,0,0,0,0,0,0,0,0.0,0.0,0.0,0.0,0.0,0.0,0.0,0.0,0,False
2627,20160613_GB,27.7125,78.0,26.741666666999997,82.6375,30.4,71.404166667,29.208333333000002,70.2125,27.620833333,74.704166667,23.979166666999998,84.883333333,26.566666667,76.025,20.841666667000002,82.56666666699999,77,2016-06-13,GB,6,0,13,Monday,False,0,0,0,0,0,0,0,0,0.0,0.0,0.0,0.0,0.0,0.0,0.0,0.0,0,False
2628,20160613_GG,28.980952380999998,76.07619047600001,27.485714286,83.95952381,27.971428571,78.245238095,30.528571429,67.19,30.25952381,67.573809524,26.964285714000003,73.704761905,26.819047619000003,72.097619048,26.74047619,57.545238095,221,2016-06-13,GG,6,0,13,Monday,False,0,0,0,0,0,0,0,0,0.0,0.0,0.0,0.0,0.0,0.0,0.0,0.0,0,False
2629,20160613_GJ,30.4,78.5,26.5,88.1,29.5,80.3,29.7,75.6,29.6,75.9,26.4,75.8,25.2,85.5,22.4,86.6,38,2016-06-13,GJ,6,0,13,Monday,False,0,0,0,0,0,0,0,0,0.0,0.0,0.0,0.0,0.0,0.0,0.0,0.0,0,False
2630,20160613_GN,28.040909091,80.659090909,25.590909091,89.454545455,28.331818182,79.181818182,27.868181818000004,75.495454545,27.854545455,80.163636364,24.313636364,86.118181818,26.231818181999998,81.077272727,20.195454545,84.35,79,2016-06-13,GN,6,0,13,Monday,False,0,0,0,0,0,0,0,0,0.0,0.0,0.0,0.0,0.0,0.0,0.0,0.0,0,False
2631,20160613_GW,26.761111110999998,75.255555556,28.511111110999998,78.894444444,28.133333333000003,71.85,29.211111110999997,67.133333333,27.744444444000003,71.733333333,25.227777778000004,74.9,25.583333333000002,74.088888889,25.15,67.84444444399999,39,2016-06-13,GW,6,0,13,Monday,False,0,0,0,0,0,0,0,0,0.0,0.0,0.0,0.0,0.0,0.0,0.0,0.0,0,False
2632,20160613_IC,25.52,94.0,25.15,96.64,25.61,94.25,26.31,87.15,26.62,84.4,22.75,95.61,24.86,89.55,25.56,70.28,45,2016-06-13,IC,6,0,13,Monday,False,0,0,0,0,0,0,0,0,0.0,0.0,0.0,0.0,0.0,0.0,0.0,0.0,0,False
2633,20160613_JB,28.213333333,78.193333333,25.9,85.726666667,28.833333333000002,78.546666667,29.08,75.76,29.053333333,73.06666666699999,25.373333333,76.18,25.713333333,79.4,23.226666666999996,77.606666667,86,2016-06-13,JB,6,0,13,Monday,False,0,0,0,0,0,0,0,0,0.0,0.0,0.0,0.0,0.0,0.0,0.0,0.0,0,False
2634,20160613_JJ,24.75,89.15,24.15,95.25,26.6,87.4,25.8,80.9,23.55,88.9,22.05,92.3,23.35,93.55,21.6,91.85,15,2016-06-13,JJ,6,0,13,Monday,False,0,0,0,0,0,0,0,0,0.0,0.0,0.0,0.0,0.0,0.0,0.0,0.0,0,False
2635,20160613_JN,27.913636364000002,82.281818182,25.477272727,91.090909091,27.15,84.759090909,27.227272727,79.977272727,27.927272727,80.754545455,24.986363636,82.16818181800001,24.268181818000002,86.8,22.072727273,83.927272727,69,2016-06-13,JN,6,0,13,Monday,False,0,0,0,0,0,0,0,0,0.0,0.0,0.0,0.0,0.0,0.0,0.0,0.0,0,False
2636,20160613_SU,29.6,70.5,26.7,79.4,26.5,74.3,31.3,60.9,31.3,59.5,27.7,65.9,25.9,69.5,28.4,49.1,263,2016-06-13,SU,6,0,13,Monday,False,0,0,0,0,0,0,0,0,0.0,0.0,0.0,0.0,0.0,0.0,0.0,0.0,0,False
2637,20160613_US,24.1,93.1,24.6,95.6,28.6,79.6,25.8,84.6,24.5,90.4,24.2,93.5,24.4,90.4,18.9,96.6,18,2016-06-13,US,6,0,13,Monday,False,0,0,0,0,0,0,0,0,0.0,0.0,0.0,0.0,0.0,0.0,0.0,0.0,0,False
2638,20160614_BS,24.2,87.3,25.7,86.4,24.1,91.9,26.6,80.6,25.3,78.0,26.1,80.3,22.2,89.1,25.4,85.4,102,2016-06-14,BS,6,1,14,Tuesday,False,0,0,0,0,0,0,0,0,0.0,0.0,0.0,0.0,0.0,0.0,0.0,0.0,0,False
2639,20160614_CB,29.766666667,68.293333333,29.193333333,67.373333333,27.306666667,78.48,30.013333333000002,66.953333333,31.553333333,61.5,30.046666666999997,60.526666667,26.593333333,65.68,26.766666667,67.56,23,2016-06-14,CB,6,1,14,Tuesday,False,0,0,0,0,0,0,0,0,0.0,0.0,0.0,0.0,0.0,0.0,0.0,0.0,0,False
2640,20160614_CN,27.99375,82.3875,28.15,80.09375,26.0625,89.225,28.175,81.51875,28.8375,80.315384615,29.29375,74.225,26.05,78.8875,26.325,77.1,56,2016-06-14,CN,6,1,14,Tuesday,False,0,0,0,0,0,0,0,0,0.0,0.0,0.0,0.0,0.0,0.0,0.0,0.0,0,False
2641,20160614_DG,28.4,72.9,28.3,74.6,26.3,77.6,31.6,64.3,32.1,64.4,27.4,75.8,24.7,87.0,28.4,73.6,67,2016-06-14,DG,6,1,14,Tuesday,False,0,0,0,0,0,0,0,0,0.0,0.0,0.0,0.0,0.0,0.0,0.0,0.0,0,False
2642,20160614_DJ,30.3,73.9,29.6,72.8,27.4,81.1,29.8,71.5,31.2,67.8,30.2,65.8,27.1,72.1,26.7,75.6,40,2016-06-14,DJ,6,1,14,Tuesday,False,0,0,0,0,0,0,0,0,0.0,0.0,0.0,0.0,0.0,0.0,0.0,0.0,0,False
2643,20160614_GB,26.795833333,79.786363636,27.7125,78.0,26.741666666999997,82.6375,30.4,71.404166667,29.208333333000002,70.2125,27.620833333,74.704166667,23.979166666999998,84.883333333,26.566666667,76.025,58,2016-06-14,GB,6,1,14,Tuesday,False,0,0,0,0,0,0,0,0,0.0,0.0,0.0,0.0,0.0,0.0,0.0,0.0,0,False
2644,20160614_GG,29.183333333,70.930952381,28.980952380999998,76.07619047600001,27.485714286,83.95952381,27.971428571,78.245238095,30.528571429,67.19,30.25952381,67.573809524,26.964285714000003,73.704761905,26.819047619000003,72.097619048,241,2016-06-14,GG,6,1,14,Tuesday,False,0,0,0,0,0,0,0,0,0.0,0.0,0.0,0.0,0.0,0.0,0.0,0.0,0,False
2645,20160614_GJ,29.9,73.9,30.4,78.5,26.5,88.1,29.5,80.3,29.7,75.6,29.6,75.9,26.4,75.8,25.2,85.5,62,2016-06-14,GJ,6,1,14,Tuesday,False,0,0,0,0,0,0,0,0,0.0,0.0,0.0,0.0,0.0,0.0,0.0,0.0,0,False
2646,20160614_GN,26.781818182,79.140909091,28.040909091,80.659090909,25.590909091,89.454545455,28.331818182,79.181818182,27.868181818000004,75.495454545,27.854545455,80.163636364,24.313636364,86.118181818,26.231818181999998,81.077272727,64,2016-06-14,GN,6,1,14,Tuesday,False,0,0,0,0,0,0,0,0,0.0,0.0,0.0,0.0,0.0,0.0,0.0,0.0,0,False
2647,20160614_GW,26.627777778000002,75.888888889,26.761111110999998,75.255555556,28.511111110999998,78.894444444,28.133333333000003,71.85,29.211111110999997,67.133333333,27.744444444000003,71.733333333,25.227777778000004,74.9,25.583333333000002,74.088888889,37,2016-06-14,GW,6,1,14,Tuesday,False,0,0,0,0,0,0,0,0,0.0,0.0,0.0,0.0,0.0,0.0,0.0,0.0,0,False
2648,20160614_IC,25.22,90.38,25.52,94.0,25.15,96.64,25.61,94.25,26.31,87.15,26.62,84.4,22.75,95.61,24.86,89.55,69,2016-06-14,IC,6,1,14,Tuesday,False,0,0,0,0,0,0,0,0,0.0,0.0,0.0,0.0,0.0,0.0,0.0,0.0,0,False
2649,20160614_JB,29.193333333,76.54,28.213333333,78.193333333,25.9,85.726666667,28.833333333000002,78.546666667,29.08,75.76,29.053333333,73.06666666699999,25.373333333,76.18,25.713333333,79.4,78,2016-06-14,JB,6,1,14,Tuesday,False,0,0,0,0,0,0,0,0,0.0,0.0,0.0,0.0,0.0,0.0,0.0,0.0,0,False
2650,20160614_JJ,24.75,81.45,24.75,89.15,24.15,95.25,26.6,87.4,25.8,80.9,23.55,88.9,22.05,92.3,23.35,93.55,16,2016-06-14,JJ,6,1,14,Tuesday,False,0,0,0,0,0,0,0,0,0.0,0.0,0.0,0.0,0.0,0.0,0.0,0.0,0,False
2651,20160614_JN,27.245454545,79.41818181800001,27.913636364000002,82.281818182,25.477272727,91.090909091,27.15,84.759090909,27.227272727,79.977272727,27.927272727,80.754545455,24.986363636,82.16818181800001,24.268181818000002,86.8,64,2016-06-14,JN,6,1,14,Tuesday,False,0,0,0,0,0,0,0,0,0.0,0.0,0.0,0.0,0.0,0.0,0.0,0.0,0,False
2652,20160614_SU,29.5,62.5,29.6,70.5,26.7,79.4,26.5,74.3,31.3,60.9,31.3,59.5,27.7,65.9,25.9,69.5,248,2016-06-14,SU,6,1,14,Tuesday,False,0,0,0,0,0,0,0,0,0.0,0.0,0.0,0.0,0.0,0.0,0.0,0.0,0,False
2653,20160614_US,24.6,92.8,24.1,93.1,24.6,95.6,28.6,79.6,25.8,84.6,24.5,90.4,24.2,93.5,24.4,90.4,14,2016-06-14,US,6,1,14,Tuesday,False,0,0,0,0,0,0,0,0,0.0,0.0,0.0,0.0,0.0,0.0,0.0,0.0,0,False
2654,20160615_BS,24.2,85.4,24.2,87.3,25.7,86.4,24.1,91.9,26.6,80.6,25.3,78.0,26.1,80.3,22.2,89.1,84,2016-06-15,BS,6,2,15,Wednesday,False,0,0,0,0,0,0,0,0,0.0,0.0,0.0,0.0,0.0,0.0,0.0,0.0,0,False
2655,20160615_CB,25.94,77.62,29.766666667,68.293333333,29.193333333,67.373333333,27.306666667,78.48,30.013333333000002,66.953333333,31.553333333,61.5,30.046666666999997,60.526666667,26.593333333,65.68,29,2016-06-15,CB,6,2,15,Wednesday,False,0,0,0,0,0,0,0,0,0.0,0.0,0.0,0.0,0.0,0.0,0.0,0.0,0,False
2656,20160615_CN,25.3375,87.34375,27.99375,82.3875,28.15,80.09375,26.0625,89.225,28.175,81.51875,28.8375,80.315384615,29.29375,74.225,26.05,78.8875,60,2016-06-15,CN,6,2,15,Wednesday,False,0,0,0,0,0,0,0,0,0.0,0.0,0.0,0.0,0.0,0.0,0.0,0.0,0,False
2657,20160615_DG,25.6,69.1,28.4,72.9,28.3,74.6,26.3,77.6,31.6,64.3,32.1,64.4,27.4,75.8,24.7,87.0,58,2016-06-15,DG,6,2,15,Wednesday,False,0,0,0,0,0,0,0,0,0.0,0.0,0.0,0.0,0.0,0.0,0.0,0.0,0,False
2658,20160615_DJ,26.1,81.9,30.3,73.9,29.6,72.8,27.4,81.1,29.8,71.5,31.2,67.8,30.2,65.8,27.1,72.1,34,2016-06-15,DJ,6,2,15,Wednesday,False,0,0,0,0,0,0,0,0,0.0,0.0,0.0,0.0,0.0,0.0,0.0,0.0,0,False
2659,20160615_GB,24.804166666999997,79.4,26.795833333,79.786363636,27.7125,78.0,26.741666666999997,82.6375,30.4,71.404166667,29.208333333000002,70.2125,27.620833333,74.704166667,23.979166666999998,84.883333333,64,2016-06-15,GB,6,2,15,Wednesday,False,0,0,0,0,0,0,0,0,0.0,0.0,0.0,0.0,0.0,0.0,0.0,0.0,0,False
2660,20160615_GG,24.95,86.288095238,29.183333333,70.930952381,28.980952380999998,76.07619047600001,27.485714286,83.95952381,27.971428571,78.245238095,30.528571429,67.19,30.25952381,67.573809524,26.964285714000003,73.704761905,196,2016-06-15,GG,6,2,15,Wednesday,False,0,0,0,0,0,0,0,0,0.0,0.0,0.0,0.0,0.0,0.0,0.0,0.0,0,False
2661,20160615_GJ,25.3,84.0,29.9,73.9,30.4,78.5,26.5,88.1,29.5,80.3,29.7,75.6,29.6,75.9,26.4,75.8,35,2016-06-15,GJ,6,2,15,Wednesday,False,0,0,0,0,0,0,0,0,0.0,0.0,0.0,0.0,0.0,0.0,0.0,0.0,0,False
2662,20160615_GN,25.095454545,82.540909091,26.781818182,79.140909091,28.040909091,80.659090909,25.590909091,89.454545455,28.331818182,79.181818182,27.868181818000004,75.495454545,27.854545455,80.163636364,24.313636364,86.118181818,62,2016-06-15,GN,6,2,15,Wednesday,False,0,0,0,0,0,0,0,0,0.0,0.0,0.0,0.0,0.0,0.0,0.0,0.0,0,False
2663,20160615_GW,24.133333333000003,87.144444444,26.627777778000002,75.888888889,26.761111110999998,75.255555556,28.511111110999998,78.894444444,28.133333333000003,71.85,29.211111110999997,67.133333333,27.744444444000003,71.733333333,25.227777778000004,74.9,42,2016-06-15,GW,6,2,15,Wednesday,False,0,0,0,0,0,0,0,0,0.0,0.0,0.0,0.0,0.0,0.0,0.0,0.0,0,False
2664,20160615_IC,22.96,94.65,25.22,90.38,25.52,94.0,25.15,96.64,25.61,94.25,26.31,87.15,26.62,84.4,22.75,95.61,39,2016-06-15,IC,6,2,15,Wednesday,False,0,0,0,0,0,0,0,0,0.0,0.0,0.0,0.0,0.0,0.0,0.0,0.0,0,False
2665,20160615_JB,25.433333333,79.04,29.193333333,76.54,28.213333333,78.193333333,25.9,85.726666667,28.833333333000002,78.546666667,29.08,75.76,29.053333333,73.06666666699999,25.373333333,76.18,55,2016-06-15,JB,6,2,15,Wednesday,False,0,0,0,0,0,0,0,0,0.0,0.0,0.0,0.0,0.0,0.0,0.0,0.0,0,False
2666,20160615_JJ,25.4,81.65,24.75,81.45,24.75,89.15,24.15,95.25,26.6,87.4,25.8,80.9,23.55,88.9,22.05,92.3,13,2016-06-15,JJ,6,2,15,Wednesday,False,0,0,0,0,0,0,0,0,0.0,0.0,0.0,0.0,0.0,0.0,0.0,0.0,0,False
2667,20160615_JN,24.813636364,86.05,27.245454545,79.41818181800001,27.913636364000002,82.281818182,25.477272727,91.090909091,27.15,84.759090909,27.227272727,79.977272727,27.927272727,80.754545455,24.986363636,82.16818181800001,50,2016-06-15,JN,6,2,15,Wednesday,False,0,0,0,0,0,0,0,0,0.0,0.0,0.0,0.0,0.0,0.0,0.0,0.0,0,False
2668,20160615_SU,24.5,81.8,29.5,62.5,29.6,70.5,26.7,79.4,26.5,74.3,31.3,60.9,31.3,59.5,27.7,65.9,214,2016-06-15,SU,6,2,15,Wednesday,False,0,0,0,0,0,0,0,0,0.0,0.0,0.0,0.0,0.0,0.0,0.0,0.0,0,False
2669,20160615_US,25.4,83.9,24.6,92.8,24.1,93.1,24.6,95.6,28.6,79.6,25.8,84.6,24.5,90.4,24.2,93.5,12,2016-06-15,US,6,2,15,Wednesday,False,0,0,0,0,0,0,0,0,0.0,0.0,0.0,0.0,0.0,0.0,0.0,0.0,0,False
2670,20160616_BS,26.4,81.4,24.2,85.4,24.2,87.3,25.7,86.4,24.1,91.9,26.6,80.6,25.3,78.0,26.1,80.3,80,2016-06-16,BS,6,3,16,Thursday,False,0,0,0,0,0,0,0,0,0.0,0.0,0.0,0.0,0.0,0.0,0.0,0.0,0,False
2671,20160616_CB,25.346666666999997,72.74,25.94,77.62,29.766666667,68.293333333,29.193333333,67.373333333,27.306666667,78.48,30.013333333000002,66.953333333,31.553333333,61.5,30.046666666999997,60.526666667,35,2016-06-16,CB,6,3,16,Thursday,False,0,0,0,0,0,0,0,0,0.0,0.0,0.0,0.0,0.0,0.0,0.0,0.0,0,False
2672,20160616_CN,25.0,82.96875,25.3375,87.34375,27.99375,82.3875,28.15,80.09375,26.0625,89.225,28.175,81.51875,28.8375,80.315384615,29.29375,74.225,57,2016-06-16,CN,6,3,16,Thursday,False,0,0,0,0,0,0,0,0,0.0,0.0,0.0,0.0,0.0,0.0,0.0,0.0,0,False
2673,20160616_DG,28.9,63.1,25.6,69.1,28.4,72.9,28.3,74.6,26.3,77.6,31.6,64.3,32.1,64.4,27.4,75.8,46,2016-06-16,DG,6,3,16,Thursday,False,0,0,0,0,0,0,0,0,0.0,0.0,0.0,0.0,0.0,0.0,0.0,0.0,0,False
2674,20160616_DJ,25.8,79.6,26.1,81.9,30.3,73.9,29.6,72.8,27.4,81.1,29.8,71.5,31.2,67.8,30.2,65.8,34,2016-06-16,DJ,6,3,16,Thursday,False,0,0,0,0,0,0,0,0,0.0,0.0,0.0,0.0,0.0,0.0,0.0,0.0,0,False
2675,20160616_GB,27.720833333,69.56666666699999,24.804166666999997,79.4,26.795833333,79.786363636,27.7125,78.0,26.741666666999997,82.6375,30.4,71.404166667,29.208333333000002,70.2125,27.620833333,74.704166667,61,2016-06-16,GB,6,3,16,Thursday,False,0,0,0,0,0,0,0,0,0.0,0.0,0.0,0.0,0.0,0.0,0.0,0.0,0,False
2676,20160616_GG,25.171428571,79.035714286,24.95,86.288095238,29.183333333,70.930952381,28.980952380999998,76.07619047600001,27.485714286,83.95952381,27.971428571,78.245238095,30.528571429,67.19,30.25952381,67.573809524,199,2016-06-16,GG,6,3,16,Thursday,False,0,0,0,0,0,0,0,0,0.0,0.0,0.0,0.0,0.0,0.0,0.0,0.0,0,False
2677,20160616_GJ,24.6,83.4,25.3,84.0,29.9,73.9,30.4,78.5,26.5,88.1,29.5,80.3,29.7,75.6,29.6,75.9,40,2016-06-16,GJ,6,3,16,Thursday,False,0,0,0,0,0,0,0,0,0.0,0.0,0.0,0.0,0.0,0.0,0.0,0.0,0,False
2678,20160616_GN,28.3,72.995454545,25.095454545,82.540909091,26.781818182,79.140909091,28.040909091,80.659090909,25.590909091,89.454545455,28.331818182,79.181818182,27.868181818000004,75.495454545,27.854545455,80.163636364,56,2016-06-16,GN,6,3,16,Thursday,False,0,0,0,0,0,0,0,0,0.0,0.0,0.0,0.0,0.0,0.0,0.0,0.0,0,False
2679,20160616_GW,25.094444444,73.238888889,24.133333333000003,87.144444444,26.627777778000002,75.888888889,26.761111110999998,75.255555556,28.511111110999998,78.894444444,28.133333333000003,71.85,29.211111110999997,67.133333333,27.744444444000003,71.733333333,45,2016-06-16,GW,6,3,16,Thursday,False,0,0,0,0,0,0,0,0,0.0,0.0,0.0,0.0,0.0,0.0,0.0,0.0,0,False
2680,20160616_IC,22.65,95.46,22.96,94.65,25.22,90.38,25.52,94.0,25.15,96.64,25.61,94.25,26.31,87.15,26.62,84.4,53,2016-06-16,IC,6,3,16,Thursday,False,0,0,0,0,0,0,0,0,0.0,0.0,0.0,0.0,0.0,0.0,0.0,0.0,0,False
2681,20160616_JB,24.46,80.28666666699999,25.433333333,79.04,29.193333333,76.54,28.213333333,78.193333333,25.9,85.726666667,28.833333333000002,78.546666667,29.08,75.76,29.053333333,73.06666666699999,72,2016-06-16,JB,6,3,16,Thursday,False,0,0,0,0,0,0,0,0,0.0,0.0,0.0,0.0,0.0,0.0,0.0,0.0,0,False
2682,20160616_JJ,24.9,82.4,25.4,81.65,24.75,81.45,24.75,89.15,24.15,95.25,26.6,87.4,25.8,80.9,23.55,88.9,13,2016-06-16,JJ,6,3,16,Thursday,False,0,0,0,0,0,0,0,0,0.0,0.0,0.0,0.0,0.0,0.0,0.0,0.0,0,False
2683,20160616_JN,24.445454545,82.572727273,24.813636364,86.05,27.245454545,79.41818181800001,27.913636364000002,82.281818182,25.477272727,91.090909091,27.15,84.759090909,27.227272727,79.977272727,27.927272727,80.754545455,59,2016-06-16,JN,6,3,16,Thursday,False,0,0,0,0,0,0,0,0,0.0,0.0,0.0,0.0,0.0,0.0,0.0,0.0,0,False
2684,20160616_SU,24.9,73.5,24.5,81.8,29.5,62.5,29.6,70.5,26.7,79.4,26.5,74.3,31.3,60.9,31.3,59.5,241,2016-06-16,SU,6,3,16,Thursday,False,0,0,0,0,0,0,0,0,0.0,0.0,0.0,0.0,0.0,0.0,0.0,0.0,0,False
2685,20160616_US,28.4,78.0,25.4,83.9,24.6,92.8,24.1,93.1,24.6,95.6,28.6,79.6,25.8,84.6,24.5,90.4,9,2016-06-16,US,6,3,16,Thursday,False,0,0,0,0,0,0,0,0,0.0,0.0,0.0,0.0,0.0,0.0,0.0,0.0,0,False
2686,20160617_BS,28.6,67.6,26.4,81.4,24.2,85.4,24.2,87.3,25.7,86.4,24.1,91.9,26.6,80.6,25.3,78.0,86,2016-06-17,BS,6,4,17,Friday,False,0,0,0,0,0,0,0,0,0.0,0.0,0.0,0.0,0.0,0.0,0.0,0.0,0,False
2687,20160617_CB,29.053333333,61.44,25.346666666999997,72.74,25.94,77.62,29.766666667,68.293333333,29.193333333,67.373333333,27.306666667,78.48,30.013333333000002,66.953333333,31.553333333,61.5,34,2016-06-17,CB,6,4,17,Friday,False,0,0,0,0,0,0,0,0,0.0,0.0,0.0,0.0,0.0,0.0,0.0,0.0,0,False
2688,20160617_CN,27.66875,76.40625,25.0,82.96875,25.3375,87.34375,27.99375,82.3875,28.15,80.09375,26.0625,89.225,28.175,81.51875,28.8375,80.315384615,55,2016-06-17,CN,6,4,17,Friday,False,0,0,0,0,0,0,0,0,0.0,0.0,0.0,0.0,0.0,0.0,0.0,0.0,0,False
2689,20160617_DG,32.0,51.0,28.9,63.1,25.6,69.1,28.4,72.9,28.3,74.6,26.3,77.6,31.6,64.3,32.1,64.4,58,2016-06-17,DG,6,4,17,Friday,False,0,0,0,0,0,0,0,0,0.0,0.0,0.0,0.0,0.0,0.0,0.0,0.0,0,False
2690,20160617_DJ,29.3,67.3,25.8,79.6,26.1,81.9,30.3,73.9,29.6,72.8,27.4,81.1,29.8,71.5,31.2,67.8,32,2016-06-17,DJ,6,4,17,Friday,False,0,0,0,0,0,0,0,0,0.0,0.0,0.0,0.0,0.0,0.0,0.0,0.0,0,False
2691,20160617_GB,30.641666667,57.829166666999996,27.720833333,69.56666666699999,24.804166666999997,79.4,26.795833333,79.786363636,27.7125,78.0,26.741666666999997,82.6375,30.4,71.404166667,29.208333333000002,70.2125,69,2016-06-17,GB,6,4,17,Friday,False,0,0,0,0,0,0,0,0,0.0,0.0,0.0,0.0,0.0,0.0,0.0,0.0,0,False
2692,20160617_GG,28.873809524000002,68.985714286,25.171428571,79.035714286,24.95,86.288095238,29.183333333,70.930952381,28.980952380999998,76.07619047600001,27.485714286,83.95952381,27.971428571,78.245238095,30.528571429,67.19,168,2016-06-17,GG,6,4,17,Friday,False,0,0,0,0,0,0,0,0,0.0,0.0,0.0,0.0,0.0,0.0,0.0,0.0,0,False
2693,20160617_GJ,30.4,69.6,24.6,83.4,25.3,84.0,29.9,73.9,30.4,78.5,26.5,88.1,29.5,80.3,29.7,75.6,26,2016-06-17,GJ,6,4,17,Friday,False,0,0,0,0,0,0,0,0,0.0,0.0,0.0,0.0,0.0,0.0,0.0,0.0,0,False
2694,20160617_GN,30.659090909,64.536363636,28.3,72.995454545,25.095454545,82.540909091,26.781818182,79.140909091,28.040909091,80.659090909,25.590909091,89.454545455,28.331818182,79.181818182,27.868181818000004,75.495454545,61,2016-06-17,GN,6,4,17,Friday,False,0,0,0,0,0,0,0,0,0.0,0.0,0.0,0.0,0.0,0.0,0.0,0.0,0,False
2695,20160617_GW,29.255555555999997,58.5,25.094444444,73.238888889,24.133333333000003,87.144444444,26.627777778000002,75.888888889,26.761111110999998,75.255555556,28.511111110999998,78.894444444,28.133333333000003,71.85,29.211111110999997,67.133333333,37,2016-06-17,GW,6,4,17,Friday,False,0,0,0,0,0,0,0,0,0.0,0.0,0.0,0.0,0.0,0.0,0.0,0.0,0,False
2696,20160617_IC,26.07,87.87,22.65,95.46,22.96,94.65,25.22,90.38,25.52,94.0,25.15,96.64,25.61,94.25,26.31,87.15,38,2016-06-17,IC,6,4,17,Friday,False,0,0,0,0,0,0,0,0,0.0,0.0,0.0,0.0,0.0,0.0,0.0,0.0,0,False
2697,20160617_JB,29.653333333000003,69.226666667,24.46,80.28666666699999,25.433333333,79.04,29.193333333,76.54,28.213333333,78.193333333,25.9,85.726666667,28.833333333000002,78.546666667,29.08,75.76,80,2016-06-17,JB,6,4,17,Friday,False,0,0,0,0,0,0,0,0,0.0,0.0,0.0,0.0,0.0,0.0,0.0,0.0,0,False
2698,20160617_JJ,25.15,81.5,24.9,82.4,25.4,81.65,24.75,81.45,24.75,89.15,24.15,95.25,26.6,87.4,25.8,80.9,14,2016-06-17,JJ,6,4,17,Friday,False,0,0,0,0,0,0,0,0,0.0,0.0,0.0,0.0,0.0,0.0,0.0,0.0,0,False
2699,20160617_JN,28.55,74.759090909,24.445454545,82.572727273,24.813636364,86.05,27.245454545,79.41818181800001,27.913636364000002,82.281818182,25.477272727,91.090909091,27.15,84.759090909,27.227272727,79.977272727,47,2016-06-17,JN,6,4,17,Friday,False,0,0,0,0,0,0,0,0,0.0,0.0,0.0,0.0,0.0,0.0,0.0,0.0,0,False
2700,20160617_SU,29.1,63.1,24.9,73.5,24.5,81.8,29.5,62.5,29.6,70.5,26.7,79.4,26.5,74.3,31.3,60.9,187,2016-06-17,SU,6,4,17,Friday,False,0,0,0,0,0,0,0,0,0.0,0.0,0.0,0.0,0.0,0.0,0.0,0.0,0,False
2701,20160617_US,30.8,63.5,28.4,78.0,25.4,83.9,24.6,92.8,24.1,93.1,24.6,95.6,28.6,79.6,25.8,84.6,14,2016-06-17,US,6,4,17,Friday,False,0,0,0,0,0,0,0,0,0.0,0.0,0.0,0.0,0.0,0.0,0.0,0.0,0,False
2702,20160618_BS,25.5,80.5,28.6,67.6,26.4,81.4,24.2,85.4,24.2,87.3,25.7,86.4,24.1,91.9,26.6,80.6,22,2016-06-18,BS,6,5,18,Saturday,False,0,0,0,0,0,0,0,0,0.0,0.0,0.0,0.0,0.0,0.0,0.0,0.0,0,True
2703,20160618_CB,31.233333333,60.26,29.053333333,61.44,25.346666666999997,72.74,25.94,77.62,29.766666667,68.293333333,29.193333333,67.373333333,27.306666667,78.48,30.013333333000002,66.953333333,8,2016-06-18,CB,6,5,18,Saturday,False,0,0,0,0,0,0,0,0,0.0,0.0,0.0,0.0,0.0,0.0,0.0,0.0,0,True
2704,20160618_CN,29.0625,76.34375,27.66875,76.40625,25.0,82.96875,25.3375,87.34375,27.99375,82.3875,28.15,80.09375,26.0625,89.225,28.175,81.51875,16,2016-06-18,CN,6,5,18,Saturday,False,0,0,0,0,0,0,0,0,0.0,0.0,0.0,0.0,0.0,0.0,0.0,0.0,0,True
2705,20160618_DG,33.5,52.3,32.0,51.0,28.9,63.1,25.6,69.1,28.4,72.9,28.3,74.6,26.3,77.6,31.6,64.3,16,2016-06-18,DG,6,5,18,Saturday,False,1,0,0,0,0,0,0,0,0.5,0.0,0.0,0.0,0.0,0.0,0.0,0.0,0,True
2706,20160618_DJ,31.0,66.6,29.3,67.3,25.8,79.6,26.1,81.9,30.3,73.9,29.6,72.8,27.4,81.1,29.8,71.5,14,2016-06-18,DJ,6,5,18,Saturday,False,0,0,0,0,0,0,0,0,0.0,0.0,0.0,0.0,0.0,0.0,0.0,0.0,0,True
2707,20160618_GB,31.616666666999997,58.870833333,30.641666667,57.829166666999996,27.720833333,69.56666666699999,24.804166666999997,79.4,26.795833333,79.786363636,27.7125,78.0,26.741666666999997,82.6375,30.4,71.404166667,22,2016-06-18,GB,6,5,18,Saturday,False,0,0,0,0,0,0,0,0,0.0,0.0,0.0,0.0,0.0,0.0,0.0,0.0,0,True
2708,20160618_GG,29.445238095,67.488095238,28.873809524000002,68.985714286,25.171428571,79.035714286,24.95,86.288095238,29.183333333,70.930952381,28.980952380999998,76.07619047600001,27.485714286,83.95952381,27.971428571,78.245238095,51,2016-06-18,GG,6,5,18,Saturday,False,0,0,0,0,0,0,0,0,0.0,0.0,0.0,0.0,0.0,0.0,0.0,0.0,0,True
2709,20160618_GJ,30.3,74.5,30.4,69.6,24.6,83.4,25.3,84.0,29.9,73.9,30.4,78.5,26.5,88.1,29.5,80.3,9,2016-06-18,GJ,6,5,18,Saturday,False,0,0,0,0,0,0,0,0,0.0,0.0,0.0,0.0,0.0,0.0,0.0,0.0,0,True
2710,20160618_GN,28.831818182,74.618181818,30.659090909,64.536363636,28.3,72.995454545,25.095454545,82.540909091,26.781818182,79.140909091,28.040909091,80.659090909,25.590909091,89.454545455,28.331818182,79.181818182,27,2016-06-18,GN,6,5,18,Saturday,False,0,0,0,0,0,0,0,0,0.0,0.0,0.0,0.0,0.0,0.0,0.0,0.0,0,True
2711,20160618_GW,30.411111111,63.061111111,29.255555555999997,58.5,25.094444444,73.238888889,24.133333333000003,87.144444444,26.627777778000002,75.888888889,26.761111110999998,75.255555556,28.511111110999998,78.894444444,28.133333333000003,71.85,7,2016-06-18,GW,6,5,18,Saturday,False,0,0,0,0,0,0,0,0,0.0,0.0,0.0,0.0,0.0,0.0,0.0,0.0,0,True
2712,20160618_IC,24.57,91.42,26.07,87.87,22.65,95.46,22.96,94.65,25.22,90.38,25.52,94.0,25.15,96.64,25.61,94.25,19,2016-06-18,IC,6,5,18,Saturday,False,0,0,0,0,0,0,0,0,0.0,0.0,0.0,0.0,0.0,0.0,0.0,0.0,0,True
2713,20160618_JB,30.28,69.54,29.653333333000003,69.226666667,24.46,80.28666666699999,25.433333333,79.04,29.193333333,76.54,28.213333333,78.193333333,25.9,85.726666667,28.833333333000002,78.546666667,19,2016-06-18,JB,6,5,18,Saturday,False,0,0,0,0,0,0,0,0,0.0,0.0,0.0,0.0,0.0,0.0,0.0,0.0,0,True
2714,20160618_JJ,24.6,85.45,25.15,81.5,24.9,82.4,25.4,81.65,24.75,81.45,24.75,89.15,24.15,95.25,26.6,87.4,2,2016-06-18,JJ,6,5,18,Saturday,False,0,0,0,0,0,0,0,0,0.0,0.0,0.0,0.0,0.0,0.0,0.0,0.0,0,True
2715,20160618_JN,27.945454545,81.01363636399999,28.55,74.759090909,24.445454545,82.572727273,24.813636364,86.05,27.245454545,79.41818181800001,27.913636364000002,82.281818182,25.477272727,91.090909091,27.15,84.759090909,16,2016-06-18,JN,6,5,18,Saturday,False,0,0,0,0,0,0,0,0,0.0,0.0,0.0,0.0,0.0,0.0,0.0,0.0,0,True
2716,20160618_SU,29.9,58.0,29.1,63.1,24.9,73.5,24.5,81.8,29.5,62.5,29.6,70.5,26.7,79.4,26.5,74.3,56,2016-06-18,SU,6,5,18,Saturday,False,0,0,0,0,0,0,0,0,0.0,0.0,0.0,0.0,0.0,0.0,0.0,0.0,0,True
2717,20160618_US,29.0,67.4,30.8,63.5,28.4,78.0,25.4,83.9,24.6,92.8,24.1,93.1,24.6,95.6,28.6,79.6,4,2016-06-18,US,6,5,18,Saturday,False,0,0,0,0,0,0,0,0,0.0,0.0,0.0,0.0,0.0,0.0,0.0,0.0,0,True
2718,20160619_BS,28.6,88.4,25.5,80.5,28.6,67.6,26.4,81.4,24.2,85.4,24.2,87.3,25.7,86.4,24.1,91.9,1,2016-06-19,BS,6,6,19,Sunday,False,0,0,0,0,0,0,0,0,0.0,0.0,0.0,0.0,0.0,0.0,0.0,0.0,0,True
2719,20160619_CB,30.186666666999997,60.893333333,31.233333333,60.26,29.053333333,61.44,25.346666666999997,72.74,25.94,77.62,29.766666667,68.293333333,29.193333333,67.373333333,27.306666667,78.48,0,2016-06-19,CB,6,6,19,Sunday,False,0,0,0,0,0,0,0,0,0.0,0.0,0.0,0.0,0.0,0.0,0.0,0.0,0,True
2720,20160619_CN,28.44375,77.5875,29.0625,76.34375,27.66875,76.40625,25.0,82.96875,25.3375,87.34375,27.99375,82.3875,28.15,80.09375,26.0625,89.225,1,2016-06-19,CN,6,6,19,Sunday,False,0,0,0,0,0,0,0,0,0.0,0.0,0.0,0.0,0.0,0.0,0.0,0.0,0,True
2721,20160619_DG,32.6,59.6,33.5,52.3,32.0,51.0,28.9,63.1,25.6,69.1,28.4,72.9,28.3,74.6,26.3,77.6,1,2016-06-19,DG,6,6,19,Sunday,False,0,1,0,0,0,0,0,0,0.0,0.5,0.0,0.0,0.0,0.0,0.0,0.0,0,True
2722,20160619_DJ,30.1,63.8,31.0,66.6,29.3,67.3,25.8,79.6,26.1,81.9,30.3,73.9,29.6,72.8,27.4,81.1,0,2016-06-19,DJ,6,6,19,Sunday,False,0,0,0,0,0,0,0,0,0.0,0.0,0.0,0.0,0.0,0.0,0.0,0.0,0,True
2723,20160619_GB,30.066666667,68.125,31.616666666999997,58.870833333,30.641666667,57.829166666999996,27.720833333,69.56666666699999,24.804166666999997,79.4,26.795833333,79.786363636,27.7125,78.0,26.741666666999997,82.6375,2,2016-06-19,GB,6,6,19,Sunday,False,0,0,0,0,0,0,0,0,0.0,0.0,0.0,0.0,0.0,0.0,0.0,0.0,0,True
2724,20160619_GG,29.071428571,70.930952381,29.445238095,67.488095238,28.873809524000002,68.985714286,25.171428571,79.035714286,24.95,86.288095238,29.183333333,70.930952381,28.980952380999998,76.07619047600001,27.485714286,83.95952381,10,2016-06-19,GG,6,6,19,Sunday,False,0,0,0,0,0,0,0,0,0.0,0.0,0.0,0.0,0.0,0.0,0.0,0.0,0,True
2725,20160619_GJ,31.5,75.9,30.3,74.5,30.4,69.6,24.6,83.4,25.3,84.0,29.9,73.9,30.4,78.5,26.5,88.1,0,2016-06-19,GJ,6,6,19,Sunday,False,0,0,0,0,0,0,0,0,0.0,0.0,0.0,0.0,0.0,0.0,0.0,0.0,0,True
2726,20160619_GN,30.509090909,79.077272727,28.831818182,74.618181818,30.659090909,64.536363636,28.3,72.995454545,25.095454545,82.540909091,26.781818182,79.140909091,28.040909091,80.659090909,25.590909091,89.454545455,1,2016-06-19,GN,6,6,19,Sunday,False,0,0,0,0,0,0,0,0,0.0,0.0,0.0,0.0,0.0,0.0,0.0,0.0,0,True
2727,20160619_GW,26.966666667,72.661111111,30.411111111,63.061111111,29.255555555999997,58.5,25.094444444,73.238888889,24.133333333000003,87.144444444,26.627777778000002,75.888888889,26.761111110999998,75.255555556,28.511111110999998,78.894444444,2,2016-06-19,GW,6,6,19,Sunday,False,0,0,0,0,0,0,0,0,0.0,0.0,0.0,0.0,0.0,0.0,0.0,0.0,0,True
2728,20160619_IC,26.69,91.38,24.57,91.42,26.07,87.87,22.65,95.46,22.96,94.65,25.22,90.38,25.52,94.0,25.15,96.64,0,2016-06-19,IC,6,6,19,Sunday,False,0,0,0,0,0,0,0,0,0.0,0.0,0.0,0.0,0.0,0.0,0.0,0.0,0,True
2729,20160619_JB,29.133333333000003,74.1,30.28,69.54,29.653333333000003,69.226666667,24.46,80.28666666699999,25.433333333,79.04,29.193333333,76.54,28.213333333,78.193333333,25.9,85.726666667,2,2016-06-19,JB,6,6,19,Sunday,False,0,0,0,0,0,0,0,0,0.0,0.0,0.0,0.0,0.0,0.0,0.0,0.0,0,True
2730,20160619_JJ,27.0,90.25,24.6,85.45,25.15,81.5,24.9,82.4,25.4,81.65,24.75,81.45,24.75,89.15,24.15,95.25,0,2016-06-19,JJ,6,6,19,Sunday,False,0,0,0,0,0,0,0,0,0.0,0.0,0.0,0.0,0.0,0.0,0.0,0.0,0,True
2731,20160619_JN,29.459090909,83.4,27.945454545,81.01363636399999,28.55,74.759090909,24.445454545,82.572727273,24.813636364,86.05,27.245454545,79.41818181800001,27.913636364000002,82.281818182,25.477272727,91.090909091,2,2016-06-19,JN,6,6,19,Sunday,False,0,0,0,0,0,0,0,0,0.0,0.0,0.0,0.0,0.0,0.0,0.0,0.0,0,True
2732,20160619_SU,29.3,64.5,29.9,58.0,29.1,63.1,24.9,73.5,24.5,81.8,29.5,62.5,29.6,70.5,26.7,79.4,10,2016-06-19,SU,6,6,19,Sunday,False,0,0,0,0,0,0,0,0,0.0,0.0,0.0,0.0,0.0,0.0,0.0,0.0,0,True
2733,20160619_US,31.0,76.8,29.0,67.4,30.8,63.5,28.4,78.0,25.4,83.9,24.6,92.8,24.1,93.1,24.6,95.6,0,2016-06-19,US,6,6,19,Sunday,False,0,0,0,0,0,0,0,0,0.0,0.0,0.0,0.0,0.0,0.0,0.0,0.0,0,True
2734,20160620_BS,28.7,88.1,28.6,88.4,25.5,80.5,28.6,67.6,26.4,81.4,24.2,85.4,24.2,87.3,25.7,86.4,77,2016-06-20,BS,6,0,20,Monday,False,0,0,0,0,0,0,0,0,0.0,0.0,0.0,0.0,0.0,0.0,0.0,0.0,0,False
2735,20160620_CB,30.433333333,65.22,30.186666666999997,60.893333333,31.233333333,60.26,29.053333333,61.44,25.346666666999997,72.74,25.94,77.62,29.766666667,68.293333333,29.193333333,67.373333333,32,2016-06-20,CB,6,0,20,Monday,False,0,0,0,0,0,0,0,0,0.0,0.0,0.0,0.0,0.0,0.0,0.0,0.0,0,False
2736,20160620_CN,29.16875,82.80625,28.44375,77.5875,29.0625,76.34375,27.66875,76.40625,25.0,82.96875,25.3375,87.34375,27.99375,82.3875,28.15,80.09375,64,2016-06-20,CN,6,0,20,Monday,False,0,0,0,0,0,0,0,0,0.0,0.0,0.0,0.0,0.0,0.0,0.0,0.0,0,False
2737,20160620_DG,31.5,61.9,32.6,59.6,33.5,52.3,32.0,51.0,28.9,63.1,25.6,69.1,28.4,72.9,28.3,74.6,69,2016-06-20,DG,6,0,20,Monday,False,0,0,1,0,0,0,0,0,0.0,0.0,0.5,0.0,0.0,0.0,0.0,0.0,0,False
2738,20160620_DJ,29.5,77.4,30.1,63.8,31.0,66.6,29.3,67.3,25.8,79.6,26.1,81.9,30.3,73.9,29.6,72.8,38,2016-06-20,DJ,6,0,20,Monday,False,0,0,0,0,0,0,0,0,0.0,0.0,0.0,0.0,0.0,0.0,0.0,0.0,0,False
2739,20160620_GB,30.658333333,69.054166667,30.066666667,68.125,31.616666666999997,58.870833333,30.641666667,57.829166666999996,27.720833333,69.56666666699999,24.804166666999997,79.4,26.795833333,79.786363636,27.7125,78.0,82,2016-06-20,GB,6,0,20,Monday,False,0,0,0,0,0,0,0,0,0.0,0.0,0.0,0.0,0.0,0.0,0.0,0.0,0,False
2740,20160620_GG,30.219047619,70.32619047600001,29.071428571,70.930952381,29.445238095,67.488095238,28.873809524000002,68.985714286,25.171428571,79.035714286,24.95,86.288095238,29.183333333,70.930952381,28.980952380999998,76.07619047600001,217,2016-06-20,GG,6,0,20,Monday,False,0,0,0,0,0,0,0,0,0.0,0.0,0.0,0.0,0.0,0.0,0.0,0.0,0,False
2741,20160620_GJ,24.4,97.1,31.5,75.9,30.3,74.5,30.4,69.6,24.6,83.4,25.3,84.0,29.9,73.9,30.4,78.5,40,2016-06-20,GJ,6,0,20,Monday,False,0,0,0,0,0,0,0,0,0.0,0.0,0.0,0.0,0.0,0.0,0.0,0.0,0,False
2742,20160620_GN,27.527272727,87.554545455,30.509090909,79.077272727,28.831818182,74.618181818,30.659090909,64.536363636,28.3,72.995454545,25.095454545,82.540909091,26.781818182,79.140909091,28.040909091,80.659090909,85,2016-06-20,GN,6,0,20,Monday,False,0,0,0,0,0,0,0,0,0.0,0.0,0.0,0.0,0.0,0.0,0.0,0.0,0,False
2743,20160620_GW,27.677777778000003,72.016666667,26.966666667,72.661111111,30.411111111,63.061111111,29.255555555999997,58.5,25.094444444,73.238888889,24.133333333000003,87.144444444,26.627777778000002,75.888888889,26.761111110999998,75.255555556,34,2016-06-20,GW,6,0,20,Monday,False,0,0,0,0,0,0,0,0,0.0,0.0,0.0,0.0,0.0,0.0,0.0,0.0,0,False
2744,20160620_IC,26.77,90.88,26.69,91.38,24.57,91.42,26.07,87.87,22.65,95.46,22.96,94.65,25.22,90.38,25.52,94.0,51,2016-06-20,IC,6,0,20,Monday,False,0,0,0,0,0,0,0,0,0.0,0.0,0.0,0.0,0.0,0.0,0.0,0.0,0,False
2745,20160620_JB,26.426666667,87.24,29.133333333000003,74.1,30.28,69.54,29.653333333000003,69.226666667,24.46,80.28666666699999,25.433333333,79.04,29.193333333,76.54,28.213333333,78.193333333,120,2016-06-20,JB,6,0,20,Monday,False,0,0,0,0,0,0,0,0,0.0,0.0,0.0,0.0,0.0,0.0,0.0,0.0,0,False
2746,20160620_JJ,26.3,94.15,27.0,90.25,24.6,85.45,25.15,81.5,24.9,82.4,25.4,81.65,24.75,81.45,24.75,89.15,11,2016-06-20,JJ,6,0,20,Monday,False,0,0,0,0,0,0,0,0,0.0,0.0,0.0,0.0,0.0,0.0,0.0,0.0,0,False
2747,20160620_JN,24.622727273000002,94.054545455,29.459090909,83.4,27.945454545,81.01363636399999,28.55,74.759090909,24.445454545,82.572727273,24.813636364,86.05,27.245454545,79.41818181800001,27.913636364000002,82.281818182,74,2016-06-20,JN,6,0,20,Monday,False,0,0,0,0,0,0,0,0,0.0,0.0,0.0,0.0,0.0,0.0,0.0,0.0,0,False
2748,20160620_SU,30.7,66.0,29.3,64.5,29.9,58.0,29.1,63.1,24.9,73.5,24.5,81.8,29.5,62.5,29.6,70.5,214,2016-06-20,SU,6,0,20,Monday,False,0,0,0,0,0,0,0,0,0.0,0.0,0.0,0.0,0.0,0.0,0.0,0.0,0,False
2749,20160620_US,31.3,82.1,31.0,76.8,29.0,67.4,30.8,63.5,28.4,78.0,25.4,83.9,24.6,92.8,24.1,93.1,26,2016-06-20,US,6,0,20,Monday,False,0,0,0,0,0,0,0,0,0.0,0.0,0.0,0.0,0.0,0.0,0.0,0.0,0,False
2750,20160621_BS,24.6,89.6,28.7,88.1,28.6,88.4,25.5,80.5,28.6,67.6,26.4,81.4,24.2,85.4,24.2,87.3,71,2016-06-21,BS,6,1,21,Tuesday,False,0,0,0,0,0,0,0,0,0.0,0.0,0.0,0.0,0.0,0.0,0.0,0.0,0,False
2751,20160621_CB,31.28,63.76,30.433333333,65.22,30.186666666999997,60.893333333,31.233333333,60.26,29.053333333,61.44,25.346666666999997,72.74,25.94,77.62,29.766666667,68.293333333,36,2016-06-21,CB,6,1,21,Tuesday,False,0,0,0,0,0,0,0,0,0.0,0.0,0.0,0.0,0.0,0.0,0.0,0.0,0,False
2752,20160621_CN,30.3625,79.79375,29.16875,82.80625,28.44375,77.5875,29.0625,76.34375,27.66875,76.40625,25.0,82.96875,25.3375,87.34375,27.99375,82.3875,54,2016-06-21,CN,6,1,21,Tuesday,False,0,0,0,0,0,0,0,0,0.0,0.0,0.0,0.0,0.0,0.0,0.0,0.0,0,False
2753,20160621_DG,25.3,74.0,31.5,61.9,32.6,59.6,33.5,52.3,32.0,51.0,28.9,63.1,25.6,69.1,28.4,72.9,66,2016-06-21,DG,6,1,21,Tuesday,False,0,0,0,1,0,0,0,0,0.0,0.0,0.0,0.5,0.0,0.0,0.0,0.0,0,False
2754,20160621_DJ,32.0,72.3,29.5,77.4,30.1,63.8,31.0,66.6,29.3,67.3,25.8,79.6,26.1,81.9,30.3,73.9,26,2016-06-21,DJ,6,1,21,Tuesday,False,0,0,0,0,0,0,0,0,0.0,0.0,0.0,0.0,0.0,0.0,0.0,0.0,0,False
2755,20160621_GB,26.683333333,78.295833333,30.658333333,69.054166667,30.066666667,68.125,31.616666666999997,58.870833333,30.641666667,57.829166666999996,27.720833333,69.56666666699999,24.804166666999997,79.4,26.795833333,79.786363636,60,2016-06-21,GB,6,1,21,Tuesday,False,0,0,0,0,0,0,0,0,0.0,0.0,0.0,0.0,0.0,0.0,0.0,0.0,0,False
2756,20160621_GG,30.871428571,68.983333333,30.219047619,70.32619047600001,29.071428571,70.930952381,29.445238095,67.488095238,28.873809524000002,68.985714286,25.171428571,79.035714286,24.95,86.288095238,29.183333333,70.930952381,199,2016-06-21,GG,6,1,21,Tuesday,False,0,0,0,0,0,0,0,0,0.0,0.0,0.0,0.0,0.0,0.0,0.0,0.0,0,False
2757,20160621_GJ,30.9,84.3,24.4,97.1,31.5,75.9,30.3,74.5,30.4,69.6,24.6,83.4,25.3,84.0,29.9,73.9,49,2016-06-21,GJ,6,1,21,Tuesday,False,0,0,0,0,0,0,0,0,0.0,0.0,0.0,0.0,0.0,0.0,0.0,0.0,0,False
2758,20160621_GN,25.140909090999997,89.85,27.527272727,87.554545455,30.509090909,79.077272727,28.831818182,74.618181818,30.659090909,64.536363636,28.3,72.995454545,25.095454545,82.540909091,26.781818182,79.140909091,74,2016-06-21,GN,6,1,21,Tuesday,False,0,0,0,0,0,0,0,0,0.0,0.0,0.0,0.0,0.0,0.0,0.0,0.0,0,False
2759,20160621_GW,28.638888889,70.65555555600001,27.677777778000003,72.016666667,26.966666667,72.661111111,30.411111111,63.061111111,29.255555555999997,58.5,25.094444444,73.238888889,24.133333333000003,87.144444444,26.627777778000002,75.888888889,44,2016-06-21,GW,6,1,21,Tuesday,False,0,0,0,0,0,0,0,0,0.0,0.0,0.0,0.0,0.0,0.0,0.0,0.0,0,False
2760,20160621_IC,27.27,91.5,26.77,90.88,26.69,91.38,24.57,91.42,26.07,87.87,22.65,95.46,22.96,94.65,25.22,90.38,53,2016-06-21,IC,6,1,21,Tuesday,False,0,0,0,0,0,0,0,0,0.0,0.0,0.0,0.0,0.0,0.0,0.0,0.0,0,False
2761,20160621_JB,29.8,79.893333333,26.426666667,87.24,29.133333333000003,74.1,30.28,69.54,29.653333333000003,69.226666667,24.46,80.28666666699999,25.433333333,79.04,29.193333333,76.54,96,2016-06-21,JB,6,1,21,Tuesday,False,0,0,0,0,0,0,0,0,0.0,0.0,0.0,0.0,0.0,0.0,0.0,0.0,0,False
2762,20160621_JJ,26.6,90.55,26.3,94.15,27.0,90.25,24.6,85.45,25.15,81.5,24.9,82.4,25.4,81.65,24.75,81.45,23,2016-06-21,JJ,6,1,21,Tuesday,False,0,0,0,0,0,0,0,0,0.0,0.0,0.0,0.0,0.0,0.0,0.0,0.0,0,False
2763,20160621_JN,28.518181818000002,87.345454545,24.622727273000002,94.054545455,29.459090909,83.4,27.945454545,81.01363636399999,28.55,74.759090909,24.445454545,82.572727273,24.813636364,86.05,27.245454545,79.41818181800001,57,2016-06-21,JN,6,1,21,Tuesday,False,0,0,0,0,0,0,0,0,0.0,0.0,0.0,0.0,0.0,0.0,0.0,0.0,0,False
2764,20160621_SU,31.3,60.1,30.7,66.0,29.3,64.5,29.9,58.0,29.1,63.1,24.9,73.5,24.5,81.8,29.5,62.5,192,2016-06-21,SU,6,1,21,Tuesday,False,0,0,0,0,0,0,0,0,0.0,0.0,0.0,0.0,0.0,0.0,0.0,0.0,0,False
2765,20160621_US,24.3,92.0,31.3,82.1,31.0,76.8,29.0,67.4,30.8,63.5,28.4,78.0,25.4,83.9,24.6,92.8,11,2016-06-21,US,6,1,21,Tuesday,False,0,0,0,0,0,0,0,0,0.0,0.0,0.0,0.0,0.0,0.0,0.0,0.0,0,False
2766,20160622_BS,23.3,93.8,24.6,89.6,28.7,88.1,28.6,88.4,25.5,80.5,28.6,67.6,26.4,81.4,24.2,85.4,74,2016-06-22,BS,6,2,22,Wednesday,False,0,0,0,0,0,0,0,0,0.0,0.0,0.0,0.0,0.0,0.0,0.0,0.0,0,False
2767,20160622_CB,30.12,68.193333333,31.28,63.76,30.433333333,65.22,30.186666666999997,60.893333333,31.233333333,60.26,29.053333333,61.44,25.346666666999997,72.74,25.94,77.62,34,2016-06-22,CB,6,2,22,Wednesday,False,0,0,0,0,0,0,0,0,0.0,0.0,0.0,0.0,0.0,0.0,0.0,0.0,0,False
2768,20160622_CN,30.19375,84.6375,30.3625,79.79375,29.16875,82.80625,28.44375,77.5875,29.0625,76.34375,27.66875,76.40625,25.0,82.96875,25.3375,87.34375,58,2016-06-22,CN,6,2,22,Wednesday,False,0,0,0,0,0,0,0,0,0.0,0.0,0.0,0.0,0.0,0.0,0.0,0.0,0,False
2769,20160622_DG,25.5,79.1,25.3,74.0,31.5,61.9,32.6,59.6,33.5,52.3,32.0,51.0,28.9,63.1,25.6,69.1,71,2016-06-22,DG,6,2,22,Wednesday,False,0,0,0,0,1,0,0,0,0.0,0.0,0.0,0.0,0.5,0.0,0.0,0.0,0,False
2770,20160622_DJ,31.1,79.5,32.0,72.3,29.5,77.4,30.1,63.8,31.0,66.6,29.3,67.3,25.8,79.6,26.1,81.9,37,2016-06-22,DJ,6,2,22,Wednesday,False,0,0,0,0,0,0,0,0,0.0,0.0,0.0,0.0,0.0,0.0,0.0,0.0,0,False
2771,20160622_GB,26.354166666999998,82.1,26.683333333,78.295833333,30.658333333,69.054166667,30.066666667,68.125,31.616666666999997,58.870833333,30.641666667,57.829166666999996,27.720833333,69.56666666699999,24.804166666999997,79.4,67,2016-06-22,GB,6,2,22,Wednesday,False,0,0,0,0,0,0,0,0,0.0,0.0,0.0,0.0,0.0,0.0,0.0,0.0,0,False
2772,20160622_GG,30.202380952,78.34047619,30.871428571,68.983333333,30.219047619,70.32619047600001,29.071428571,70.930952381,29.445238095,67.488095238,28.873809524000002,68.985714286,25.171428571,79.035714286,24.95,86.288095238,171,2016-06-22,GG,6,2,22,Wednesday,False,0,0,0,0,0,0,0,0,0.0,0.0,0.0,0.0,0.0,0.0,0.0,0.0,0,False
2773,20160622_GJ,24.9,93.4,30.9,84.3,24.4,97.1,31.5,75.9,30.3,74.5,30.4,69.6,24.6,83.4,25.3,84.0,23,2016-06-22,GJ,6,2,22,Wednesday,False,0,0,0,0,0,0,0,0,0.0,0.0,0.0,0.0,0.0,0.0,0.0,0.0,0,False
2774,20160622_GN,23.368181818000004,92.85,25.140909090999997,89.85,27.527272727,87.554545455,30.509090909,79.077272727,28.831818182,74.618181818,30.659090909,64.536363636,28.3,72.995454545,25.095454545,82.540909091,47,2016-06-22,GN,6,2,22,Wednesday,False,0,0,0,0,0,0,0,0,0.0,0.0,0.0,0.0,0.0,0.0,0.0,0.0,0,False
2775,20160622_GW,27.411111111,81.222222222,28.638888889,70.65555555600001,27.677777778000003,72.016666667,26.966666667,72.661111111,30.411111111,63.061111111,29.255555555999997,58.5,25.094444444,73.238888889,24.133333333000003,87.144444444,33,2016-06-22,GW,6,2,22,Wednesday,False,0,0,0,0,0,0,0,0,0.0,0.0,0.0,0.0,0.0,0.0,0.0,0.0,0,False
2776,20160622_IC,27.12,93.12,27.27,91.5,26.77,90.88,26.69,91.38,24.57,91.42,26.07,87.87,22.65,95.46,22.96,94.65,51,2016-06-22,IC,6,2,22,Wednesday,False,0,0,0,0,0,0,0,0,0.0,0.0,0.0,0.0,0.0,0.0,0.0,0.0,0,False
2777,20160622_JB,27.066666667,83.633333333,29.8,79.893333333,26.426666667,87.24,29.133333333000003,74.1,30.28,69.54,29.653333333000003,69.226666667,24.46,80.28666666699999,25.433333333,79.04,83,2016-06-22,JB,6,2,22,Wednesday,False,0,0,0,0,0,0,0,0,0.0,0.0,0.0,0.0,0.0,0.0,0.0,0.0,0,False
2778,20160622_JJ,25.4,97.75,26.6,90.55,26.3,94.15,27.0,90.25,24.6,85.45,25.15,81.5,24.9,82.4,25.4,81.65,10,2016-06-22,JJ,6,2,22,Wednesday,False,0,0,0,0,0,0,0,0,0.0,0.0,0.0,0.0,0.0,0.0,0.0,0.0,0,False
2779,20160622_JN,23.445454545,93.295454545,28.518181818000002,87.345454545,24.622727273000002,94.054545455,29.459090909,83.4,27.945454545,81.01363636399999,28.55,74.759090909,24.445454545,82.572727273,24.813636364,86.05,40,2016-06-22,JN,6,2,22,Wednesday,False,0,0,0,0,0,0,0,0,0.0,0.0,0.0,0.0,0.0,0.0,0.0,0.0,0,False
2780,20160622_SU,30.2,75.1,31.3,60.1,30.7,66.0,29.3,64.5,29.9,58.0,29.1,63.1,24.9,73.5,24.5,81.8,188,2016-06-22,SU,6,2,22,Wednesday,False,0,0,0,0,0,0,0,0,0.0,0.0,0.0,0.0,0.0,0.0,0.0,0.0,0,False
2781,20160622_US,23.1,96.1,24.3,92.0,31.3,82.1,31.0,76.8,29.0,67.4,30.8,63.5,28.4,78.0,25.4,83.9,19,2016-06-22,US,6,2,22,Wednesday,False,0,0,0,0,0,0,0,0,0.0,0.0,0.0,0.0,0.0,0.0,0.0,0.0,0,False
2782,20160623_BS,26.6,79.3,23.3,93.8,24.6,89.6,28.7,88.1,28.6,88.4,25.5,80.5,28.6,67.6,26.4,81.4,69,2016-06-23,BS,6,3,23,Thursday,False,0,0,0,0,0,0,0,0,0.0,0.0,0.0,0.0,0.0,0.0,0.0,0.0,0,False
2783,20160623_CB,31.713333333,65.413333333,30.12,68.193333333,31.28,63.76,30.433333333,65.22,30.186666666999997,60.893333333,31.233333333,60.26,29.053333333,61.44,25.346666666999997,72.74,32,2016-06-23,CB,6,3,23,Thursday,False,0,0,0,0,0,0,0,0,0.0,0.0,0.0,0.0,0.0,0.0,0.0,0.0,0,False
2784,20160623_CN,29.6125,83.125,30.19375,84.6375,30.3625,79.79375,29.16875,82.80625,28.44375,77.5875,29.0625,76.34375,27.66875,76.40625,25.0,82.96875,47,2016-06-23,CN,6,3,23,Thursday,False,0,0,0,0,0,0,0,0,0.0,0.0,0.0,0.0,0.0,0.0,0.0,0.0,0,False
2785,20160623_DG,32.7,60.1,25.5,79.1,25.3,74.0,31.5,61.9,32.6,59.6,33.5,52.3,32.0,51.0,28.9,63.1,71,2016-06-23,DG,6,3,23,Thursday,False,0,0,0,0,0,1,0,0,0.0,0.0,0.0,0.0,0.0,0.5,0.0,0.0,0,False
2786,20160623_DJ,31.7,72.8,31.1,79.5,32.0,72.3,29.5,77.4,30.1,63.8,31.0,66.6,29.3,67.3,25.8,79.6,34,2016-06-23,DJ,6,3,23,Thursday,False,0,0,0,0,0,0,0,0,0.0,0.0,0.0,0.0,0.0,0.0,0.0,0.0,0,False
2787,20160623_GB,30.066666667,70.05,26.354166666999998,82.1,26.683333333,78.295833333,30.658333333,69.054166667,30.066666667,68.125,31.616666666999997,58.870833333,30.641666667,57.829166666999996,27.720833333,69.56666666699999,52,2016-06-23,GB,6,3,23,Thursday,False,0,0,0,0,0,0,0,0,0.0,0.0,0.0,0.0,0.0,0.0,0.0,0.0,0,False
2788,20160623_GG,30.288095238,76.616666667,30.202380952,78.34047619,30.871428571,68.983333333,30.219047619,70.32619047600001,29.071428571,70.930952381,29.445238095,67.488095238,28.873809524000002,68.985714286,25.171428571,79.035714286,176,2016-06-23,GG,6,3,23,Thursday,False,0,0,0,0,0,0,0,0,0.0,0.0,0.0,0.0,0.0,0.0,0.0,0.0,0,False
2789,20160623_GJ,30.3,84.6,24.9,93.4,30.9,84.3,24.4,97.1,31.5,75.9,30.3,74.5,30.4,69.6,24.6,83.4,34,2016-06-23,GJ,6,3,23,Thursday,False,0,0,0,0,0,0,0,0,0.0,0.0,0.0,0.0,0.0,0.0,0.0,0.0,0,False
2790,20160623_GN,28.918181818,75.759090909,23.368181818000004,92.85,25.140909090999997,89.85,27.527272727,87.554545455,30.509090909,79.077272727,28.831818182,74.618181818,30.659090909,64.536363636,28.3,72.995454545,63,2016-06-23,GN,6,3,23,Thursday,False,0,0,0,0,0,0,0,0,0.0,0.0,0.0,0.0,0.0,0.0,0.0,0.0,0,False
2791,20160623_GW,28.322222221999997,76.15555555600001,27.411111111,81.222222222,28.638888889,70.65555555600001,27.677777778000003,72.016666667,26.966666667,72.661111111,30.411111111,63.061111111,29.255555555999997,58.5,25.094444444,73.238888889,32,2016-06-23,GW,6,3,23,Thursday,False,0,0,0,0,0,0,0,0,0.0,0.0,0.0,0.0,0.0,0.0,0.0,0.0,0,False
2792,20160623_IC,28.02,93.45,27.12,93.12,27.27,91.5,26.77,90.88,26.69,91.38,24.57,91.42,26.07,87.87,22.65,95.46,57,2016-06-23,IC,6,3,23,Thursday,False,0,0,0,0,0,0,0,0,0.0,0.0,0.0,0.0,0.0,0.0,0.0,0.0,0,False
2793,20160623_JB,29.9,78.14,27.066666667,83.633333333,29.8,79.893333333,26.426666667,87.24,29.133333333000003,74.1,30.28,69.54,29.653333333000003,69.226666667,24.46,80.28666666699999,78,2016-06-23,JB,6,3,23,Thursday,False,0,0,0,0,0,0,0,0,0.0,0.0,0.0,0.0,0.0,0.0,0.0,0.0,0,False
2794,20160623_JJ,27.3,89.6,25.4,97.75,26.6,90.55,26.3,94.15,27.0,90.25,24.6,85.45,25.15,81.5,24.9,82.4,13,2016-06-23,JJ,6,3,23,Thursday,False,0,0,0,0,0,0,0,0,0.0,0.0,0.0,0.0,0.0,0.0,0.0,0.0,0,False
2795,20160623_JN,28.413636364000002,84.995454545,23.445454545,93.295454545,28.518181818000002,87.345454545,24.622727273000002,94.054545455,29.459090909,83.4,27.945454545,81.01363636399999,28.55,74.759090909,24.445454545,82.572727273,70,2016-06-23,JN,6,3,23,Thursday,False,0,0,0,0,0,0,0,0,0.0,0.0,0.0,0.0,0.0,0.0,0.0,0.0,0,False
2796,20160623_SU,29.4,71.0,30.2,75.1,31.3,60.1,30.7,66.0,29.3,64.5,29.9,58.0,29.1,63.1,24.9,73.5,200,2016-06-23,SU,6,3,23,Thursday,False,0,0,0,0,0,0,0,0,0.0,0.0,0.0,0.0,0.0,0.0,0.0,0.0,0,False
2797,20160623_US,27.4,82.1,23.1,96.1,24.3,92.0,31.3,82.1,31.0,76.8,29.0,67.4,30.8,63.5,28.4,78.0,11,2016-06-23,US,6,3,23,Thursday,False,0,0,0,0,0,0,0,0,0.0,0.0,0.0,0.0,0.0,0.0,0.0,0.0,0,False
2798,20160624_BS,24.2,92.9,26.6,79.3,23.3,93.8,24.6,89.6,28.7,88.1,28.6,88.4,25.5,80.5,28.6,67.6,57,2016-06-24,BS,6,4,24,Friday,False,0,0,0,0,0,0,0,0,0.0,0.0,0.0,0.0,0.0,0.0,0.0,0.0,0,False
2799,20160624_CB,24.96,85.16,31.713333333,65.413333333,30.12,68.193333333,31.28,63.76,30.433333333,65.22,30.186666666999997,60.893333333,31.233333333,60.26,29.053333333,61.44,35,2016-06-24,CB,6,4,24,Friday,False,0,0,0,0,0,0,0,0,0.0,0.0,0.0,0.0,0.0,0.0,0.0,0.0,0,False
2800,20160624_CN,25.54375,90.86875,29.6125,83.125,30.19375,84.6375,30.3625,79.79375,29.16875,82.80625,28.44375,77.5875,29.0625,76.34375,27.66875,76.40625,53,2016-06-24,CN,6,4,24,Friday,False,0,0,0,0,0,0,0,0,0.0,0.0,0.0,0.0,0.0,0.0,0.0,0.0,0,False
2801,20160624_DG,25.5,81.0,32.7,60.1,25.5,79.1,25.3,74.0,31.5,61.9,32.6,59.6,33.5,52.3,32.0,51.0,56,2016-06-24,DG,6,4,24,Friday,False,0,0,0,0,0,0,1,0,0.0,0.0,0.0,0.0,0.0,0.0,0.5,0.0,0,False
2802,20160624_DJ,24.8,90.6,31.7,72.8,31.1,79.5,32.0,72.3,29.5,77.4,30.1,63.8,31.0,66.6,29.3,67.3,19,2016-06-24,DJ,6,4,24,Friday,False,0,0,0,0,0,0,0,0,0.0,0.0,0.0,0.0,0.0,0.0,0.0,0.0,0,False
2803,20160624_GB,24.758333333000003,87.64166666700001,30.066666667,70.05,26.354166666999998,82.1,26.683333333,78.295833333,30.658333333,69.054166667,30.066666667,68.125,31.616666666999997,58.870833333,30.641666667,57.829166666999996,73,2016-06-24,GB,6,4,24,Friday,False,0,0,0,0,0,0,0,0,0.0,0.0,0.0,0.0,0.0,0.0,0.0,0.0,0,False
2804,20160624_GG,26.180952380999997,83.94047619,30.288095238,76.616666667,30.202380952,78.34047619,30.871428571,68.983333333,30.219047619,70.32619047600001,29.071428571,70.930952381,29.445238095,67.488095238,28.873809524000002,68.985714286,163,2016-06-24,GG,6,4,24,Friday,False,0,0,0,0,0,0,0,0,0.0,0.0,0.0,0.0,0.0,0.0,0.0,0.0,0,False
2805,20160624_GJ,25.6,92.4,30.3,84.6,24.9,93.4,30.9,84.3,24.4,97.1,31.5,75.9,30.3,74.5,30.4,69.6,28,2016-06-24,GJ,6,4,24,Friday,False,0,0,0,0,0,0,0,0,0.0,0.0,0.0,0.0,0.0,0.0,0.0,0.0,0,False
2806,20160624_GN,26.290909091,87.140909091,28.918181818,75.759090909,23.368181818000004,92.85,25.140909090999997,89.85,27.527272727,87.554545455,30.509090909,79.077272727,28.831818182,74.618181818,30.659090909,64.536363636,42,2016-06-24,GN,6,4,24,Friday,False,0,0,0,0,0,0,0,0,0.0,0.0,0.0,0.0,0.0,0.0,0.0,0.0,0,False
2807,20160624_GW,23.488888889000002,87.29444444399999,28.322222221999997,76.15555555600001,27.411111111,81.222222222,28.638888889,70.65555555600001,27.677777778000003,72.016666667,26.966666667,72.661111111,30.411111111,63.061111111,29.255555555999997,58.5,35,2016-06-24,GW,6,4,24,Friday,False,0,0,0,0,0,0,0,0,0.0,0.0,0.0,0.0,0.0,0.0,0.0,0.0,0,False
2808,20160624_IC,25.6,91.6,28.02,93.45,27.12,93.12,27.27,91.5,26.77,90.88,26.69,91.38,24.57,91.42,26.07,87.87,33,2016-06-24,IC,6,4,24,Friday,False,0,0,0,0,0,0,0,0,0.0,0.0,0.0,0.0,0.0,0.0,0.0,0.0,0,False
2809,20160624_JB,24.553333333,88.84,29.9,78.14,27.066666667,83.633333333,29.8,79.893333333,26.426666667,87.24,29.133333333000003,74.1,30.28,69.54,29.653333333000003,69.226666667,81,2016-06-24,JB,6,4,24,Friday,False,0,0,0,0,0,0,0,0,0.0,0.0,0.0,0.0,0.0,0.0,0.0,0.0,0,False
2810,20160624_JJ,30.0,86.95,27.3,89.6,25.4,97.75,26.6,90.55,26.3,94.15,27.0,90.25,24.6,85.45,25.15,81.5,15,2016-06-24,JJ,6,4,24,Friday,False,0,0,0,0,0,0,0,0,0.0,0.0,0.0,0.0,0.0,0.0,0.0,0.0,0,False
2811,20160624_JN,25.559090909000002,90.322727273,28.413636364000002,84.995454545,23.445454545,93.295454545,28.518181818000002,87.345454545,24.622727273000002,94.054545455,29.459090909,83.4,27.945454545,81.01363636399999,28.55,74.759090909,56,2016-06-24,JN,6,4,24,Friday,False,0,0,0,0,0,0,0,0,0.0,0.0,0.0,0.0,0.0,0.0,0.0,0.0,0,False
2812,20160624_SU,25.7,75.8,29.4,71.0,30.2,75.1,31.3,60.1,30.7,66.0,29.3,64.5,29.9,58.0,29.1,63.1,169,2016-06-24,SU,6,4,24,Friday,False,0,0,0,0,0,0,0,0,0.0,0.0,0.0,0.0,0.0,0.0,0.0,0.0,0,False
2813,20160624_US,24.7,93.8,27.4,82.1,23.1,96.1,24.3,92.0,31.3,82.1,31.0,76.8,29.0,67.4,30.8,63.5,7,2016-06-24,US,6,4,24,Friday,False,0,0,0,0,0,0,0,0,0.0,0.0,0.0,0.0,0.0,0.0,0.0,0.0,0,False
2814,20160625_BS,25.7,67.6,24.2,92.9,26.6,79.3,23.3,93.8,24.6,89.6,28.7,88.1,28.6,88.4,25.5,80.5,28,2016-06-25,BS,6,5,25,Saturday,False,0,0,0,0,0,0,0,0,0.0,0.0,0.0,0.0,0.0,0.0,0.0,0.0,0,True
2815,20160625_CB,27.813333333000003,60.306666666999995,24.96,85.16,31.713333333,65.413333333,30.12,68.193333333,31.28,63.76,30.433333333,65.22,30.186666666999997,60.893333333,31.233333333,60.26,5,2016-06-25,CB,6,5,25,Saturday,False,0,0,0,0,0,0,0,0,0.0,0.0,0.0,0.0,0.0,0.0,0.0,0.0,0,True
2816,20160625_CN,26.75625,75.5125,25.54375,90.86875,29.6125,83.125,30.19375,84.6375,30.3625,79.79375,29.16875,82.80625,28.44375,77.5875,29.0625,76.34375,22,2016-06-25,CN,6,5,25,Saturday,False,0,0,0,0,0,0,0,0,0.0,0.0,0.0,0.0,0.0,0.0,0.0,0.0,0,True
2817,20160625_DG,29.6,47.4,25.5,81.0,32.7,60.1,25.5,79.1,25.3,74.0,31.5,61.9,32.6,59.6,33.5,52.3,15,2016-06-25,DG,6,5,25,Saturday,False,0,0,0,0,0,0,0,1,0.0,0.0,0.0,0.0,0.0,0.0,0.0,0.5,0,True
2818,20160625_DJ,27.7,69.4,24.8,90.6,31.7,72.8,31.1,79.5,32.0,72.3,29.5,77.4,30.1,63.8,31.0,66.6,9,2016-06-25,DJ,6,5,25,Saturday,False,0,0,0,0,0,0,0,0,0.0,0.0,0.0,0.0,0.0,0.0,0.0,0.0,0,True
2819,20160625_GB,28.133333333000003,57.529166667,24.758333333000003,87.64166666700001,30.066666667,70.05,26.354166666999998,82.1,26.683333333,78.295833333,30.658333333,69.054166667,30.066666667,68.125,31.616666666999997,58.870833333,19,2016-06-25,GB,6,5,25,Saturday,False,0,0,0,0,0,0,0,0,0.0,0.0,0.0,0.0,0.0,0.0,0.0,0.0,0,True
2820,20160625_GG,27.002380952,68.319047619,26.180952380999997,83.94047619,30.288095238,76.616666667,30.202380952,78.34047619,30.871428571,68.983333333,30.219047619,70.32619047600001,29.071428571,70.930952381,29.445238095,67.488095238,57,2016-06-25,GG,6,5,25,Saturday,False,0,0,0,0,0,0,0,0,0.0,0.0,0.0,0.0,0.0,0.0,0.0,0.0,0,True
2821,20160625_GJ,28.0,75.3,25.6,92.4,30.3,84.6,24.9,93.4,30.9,84.3,24.4,97.1,31.5,75.9,30.3,74.5,10,2016-06-25,GJ,6,5,25,Saturday,False,0,0,0,0,0,0,0,0,0.0,0.0,0.0,0.0,0.0,0.0,0.0,0.0,0,True
2822,20160625_GN,27.4,64.681818182,26.290909091,87.140909091,28.918181818,75.759090909,23.368181818000004,92.85,25.140909090999997,89.85,27.527272727,87.554545455,30.509090909,79.077272727,28.831818182,74.618181818,26,2016-06-25,GN,6,5,25,Saturday,False,0,0,0,0,0,0,0,0,0.0,0.0,0.0,0.0,0.0,0.0,0.0,0.0,0,True
2823,20160625_GW,26.005555555999997,62.233333333000004,23.488888889000002,87.29444444399999,28.322222221999997,76.15555555600001,27.411111111,81.222222222,28.638888889,70.65555555600001,27.677777778000003,72.016666667,26.966666667,72.661111111,30.411111111,63.061111111,8,2016-06-25,GW,6,5,25,Saturday,False,0,0,0,0,0,0,0,0,0.0,0.0,0.0,0.0,0.0,0.0,0.0,0.0,0,True
2824,20160625_IC,25.39,83.59,25.6,91.6,28.02,93.45,27.12,93.12,27.27,91.5,26.77,90.88,26.69,91.38,24.57,91.42,15,2016-06-25,IC,6,5,25,Saturday,False,0,0,0,0,0,0,0,0,0.0,0.0,0.0,0.0,0.0,0.0,0.0,0.0,0,True
2825,20160625_JB,26.686666666999997,72.406666667,24.553333333,88.84,29.9,78.14,27.066666667,83.633333333,29.8,79.893333333,26.426666667,87.24,29.133333333000003,74.1,30.28,69.54,18,2016-06-25,JB,6,5,25,Saturday,False,0,0,0,0,0,0,0,0,0.0,0.0,0.0,0.0,0.0,0.0,0.0,0.0,0,True
2826,20160625_JJ,25.45,81.45,30.0,86.95,27.3,89.6,25.4,97.75,26.6,90.55,26.3,94.15,27.0,90.25,24.6,85.45,4,2016-06-25,JJ,6,5,25,Saturday,False,0,0,0,0,0,0,0,0,0.0,0.0,0.0,0.0,0.0,0.0,0.0,0.0,0,True
2827,20160625_JN,27.063636364,72.372727273,25.559090909000002,90.322727273,28.413636364000002,84.995454545,23.445454545,93.295454545,28.518181818000002,87.345454545,24.622727273000002,94.054545455,29.459090909,83.4,27.945454545,81.01363636399999,24,2016-06-25,JN,6,5,25,Saturday,False,0,0,0,0,0,0,0,0,0.0,0.0,0.0,0.0,0.0,0.0,0.0,0.0,0,True
2828,20160625_SU,26.7,63.1,25.7,75.8,29.4,71.0,30.2,75.1,31.3,60.1,30.7,66.0,29.3,64.5,29.9,58.0,51,2016-06-25,SU,6,5,25,Saturday,False,0,0,0,0,0,0,0,0,0.0,0.0,0.0,0.0,0.0,0.0,0.0,0.0,0,True
2829,20160625_US,27.3,66.6,24.7,93.8,27.4,82.1,23.1,96.1,24.3,92.0,31.3,82.1,31.0,76.8,29.0,67.4,5,2016-06-25,US,6,5,25,Saturday,False,0,0,0,0,0,0,0,0,0.0,0.0,0.0,0.0,0.0,0.0,0.0,0.0,0,True
2830,20160626_BS,28.6,70.9,25.7,67.6,24.2,92.9,26.6,79.3,23.3,93.8,24.6,89.6,28.7,88.1,28.6,88.4,4,2016-06-26,BS,6,6,26,Sunday,False,0,0,0,0,0,0,0,0,0.0,0.0,0.0,0.0,0.0,0.0,0.0,0.0,0,True
2831,20160626_CB,29.713333333,60.426666667,27.813333333000003,60.306666666999995,24.96,85.16,31.713333333,65.413333333,30.12,68.193333333,31.28,63.76,30.433333333,65.22,30.186666666999997,60.893333333,2,2016-06-26,CB,6,6,26,Sunday,False,0,0,0,0,0,0,0,0,0.0,0.0,0.0,0.0,0.0,0.0,0.0,0.0,0,True
2832,20160626_CN,28.94375,76.21875,26.75625,75.5125,25.54375,90.86875,29.6125,83.125,30.19375,84.6375,30.3625,79.79375,29.16875,82.80625,28.44375,77.5875,1,2016-06-26,CN,6,6,26,Sunday,False,0,0,0,0,0,0,0,0,0.0,0.0,0.0,0.0,0.0,0.0,0.0,0.0,0,True
2833,20160626_DG,30.9,53.3,29.6,47.4,25.5,81.0,32.7,60.1,25.5,79.1,25.3,74.0,31.5,61.9,32.6,59.6,2,2016-06-26,DG,6,6,26,Sunday,False,0,0,0,0,0,0,0,0,0.0,0.0,0.0,0.0,0.0,0.0,0.0,0.0,0,True
2834,20160626_DJ,30.0,71.0,27.7,69.4,24.8,90.6,31.7,72.8,31.1,79.5,32.0,72.3,29.5,77.4,30.1,63.8,2,2016-06-26,DJ,6,6,26,Sunday,False,0,0,0,0,0,0,0,0,0.0,0.0,0.0,0.0,0.0,0.0,0.0,0.0,0,True
2835,20160626_GB,29.495833333,62.029166667,28.133333333000003,57.529166667,24.758333333000003,87.64166666700001,30.066666667,70.05,26.354166666999998,82.1,26.683333333,78.295833333,30.658333333,69.054166667,30.066666667,68.125,1,2016-06-26,GB,6,6,26,Sunday,False,0,0,0,0,0,0,0,0,0.0,0.0,0.0,0.0,0.0,0.0,0.0,0.0,0,True
2836,20160626_GG,30.326190476,66.292857143,27.002380952,68.319047619,26.180952380999997,83.94047619,30.288095238,76.616666667,30.202380952,78.34047619,30.871428571,68.983333333,30.219047619,70.32619047600001,29.071428571,70.930952381,4,2016-06-26,GG,6,6,26,Sunday,False,0,0,0,0,0,0,0,0,0.0,0.0,0.0,0.0,0.0,0.0,0.0,0.0,0,True
2837,20160626_GJ,29.7,70.9,28.0,75.3,25.6,92.4,30.3,84.6,24.9,93.4,30.9,84.3,24.4,97.1,31.5,75.9,1,2016-06-26,GJ,6,6,26,Sunday,False,0,0,0,0,0,0,0,0,0.0,0.0,0.0,0.0,0.0,0.0,0.0,0.0,0,True
2838,20160626_GN,29.909090909,67.01363636399999,27.4,64.681818182,26.290909091,87.140909091,28.918181818,75.759090909,23.368181818000004,92.85,25.140909090999997,89.85,27.527272727,87.554545455,30.509090909,79.077272727,2,2016-06-26,GN,6,6,26,Sunday,False,0,0,0,0,0,0,0,0,0.0,0.0,0.0,0.0,0.0,0.0,0.0,0.0,0,True
2839,20160626_GW,29.111111111,63.533333333,26.005555555999997,62.233333333000004,23.488888889000002,87.29444444399999,28.322222221999997,76.15555555600001,27.411111111,81.222222222,28.638888889,70.65555555600001,27.677777778000003,72.016666667,26.966666667,72.661111111,2,2016-06-26,GW,6,6,26,Sunday,False,0,0,0,0,0,0,0,0,0.0,0.0,0.0,0.0,0.0,0.0,0.0,0.0,0,True
2840,20160626_IC,27.39,84.41,25.39,83.59,25.6,91.6,28.02,93.45,27.12,93.12,27.27,91.5,26.77,90.88,26.69,91.38,2,2016-06-26,IC,6,6,26,Sunday,False,0,0,0,0,0,0,0,0,0.0,0.0,0.0,0.0,0.0,0.0,0.0,0.0,0,True
2841,20160626_JB,28.453333333000003,71.726666667,26.686666666999997,72.406666667,24.553333333,88.84,29.9,78.14,27.066666667,83.633333333,29.8,79.893333333,26.426666667,87.24,29.133333333000003,74.1,2,2016-06-26,JB,6,6,26,Sunday,False,0,0,0,0,0,0,0,0,0.0,0.0,0.0,0.0,0.0,0.0,0.0,0.0,0,True
2842,20160626_JJ,27.6,81.15,25.45,81.45,30.0,86.95,27.3,89.6,25.4,97.75,26.6,90.55,26.3,94.15,27.0,90.25,0,2016-06-26,JJ,6,6,26,Sunday,False,0,0,0,0,0,0,0,0,0.0,0.0,0.0,0.0,0.0,0.0,0.0,0.0,0,True
2843,20160626_JN,28.990909091,74.55,27.063636364,72.372727273,25.559090909000002,90.322727273,28.413636364000002,84.995454545,23.445454545,93.295454545,28.518181818000002,87.345454545,24.622727273000002,94.054545455,29.459090909,83.4,0,2016-06-26,JN,6,6,26,Sunday,False,0,0,0,0,0,0,0,0,0.0,0.0,0.0,0.0,0.0,0.0,0.0,0.0,0,True
2844,20160626_SU,30.3,58.4,26.7,63.1,25.7,75.8,29.4,71.0,30.2,75.1,31.3,60.1,30.7,66.0,29.3,64.5,4,2016-06-26,SU,6,6,26,Sunday,False,0,0,0,0,0,0,0,0,0.0,0.0,0.0,0.0,0.0,0.0,0.0,0.0,0,True
2845,20160626_US,28.7,69.4,27.3,66.6,24.7,93.8,27.4,82.1,23.1,96.1,24.3,92.0,31.3,82.1,31.0,76.8,0,2016-06-26,US,6,6,26,Sunday,False,0,0,0,0,0,0,0,0,0.0,0.0,0.0,0.0,0.0,0.0,0.0,0.0,0,True
2846,20160627_BS,23.4,93.0,28.6,70.9,25.7,67.6,24.2,92.9,26.6,79.3,23.3,93.8,24.6,89.6,28.7,88.1,103,2016-06-27,BS,6,0,27,Monday,False,0,0,0,0,0,0,0,0,0.0,0.0,0.0,0.0,0.0,0.0,0.0,0.0,0,False
2847,20160627_CB,28.773333333000004,63.913333333000004,29.713333333,60.426666667,27.813333333000003,60.306666666999995,24.96,85.16,31.713333333,65.413333333,30.12,68.193333333,31.28,63.76,30.433333333,65.22,46,2016-06-27,CB,6,0,27,Monday,False,0,0,0,0,0,0,0,0,0.0,0.0,0.0,0.0,0.0,0.0,0.0,0.0,0,False
2848,20160627_CN,28.5125,76.89375,28.94375,76.21875,26.75625,75.5125,25.54375,90.86875,29.6125,83.125,30.19375,84.6375,30.3625,79.79375,29.16875,82.80625,62,2016-06-27,CN,6,0,27,Monday,False,0,0,0,0,0,0,0,0,0.0,0.0,0.0,0.0,0.0,0.0,0.0,0.0,0,False
2849,20160627_DG,27.8,72.9,30.9,53.3,29.6,47.4,25.5,81.0,32.7,60.1,25.5,79.1,25.3,74.0,31.5,61.9,75,2016-06-27,DG,6,0,27,Monday,False,0,0,0,0,0,0,0,0,0.0,0.0,0.0,0.0,0.0,0.0,0.0,0.0,0,False
2850,20160627_DJ,28.3,72.5,30.0,71.0,27.7,69.4,24.8,90.6,31.7,72.8,31.1,79.5,32.0,72.3,29.5,77.4,45,2016-06-27,DJ,6,0,27,Monday,False,0,0,0,0,0,0,0,0,0.0,0.0,0.0,0.0,0.0,0.0,0.0,0.0,0,False
2851,20160627_GB,28.133333333000003,70.0375,29.495833333,62.029166667,28.133333333000003,57.529166667,24.758333333000003,87.64166666700001,30.066666667,70.05,26.354166666999998,82.1,26.683333333,78.295833333,30.658333333,69.054166667,99,2016-06-27,GB,6,0,27,Monday,False,0,0,0,0,0,0,0,0,0.0,0.0,0.0,0.0,0.0,0.0,0.0,0.0,0,False
2852,20160627_GG,29.380952381,65.585714286,30.326190476,66.292857143,27.002380952,68.319047619,26.180952380999997,83.94047619,30.288095238,76.616666667,30.202380952,78.34047619,30.871428571,68.983333333,30.219047619,70.32619047600001,256,2016-06-27,GG,6,0,27,Monday,False,0,0,0,0,0,0,0,0,0.0,0.0,0.0,0.0,0.0,0.0,0.0,0.0,0,False
2853,20160627_GJ,25.7,78.6,29.7,70.9,28.0,75.3,25.6,92.4,30.3,84.6,24.9,93.4,30.9,84.3,24.4,97.1,48,2016-06-27,GJ,6,0,27,Monday,False,0,0,0,0,0,0,0,0,0.0,0.0,0.0,0.0,0.0,0.0,0.0,0.0,0,False
2854,20160627_GN,24.977272727,85.80909090899999,29.909090909,67.01363636399999,27.4,64.681818182,26.290909091,87.140909091,28.918181818,75.759090909,23.368181818000004,92.85,25.140909090999997,89.85,27.527272727,87.554545455,92,2016-06-27,GN,6,0,27,Monday,False,0,0,0,0,0,0,0,0,0.0,0.0,0.0,0.0,0.0,0.0,0.0,0.0,0,False
2855,20160627_GW,27.55,70.505555556,29.111111111,63.533333333,26.005555555999997,62.233333333000004,23.488888889000002,87.29444444399999,28.322222221999997,76.15555555600001,27.411111111,81.222222222,28.638888889,70.65555555600001,27.677777778000003,72.016666667,44,2016-06-27,GW,6,0,27,Monday,False,0,0,0,0,0,0,0,0,0.0,0.0,0.0,0.0,0.0,0.0,0.0,0.0,0,False
2856,20160627_IC,27.67,80.21,27.39,84.41,25.39,83.59,25.6,91.6,28.02,93.45,27.12,93.12,27.27,91.5,26.77,90.88,54,2016-06-27,IC,6,0,27,Monday,False,0,0,0,0,0,0,0,0,0.0,0.0,0.0,0.0,0.0,0.0,0.0,0.0,0,False
2857,20160627_JB,26.746666667,77.833333333,28.453333333000003,71.726666667,26.686666666999997,72.406666667,24.553333333,88.84,29.9,78.14,27.066666667,83.633333333,29.8,79.893333333,26.426666667,87.24,98,2016-06-27,JB,6,0,27,Monday,False,0,0,0,0,0,0,0,0,0.0,0.0,0.0,0.0,0.0,0.0,0.0,0.0,0,False
2858,20160627_JJ,22.1,85.2,27.6,81.15,25.45,81.45,30.0,86.95,27.3,89.6,25.4,97.75,26.6,90.55,26.3,94.15,13,2016-06-27,JJ,6,0,27,Monday,False,0,0,0,0,0,0,0,0,0.0,0.0,0.0,0.0,0.0,0.0,0.0,0.0,0,False
2859,20160627_JN,24.127272726999998,85.886363636,28.990909091,74.55,27.063636364,72.372727273,25.559090909000002,90.322727273,28.413636364000002,84.995454545,23.445454545,93.295454545,28.518181818000002,87.345454545,24.622727273000002,94.054545455,77,2016-06-27,JN,6,0,27,Monday,False,0,0,0,0,0,0,0,0,0.0,0.0,0.0,0.0,0.0,0.0,0.0,0.0,0,False
2860,20160627_SU,29.5,55.5,30.3,58.4,26.7,63.1,25.7,75.8,29.4,71.0,30.2,75.1,31.3,60.1,30.7,66.0,291,2016-06-27,SU,6,0,27,Monday,False,0,0,0,0,0,0,0,0,0.0,0.0,0.0,0.0,0.0,0.0,0.0,0.0,0,False
2861,20160627_US,27.0,85.4,28.7,69.4,27.3,66.6,24.7,93.8,27.4,82.1,23.1,96.1,24.3,92.0,31.3,82.1,20,2016-06-27,US,6,0,27,Monday,False,0,0,0,0,0,0,0,0,0.0,0.0,0.0,0.0,0.0,0.0,0.0,0.0,0,False
2862,20160628_BS,25.3,72.6,23.4,93.0,28.6,70.9,25.7,67.6,24.2,92.9,26.6,79.3,23.3,93.8,24.6,89.6,92,2016-06-28,BS,6,1,28,Tuesday,False,0,0,0,0,0,0,0,0,0.0,0.0,0.0,0.0,0.0,0.0,0.0,0.0,0,False
2863,20160628_CB,29.773333333000004,63.013333333,28.773333333000004,63.913333333000004,29.713333333,60.426666667,27.813333333000003,60.306666666999995,24.96,85.16,31.713333333,65.413333333,30.12,68.193333333,31.28,63.76,31,2016-06-28,CB,6,1,28,Tuesday,False,0,0,0,0,0,0,0,0,0.0,0.0,0.0,0.0,0.0,0.0,0.0,0.0,0,False
2864,20160628_CN,29.73125,76.98125,28.5125,76.89375,28.94375,76.21875,26.75625,75.5125,25.54375,90.86875,29.6125,83.125,30.19375,84.6375,30.3625,79.79375,81,2016-06-28,CN,6,1,28,Tuesday,False,0,0,0,0,0,0,0,0,0.0,0.0,0.0,0.0,0.0,0.0,0.0,0.0,0,False
2865,20160628_DG,27.8,68.8,27.8,72.9,30.9,53.3,29.6,47.4,25.5,81.0,32.7,60.1,25.5,79.1,25.3,74.0,64,2016-06-28,DG,6,1,28,Tuesday,False,0,0,0,0,0,0,0,0,0.0,0.0,0.0,0.0,0.0,0.0,0.0,0.0,0,False
2866,20160628_DJ,30.1,74.3,28.3,72.5,30.0,71.0,27.7,69.4,24.8,90.6,31.7,72.8,31.1,79.5,32.0,72.3,43,2016-06-28,DJ,6,1,28,Tuesday,False,0,0,0,0,0,0,0,0,0.0,0.0,0.0,0.0,0.0,0.0,0.0,0.0,0,False
2867,20160628_GB,27.975,71.575,28.133333333000003,70.0375,29.495833333,62.029166667,28.133333333000003,57.529166667,24.758333333000003,87.64166666700001,30.066666667,70.05,26.354166666999998,82.1,26.683333333,78.295833333,70,2016-06-28,GB,6,1,28,Tuesday,False,0,0,0,0,0,0,0,0,0.0,0.0,0.0,0.0,0.0,0.0,0.0,0.0,0,False
2868,20160628_GG,30.0,67.028571429,29.380952381,65.585714286,30.326190476,66.292857143,27.002380952,68.319047619,26.180952380999997,83.94047619,30.288095238,76.616666667,30.202380952,78.34047619,30.871428571,68.983333333,223,2016-06-28,GG,6,1,28,Tuesday,False,0,0,0,0,0,0,0,0,0.0,0.0,0.0,0.0,0.0,0.0,0.0,0.0,0,False
2869,20160628_GJ,26.0,77.4,25.7,78.6,29.7,70.9,28.0,75.3,25.6,92.4,30.3,84.6,24.9,93.4,30.9,84.3,36,2016-06-28,GJ,6,1,28,Tuesday,False,0,0,0,0,0,0,0,0,0.0,0.0,0.0,0.0,0.0,0.0,0.0,0.0,0,False
2870,20160628_GN,25.963636364,76.268181818,24.977272727,85.80909090899999,29.909090909,67.01363636399999,27.4,64.681818182,26.290909091,87.140909091,28.918181818,75.759090909,23.368181818000004,92.85,25.140909090999997,89.85,65,2016-06-28,GN,6,1,28,Tuesday,False,0,0,0,0,0,0,0,0,0.0,0.0,0.0,0.0,0.0,0.0,0.0,0.0,0,False
2871,20160628_GW,28.172222222,71.84444444399999,27.55,70.505555556,29.111111111,63.533333333,26.005555555999997,62.233333333000004,23.488888889000002,87.29444444399999,28.322222221999997,76.15555555600001,27.411111111,81.222222222,28.638888889,70.65555555600001,39,2016-06-28,GW,6,1,28,Tuesday,False,0,0,0,0,0,0,0,0,0.0,0.0,0.0,0.0,0.0,0.0,0.0,0.0,0,False
2872,20160628_IC,26.58,90.07,27.67,80.21,27.39,84.41,25.39,83.59,25.6,91.6,28.02,93.45,27.12,93.12,27.27,91.5,53,2016-06-28,IC,6,1,28,Tuesday,False,0,0,0,0,0,0,0,0,0.0,0.0,0.0,0.0,0.0,0.0,0.0,0.0,0,False
2873,20160628_JB,27.22,78.653333333,26.746666667,77.833333333,28.453333333000003,71.726666667,26.686666666999997,72.406666667,24.553333333,88.84,29.9,78.14,27.066666667,83.633333333,29.8,79.893333333,89,2016-06-28,JB,6,1,28,Tuesday,False,0,0,0,0,0,0,0,0,0.0,0.0,0.0,0.0,0.0,0.0,0.0,0.0,0,False
2874,20160628_JJ,22.3,90.45,22.1,85.2,27.6,81.15,25.45,81.45,30.0,86.95,27.3,89.6,25.4,97.75,26.6,90.55,10,2016-06-28,JJ,6,1,28,Tuesday,False,0,0,0,0,0,0,0,0,0.0,0.0,0.0,0.0,0.0,0.0,0.0,0.0,0,False
2875,20160628_JN,24.595454545,81.44090909100001,24.127272726999998,85.886363636,28.990909091,74.55,27.063636364,72.372727273,25.559090909000002,90.322727273,28.413636364000002,84.995454545,23.445454545,93.295454545,28.518181818000002,87.345454545,75,2016-06-28,JN,6,1,28,Tuesday,False,0,0,0,0,0,0,0,0,0.0,0.0,0.0,0.0,0.0,0.0,0.0,0.0,0,False
2876,20160628_SU,29.7,61.1,29.5,55.5,30.3,58.4,26.7,63.1,25.7,75.8,29.4,71.0,30.2,75.1,31.3,60.1,259,2016-06-28,SU,6,1,28,Tuesday,False,0,0,0,0,0,0,0,0,0.0,0.0,0.0,0.0,0.0,0.0,0.0,0.0,0,False
2877,20160628_US,26.1,77.5,27.0,85.4,28.7,69.4,27.3,66.6,24.7,93.8,27.4,82.1,23.1,96.1,24.3,92.0,22,2016-06-28,US,6,1,28,Tuesday,False,0,0,0,0,0,0,0,0,0.0,0.0,0.0,0.0,0.0,0.0,0.0,0.0,0,False
2878,20160629_BS,25.1,86.3,25.3,72.6,23.4,93.0,28.6,70.9,25.7,67.6,24.2,92.9,26.6,79.3,23.3,93.8,77,2016-06-29,BS,6,2,29,Wednesday,False,0,0,0,0,0,0,0,0,0.0,0.0,0.0,0.0,0.0,0.0,0.0,0.0,0,False
2879,20160629_CB,28.173333333000002,65.0,29.773333333000004,63.013333333,28.773333333000004,63.913333333000004,29.713333333,60.426666667,27.813333333000003,60.306666666999995,24.96,85.16,31.713333333,65.413333333,30.12,68.193333333,32,2016-06-29,CB,6,2,29,Wednesday,False,0,0,0,0,0,0,0,0,0.0,0.0,0.0,0.0,0.0,0.0,0.0,0.0,0,False
2880,20160629_CN,27.2125,82.425,29.73125,76.98125,28.5125,76.89375,28.94375,76.21875,26.75625,75.5125,25.54375,90.86875,29.6125,83.125,30.19375,84.6375,54,2016-06-29,CN,6,2,29,Wednesday,False,0,0,0,0,0,0,0,0,0.0,0.0,0.0,0.0,0.0,0.0,0.0,0.0,0,False
2881,20160629_DG,26.6,71.5,27.8,68.8,27.8,72.9,30.9,53.3,29.6,47.4,25.5,81.0,32.7,60.1,25.5,79.1,56,2016-06-29,DG,6,2,29,Wednesday,False,0,0,0,0,0,0,0,0,0.0,0.0,0.0,0.0,0.0,0.0,0.0,0.0,0,False
2882,20160629_DJ,28.2,74.0,30.1,74.3,28.3,72.5,30.0,71.0,27.7,69.4,24.8,90.6,31.7,72.8,31.1,79.5,40,2016-06-29,DJ,6,2,29,Wednesday,False,0,0,0,0,0,0,0,0,0.0,0.0,0.0,0.0,0.0,0.0,0.0,0.0,0,False
2883,20160629_GB,26.6125,74.545833333,27.975,71.575,28.133333333000003,70.0375,29.495833333,62.029166667,28.133333333000003,57.529166667,24.758333333000003,87.64166666700001,30.066666667,70.05,26.354166666999998,82.1,76,2016-06-29,GB,6,2,29,Wednesday,False,0,0,0,0,0,0,0,0,0.0,0.0,0.0,0.0,0.0,0.0,0.0,0.0,0,False
2884,20160629_GG,29.435714286,67.471428571,30.0,67.028571429,29.380952381,65.585714286,30.326190476,66.292857143,27.002380952,68.319047619,26.180952380999997,83.94047619,30.288095238,76.616666667,30.202380952,78.34047619,219,2016-06-29,GG,6,2,29,Wednesday,False,0,0,0,0,0,0,0,0,0.0,0.0,0.0,0.0,0.0,0.0,0.0,0.0,0,False
2885,20160629_GJ,25.8,85.4,26.0,77.4,25.7,78.6,29.7,70.9,28.0,75.3,25.6,92.4,30.3,84.6,24.9,93.4,38,2016-06-29,GJ,6,2,29,Wednesday,False,0,0,0,0,0,0,0,0,0.0,0.0,0.0,0.0,0.0,0.0,0.0,0.0,0,False
2886,20160629_GN,25.468181818,84.231818182,25.963636364,76.268181818,24.977272727,85.80909090899999,29.909090909,67.01363636399999,27.4,64.681818182,26.290909091,87.140909091,28.918181818,75.759090909,23.368181818000004,92.85,66,2016-06-29,GN,6,2,29,Wednesday,False,0,0,0,0,0,0,0,0,0.0,0.0,0.0,0.0,0.0,0.0,0.0,0.0,0,False
2887,20160629_GW,28.3,71.411111111,28.172222222,71.84444444399999,27.55,70.505555556,29.111111111,63.533333333,26.005555555999997,62.233333333000004,23.488888889000002,87.29444444399999,28.322222221999997,76.15555555600001,27.411111111,81.222222222,42,2016-06-29,GW,6,2,29,Wednesday,False,0,0,0,0,0,0,0,0,0.0,0.0,0.0,0.0,0.0,0.0,0.0,0.0,0,False
2888,20160629_IC,28.16,86.28,26.58,90.07,27.67,80.21,27.39,84.41,25.39,83.59,25.6,91.6,28.02,93.45,27.12,93.12,62,2016-06-29,IC,6,2,29,Wednesday,False,0,0,0,0,0,0,0,0,0.0,0.0,0.0,0.0,0.0,0.0,0.0,0.0,0,False
2889,20160629_JB,26.806666667,77.74,27.22,78.653333333,26.746666667,77.833333333,28.453333333000003,71.726666667,26.686666666999997,72.406666667,24.553333333,88.84,29.9,78.14,27.066666667,83.633333333,71,2016-06-29,JB,6,2,29,Wednesday,False,0,0,0,0,0,0,0,0,0.0,0.0,0.0,0.0,0.0,0.0,0.0,0.0,0,False
2890,20160629_JJ,24.25,96.3,22.3,90.45,22.1,85.2,27.6,81.15,25.45,81.45,30.0,86.95,27.3,89.6,25.4,97.75,13,2016-06-29,JJ,6,2,29,Wednesday,False,0,0,0,0,0,0,0,0,0.0,0.0,0.0,0.0,0.0,0.0,0.0,0.0,0,False
2891,20160629_JN,24.377272726999998,87.9,24.595454545,81.44090909100001,24.127272726999998,85.886363636,28.990909091,74.55,27.063636364,72.372727273,25.559090909000002,90.322727273,28.413636364000002,84.995454545,23.445454545,93.295454545,59,2016-06-29,JN,6,2,29,Wednesday,False,0,0,0,0,0,0,0,0,0.0,0.0,0.0,0.0,0.0,0.0,0.0,0.0,0,False
2892,20160629_SU,30.2,58.0,29.7,61.1,29.5,55.5,30.3,58.4,26.7,63.1,25.7,75.8,29.4,71.0,30.2,75.1,245,2016-06-29,SU,6,2,29,Wednesday,False,0,0,0,0,0,0,0,0,0.0,0.0,0.0,0.0,0.0,0.0,0.0,0.0,0,False
2893,20160629_US,25.0,89.4,26.1,77.5,27.0,85.4,28.7,69.4,27.3,66.6,24.7,93.8,27.4,82.1,23.1,96.1,17,2016-06-29,US,6,2,29,Wednesday,False,0,0,0,0,0,0,0,0,0.0,0.0,0.0,0.0,0.0,0.0,0.0,0.0,0,False
2894,20160630_BS,27.2,84.0,25.1,86.3,25.3,72.6,23.4,93.0,28.6,70.9,25.7,67.6,24.2,92.9,26.6,79.3,59,2016-06-30,BS,6,3,30,Thursday,False,0,0,0,0,0,0,0,0,0.0,0.0,0.0,0.0,0.0,0.0,0.0,0.0,0,False
2895,20160630_CB,29.433333333,74.153333333,28.173333333000002,65.0,29.773333333000004,63.013333333,28.773333333000004,63.913333333000004,29.713333333,60.426666667,27.813333333000003,60.306666666999995,24.96,85.16,31.713333333,65.413333333,36,2016-06-30,CB,6,3,30,Thursday,False,0,0,0,0,0,0,0,0,0.0,0.0,0.0,0.0,0.0,0.0,0.0,0.0,0,False
2896,20160630_CN,27.58125,86.98125,27.2125,82.425,29.73125,76.98125,28.5125,76.89375,28.94375,76.21875,26.75625,75.5125,25.54375,90.86875,29.6125,83.125,53,2016-06-30,CN,6,3,30,Thursday,False,0,0,0,0,0,0,0,0,0.0,0.0,0.0,0.0,0.0,0.0,0.0,0.0,0,False
2897,20160630_DG,32.3,70.3,26.6,71.5,27.8,68.8,27.8,72.9,30.9,53.3,29.6,47.4,25.5,81.0,32.7,60.1,46,2016-06-30,DG,6,3,30,Thursday,False,0,0,0,0,0,0,0,0,0.0,0.0,0.0,0.0,0.0,0.0,0.0,0.0,0,False
2898,20160630_DJ,29.2,82.1,28.2,74.0,30.1,74.3,28.3,72.5,30.0,71.0,27.7,69.4,24.8,90.6,31.7,72.8,38,2016-06-30,DJ,6,3,30,Thursday,False,0,0,0,0,0,0,0,0,0.0,0.0,0.0,0.0,0.0,0.0,0.0,0.0,0,False
2899,20160630_GB,31.216666667,73.920833333,26.6125,74.545833333,27.975,71.575,28.133333333000003,70.0375,29.495833333,62.029166667,28.133333333000003,57.529166667,24.758333333000003,87.64166666700001,30.066666667,70.05,49,2016-06-30,GB,6,3,30,Thursday,False,0,0,0,0,0,0,0,0,0.0,0.0,0.0,0.0,0.0,0.0,0.0,0.0,0,False
2900,20160630_GG,28.064285714,82.642857143,29.435714286,67.471428571,30.0,67.028571429,29.380952381,65.585714286,30.326190476,66.292857143,27.002380952,68.319047619,26.180952380999997,83.94047619,30.288095238,76.616666667,182,2016-06-30,GG,6,3,30,Thursday,False,0,0,0,0,0,0,0,0,0.0,0.0,0.0,0.0,0.0,0.0,0.0,0.0,0,False
2901,20160630_GJ,29.6,87.5,25.8,85.4,26.0,77.4,25.7,78.6,29.7,70.9,28.0,75.3,25.6,92.4,30.3,84.6,37,2016-06-30,GJ,6,3,30,Thursday,False,0,0,0,0,0,0,0,0,0.0,0.0,0.0,0.0,0.0,0.0,0.0,0.0,0,False
2902,20160630_GN,28.663636364000002,83.5,25.468181818,84.231818182,25.963636364,76.268181818,24.977272727,85.80909090899999,29.909090909,67.01363636399999,27.4,64.681818182,26.290909091,87.140909091,28.918181818,75.759090909,66,2016-06-30,GN,6,3,30,Thursday,False,0,0,0,0,0,0,0,0,0.0,0.0,0.0,0.0,0.0,0.0,0.0,0.0,0,False
2903,20160630_GW,28.75,76.055555556,28.3,71.411111111,28.172222222,71.84444444399999,27.55,70.505555556,29.111111111,63.533333333,26.005555555999997,62.233333333000004,23.488888889000002,87.29444444399999,28.322222221999997,76.15555555600001,28,2016-06-30,GW,6,3,30,Thursday,False,0,0,0,0,0,0,0,0,0.0,0.0,0.0,0.0,0.0,0.0,0.0,0.0,0,False
2904,20160630_IC,25.02,96.63,28.16,86.28,26.58,90.07,27.67,80.21,27.39,84.41,25.39,83.59,25.6,91.6,28.02,93.45,50,2016-06-30,IC,6,3,30,Thursday,False,0,0,0,0,0,0,0,0,0.0,0.0,0.0,0.0,0.0,0.0,0.0,0.0,0,False
2905,20160630_JB,29.946666667,78.57333333300001,26.806666667,77.74,27.22,78.653333333,26.746666667,77.833333333,28.453333333000003,71.726666667,26.686666666999997,72.406666667,24.553333333,88.84,29.9,78.14,88,2016-06-30,JB,6,3,30,Thursday,False,0,0,0,0,0,0,0,0,0.0,0.0,0.0,0.0,0.0,0.0,0.0,0.0,0,False
2906,20160630_JJ,27.0,89.0,24.25,96.3,22.3,90.45,22.1,85.2,27.6,81.15,25.45,81.45,30.0,86.95,27.3,89.6,14,2016-06-30,JJ,6,3,30,Thursday,False,0,0,0,0,0,0,0,0,0.0,0.0,0.0,0.0,0.0,0.0,0.0,0.0,0,False
2907,20160630_JN,27.804545455,88.709090909,24.377272726999998,87.9,24.595454545,81.44090909100001,24.127272726999998,85.886363636,28.990909091,74.55,27.063636364,72.372727273,25.559090909000002,90.322727273,28.413636364000002,84.995454545,61,2016-06-30,JN,6,3,30,Thursday,False,0,0,0,0,0,0,0,0,0.0,0.0,0.0,0.0,0.0,0.0,0.0,0.0,0,False
2908,20160630_SU,26.9,78.1,30.2,58.0,29.7,61.1,29.5,55.5,30.3,58.4,26.7,63.1,25.7,75.8,29.4,71.0,209,2016-06-30,SU,6,3,30,Thursday,False,0,0,0,0,0,0,0,0,0.0,0.0,0.0,0.0,0.0,0.0,0.0,0.0,0,False
2909,20160630_US,30.0,80.4,25.0,89.4,26.1,77.5,27.0,85.4,28.7,69.4,27.3,66.6,24.7,93.8,27.4,82.1,11,2016-06-30,US,6,3,30,Thursday,False,0,0,0,0,0,0,0,0,0.0,0.0,0.0,0.0,0.0,0.0,0.0,0.0,0,False
2910,20160701_BS,24.0,94.9,27.2,84.0,25.1,86.3,25.3,72.6,23.4,93.0,28.6,70.9,25.7,67.6,24.2,92.9,639,2016-07-01,BS,7,4,1,Friday,False,0,0,0,0,0,0,0,0,0.0,0.0,0.0,0.0,0.0,0.0,0.0,0.0,1,False
2911,20160701_CB,28.98,84.646666667,29.433333333,74.153333333,28.173333333000002,65.0,29.773333333000004,63.013333333,28.773333333000004,63.913333333000004,29.713333333,60.426666667,27.813333333000003,60.306666666999995,24.96,85.16,116,2016-07-01,CB,7,4,1,Friday,False,0,0,0,0,0,0,0,0,0.0,0.0,0.0,0.0,0.0,0.0,0.0,0.0,1,False
2912,20160701_CN,28.2875,91.3375,27.58125,86.98125,27.2125,82.425,29.73125,76.98125,28.5125,76.89375,28.94375,76.21875,26.75625,75.5125,25.54375,90.86875,273,2016-07-01,CN,7,4,1,Friday,False,0,0,0,0,0,0,0,0,0.0,0.0,0.0,0.0,0.0,0.0,0.0,0.0,1,False
2913,20160701_DG,28.5,79.5,32.3,70.3,26.6,71.5,27.8,68.8,27.8,72.9,30.9,53.3,29.6,47.4,25.5,81.0,289,2016-07-01,DG,7,4,1,Friday,False,0,0,0,0,0,0,0,0,0.0,0.0,0.0,0.0,0.0,0.0,0.0,0.0,1,False
2914,20160701_DJ,29.8,89.1,29.2,82.1,28.2,74.0,30.1,74.3,28.3,72.5,30.0,71.0,27.7,69.4,24.8,90.6,204,2016-07-01,DJ,7,4,1,Friday,False,0,0,0,0,0,0,0,0,0.0,0.0,0.0,0.0,0.0,0.0,0.0,0.0,1,False
2915,20160701_GB,28.620833333,85.87916666699999,31.216666667,73.920833333,26.6125,74.545833333,27.975,71.575,28.133333333000003,70.0375,29.495833333,62.029166667,28.133333333000003,57.529166667,24.758333333000003,87.64166666700001,354,2016-07-01,GB,7,4,1,Friday,False,0,0,0,0,0,0,0,0,0.0,0.0,0.0,0.0,0.0,0.0,0.0,0.0,1,False
2916,20160701_GG,27.302380951999996,90.492857143,28.064285714,82.642857143,29.435714286,67.471428571,30.0,67.028571429,29.380952381,65.585714286,30.326190476,66.292857143,27.002380952,68.319047619,26.180952380999997,83.94047619,897,2016-07-01,GG,7,4,1,Friday,False,0,0,0,0,0,0,0,0,0.0,0.0,0.0,0.0,0.0,0.0,0.0,0.0,1,False
2917,20160701_GJ,27.0,93.8,29.6,87.5,25.8,85.4,26.0,77.4,25.7,78.6,29.7,70.9,28.0,75.3,25.6,92.4,209,2016-07-01,GJ,7,4,1,Friday,False,0,0,0,0,0,0,0,0,0.0,0.0,0.0,0.0,0.0,0.0,0.0,0.0,1,False
2918,20160701_GN,25.931818181999997,90.81363636399999,28.663636364000002,83.5,25.468181818,84.231818182,25.963636364,76.268181818,24.977272727,85.80909090899999,29.909090909,67.01363636399999,27.4,64.681818182,26.290909091,87.140909091,465,2016-07-01,GN,7,4,1,Friday,False,0,0,0,0,0,0,0,0,0.0,0.0,0.0,0.0,0.0,0.0,0.0,0.0,1,False
2919,20160701_GW,28.2,84.96111111100001,28.75,76.055555556,28.3,71.411111111,28.172222222,71.84444444399999,27.55,70.505555556,29.111111111,63.533333333,26.005555555999997,62.233333333000004,23.488888889000002,87.29444444399999,95,2016-07-01,GW,7,4,1,Friday,False,0,0,0,0,0,0,0,0,0.0,0.0,0.0,0.0,0.0,0.0,0.0,0.0,1,False
2920,20160701_IC,26.07,96.73,25.02,96.63,28.16,86.28,26.58,90.07,27.67,80.21,27.39,84.41,25.39,83.59,25.6,91.6,162,2016-07-01,IC,7,4,1,Friday,False,0,0,0,0,0,0,0,0,0.0,0.0,0.0,0.0,0.0,0.0,0.0,0.0,1,False
2921,20160701_JB,28.446666667,84.2,29.946666667,78.57333333300001,26.806666667,77.74,27.22,78.653333333,26.746666667,77.833333333,28.453333333000003,71.726666667,26.686666666999997,72.406666667,24.553333333,88.84,398,2016-07-01,JB,7,4,1,Friday,False,0,0,0,0,0,0,0,0,0.0,0.0,0.0,0.0,0.0,0.0,0.0,0.0,1,False
2922,20160701_JJ,27.15,88.05,27.0,89.0,24.25,96.3,22.3,90.45,22.1,85.2,27.6,81.15,25.45,81.45,30.0,86.95,29,2016-07-01,JJ,7,4,1,Friday,False,0,0,0,0,0,0,0,0,0.0,0.0,0.0,0.0,0.0,0.0,0.0,0.0,1,False
2923,20160701_JN,26.477272727,92.55909090899999,27.804545455,88.709090909,24.377272726999998,87.9,24.595454545,81.44090909100001,24.127272726999998,85.886363636,28.990909091,74.55,27.063636364,72.372727273,25.559090909000002,90.322727273,284,2016-07-01,JN,7,4,1,Friday,False,0,0,0,0,0,0,0,0,0.0,0.0,0.0,0.0,0.0,0.0,0.0,0.0,1,False
2924,20160701_SU,26.6,86.5,26.9,78.1,30.2,58.0,29.7,61.1,29.5,55.5,30.3,58.4,26.7,63.1,25.7,75.8,554,2016-07-01,SU,7,4,1,Friday,False,0,0,0,0,0,0,0,0,0.0,0.0,0.0,0.0,0.0,0.0,0.0,0.0,1,False
2925,20160701_US,26.1,94.8,30.0,80.4,25.0,89.4,26.1,77.5,27.0,85.4,28.7,69.4,27.3,66.6,24.7,93.8,137,2016-07-01,US,7,4,1,Friday,False,0,0,0,0,0,0,0,0,0.0,0.0,0.0,0.0,0.0,0.0,0.0,0.0,1,False
2926,20160702_BS,24.4,94.9,24.0,94.9,27.2,84.0,25.1,86.3,25.3,72.6,23.4,93.0,28.6,70.9,25.7,67.6,20,2016-07-02,BS,7,5,2,Saturday,False,0,0,0,0,0,0,0,0,0.0,0.0,0.0,0.0,0.0,0.0,0.0,0.0,0,True
2927,20160702_CB,28.166666666999998,80.206666667,28.98,84.646666667,29.433333333,74.153333333,28.173333333000002,65.0,29.773333333000004,63.013333333,28.773333333000004,63.913333333000004,29.713333333,60.426666667,27.813333333000003,60.306666666999995,12,2016-07-02,CB,7,5,2,Saturday,False,0,0,0,0,0,0,0,0,0.0,0.0,0.0,0.0,0.0,0.0,0.0,0.0,0,True
2928,20160702_CN,27.71875,89.275,28.2875,91.3375,27.58125,86.98125,27.2125,82.425,29.73125,76.98125,28.5125,76.89375,28.94375,76.21875,26.75625,75.5125,23,2016-07-02,CN,7,5,2,Saturday,False,0,0,0,0,0,0,0,0,0.0,0.0,0.0,0.0,0.0,0.0,0.0,0.0,0,True
2929,20160702_DG,28.3,81.6,28.5,79.5,32.3,70.3,26.6,71.5,27.8,68.8,27.8,72.9,30.9,53.3,29.6,47.4,19,2016-07-02,DG,7,5,2,Saturday,False,0,0,0,0,0,0,0,0,0.0,0.0,0.0,0.0,0.0,0.0,0.0,0.0,0,True
2930,20160702_DJ,28.0,86.8,29.8,89.1,29.2,82.1,28.2,74.0,30.1,74.3,28.3,72.5,30.0,71.0,27.7,69.4,11,2016-07-02,DJ,7,5,2,Saturday,False,0,0,0,0,0,0,0,0,0.0,0.0,0.0,0.0,0.0,0.0,0.0,0.0,0,True
2931,20160702_GB,27.841666667,85.008333333,28.620833333,85.87916666699999,31.216666667,73.920833333,26.6125,74.545833333,27.975,71.575,28.133333333000003,70.0375,29.495833333,62.029166667,28.133333333000003,57.529166667,22,2016-07-02,GB,7,5,2,Saturday,False,0,0,0,0,0,0,0,0,0.0,0.0,0.0,0.0,0.0,0.0,0.0,0.0,0,True
2932,20160702_GG,27.452380952,84.976190476,27.302380951999996,90.492857143,28.064285714,82.642857143,29.435714286,67.471428571,30.0,67.028571429,29.380952381,65.585714286,30.326190476,66.292857143,27.002380952,68.319047619,63,2016-07-02,GG,7,5,2,Saturday,False,0,0,0,0,0,0,0,0,0.0,0.0,0.0,0.0,0.0,0.0,0.0,0.0,0,True
2933,20160702_GJ,25.0,98.6,27.0,93.8,29.6,87.5,25.8,85.4,26.0,77.4,25.7,78.6,29.7,70.9,28.0,75.3,13,2016-07-02,GJ,7,5,2,Saturday,False,0,0,0,0,0,0,0,0,0.0,0.0,0.0,0.0,0.0,0.0,0.0,0.0,0,True
2934,20160702_GN,26.363636364,90.92272727299999,25.931818181999997,90.81363636399999,28.663636364000002,83.5,25.468181818,84.231818182,25.963636364,76.268181818,24.977272727,85.80909090899999,29.909090909,67.01363636399999,27.4,64.681818182,24,2016-07-02,GN,7,5,2,Saturday,False,0,0,0,0,0,0,0,0,0.0,0.0,0.0,0.0,0.0,0.0,0.0,0.0,0,True
2935,20160702_GW,26.588888889,82.216666667,28.2,84.96111111100001,28.75,76.055555556,28.3,71.411111111,28.172222222,71.84444444399999,27.55,70.505555556,29.111111111,63.533333333,26.005555555999997,62.233333333000004,8,2016-07-02,GW,7,5,2,Saturday,False,0,0,0,0,0,0,0,0,0.0,0.0,0.0,0.0,0.0,0.0,0.0,0.0,0,True
2936,20160702_IC,25.5,95.76,26.07,96.73,25.02,96.63,28.16,86.28,26.58,90.07,27.67,80.21,27.39,84.41,25.39,83.59,12,2016-07-02,IC,7,5,2,Saturday,False,0,0,0,0,0,0,0,0,0.0,0.0,0.0,0.0,0.0,0.0,0.0,0.0,0,True
2937,20160702_JB,26.7,89.973333333,28.446666667,84.2,29.946666667,78.57333333300001,26.806666667,77.74,27.22,78.653333333,26.746666667,77.833333333,28.453333333000003,71.726666667,26.686666666999997,72.406666667,30,2016-07-02,JB,7,5,2,Saturday,False,0,0,0,0,0,0,0,0,0.0,0.0,0.0,0.0,0.0,0.0,0.0,0.0,0,True
2938,20160702_JJ,26.7,94.2,27.15,88.05,27.0,89.0,24.25,96.3,22.3,90.45,22.1,85.2,27.6,81.15,25.45,81.45,6,2016-07-02,JJ,7,5,2,Saturday,False,0,0,0,0,0,0,0,0,0.0,0.0,0.0,0.0,0.0,0.0,0.0,0.0,0,True
2939,20160702_JN,25.236363636,94.93636363600001,26.477272727,92.55909090899999,27.804545455,88.709090909,24.377272726999998,87.9,24.595454545,81.44090909100001,24.127272726999998,85.886363636,28.990909091,74.55,27.063636364,72.372727273,18,2016-07-02,JN,7,5,2,Saturday,False,0,0,0,0,0,0,0,0,0.0,0.0,0.0,0.0,0.0,0.0,0.0,0.0,0,True
2940,20160702_SU,27.7,81.4,26.6,86.5,26.9,78.1,30.2,58.0,29.7,61.1,29.5,55.5,30.3,58.4,26.7,63.1,55,2016-07-02,SU,7,5,2,Saturday,False,0,0,0,0,0,0,0,0,0.0,0.0,0.0,0.0,0.0,0.0,0.0,0.0,0,True
2941,20160702_US,27.3,88.6,26.1,94.8,30.0,80.4,25.0,89.4,26.1,77.5,27.0,85.4,28.7,69.4,27.3,66.6,2,2016-07-02,US,7,5,2,Saturday,False,0,0,0,0,0,0,0,0,0.0,0.0,0.0,0.0,0.0,0.0,0.0,0.0,0,True
2942,20160703_BS,24.7,94.5,24.4,94.9,24.0,94.9,27.2,84.0,25.1,86.3,25.3,72.6,23.4,93.0,28.6,70.9,0,2016-07-03,BS,7,6,3,Sunday,False,0,0,0,0,0,0,0,0,0.0,0.0,0.0,0.0,0.0,0.0,0.0,0.0,0,True
2943,20160703_CB,25.266666667,80.833333333,28.166666666999998,80.206666667,28.98,84.646666667,29.433333333,74.153333333,28.173333333000002,65.0,29.773333333000004,63.013333333,28.773333333000004,63.913333333000004,29.713333333,60.426666667,0,2016-07-03,CB,7,6,3,Sunday,False,0,0,0,0,0,0,0,0,0.0,0.0,0.0,0.0,0.0,0.0,0.0,0.0,0,True
2944,20160703_CN,24.7375,92.4375,27.71875,89.275,28.2875,91.3375,27.58125,86.98125,27.2125,82.425,29.73125,76.98125,28.5125,76.89375,28.94375,76.21875,2,2016-07-03,CN,7,6,3,Sunday,False,0,0,0,0,0,0,0,0,0.0,0.0,0.0,0.0,0.0,0.0,0.0,0.0,0,True
2945,20160703_DG,26.7,88.0,28.3,81.6,28.5,79.5,32.3,70.3,26.6,71.5,27.8,68.8,27.8,72.9,30.9,53.3,2,2016-07-03,DG,7,6,3,Sunday,False,0,0,0,0,0,0,0,0,0.0,0.0,0.0,0.0,0.0,0.0,0.0,0.0,0,True
2946,20160703_DJ,24.4,91.0,28.0,86.8,29.8,89.1,29.2,82.1,28.2,74.0,30.1,74.3,28.3,72.5,30.0,71.0,1,2016-07-03,DJ,7,6,3,Sunday,False,0,0,0,0,0,0,0,0,0.0,0.0,0.0,0.0,0.0,0.0,0.0,0.0,0,True
2947,20160703_GB,26.475,86.004166667,27.841666667,85.008333333,28.620833333,85.87916666699999,31.216666667,73.920833333,26.6125,74.545833333,27.975,71.575,28.133333333000003,70.0375,29.495833333,62.029166667,0,2016-07-03,GB,7,6,3,Sunday,False,0,0,0,0,0,0,0,0,0.0,0.0,0.0,0.0,0.0,0.0,0.0,0.0,0,True
2948,20160703_GG,26.316666667,79.24047619,27.452380952,84.976190476,27.302380951999996,90.492857143,28.064285714,82.642857143,29.435714286,67.471428571,30.0,67.028571429,29.380952381,65.585714286,30.326190476,66.292857143,6,2016-07-03,GG,7,6,3,Sunday,False,0,0,0,0,0,0,0,0,0.0,0.0,0.0,0.0,0.0,0.0,0.0,0.0,0,True
2949,20160703_GJ,23.1,99.0,25.0,98.6,27.0,93.8,29.6,87.5,25.8,85.4,26.0,77.4,25.7,78.6,29.7,70.9,0,2016-07-03,GJ,7,6,3,Sunday,False,0,0,0,0,0,0,0,0,0.0,0.0,0.0,0.0,0.0,0.0,0.0,0.0,0,True
2950,20160703_GN,24.654545455,94.081818182,26.363636364,90.92272727299999,25.931818181999997,90.81363636399999,28.663636364000002,83.5,25.468181818,84.231818182,25.963636364,76.268181818,24.977272727,85.80909090899999,29.909090909,67.01363636399999,2,2016-07-03,GN,7,6,3,Sunday,False,0,0,0,0,0,0,0,0,0.0,0.0,0.0,0.0,0.0,0.0,0.0,0.0,0,True
2951,20160703_GW,26.705555556,78.516666667,26.588888889,82.216666667,28.2,84.96111111100001,28.75,76.055555556,28.3,71.411111111,28.172222222,71.84444444399999,27.55,70.505555556,29.111111111,63.533333333,1,2016-07-03,GW,7,6,3,Sunday,False,0,0,0,0,0,0,0,0,0.0,0.0,0.0,0.0,0.0,0.0,0.0,0.0,0,True
2952,20160703_IC,25.36,94.1,25.5,95.76,26.07,96.73,25.02,96.63,28.16,86.28,26.58,90.07,27.67,80.21,27.39,84.41,1,2016-07-03,IC,7,6,3,Sunday,False,0,0,0,0,0,0,0,0,0.0,0.0,0.0,0.0,0.0,0.0,0.0,0.0,0,True
2953,20160703_JB,23.973333333000003,93.76,26.7,89.973333333,28.446666667,84.2,29.946666667,78.57333333300001,26.806666667,77.74,27.22,78.653333333,26.746666667,77.833333333,28.453333333000003,71.726666667,1,2016-07-03,JB,7,6,3,Sunday,False,0,0,0,0,0,0,0,0,0.0,0.0,0.0,0.0,0.0,0.0,0.0,0.0,0,True
2954,20160703_JJ,26.9,96.4,26.7,94.2,27.15,88.05,27.0,89.0,24.25,96.3,22.3,90.45,22.1,85.2,27.6,81.15,0,2016-07-03,JJ,7,6,3,Sunday,False,0,0,0,0,0,0,0,0,0.0,0.0,0.0,0.0,0.0,0.0,0.0,0.0,0,True
2955,20160703_JN,23.013636364,95.954545455,25.236363636,94.93636363600001,26.477272727,92.55909090899999,27.804545455,88.709090909,24.377272726999998,87.9,24.595454545,81.44090909100001,24.127272726999998,85.886363636,28.990909091,74.55,0,2016-07-03,JN,7,6,3,Sunday,False,0,0,0,0,0,0,0,0,0.0,0.0,0.0,0.0,0.0,0.0,0.0,0.0,0,True
2956,20160703_SU,26.8,70.4,27.7,81.4,26.6,86.5,26.9,78.1,30.2,58.0,29.7,61.1,29.5,55.5,30.3,58.4,4,2016-07-03,SU,7,6,3,Sunday,False,0,0,0,0,0,0,0,0,0.0,0.0,0.0,0.0,0.0,0.0,0.0,0.0,0,True
2957,20160703_US,26.0,97.9,27.3,88.6,26.1,94.8,30.0,80.4,25.0,89.4,26.1,77.5,27.0,85.4,28.7,69.4,0,2016-07-03,US,7,6,3,Sunday,False,0,0,0,0,0,0,0,0,0.0,0.0,0.0,0.0,0.0,0.0,0.0,0.0,0,True
2958,20160704_BS,22.1,99.1,24.7,94.5,24.4,94.9,24.0,94.9,27.2,84.0,25.1,86.3,25.3,72.6,23.4,93.0,88,2016-07-04,BS,7,0,4,Monday,False,0,0,0,0,0,0,0,0,0.0,0.0,0.0,0.0,0.0,0.0,0.0,0.0,0,False
2959,20160704_CB,23.573333333,95.18666666700001,25.266666667,80.833333333,28.166666666999998,80.206666667,28.98,84.646666667,29.433333333,74.153333333,28.173333333000002,65.0,29.773333333000004,63.013333333,28.773333333000004,63.913333333000004,43,2016-07-04,CB,7,0,4,Monday,False,0,0,0,0,0,0,0,0,0.0,0.0,0.0,0.0,0.0,0.0,0.0,0.0,0,False
2960,20160704_CN,25.49375,97.60625,24.7375,92.4375,27.71875,89.275,28.2875,91.3375,27.58125,86.98125,27.2125,82.425,29.73125,76.98125,28.5125,76.89375,64,2016-07-04,CN,7,0,4,Monday,False,0,0,0,0,0,0,0,0,0.0,0.0,0.0,0.0,0.0,0.0,0.0,0.0,0,False
2961,20160704_DG,23.0,90.9,26.7,88.0,28.3,81.6,28.5,79.5,32.3,70.3,26.6,71.5,27.8,68.8,27.8,72.9,71,2016-07-04,DG,7,0,4,Monday,False,0,0,0,0,0,0,0,0,0.0,0.0,0.0,0.0,0.0,0.0,0.0,0.0,0,False
2962,20160704_DJ,24.6,97.0,24.4,91.0,28.0,86.8,29.8,89.1,29.2,82.1,28.2,74.0,30.1,74.3,28.3,72.5,38,2016-07-04,DJ,7,0,4,Monday,False,0,0,0,0,0,0,0,0,0.0,0.0,0.0,0.0,0.0,0.0,0.0,0.0,0,False
2963,20160704_GB,21.9625,96.025,26.475,86.004166667,27.841666667,85.008333333,28.620833333,85.87916666699999,31.216666667,73.920833333,26.6125,74.545833333,27.975,71.575,28.133333333000003,70.0375,85,2016-07-04,GB,7,0,4,Monday,False,0,0,0,0,0,0,0,0,0.0,0.0,0.0,0.0,0.0,0.0,0.0,0.0,0,False
2964,20160704_GG,23.9,91.564285714,26.316666667,79.24047619,27.452380952,84.976190476,27.302380951999996,90.492857143,28.064285714,82.642857143,29.435714286,67.471428571,30.0,67.028571429,29.380952381,65.585714286,231,2016-07-04,GG,7,0,4,Monday,False,0,0,0,0,0,0,0,0,0.0,0.0,0.0,0.0,0.0,0.0,0.0,0.0,0,False
2965,20160704_GJ,28.2,98.0,23.1,99.0,25.0,98.6,27.0,93.8,29.6,87.5,25.8,85.4,26.0,77.4,25.7,78.6,37,2016-07-04,GJ,7,0,4,Monday,False,0,0,0,0,0,0,0,0,0.0,0.0,0.0,0.0,0.0,0.0,0.0,0.0,0,False
2966,20160704_GN,26.513636364,94.195454545,24.654545455,94.081818182,26.363636364,90.92272727299999,25.931818181999997,90.81363636399999,28.663636364000002,83.5,25.468181818,84.231818182,25.963636364,76.268181818,24.977272727,85.80909090899999,77,2016-07-04,GN,7,0,4,Monday,False,0,0,0,0,0,0,0,0,0.0,0.0,0.0,0.0,0.0,0.0,0.0,0.0,0,False
2967,20160704_GW,22.272222221999996,92.46666666700001,26.705555556,78.516666667,26.588888889,82.216666667,28.2,84.96111111100001,28.75,76.055555556,28.3,71.411111111,28.172222222,71.84444444399999,27.55,70.505555556,33,2016-07-04,GW,7,0,4,Monday,False,0,0,0,0,0,0,0,0,0.0,0.0,0.0,0.0,0.0,0.0,0.0,0.0,0,False
2968,20160704_IC,24.27,95.66,25.36,94.1,25.5,95.76,26.07,96.73,25.02,96.63,28.16,86.28,26.58,90.07,27.67,80.21,45,2016-07-04,IC,7,0,4,Monday,False,0,0,0,0,0,0,0,0,0.0,0.0,0.0,0.0,0.0,0.0,0.0,0.0,0,False
2969,20160704_JB,27.96,91.353333333,23.973333333000003,93.76,26.7,89.973333333,28.446666667,84.2,29.946666667,78.57333333300001,26.806666667,77.74,27.22,78.653333333,26.746666667,77.833333333,101,2016-07-04,JB,7,0,4,Monday,False,0,0,0,0,0,0,0,0,0.0,0.0,0.0,0.0,0.0,0.0,0.0,0.0,0,False
2970,20160704_JJ,30.35,86.55,26.9,96.4,26.7,94.2,27.15,88.05,27.0,89.0,24.25,96.3,22.3,90.45,22.1,85.2,24,2016-07-04,JJ,7,0,4,Monday,False,0,0,0,0,0,0,0,0,0.0,0.0,0.0,0.0,0.0,0.0,0.0,0.0,0,False
2971,20160704_JN,27.440909090999998,94.9,23.013636364,95.954545455,25.236363636,94.93636363600001,26.477272727,92.55909090899999,27.804545455,88.709090909,24.377272726999998,87.9,24.595454545,81.44090909100001,24.127272726999998,85.886363636,71,2016-07-04,JN,7,0,4,Monday,False,0,0,0,0,0,0,0,0,0.0,0.0,0.0,0.0,0.0,0.0,0.0,0.0,0,False
2972,20160704_SU,24.1,85.1,26.8,70.4,27.7,81.4,26.6,86.5,26.9,78.1,30.2,58.0,29.7,61.1,29.5,55.5,238,2016-07-04,SU,7,0,4,Monday,False,0,0,0,0,0,0,0,0,0.0,0.0,0.0,0.0,0.0,0.0,0.0,0.0,0,False
2973,20160704_US,22.8,98.0,26.0,97.9,27.3,88.6,26.1,94.8,30.0,80.4,25.0,89.4,26.1,77.5,27.0,85.4,17,2016-07-04,US,7,0,4,Monday,False,0,0,0,0,0,0,0,0,0.0,0.0,0.0,0.0,0.0,0.0,0.0,0.0,0,False
2974,20160705_BS,26.1,98.3,22.1,99.1,24.7,94.5,24.4,94.9,24.0,94.9,27.2,84.0,25.1,86.3,25.3,72.6,92,2016-07-05,BS,7,1,5,Tuesday,False,0,0,0,0,0,0,0,0,0.0,0.0,0.0,0.0,0.0,0.0,0.0,0.0,0,False
2975,20160705_CB,29.82,85.166666667,23.573333333,95.18666666700001,25.266666667,80.833333333,28.166666666999998,80.206666667,28.98,84.646666667,29.433333333,74.153333333,28.173333333000002,65.0,29.773333333000004,63.013333333,29,2016-07-05,CB,7,1,5,Tuesday,False,0,0,0,0,0,0,0,0,0.0,0.0,0.0,0.0,0.0,0.0,0.0,0.0,0,False
2976,20160705_CN,28.65625,92.7,25.49375,97.60625,24.7375,92.4375,27.71875,89.275,28.2875,91.3375,27.58125,86.98125,27.2125,82.425,29.73125,76.98125,59,2016-07-05,CN,7,1,5,Tuesday,False,0,0,0,0,0,0,0,0,0.0,0.0,0.0,0.0,0.0,0.0,0.0,0.0,0,False
2977,20160705_DG,32.6,72.3,23.0,90.9,26.7,88.0,28.3,81.6,28.5,79.5,32.3,70.3,26.6,71.5,27.8,68.8,69,2016-07-05,DG,7,1,5,Tuesday,False,0,0,0,0,0,0,0,0,0.0,0.0,0.0,0.0,0.0,0.0,0.0,0.0,0,False
2978,20160705_DJ,30.4,90.0,24.6,97.0,24.4,91.0,28.0,86.8,29.8,89.1,29.2,82.1,28.2,74.0,30.1,74.3,30,2016-07-05,DJ,7,1,5,Tuesday,False,0,0,0,0,0,0,0,0,0.0,0.0,0.0,0.0,0.0,0.0,0.0,0.0,0,False
2979,20160705_GB,30.991666666999997,82.970833333,21.9625,96.025,26.475,86.004166667,27.841666667,85.008333333,28.620833333,85.87916666699999,31.216666667,73.920833333,26.6125,74.545833333,27.975,71.575,77,2016-07-05,GB,7,1,5,Tuesday,False,0,0,0,0,0,0,0,0,0.0,0.0,0.0,0.0,0.0,0.0,0.0,0.0,0,False
2980,20160705_GG,25.54047619,95.807142857,23.9,91.564285714,26.316666667,79.24047619,27.452380952,84.976190476,27.302380951999996,90.492857143,28.064285714,82.642857143,29.435714286,67.471428571,30.0,67.028571429,191,2016-07-05,GG,7,1,5,Tuesday,False,0,0,0,0,0,0,0,0,0.0,0.0,0.0,0.0,0.0,0.0,0.0,0.0,0,False
2981,20160705_GJ,30.9,92.6,28.2,98.0,23.1,99.0,25.0,98.6,27.0,93.8,29.6,87.5,25.8,85.4,26.0,77.4,42,2016-07-05,GJ,7,1,5,Tuesday,False,0,0,0,0,0,0,0,0,0.0,0.0,0.0,0.0,0.0,0.0,0.0,0.0,0,False
2982,20160705_GN,28.963636364,87.790909091,26.513636364,94.195454545,24.654545455,94.081818182,26.363636364,90.92272727299999,25.931818181999997,90.81363636399999,28.663636364000002,83.5,25.468181818,84.231818182,25.963636364,76.268181818,49,2016-07-05,GN,7,1,5,Tuesday,False,0,0,0,0,0,0,0,0,0.0,0.0,0.0,0.0,0.0,0.0,0.0,0.0,0,False
2983,20160705_GW,23.355555556,91.488888889,22.272222221999996,92.46666666700001,26.705555556,78.516666667,26.588888889,82.216666667,28.2,84.96111111100001,28.75,76.055555556,28.3,71.411111111,28.172222222,71.84444444399999,40,2016-07-05,GW,7,1,5,Tuesday,False,0,0,0,0,0,0,0,0,0.0,0.0,0.0,0.0,0.0,0.0,0.0,0.0,0,False
2984,20160705_IC,24.03,97.1,24.27,95.66,25.36,94.1,25.5,95.76,26.07,96.73,25.02,96.63,28.16,86.28,26.58,90.07,43,2016-07-05,IC,7,1,5,Tuesday,False,0,0,0,0,0,0,0,0,0.0,0.0,0.0,0.0,0.0,0.0,0.0,0.0,0,False
2985,20160705_JB,30.973333333000003,80.266666667,27.96,91.353333333,23.973333333000003,93.76,26.7,89.973333333,28.446666667,84.2,29.946666667,78.57333333300001,26.806666667,77.74,27.22,78.653333333,101,2016-07-05,JB,7,1,5,Tuesday,False,0,0,0,0,0,0,0,0,0.0,0.0,0.0,0.0,0.0,0.0,0.0,0.0,0,False
2986,20160705_JJ,30.45,80.75,30.35,86.55,26.9,96.4,26.7,94.2,27.15,88.05,27.0,89.0,24.25,96.3,22.3,90.45,17,2016-07-05,JJ,7,1,5,Tuesday,False,0,0,0,0,0,0,0,0,0.0,0.0,0.0,0.0,0.0,0.0,0.0,0.0,0,False
2987,20160705_JN,29.277272727,90.831818182,27.440909090999998,94.9,23.013636364,95.954545455,25.236363636,94.93636363600001,26.477272727,92.55909090899999,27.804545455,88.709090909,24.377272726999998,87.9,24.595454545,81.44090909100001,59,2016-07-05,JN,7,1,5,Tuesday,False,0,0,0,0,0,0,0,0,0.0,0.0,0.0,0.0,0.0,0.0,0.0,0.0,0,False
2988,20160705_SU,24.8,93.6,24.1,85.1,26.8,70.4,27.7,81.4,26.6,86.5,26.9,78.1,30.2,58.0,29.7,61.1,215,2016-07-05,SU,7,1,5,Tuesday,False,0,0,0,0,0,0,0,0,0.0,0.0,0.0,0.0,0.0,0.0,0.0,0.0,0,False
2989,20160705_US,29.9,89.3,22.8,98.0,26.0,97.9,27.3,88.6,26.1,94.8,30.0,80.4,25.0,89.4,26.1,77.5,16,2016-07-05,US,7,1,5,Tuesday,False,0,0,0,0,0,0,0,0,0.0,0.0,0.0,0.0,0.0,0.0,0.0,0.0,0,False
2990,20160706_BS,29.2,90.6,26.1,98.3,22.1,99.1,24.7,94.5,24.4,94.9,24.0,94.9,27.2,84.0,25.1,86.3,70,2016-07-06,BS,7,2,6,Wednesday,False,0,0,0,0,0,0,0,0,0.0,0.0,0.0,0.0,0.0,0.0,0.0,0.0,0,False
2991,20160706_CB,28.546666666999997,89.9,29.82,85.166666667,23.573333333,95.18666666700001,25.266666667,80.833333333,28.166666666999998,80.206666667,28.98,84.646666667,29.433333333,74.153333333,28.173333333000002,65.0,36,2016-07-06,CB,7,2,6,Wednesday,False,0,0,0,0,0,0,0,0,0.0,0.0,0.0,0.0,0.0,0.0,0.0,0.0,0,False
2992,20160706_CN,27.5875,93.48125,28.65625,92.7,25.49375,97.60625,24.7375,92.4375,27.71875,89.275,28.2875,91.3375,27.58125,86.98125,27.2125,82.425,55,2016-07-06,CN,7,2,6,Wednesday,False,0,0,0,0,0,0,0,0,0.0,0.0,0.0,0.0,0.0,0.0,0.0,0.0,0,False
2993,20160706_DG,31.0,88.4,32.6,72.3,23.0,90.9,26.7,88.0,28.3,81.6,28.5,79.5,32.3,70.3,26.6,71.5,55,2016-07-06,DG,7,2,6,Wednesday,False,0,0,0,0,0,0,0,0,0.0,0.0,0.0,0.0,0.0,0.0,0.0,0.0,0,False
2994,20160706_DJ,27.1,94.5,30.4,90.0,24.6,97.0,24.4,91.0,28.0,86.8,29.8,89.1,29.2,82.1,28.2,74.0,26,2016-07-06,DJ,7,2,6,Wednesday,False,0,0,0,0,0,0,0,0,0.0,0.0,0.0,0.0,0.0,0.0,0.0,0.0,0,False
2995,20160706_GB,26.008333333000003,93.2375,30.991666666999997,82.970833333,21.9625,96.025,26.475,86.004166667,27.841666667,85.008333333,28.620833333,85.87916666699999,31.216666667,73.920833333,26.6125,74.545833333,69,2016-07-06,GB,7,2,6,Wednesday,False,0,0,0,0,0,0,0,0,0.0,0.0,0.0,0.0,0.0,0.0,0.0,0.0,0,False
2996,20160706_GG,26.880952381,84.516666667,25.54047619,95.807142857,23.9,91.564285714,26.316666667,79.24047619,27.452380952,84.976190476,27.302380951999996,90.492857143,28.064285714,82.642857143,29.435714286,67.471428571,217,2016-07-06,GG,7,2,6,Wednesday,False,0,0,0,0,0,0,0,0,0.0,0.0,0.0,0.0,0.0,0.0,0.0,0.0,0,False
2997,20160706_GJ,29.4,97.4,30.9,92.6,28.2,98.0,23.1,99.0,25.0,98.6,27.0,93.8,29.6,87.5,25.8,85.4,33,2016-07-06,GJ,7,2,6,Wednesday,False,0,0,0,0,0,0,0,0,0.0,0.0,0.0,0.0,0.0,0.0,0.0,0.0,0,False
2998,20160706_GN,30.286363636,87.859090909,28.963636364,87.790909091,26.513636364,94.195454545,24.654545455,94.081818182,26.363636364,90.92272727299999,25.931818181999997,90.81363636399999,28.663636364000002,83.5,25.468181818,84.231818182,67,2016-07-06,GN,7,2,6,Wednesday,False,0,0,0,0,0,0,0,0,0.0,0.0,0.0,0.0,0.0,0.0,0.0,0.0,0,False
2999,20160706_GW,24.25,88.255555556,23.355555556,91.488888889,22.272222221999996,92.46666666700001,26.705555556,78.516666667,26.588888889,82.216666667,28.2,84.96111111100001,28.75,76.055555556,28.3,71.411111111,32,2016-07-06,GW,7,2,6,Wednesday,False,0,0,0,0,0,0,0,0,0.0,0.0,0.0,0.0,0.0,0.0,0.0,0.0,0,False
3000,20160706_IC,24.47,95.9,24.03,97.1,24.27,95.66,25.36,94.1,25.5,95.76,26.07,96.73,25.02,96.63,28.16,86.28,37,2016-07-06,IC,7,2,6,Wednesday,False,0,0,0,0,0,0,0,0,0.0,0.0,0.0,0.0,0.0,0.0,0.0,0.0,0,False
3001,20160706_JB,27.94,91.333333333,30.973333333000003,80.266666667,27.96,91.353333333,23.973333333000003,93.76,26.7,89.973333333,28.446666667,84.2,29.946666667,78.57333333300001,26.806666667,77.74,60,2016-07-06,JB,7,2,6,Wednesday,False,0,0,0,0,0,0,0,0,0.0,0.0,0.0,0.0,0.0,0.0,0.0,0.0,0,False
3002,20160706_JJ,30.75,85.9,30.45,80.75,30.35,86.55,26.9,96.4,26.7,94.2,27.15,88.05,27.0,89.0,24.25,96.3,18,2016-07-06,JJ,7,2,6,Wednesday,False,0,0,0,0,0,0,0,0,0.0,0.0,0.0,0.0,0.0,0.0,0.0,0.0,0,False
3003,20160706_JN,28.854545455,93.3,29.277272727,90.831818182,27.440909090999998,94.9,23.013636364,95.954545455,25.236363636,94.93636363600001,26.477272727,92.55909090899999,27.804545455,88.709090909,24.377272726999998,87.9,44,2016-07-06,JN,7,2,6,Wednesday,False,0,0,0,0,0,0,0,0,0.0,0.0,0.0,0.0,0.0,0.0,0.0,0.0,0,False
3004,20160706_SU,26.9,74.0,24.8,93.6,24.1,85.1,26.8,70.4,27.7,81.4,26.6,86.5,26.9,78.1,30.2,58.0,241,2016-07-06,SU,7,2,6,Wednesday,False,0,0,0,0,0,0,0,0,0.0,0.0,0.0,0.0,0.0,0.0,0.0,0.0,0,False
3005,20160706_US,30.0,91.0,29.9,89.3,22.8,98.0,26.0,97.9,27.3,88.6,26.1,94.8,30.0,80.4,25.0,89.4,10,2016-07-06,US,7,2,6,Wednesday,False,0,0,0,0,0,0,0,0,0.0,0.0,0.0,0.0,0.0,0.0,0.0,0.0,0,False
3006,20160707_BS,27.6,89.9,29.2,90.6,26.1,98.3,22.1,99.1,24.7,94.5,24.4,94.9,24.0,94.9,27.2,84.0,83,2016-07-07,BS,7,3,7,Thursday,False,0,0,0,0,0,0,0,0,0.0,0.0,0.0,0.0,0.0,0.0,0.0,0.0,0,False
3007,20160707_CB,29.026666666999997,82.913333333,28.546666666999997,89.9,29.82,85.166666667,23.573333333,95.18666666700001,25.266666667,80.833333333,28.166666666999998,80.206666667,28.98,84.646666667,29.433333333,74.153333333,26,2016-07-07,CB,7,3,7,Thursday,False,0,0,0,0,0,0,0,0,0.0,0.0,0.0,0.0,0.0,0.0,0.0,0.0,0,False
3008,20160707_CN,28.325,90.09375,27.5875,93.48125,28.65625,92.7,25.49375,97.60625,24.7375,92.4375,27.71875,89.275,28.2875,91.3375,27.58125,86.98125,54,2016-07-07,CN,7,3,7,Thursday,False,0,0,0,0,0,0,0,0,0.0,0.0,0.0,0.0,0.0,0.0,0.0,0.0,0,False
3009,20160707_DG,32.6,76.3,31.0,88.4,32.6,72.3,23.0,90.9,26.7,88.0,28.3,81.6,28.5,79.5,32.3,70.3,62,2016-07-07,DG,7,3,7,Thursday,False,0,0,0,0,0,0,0,0,0.0,0.0,0.0,0.0,0.0,0.0,0.0,0.0,0,False
3010,20160707_DJ,30.3,87.0,27.1,94.5,30.4,90.0,24.6,97.0,24.4,91.0,28.0,86.8,29.8,89.1,29.2,82.1,34,2016-07-07,DJ,7,3,7,Thursday,False,0,0,0,0,0,0,0,0,0.0,0.0,0.0,0.0,0.0,0.0,0.0,0.0,0,False
3011,20160707_GB,29.066666667,87.139130435,26.008333333000003,93.2375,30.991666666999997,82.970833333,21.9625,96.025,26.475,86.004166667,27.841666667,85.008333333,28.620833333,85.87916666699999,31.216666667,73.920833333,67,2016-07-07,GB,7,3,7,Thursday,False,0,0,0,0,0,0,0,0,0.0,0.0,0.0,0.0,0.0,0.0,0.0,0.0,0,False
3012,20160707_GG,28.247619048,79.8,26.880952381,84.516666667,25.54047619,95.807142857,23.9,91.564285714,26.316666667,79.24047619,27.452380952,84.976190476,27.302380951999996,90.492857143,28.064285714,82.642857143,186,2016-07-07,GG,7,3,7,Thursday,False,0,0,0,0,0,0,0,0,0.0,0.0,0.0,0.0,0.0,0.0,0.0,0.0,0,False
3013,20160707_GJ,31.8,89.9,29.4,97.4,30.9,92.6,28.2,98.0,23.1,99.0,25.0,98.6,27.0,93.8,29.6,87.5,32,2016-07-07,GJ,7,3,7,Thursday,False,0,0,0,0,0,0,0,0,0.0,0.0,0.0,0.0,0.0,0.0,0.0,0.0,0,False
3014,20160707_GN,30.822727273,84.859090909,30.286363636,87.859090909,28.963636364,87.790909091,26.513636364,94.195454545,24.654545455,94.081818182,26.363636364,90.92272727299999,25.931818181999997,90.81363636399999,28.663636364000002,83.5,64,2016-07-07,GN,7,3,7,Thursday,False,0,0,0,0,0,0,0,0,0.0,0.0,0.0,0.0,0.0,0.0,0.0,0.0,0,False
3015,20160707_GW,25.744444444000003,83.561111111,24.25,88.255555556,23.355555556,91.488888889,22.272222221999996,92.46666666700001,26.705555556,78.516666667,26.588888889,82.216666667,28.2,84.96111111100001,28.75,76.055555556,41,2016-07-07,GW,7,3,7,Thursday,False,0,0,0,0,0,0,0,0,0.0,0.0,0.0,0.0,0.0,0.0,0.0,0.0,0,False
3016,20160707_IC,26.73,89.45,24.47,95.9,24.03,97.1,24.27,95.66,25.36,94.1,25.5,95.76,26.07,96.73,25.02,96.63,39,2016-07-07,IC,7,3,7,Thursday,False,0,0,0,0,0,0,0,0,0.0,0.0,0.0,0.0,0.0,0.0,0.0,0.0,0,False
3017,20160707_JB,30.066666667,86.40666666700001,27.94,91.333333333,30.973333333000003,80.266666667,27.96,91.353333333,23.973333333000003,93.76,26.7,89.973333333,28.446666667,84.2,29.946666667,78.57333333300001,70,2016-07-07,JB,7,3,7,Thursday,False,0,0,0,0,0,0,0,0,0.0,0.0,0.0,0.0,0.0,0.0,0.0,0.0,0,False
3018,20160707_JJ,30.55,82.6,30.75,85.9,30.45,80.75,30.35,86.55,26.9,96.4,26.7,94.2,27.15,88.05,27.0,89.0,9,2016-07-07,JJ,7,3,7,Thursday,False,0,0,0,0,0,0,0,0,0.0,0.0,0.0,0.0,0.0,0.0,0.0,0.0,0,False
3019,20160707_JN,30.268181818000002,88.131818182,28.854545455,93.3,29.277272727,90.831818182,27.440909090999998,94.9,23.013636364,95.954545455,25.236363636,94.93636363600001,26.477272727,92.55909090899999,27.804545455,88.709090909,61,2016-07-07,JN,7,3,7,Thursday,False,0,0,0,0,0,0,0,0,0.0,0.0,0.0,0.0,0.0,0.0,0.0,0.0,0,False
3020,20160707_SU,28.5,71.6,26.9,74.0,24.8,93.6,24.1,85.1,26.8,70.4,27.7,81.4,26.6,86.5,26.9,78.1,247,2016-07-07,SU,7,3,7,Thursday,False,0,0,0,0,0,0,0,0,0.0,0.0,0.0,0.0,0.0,0.0,0.0,0.0,0,False
3021,20160707_US,27.7,93.4,30.0,91.0,29.9,89.3,22.8,98.0,26.0,97.9,27.3,88.6,26.1,94.8,30.0,80.4,10,2016-07-07,US,7,3,7,Thursday,False,0,0,0,0,0,0,0,0,0.0,0.0,0.0,0.0,0.0,0.0,0.0,0.0,0,False
3022,20160708_BS,30.4,86.6,27.6,89.9,29.2,90.6,26.1,98.3,22.1,99.1,24.7,94.5,24.4,94.9,24.0,94.9,73,2016-07-08,BS,7,4,8,Friday,False,0,0,0,0,0,0,0,0,0.0,0.0,0.0,0.0,0.0,0.0,0.0,0.0,0,False
3023,20160708_CB,32.766666666999996,71.793333333,29.026666666999997,82.913333333,28.546666666999997,89.9,29.82,85.166666667,23.573333333,95.18666666700001,25.266666667,80.833333333,28.166666666999998,80.206666667,28.98,84.646666667,26,2016-07-08,CB,7,4,8,Friday,False,0,0,0,0,0,0,0,0,0.0,0.0,0.0,0.0,0.0,0.0,0.0,0.0,0,False
3024,20160708_CN,32.30625,79.26875,28.325,90.09375,27.5875,93.48125,28.65625,92.7,25.49375,97.60625,24.7375,92.4375,27.71875,89.275,28.2875,91.3375,55,2016-07-08,CN,7,4,8,Friday,False,0,0,0,0,0,0,0,0,0.0,0.0,0.0,0.0,0.0,0.0,0.0,0.0,0,False
3025,20160708_DG,31.7,70.5,32.6,76.3,31.0,88.4,32.6,72.3,23.0,90.9,26.7,88.0,28.3,81.6,28.5,79.5,73,2016-07-08,DG,7,4,8,Friday,False,0,0,0,0,0,0,0,0,0.0,0.0,0.0,0.0,0.0,0.0,0.0,0.0,0,False
3026,20160708_DJ,32.6,77.4,30.3,87.0,27.1,94.5,30.4,90.0,24.6,97.0,24.4,91.0,28.0,86.8,29.8,89.1,37,2016-07-08,DJ,7,4,8,Friday,False,0,0,0,0,0,0,0,0,0.0,0.0,0.0,0.0,0.0,0.0,0.0,0.0,0,False
3027,20160708_GB,31.045833333,78.75,29.066666667,87.139130435,26.008333333000003,93.2375,30.991666666999997,82.970833333,21.9625,96.025,26.475,86.004166667,27.841666667,85.008333333,28.620833333,85.87916666699999,61,2016-07-08,GB,7,4,8,Friday,False,0,0,0,0,0,0,0,0,0.0,0.0,0.0,0.0,0.0,0.0,0.0,0.0,0,False
3028,20160708_GG,32.716666667,73.311904762,28.247619048,79.8,26.880952381,84.516666667,25.54047619,95.807142857,23.9,91.564285714,26.316666667,79.24047619,27.452380952,84.976190476,27.302380951999996,90.492857143,155,2016-07-08,GG,7,4,8,Friday,False,0,0,0,0,0,0,0,0,0.0,0.0,0.0,0.0,0.0,0.0,0.0,0.0,0,False
3029,20160708_GJ,31.5,86.3,31.8,89.9,29.4,97.4,30.9,92.6,28.2,98.0,23.1,99.0,25.0,98.6,27.0,93.8,40,2016-07-08,GJ,7,4,8,Friday,False,0,0,0,0,0,0,0,0,0.0,0.0,0.0,0.0,0.0,0.0,0.0,0.0,0,False
3030,20160708_GN,30.540909091,83.527272727,30.822727273,84.859090909,30.286363636,87.859090909,28.963636364,87.790909091,26.513636364,94.195454545,24.654545455,94.081818182,26.363636364,90.92272727299999,25.931818181999997,90.81363636399999,68,2016-07-08,GN,7,4,8,Friday,False,0,0,0,0,0,0,0,0,0.0,0.0,0.0,0.0,0.0,0.0,0.0,0.0,0,False
3031,20160708_GW,30.4,79.361111111,25.744444444000003,83.561111111,24.25,88.255555556,23.355555556,91.488888889,22.272222221999996,92.46666666700001,26.705555556,78.516666667,26.588888889,82.216666667,28.2,84.96111111100001,39,2016-07-08,GW,7,4,8,Friday,False,0,0,0,0,0,0,0,0,0.0,0.0,0.0,0.0,0.0,0.0,0.0,0.0,0,False
3032,20160708_IC,30.42,88.5,26.73,89.45,24.47,95.9,24.03,97.1,24.27,95.66,25.36,94.1,25.5,95.76,26.07,96.73,47,2016-07-08,IC,7,4,8,Friday,False,0,0,0,0,0,0,0,0,0.0,0.0,0.0,0.0,0.0,0.0,0.0,0.0,0,False
3033,20160708_JB,32.013333333,79.333333333,30.066666667,86.40666666700001,27.94,91.333333333,30.973333333000003,80.266666667,27.96,91.353333333,23.973333333000003,93.76,26.7,89.973333333,28.446666667,84.2,71,2016-07-08,JB,7,4,8,Friday,False,0,0,0,0,0,0,0,0,0.0,0.0,0.0,0.0,0.0,0.0,0.0,0.0,0,False
3034,20160708_JJ,28.4,85.65,30.55,82.6,30.75,85.9,30.45,80.75,30.35,86.55,26.9,96.4,26.7,94.2,27.15,88.05,17,2016-07-08,JJ,7,4,8,Friday,False,0,0,0,0,0,0,0,0,0.0,0.0,0.0,0.0,0.0,0.0,0.0,0.0,0,False
3035,20160708_JN,30.304545455,85.431818182,30.268181818000002,88.131818182,28.854545455,93.3,29.277272727,90.831818182,27.440909090999998,94.9,23.013636364,95.954545455,25.236363636,94.93636363600001,26.477272727,92.55909090899999,55,2016-07-08,JN,7,4,8,Friday,False,0,0,0,0,0,0,0,0,0.0,0.0,0.0,0.0,0.0,0.0,0.0,0.0,0,False
3036,20160708_SU,32.4,66.5,28.5,71.6,26.9,74.0,24.8,93.6,24.1,85.1,26.8,70.4,27.7,81.4,26.6,86.5,204,2016-07-08,SU,7,4,8,Friday,False,0,0,0,0,0,0,0,0,0.0,0.0,0.0,0.0,0.0,0.0,0.0,0.0,0,False
3037,20160708_US,30.5,90.0,27.7,93.4,30.0,91.0,29.9,89.3,22.8,98.0,26.0,97.9,27.3,88.6,26.1,94.8,10,2016-07-08,US,7,4,8,Friday,False,0,0,0,0,0,0,0,0,0.0,0.0,0.0,0.0,0.0,0.0,0.0,0.0,0,False
3038,20160709_BS,29.0,78.6,30.4,86.6,27.6,89.9,29.2,90.6,26.1,98.3,22.1,99.1,24.7,94.5,24.4,94.9,26,2016-07-09,BS,7,5,9,Saturday,False,0,0,0,0,0,0,0,0,0.0,0.0,0.0,0.0,0.0,0.0,0.0,0.0,0,True
3039,20160709_CB,32.966666667,66.72,32.766666666999996,71.793333333,29.026666666999997,82.913333333,28.546666666999997,89.9,29.82,85.166666667,23.573333333,95.18666666700001,25.266666667,80.833333333,28.166666666999998,80.206666667,6,2016-07-09,CB,7,5,9,Saturday,False,0,0,0,0,0,0,0,0,0.0,0.0,0.0,0.0,0.0,0.0,0.0,0.0,0,True
3040,20160709_CN,32.3125,80.06875,32.30625,79.26875,28.325,90.09375,27.5875,93.48125,28.65625,92.7,25.49375,97.60625,24.7375,92.4375,27.71875,89.275,22,2016-07-09,CN,7,5,9,Saturday,False,0,0,0,0,0,0,0,0,0.0,0.0,0.0,0.0,0.0,0.0,0.0,0.0,0,True
3041,20160709_DG,33.9,67.9,31.7,70.5,32.6,76.3,31.0,88.4,32.6,72.3,23.0,90.9,26.7,88.0,28.3,81.6,14,2016-07-09,DG,7,5,9,Saturday,False,1,0,0,0,0,0,0,0,0.8999999999999986,0.0,0.0,0.0,0.0,0.0,0.0,0.0,0,True
3042,20160709_DJ,33.1,75.8,32.6,77.4,30.3,87.0,27.1,94.5,30.4,90.0,24.6,97.0,24.4,91.0,28.0,86.8,9,2016-07-09,DJ,7,5,9,Saturday,False,1,0,0,0,0,0,0,0,0.10000000000000142,0.0,0.0,0.0,0.0,0.0,0.0,0.0,0,True
3043,20160709_GB,32.7125,74.4625,31.045833333,78.75,29.066666667,87.139130435,26.008333333000003,93.2375,30.991666666999997,82.970833333,21.9625,96.025,26.475,86.004166667,27.841666667,85.008333333,22,2016-07-09,GB,7,5,9,Saturday,False,0,0,0,0,0,0,0,0,0.0,0.0,0.0,0.0,0.0,0.0,0.0,0.0,0,True
3044,20160709_GG,32.695238095,71.892857143,32.716666667,73.311904762,28.247619048,79.8,26.880952381,84.516666667,25.54047619,95.807142857,23.9,91.564285714,26.316666667,79.24047619,27.452380952,84.976190476,62,2016-07-09,GG,7,5,9,Saturday,False,0,0,0,0,0,0,0,0,0.0,0.0,0.0,0.0,0.0,0.0,0.0,0.0,0,True
3045,20160709_GJ,33.8,81.3,31.5,86.3,31.8,89.9,29.4,97.4,30.9,92.6,28.2,98.0,23.1,99.0,25.0,98.6,9,2016-07-09,GJ,7,5,9,Saturday,False,1,0,0,0,0,0,0,0,0.7999999999999972,0.0,0.0,0.0,0.0,0.0,0.0,0.0,0,True
3046,20160709_GN,31.872727273000002,78.509090909,30.540909091,83.527272727,30.822727273,84.859090909,30.286363636,87.859090909,28.963636364,87.790909091,26.513636364,94.195454545,24.654545455,94.081818182,26.363636364,90.92272727299999,27,2016-07-09,GN,7,5,9,Saturday,False,0,0,0,0,0,0,0,0,0.0,0.0,0.0,0.0,0.0,0.0,0.0,0.0,0,True
3047,20160709_GW,31.366666666999997,75.03888888899999,30.4,79.361111111,25.744444444000003,83.561111111,24.25,88.255555556,23.355555556,91.488888889,22.272222221999996,92.46666666700001,26.705555556,78.516666667,26.588888889,82.216666667,8,2016-07-09,GW,7,5,9,Saturday,False,0,0,0,0,0,0,0,0,0.0,0.0,0.0,0.0,0.0,0.0,0.0,0.0,0,True
3048,20160709_IC,30.59,87.43,30.42,88.5,26.73,89.45,24.47,95.9,24.03,97.1,24.27,95.66,25.36,94.1,25.5,95.76,17,2016-07-09,IC,7,5,9,Saturday,False,0,0,0,0,0,0,0,0,0.0,0.0,0.0,0.0,0.0,0.0,0.0,0.0,0,True
3049,20160709_JB,32.493333333,79.146666667,32.013333333,79.333333333,30.066666667,86.40666666700001,27.94,91.333333333,30.973333333000003,80.266666667,27.96,91.353333333,23.973333333000003,93.76,26.7,89.973333333,24,2016-07-09,JB,7,5,9,Saturday,False,0,0,0,0,0,0,0,0,0.0,0.0,0.0,0.0,0.0,0.0,0.0,0.0,0,True
3050,20160709_JJ,28.65,86.05,28.4,85.65,30.55,82.6,30.75,85.9,30.45,80.75,30.35,86.55,26.9,96.4,26.7,94.2,3,2016-07-09,JJ,7,5,9,Saturday,False,0,0,0,0,0,0,0,0,0.0,0.0,0.0,0.0,0.0,0.0,0.0,0.0,0,True
3051,20160709_JN,31.354545455,84.272727273,30.304545455,85.431818182,30.268181818000002,88.131818182,28.854545455,93.3,29.277272727,90.831818182,27.440909090999998,94.9,23.013636364,95.954545455,25.236363636,94.93636363600001,32,2016-07-09,JN,7,5,9,Saturday,False,0,0,0,0,0,0,0,0,0.0,0.0,0.0,0.0,0.0,0.0,0.0,0.0,0,True
3052,20160709_SU,32.7,64.8,32.4,66.5,28.5,71.6,26.9,74.0,24.8,93.6,24.1,85.1,26.8,70.4,27.7,81.4,54,2016-07-09,SU,7,5,9,Saturday,False,0,0,0,0,0,0,0,0,0.0,0.0,0.0,0.0,0.0,0.0,0.0,0.0,0,True
3053,20160709_US,30.1,84.5,30.5,90.0,27.7,93.4,30.0,91.0,29.9,89.3,22.8,98.0,26.0,97.9,27.3,88.6,3,2016-07-09,US,7,5,9,Saturday,False,0,0,0,0,0,0,0,0,0.0,0.0,0.0,0.0,0.0,0.0,0.0,0.0,0,True
3054,20160710_BS,29.3,83.6,29.0,78.6,30.4,86.6,27.6,89.9,29.2,90.6,26.1,98.3,22.1,99.1,24.7,94.5,1,2016-07-10,BS,7,6,10,Sunday,False,0,0,0,0,0,0,0,0,0.0,0.0,0.0,0.0,0.0,0.0,0.0,0.0,0,True
3055,20160710_CB,31.966666667,69.346666667,32.966666667,66.72,32.766666666999996,71.793333333,29.026666666999997,82.913333333,28.546666666999997,89.9,29.82,85.166666667,23.573333333,95.18666666700001,25.266666667,80.833333333,0,2016-07-10,CB,7,6,10,Sunday,False,0,0,0,0,0,0,0,0,0.0,0.0,0.0,0.0,0.0,0.0,0.0,0.0,0,True
3056,20160710_CN,31.4,81.1125,32.3125,80.06875,32.30625,79.26875,28.325,90.09375,27.5875,93.48125,28.65625,92.7,25.49375,97.60625,24.7375,92.4375,0,2016-07-10,CN,7,6,10,Sunday,False,0,0,0,0,0,0,0,0,0.0,0.0,0.0,0.0,0.0,0.0,0.0,0.0,0,True
3057,20160710_DG,33.5,59.1,33.9,67.9,31.7,70.5,32.6,76.3,31.0,88.4,32.6,72.3,23.0,90.9,26.7,88.0,1,2016-07-10,DG,7,6,10,Sunday,False,1,1,0,0,0,0,0,0,0.5,0.8999999999999986,0.0,0.0,0.0,0.0,0.0,0.0,0,True
3058,20160710_DJ,32.0,75.5,33.1,75.8,32.6,77.4,30.3,87.0,27.1,94.5,30.4,90.0,24.6,97.0,24.4,91.0,1,2016-07-10,DJ,7,6,10,Sunday,False,0,1,0,0,0,0,0,0,0.0,0.10000000000000142,0.0,0.0,0.0,0.0,0.0,0.0,0,True
3059,20160710_GB,32.054166667,74.475,32.7125,74.4625,31.045833333,78.75,29.066666667,87.139130435,26.008333333000003,93.2375,30.991666666999997,82.970833333,21.9625,96.025,26.475,86.004166667,1,2016-07-10,GB,7,6,10,Sunday,False,0,0,0,0,0,0,0,0,0.0,0.0,0.0,0.0,0.0,0.0,0.0,0.0,0,True
3060,20160710_GG,32.802380952,72.302380952,32.695238095,71.892857143,32.716666667,73.311904762,28.247619048,79.8,26.880952381,84.516666667,25.54047619,95.807142857,23.9,91.564285714,26.316666667,79.24047619,9,2016-07-10,GG,7,6,10,Sunday,False,0,0,0,0,0,0,0,0,0.0,0.0,0.0,0.0,0.0,0.0,0.0,0.0,0,True
3061,20160710_GJ,31.2,84.8,33.8,81.3,31.5,86.3,31.8,89.9,29.4,97.4,30.9,92.6,28.2,98.0,23.1,99.0,1,2016-07-10,GJ,7,6,10,Sunday,False,0,1,0,0,0,0,0,0,0.0,0.7999999999999972,0.0,0.0,0.0,0.0,0.0,0.0,0,True
3062,20160710_GN,31.572727273,81.2,31.872727273000002,78.509090909,30.540909091,83.527272727,30.822727273,84.859090909,30.286363636,87.859090909,28.963636364,87.790909091,26.513636364,94.195454545,24.654545455,94.081818182,0,2016-07-10,GN,7,6,10,Sunday,False,0,0,0,0,0,0,0,0,0.0,0.0,0.0,0.0,0.0,0.0,0.0,0.0,0,True
3063,20160710_GW,31.061111111,74.486666667,31.366666666999997,75.03888888899999,30.4,79.361111111,25.744444444000003,83.561111111,24.25,88.255555556,23.355555556,91.488888889,22.272222221999996,92.46666666700001,26.705555556,78.516666667,3,2016-07-10,GW,7,6,10,Sunday,False,0,0,0,0,0,0,0,0,0.0,0.0,0.0,0.0,0.0,0.0,0.0,0.0,0,True
3064,20160710_IC,29.79,91.06,30.59,87.43,30.42,88.5,26.73,89.45,24.47,95.9,24.03,97.1,24.27,95.66,25.36,94.1,0,2016-07-10,IC,7,6,10,Sunday,False,0,0,0,0,0,0,0,0,0.0,0.0,0.0,0.0,0.0,0.0,0.0,0.0,0,True
3065,20160710_JB,31.026666666999997,79.28666666699999,32.493333333,79.146666667,32.013333333,79.333333333,30.066666667,86.40666666700001,27.94,91.333333333,30.973333333000003,80.266666667,27.96,91.353333333,23.973333333000003,93.76,1,2016-07-10,JB,7,6,10,Sunday,False,0,0,0,0,0,0,0,0,0.0,0.0,0.0,0.0,0.0,0.0,0.0,0.0,0,True
3066,20160710_JJ,25.55,91.0,28.65,86.05,28.4,85.65,30.55,82.6,30.75,85.9,30.45,80.75,30.35,86.55,26.9,96.4,0,2016-07-10,JJ,7,6,10,Sunday,False,0,0,0,0,0,0,0,0,0.0,0.0,0.0,0.0,0.0,0.0,0.0,0.0,0,True
3067,20160710_JN,28.922727273000003,88.318181818,31.354545455,84.272727273,30.304545455,85.431818182,30.268181818000002,88.131818182,28.854545455,93.3,29.277272727,90.831818182,27.440909090999998,94.9,23.013636364,95.954545455,2,2016-07-10,JN,7,6,10,Sunday,False,0,0,0,0,0,0,0,0,0.0,0.0,0.0,0.0,0.0,0.0,0.0,0.0,0,True
3068,20160710_SU,33.1,64.4,32.7,64.8,32.4,66.5,28.5,71.6,26.9,74.0,24.8,93.6,24.1,85.1,26.8,70.4,7,2016-07-10,SU,7,6,10,Sunday,False,1,0,0,0,0,0,0,0,0.10000000000000142,0.0,0.0,0.0,0.0,0.0,0.0,0.0,0,True
3069,20160710_US,32.3,79.6,30.1,84.5,30.5,90.0,27.7,93.4,30.0,91.0,29.9,89.3,22.8,98.0,26.0,97.9,0,2016-07-10,US,7,6,10,Sunday,False,0,0,0,0,0,0,0,0,0.0,0.0,0.0,0.0,0.0,0.0,0.0,0.0,0,True
3070,20160711_BS,27.0,92.3,29.3,83.6,29.0,78.6,30.4,86.6,27.6,89.9,29.2,90.6,26.1,98.3,22.1,99.1,90,2016-07-11,BS,7,0,11,Monday,False,0,0,0,0,0,0,0,0,0.0,0.0,0.0,0.0,0.0,0.0,0.0,0.0,0,False
3071,20160711_CB,32.626666666999995,70.92666666699999,31.966666667,69.346666667,32.966666667,66.72,32.766666666999996,71.793333333,29.026666666999997,82.913333333,28.546666666999997,89.9,29.82,85.166666667,23.573333333,95.18666666700001,38,2016-07-11,CB,7,0,11,Monday,False,0,0,0,0,0,0,0,0,0.0,0.0,0.0,0.0,0.0,0.0,0.0,0.0,0,False
3072,20160711_CN,31.9375,82.49375,31.4,81.1125,32.3125,80.06875,32.30625,79.26875,28.325,90.09375,27.5875,93.48125,28.65625,92.7,25.49375,97.60625,75,2016-07-11,CN,7,0,11,Monday,False,0,0,0,0,0,0,0,0,0.0,0.0,0.0,0.0,0.0,0.0,0.0,0.0,0,False
3073,20160711_DG,29.9,78.3,33.5,59.1,33.9,67.9,31.7,70.5,32.6,76.3,31.0,88.4,32.6,72.3,23.0,90.9,75,2016-07-11,DG,7,0,11,Monday,False,0,1,1,0,0,0,0,0,0.0,0.5,0.8999999999999986,0.0,0.0,0.0,0.0,0.0,0,False
3074,20160711_DJ,32.9,78.9,32.0,75.5,33.1,75.8,32.6,77.4,30.3,87.0,27.1,94.5,30.4,90.0,24.6,97.0,40,2016-07-11,DJ,7,0,11,Monday,False,0,0,1,0,0,0,0,0,0.0,0.0,0.10000000000000142,0.0,0.0,0.0,0.0,0.0,0,False
3075,20160711_GB,29.9875,83.391666667,32.054166667,74.475,32.7125,74.4625,31.045833333,78.75,29.066666667,87.139130435,26.008333333000003,93.2375,30.991666666999997,82.970833333,21.9625,96.025,62,2016-07-11,GB,7,0,11,Monday,False,0,0,0,0,0,0,0,0,0.0,0.0,0.0,0.0,0.0,0.0,0.0,0.0,0,False
3076,20160711_GG,33.55,71.14047619,32.802380952,72.302380952,32.695238095,71.892857143,32.716666667,73.311904762,28.247619048,79.8,26.880952381,84.516666667,25.54047619,95.807142857,23.9,91.564285714,229,2016-07-11,GG,7,0,11,Monday,False,1,0,0,0,0,0,0,0,0.5499999999999972,0.0,0.0,0.0,0.0,0.0,0.0,0.0,0,False
3077,20160711_GJ,30.1,90.5,31.2,84.8,33.8,81.3,31.5,86.3,31.8,89.9,29.4,97.4,30.9,92.6,28.2,98.0,30,2016-07-11,GJ,7,0,11,Monday,False,0,0,1,0,0,0,0,0,0.0,0.0,0.7999999999999972,0.0,0.0,0.0,0.0,0.0,0,False
3078,20160711_GN,27.677272727,90.77272727299999,31.572727273,81.2,31.872727273000002,78.509090909,30.540909091,83.527272727,30.822727273,84.859090909,30.286363636,87.859090909,28.963636364,87.790909091,26.513636364,94.195454545,81,2016-07-11,GN,7,0,11,Monday,False,0,0,0,0,0,0,0,0,0.0,0.0,0.0,0.0,0.0,0.0,0.0,0.0,0,False
3079,20160711_GW,31.25,75.661111111,31.061111111,74.486666667,31.366666666999997,75.03888888899999,30.4,79.361111111,25.744444444000003,83.561111111,24.25,88.255555556,23.355555556,91.488888889,22.272222221999996,92.46666666700001,39,2016-07-11,GW,7,0,11,Monday,False,0,0,0,0,0,0,0,0,0.0,0.0,0.0,0.0,0.0,0.0,0.0,0.0,0,False
3080,20160711_IC,31.41,87.14,29.79,91.06,30.59,87.43,30.42,88.5,26.73,89.45,24.47,95.9,24.03,97.1,24.27,95.66,68,2016-07-11,IC,7,0,11,Monday,False,0,0,0,0,0,0,0,0,0.0,0.0,0.0,0.0,0.0,0.0,0.0,0.0,0,False
3081,20160711_JB,30.153333333000003,86.213333333,31.026666666999997,79.28666666699999,32.493333333,79.146666667,32.013333333,79.333333333,30.066666667,86.40666666700001,27.94,91.333333333,30.973333333000003,80.266666667,27.96,91.353333333,82,2016-07-11,JB,7,0,11,Monday,False,0,0,0,0,0,0,0,0,0.0,0.0,0.0,0.0,0.0,0.0,0.0,0.0,0,False
3082,20160711_JJ,24.85,95.65,25.55,91.0,28.65,86.05,28.4,85.65,30.55,82.6,30.75,85.9,30.45,80.75,30.35,86.55,15,2016-07-11,JJ,7,0,11,Monday,False,0,0,0,0,0,0,0,0,0.0,0.0,0.0,0.0,0.0,0.0,0.0,0.0,0,False
3083,20160711_JN,28.409090909,90.78181818200001,28.922727273000003,88.318181818,31.354545455,84.272727273,30.304545455,85.431818182,30.268181818000002,88.131818182,28.854545455,93.3,29.277272727,90.831818182,27.440909090999998,94.9,78,2016-07-11,JN,7,0,11,Monday,False,0,0,0,0,0,0,0,0,0.0,0.0,0.0,0.0,0.0,0.0,0.0,0.0,0,False
3084,20160711_SU,33.4,67.4,33.1,64.4,32.7,64.8,32.4,66.5,28.5,71.6,26.9,74.0,24.8,93.6,24.1,85.1,267,2016-07-11,SU,7,0,11,Monday,False,1,1,0,0,0,0,0,0,0.3999999999999986,0.10000000000000142,0.0,0.0,0.0,0.0,0.0,0.0,0,False
3085,20160711_US,28.7,93.6,32.3,79.6,30.1,84.5,30.5,90.0,27.7,93.4,30.0,91.0,29.9,89.3,22.8,98.0,13,2016-07-11,US,7,0,11,Monday,False,0,0,0,0,0,0,0,0,0.0,0.0,0.0,0.0,0.0,0.0,0.0,0.0,0,False
3086,20160712_BS,25.2,95.8,27.0,92.3,29.3,83.6,29.0,78.6,30.4,86.6,27.6,89.9,29.2,90.6,26.1,98.3,81,2016-07-12,BS,7,1,12,Tuesday,False,0,0,0,0,0,0,0,0,0.0,0.0,0.0,0.0,0.0,0.0,0.0,0.0,0,False
3087,20160712_CB,28.68,82.98,32.626666666999995,70.92666666699999,31.966666667,69.346666667,32.966666667,66.72,32.766666666999996,71.793333333,29.026666666999997,82.913333333,28.546666666999997,89.9,29.82,85.166666667,35,2016-07-12,CB,7,1,12,Tuesday,False,0,0,0,0,0,0,0,0,0.0,0.0,0.0,0.0,0.0,0.0,0.0,0.0,0,False
3088,20160712_CN,28.71875,88.38125,31.9375,82.49375,31.4,81.1125,32.3125,80.06875,32.30625,79.26875,28.325,90.09375,27.5875,93.48125,28.65625,92.7,58,2016-07-12,CN,7,1,12,Tuesday,False,0,0,0,0,0,0,0,0,0.0,0.0,0.0,0.0,0.0,0.0,0.0,0.0,0,False
3089,20160712_DG,29.7,77.6,29.9,78.3,33.5,59.1,33.9,67.9,31.7,70.5,32.6,76.3,31.0,88.4,32.6,72.3,59,2016-07-12,DG,7,1,12,Tuesday,False,0,0,1,1,0,0,0,0,0.0,0.0,0.5,0.8999999999999986,0.0,0.0,0.0,0.0,0,False
3090,20160712_DJ,28.4,86.9,32.9,78.9,32.0,75.5,33.1,75.8,32.6,77.4,30.3,87.0,27.1,94.5,30.4,90.0,36,2016-07-12,DJ,7,1,12,Tuesday,False,0,0,0,1,0,0,0,0,0.0,0.0,0.0,0.10000000000000142,0.0,0.0,0.0,0.0,0,False
3091,20160712_GB,29.795833333,86.46666666700001,29.9875,83.391666667,32.054166667,74.475,32.7125,74.4625,31.045833333,78.75,29.066666667,87.139130435,26.008333333000003,93.2375,30.991666666999997,82.970833333,67,2016-07-12,GB,7,1,12,Tuesday,False,0,0,0,0,0,0,0,0,0.0,0.0,0.0,0.0,0.0,0.0,0.0,0.0,0,False
3092,20160712_GG,30.171428571,77.021428571,33.55,71.14047619,32.802380952,72.302380952,32.695238095,71.892857143,32.716666667,73.311904762,28.247619048,79.8,26.880952381,84.516666667,25.54047619,95.807142857,204,2016-07-12,GG,7,1,12,Tuesday,False,0,1,0,0,0,0,0,0,0.0,0.5499999999999972,0.0,0.0,0.0,0.0,0.0,0.0,0,False
3093,20160712_GJ,27.2,96.6,30.1,90.5,31.2,84.8,33.8,81.3,31.5,86.3,31.8,89.9,29.4,97.4,30.9,92.6,50,2016-07-12,GJ,7,1,12,Tuesday,False,0,0,0,1,0,0,0,0,0.0,0.0,0.0,0.7999999999999972,0.0,0.0,0.0,0.0,0,False
3094,20160712_GN,27.154545455,91.94090909100001,27.677272727,90.77272727299999,31.572727273,81.2,31.872727273000002,78.509090909,30.540909091,83.527272727,30.822727273,84.859090909,30.286363636,87.859090909,28.963636364,87.790909091,66,2016-07-12,GN,7,1,12,Tuesday,False,0,0,0,0,0,0,0,0,0.0,0.0,0.0,0.0,0.0,0.0,0.0,0.0,0,False
3095,20160712_GW,26.772222221999996,87.577777778,31.25,75.661111111,31.061111111,74.486666667,31.366666666999997,75.03888888899999,30.4,79.361111111,25.744444444000003,83.561111111,24.25,88.255555556,23.355555556,91.488888889,56,2016-07-12,GW,7,1,12,Tuesday,False,0,0,0,0,0,0,0,0,0.0,0.0,0.0,0.0,0.0,0.0,0.0,0.0,0,False
3096,20160712_IC,28.3,84.6,31.41,87.14,29.79,91.06,30.59,87.43,30.42,88.5,26.73,89.45,24.47,95.9,24.03,97.1,52,2016-07-12,IC,7,1,12,Tuesday,False,0,0,0,0,0,0,0,0,0.0,0.0,0.0,0.0,0.0,0.0,0.0,0.0,0,False
3097,20160712_JB,27.88,87.66,30.153333333000003,86.213333333,31.026666666999997,79.28666666699999,32.493333333,79.146666667,32.013333333,79.333333333,30.066666667,86.40666666700001,27.94,91.333333333,30.973333333000003,80.266666667,78,2016-07-12,JB,7,1,12,Tuesday,False,0,0,0,0,0,0,0,0,0.0,0.0,0.0,0.0,0.0,0.0,0.0,0.0,0,False
3098,20160712_JJ,26.35,97.0,24.85,95.65,25.55,91.0,28.65,86.05,28.4,85.65,30.55,82.6,30.75,85.9,30.45,80.75,15,2016-07-12,JJ,7,1,12,Tuesday,False,0,0,0,0,0,0,0,0,0.0,0.0,0.0,0.0,0.0,0.0,0.0,0.0,0,False
3099,20160712_JN,25.513636364,94.98636363600001,28.409090909,90.78181818200001,28.922727273000003,88.318181818,31.354545455,84.272727273,30.304545455,85.431818182,30.268181818000002,88.131818182,28.854545455,93.3,29.277272727,90.831818182,66,2016-07-12,JN,7,1,12,Tuesday,False,0,0,0,0,0,0,0,0,0.0,0.0,0.0,0.0,0.0,0.0,0.0,0.0,0,False
3100,20160712_SU,30.9,65.5,33.4,67.4,33.1,64.4,32.7,64.8,32.4,66.5,28.5,71.6,26.9,74.0,24.8,93.6,269,2016-07-12,SU,7,1,12,Tuesday,False,0,1,1,0,0,0,0,0,0.0,0.3999999999999986,0.10000000000000142,0.0,0.0,0.0,0.0,0.0,0,False
3101,20160712_US,28.9,92.8,28.7,93.6,32.3,79.6,30.1,84.5,30.5,90.0,27.7,93.4,30.0,91.0,29.9,89.3,12,2016-07-12,US,7,1,12,Tuesday,False,0,0,0,0,0,0,0,0,0.0,0.0,0.0,0.0,0.0,0.0,0.0,0.0,0,False
3102,20160713_BS,29.5,86.5,25.2,95.8,27.0,92.3,29.3,83.6,29.0,78.6,30.4,86.6,27.6,89.9,29.2,90.6,72,2016-07-13,BS,7,2,13,Wednesday,False,0,0,0,0,0,0,0,0,0.0,0.0,0.0,0.0,0.0,0.0,0.0,0.0,0,False
3103,20160713_CB,29.753333333,71.833333333,28.68,82.98,32.626666666999995,70.92666666699999,31.966666667,69.346666667,32.966666667,66.72,32.766666666999996,71.793333333,29.026666666999997,82.913333333,28.546666666999997,89.9,27,2016-07-13,CB,7,2,13,Wednesday,False,0,0,0,0,0,0,0,0,0.0,0.0,0.0,0.0,0.0,0.0,0.0,0.0,0,False
3104,20160713_CN,29.76875,84.36875,28.71875,88.38125,31.9375,82.49375,31.4,81.1125,32.3125,80.06875,32.30625,79.26875,28.325,90.09375,27.5875,93.48125,58,2016-07-13,CN,7,2,13,Wednesday,False,0,0,0,0,0,0,0,0,0.0,0.0,0.0,0.0,0.0,0.0,0.0,0.0,0,False
3105,20160713_DG,32.4,65.4,29.7,77.6,29.9,78.3,33.5,59.1,33.9,67.9,31.7,70.5,32.6,76.3,31.0,88.4,77,2016-07-13,DG,7,2,13,Wednesday,False,0,0,0,1,1,0,0,0,0.0,0.0,0.0,0.5,0.8999999999999986,0.0,0.0,0.0,0,False
3106,20160713_DJ,30.4,79.3,28.4,86.9,32.9,78.9,32.0,75.5,33.1,75.8,32.6,77.4,30.3,87.0,27.1,94.5,27,2016-07-13,DJ,7,2,13,Wednesday,False,0,0,0,0,1,0,0,0,0.0,0.0,0.0,0.0,0.10000000000000142,0.0,0.0,0.0,0,False
3107,20160713_GB,30.879166667,75.31666666699999,29.795833333,86.46666666700001,29.9875,83.391666667,32.054166667,74.475,32.7125,74.4625,31.045833333,78.75,29.066666667,87.139130435,26.008333333000003,93.2375,62,2016-07-13,GB,7,2,13,Wednesday,False,0,0,0,0,0,0,0,0,0.0,0.0,0.0,0.0,0.0,0.0,0.0,0.0,0,False
3108,20160713_GG,29.292857143000003,77.488095238,30.171428571,77.021428571,33.55,71.14047619,32.802380952,72.302380952,32.695238095,71.892857143,32.716666667,73.311904762,28.247619048,79.8,26.880952381,84.516666667,209,2016-07-13,GG,7,2,13,Wednesday,False,0,0,1,0,0,0,0,0,0.0,0.0,0.5499999999999972,0.0,0.0,0.0,0.0,0.0,0,False
3109,20160713_GJ,31.2,85.9,27.2,96.6,30.1,90.5,31.2,84.8,33.8,81.3,31.5,86.3,31.8,89.9,29.4,97.4,31,2016-07-13,GJ,7,2,13,Wednesday,False,0,0,0,0,1,0,0,0,0.0,0.0,0.0,0.0,0.7999999999999972,0.0,0.0,0.0,0,False
3110,20160713_GN,30.763636364,84.25,27.154545455,91.94090909100001,27.677272727,90.77272727299999,31.572727273,81.2,31.872727273000002,78.509090909,30.540909091,83.527272727,30.822727273,84.859090909,30.286363636,87.859090909,56,2016-07-13,GN,7,2,13,Wednesday,False,0,0,0,0,0,0,0,0,0.0,0.0,0.0,0.0,0.0,0.0,0.0,0.0,0,False
3111,20160713_GW,28.511111110999998,80.427777778,26.772222221999996,87.577777778,31.25,75.661111111,31.061111111,74.486666667,31.366666666999997,75.03888888899999,30.4,79.361111111,25.744444444000003,83.561111111,24.25,88.255555556,39,2016-07-13,GW,7,2,13,Wednesday,False,0,0,0,0,0,0,0,0,0.0,0.0,0.0,0.0,0.0,0.0,0.0,0.0,0,False
3112,20160713_IC,27.29,95.11,28.3,84.6,31.41,87.14,29.79,91.06,30.59,87.43,30.42,88.5,26.73,89.45,24.47,95.9,45,2016-07-13,IC,7,2,13,Wednesday,False,0,0,0,0,0,0,0,0,0.0,0.0,0.0,0.0,0.0,0.0,0.0,0.0,0,False
3113,20160713_JB,30.026666666999997,83.18,27.88,87.66,30.153333333000003,86.213333333,31.026666666999997,79.28666666699999,32.493333333,79.146666667,32.013333333,79.333333333,30.066666667,86.40666666700001,27.94,91.333333333,91,2016-07-13,JB,7,2,13,Wednesday,False,0,0,0,0,0,0,0,0,0.0,0.0,0.0,0.0,0.0,0.0,0.0,0.0,0,False
3114,20160713_JJ,28.6,95.75,26.35,97.0,24.85,95.65,25.55,91.0,28.65,86.05,28.4,85.65,30.55,82.6,30.75,85.9,14,2016-07-13,JJ,7,2,13,Wednesday,False,0,0,0,0,0,0,0,0,0.0,0.0,0.0,0.0,0.0,0.0,0.0,0.0,0,False
3115,20160713_JN,29.472727273,88.26818181799999,25.513636364,94.98636363600001,28.409090909,90.78181818200001,28.922727273000003,88.318181818,31.354545455,84.272727273,30.304545455,85.431818182,30.268181818000002,88.131818182,28.854545455,93.3,60,2016-07-13,JN,7,2,13,Wednesday,False,0,0,0,0,0,0,0,0,0.0,0.0,0.0,0.0,0.0,0.0,0.0,0.0,0,False
3116,20160713_SU,29.5,69.0,30.9,65.5,33.4,67.4,33.1,64.4,32.7,64.8,32.4,66.5,28.5,71.6,26.9,74.0,245,2016-07-13,SU,7,2,13,Wednesday,False,0,0,1,1,0,0,0,0,0.0,0.0,0.3999999999999986,0.10000000000000142,0.0,0.0,0.0,0.0,0,False
3117,20160713_US,30.9,83.8,28.9,92.8,28.7,93.6,32.3,79.6,30.1,84.5,30.5,90.0,27.7,93.4,30.0,91.0,12,2016-07-13,US,7,2,13,Wednesday,False,0,0,0,0,0,0,0,0,0.0,0.0,0.0,0.0,0.0,0.0,0.0,0.0,0,False
3118,20160714_BS,31.9,72.1,29.5,86.5,25.2,95.8,27.0,92.3,29.3,83.6,29.0,78.6,30.4,86.6,27.6,89.9,88,2016-07-14,BS,7,3,14,Thursday,False,0,0,0,0,0,0,0,0,0.0,0.0,0.0,0.0,0.0,0.0,0.0,0.0,0,False
3119,20160714_CB,29.86,72.93333333300001,29.753333333,71.833333333,28.68,82.98,32.626666666999995,70.92666666699999,31.966666667,69.346666667,32.966666667,66.72,32.766666666999996,71.793333333,29.026666666999997,82.913333333,34,2016-07-14,CB,7,3,14,Thursday,False,0,0,0,0,0,0,0,0,0.0,0.0,0.0,0.0,0.0,0.0,0.0,0.0,0,False
3120,20160714_CN,30.0875,81.9,29.76875,84.36875,28.71875,88.38125,31.9375,82.49375,31.4,81.1125,32.3125,80.06875,32.30625,79.26875,28.325,90.09375,53,2016-07-14,CN,7,3,14,Thursday,False,0,0,0,0,0,0,0,0,0.0,0.0,0.0,0.0,0.0,0.0,0.0,0.0,0,False
3121,20160714_DG,32.3,66.6,32.4,65.4,29.7,77.6,29.9,78.3,33.5,59.1,33.9,67.9,31.7,70.5,32.6,76.3,58,2016-07-14,DG,7,3,14,Thursday,False,0,0,0,0,1,1,0,0,0.0,0.0,0.0,0.0,0.5,0.8999999999999986,0.0,0.0,0,False
3122,20160714_DJ,31.0,77.0,30.4,79.3,28.4,86.9,32.9,78.9,32.0,75.5,33.1,75.8,32.6,77.4,30.3,87.0,32,2016-07-14,DJ,7,3,14,Thursday,False,0,0,0,0,0,1,0,0,0.0,0.0,0.0,0.0,0.0,0.10000000000000142,0.0,0.0,0,False
3123,20160714_GB,29.045833333,77.75416666699999,30.879166667,75.31666666699999,29.795833333,86.46666666700001,29.9875,83.391666667,32.054166667,74.475,32.7125,74.4625,31.045833333,78.75,29.066666667,87.139130435,62,2016-07-14,GB,7,3,14,Thursday,False,0,0,0,0,0,0,0,0,0.0,0.0,0.0,0.0,0.0,0.0,0.0,0.0,0,False
3124,20160714_GG,31.361904761999998,74.016666667,29.292857143000003,77.488095238,30.171428571,77.021428571,33.55,71.14047619,32.802380952,72.302380952,32.695238095,71.892857143,32.716666667,73.311904762,28.247619048,79.8,205,2016-07-14,GG,7,3,14,Thursday,False,0,0,0,1,0,0,0,0,0.0,0.0,0.0,0.5499999999999972,0.0,0.0,0.0,0.0,0,False
3125,20160714_GJ,30.2,80.3,31.2,85.9,27.2,96.6,30.1,90.5,31.2,84.8,33.8,81.3,31.5,86.3,31.8,89.9,36,2016-07-14,GJ,7,3,14,Thursday,False,0,0,0,0,0,1,0,0,0.0,0.0,0.0,0.0,0.0,0.7999999999999972,0.0,0.0,0,False
3126,20160714_GN,32.690909091,73.427272727,30.763636364,84.25,27.154545455,91.94090909100001,27.677272727,90.77272727299999,31.572727273,81.2,31.872727273000002,78.509090909,30.540909091,83.527272727,30.822727273,84.859090909,53,2016-07-14,GN,7,3,14,Thursday,False,0,0,0,0,0,0,0,0,0.0,0.0,0.0,0.0,0.0,0.0,0.0,0.0,0,False
3127,20160714_GW,28.188888889,76.883333333,28.511111110999998,80.427777778,26.772222221999996,87.577777778,31.25,75.661111111,31.061111111,74.486666667,31.366666666999997,75.03888888899999,30.4,79.361111111,25.744444444000003,83.561111111,26,2016-07-14,GW,7,3,14,Thursday,False,0,0,0,0,0,0,0,0,0.0,0.0,0.0,0.0,0.0,0.0,0.0,0.0,0,False
3128,20160714_IC,29.53,88.25,27.29,95.11,28.3,84.6,31.41,87.14,29.79,91.06,30.59,87.43,30.42,88.5,26.73,89.45,40,2016-07-14,IC,7,3,14,Thursday,False,0,0,0,0,0,0,0,0,0.0,0.0,0.0,0.0,0.0,0.0,0.0,0.0,0,False
3129,20160714_JB,29.266666667,79.006666667,30.026666666999997,83.18,27.88,87.66,30.153333333000003,86.213333333,31.026666666999997,79.28666666699999,32.493333333,79.146666667,32.013333333,79.333333333,30.066666667,86.40666666700001,78,2016-07-14,JB,7,3,14,Thursday,False,0,0,0,0,0,0,0,0,0.0,0.0,0.0,0.0,0.0,0.0,0.0,0.0,0,False
3130,20160714_JJ,28.75,85.9,28.6,95.75,26.35,97.0,24.85,95.65,25.55,91.0,28.65,86.05,28.4,85.65,30.55,82.6,12,2016-07-14,JJ,7,3,14,Thursday,False,0,0,0,0,0,0,0,0,0.0,0.0,0.0,0.0,0.0,0.0,0.0,0.0,0,False
3131,20160714_JN,29.718181818,80.722727273,29.472727273,88.26818181799999,25.513636364,94.98636363600001,28.409090909,90.78181818200001,28.922727273000003,88.318181818,31.354545455,84.272727273,30.304545455,85.431818182,30.268181818000002,88.131818182,65,2016-07-14,JN,7,3,14,Thursday,False,0,0,0,0,0,0,0,0,0.0,0.0,0.0,0.0,0.0,0.0,0.0,0.0,0,False
3132,20160714_SU,32.4,66.9,29.5,69.0,30.9,65.5,33.4,67.4,33.1,64.4,32.7,64.8,32.4,66.5,28.5,71.6,246,2016-07-14,SU,7,3,14,Thursday,False,0,0,0,1,1,0,0,0,0.0,0.0,0.0,0.3999999999999986,0.10000000000000142,0.0,0.0,0.0,0,False
3133,20160714_US,30.6,78.4,30.9,83.8,28.9,92.8,28.7,93.6,32.3,79.6,30.1,84.5,30.5,90.0,27.7,93.4,7,2016-07-14,US,7,3,14,Thursday,False,0,0,0,0,0,0,0,0,0.0,0.0,0.0,0.0,0.0,0.0,0.0,0.0,0,False
3134,20160715_BS,27.6,70.3,31.9,72.1,29.5,86.5,25.2,95.8,27.0,92.3,29.3,83.6,29.0,78.6,30.4,86.6,83,2016-07-15,BS,7,4,15,Friday,False,0,0,0,0,0,0,0,0,0.0,0.0,0.0,0.0,0.0,0.0,0.0,0.0,0,False
3135,20160715_CB,29.293333333000003,64.653333333,29.86,72.93333333300001,29.753333333,71.833333333,28.68,82.98,32.626666666999995,70.92666666699999,31.966666667,69.346666667,32.966666667,66.72,32.766666666999996,71.793333333,32,2016-07-15,CB,7,4,15,Friday,False,0,0,0,0,0,0,0,0,0.0,0.0,0.0,0.0,0.0,0.0,0.0,0.0,0,False
3136,20160715_CN,29.25625,76.2625,30.0875,81.9,29.76875,84.36875,28.71875,88.38125,31.9375,82.49375,31.4,81.1125,32.3125,80.06875,32.30625,79.26875,58,2016-07-15,CN,7,4,15,Friday,False,0,0,0,0,0,0,0,0,0.0,0.0,0.0,0.0,0.0,0.0,0.0,0.0,0,False
3137,20160715_DG,29.8,67.5,32.3,66.6,32.4,65.4,29.7,77.6,29.9,78.3,33.5,59.1,33.9,67.9,31.7,70.5,59,2016-07-15,DG,7,4,15,Friday,False,0,0,0,0,0,1,1,0,0.0,0.0,0.0,0.0,0.0,0.5,0.8999999999999986,0.0,0,False
3138,20160715_DJ,30.0,71.6,31.0,77.0,30.4,79.3,28.4,86.9,32.9,78.9,32.0,75.5,33.1,75.8,32.6,77.4,43,2016-07-15,DJ,7,4,15,Friday,False,0,0,0,0,0,0,1,0,0.0,0.0,0.0,0.0,0.0,0.0,0.10000000000000142,0.0,0,False
3139,20160715_GB,28.0875,73.845833333,29.045833333,77.75416666699999,30.879166667,75.31666666699999,29.795833333,86.46666666700001,29.9875,83.391666667,32.054166667,74.475,32.7125,74.4625,31.045833333,78.75,68,2016-07-15,GB,7,4,15,Friday,False,0,0,0,0,0,0,0,0,0.0,0.0,0.0,0.0,0.0,0.0,0.0,0.0,0,False
3140,20160715_GG,28.897619048000003,65.383333333,31.361904761999998,74.016666667,29.292857143000003,77.488095238,30.171428571,77.021428571,33.55,71.14047619,32.802380952,72.302380952,32.695238095,71.892857143,32.716666667,73.311904762,178,2016-07-15,GG,7,4,15,Friday,False,0,0,0,0,1,0,0,0,0.0,0.0,0.0,0.0,0.5499999999999972,0.0,0.0,0.0,0,False
3141,20160715_GJ,30.9,74.9,30.2,80.3,31.2,85.9,27.2,96.6,30.1,90.5,31.2,84.8,33.8,81.3,31.5,86.3,32,2016-07-15,GJ,7,4,15,Friday,False,0,0,0,0,0,0,1,0,0.0,0.0,0.0,0.0,0.0,0.0,0.7999999999999972,0.0,0,False
3142,20160715_GN,29.595454545,70.213636364,32.690909091,73.427272727,30.763636364,84.25,27.154545455,91.94090909100001,27.677272727,90.77272727299999,31.572727273,81.2,31.872727273000002,78.509090909,30.540909091,83.527272727,63,2016-07-15,GN,7,4,15,Friday,False,0,0,0,0,0,0,0,0,0.0,0.0,0.0,0.0,0.0,0.0,0.0,0.0,0,False
3143,20160715_GW,27.7,71.133333333,28.188888889,76.883333333,28.511111110999998,80.427777778,26.772222221999996,87.577777778,31.25,75.661111111,31.061111111,74.486666667,31.366666666999997,75.03888888899999,30.4,79.361111111,45,2016-07-15,GW,7,4,15,Friday,False,0,0,0,0,0,0,0,0,0.0,0.0,0.0,0.0,0.0,0.0,0.0,0.0,0,False
3144,20160715_IC,28.29,77.61,29.53,88.25,27.29,95.11,28.3,84.6,31.41,87.14,29.79,91.06,30.59,87.43,30.42,88.5,46,2016-07-15,IC,7,4,15,Friday,False,0,0,0,0,0,0,0,0,0.0,0.0,0.0,0.0,0.0,0.0,0.0,0.0,0,False
3145,20160715_JB,30.453333333000003,72.806666667,29.266666667,79.006666667,30.026666666999997,83.18,27.88,87.66,30.153333333000003,86.213333333,31.026666666999997,79.28666666699999,32.493333333,79.146666667,32.013333333,79.333333333,78,2016-07-15,JB,7,4,15,Friday,False,0,0,0,0,0,0,0,0,0.0,0.0,0.0,0.0,0.0,0.0,0.0,0.0,0,False
3146,20160715_JJ,28.95,80.0,28.75,85.9,28.6,95.75,26.35,97.0,24.85,95.65,25.55,91.0,28.65,86.05,28.4,85.65,14,2016-07-15,JJ,7,4,15,Friday,False,0,0,0,0,0,0,0,0,0.0,0.0,0.0,0.0,0.0,0.0,0.0,0.0,0,False
3147,20160715_JN,28.840909091,76.840909091,29.718181818,80.722727273,29.472727273,88.26818181799999,25.513636364,94.98636363600001,28.409090909,90.78181818200001,28.922727273000003,88.318181818,31.354545455,84.272727273,30.304545455,85.431818182,48,2016-07-15,JN,7,4,15,Friday,False,0,0,0,0,0,0,0,0,0.0,0.0,0.0,0.0,0.0,0.0,0.0,0.0,0,False
3148,20160715_SU,29.2,60.0,32.4,66.9,29.5,69.0,30.9,65.5,33.4,67.4,33.1,64.4,32.7,64.8,32.4,66.5,225,2016-07-15,SU,7,4,15,Friday,False,0,0,0,0,1,1,0,0,0.0,0.0,0.0,0.0,0.3999999999999986,0.10000000000000142,0.0,0.0,0,False
3149,20160715_US,27.1,81.8,30.6,78.4,30.9,83.8,28.9,92.8,28.7,93.6,32.3,79.6,30.1,84.5,30.5,90.0,13,2016-07-15,US,7,4,15,Friday,False,0,0,0,0,0,0,0,0,0.0,0.0,0.0,0.0,0.0,0.0,0.0,0.0,0,False
3150,20160716_BS,24.3,91.9,27.6,70.3,31.9,72.1,29.5,86.5,25.2,95.8,27.0,92.3,29.3,83.6,29.0,78.6,19,2016-07-16,BS,7,5,16,Saturday,False,0,0,0,0,0,0,0,0,0.0,0.0,0.0,0.0,0.0,0.0,0.0,0.0,0,True
3151,20160716_CB,23.186666666999997,88.56,29.293333333000003,64.653333333,29.86,72.93333333300001,29.753333333,71.833333333,28.68,82.98,32.626666666999995,70.92666666699999,31.966666667,69.346666667,32.966666667,66.72,8,2016-07-16,CB,7,5,16,Saturday,False,0,0,0,0,0,0,0,0,0.0,0.0,0.0,0.0,0.0,0.0,0.0,0.0,0,True
3152,20160716_CN,24.71875,94.4625,29.25625,76.2625,30.0875,81.9,29.76875,84.36875,28.71875,88.38125,31.9375,82.49375,31.4,81.1125,32.3125,80.06875,14,2016-07-16,CN,7,5,16,Saturday,False,0,0,0,0,0,0,0,0,0.0,0.0,0.0,0.0,0.0,0.0,0.0,0.0,0,True
3153,20160716_DG,22.8,84.4,29.8,67.5,32.3,66.6,32.4,65.4,29.7,77.6,29.9,78.3,33.5,59.1,33.9,67.9,11,2016-07-16,DG,7,5,16,Saturday,False,0,0,0,0,0,0,1,1,0.0,0.0,0.0,0.0,0.0,0.0,0.5,0.8999999999999986,0,True
3154,20160716_DJ,24.5,92.4,30.0,71.6,31.0,77.0,30.4,79.3,28.4,86.9,32.9,78.9,32.0,75.5,33.1,75.8,13,2016-07-16,DJ,7,5,16,Saturday,False,0,0,0,0,0,0,0,1,0.0,0.0,0.0,0.0,0.0,0.0,0.0,0.10000000000000142,0,True
3155,20160716_GB,22.2625,93.416666667,28.0875,73.845833333,29.045833333,77.75416666699999,30.879166667,75.31666666699999,29.795833333,86.46666666700001,29.9875,83.391666667,32.054166667,74.475,32.7125,74.4625,15,2016-07-16,GB,7,5,16,Saturday,False,0,0,0,0,0,0,0,0,0.0,0.0,0.0,0.0,0.0,0.0,0.0,0.0,0,True
3156,20160716_GG,23.371428571,95.48809523799999,28.897619048000003,65.383333333,31.361904761999998,74.016666667,29.292857143000003,77.488095238,30.171428571,77.021428571,33.55,71.14047619,32.802380952,72.302380952,32.695238095,71.892857143,46,2016-07-16,GG,7,5,16,Saturday,False,0,0,0,0,0,1,0,0,0.0,0.0,0.0,0.0,0.0,0.5499999999999972,0.0,0.0,0,True
3157,20160716_GJ,25.0,91.6,30.9,74.9,30.2,80.3,31.2,85.9,27.2,96.6,30.1,90.5,31.2,84.8,33.8,81.3,8,2016-07-16,GJ,7,5,16,Saturday,False,0,0,0,0,0,0,0,1,0.0,0.0,0.0,0.0,0.0,0.0,0.0,0.7999999999999972,0,True
3158,20160716_GN,24.295454545,90.831818182,29.595454545,70.213636364,32.690909091,73.427272727,30.763636364,84.25,27.154545455,91.94090909100001,27.677272727,90.77272727299999,31.572727273,81.2,31.872727273000002,78.509090909,15,2016-07-16,GN,7,5,16,Saturday,False,0,0,0,0,0,0,0,0,0.0,0.0,0.0,0.0,0.0,0.0,0.0,0.0,0,True
3159,20160716_GW,22.011111110999998,94.077777778,27.7,71.133333333,28.188888889,76.883333333,28.511111110999998,80.427777778,26.772222221999996,87.577777778,31.25,75.661111111,31.061111111,74.486666667,31.366666666999997,75.03888888899999,2,2016-07-16,GW,7,5,16,Saturday,False,0,0,0,0,0,0,0,0,0.0,0.0,0.0,0.0,0.0,0.0,0.0,0.0,0,True
3160,20160716_IC,23.42,97.11,28.29,77.61,29.53,88.25,27.29,95.11,28.3,84.6,31.41,87.14,29.79,91.06,30.59,87.43,13,2016-07-16,IC,7,5,16,Saturday,False,0,0,0,0,0,0,0,0,0.0,0.0,0.0,0.0,0.0,0.0,0.0,0.0,0,True
3161,20160716_JB,25.733333333,85.04,30.453333333000003,72.806666667,29.266666667,79.006666667,30.026666666999997,83.18,27.88,87.66,30.153333333000003,86.213333333,31.026666666999997,79.28666666699999,32.493333333,79.146666667,21,2016-07-16,JB,7,5,16,Saturday,False,0,0,0,0,0,0,0,0,0.0,0.0,0.0,0.0,0.0,0.0,0.0,0.0,0,True
3162,20160716_JJ,30.35,85.8,28.95,80.0,28.75,85.9,28.6,95.75,26.35,97.0,24.85,95.65,25.55,91.0,28.65,86.05,1,2016-07-16,JJ,7,5,16,Saturday,False,0,0,0,0,0,0,0,0,0.0,0.0,0.0,0.0,0.0,0.0,0.0,0.0,0,True
3163,20160716_JN,25.631818181999996,89.35,28.840909091,76.840909091,29.718181818,80.722727273,29.472727273,88.26818181799999,25.513636364,94.98636363600001,28.409090909,90.78181818200001,28.922727273000003,88.318181818,31.354545455,84.272727273,10,2016-07-16,JN,7,5,16,Saturday,False,0,0,0,0,0,0,0,0,0.0,0.0,0.0,0.0,0.0,0.0,0.0,0.0,0,True
3164,20160716_SU,23.8,92.8,29.2,60.0,32.4,66.9,29.5,69.0,30.9,65.5,33.4,67.4,33.1,64.4,32.7,64.8,57,2016-07-16,SU,7,5,16,Saturday,False,0,0,0,0,0,1,1,0,0.0,0.0,0.0,0.0,0.0,0.3999999999999986,0.10000000000000142,0.0,0,True
3165,20160716_US,23.1,97.3,27.1,81.8,30.6,78.4,30.9,83.8,28.9,92.8,28.7,93.6,32.3,79.6,30.1,84.5,5,2016-07-16,US,7,5,16,Saturday,False,0,0,0,0,0,0,0,0,0.0,0.0,0.0,0.0,0.0,0.0,0.0,0.0,0,True
3166,20160717_BS,28.6,79.6,24.3,91.9,27.6,70.3,31.9,72.1,29.5,86.5,25.2,95.8,27.0,92.3,29.3,83.6,3,2016-07-17,BS,7,6,17,Sunday,False,0,0,0,0,0,0,0,0,0.0,0.0,0.0,0.0,0.0,0.0,0.0,0.0,0,True
3167,20160717_CB,25.9,80.633333333,23.186666666999997,88.56,29.293333333000003,64.653333333,29.86,72.93333333300001,29.753333333,71.833333333,28.68,82.98,32.626666666999995,70.92666666699999,31.966666667,69.346666667,2,2016-07-17,CB,7,6,17,Sunday,False,0,0,0,0,0,0,0,0,0.0,0.0,0.0,0.0,0.0,0.0,0.0,0.0,0,True
3168,20160717_CN,24.75,88.91875,24.71875,94.4625,29.25625,76.2625,30.0875,81.9,29.76875,84.36875,28.71875,88.38125,31.9375,82.49375,31.4,81.1125,0,2016-07-17,CN,7,6,17,Sunday,False,0,0,0,0,0,0,0,0,0.0,0.0,0.0,0.0,0.0,0.0,0.0,0.0,0,True
3169,20160717_DG,31.6,70.1,22.8,84.4,29.8,67.5,32.3,66.6,32.4,65.4,29.7,77.6,29.9,78.3,33.5,59.1,0,2016-07-17,DG,7,6,17,Sunday,False,0,0,0,0,0,0,0,1,0.0,0.0,0.0,0.0,0.0,0.0,0.0,0.5,0,True
3170,20160717_DJ,26.4,83.1,24.5,92.4,30.0,71.6,31.0,77.0,30.4,79.3,28.4,86.9,32.9,78.9,32.0,75.5,2,2016-07-17,DJ,7,6,17,Sunday,False,0,0,0,0,0,0,0,0,0.0,0.0,0.0,0.0,0.0,0.0,0.0,0.0,0,True
3171,20160717_GB,29.0375,81.125,22.2625,93.416666667,28.0875,73.845833333,29.045833333,77.75416666699999,30.879166667,75.31666666699999,29.795833333,86.46666666700001,29.9875,83.391666667,32.054166667,74.475,1,2016-07-17,GB,7,6,17,Sunday,False,0,0,0,0,0,0,0,0,0.0,0.0,0.0,0.0,0.0,0.0,0.0,0.0,0,True
3172,20160717_GG,23.171428571,89.666666667,23.371428571,95.48809523799999,28.897619048000003,65.383333333,31.361904761999998,74.016666667,29.292857143000003,77.488095238,30.171428571,77.021428571,33.55,71.14047619,32.802380952,72.302380952,11,2016-07-17,GG,7,6,17,Sunday,False,0,0,0,0,0,0,1,0,0.0,0.0,0.0,0.0,0.0,0.0,0.5499999999999972,0.0,0,True
3173,20160717_GJ,28.8,86.5,25.0,91.6,30.9,74.9,30.2,80.3,31.2,85.9,27.2,96.6,30.1,90.5,31.2,84.8,0,2016-07-17,GJ,7,6,17,Sunday,False,0,0,0,0,0,0,0,0,0.0,0.0,0.0,0.0,0.0,0.0,0.0,0.0,0,True
3174,20160717_GN,29.940909090999998,79.409090909,24.295454545,90.831818182,29.595454545,70.213636364,32.690909091,73.427272727,30.763636364,84.25,27.154545455,91.94090909100001,27.677272727,90.77272727299999,31.572727273,81.2,1,2016-07-17,GN,7,6,17,Sunday,False,0,0,0,0,0,0,0,0,0.0,0.0,0.0,0.0,0.0,0.0,0.0,0.0,0,True
3175,20160717_GW,23.772222221999996,90.066666667,22.011111110999998,94.077777778,27.7,71.133333333,28.188888889,76.883333333,28.511111110999998,80.427777778,26.772222221999996,87.577777778,31.25,75.661111111,31.061111111,74.486666667,2,2016-07-17,GW,7,6,17,Sunday,False,0,0,0,0,0,0,0,0,0.0,0.0,0.0,0.0,0.0,0.0,0.0,0.0,0,True
3176,20160717_IC,22.55,96.96,23.42,97.11,28.29,77.61,29.53,88.25,27.29,95.11,28.3,84.6,31.41,87.14,29.79,91.06,1,2016-07-17,IC,7,6,17,Sunday,False,0,0,0,0,0,0,0,0,0.0,0.0,0.0,0.0,0.0,0.0,0.0,0.0,0,True
3177,20160717_JB,26.973333333000003,78.953333333,25.733333333,85.04,30.453333333000003,72.806666667,29.266666667,79.006666667,30.026666666999997,83.18,27.88,87.66,30.153333333000003,86.213333333,31.026666666999997,79.28666666699999,2,2016-07-17,JB,7,6,17,Sunday,False,0,0,0,0,0,0,0,0,0.0,0.0,0.0,0.0,0.0,0.0,0.0,0.0,0,True
3178,20160717_JJ,27.95,80.7,30.35,85.8,28.95,80.0,28.75,85.9,28.6,95.75,26.35,97.0,24.85,95.65,25.55,91.0,0,2016-07-17,JJ,7,6,17,Sunday,False,0,0,0,0,0,0,0,0,0.0,0.0,0.0,0.0,0.0,0.0,0.0,0.0,0,True
3179,20160717_JN,28.122727273000002,83.695454545,25.631818181999996,89.35,28.840909091,76.840909091,29.718181818,80.722727273,29.472727273,88.26818181799999,25.513636364,94.98636363600001,28.409090909,90.78181818200001,28.922727273000003,88.318181818,1,2016-07-17,JN,7,6,17,Sunday,False,0,0,0,0,0,0,0,0,0.0,0.0,0.0,0.0,0.0,0.0,0.0,0.0,0,True
3180,20160717_SU,23.1,82.9,23.8,92.8,29.2,60.0,32.4,66.9,29.5,69.0,30.9,65.5,33.4,67.4,33.1,64.4,6,2016-07-17,SU,7,6,17,Sunday,False,0,0,0,0,0,0,1,1,0.0,0.0,0.0,0.0,0.0,0.0,0.3999999999999986,0.10000000000000142,0,True
3181,20160717_US,28.8,84.9,23.1,97.3,27.1,81.8,30.6,78.4,30.9,83.8,28.9,92.8,28.7,93.6,32.3,79.6,1,2016-07-17,US,7,6,17,Sunday,False,0,0,0,0,0,0,0,0,0.0,0.0,0.0,0.0,0.0,0.0,0.0,0.0,0,True
3182,20160718_BS,28.0,86.0,28.6,79.6,24.3,91.9,27.6,70.3,31.9,72.1,29.5,86.5,25.2,95.8,27.0,92.3,91,2016-07-18,BS,7,0,18,Monday,False,0,0,0,0,0,0,0,0,0.0,0.0,0.0,0.0,0.0,0.0,0.0,0.0,0,False
3183,20160718_CB,28.44,74.62,25.9,80.633333333,23.186666666999997,88.56,29.293333333000003,64.653333333,29.86,72.93333333300001,29.753333333,71.833333333,28.68,82.98,32.626666666999995,70.92666666699999,46,2016-07-18,CB,7,0,18,Monday,False,0,0,0,0,0,0,0,0,0.0,0.0,0.0,0.0,0.0,0.0,0.0,0.0,0,False
3184,20160718_CN,28.24375,84.43125,24.75,88.91875,24.71875,94.4625,29.25625,76.2625,30.0875,81.9,29.76875,84.36875,28.71875,88.38125,31.9375,82.49375,59,2016-07-18,CN,7,0,18,Monday,False,0,0,0,0,0,0,0,0,0.0,0.0,0.0,0.0,0.0,0.0,0.0,0.0,0,False
3185,20160718_DG,30.9,64.4,31.6,70.1,22.8,84.4,29.8,67.5,32.3,66.6,32.4,65.4,29.7,77.6,29.9,78.3,92,2016-07-18,DG,7,0,18,Monday,False,0,0,0,0,0,0,0,0,0.0,0.0,0.0,0.0,0.0,0.0,0.0,0.0,0,False
3186,20160718_DJ,28.9,78.9,26.4,83.1,24.5,92.4,30.0,71.6,31.0,77.0,30.4,79.3,28.4,86.9,32.9,78.9,52,2016-07-18,DJ,7,0,18,Monday,False,0,0,0,0,0,0,0,0,0.0,0.0,0.0,0.0,0.0,0.0,0.0,0.0,0,False
3187,20160718_GB,28.779166667,78.045833333,29.0375,81.125,22.2625,93.416666667,28.0875,73.845833333,29.045833333,77.75416666699999,30.879166667,75.31666666699999,29.795833333,86.46666666700001,29.9875,83.391666667,80,2016-07-18,GB,7,0,18,Monday,False,0,0,0,0,0,0,0,0,0.0,0.0,0.0,0.0,0.0,0.0,0.0,0.0,0,False
3188,20160718_GG,28.497619048,80.7,23.171428571,89.666666667,23.371428571,95.48809523799999,28.897619048000003,65.383333333,31.361904761999998,74.016666667,29.292857143000003,77.488095238,30.171428571,77.021428571,33.55,71.14047619,237,2016-07-18,GG,7,0,18,Monday,False,0,0,0,0,0,0,0,1,0.0,0.0,0.0,0.0,0.0,0.0,0.0,0.5499999999999972,0,False
3189,20160718_GJ,30.0,78.9,28.8,86.5,25.0,91.6,30.9,74.9,30.2,80.3,31.2,85.9,27.2,96.6,30.1,90.5,44,2016-07-18,GJ,7,0,18,Monday,False,0,0,0,0,0,0,0,0,0.0,0.0,0.0,0.0,0.0,0.0,0.0,0.0,0,False
3190,20160718_GN,30.245454545,78.886363636,29.940909090999998,79.409090909,24.295454545,90.831818182,29.595454545,70.213636364,32.690909091,73.427272727,30.763636364,84.25,27.154545455,91.94090909100001,27.677272727,90.77272727299999,81,2016-07-18,GN,7,0,18,Monday,False,0,0,0,0,0,0,0,0,0.0,0.0,0.0,0.0,0.0,0.0,0.0,0.0,0,False
3191,20160718_GW,26.822222221999997,81.54444444399999,23.772222221999996,90.066666667,22.011111110999998,94.077777778,27.7,71.133333333,28.188888889,76.883333333,28.511111110999998,80.427777778,26.772222221999996,87.577777778,31.25,75.661111111,35,2016-07-18,GW,7,0,18,Monday,False,0,0,0,0,0,0,0,0,0.0,0.0,0.0,0.0,0.0,0.0,0.0,0.0,0,False
3192,20160718_IC,26.59,95.29,22.55,96.96,23.42,97.11,28.29,77.61,29.53,88.25,27.29,95.11,28.3,84.6,31.41,87.14,50,2016-07-18,IC,7,0,18,Monday,False,0,0,0,0,0,0,0,0,0.0,0.0,0.0,0.0,0.0,0.0,0.0,0.0,0,False
3193,20160718_JB,28.88,78.57333333300001,26.973333333000003,78.953333333,25.733333333,85.04,30.453333333000003,72.806666667,29.266666667,79.006666667,30.026666666999997,83.18,27.88,87.66,30.153333333000003,86.213333333,88,2016-07-18,JB,7,0,18,Monday,False,0,0,0,0,0,0,0,0,0.0,0.0,0.0,0.0,0.0,0.0,0.0,0.0,0,False
3194,20160718_JJ,27.15,82.7,27.95,80.7,30.35,85.8,28.95,80.0,28.75,85.9,28.6,95.75,26.35,97.0,24.85,95.65,16,2016-07-18,JJ,7,0,18,Monday,False,0,0,0,0,0,0,0,0,0.0,0.0,0.0,0.0,0.0,0.0,0.0,0.0,0,False
3195,20160718_JN,29.281818182,80.786363636,28.122727273000002,83.695454545,25.631818181999996,89.35,28.840909091,76.840909091,29.718181818,80.722727273,29.472727273,88.26818181799999,25.513636364,94.98636363600001,28.409090909,90.78181818200001,60,2016-07-18,JN,7,0,18,Monday,False,0,0,0,0,0,0,0,0,0.0,0.0,0.0,0.0,0.0,0.0,0.0,0.0,0,False
3196,20160718_SU,28.4,75.1,23.1,82.9,23.8,92.8,29.2,60.0,32.4,66.9,29.5,69.0,30.9,65.5,33.4,67.4,240,2016-07-18,SU,7,0,18,Monday,False,0,0,0,0,0,0,0,1,0.0,0.0,0.0,0.0,0.0,0.0,0.0,0.3999999999999986,0,False
3197,20160718_US,29.0,87.9,28.8,84.9,23.1,97.3,27.1,81.8,30.6,78.4,30.9,83.8,28.9,92.8,28.7,93.6,17,2016-07-18,US,7,0,18,Monday,False,0,0,0,0,0,0,0,0,0.0,0.0,0.0,0.0,0.0,0.0,0.0,0.0,0,False
3198,20160719_BS,28.4,79.1,28.0,86.0,28.6,79.6,24.3,91.9,27.6,70.3,31.9,72.1,29.5,86.5,25.2,95.8,96,2016-07-19,BS,7,1,19,Tuesday,False,0,0,0,0,0,0,0,0,0.0,0.0,0.0,0.0,0.0,0.0,0.0,0.0,0,False
3199,20160719_CB,32.186666667,70.273333333,28.44,74.62,25.9,80.633333333,23.186666666999997,88.56,29.293333333000003,64.653333333,29.86,72.93333333300001,29.753333333,71.833333333,28.68,82.98,28,2016-07-19,CB,7,1,19,Tuesday,False,0,0,0,0,0,0,0,0,0.0,0.0,0.0,0.0,0.0,0.0,0.0,0.0,0,False
3200,20160719_CN,31.8625,80.4375,28.24375,84.43125,24.75,88.91875,24.71875,94.4625,29.25625,76.2625,30.0875,81.9,29.76875,84.36875,28.71875,88.38125,56,2016-07-19,CN,7,1,19,Tuesday,False,0,0,0,0,0,0,0,0,0.0,0.0,0.0,0.0,0.0,0.0,0.0,0.0,0,False
3201,20160719_DG,29.8,74.4,30.9,64.4,31.6,70.1,22.8,84.4,29.8,67.5,32.3,66.6,32.4,65.4,29.7,77.6,56,2016-07-19,DG,7,1,19,Tuesday,False,0,0,0,0,0,0,0,0,0.0,0.0,0.0,0.0,0.0,0.0,0.0,0.0,0,False
3202,20160719_DJ,32.4,76.8,28.9,78.9,26.4,83.1,24.5,92.4,30.0,71.6,31.0,77.0,30.4,79.3,28.4,86.9,37,2016-07-19,DJ,7,1,19,Tuesday,False,0,0,0,0,0,0,0,0,0.0,0.0,0.0,0.0,0.0,0.0,0.0,0.0,0,False
3203,20160719_GB,28.720833333,79.6375,28.779166667,78.045833333,29.0375,81.125,22.2625,93.416666667,28.0875,73.845833333,29.045833333,77.75416666699999,30.879166667,75.31666666699999,29.795833333,86.46666666700001,60,2016-07-19,GB,7,1,19,Tuesday,False,0,0,0,0,0,0,0,0,0.0,0.0,0.0,0.0,0.0,0.0,0.0,0.0,0,False
3204,20160719_GG,32.195238095,73.652380952,28.497619048,80.7,23.171428571,89.666666667,23.371428571,95.48809523799999,28.897619048000003,65.383333333,31.361904761999998,74.016666667,29.292857143000003,77.488095238,30.171428571,77.021428571,185,2016-07-19,GG,7,1,19,Tuesday,False,0,0,0,0,0,0,0,0,0.0,0.0,0.0,0.0,0.0,0.0,0.0,0.0,0,False
3205,20160719_GJ,31.7,75.9,30.0,78.9,28.8,86.5,25.0,91.6,30.9,74.9,30.2,80.3,31.2,85.9,27.2,96.6,41,2016-07-19,GJ,7,1,19,Tuesday,False,0,0,0,0,0,0,0,0,0.0,0.0,0.0,0.0,0.0,0.0,0.0,0.0,0,False
3206,20160719_GN,29.672727273000003,79.886363636,30.245454545,78.886363636,29.940909090999998,79.409090909,24.295454545,90.831818182,29.595454545,70.213636364,32.690909091,73.427272727,30.763636364,84.25,27.154545455,91.94090909100001,67,2016-07-19,GN,7,1,19,Tuesday,False,0,0,0,0,0,0,0,0,0.0,0.0,0.0,0.0,0.0,0.0,0.0,0.0,0,False
3207,20160719_GW,28.611111111,80.244444444,26.822222221999997,81.54444444399999,23.772222221999996,90.066666667,22.011111110999998,94.077777778,27.7,71.133333333,28.188888889,76.883333333,28.511111110999998,80.427777778,26.772222221999996,87.577777778,30,2016-07-19,GW,7,1,19,Tuesday,False,0,0,0,0,0,0,0,0,0.0,0.0,0.0,0.0,0.0,0.0,0.0,0.0,0,False
3208,20160719_IC,30.34,88.46,26.59,95.29,22.55,96.96,23.42,97.11,28.29,77.61,29.53,88.25,27.29,95.11,28.3,84.6,49,2016-07-19,IC,7,1,19,Tuesday,False,0,0,0,0,0,0,0,0,0.0,0.0,0.0,0.0,0.0,0.0,0.0,0.0,0,False
3209,20160719_JB,31.873333333,77.373333333,28.88,78.57333333300001,26.973333333000003,78.953333333,25.733333333,85.04,30.453333333000003,72.806666667,29.266666667,79.006666667,30.026666666999997,83.18,27.88,87.66,68,2016-07-19,JB,7,1,19,Tuesday,False,0,0,0,0,0,0,0,0,0.0,0.0,0.0,0.0,0.0,0.0,0.0,0.0,0,False
3210,20160719_JJ,30.3,84.85,27.15,82.7,27.95,80.7,30.35,85.8,28.95,80.0,28.75,85.9,28.6,95.75,26.35,97.0,12,2016-07-19,JJ,7,1,19,Tuesday,False,0,0,0,0,0,0,0,0,0.0,0.0,0.0,0.0,0.0,0.0,0.0,0.0,0,False
3211,20160719_JN,30.090909091,79.959090909,29.281818182,80.786363636,28.122727273000002,83.695454545,25.631818181999996,89.35,28.840909091,76.840909091,29.718181818,80.722727273,29.472727273,88.26818181799999,25.513636364,94.98636363600001,57,2016-07-19,JN,7,1,19,Tuesday,False,0,0,0,0,0,0,0,0,0.0,0.0,0.0,0.0,0.0,0.0,0.0,0.0,0,False
3212,20160719_SU,32.4,65.5,28.4,75.1,23.1,82.9,23.8,92.8,29.2,60.0,32.4,66.9,29.5,69.0,30.9,65.5,246,2016-07-19,SU,7,1,19,Tuesday,False,0,0,0,0,0,0,0,0,0.0,0.0,0.0,0.0,0.0,0.0,0.0,0.0,0,False
3213,20160719_US,26.6,91.1,29.0,87.9,28.8,84.9,23.1,97.3,27.1,81.8,30.6,78.4,30.9,83.8,28.9,92.8,8,2016-07-19,US,7,1,19,Tuesday,False,0,0,0,0,0,0,0,0,0.0,0.0,0.0,0.0,0.0,0.0,0.0,0.0,0,False
3214,20160720_BS,28.4,72.8,28.4,79.1,28.0,86.0,28.6,79.6,24.3,91.9,27.6,70.3,31.9,72.1,29.5,86.5,74,2016-07-20,BS,7,2,20,Wednesday,False,0,0,0,0,0,0,0,0,0.0,0.0,0.0,0.0,0.0,0.0,0.0,0.0,0,False
3215,20160720_CB,30.393333333,70.493333333,32.186666667,70.273333333,28.44,74.62,25.9,80.633333333,23.186666666999997,88.56,29.293333333000003,64.653333333,29.86,72.93333333300001,29.753333333,71.833333333,26,2016-07-20,CB,7,2,20,Wednesday,False,0,0,0,0,0,0,0,0,0.0,0.0,0.0,0.0,0.0,0.0,0.0,0.0,0,False
3216,20160720_CN,32.25625,81.075,31.8625,80.4375,28.24375,84.43125,24.75,88.91875,24.71875,94.4625,29.25625,76.2625,30.0875,81.9,29.76875,84.36875,56,2016-07-20,CN,7,2,20,Wednesday,False,0,0,0,0,0,0,0,0,0.0,0.0,0.0,0.0,0.0,0.0,0.0,0.0,0,False
3217,20160720_DG,29.0,67.5,29.8,74.4,30.9,64.4,31.6,70.1,22.8,84.4,29.8,67.5,32.3,66.6,32.4,65.4,56,2016-07-20,DG,7,2,20,Wednesday,False,0,0,0,0,0,0,0,0,0.0,0.0,0.0,0.0,0.0,0.0,0.0,0.0,0,False
3218,20160720_DJ,31.8,77.3,32.4,76.8,28.9,78.9,26.4,83.1,24.5,92.4,30.0,71.6,31.0,77.0,30.4,79.3,45,2016-07-20,DJ,7,2,20,Wednesday,False,0,0,0,0,0,0,0,0,0.0,0.0,0.0,0.0,0.0,0.0,0.0,0.0,0,False
3219,20160720_GB,26.883333333000003,80.0875,28.720833333,79.6375,28.779166667,78.045833333,29.0375,81.125,22.2625,93.416666667,28.0875,73.845833333,29.045833333,77.75416666699999,30.879166667,75.31666666699999,74,2016-07-20,GB,7,2,20,Wednesday,False,0,0,0,0,0,0,0,0,0.0,0.0,0.0,0.0,0.0,0.0,0.0,0.0,0,False
3220,20160720_GG,32.669047619000004,69.461904762,32.195238095,73.652380952,28.497619048,80.7,23.171428571,89.666666667,23.371428571,95.48809523799999,28.897619048000003,65.383333333,31.361904761999998,74.016666667,29.292857143000003,77.488095238,218,2016-07-20,GG,7,2,20,Wednesday,False,0,0,0,0,0,0,0,0,0.0,0.0,0.0,0.0,0.0,0.0,0.0,0.0,0,False
3221,20160720_GJ,32.7,72.6,31.7,75.9,30.0,78.9,28.8,86.5,25.0,91.6,30.9,74.9,30.2,80.3,31.2,85.9,42,2016-07-20,GJ,7,2,20,Wednesday,False,0,0,0,0,0,0,0,0,0.0,0.0,0.0,0.0,0.0,0.0,0.0,0.0,0,False
3222,20160720_GN,30.072727273,73.44090909100001,29.672727273000003,79.886363636,30.245454545,78.886363636,29.940909090999998,79.409090909,24.295454545,90.831818182,29.595454545,70.213636364,32.690909091,73.427272727,30.763636364,84.25,58,2016-07-20,GN,7,2,20,Wednesday,False,0,0,0,0,0,0,0,0,0.0,0.0,0.0,0.0,0.0,0.0,0.0,0.0,0,False
3223,20160720_GW,29.005555555999997,77.43333333300001,28.611111111,80.244444444,26.822222221999997,81.54444444399999,23.772222221999996,90.066666667,22.011111110999998,94.077777778,27.7,71.133333333,28.188888889,76.883333333,28.511111110999998,80.427777778,39,2016-07-20,GW,7,2,20,Wednesday,False,0,0,0,0,0,0,0,0,0.0,0.0,0.0,0.0,0.0,0.0,0.0,0.0,0,False
3224,20160720_IC,31.57,88.07,30.34,88.46,26.59,95.29,22.55,96.96,23.42,97.11,28.29,77.61,29.53,88.25,27.29,95.11,49,2016-07-20,IC,7,2,20,Wednesday,False,0,0,0,0,0,0,0,0,0.0,0.0,0.0,0.0,0.0,0.0,0.0,0.0,0,False
3225,20160720_JB,32.613333333,72.626666667,31.873333333,77.373333333,28.88,78.57333333300001,26.973333333000003,78.953333333,25.733333333,85.04,30.453333333000003,72.806666667,29.266666667,79.006666667,30.026666666999997,83.18,72,2016-07-20,JB,7,2,20,Wednesday,False,0,0,0,0,0,0,0,0,0.0,0.0,0.0,0.0,0.0,0.0,0.0,0.0,0,False
3226,20160720_JJ,30.25,82.15,30.3,84.85,27.15,82.7,27.95,80.7,30.35,85.8,28.95,80.0,28.75,85.9,28.6,95.75,13,2016-07-20,JJ,7,2,20,Wednesday,False,0,0,0,0,0,0,0,0,0.0,0.0,0.0,0.0,0.0,0.0,0.0,0.0,0,False
3227,20160720_JN,30.459090909,75.295454545,30.090909091,79.959090909,29.281818182,80.786363636,28.122727273000002,83.695454545,25.631818181999996,89.35,28.840909091,76.840909091,29.718181818,80.722727273,29.472727273,88.26818181799999,50,2016-07-20,JN,7,2,20,Wednesday,False,0,0,0,0,0,0,0,0,0.0,0.0,0.0,0.0,0.0,0.0,0.0,0.0,0,False
3228,20160720_SU,32.9,62.5,32.4,65.5,28.4,75.1,23.1,82.9,23.8,92.8,29.2,60.0,32.4,66.9,29.5,69.0,247,2016-07-20,SU,7,2,20,Wednesday,False,0,0,0,0,0,0,0,0,0.0,0.0,0.0,0.0,0.0,0.0,0.0,0.0,0,False
3229,20160720_US,26.3,85.4,26.6,91.1,29.0,87.9,28.8,84.9,23.1,97.3,27.1,81.8,30.6,78.4,30.9,83.8,13,2016-07-20,US,7,2,20,Wednesday,False,0,0,0,0,0,0,0,0,0.0,0.0,0.0,0.0,0.0,0.0,0.0,0.0,0,False
3230,20160721_BS,27.9,73.6,28.4,72.8,28.4,79.1,28.0,86.0,28.6,79.6,24.3,91.9,27.6,70.3,31.9,72.1,84,2016-07-21,BS,7,3,21,Thursday,False,0,0,0,0,0,0,0,0,0.0,0.0,0.0,0.0,0.0,0.0,0.0,0.0,0,False
3231,20160721_CB,31.04,68.586666667,30.393333333,70.493333333,32.186666667,70.273333333,28.44,74.62,25.9,80.633333333,23.186666666999997,88.56,29.293333333000003,64.653333333,29.86,72.93333333300001,28,2016-07-21,CB,7,3,21,Thursday,False,0,0,0,0,0,0,0,0,0.0,0.0,0.0,0.0,0.0,0.0,0.0,0.0,0,False
3232,20160721_CN,32.00625,78.4125,32.25625,81.075,31.8625,80.4375,28.24375,84.43125,24.75,88.91875,24.71875,94.4625,29.25625,76.2625,30.0875,81.9,43,2016-07-21,CN,7,3,21,Thursday,False,0,0,0,0,0,0,0,0,0.0,0.0,0.0,0.0,0.0,0.0,0.0,0.0,0,False
3233,20160721_DG,29.2,69.1,29.0,67.5,29.8,74.4,30.9,64.4,31.6,70.1,22.8,84.4,29.8,67.5,32.3,66.6,59,2016-07-21,DG,7,3,21,Thursday,False,0,0,0,0,0,0,0,0,0.0,0.0,0.0,0.0,0.0,0.0,0.0,0.0,0,False
3234,20160721_DJ,31.6,74.6,31.8,77.3,32.4,76.8,28.9,78.9,26.4,83.1,24.5,92.4,30.0,71.6,31.0,77.0,46,2016-07-21,DJ,7,3,21,Thursday,False,0,0,0,0,0,0,0,0,0.0,0.0,0.0,0.0,0.0,0.0,0.0,0.0,0,False
3235,20160721_GB,27.65,77.6625,26.883333333000003,80.0875,28.720833333,79.6375,28.779166667,78.045833333,29.0375,81.125,22.2625,93.416666667,28.0875,73.845833333,29.045833333,77.75416666699999,65,2016-07-21,GB,7,3,21,Thursday,False,0,0,0,0,0,0,0,0,0.0,0.0,0.0,0.0,0.0,0.0,0.0,0.0,0,False
3236,20160721_GG,31.816666667,68.273809524,32.669047619000004,69.461904762,32.195238095,73.652380952,28.497619048,80.7,23.171428571,89.666666667,23.371428571,95.48809523799999,28.897619048000003,65.383333333,31.361904761999998,74.016666667,211,2016-07-21,GG,7,3,21,Thursday,False,0,0,0,0,0,0,0,0,0.0,0.0,0.0,0.0,0.0,0.0,0.0,0.0,0,False
3237,20160721_GJ,33.1,72.8,32.7,72.6,31.7,75.9,30.0,78.9,28.8,86.5,25.0,91.6,30.9,74.9,30.2,80.3,42,2016-07-21,GJ,7,3,21,Thursday,False,1,0,0,0,0,0,0,0,0.10000000000000142,0.0,0.0,0.0,0.0,0.0,0.0,0.0,0,False
3238,20160721_GN,29.554545455,75.8,30.072727273,73.44090909100001,29.672727273000003,79.886363636,30.245454545,78.886363636,29.940909090999998,79.409090909,24.295454545,90.831818182,29.595454545,70.213636364,32.690909091,73.427272727,66,2016-07-21,GN,7,3,21,Thursday,False,0,0,0,0,0,0,0,0,0.0,0.0,0.0,0.0,0.0,0.0,0.0,0.0,0,False
3239,20160721_GW,28.461111110999997,77.15,29.005555555999997,77.43333333300001,28.611111111,80.244444444,26.822222221999997,81.54444444399999,23.772222221999996,90.066666667,22.011111110999998,94.077777778,27.7,71.133333333,28.188888889,76.883333333,33,2016-07-21,GW,7,3,21,Thursday,False,0,0,0,0,0,0,0,0,0.0,0.0,0.0,0.0,0.0,0.0,0.0,0.0,0,False
3240,20160721_IC,31.51,84.86,31.57,88.07,30.34,88.46,26.59,95.29,22.55,96.96,23.42,97.11,28.29,77.61,29.53,88.25,52,2016-07-21,IC,7,3,21,Thursday,False,0,0,0,0,0,0,0,0,0.0,0.0,0.0,0.0,0.0,0.0,0.0,0.0,0,False
3241,20160721_JB,32.62,71.94,32.613333333,72.626666667,31.873333333,77.373333333,28.88,78.57333333300001,26.973333333000003,78.953333333,25.733333333,85.04,30.453333333000003,72.806666667,29.266666667,79.006666667,81,2016-07-21,JB,7,3,21,Thursday,False,0,0,0,0,0,0,0,0,0.0,0.0,0.0,0.0,0.0,0.0,0.0,0.0,0,False
3242,20160721_JJ,29.3,84.6,30.25,82.15,30.3,84.85,27.15,82.7,27.95,80.7,30.35,85.8,28.95,80.0,28.75,85.9,11,2016-07-21,JJ,7,3,21,Thursday,False,0,0,0,0,0,0,0,0,0.0,0.0,0.0,0.0,0.0,0.0,0.0,0.0,0,False
3243,20160721_JN,30.059090909000002,76.477272727,30.459090909,75.295454545,30.090909091,79.959090909,29.281818182,80.786363636,28.122727273000002,83.695454545,25.631818181999996,89.35,28.840909091,76.840909091,29.718181818,80.722727273,68,2016-07-21,JN,7,3,21,Thursday,False,0,0,0,0,0,0,0,0,0.0,0.0,0.0,0.0,0.0,0.0,0.0,0.0,0,False
3244,20160721_SU,32.2,61.3,32.9,62.5,32.4,65.5,28.4,75.1,23.1,82.9,23.8,92.8,29.2,60.0,32.4,66.9,235,2016-07-21,SU,7,3,21,Thursday,False,0,0,0,0,0,0,0,0,0.0,0.0,0.0,0.0,0.0,0.0,0.0,0.0,0,False
3245,20160721_US,26.9,85.6,26.3,85.4,26.6,91.1,29.0,87.9,28.8,84.9,23.1,97.3,27.1,81.8,30.6,78.4,11,2016-07-21,US,7,3,21,Thursday,False,0,0,0,0,0,0,0,0,0.0,0.0,0.0,0.0,0.0,0.0,0.0,0.0,0,False
3246,20160722_BS,28.2,75.0,27.9,73.6,28.4,72.8,28.4,79.1,28.0,86.0,28.6,79.6,24.3,91.9,27.6,70.3,75,2016-07-22,BS,7,4,22,Friday,False,0,0,0,0,0,0,0,0,0.0,0.0,0.0,0.0,0.0,0.0,0.0,0.0,0,False
3247,20160722_CB,32.626666666999995,64.62,31.04,68.586666667,30.393333333,70.493333333,32.186666667,70.273333333,28.44,74.62,25.9,80.633333333,23.186666666999997,88.56,29.293333333000003,64.653333333,30,2016-07-22,CB,7,4,22,Friday,False,0,0,0,0,0,0,0,0,0.0,0.0,0.0,0.0,0.0,0.0,0.0,0.0,0,False
3248,20160722_CN,32.9625,78.63125,32.00625,78.4125,32.25625,81.075,31.8625,80.4375,28.24375,84.43125,24.75,88.91875,24.71875,94.4625,29.25625,76.2625,67,2016-07-22,CN,7,4,22,Friday,False,0,0,0,0,0,0,0,0,0.0,0.0,0.0,0.0,0.0,0.0,0.0,0.0,0,False
3249,20160722_DG,30.6,66.4,29.2,69.1,29.0,67.5,29.8,74.4,30.9,64.4,31.6,70.1,22.8,84.4,29.8,67.5,50,2016-07-22,DG,7,4,22,Friday,False,0,0,0,0,0,0,0,0,0.0,0.0,0.0,0.0,0.0,0.0,0.0,0.0,0,False
3250,20160722_DJ,33.2,71.8,31.6,74.6,31.8,77.3,32.4,76.8,28.9,78.9,26.4,83.1,24.5,92.4,30.0,71.6,34,2016-07-22,DJ,7,4,22,Friday,False,1,0,0,0,0,0,0,0,0.20000000000000284,0.0,0.0,0.0,0.0,0.0,0.0,0.0,0,False
3251,20160722_GB,29.275,75.083333333,27.65,77.6625,26.883333333000003,80.0875,28.720833333,79.6375,28.779166667,78.045833333,29.0375,81.125,22.2625,93.416666667,28.0875,73.845833333,67,2016-07-22,GB,7,4,22,Friday,False,0,0,0,0,0,0,0,0,0.0,0.0,0.0,0.0,0.0,0.0,0.0,0.0,0,False
3252,20160722_GG,33.716666667,68.72380952399999,31.816666667,68.273809524,32.669047619000004,69.461904762,32.195238095,73.652380952,28.497619048,80.7,23.171428571,89.666666667,23.371428571,95.48809523799999,28.897619048000003,65.383333333,180,2016-07-22,GG,7,4,22,Friday,False,1,0,0,0,0,0,0,0,0.7166666669999984,0.0,0.0,0.0,0.0,0.0,0.0,0.0,0,False
3253,20160722_GJ,32.2,78.3,33.1,72.8,32.7,72.6,31.7,75.9,30.0,78.9,28.8,86.5,25.0,91.6,30.9,74.9,36,2016-07-22,GJ,7,4,22,Friday,False,0,1,0,0,0,0,0,0,0.0,0.10000000000000142,0.0,0.0,0.0,0.0,0.0,0.0,0,False
3254,20160722_GN,29.454545455,77.518181818,29.554545455,75.8,30.072727273,73.44090909100001,29.672727273000003,79.886363636,30.245454545,78.886363636,29.940909090999998,79.409090909,24.295454545,90.831818182,29.595454545,70.213636364,63,2016-07-22,GN,7,4,22,Friday,False,0,0,0,0,0,0,0,0,0.0,0.0,0.0,0.0,0.0,0.0,0.0,0.0,0,False
3255,20160722_GW,30.672222222,73.422222222,28.461111110999997,77.15,29.005555555999997,77.43333333300001,28.611111111,80.244444444,26.822222221999997,81.54444444399999,23.772222221999996,90.066666667,22.011111110999998,94.077777778,27.7,71.133333333,34,2016-07-22,GW,7,4,22,Friday,False,0,0,0,0,0,0,0,0,0.0,0.0,0.0,0.0,0.0,0.0,0.0,0.0,0,False
3256,20160722_IC,32.29,87.36,31.51,84.86,31.57,88.07,30.34,88.46,26.59,95.29,22.55,96.96,23.42,97.11,28.29,77.61,46,2016-07-22,IC,7,4,22,Friday,False,0,0,0,0,0,0,0,0,0.0,0.0,0.0,0.0,0.0,0.0,0.0,0.0,0,False
3257,20160722_JB,33.12,73.3,32.62,71.94,32.613333333,72.626666667,31.873333333,77.373333333,28.88,78.57333333300001,26.973333333000003,78.953333333,25.733333333,85.04,30.453333333000003,72.806666667,87,2016-07-22,JB,7,4,22,Friday,False,1,0,0,0,0,0,0,0,0.11999999999999744,0.0,0.0,0.0,0.0,0.0,0.0,0.0,0,False
3258,20160722_JJ,29.2,85.85,29.3,84.6,30.25,82.15,30.3,84.85,27.15,82.7,27.95,80.7,30.35,85.8,28.95,80.0,15,2016-07-22,JJ,7,4,22,Friday,False,0,0,0,0,0,0,0,0,0.0,0.0,0.0,0.0,0.0,0.0,0.0,0.0,0,False
3259,20160722_JN,29.754545455,79.240909091,30.059090909000002,76.477272727,30.459090909,75.295454545,30.090909091,79.959090909,29.281818182,80.786363636,28.122727273000002,83.695454545,25.631818181999996,89.35,28.840909091,76.840909091,42,2016-07-22,JN,7,4,22,Friday,False,0,0,0,0,0,0,0,0,0.0,0.0,0.0,0.0,0.0,0.0,0.0,0.0,0,False
3260,20160722_SU,34.1,64.0,32.2,61.3,32.9,62.5,32.4,65.5,28.4,75.1,23.1,82.9,23.8,92.8,29.2,60.0,187,2016-07-22,SU,7,4,22,Friday,False,1,0,0,0,0,0,0,0,1.1000000000000014,0.0,0.0,0.0,0.0,0.0,0.0,0.0,0,False
3261,20160722_US,27.2,84.5,26.9,85.6,26.3,85.4,26.6,91.1,29.0,87.9,28.8,84.9,23.1,97.3,27.1,81.8,10,2016-07-22,US,7,4,22,Friday,False,0,0,0,0,0,0,0,0,0.0,0.0,0.0,0.0,0.0,0.0,0.0,0.0,0,False
3262,20160723_BS,29.5,77.6,28.2,75.0,27.9,73.6,28.4,72.8,28.4,79.1,28.0,86.0,28.6,79.6,24.3,91.9,15,2016-07-23,BS,7,5,23,Saturday,False,0,0,0,0,0,0,0,0,0.0,0.0,0.0,0.0,0.0,0.0,0.0,0.0,0,True
3263,20160723_CB,33.113333333,67.353333333,32.626666666999995,64.62,31.04,68.586666667,30.393333333,70.493333333,32.186666667,70.273333333,28.44,74.62,25.9,80.633333333,23.186666666999997,88.56,10,2016-07-23,CB,7,5,23,Saturday,False,1,0,0,0,0,0,0,0,0.11333333299999993,0.0,0.0,0.0,0.0,0.0,0.0,0.0,0,True
3264,20160723_CN,32.425,80.05,32.9625,78.63125,32.00625,78.4125,32.25625,81.075,31.8625,80.4375,28.24375,84.43125,24.75,88.91875,24.71875,94.4625,15,2016-07-23,CN,7,5,23,Saturday,False,0,0,0,0,0,0,0,0,0.0,0.0,0.0,0.0,0.0,0.0,0.0,0.0,0,True
3265,20160723_DG,34.0,63.5,30.6,66.4,29.2,69.1,29.0,67.5,29.8,74.4,30.9,64.4,31.6,70.1,22.8,84.4,15,2016-07-23,DG,7,5,23,Saturday,False,1,0,0,0,0,0,0,0,1.0,0.0,0.0,0.0,0.0,0.0,0.0,0.0,0,True
3266,20160723_DJ,33.6,73.5,33.2,71.8,31.6,74.6,31.8,77.3,32.4,76.8,28.9,78.9,26.4,83.1,24.5,92.4,9,2016-07-23,DJ,7,5,23,Saturday,False,1,1,0,0,0,0,0,0,0.6000000000000014,0.20000000000000284,0.0,0.0,0.0,0.0,0.0,0.0,0,True
3267,20160723_GB,30.95,77.075,29.275,75.083333333,27.65,77.6625,26.883333333000003,80.0875,28.720833333,79.6375,28.779166667,78.045833333,29.0375,81.125,22.2625,93.416666667,24,2016-07-23,GB,7,5,23,Saturday,False,0,0,0,0,0,0,0,0,0.0,0.0,0.0,0.0,0.0,0.0,0.0,0.0,0,True
3268,20160723_GG,31.59047619,76.711904762,33.716666667,68.72380952399999,31.816666667,68.273809524,32.669047619000004,69.461904762,32.195238095,73.652380952,28.497619048,80.7,23.171428571,89.666666667,23.371428571,95.48809523799999,44,2016-07-23,GG,7,5,23,Saturday,False,0,1,0,0,0,0,0,0,0.0,0.7166666669999984,0.0,0.0,0.0,0.0,0.0,0.0,0,True
3269,20160723_GJ,32.8,76.5,32.2,78.3,33.1,72.8,32.7,72.6,31.7,75.9,30.0,78.9,28.8,86.5,25.0,91.6,12,2016-07-23,GJ,7,5,23,Saturday,False,0,0,1,0,0,0,0,0,0.0,0.0,0.10000000000000142,0.0,0.0,0.0,0.0,0.0,0,True
3270,20160723_GN,30.631818181999996,76.6,29.454545455,77.518181818,29.554545455,75.8,30.072727273,73.44090909100001,29.672727273000003,79.886363636,30.245454545,78.886363636,29.940909090999998,79.409090909,24.295454545,90.831818182,17,2016-07-23,GN,7,5,23,Saturday,False,0,0,0,0,0,0,0,0,0.0,0.0,0.0,0.0,0.0,0.0,0.0,0.0,0,True
3271,20160723_GW,29.538888889000003,80.572222222,30.672222222,73.422222222,28.461111110999997,77.15,29.005555555999997,77.43333333300001,28.611111111,80.244444444,26.822222221999997,81.54444444399999,23.772222221999996,90.066666667,22.011111110999998,94.077777778,6,2016-07-23,GW,7,5,23,Saturday,False,0,0,0,0,0,0,0,0,0.0,0.0,0.0,0.0,0.0,0.0,0.0,0.0,0,True
3272,20160723_IC,30.14,92.94,32.29,87.36,31.51,84.86,31.57,88.07,30.34,88.46,26.59,95.29,22.55,96.96,23.42,97.11,9,2016-07-23,IC,7,5,23,Saturday,False,0,0,0,0,0,0,0,0,0.0,0.0,0.0,0.0,0.0,0.0,0.0,0.0,0,True
3273,20160723_JB,33.453333333,74.106666667,33.12,73.3,32.62,71.94,32.613333333,72.626666667,31.873333333,77.373333333,28.88,78.57333333300001,26.973333333000003,78.953333333,25.733333333,85.04,16,2016-07-23,JB,7,5,23,Saturday,False,1,1,0,0,0,0,0,0,0.45333333300000334,0.11999999999999744,0.0,0.0,0.0,0.0,0.0,0.0,0,True
3274,20160723_JJ,30.7,84.55,29.2,85.85,29.3,84.6,30.25,82.15,30.3,84.85,27.15,82.7,27.95,80.7,30.35,85.8,2,2016-07-23,JJ,7,5,23,Saturday,False,0,0,0,0,0,0,0,0,0.0,0.0,0.0,0.0,0.0,0.0,0.0,0.0,0,True
3275,20160723_JN,30.813636364,80.045454545,29.754545455,79.240909091,30.059090909000002,76.477272727,30.459090909,75.295454545,30.090909091,79.959090909,29.281818182,80.786363636,28.122727273000002,83.695454545,25.631818181999996,89.35,16,2016-07-23,JN,7,5,23,Saturday,False,0,0,0,0,0,0,0,0,0.0,0.0,0.0,0.0,0.0,0.0,0.0,0.0,0,True
3276,20160723_SU,31.6,70.4,34.1,64.0,32.2,61.3,32.9,62.5,32.4,65.5,28.4,75.1,23.1,82.9,23.8,92.8,65,2016-07-23,SU,7,5,23,Saturday,False,0,1,0,0,0,0,0,0,0.0,1.1000000000000014,0.0,0.0,0.0,0.0,0.0,0.0,0,True
3277,20160723_US,29.9,84.5,27.2,84.5,26.9,85.6,26.3,85.4,26.6,91.1,29.0,87.9,28.8,84.9,23.1,97.3,2,2016-07-23,US,7,5,23,Saturday,False,0,0,0,0,0,0,0,0,0.0,0.0,0.0,0.0,0.0,0.0,0.0,0.0,0,True
3278,20160724_BS,30.4,85.1,29.5,77.6,28.2,75.0,27.9,73.6,28.4,72.8,28.4,79.1,28.0,86.0,28.6,79.6,0,2016-07-24,BS,7,6,24,Sunday,False,0,0,0,0,0,0,0,0,0.0,0.0,0.0,0.0,0.0,0.0,0.0,0.0,0,True
3279,20160724_CB,32.8,74.02,33.113333333,67.353333333,32.626666666999995,64.62,31.04,68.586666667,30.393333333,70.493333333,32.186666667,70.273333333,28.44,74.62,25.9,80.633333333,1,2016-07-24,CB,7,6,24,Sunday,False,0,1,0,0,0,0,0,0,0.0,0.11333333299999993,0.0,0.0,0.0,0.0,0.0,0.0,0,True
3280,20160724_CN,31.99375,85.75625,32.425,80.05,32.9625,78.63125,32.00625,78.4125,32.25625,81.075,31.8625,80.4375,28.24375,84.43125,24.75,88.91875,0,2016-07-24,CN,7,6,24,Sunday,False,0,0,0,0,0,0,0,0,0.0,0.0,0.0,0.0,0.0,0.0,0.0,0.0,0,True
3281,20160724_DG,36.0,73.3,34.0,63.5,30.6,66.4,29.2,69.1,29.0,67.5,29.8,74.4,30.9,64.4,31.6,70.1,1,2016-07-24,DG,7,6,24,Sunday,False,1,1,0,0,0,0,0,0,3.0,1.0,0.0,0.0,0.0,0.0,0.0,0.0,0,True
3282,20160724_DJ,32.9,76.8,33.6,73.5,33.2,71.8,31.6,74.6,31.8,77.3,32.4,76.8,28.9,78.9,26.4,83.1,1,2016-07-24,DJ,7,6,24,Sunday,False,0,1,1,0,0,0,0,0,0.0,0.6000000000000014,0.20000000000000284,0.0,0.0,0.0,0.0,0.0,0,True
3283,20160724_GB,33.258333333,79.025,30.95,77.075,29.275,75.083333333,27.65,77.6625,26.883333333000003,80.0875,28.720833333,79.6375,28.779166667,78.045833333,29.0375,81.125,0,2016-07-24,GB,7,6,24,Sunday,False,1,0,0,0,0,0,0,0,0.25833333300000305,0.0,0.0,0.0,0.0,0.0,0.0,0.0,0,True
3284,20160724_GG,30.988095238000003,82.98095238100001,31.59047619,76.711904762,33.716666667,68.72380952399999,31.816666667,68.273809524,32.669047619000004,69.461904762,32.195238095,73.652380952,28.497619048,80.7,23.171428571,89.666666667,9,2016-07-24,GG,7,6,24,Sunday,False,0,0,1,0,0,0,0,0,0.0,0.0,0.7166666669999984,0.0,0.0,0.0,0.0,0.0,0,True
3285,20160724_GJ,34.2,79.5,32.8,76.5,32.2,78.3,33.1,72.8,32.7,72.6,31.7,75.9,30.0,78.9,28.8,86.5,0,2016-07-24,GJ,7,6,24,Sunday,False,1,0,0,1,0,0,0,0,1.2000000000000028,0.0,0.0,0.10000000000000142,0.0,0.0,0.0,0.0,0,True
3286,20160724_GN,33.031818181999995,81.222727273,30.631818181999996,76.6,29.454545455,77.518181818,29.554545455,75.8,30.072727273,73.44090909100001,29.672727273000003,79.886363636,30.245454545,78.886363636,29.940909090999998,79.409090909,1,2016-07-24,GN,7,6,24,Sunday,False,1,0,0,0,0,0,0,0,0.03181818199999498,0.0,0.0,0.0,0.0,0.0,0.0,0.0,0,True
3287,20160724_GW,28.222222222,86.744444444,29.538888889000003,80.572222222,30.672222222,73.422222222,28.461111110999997,77.15,29.005555555999997,77.43333333300001,28.611111111,80.244444444,26.822222221999997,81.54444444399999,23.772222221999996,90.066666667,1,2016-07-24,GW,7,6,24,Sunday,False,0,0,0,0,0,0,0,0,0.0,0.0,0.0,0.0,0.0,0.0,0.0,0.0,0,True
3288,20160724_IC,28.68,96.89,30.14,92.94,32.29,87.36,31.51,84.86,31.57,88.07,30.34,88.46,26.59,95.29,22.55,96.96,1,2016-07-24,IC,7,6,24,Sunday,False,0,0,0,0,0,0,0,0,0.0,0.0,0.0,0.0,0.0,0.0,0.0,0.0,0,True
3289,20160724_JB,33.473333333,76.673333333,33.453333333,74.106666667,33.12,73.3,32.62,71.94,32.613333333,72.626666667,31.873333333,77.373333333,28.88,78.57333333300001,26.973333333000003,78.953333333,3,2016-07-24,JB,7,6,24,Sunday,False,1,1,1,0,0,0,0,0,0.47333333299999936,0.45333333300000334,0.11999999999999744,0.0,0.0,0.0,0.0,0.0,0,True
3290,20160724_JN,32.431818182,83.3,30.813636364,80.045454545,29.754545455,79.240909091,30.059090909000002,76.477272727,30.459090909,75.295454545,30.090909091,79.959090909,29.281818182,80.786363636,28.122727273000002,83.695454545,2,2016-07-24,JN,7,6,24,Sunday,False,0,0,0,0,0,0,0,0,0.0,0.0,0.0,0.0,0.0,0.0,0.0,0.0,0,True
3291,20160724_SU,30.1,77.9,31.6,70.4,34.1,64.0,32.2,61.3,32.9,62.5,32.4,65.5,28.4,75.1,23.1,82.9,12,2016-07-24,SU,7,6,24,Sunday,False,0,0,1,0,0,0,0,0,0.0,0.0,1.1000000000000014,0.0,0.0,0.0,0.0,0.0,0,True
3292,20160724_US,33.3,84.8,29.9,84.5,27.2,84.5,26.9,85.6,26.3,85.4,26.6,91.1,29.0,87.9,28.8,84.9,0,2016-07-24,US,7,6,24,Sunday,False,1,0,0,0,0,0,0,0,0.29999999999999716,0.0,0.0,0.0,0.0,0.0,0.0,0.0,0,True
3293,20160725_BS,31.2,85.4,30.4,85.1,29.5,77.6,28.2,75.0,27.9,73.6,28.4,72.8,28.4,79.1,28.0,86.0,80,2016-07-25,BS,7,0,25,Monday,False,0,0,0,0,0,0,0,0,0.0,0.0,0.0,0.0,0.0,0.0,0.0,0.0,0,False
3294,20160725_CB,32.486666667,75.62,32.8,74.02,33.113333333,67.353333333,32.626666666999995,64.62,31.04,68.586666667,30.393333333,70.493333333,32.186666667,70.273333333,28.44,74.62,31,2016-07-25,CB,7,0,25,Monday,False,0,0,1,0,0,0,0,0,0.0,0.0,0.11333333299999993,0.0,0.0,0.0,0.0,0.0,0,False
3295,20160725_CN,31.88125,85.3125,31.99375,85.75625,32.425,80.05,32.9625,78.63125,32.00625,78.4125,32.25625,81.075,31.8625,80.4375,28.24375,84.43125,56,2016-07-25,CN,7,0,25,Monday,False,0,0,0,0,0,0,0,0,0.0,0.0,0.0,0.0,0.0,0.0,0.0,0.0,0,False
3296,20160725_DG,32.6,83.9,36.0,73.3,34.0,63.5,30.6,66.4,29.2,69.1,29.0,67.5,29.8,74.4,30.9,64.4,71,2016-07-25,DG,7,0,25,Monday,False,0,1,1,0,0,0,0,0,0.0,3.0,1.0,0.0,0.0,0.0,0.0,0.0,0,False
3297,20160725_DJ,32.5,75.0,32.9,76.8,33.6,73.5,33.2,71.8,31.6,74.6,31.8,77.3,32.4,76.8,28.9,78.9,41,2016-07-25,DJ,7,0,25,Monday,False,0,0,1,1,0,0,0,0,0.0,0.0,0.6000000000000014,0.20000000000000284,0.0,0.0,0.0,0.0,0,False
3298,20160725_GB,30.891666667,88.05,33.258333333,79.025,30.95,77.075,29.275,75.083333333,27.65,77.6625,26.883333333000003,80.0875,28.720833333,79.6375,28.779166667,78.045833333,65,2016-07-25,GB,7,0,25,Monday,False,0,1,0,0,0,0,0,0,0.0,0.25833333300000305,0.0,0.0,0.0,0.0,0.0,0.0,0,False
3299,20160725_GG,31.752380952,82.945238095,30.988095238000003,82.98095238100001,31.59047619,76.711904762,33.716666667,68.72380952399999,31.816666667,68.273809524,32.669047619000004,69.461904762,32.195238095,73.652380952,28.497619048,80.7,238,2016-07-25,GG,7,0,25,Monday,False,0,0,0,1,0,0,0,0,0.0,0.0,0.0,0.7166666669999984,0.0,0.0,0.0,0.0,0,False
3300,20160725_GJ,33.9,77.6,34.2,79.5,32.8,76.5,32.2,78.3,33.1,72.8,32.7,72.6,31.7,75.9,30.0,78.9,48,2016-07-25,GJ,7,0,25,Monday,False,1,1,0,0,1,0,0,0,0.8999999999999986,1.2000000000000028,0.0,0.0,0.10000000000000142,0.0,0.0,0.0,0,False
3301,20160725_GN,33.227272727,84.595454545,33.031818181999995,81.222727273,30.631818181999996,76.6,29.454545455,77.518181818,29.554545455,75.8,30.072727273,73.44090909100001,29.672727273000003,79.886363636,30.245454545,78.886363636,69,2016-07-25,GN,7,0,25,Monday,False,1,1,0,0,0,0,0,0,0.227272726999999,0.03181818199999498,0.0,0.0,0.0,0.0,0.0,0.0,0,False
3302,20160725_GW,28.466666667,88.25,28.222222222,86.744444444,29.538888889000003,80.572222222,30.672222222,73.422222222,28.461111110999997,77.15,29.005555555999997,77.43333333300001,28.611111111,80.244444444,26.822222221999997,81.54444444399999,51,2016-07-25,GW,7,0,25,Monday,False,0,0,0,0,0,0,0,0,0.0,0.0,0.0,0.0,0.0,0.0,0.0,0.0,0,False
3303,20160725_IC,29.77,96.59,28.68,96.89,30.14,92.94,32.29,87.36,31.51,84.86,31.57,88.07,30.34,88.46,26.59,95.29,44,2016-07-25,IC,7,0,25,Monday,False,0,0,0,0,0,0,0,0,0.0,0.0,0.0,0.0,0.0,0.0,0.0,0.0,0,False
3304,20160725_JB,32.886666667,77.593333333,33.473333333,76.673333333,33.453333333,74.106666667,33.12,73.3,32.62,71.94,32.613333333,72.626666667,31.873333333,77.373333333,28.88,78.57333333300001,91,2016-07-25,JB,7,0,25,Monday,False,0,1,1,1,0,0,0,0,0.0,0.47333333299999936,0.45333333300000334,0.11999999999999744,0.0,0.0,0.0,0.0,0,False
3305,20160725_JJ,31.2,82.2,30.6,84.35,30.7,84.55,29.2,85.85,29.3,84.6,30.25,82.15,30.3,84.85,27.15,82.7,18,2016-07-25,JJ,7,0,25,Monday,False,0,0,0,0,0,0,0,0,0.0,0.0,0.0,0.0,0.0,0.0,0.0,0.0,0,False
3306,20160725_JN,32.772727273,80.804545455,32.431818182,83.3,30.813636364,80.045454545,29.754545455,79.240909091,30.059090909000002,76.477272727,30.459090909,75.295454545,30.090909091,79.959090909,29.281818182,80.786363636,73,2016-07-25,JN,7,0,25,Monday,False,0,0,0,0,0,0,0,0,0.0,0.0,0.0,0.0,0.0,0.0,0.0,0.0,0,False
3307,20160725_SU,31.4,75.3,30.1,77.9,31.6,70.4,34.1,64.0,32.2,61.3,32.9,62.5,32.4,65.5,28.4,75.1,228,2016-07-25,SU,7,0,25,Monday,False,0,0,0,1,0,0,0,0,0.0,0.0,0.0,1.1000000000000014,0.0,0.0,0.0,0.0,0,False
3308,20160725_US,31.7,93.4,33.3,84.8,29.9,84.5,27.2,84.5,26.9,85.6,26.3,85.4,26.6,91.1,29.0,87.9,15,2016-07-25,US,7,0,25,Monday,False,0,1,0,0,0,0,0,0,0.0,0.29999999999999716,0.0,0.0,0.0,0.0,0.0,0.0,0,False
3309,20160726_BS,31.1,82.1,31.2,85.4,30.4,85.1,29.5,77.6,28.2,75.0,27.9,73.6,28.4,72.8,28.4,79.1,80,2016-07-26,BS,7,1,26,Tuesday,False,0,0,0,0,0,0,0,0,0.0,0.0,0.0,0.0,0.0,0.0,0.0,0.0,0,False
3310,20160726_CB,33.206666667,69.246666667,32.486666667,75.62,32.8,74.02,33.113333333,67.353333333,32.626666666999995,64.62,31.04,68.586666667,30.393333333,70.493333333,32.186666667,70.273333333,37,2016-07-26,CB,7,1,26,Tuesday,False,1,0,0,1,0,0,0,0,0.20666666700000036,0.0,0.0,0.11333333299999993,0.0,0.0,0.0,0.0,0,False
3311,20160726_CN,32.375,82.85625,31.88125,85.3125,31.99375,85.75625,32.425,80.05,32.9625,78.63125,32.00625,78.4125,32.25625,81.075,31.8625,80.4375,59,2016-07-26,CN,7,1,26,Tuesday,False,0,0,0,0,0,0,0,0,0.0,0.0,0.0,0.0,0.0,0.0,0.0,0.0,0,False
3312,20160726_DG,35.0,68.6,32.6,83.9,36.0,73.3,34.0,63.5,30.6,66.4,29.2,69.1,29.0,67.5,29.8,74.4,57,2016-07-26,DG,7,1,26,Tuesday,False,1,0,1,1,0,0,0,0,2.0,0.0,3.0,1.0,0.0,0.0,0.0,0.0,0,False
3313,20160726_DJ,33.3,73.5,32.5,75.0,32.9,76.8,33.6,73.5,33.2,71.8,31.6,74.6,31.8,77.3,32.4,76.8,22,2016-07-26,DJ,7,1,26,Tuesday,False,1,0,0,1,1,0,0,0,0.29999999999999716,0.0,0.0,0.6000000000000014,0.20000000000000284,0.0,0.0,0.0,0,False
3314,20160726_GB,34.0,75.2125,30.891666667,88.05,33.258333333,79.025,30.95,77.075,29.275,75.083333333,27.65,77.6625,26.883333333000003,80.0875,28.720833333,79.6375,56,2016-07-26,GB,7,1,26,Tuesday,False,1,0,1,0,0,0,0,0,1.0,0.0,0.25833333300000305,0.0,0.0,0.0,0.0,0.0,0,False
3315,20160726_GG,31.976190476,78.57619047600001,31.752380952,82.945238095,30.988095238000003,82.98095238100001,31.59047619,76.711904762,33.716666667,68.72380952399999,31.816666667,68.273809524,32.669047619000004,69.461904762,32.195238095,73.652380952,194,2016-07-26,GG,7,1,26,Tuesday,False,0,0,0,0,1,0,0,0,0.0,0.0,0.0,0.0,0.7166666669999984,0.0,0.0,0.0,0,False
3316,20160726_GJ,34.3,77.9,33.9,77.6,34.2,79.5,32.8,76.5,32.2,78.3,33.1,72.8,32.7,72.6,31.7,75.9,44,2016-07-26,GJ,7,1,26,Tuesday,False,1,1,1,0,0,1,0,0,1.2999999999999972,0.8999999999999986,1.2000000000000028,0.0,0.0,0.10000000000000142,0.0,0.0,0,False
3317,20160726_GN,33.118181818000004,81.290909091,33.227272727,84.595454545,33.031818181999995,81.222727273,30.631818181999996,76.6,29.454545455,77.518181818,29.554545455,75.8,30.072727273,73.44090909100001,29.672727273000003,79.886363636,60,2016-07-26,GN,7,1,26,Tuesday,False,1,1,1,0,0,0,0,0,0.1181818180000036,0.227272726999999,0.03181818199999498,0.0,0.0,0.0,0.0,0.0,0,False
3318,20160726_GW,30.316666667,79.75,28.466666667,88.25,28.222222222,86.744444444,29.538888889000003,80.572222222,30.672222222,73.422222222,28.461111110999997,77.15,29.005555555999997,77.43333333300001,28.611111111,80.244444444,26,2016-07-26,GW,7,1,26,Tuesday,False,0,0,0,0,0,0,0,0,0.0,0.0,0.0,0.0,0.0,0.0,0.0,0.0,0,False
3319,20160726_IC,29.18,96.26,29.77,96.59,28.68,96.89,30.14,92.94,32.29,87.36,31.51,84.86,31.57,88.07,30.34,88.46,54,2016-07-26,IC,7,1,26,Tuesday,False,0,0,0,0,0,0,0,0,0.0,0.0,0.0,0.0,0.0,0.0,0.0,0.0,0,False
3320,20160726_JB,33.426666667,75.826666667,32.886666667,77.593333333,33.473333333,76.673333333,33.453333333,74.106666667,33.12,73.3,32.62,71.94,32.613333333,72.626666667,31.873333333,77.373333333,88,2016-07-26,JB,7,1,26,Tuesday,False,1,0,1,1,1,0,0,0,0.4266666669999992,0.0,0.47333333299999936,0.45333333300000334,0.11999999999999744,0.0,0.0,0.0,0,False
3321,20160726_JJ,31.5,83.05,31.2,82.2,30.6,84.35,30.7,84.55,29.2,85.85,29.3,84.6,30.25,82.15,30.3,84.85,7,2016-07-26,JJ,7,1,26,Tuesday,False,0,0,0,0,0,0,0,0,0.0,0.0,0.0,0.0,0.0,0.0,0.0,0.0,0,False
3322,20160726_JN,32.681818182,82.218181818,32.772727273,80.804545455,32.431818182,83.3,30.813636364,80.045454545,29.754545455,79.240909091,30.059090909000002,76.477272727,30.459090909,75.295454545,30.090909091,79.959090909,62,2016-07-26,JN,7,1,26,Tuesday,False,0,0,0,0,0,0,0,0,0.0,0.0,0.0,0.0,0.0,0.0,0.0,0.0,0,False
3323,20160726_SU,31.9,69.0,31.4,75.3,30.1,77.9,31.6,70.4,34.1,64.0,32.2,61.3,32.9,62.5,32.4,65.5,239,2016-07-26,SU,7,1,26,Tuesday,False,0,0,0,0,1,0,0,0,0.0,0.0,0.0,0.0,1.1000000000000014,0.0,0.0,0.0,0,False
3324,20160726_US,33.8,83.5,31.7,93.4,33.3,84.8,29.9,84.5,27.2,84.5,26.9,85.6,26.3,85.4,26.6,91.1,13,2016-07-26,US,7,1,26,Tuesday,False,1,0,1,0,0,0,0,0,0.7999999999999972,0.0,0.29999999999999716,0.0,0.0,0.0,0.0,0.0,0,False
3325,20160727_BS,32.2,80.0,31.1,82.1,31.2,85.4,30.4,85.1,29.5,77.6,28.2,75.0,27.9,73.6,28.4,72.8,76,2016-07-27,BS,7,2,27,Wednesday,False,0,0,0,0,0,0,0,0,0.0,0.0,0.0,0.0,0.0,0.0,0.0,0.0,0,False
3326,20160727_CB,31.7,74.813333333,33.206666667,69.246666667,32.486666667,75.62,32.8,74.02,33.113333333,67.353333333,32.626666666999995,64.62,31.04,68.586666667,30.393333333,70.493333333,30,2016-07-27,CB,7,2,27,Wednesday,False,0,1,0,0,1,0,0,0,0.0,0.20666666700000036,0.0,0.0,0.11333333299999993,0.0,0.0,0.0,0,False
3327,20160727_CN,30.525,87.45,32.375,82.85625,31.88125,85.3125,31.99375,85.75625,32.425,80.05,32.9625,78.63125,32.00625,78.4125,32.25625,81.075,49,2016-07-27,CN,7,2,27,Wednesday,False,0,0,0,0,0,0,0,0,0.0,0.0,0.0,0.0,0.0,0.0,0.0,0.0,0,False
3328,20160727_DG,36.1,63.5,35.0,68.6,32.6,83.9,36.0,73.3,34.0,63.5,30.6,66.4,29.2,69.1,29.0,67.5,56,2016-07-27,DG,7,2,27,Wednesday,False,1,1,0,1,1,0,0,0,3.1000000000000014,2.0,0.0,3.0,1.0,0.0,0.0,0.0,0,False
3329,20160727_DJ,31.8,77.9,33.3,73.5,32.5,75.0,32.9,76.8,33.6,73.5,33.2,71.8,31.6,74.6,31.8,77.3,20,2016-07-27,DJ,7,2,27,Wednesday,False,0,1,0,0,1,1,0,0,0.0,0.29999999999999716,0.0,0.0,0.6000000000000014,0.20000000000000284,0.0,0.0,0,False
3330,20160727_GB,34.141666666999996,71.108333333,34.0,75.2125,30.891666667,88.05,33.258333333,79.025,30.95,77.075,29.275,75.083333333,27.65,77.6625,26.883333333000003,80.0875,60,2016-07-27,GB,7,2,27,Wednesday,False,1,1,0,1,0,0,0,0,1.1416666669999955,1.0,0.0,0.25833333300000305,0.0,0.0,0.0,0.0,0,False
3331,20160727_GG,29.226190476,83.926190476,31.976190476,78.57619047600001,31.752380952,82.945238095,30.988095238000003,82.98095238100001,31.59047619,76.711904762,33.716666667,68.72380952399999,31.816666667,68.273809524,32.669047619000004,69.461904762,199,2016-07-27,GG,7,2,27,Wednesday,False,0,0,0,0,0,1,0,0,0.0,0.0,0.0,0.0,0.0,0.7166666669999984,0.0,0.0,0,False
3332,20160727_GJ,32.8,82.0,34.3,77.9,33.9,77.6,34.2,79.5,32.8,76.5,32.2,78.3,33.1,72.8,32.7,72.6,31,2016-07-27,GJ,7,2,27,Wednesday,False,0,1,1,1,0,0,1,0,0.0,1.2999999999999972,0.8999999999999986,1.2000000000000028,0.0,0.0,0.10000000000000142,0.0,0,False
3333,20160727_GN,33.7,78.3,33.118181818000004,81.290909091,33.227272727,84.595454545,33.031818181999995,81.222727273,30.631818181999996,76.6,29.454545455,77.518181818,29.554545455,75.8,30.072727273,73.44090909100001,66,2016-07-27,GN,7,2,27,Wednesday,False,1,1,1,1,0,0,0,0,0.7000000000000028,0.1181818180000036,0.227272726999999,0.03181818199999498,0.0,0.0,0.0,0.0,0,False
3334,20160727_GW,29.238888889000002,78.84444444399999,30.316666667,79.75,28.466666667,88.25,28.222222222,86.744444444,29.538888889000003,80.572222222,30.672222222,73.422222222,28.461111110999997,77.15,29.005555555999997,77.43333333300001,35,2016-07-27,GW,7,2,27,Wednesday,False,0,0,0,0,0,0,0,0,0.0,0.0,0.0,0.0,0.0,0.0,0.0,0.0,0,False
3335,20160727_IC,28.02,96.54,29.18,96.26,29.77,96.59,28.68,96.89,30.14,92.94,32.29,87.36,31.51,84.86,31.57,88.07,49,2016-07-27,IC,7,2,27,Wednesday,False,0,0,0,0,0,0,0,0,0.0,0.0,0.0,0.0,0.0,0.0,0.0,0.0,0,False
3336,20160727_JB,32.853333333,74.74,33.426666667,75.826666667,32.886666667,77.593333333,33.473333333,76.673333333,33.453333333,74.106666667,33.12,73.3,32.62,71.94,32.613333333,72.626666667,52,2016-07-27,JB,7,2,27,Wednesday,False,0,1,0,1,1,1,0,0,0.0,0.4266666669999992,0.0,0.47333333299999936,0.45333333300000334,0.11999999999999744,0.0,0.0,0,False
3337,20160727_JJ,32.15,83.3,31.5,83.05,31.2,82.2,30.6,84.35,30.7,84.55,29.2,85.85,29.3,84.6,30.25,82.15,14,2016-07-27,JJ,7,2,27,Wednesday,False,0,0,0,0,0,0,0,0,0.0,0.0,0.0,0.0,0.0,0.0,0.0,0.0,0,False
3338,20160727_JN,32.213636364,84.304545455,32.681818182,82.218181818,32.772727273,80.804545455,32.431818182,83.3,30.813636364,80.045454545,29.754545455,79.240909091,30.059090909000002,76.477272727,30.459090909,75.295454545,63,2016-07-27,JN,7,2,27,Wednesday,False,0,0,0,0,0,0,0,0,0.0,0.0,0.0,0.0,0.0,0.0,0.0,0.0,0,False
3339,20160727_SU,28.9,76.4,31.9,69.0,31.4,75.3,30.1,77.9,31.6,70.4,34.1,64.0,32.2,61.3,32.9,62.5,205,2016-07-27,SU,7,2,27,Wednesday,False,0,0,0,0,0,1,0,0,0.0,0.0,0.0,0.0,0.0,1.1000000000000014,0.0,0.0,0,False
3340,20160727_US,33.6,77.3,33.8,83.5,31.7,93.4,33.3,84.8,29.9,84.5,27.2,84.5,26.9,85.6,26.3,85.4,10,2016-07-27,US,7,2,27,Wednesday,False,1,1,0,1,0,0,0,0,0.6000000000000014,0.7999999999999972,0.0,0.29999999999999716,0.0,0.0,0.0,0.0,0,False
3341,20160728_BS,31.4,81.6,32.2,80.0,31.1,82.1,31.2,85.4,30.4,85.1,29.5,77.6,28.2,75.0,27.9,73.6,61,2016-07-28,BS,7,3,28,Thursday,False,0,0,0,0,0,0,0,0,0.0,0.0,0.0,0.0,0.0,0.0,0.0,0.0,0,False
3342,20160728_CB,32.98,67.6,31.7,74.813333333,33.206666667,69.246666667,32.486666667,75.62,32.8,74.02,33.113333333,67.353333333,32.626666666999995,64.62,31.04,68.586666667,20,2016-07-28,CB,7,3,28,Thursday,False,0,0,1,0,0,1,0,0,0.0,0.0,0.20666666700000036,0.0,0.0,0.11333333299999993,0.0,0.0,0,False
3343,20160728_CN,31.125,82.725,30.525,87.45,32.375,82.85625,31.88125,85.3125,31.99375,85.75625,32.425,80.05,32.9625,78.63125,32.00625,78.4125,48,2016-07-28,CN,7,3,28,Thursday,False,0,0,0,0,0,0,0,0,0.0,0.0,0.0,0.0,0.0,0.0,0.0,0.0,0,False
3344,20160728_DG,35.4,62.6,36.1,63.5,35.0,68.6,32.6,83.9,36.0,73.3,34.0,63.5,30.6,66.4,29.2,69.1,61,2016-07-28,DG,7,3,28,Thursday,False,1,1,1,0,1,1,0,0,2.3999999999999986,3.1000000000000014,2.0,0.0,3.0,1.0,0.0,0.0,0,False
3345,20160728_DJ,32.3,70.5,31.8,77.9,33.3,73.5,32.5,75.0,32.9,76.8,33.6,73.5,33.2,71.8,31.6,74.6,28,2016-07-28,DJ,7,3,28,Thursday,False,0,0,1,0,0,1,1,0,0.0,0.0,0.29999999999999716,0.0,0.0,0.6000000000000014,0.20000000000000284,0.0,0,False
3346,20160728_GB,34.4625,71.395833333,34.141666666999996,71.108333333,34.0,75.2125,30.891666667,88.05,33.258333333,79.025,30.95,77.075,29.275,75.083333333,27.65,77.6625,60,2016-07-28,GB,7,3,28,Thursday,False,1,1,1,0,1,0,0,0,1.4624999999999986,1.1416666669999955,1.0,0.0,0.25833333300000305,0.0,0.0,0.0,0,False
3347,20160728_GG,30.773809524,78.138095238,29.226190476,83.926190476,31.976190476,78.57619047600001,31.752380952,82.945238095,30.988095238000003,82.98095238100001,31.59047619,76.711904762,33.716666667,68.72380952399999,31.816666667,68.273809524,169,2016-07-28,GG,7,3,28,Thursday,False,0,0,0,0,0,0,1,0,0.0,0.0,0.0,0.0,0.0,0.0,0.7166666669999984,0.0,0,False
3348,20160728_GJ,33.9,82.9,32.8,82.0,34.3,77.9,33.9,77.6,34.2,79.5,32.8,76.5,32.2,78.3,33.1,72.8,33,2016-07-28,GJ,7,3,28,Thursday,False,1,0,1,1,1,0,0,1,0.8999999999999986,0.0,1.2999999999999972,0.8999999999999986,1.2000000000000028,0.0,0.0,0.10000000000000142,0,False
3349,20160728_GN,33.068181818,80.072727273,33.7,78.3,33.118181818000004,81.290909091,33.227272727,84.595454545,33.031818181999995,81.222727273,30.631818181999996,76.6,29.454545455,77.518181818,29.554545455,75.8,61,2016-07-28,GN,7,3,28,Thursday,False,1,1,1,1,1,0,0,0,0.06818181799999934,0.7000000000000028,0.1181818180000036,0.227272726999999,0.03181818199999498,0.0,0.0,0.0,0,False
3350,20160728_GW,31.866666666999997,74.061111111,29.238888889000002,78.84444444399999,30.316666667,79.75,28.466666667,88.25,28.222222222,86.744444444,29.538888889000003,80.572222222,30.672222222,73.422222222,28.461111110999997,77.15,49,2016-07-28,GW,7,3,28,Thursday,False,0,0,0,0,0,0,0,0,0.0,0.0,0.0,0.0,0.0,0.0,0.0,0.0,0,False
3351,20160728_IC,28.13,96.02,28.02,96.54,29.18,96.26,29.77,96.59,28.68,96.89,30.14,92.94,32.29,87.36,31.51,84.86,47,2016-07-28,IC,7,3,28,Thursday,False,0,0,0,0,0,0,0,0,0.0,0.0,0.0,0.0,0.0,0.0,0.0,0.0,0,False
3352,20160728_JB,32.2,76.206666667,32.853333333,74.74,33.426666667,75.826666667,32.886666667,77.593333333,33.473333333,76.673333333,33.453333333,74.106666667,33.12,73.3,32.62,71.94,81,2016-07-28,JB,7,3,28,Thursday,False,0,0,1,0,1,1,1,0,0.0,0.0,0.4266666669999992,0.0,0.47333333299999936,0.45333333300000334,0.11999999999999744,0.0,0,False
3353,20160728_JJ,32.95,83.9,32.15,83.3,31.5,83.05,31.2,82.2,30.6,84.35,30.7,84.55,29.2,85.85,29.3,84.6,13,2016-07-28,JJ,7,3,28,Thursday,False,0,0,0,0,0,0,0,0,0.0,0.0,0.0,0.0,0.0,0.0,0.0,0.0,0,False
3354,20160728_JN,32.65,84.663636364,32.213636364,84.304545455,32.681818182,82.218181818,32.772727273,80.804545455,32.431818182,83.3,30.813636364,80.045454545,29.754545455,79.240909091,30.059090909000002,76.477272727,59,2016-07-28,JN,7,3,28,Thursday,False,0,0,0,0,0,0,0,0,0.0,0.0,0.0,0.0,0.0,0.0,0.0,0.0,0,False
3355,20160728_SU,30.5,70.6,28.9,76.4,31.9,69.0,31.4,75.3,30.1,77.9,31.6,70.4,34.1,64.0,32.2,61.3,195,2016-07-28,SU,7,3,28,Thursday,False,0,0,0,0,0,0,1,0,0.0,0.0,0.0,0.0,0.0,0.0,1.1000000000000014,0.0,0,False
3356,20160728_US,33.1,79.8,33.6,77.3,33.8,83.5,31.7,93.4,33.3,84.8,29.9,84.5,27.2,84.5,26.9,85.6,3,2016-07-28,US,7,3,28,Thursday,False,1,1,1,0,1,0,0,0,0.10000000000000142,0.6000000000000014,0.7999999999999972,0.0,0.29999999999999716,0.0,0.0,0.0,0,False
3357,20160729_BS,31.9,81.8,31.4,81.6,32.2,80.0,31.1,82.1,31.2,85.4,30.4,85.1,29.5,77.6,28.2,75.0,68,2016-07-29,BS,7,4,29,Friday,False,0,0,0,0,0,0,0,0,0.0,0.0,0.0,0.0,0.0,0.0,0.0,0.0,0,False
3358,20160729_CB,29.873333333,82.18,32.98,67.6,31.7,74.813333333,33.206666667,69.246666667,32.486666667,75.62,32.8,74.02,33.113333333,67.353333333,32.626666666999995,64.62,30,2016-07-29,CB,7,4,29,Friday,False,0,0,0,1,0,0,1,0,0.0,0.0,0.0,0.20666666700000036,0.0,0.0,0.11333333299999993,0.0,0,False
3359,20160729_CN,30.31875,89.6,31.125,82.725,30.525,87.45,32.375,82.85625,31.88125,85.3125,31.99375,85.75625,32.425,80.05,32.9625,78.63125,49,2016-07-29,CN,7,4,29,Friday,False,0,0,0,0,0,0,0,0,0.0,0.0,0.0,0.0,0.0,0.0,0.0,0.0,0,False
3360,20160729_DG,36.0,67.1,35.4,62.6,36.1,63.5,35.0,68.6,32.6,83.9,36.0,73.3,34.0,63.5,30.6,66.4,60,2016-07-29,DG,7,4,29,Friday,False,1,1,1,1,0,1,1,0,3.0,2.3999999999999986,3.1000000000000014,2.0,0.0,3.0,1.0,0.0,0,False
3361,20160729_DJ,32.5,80.5,32.3,70.5,31.8,77.9,33.3,73.5,32.5,75.0,32.9,76.8,33.6,73.5,33.2,71.8,36,2016-07-29,DJ,7,4,29,Friday,False,0,0,0,1,0,0,1,1,0.0,0.0,0.0,0.29999999999999716,0.0,0.0,0.6000000000000014,0.20000000000000284,0,False
3362,20160729_GB,33.508333333,75.1,34.4625,71.395833333,34.141666666999996,71.108333333,34.0,75.2125,30.891666667,88.05,33.258333333,79.025,30.95,77.075,29.275,75.083333333,61,2016-07-29,GB,7,4,29,Friday,False,1,1,1,1,0,1,0,0,0.508333333000003,1.4624999999999986,1.1416666669999955,1.0,0.0,0.25833333300000305,0.0,0.0,0,False
3363,20160729_GG,27.864285714,90.123809524,30.773809524,78.138095238,29.226190476,83.926190476,31.976190476,78.57619047600001,31.752380952,82.945238095,30.988095238000003,82.98095238100001,31.59047619,76.711904762,33.716666667,68.72380952399999,145,2016-07-29,GG,7,4,29,Friday,False,0,0,0,0,0,0,0,1,0.0,0.0,0.0,0.0,0.0,0.0,0.0,0.7166666669999984,0,False
3364,20160729_GJ,35.3,79.0,33.9,82.9,32.8,82.0,34.3,77.9,33.9,77.6,34.2,79.5,32.8,76.5,32.2,78.3,32,2016-07-29,GJ,7,4,29,Friday,False,1,1,0,1,1,1,0,0,2.299999999999997,0.8999999999999986,0.0,1.2999999999999972,0.8999999999999986,1.2000000000000028,0.0,0.0,0,False
3365,20160729_GN,34.059090909,80.786363636,33.068181818,80.072727273,33.7,78.3,33.118181818000004,81.290909091,33.227272727,84.595454545,33.031818181999995,81.222727273,30.631818181999996,76.6,29.454545455,77.518181818,59,2016-07-29,GN,7,4,29,Friday,False,1,1,1,1,1,1,0,0,1.0590909089999982,0.06818181799999934,0.7000000000000028,0.1181818180000036,0.227272726999999,0.03181818199999498,0.0,0.0,0,False
3366,20160729_GW,28.527777778,81.877777778,31.866666666999997,74.061111111,29.238888889000002,78.84444444399999,30.316666667,79.75,28.466666667,88.25,28.222222222,86.744444444,29.538888889000003,80.572222222,30.672222222,73.422222222,44,2016-07-29,GW,7,4,29,Friday,False,0,0,0,0,0,0,0,0,0.0,0.0,0.0,0.0,0.0,0.0,0.0,0.0,0,False
3367,20160729_IC,27.88,96.76,28.13,96.02,28.02,96.54,29.18,96.26,29.77,96.59,28.68,96.89,30.14,92.94,32.29,87.36,36,2016-07-29,IC,7,4,29,Friday,False,0,0,0,0,0,0,0,0,0.0,0.0,0.0,0.0,0.0,0.0,0.0,0.0,0,False
3368,20160729_JB,34.353333333,76.386666667,32.2,76.206666667,32.853333333,74.74,33.426666667,75.826666667,32.886666667,77.593333333,33.473333333,76.673333333,33.453333333,74.106666667,33.12,73.3,87,2016-07-29,JB,7,4,29,Friday,False,1,0,0,1,0,1,1,1,1.353333333000002,0.0,0.0,0.4266666669999992,0.0,0.47333333299999936,0.45333333300000334,0.11999999999999744,0,False
3369,20160729_JJ,32.05,81.05,32.95,83.9,32.15,83.3,31.5,83.05,31.2,82.2,30.6,84.35,30.7,84.55,29.2,85.85,15,2016-07-29,JJ,7,4,29,Friday,False,0,0,0,0,0,0,0,0,0.0,0.0,0.0,0.0,0.0,0.0,0.0,0.0,0,False
3370,20160729_JN,33.777272726999996,82.145454545,32.65,84.663636364,32.213636364,84.304545455,32.681818182,82.218181818,32.772727273,80.804545455,32.431818182,83.3,30.813636364,80.045454545,29.754545455,79.240909091,58,2016-07-29,JN,7,4,29,Friday,False,1,0,0,0,0,0,0,0,0.7772727269999962,0.0,0.0,0.0,0.0,0.0,0.0,0.0,0,False
3371,20160729_SU,28.4,82.3,30.5,70.6,28.9,76.4,31.9,69.0,31.4,75.3,30.1,77.9,31.6,70.4,34.1,64.0,189,2016-07-29,SU,7,4,29,Friday,False,0,0,0,0,0,0,0,1,0.0,0.0,0.0,0.0,0.0,0.0,0.0,1.1000000000000014,0,False
3372,20160729_US,34.2,81.6,33.1,79.8,33.6,77.3,33.8,83.5,31.7,93.4,33.3,84.8,29.9,84.5,27.2,84.5,13,2016-07-29,US,7,4,29,Friday,False,1,1,1,1,0,1,0,0,1.2000000000000028,0.10000000000000142,0.6000000000000014,0.7999999999999972,0.0,0.29999999999999716,0.0,0.0,0,False
3373,20160730_BS,32.7,81.1,31.9,81.8,31.4,81.6,32.2,80.0,31.1,82.1,31.2,85.4,30.4,85.1,29.5,77.6,18,2016-07-30,BS,7,5,30,Saturday,False,0,0,0,0,0,0,0,0,0.0,0.0,0.0,0.0,0.0,0.0,0.0,0.0,0,True
3374,20160730_CB,32.306666666999995,84.413333333,29.873333333,82.18,32.98,67.6,31.7,74.813333333,33.206666667,69.246666667,32.486666667,75.62,32.8,74.02,33.113333333,67.353333333,13,2016-07-30,CB,7,5,30,Saturday,False,0,0,0,0,1,0,0,1,0.0,0.0,0.0,0.0,0.20666666700000036,0.0,0.0,0.11333333299999993,0,True
3375,20160730_CN,32.3375,89.51875,30.31875,89.6,31.125,82.725,30.525,87.45,32.375,82.85625,31.88125,85.3125,31.99375,85.75625,32.425,80.05,19,2016-07-30,CN,7,5,30,Saturday,False,0,0,0,0,0,0,0,0,0.0,0.0,0.0,0.0,0.0,0.0,0.0,0.0,0,True
3376,20160730_DG,35.1,70.5,36.0,67.1,35.4,62.6,36.1,63.5,35.0,68.6,32.6,83.9,36.0,73.3,34.0,63.5,19,2016-07-30,DG,7,5,30,Saturday,False,1,1,1,1,1,0,1,1,2.1000000000000014,3.0,2.3999999999999986,3.1000000000000014,2.0,0.0,3.0,1.0,0,True
3377,20160730_DJ,34.0,81.5,32.5,80.5,32.3,70.5,31.8,77.9,33.3,73.5,32.5,75.0,32.9,76.8,33.6,73.5,13,2016-07-30,DJ,7,5,30,Saturday,False,1,0,0,0,1,0,0,1,1.0,0.0,0.0,0.0,0.29999999999999716,0.0,0.0,0.6000000000000014,0,True
3378,20160730_GB,34.033333333,78.104166667,33.508333333,75.1,34.4625,71.395833333,34.141666666999996,71.108333333,34.0,75.2125,30.891666667,88.05,33.258333333,79.025,30.95,77.075,18,2016-07-30,GB,7,5,30,Saturday,False,1,1,1,1,1,0,1,0,1.0333333330000016,0.508333333000003,1.4624999999999986,1.1416666669999955,1.0,0.0,0.25833333300000305,0.0,0,True
3379,20160730_GG,32.635714286,82.67380952399999,27.864285714,90.123809524,30.773809524,78.138095238,29.226190476,83.926190476,31.976190476,78.57619047600001,31.752380952,82.945238095,30.988095238000003,82.98095238100001,31.59047619,76.711904762,45,2016-07-30,GG,7,5,30,Saturday,False,0,0,0,0,0,0,0,0,0.0,0.0,0.0,0.0,0.0,0.0,0.0,0.0,0,True
3380,20160730_GJ,34.5,77.8,35.3,79.0,33.9,82.9,32.8,82.0,34.3,77.9,33.9,77.6,34.2,79.5,32.8,76.5,8,2016-07-30,GJ,7,5,30,Saturday,False,1,1,1,0,1,1,1,0,1.5,2.299999999999997,0.8999999999999986,0.0,1.2999999999999972,0.8999999999999986,1.2000000000000028,0.0,0,True
3381,20160730_GN,34.772727273,78.745454545,34.059090909,80.786363636,33.068181818,80.072727273,33.7,78.3,33.118181818000004,81.290909091,33.227272727,84.595454545,33.031818181999995,81.222727273,30.631818181999996,76.6,17,2016-07-30,GN,7,5,30,Saturday,False,1,1,1,1,1,1,1,0,1.772727273000001,1.0590909089999982,0.06818181799999934,0.7000000000000028,0.1181818180000036,0.227272726999999,0.03181818199999498,0.0,0,True
3382,20160730_GW,31.883333333000003,80.777777778,28.527777778,81.877777778,31.866666666999997,74.061111111,29.238888889000002,78.84444444399999,30.316666667,79.75,28.466666667,88.25,28.222222222,86.744444444,29.538888889000003,80.572222222,8,2016-07-30,GW,7,5,30,Saturday,False,0,0,0,0,0,0,0,0,0.0,0.0,0.0,0.0,0.0,0.0,0.0,0.0,0,True
3383,20160730_IC,30.36,92.86,27.88,96.76,28.13,96.02,28.02,96.54,29.18,96.26,29.77,96.59,28.68,96.89,30.14,92.94,10,2016-07-30,IC,7,5,30,Saturday,False,0,0,0,0,0,0,0,0,0.0,0.0,0.0,0.0,0.0,0.0,0.0,0.0,0,True
3384,20160730_JB,34.32,75.826666667,34.353333333,76.386666667,32.2,76.206666667,32.853333333,74.74,33.426666667,75.826666667,32.886666667,77.593333333,33.473333333,76.673333333,33.453333333,74.106666667,33,2016-07-30,JB,7,5,30,Saturday,False,1,1,0,0,1,0,1,1,1.3200000000000003,1.353333333000002,0.0,0.0,0.4266666669999992,0.0,0.47333333299999936,0.45333333300000334,0,True
3385,20160730_JJ,32.4,79.7,32.05,81.05,32.95,83.9,32.15,83.3,31.5,83.05,31.2,82.2,30.6,84.35,30.7,84.55,1,2016-07-30,JJ,7,5,30,Saturday,False,0,0,0,0,0,0,0,0,0.0,0.0,0.0,0.0,0.0,0.0,0.0,0.0,0,True
3386,20160730_JN,33.409090909,81.44090909100001,33.777272726999996,82.145454545,32.65,84.663636364,32.213636364,84.304545455,32.681818182,82.218181818,32.772727273,80.804545455,32.431818182,83.3,30.813636364,80.045454545,20,2016-07-30,JN,7,5,30,Saturday,False,1,1,0,0,0,0,0,0,0.40909090899999967,0.7772727269999962,0.0,0.0,0.0,0.0,0.0,0.0,0,True
3387,20160730_SU,33.0,73.5,28.4,82.3,30.5,70.6,28.9,76.4,31.9,69.0,31.4,75.3,30.1,77.9,31.6,70.4,38,2016-07-30,SU,7,5,30,Saturday,False,0,0,0,0,0,0,0,0,0.0,0.0,0.0,0.0,0.0,0.0,0.0,0.0,0,True
3388,20160730_US,31.9,86.6,34.2,81.6,33.1,79.8,33.6,77.3,33.8,83.5,31.7,93.4,33.3,84.8,29.9,84.5,4,2016-07-30,US,7,5,30,Saturday,False,0,1,1,1,1,0,1,0,0.0,1.2000000000000028,0.10000000000000142,0.6000000000000014,0.7999999999999972,0.0,0.29999999999999716,0.0,0,True
3389,20160731_BS,32.1,75.9,32.7,81.1,31.9,81.8,31.4,81.6,32.2,80.0,31.1,82.1,31.2,85.4,30.4,85.1,1,2016-07-31,BS,7,6,31,Sunday,False,0,0,0,0,0,0,0,0,0.0,0.0,0.0,0.0,0.0,0.0,0.0,0.0,0,True
3390,20160731_CB,33.773333333000004,76.233333333,32.306666666999995,84.413333333,29.873333333,82.18,32.98,67.6,31.7,74.813333333,33.206666667,69.246666667,32.486666667,75.62,32.8,74.02,0,2016-07-31,CB,7,6,31,Sunday,False,1,0,0,0,0,1,0,0,0.7733333330000036,0.0,0.0,0.0,0.0,0.20666666700000036,0.0,0.0,0,True
3391,20160731_CN,33.30625,85.16875,32.3375,89.51875,30.31875,89.6,31.125,82.725,30.525,87.45,32.375,82.85625,31.88125,85.3125,31.99375,85.75625,0,2016-07-31,CN,7,6,31,Sunday,False,1,0,0,0,0,0,0,0,0.3062499999999986,0.0,0.0,0.0,0.0,0.0,0.0,0.0,0,True
3392,20160731_DG,35.1,77.0,35.1,70.5,36.0,67.1,35.4,62.6,36.1,63.5,35.0,68.6,32.6,83.9,36.0,73.3,1,2016-07-31,DG,7,6,31,Sunday,False,1,1,1,1,1,1,0,1,2.1000000000000014,2.1000000000000014,3.0,2.3999999999999986,3.1000000000000014,2.0,0.0,3.0,0,True
3393,20160731_DJ,34.7,77.3,34.0,81.5,32.5,80.5,32.3,70.5,31.8,77.9,33.3,73.5,32.5,75.0,32.9,76.8,1,2016-07-31,DJ,7,6,31,Sunday,False,1,1,0,0,0,1,0,0,1.7000000000000028,1.0,0.0,0.0,0.0,0.29999999999999716,0.0,0.0,0,True
3394,20160731_GB,33.858333333000004,79.725,34.033333333,78.104166667,33.508333333,75.1,34.4625,71.395833333,34.141666666999996,71.108333333,34.0,75.2125,30.891666667,88.05,33.258333333,79.025,4,2016-07-31,GB,7,6,31,Sunday,False,1,1,1,1,1,1,0,1,0.8583333330000045,1.0333333330000016,0.508333333000003,1.4624999999999986,1.1416666669999955,1.0,0.0,0.25833333300000305,0,True
3395,20160731_GG,32.980952381,81.380952381,32.635714286,82.67380952399999,27.864285714,90.123809524,30.773809524,78.138095238,29.226190476,83.926190476,31.976190476,78.57619047600001,31.752380952,82.945238095,30.988095238000003,82.98095238100001,13,2016-07-31,GG,7,6,31,Sunday,False,0,0,0,0,0,0,0,0,0.0,0.0,0.0,0.0,0.0,0.0,0.0,0.0,0,True
3396,20160731_GJ,36.0,72.8,34.5,77.8,35.3,79.0,33.9,82.9,32.8,82.0,34.3,77.9,33.9,77.6,34.2,79.5,0,2016-07-31,GJ,7,6,31,Sunday,False,1,1,1,1,0,1,1,1,3.0,1.5,2.299999999999997,0.8999999999999986,0.0,1.2999999999999972,0.8999999999999986,1.2000000000000028,0,True
3397,20160731_GN,35.095454545,78.454545455,34.772727273,78.745454545,34.059090909,80.786363636,33.068181818,80.072727273,33.7,78.3,33.118181818000004,81.290909091,33.227272727,84.595454545,33.031818181999995,81.222727273,0,2016-07-31,GN,7,6,31,Sunday,False,1,1,1,1,1,1,1,1,2.0954545450000026,1.772727273000001,1.0590909089999982,0.06818181799999934,0.7000000000000028,0.1181818180000036,0.227272726999999,0.03181818199999498,0,True
3398,20160731_GW,31.65,83.54444444399999,31.883333333000003,80.777777778,28.527777778,81.877777778,31.866666666999997,74.061111111,29.238888889000002,78.84444444399999,30.316666667,79.75,28.466666667,88.25,28.222222222,86.744444444,2,2016-07-31,GW,7,6,31,Sunday,False,0,0,0,0,0,0,0,0,0.0,0.0,0.0,0.0,0.0,0.0,0.0,0.0,0,True
3399,20160731_IC,30.57,95.6,30.36,92.86,27.88,96.76,28.13,96.02,28.02,96.54,29.18,96.26,29.77,96.59,28.68,96.89,0,2016-07-31,IC,7,6,31,Sunday,False,0,0,0,0,0,0,0,0,0.0,0.0,0.0,0.0,0.0,0.0,0.0,0.0,0,True
3400,20160731_JB,33.926666667,76.4,34.32,75.826666667,34.353333333,76.386666667,32.2,76.206666667,32.853333333,74.74,33.426666667,75.826666667,32.886666667,77.593333333,33.473333333,76.673333333,2,2016-07-31,JB,7,6,31,Sunday,False,1,1,1,0,0,1,0,1,0.9266666669999992,1.3200000000000003,1.353333333000002,0.0,0.0,0.4266666669999992,0.0,0.47333333299999936,0,True
3401,20160731_JJ,31.05,78.75,32.4,79.7,32.05,81.05,32.95,83.9,32.15,83.3,31.5,83.05,31.2,82.2,30.6,84.35,0,2016-07-31,JJ,7,6,31,Sunday,False,0,0,0,0,0,0,0,0,0.0,0.0,0.0,0.0,0.0,0.0,0.0,0.0,0,True
3402,20160731_JN,34.168181818,77.640909091,33.409090909,81.44090909100001,33.777272726999996,82.145454545,32.65,84.663636364,32.213636364,84.304545455,32.681818182,82.218181818,32.772727273,80.804545455,32.431818182,83.3,1,2016-07-31,JN,7,6,31,Sunday,False,1,1,1,0,0,0,0,0,1.1681818180000008,0.40909090899999967,0.7772727269999962,0.0,0.0,0.0,0.0,0.0,0,True
3403,20160731_SU,32.8,72.1,33.0,73.5,28.4,82.3,30.5,70.6,28.9,76.4,31.9,69.0,31.4,75.3,30.1,77.9,7,2016-07-31,SU,7,6,31,Sunday,False,0,0,0,0,0,0,0,0,0.0,0.0,0.0,0.0,0.0,0.0,0.0,0.0,0,True
3404,20160731_US,33.0,86.9,31.9,86.6,34.2,81.6,33.1,79.8,33.6,77.3,33.8,83.5,31.7,93.4,33.3,84.8,1,2016-07-31,US,7,6,31,Sunday,False,0,0,1,1,1,1,0,1,0.0,0.0,1.2000000000000028,0.10000000000000142,0.6000000000000014,0.7999999999999972,0.0,0.29999999999999716,0,True
3405,20160801_BS,31.8,81.8,32.1,75.9,32.7,81.1,31.9,81.8,31.4,81.6,32.2,80.0,31.1,82.1,31.2,85.4,652,2016-08-01,BS,8,0,1,Monday,False,0,0,0,0,0,0,0,0,0.0,0.0,0.0,0.0,0.0,0.0,0.0,0.0,1,False
3406,20160801_CB,32.646666667,74.18,33.773333333000004,76.233333333,32.306666666999995,84.413333333,29.873333333,82.18,32.98,67.6,31.7,74.813333333,33.206666667,69.246666667,32.486666667,75.62,132,2016-08-01,CB,8,0,1,Monday,False,0,1,0,0,0,0,1,0,0.0,0.7733333330000036,0.0,0.0,0.0,0.0,0.20666666700000036,0.0,1,False
3407,20160801_CN,32.1125,85.14375,33.30625,85.16875,32.3375,89.51875,30.31875,89.6,31.125,82.725,30.525,87.45,32.375,82.85625,31.88125,85.3125,282,2016-08-01,CN,8,0,1,Monday,False,0,1,0,0,0,0,0,0,0.0,0.3062499999999986,0.0,0.0,0.0,0.0,0.0,0.0,1,False
3408,20160801_DG,34.3,74.5,35.1,77.0,35.1,70.5,36.0,67.1,35.4,62.6,36.1,63.5,35.0,68.6,32.6,83.9,288,2016-08-01,DG,8,0,1,Monday,False,1,1,1,1,1,1,1,0,1.2999999999999972,2.1000000000000014,2.1000000000000014,3.0,2.3999999999999986,3.1000000000000014,2.0,0.0,1,False
3409,20160801_DJ,32.9,78.6,34.7,77.3,34.0,81.5,32.5,80.5,32.3,70.5,31.8,77.9,33.3,73.5,32.5,75.0,216,2016-08-01,DJ,8,0,1,Monday,False,0,1,1,0,0,0,1,0,0.0,1.7000000000000028,1.0,0.0,0.0,0.0,0.29999999999999716,0.0,1,False
3410,20160801_GB,33.066666667,79.99583333300001,33.858333333000004,79.725,34.033333333,78.104166667,33.508333333,75.1,34.4625,71.395833333,34.141666666999996,71.108333333,34.0,75.2125,30.891666667,88.05,371,2016-08-01,GB,8,0,1,Monday,False,1,1,1,1,1,1,1,0,0.06666666699999979,0.8583333330000045,1.0333333330000016,0.508333333000003,1.4624999999999986,1.1416666669999955,1.0,0.0,1,False
3411,20160801_GG,32.066666667,80.821428571,32.980952381,81.380952381,32.635714286,82.67380952399999,27.864285714,90.123809524,30.773809524,78.138095238,29.226190476,83.926190476,31.976190476,78.57619047600001,31.752380952,82.945238095,926,2016-08-01,GG,8,0,1,Monday,False,0,0,0,0,0,0,0,0,0.0,0.0,0.0,0.0,0.0,0.0,0.0,0.0,1,False
3412,20160801_GJ,35.7,71.9,36.0,72.8,34.5,77.8,35.3,79.0,33.9,82.9,32.8,82.0,34.3,77.9,33.9,77.6,222,2016-08-01,GJ,8,0,1,Monday,False,1,1,1,1,1,0,1,1,2.700000000000003,3.0,1.5,2.299999999999997,0.8999999999999986,0.0,1.2999999999999972,0.8999999999999986,1,False
3413,20160801_GN,34.068181818,82.85,35.095454545,78.454545455,34.772727273,78.745454545,34.059090909,80.786363636,33.068181818,80.072727273,33.7,78.3,33.118181818000004,81.290909091,33.227272727,84.595454545,475,2016-08-01,GN,8,0,1,Monday,False,1,1,1,1,1,1,1,1,1.0681818179999993,2.0954545450000026,1.772727273000001,1.0590909089999982,0.06818181799999934,0.7000000000000028,0.1181818180000036,0.227272726999999,1,False
3414,20160801_GW,30.705555556,82.272222222,31.65,83.54444444399999,31.883333333000003,80.777777778,28.527777778,81.877777778,31.866666666999997,74.061111111,29.238888889000002,78.84444444399999,30.316666667,79.75,28.466666667,88.25,99,2016-08-01,GW,8,0,1,Monday,False,0,0,0,0,0,0,0,0,0.0,0.0,0.0,0.0,0.0,0.0,0.0,0.0,1,False
3415,20160801_IC,29.51,96.34,30.57,95.6,30.36,92.86,27.88,96.76,28.13,96.02,28.02,96.54,29.18,96.26,29.77,96.59,174,2016-08-01,IC,8,0,1,Monday,False,0,0,0,0,0,0,0,0,0.0,0.0,0.0,0.0,0.0,0.0,0.0,0.0,1,False
3416,20160801_JB,33.32,76.113333333,33.926666667,76.4,34.32,75.826666667,34.353333333,76.386666667,32.2,76.206666667,32.853333333,74.74,33.426666667,75.826666667,32.886666667,77.593333333,417,2016-08-01,JB,8,0,1,Monday,False,1,1,1,1,0,0,1,0,0.3200000000000003,0.9266666669999992,1.3200000000000003,1.353333333000002,0.0,0.0,0.4266666669999992,0.0,1,False
3417,20160801_JJ,32.2,73.25,31.05,78.75,32.4,79.7,32.05,81.05,32.95,83.9,32.15,83.3,31.5,83.05,31.2,82.2,34,2016-08-01,JJ,8,0,1,Monday,False,0,0,0,0,0,0,0,0,0.0,0.0,0.0,0.0,0.0,0.0,0.0,0.0,1,False
3418,20160801_JN,34.131818181999996,77.454545455,34.168181818,77.640909091,33.409090909,81.44090909100001,33.777272726999996,82.145454545,32.65,84.663636364,32.213636364,84.304545455,32.681818182,82.218181818,32.772727273,80.804545455,296,2016-08-01,JN,8,0,1,Monday,False,1,1,1,1,0,0,0,0,1.1318181819999964,1.1681818180000008,0.40909090899999967,0.7772727269999962,0.0,0.0,0.0,0.0,1,False
3419,20160801_SU,32.4,72.0,32.8,72.1,33.0,73.5,28.4,82.3,30.5,70.6,28.9,76.4,31.9,69.0,31.4,75.3,567,2016-08-01,SU,8,0,1,Monday,False,0,0,0,0,0,0,0,0,0.0,0.0,0.0,0.0,0.0,0.0,0.0,0.0,1,False
3420,20160801_US,32.6,94.1,33.0,86.9,31.9,86.6,34.2,81.6,33.1,79.8,33.6,77.3,33.8,83.5,31.7,93.4,146,2016-08-01,US,8,0,1,Monday,False,0,0,0,1,1,1,1,0,0.0,0.0,0.0,1.2000000000000028,0.10000000000000142,0.6000000000000014,0.7999999999999972,0.0,1,False
3421,20160802_BS,31.1,79.9,31.8,81.8,32.1,75.9,32.7,81.1,31.9,81.8,31.4,81.6,32.2,80.0,31.1,82.1,101,2016-08-02,BS,8,1,2,Tuesday,False,0,0,0,0,0,0,0,0,0.0,0.0,0.0,0.0,0.0,0.0,0.0,0.0,0,False
3422,20160802_CB,30.42,78.74,32.646666667,74.18,33.773333333000004,76.233333333,32.306666666999995,84.413333333,29.873333333,82.18,32.98,67.6,31.7,74.813333333,33.206666667,69.246666667,28,2016-08-02,CB,8,1,2,Tuesday,False,0,0,1,0,0,0,0,1,0.0,0.0,0.7733333330000036,0.0,0.0,0.0,0.0,0.20666666700000036,0,False
3423,20160802_CN,30.94375,88.3125,32.1125,85.14375,33.30625,85.16875,32.3375,89.51875,30.31875,89.6,31.125,82.725,30.525,87.45,32.375,82.85625,55,2016-08-02,CN,8,1,2,Tuesday,False,0,0,1,0,0,0,0,0,0.0,0.0,0.3062499999999986,0.0,0.0,0.0,0.0,0.0,0,False
3424,20160802_DG,32.2,79.4,34.3,74.5,35.1,77.0,35.1,70.5,36.0,67.1,35.4,62.6,36.1,63.5,35.0,68.6,56,2016-08-02,DG,8,1,2,Tuesday,False,0,1,1,1,1,1,1,1,0.0,1.2999999999999972,2.1000000000000014,2.1000000000000014,3.0,2.3999999999999986,3.1000000000000014,2.0,0,False
3425,20160802_DJ,30.3,82.1,32.9,78.6,34.7,77.3,34.0,81.5,32.5,80.5,32.3,70.5,31.8,77.9,33.3,73.5,30,2016-08-02,DJ,8,1,2,Tuesday,False,0,0,1,1,0,0,0,1,0.0,0.0,1.7000000000000028,1.0,0.0,0.0,0.0,0.29999999999999716,0,False
3426,20160802_GB,30.533333333,85.8625,33.066666667,79.99583333300001,33.858333333000004,79.725,34.033333333,78.104166667,33.508333333,75.1,34.4625,71.395833333,34.141666666999996,71.108333333,34.0,75.2125,74,2016-08-02,GB,8,1,2,Tuesday,False,0,1,1,1,1,1,1,1,0.0,0.06666666699999979,0.8583333330000045,1.0333333330000016,0.508333333000003,1.4624999999999986,1.1416666669999955,1.0,0,False
3427,20160802_GG,30.85,81.238095238,32.066666667,80.821428571,32.980952381,81.380952381,32.635714286,82.67380952399999,27.864285714,90.123809524,30.773809524,78.138095238,29.226190476,83.926190476,31.976190476,78.57619047600001,223,2016-08-02,GG,8,1,2,Tuesday,False,0,0,0,0,0,0,0,0,0.0,0.0,0.0,0.0,0.0,0.0,0.0,0.0,0,False
3428,20160802_GJ,31.1,83.9,35.7,71.9,36.0,72.8,34.5,77.8,35.3,79.0,33.9,82.9,32.8,82.0,34.3,77.9,47,2016-08-02,GJ,8,1,2,Tuesday,False,0,1,1,1,1,1,0,1,0.0,2.700000000000003,3.0,1.5,2.299999999999997,0.8999999999999986,0.0,1.2999999999999972,0,False
3429,20160802_GN,32.818181818,85.077272727,34.068181818,82.85,35.095454545,78.454545455,34.772727273,78.745454545,34.059090909,80.786363636,33.068181818,80.072727273,33.7,78.3,33.118181818000004,81.290909091,75,2016-08-02,GN,8,1,2,Tuesday,False,0,1,1,1,1,1,1,1,0.0,1.0681818179999993,2.0954545450000026,1.772727273000001,1.0590909089999982,0.06818181799999934,0.7000000000000028,0.1181818180000036,0,False
3430,20160802_GW,29.966666667,84.122222222,30.705555556,82.272222222,31.65,83.54444444399999,31.883333333000003,80.777777778,28.527777778,81.877777778,31.866666666999997,74.061111111,29.238888889000002,78.84444444399999,30.316666667,79.75,30,2016-08-02,GW,8,1,2,Tuesday,False,0,0,0,0,0,0,0,0,0.0,0.0,0.0,0.0,0.0,0.0,0.0,0.0,0,False
3431,20160802_IC,29.97,96.21,29.51,96.34,30.57,95.6,30.36,92.86,27.88,96.76,28.13,96.02,28.02,96.54,29.18,96.26,49,2016-08-02,IC,8,1,2,Tuesday,False,0,0,0,0,0,0,0,0,0.0,0.0,0.0,0.0,0.0,0.0,0.0,0.0,0,False
3432,20160802_JB,30.906666667,80.266666667,33.32,76.113333333,33.926666667,76.4,34.32,75.826666667,34.353333333,76.386666667,32.2,76.206666667,32.853333333,74.74,33.426666667,75.826666667,93,2016-08-02,JB,8,1,2,Tuesday,False,0,1,1,1,1,0,0,1,0.0,0.3200000000000003,0.9266666669999992,1.3200000000000003,1.353333333000002,0.0,0.0,0.4266666669999992,0,False
3433,20160802_JJ,31.05,78.65,32.2,73.25,31.05,78.75,32.4,79.7,32.05,81.05,32.95,83.9,32.15,83.3,31.5,83.05,11,2016-08-02,JJ,8,1,2,Tuesday,False,0,0,0,0,0,0,0,0,0.0,0.0,0.0,0.0,0.0,0.0,0.0,0.0,0,False
3434,20160802_JN,30.895454545,84.790909091,34.131818181999996,77.454545455,34.168181818,77.640909091,33.409090909,81.44090909100001,33.777272726999996,82.145454545,32.65,84.663636364,32.213636364,84.304545455,32.681818182,82.218181818,55,2016-08-02,JN,8,1,2,Tuesday,False,0,1,1,1,1,0,0,0,0.0,1.1318181819999964,1.1681818180000008,0.40909090899999967,0.7772727269999962,0.0,0.0,0.0,0,False
3435,20160802_SU,31.1,72.5,32.4,72.0,32.8,72.1,33.0,73.5,28.4,82.3,30.5,70.6,28.9,76.4,31.9,69.0,222,2016-08-02,SU,8,1,2,Tuesday,False,0,0,0,0,0,0,0,0,0.0,0.0,0.0,0.0,0.0,0.0,0.0,0.0,0,False
3436,20160802_US,30.9,94.8,32.6,94.1,33.0,86.9,31.9,86.6,34.2,81.6,33.1,79.8,33.6,77.3,33.8,83.5,14,2016-08-02,US,8,1,2,Tuesday,False,0,0,0,0,1,1,1,1,0.0,0.0,0.0,0.0,1.2000000000000028,0.10000000000000142,0.6000000000000014,0.7999999999999972,0,False
3437,20160803_BS,31.1,80.9,31.1,79.9,31.8,81.8,32.1,75.9,32.7,81.1,31.9,81.8,31.4,81.6,32.2,80.0,61,2016-08-03,BS,8,2,3,Wednesday,False,0,0,0,0,0,0,0,0,0.0,0.0,0.0,0.0,0.0,0.0,0.0,0.0,0,False
3438,20160803_CB,32.713333333,75.806666667,30.42,78.74,32.646666667,74.18,33.773333333000004,76.233333333,32.306666666999995,84.413333333,29.873333333,82.18,32.98,67.6,31.7,74.813333333,30,2016-08-03,CB,8,2,3,Wednesday,False,0,0,0,1,0,0,0,0,0.0,0.0,0.0,0.7733333330000036,0.0,0.0,0.0,0.0,0,False
3439,20160803_CN,32.625,84.00625,30.94375,88.3125,32.1125,85.14375,33.30625,85.16875,32.3375,89.51875,30.31875,89.6,31.125,82.725,30.525,87.45,53,2016-08-03,CN,8,2,3,Wednesday,False,0,0,0,1,0,0,0,0,0.0,0.0,0.0,0.3062499999999986,0.0,0.0,0.0,0.0,0,False
3440,20160803_DG,33.2,78.3,32.2,79.4,34.3,74.5,35.1,77.0,35.1,70.5,36.0,67.1,35.4,62.6,36.1,63.5,65,2016-08-03,DG,8,2,3,Wednesday,False,1,0,1,1,1,1,1,1,0.20000000000000284,0.0,1.2999999999999972,2.1000000000000014,2.1000000000000014,3.0,2.3999999999999986,3.1000000000000014,0,False
3441,20160803_DJ,34.0,75.5,30.3,82.1,32.9,78.6,34.7,77.3,34.0,81.5,32.5,80.5,32.3,70.5,31.8,77.9,27,2016-08-03,DJ,8,2,3,Wednesday,False,1,0,0,1,1,0,0,0,1.0,0.0,0.0,1.7000000000000028,1.0,0.0,0.0,0.0,0,False
3442,20160803_GB,31.2375,84.891666667,30.533333333,85.8625,33.066666667,79.99583333300001,33.858333333000004,79.725,34.033333333,78.104166667,33.508333333,75.1,34.4625,71.395833333,34.141666666999996,71.108333333,68,2016-08-03,GB,8,2,3,Wednesday,False,0,0,1,1,1,1,1,1,0.0,0.0,0.06666666699999979,0.8583333330000045,1.0333333330000016,0.508333333000003,1.4624999999999986,1.1416666669999955,0,False
3443,20160803_GG,34.095238095,71.12857142899999,30.85,81.238095238,32.066666667,80.821428571,32.980952381,81.380952381,32.635714286,82.67380952399999,27.864285714,90.123809524,30.773809524,78.138095238,29.226190476,83.926190476,210,2016-08-03,GG,8,2,3,Wednesday,False,1,0,0,0,0,0,0,0,1.0952380949999991,0.0,0.0,0.0,0.0,0.0,0.0,0.0,0,False
3444,20160803_GJ,31.9,88.5,31.1,83.9,35.7,71.9,36.0,72.8,34.5,77.8,35.3,79.0,33.9,82.9,32.8,82.0,23,2016-08-03,GJ,8,2,3,Wednesday,False,0,0,1,1,1,1,1,0,0.0,0.0,2.700000000000003,3.0,1.5,2.299999999999997,0.8999999999999986,0.0,0,False
3445,20160803_GN,31.427272727,83.16818181800001,32.818181818,85.077272727,34.068181818,82.85,35.095454545,78.454545455,34.772727273,78.745454545,34.059090909,80.786363636,33.068181818,80.072727273,33.7,78.3,61,2016-08-03,GN,8,2,3,Wednesday,False,0,0,1,1,1,1,1,1,0.0,0.0,1.0681818179999993,2.0954545450000026,1.772727273000001,1.0590909089999982,0.06818181799999934,0.7000000000000028,0,False
3446,20160803_GW,31.594444444,80.188888889,29.966666667,84.122222222,30.705555556,82.272222222,31.65,83.54444444399999,31.883333333000003,80.777777778,28.527777778,81.877777778,31.866666666999997,74.061111111,29.238888889000002,78.84444444399999,41,2016-08-03,GW,8,2,3,Wednesday,False,0,0,0,0,0,0,0,0,0.0,0.0,0.0,0.0,0.0,0.0,0.0,0.0,0,False
3447,20160803_IC,32.24,87.4,29.97,96.21,29.51,96.34,30.57,95.6,30.36,92.86,27.88,96.76,28.13,96.02,28.02,96.54,46,2016-08-03,IC,8,2,3,Wednesday,False,0,0,0,0,0,0,0,0,0.0,0.0,0.0,0.0,0.0,0.0,0.0,0.0,0,False
3448,20160803_JB,31.666666666999998,78.22,30.906666667,80.266666667,33.32,76.113333333,33.926666667,76.4,34.32,75.826666667,34.353333333,76.386666667,32.2,76.206666667,32.853333333,74.74,70,2016-08-03,JB,8,2,3,Wednesday,False,0,0,1,1,1,1,0,0,0.0,0.0,0.3200000000000003,0.9266666669999992,1.3200000000000003,1.353333333000002,0.0,0.0,0,False
3449,20160803_JJ,28.7,83.25,31.05,78.65,32.2,73.25,31.05,78.75,32.4,79.7,32.05,81.05,32.95,83.9,32.15,83.3,15,2016-08-03,JJ,8,2,3,Wednesday,False,0,0,0,0,0,0,0,0,0.0,0.0,0.0,0.0,0.0,0.0,0.0,0.0,0,False
3450,20160803_JN,30.877272726999998,86.872727273,30.895454545,84.790909091,34.131818181999996,77.454545455,34.168181818,77.640909091,33.409090909,81.44090909100001,33.777272726999996,82.145454545,32.65,84.663636364,32.213636364,84.304545455,47,2016-08-03,JN,8,2,3,Wednesday,False,0,0,1,1,1,1,0,0,0.0,0.0,1.1318181819999964,1.1681818180000008,0.40909090899999967,0.7772727269999962,0.0,0.0,0,False
3451,20160803_SU,34.2,65.4,31.1,72.5,32.4,72.0,32.8,72.1,33.0,73.5,28.4,82.3,30.5,70.6,28.9,76.4,196,2016-08-03,SU,8,2,3,Wednesday,False,1,0,0,0,0,0,0,0,1.2000000000000028,0.0,0.0,0.0,0.0,0.0,0.0,0.0,0,False
3452,20160803_US,30.3,92.0,30.9,94.8,32.6,94.1,33.0,86.9,31.9,86.6,34.2,81.6,33.1,79.8,33.6,77.3,9,2016-08-03,US,8,2,3,Wednesday,False,0,0,0,0,0,1,1,1,0.0,0.0,0.0,0.0,0.0,1.2000000000000028,0.10000000000000142,0.6000000000000014,0,False
3453,20160804_BS,31.7,76.3,31.1,80.9,31.1,79.9,31.8,81.8,32.1,75.9,32.7,81.1,31.9,81.8,31.4,81.6,70,2016-08-04,BS,8,3,4,Thursday,False,0,0,0,0,0,0,0,0,0.0,0.0,0.0,0.0,0.0,0.0,0.0,0.0,0,False
3454,20160804_CB,33.873333333000005,70.246666667,32.713333333,75.806666667,30.42,78.74,32.646666667,74.18,33.773333333000004,76.233333333,32.306666666999995,84.413333333,29.873333333,82.18,32.98,67.6,37,2016-08-04,CB,8,3,4,Thursday,False,1,0,0,0,1,0,0,0,0.873333333000005,0.0,0.0,0.0,0.7733333330000036,0.0,0.0,0.0,0,False
3455,20160804_CN,34.3375,81.0625,32.625,84.00625,30.94375,88.3125,32.1125,85.14375,33.30625,85.16875,32.3375,89.51875,30.31875,89.6,31.125,82.725,38,2016-08-04,CN,8,3,4,Thursday,False,1,0,0,0,1,0,0,0,1.3374999999999986,0.0,0.0,0.0,0.3062499999999986,0.0,0.0,0.0,0,False
3456,20160804_DG,33.8,73.4,33.2,78.3,32.2,79.4,34.3,74.5,35.1,77.0,35.1,70.5,36.0,67.1,35.4,62.6,45,2016-08-04,DG,8,3,4,Thursday,False,1,1,0,1,1,1,1,1,0.7999999999999972,0.20000000000000284,0.0,1.2999999999999972,2.1000000000000014,2.1000000000000014,3.0,2.3999999999999986,0,False
3457,20160804_DJ,35.5,70.8,34.0,75.5,30.3,82.1,32.9,78.6,34.7,77.3,34.0,81.5,32.5,80.5,32.3,70.5,34,2016-08-04,DJ,8,3,4,Thursday,False,1,1,0,0,1,1,0,0,2.5,1.0,0.0,0.0,1.7000000000000028,1.0,0.0,0.0,0,False
3458,20160804_GB,32.320833333,79.45,31.2375,84.891666667,30.533333333,85.8625,33.066666667,79.99583333300001,33.858333333000004,79.725,34.033333333,78.104166667,33.508333333,75.1,34.4625,71.395833333,72,2016-08-04,GB,8,3,4,Thursday,False,0,0,0,1,1,1,1,1,0.0,0.0,0.0,0.06666666699999979,0.8583333330000045,1.0333333330000016,0.508333333000003,1.4624999999999986,0,False
3459,20160804_GG,34.935714286,73.376190476,34.095238095,71.12857142899999,30.85,81.238095238,32.066666667,80.821428571,32.980952381,81.380952381,32.635714286,82.67380952399999,27.864285714,90.123809524,30.773809524,78.138095238,173,2016-08-04,GG,8,3,4,Thursday,False,1,1,0,0,0,0,0,0,1.9357142859999996,1.0952380949999991,0.0,0.0,0.0,0.0,0.0,0.0,0,False
3460,20160804_GJ,33.9,79.5,31.9,88.5,31.1,83.9,35.7,71.9,36.0,72.8,34.5,77.8,35.3,79.0,33.9,82.9,31,2016-08-04,GJ,8,3,4,Thursday,False,1,0,0,1,1,1,1,1,0.8999999999999986,0.0,0.0,2.700000000000003,3.0,1.5,2.299999999999997,0.8999999999999986,0,False
3461,20160804_GN,32.4,79.609090909,31.427272727,83.16818181800001,32.818181818,85.077272727,34.068181818,82.85,35.095454545,78.454545455,34.772727273,78.745454545,34.059090909,80.786363636,33.068181818,80.072727273,61,2016-08-04,GN,8,3,4,Thursday,False,0,0,0,1,1,1,1,1,0.0,0.0,0.0,1.0681818179999993,2.0954545450000026,1.772727273000001,1.0590909089999982,0.06818181799999934,0,False
3462,20160804_GW,32.277777778,76.166666667,31.594444444,80.188888889,29.966666667,84.122222222,30.705555556,82.272222222,31.65,83.54444444399999,31.883333333000003,80.777777778,28.527777778,81.877777778,31.866666666999997,74.061111111,43,2016-08-04,GW,8,3,4,Thursday,False,0,0,0,0,0,0,0,0,0.0,0.0,0.0,0.0,0.0,0.0,0.0,0.0,0,False
3463,20160804_IC,33.19,91.15,32.24,87.4,29.97,96.21,29.51,96.34,30.57,95.6,30.36,92.86,27.88,96.76,28.13,96.02,39,2016-08-04,IC,8,3,4,Thursday,False,1,0,0,0,0,0,0,0,0.18999999999999773,0.0,0.0,0.0,0.0,0.0,0.0,0.0,0,False
3464,20160804_JB,34.086666666999996,76.5,31.666666666999998,78.22,30.906666667,80.266666667,33.32,76.113333333,33.926666667,76.4,34.32,75.826666667,34.353333333,76.386666667,32.2,76.206666667,76,2016-08-04,JB,8,3,4,Thursday,False,1,0,0,1,1,1,1,0,1.0866666669999958,0.0,0.0,0.3200000000000003,0.9266666669999992,1.3200000000000003,1.353333333000002,0.0,0,False
3465,20160804_JJ,31.35,84.55,28.7,83.25,31.05,78.65,32.2,73.25,31.05,78.75,32.4,79.7,32.05,81.05,32.95,83.9,16,2016-08-04,JJ,8,3,4,Thursday,False,0,0,0,0,0,0,0,0,0.0,0.0,0.0,0.0,0.0,0.0,0.0,0.0,0,False
3466,20160804_JN,32.695454545,79.209090909,30.877272726999998,86.872727273,30.895454545,84.790909091,34.131818181999996,77.454545455,34.168181818,77.640909091,33.409090909,81.44090909100001,33.777272726999996,82.145454545,32.65,84.663636364,50,2016-08-04,JN,8,3,4,Thursday,False,0,0,0,1,1,1,1,0,0.0,0.0,0.0,1.1318181819999964,1.1681818180000008,0.40909090899999967,0.7772727269999962,0.0,0,False
3467,20160804_SU,35.7,59.6,34.2,65.4,31.1,72.5,32.4,72.0,32.8,72.1,33.0,73.5,28.4,82.3,30.5,70.6,187,2016-08-04,SU,8,3,4,Thursday,False,1,1,0,0,0,0,0,0,2.700000000000003,1.2000000000000028,0.0,0.0,0.0,0.0,0.0,0.0,0,False
3468,20160804_US,30.2,89.0,30.3,92.0,30.9,94.8,32.6,94.1,33.0,86.9,31.9,86.6,34.2,81.6,33.1,79.8,2,2016-08-04,US,8,3,4,Thursday,False,0,0,0,0,0,0,1,1,0.0,0.0,0.0,0.0,0.0,0.0,1.2000000000000028,0.10000000000000142,0,False
3469,20160805_BS,32.0,77.1,31.7,76.3,31.1,80.9,31.1,79.9,31.8,81.8,32.1,75.9,32.7,81.1,31.9,81.8,85,2016-08-05,BS,8,4,5,Friday,False,0,0,0,0,0,0,0,0,0.0,0.0,0.0,0.0,0.0,0.0,0.0,0.0,0,False
3470,20160805_CB,34.853333333,67.82,33.873333333000005,70.246666667,32.713333333,75.806666667,30.42,78.74,32.646666667,74.18,33.773333333000004,76.233333333,32.306666666999995,84.413333333,29.873333333,82.18,20,2016-08-05,CB,8,4,5,Friday,False,1,1,0,0,0,1,0,0,1.853333333000002,0.873333333000005,0.0,0.0,0.0,0.7733333330000036,0.0,0.0,0,False
3471,20160805_CN,34.23125,81.35625,34.3375,81.0625,32.625,84.00625,30.94375,88.3125,32.1125,85.14375,33.30625,85.16875,32.3375,89.51875,30.31875,89.6,45,2016-08-05,CN,8,4,5,Friday,False,1,1,0,0,0,1,0,0,1.2312500000000028,1.3374999999999986,0.0,0.0,0.0,0.3062499999999986,0.0,0.0,0,False
3472,20160805_DG,34.5,67.9,33.8,73.4,33.2,78.3,32.2,79.4,34.3,74.5,35.1,77.0,35.1,70.5,36.0,67.1,43,2016-08-05,DG,8,4,5,Friday,False,1,1,1,0,1,1,1,1,1.5,0.7999999999999972,0.20000000000000284,0.0,1.2999999999999972,2.1000000000000014,2.1000000000000014,3.0,0,False
3473,20160805_DJ,35.8,69.0,35.5,70.8,34.0,75.5,30.3,82.1,32.9,78.6,34.7,77.3,34.0,81.5,32.5,80.5,37,2016-08-05,DJ,8,4,5,Friday,False,1,1,1,0,0,1,1,0,2.799999999999997,2.5,1.0,0.0,0.0,1.7000000000000028,1.0,0.0,0,False
3474,20160805_GB,33.129166667,76.68333333300001,32.320833333,79.45,31.2375,84.891666667,30.533333333,85.8625,33.066666667,79.99583333300001,33.858333333000004,79.725,34.033333333,78.104166667,33.508333333,75.1,55,2016-08-05,GB,8,4,5,Friday,False,1,0,0,0,1,1,1,1,0.1291666669999998,0.0,0.0,0.0,0.06666666699999979,0.8583333330000045,1.0333333330000016,0.508333333000003,0,False
3475,20160805_GG,35.369047619,71.726190476,34.935714286,73.376190476,34.095238095,71.12857142899999,30.85,81.238095238,32.066666667,80.821428571,32.980952381,81.380952381,32.635714286,82.67380952399999,27.864285714,90.123809524,156,2016-08-05,GG,8,4,5,Friday,False,1,1,1,0,0,0,0,0,2.369047619,1.9357142859999996,1.0952380949999991,0.0,0.0,0.0,0.0,0.0,0,False
3476,20160805_GJ,35.1,77.3,33.9,79.5,31.9,88.5,31.1,83.9,35.7,71.9,36.0,72.8,34.5,77.8,35.3,79.0,34,2016-08-05,GJ,8,4,5,Friday,False,1,1,0,0,1,1,1,1,2.1000000000000014,0.8999999999999986,0.0,0.0,2.700000000000003,3.0,1.5,2.299999999999997,0,False
3477,20160805_GN,33.095454545,77.136363636,32.4,79.609090909,31.427272727,83.16818181800001,32.818181818,85.077272727,34.068181818,82.85,35.095454545,78.454545455,34.772727273,78.745454545,34.059090909,80.786363636,67,2016-08-05,GN,8,4,5,Friday,False,1,0,0,0,1,1,1,1,0.09545454500000261,0.0,0.0,0.0,1.0681818179999993,2.0954545450000026,1.772727273000001,1.0590909089999982,0,False
3478,20160805_GW,32.944444444,73.855555556,32.277777778,76.166666667,31.594444444,80.188888889,29.966666667,84.122222222,30.705555556,82.272222222,31.65,83.54444444399999,31.883333333000003,80.777777778,28.527777778,81.877777778,38,2016-08-05,GW,8,4,5,Friday,False,0,0,0,0,0,0,0,0,0.0,0.0,0.0,0.0,0.0,0.0,0.0,0.0,0,False
3479,20160805_IC,33.36,91.15,33.19,91.15,32.24,87.4,29.97,96.21,29.51,96.34,30.57,95.6,30.36,92.86,27.88,96.76,32,2016-08-05,IC,8,4,5,Friday,False,1,1,0,0,0,0,0,0,0.35999999999999943,0.18999999999999773,0.0,0.0,0.0,0.0,0.0,0.0,0,False
3480,20160805_JB,34.24,77.673333333,34.086666666999996,76.5,31.666666666999998,78.22,30.906666667,80.266666667,33.32,76.113333333,33.926666667,76.4,34.32,75.826666667,34.353333333,76.386666667,72,2016-08-05,JB,8,4,5,Friday,False,1,1,0,0,1,1,1,1,1.240000000000002,1.0866666669999958,0.0,0.0,0.3200000000000003,0.9266666669999992,1.3200000000000003,1.353333333000002,0,False
3481,20160805_JJ,31.05,86.45,31.35,84.55,28.7,83.25,31.05,78.65,32.2,73.25,31.05,78.75,32.4,79.7,32.05,81.05,22,2016-08-05,JJ,8,4,5,Friday,False,0,0,0,0,0,0,0,0,0.0,0.0,0.0,0.0,0.0,0.0,0.0,0.0,0,False
3482,20160805_JN,33.395454545,77.490909091,32.695454545,79.209090909,30.877272726999998,86.872727273,30.895454545,84.790909091,34.131818181999996,77.454545455,34.168181818,77.640909091,33.409090909,81.44090909100001,33.777272726999996,82.145454545,53,2016-08-05,JN,8,4,5,Friday,False,1,0,0,0,1,1,1,1,0.39545454499999977,0.0,0.0,0.0,1.1318181819999964,1.1681818180000008,0.40909090899999967,0.7772727269999962,0,False
3483,20160805_SU,36.0,60.1,35.7,59.6,34.2,65.4,31.1,72.5,32.4,72.0,32.8,72.1,33.0,73.5,28.4,82.3,185,2016-08-05,SU,8,4,5,Friday,False,1,1,1,0,0,0,0,0,3.0,2.700000000000003,1.2000000000000028,0.0,0.0,0.0,0.0,0.0,0,False
3484,20160805_US,31.6,88.8,30.2,89.0,30.3,92.0,30.9,94.8,32.6,94.1,33.0,86.9,31.9,86.6,34.2,81.6,11,2016-08-05,US,8,4,5,Friday,False,0,0,0,0,0,0,0,1,0.0,0.0,0.0,0.0,0.0,0.0,0.0,1.2000000000000028,0,False
3485,20160806_BS,32.7,77.9,32.0,77.1,31.7,76.3,31.1,80.9,31.1,79.9,31.8,81.8,32.1,75.9,32.7,81.1,15,2016-08-06,BS,8,5,6,Saturday,False,0,0,0,0,0,0,0,0,0.0,0.0,0.0,0.0,0.0,0.0,0.0,0.0,0,True
3486,20160806_CB,35.18,69.853333333,34.853333333,67.82,33.873333333000005,70.246666667,32.713333333,75.806666667,30.42,78.74,32.646666667,74.18,33.773333333000004,76.233333333,32.306666666999995,84.413333333,9,2016-08-06,CB,8,5,6,Saturday,False,1,1,1,0,0,0,1,0,2.1799999999999997,1.853333333000002,0.873333333000005,0.0,0.0,0.0,0.7733333330000036,0.0,0,True
3487,20160806_CN,34.1875,82.025,34.23125,81.35625,34.3375,81.0625,32.625,84.00625,30.94375,88.3125,32.1125,85.14375,33.30625,85.16875,32.3375,89.51875,14,2016-08-06,CN,8,5,6,Saturday,False,1,1,1,0,0,0,1,0,1.1875,1.2312500000000028,1.3374999999999986,0.0,0.0,0.0,0.3062499999999986,0.0,0,True
3488,20160806_DG,35.1,67.0,34.5,67.9,33.8,73.4,33.2,78.3,32.2,79.4,34.3,74.5,35.1,77.0,35.1,70.5,14,2016-08-06,DG,8,5,6,Saturday,False,1,1,1,1,0,1,1,1,2.1000000000000014,1.5,0.7999999999999972,0.20000000000000284,0.0,1.2999999999999972,2.1000000000000014,2.1000000000000014,0,True
3489,20160806_DJ,35.4,74.3,35.8,69.0,35.5,70.8,34.0,75.5,30.3,82.1,32.9,78.6,34.7,77.3,34.0,81.5,7,2016-08-06,DJ,8,5,6,Saturday,False,1,1,1,1,0,0,1,1,2.3999999999999986,2.799999999999997,2.5,1.0,0.0,0.0,1.7000000000000028,1.0,0,True
3490,20160806_GB,33.958333333,75.783333333,33.129166667,76.68333333300001,32.320833333,79.45,31.2375,84.891666667,30.533333333,85.8625,33.066666667,79.99583333300001,33.858333333000004,79.725,34.033333333,78.104166667,18,2016-08-06,GB,8,5,6,Saturday,False,1,1,0,0,0,1,1,1,0.9583333329999988,0.1291666669999998,0.0,0.0,0.0,0.06666666699999979,0.8583333330000045,1.0333333330000016,0,True
3491,20160806_GG,34.757142857,72.985714286,35.369047619,71.726190476,34.935714286,73.376190476,34.095238095,71.12857142899999,30.85,81.238095238,32.066666667,80.821428571,32.980952381,81.380952381,32.635714286,82.67380952399999,62,2016-08-06,GG,8,5,6,Saturday,False,1,1,1,1,0,0,0,0,1.757142856999998,2.369047619,1.9357142859999996,1.0952380949999991,0.0,0.0,0.0,0.0,0,True
3492,20160806_GJ,34.5,78.6,35.1,77.3,33.9,79.5,31.9,88.5,31.1,83.9,35.7,71.9,36.0,72.8,34.5,77.8,9,2016-08-06,GJ,8,5,6,Saturday,False,1,1,1,0,0,1,1,1,1.5,2.1000000000000014,0.8999999999999986,0.0,0.0,2.700000000000003,3.0,1.5,0,True
3493,20160806_GN,33.872727273,76.395454545,33.095454545,77.136363636,32.4,79.609090909,31.427272727,83.16818181800001,32.818181818,85.077272727,34.068181818,82.85,35.095454545,78.454545455,34.772727273,78.745454545,22,2016-08-06,GN,8,5,6,Saturday,False,1,1,0,0,0,1,1,1,0.8727272730000024,0.09545454500000261,0.0,0.0,0.0,1.0681818179999993,2.0954545450000026,1.772727273000001,0,True
3494,20160806_GW,33.322222222,73.644444444,32.944444444,73.855555556,32.277777778,76.166666667,31.594444444,80.188888889,29.966666667,84.122222222,30.705555556,82.272222222,31.65,83.54444444399999,31.883333333000003,80.777777778,9,2016-08-06,GW,8,5,6,Saturday,False,1,0,0,0,0,0,0,0,0.3222222220000006,0.0,0.0,0.0,0.0,0.0,0.0,0.0,0,True
3495,20160806_IC,33.32,88.42,33.36,91.15,33.19,91.15,32.24,87.4,29.97,96.21,29.51,96.34,30.57,95.6,30.36,92.86,8,2016-08-06,IC,8,5,6,Saturday,False,1,1,1,0,0,0,0,0,0.3200000000000003,0.35999999999999943,0.18999999999999773,0.0,0.0,0.0,0.0,0.0,0,True
3496,20160806_JB,34.346666667,78.646666667,34.24,77.673333333,34.086666666999996,76.5,31.666666666999998,78.22,30.906666667,80.266666667,33.32,76.113333333,33.926666667,76.4,34.32,75.826666667,18,2016-08-06,JB,8,5,6,Saturday,False,1,1,1,0,0,1,1,1,1.346666667000001,1.240000000000002,1.0866666669999958,0.0,0.0,0.3200000000000003,0.9266666669999992,1.3200000000000003,0,True
3497,20160806_JJ,31.85,84.0,31.05,86.45,31.35,84.55,28.7,83.25,31.05,78.65,32.2,73.25,31.05,78.75,32.4,79.7,4,2016-08-06,JJ,8,5,6,Saturday,False,0,0,0,0,0,0,0,0,0.0,0.0,0.0,0.0,0.0,0.0,0.0,0.0,0,True
3498,20160806_JN,33.463636364,78.804545455,33.395454545,77.490909091,32.695454545,79.209090909,30.877272726999998,86.872727273,30.895454545,84.790909091,34.131818181999996,77.454545455,34.168181818,77.640909091,33.409090909,81.44090909100001,15,2016-08-06,JN,8,5,6,Saturday,False,1,1,0,0,0,1,1,1,0.46363636400000274,0.39545454499999977,0.0,0.0,0.0,1.1318181819999964,1.1681818180000008,0.40909090899999967,0,True
3499,20160806_SU,34.0,64.8,36.0,60.1,35.7,59.6,34.2,65.4,31.1,72.5,32.4,72.0,32.8,72.1,33.0,73.5,36,2016-08-06,SU,8,5,6,Saturday,False,1,1,1,1,0,0,0,0,1.0,3.0,2.700000000000003,1.2000000000000028,0.0,0.0,0.0,0.0,0,True
3500,20160806_US,33.0,84.9,31.6,88.8,30.2,89.0,30.3,92.0,30.9,94.8,32.6,94.1,33.0,86.9,31.9,86.6,2,2016-08-06,US,8,5,6,Saturday,False,0,0,0,0,0,0,0,0,0.0,0.0,0.0,0.0,0.0,0.0,0.0,0.0,0,True
3501,20160807_BS,33.0,72.4,32.7,77.9,32.0,77.1,31.7,76.3,31.1,80.9,31.1,79.9,31.8,81.8,32.1,75.9,0,2016-08-07,BS,8,6,7,Sunday,False,0,0,0,0,0,0,0,0,0.0,0.0,0.0,0.0,0.0,0.0,0.0,0.0,0,True
3502,20160807_CB,34.646666667,69.14,35.18,69.853333333,34.853333333,67.82,33.873333333000005,70.246666667,32.713333333,75.806666667,30.42,78.74,32.646666667,74.18,33.773333333000004,76.233333333,1,2016-08-07,CB,8,6,7,Sunday,False,1,1,1,1,0,0,0,1,1.646666666999998,2.1799999999999997,1.853333333000002,0.873333333000005,0.0,0.0,0.0,0.7733333330000036,0,True
3503,20160807_CN,33.6875,81.5125,34.1875,82.025,34.23125,81.35625,34.3375,81.0625,32.625,84.00625,30.94375,88.3125,32.1125,85.14375,33.30625,85.16875,0,2016-08-07,CN,8,6,7,Sunday,False,1,1,1,1,0,0,0,1,0.6875,1.1875,1.2312500000000028,1.3374999999999986,0.0,0.0,0.0,0.3062499999999986,0,True
3504,20160807_DG,34.6,73.6,35.1,67.0,34.5,67.9,33.8,73.4,33.2,78.3,32.2,79.4,34.3,74.5,35.1,77.0,0,2016-08-07,DG,8,6,7,Sunday,False,1,1,1,1,1,0,1,1,1.6000000000000014,2.1000000000000014,1.5,0.7999999999999972,0.20000000000000284,0.0,1.2999999999999972,2.1000000000000014,0,True
3505,20160807_DJ,34.9,78.4,35.4,74.3,35.8,69.0,35.5,70.8,34.0,75.5,30.3,82.1,32.9,78.6,34.7,77.3,0,2016-08-07,DJ,8,6,7,Sunday,False,1,1,1,1,1,0,0,1,1.8999999999999986,2.3999999999999986,2.799999999999997,2.5,1.0,0.0,0.0,1.7000000000000028,0,True
3506,20160807_GB,35.233333333000004,72.295833333,33.958333333,75.783333333,33.129166667,76.68333333300001,32.320833333,79.45,31.2375,84.891666667,30.533333333,85.8625,33.066666667,79.99583333300001,33.858333333000004,79.725,1,2016-08-07,GB,8,6,7,Sunday,False,1,1,1,0,0,0,1,1,2.2333333330000045,0.9583333329999988,0.1291666669999998,0.0,0.0,0.0,0.06666666699999979,0.8583333330000045,0,True
3507,20160807_GG,34.678571429,66.714285714,34.757142857,72.985714286,35.369047619,71.726190476,34.935714286,73.376190476,34.095238095,71.12857142899999,30.85,81.238095238,32.066666667,80.821428571,32.980952381,81.380952381,9,2016-08-07,GG,8,6,7,Sunday,False,1,1,1,1,1,0,0,0,1.6785714290000016,1.757142856999998,2.369047619,1.9357142859999996,1.0952380949999991,0.0,0.0,0.0,0,True
3508,20160807_GJ,33.1,89.6,34.5,78.6,35.1,77.3,33.9,79.5,31.9,88.5,31.1,83.9,35.7,71.9,36.0,72.8,0,2016-08-07,GJ,8,6,7,Sunday,False,1,1,1,1,0,0,1,1,0.10000000000000142,1.5,2.1000000000000014,0.8999999999999986,0.0,0.0,2.700000000000003,3.0,0,True
3509,20160807_GN,34.072727273000005,76.977272727,33.872727273,76.395454545,33.095454545,77.136363636,32.4,79.609090909,31.427272727,83.16818181800001,32.818181818,85.077272727,34.068181818,82.85,35.095454545,78.454545455,0,2016-08-07,GN,8,6,7,Sunday,False,1,1,1,0,0,0,1,1,1.0727272730000053,0.8727272730000024,0.09545454500000261,0.0,0.0,0.0,1.0681818179999993,2.0954545450000026,0,True
3510,20160807_GW,33.611111111,76.822222222,33.322222222,73.644444444,32.944444444,73.855555556,32.277777778,76.166666667,31.594444444,80.188888889,29.966666667,84.122222222,30.705555556,82.272222222,31.65,83.54444444399999,0,2016-08-07,GW,8,6,7,Sunday,False,1,1,0,0,0,0,0,0,0.6111111109999996,0.3222222220000006,0.0,0.0,0.0,0.0,0.0,0.0,0,True
3511,20160807_IC,32.62,82.28,33.32,88.42,33.36,91.15,33.19,91.15,32.24,87.4,29.97,96.21,29.51,96.34,30.57,95.6,0,2016-08-07,IC,8,6,7,Sunday,False,0,1,1,1,0,0,0,0,0.0,0.3200000000000003,0.35999999999999943,0.18999999999999773,0.0,0.0,0.0,0.0,0,True
3512,20160807_JB,34.146666667,79.206666667,34.346666667,78.646666667,34.24,77.673333333,34.086666666999996,76.5,31.666666666999998,78.22,30.906666667,80.266666667,33.32,76.113333333,33.926666667,76.4,3,2016-08-07,JB,8,6,7,Sunday,False,1,1,1,1,0,0,1,1,1.146666666999998,1.346666667000001,1.240000000000002,1.0866666669999958,0.0,0.0,0.3200000000000003,0.9266666669999992,0,True
3513,20160807_JJ,32.3,82.45,31.85,84.0,31.05,86.45,31.35,84.55,28.7,83.25,31.05,78.65,32.2,73.25,31.05,78.75,0,2016-08-07,JJ,8,6,7,Sunday,False,0,0,0,0,0,0,0,0,0.0,0.0,0.0,0.0,0.0,0.0,0.0,0.0,0,True
3514,20160807_JN,33.163636364,84.645454545,33.463636364,78.804545455,33.395454545,77.490909091,32.695454545,79.209090909,30.877272726999998,86.872727273,30.895454545,84.790909091,34.131818181999996,77.454545455,34.168181818,77.640909091,2,2016-08-07,JN,8,6,7,Sunday,False,1,1,1,0,0,0,1,1,0.16363636399999848,0.46363636400000274,0.39545454499999977,0.0,0.0,0.0,1.1318181819999964,1.1681818180000008,0,True
3515,20160807_SU,35.0,56.0,34.0,64.8,36.0,60.1,35.7,59.6,34.2,65.4,31.1,72.5,32.4,72.0,32.8,72.1,8,2016-08-07,SU,8,6,7,Sunday,False,1,1,1,1,1,0,0,0,2.0,1.0,3.0,2.700000000000003,1.2000000000000028,0.0,0.0,0.0,0,True
3516,20160807_US,33.3,81.9,33.0,84.9,31.6,88.8,30.2,89.0,30.3,92.0,30.9,94.8,32.6,94.1,33.0,86.9,1,2016-08-07,US,8,6,7,Sunday,False,1,0,0,0,0,0,0,0,0.29999999999999716,0.0,0.0,0.0,0.0,0.0,0.0,0.0,0,True
3517,20160808_BS,34.4,73.0,33.0,72.4,32.7,77.9,32.0,77.1,31.7,76.3,31.1,80.9,31.1,79.9,31.8,81.8,94,2016-08-08,BS,8,0,8,Monday,False,1,0,0,0,0,0,0,0,1.3999999999999986,0.0,0.0,0.0,0.0,0.0,0.0,0.0,0,False
3518,20160808_CB,34.76,67.3,34.646666667,69.14,35.18,69.853333333,34.853333333,67.82,33.873333333000005,70.246666667,32.713333333,75.806666667,30.42,78.74,32.646666667,74.18,42,2016-08-08,CB,8,0,8,Monday,False,1,1,1,1,1,0,0,0,1.759999999999998,1.646666666999998,2.1799999999999997,1.853333333000002,0.873333333000005,0.0,0.0,0.0,0,False
3519,20160808_CN,34.225,79.28125,33.6875,81.5125,34.1875,82.025,34.23125,81.35625,34.3375,81.0625,32.625,84.00625,30.94375,88.3125,32.1125,85.14375,65,2016-08-08,CN,8,0,8,Monday,False,1,1,1,1,1,0,0,0,1.2250000000000014,0.6875,1.1875,1.2312500000000028,1.3374999999999986,0.0,0.0,0.0,0,False
3520,20160808_DG,35.6,73.4,34.6,73.6,35.1,67.0,34.5,67.9,33.8,73.4,33.2,78.3,32.2,79.4,34.3,74.5,75,2016-08-08,DG,8,0,8,Monday,False,1,1,1,1,1,1,0,1,2.6000000000000014,1.6000000000000014,2.1000000000000014,1.5,0.7999999999999972,0.20000000000000284,0.0,1.2999999999999972,0,False
3521,20160808_DJ,34.8,72.8,34.9,78.4,35.4,74.3,35.8,69.0,35.5,70.8,34.0,75.5,30.3,82.1,32.9,78.6,47,2016-08-08,DJ,8,0,8,Monday,False,1,1,1,1,1,1,0,0,1.7999999999999972,1.8999999999999986,2.3999999999999986,2.799999999999997,2.5,1.0,0.0,0.0,0,False
3522,20160808_GB,34.975,77.891666667,35.233333333000004,72.295833333,33.958333333,75.783333333,33.129166667,76.68333333300001,32.320833333,79.45,31.2375,84.891666667,30.533333333,85.8625,33.066666667,79.99583333300001,78,2016-08-08,GB,8,0,8,Monday,False,1,1,1,1,0,0,0,1,1.9750000000000014,2.2333333330000045,0.9583333329999988,0.1291666669999998,0.0,0.0,0.0,0.06666666699999979,0,False
3523,20160808_GG,34.933333333,72.564285714,34.678571429,66.714285714,34.757142857,72.985714286,35.369047619,71.726190476,34.935714286,73.376190476,34.095238095,71.12857142899999,30.85,81.238095238,32.066666667,80.821428571,252,2016-08-08,GG,8,0,8,Monday,False,1,1,1,1,1,1,0,0,1.9333333330000002,1.6785714290000016,1.757142856999998,2.369047619,1.9357142859999996,1.0952380949999991,0.0,0.0,0,False
3524,20160808_GJ,34.8,87.5,33.1,89.6,34.5,78.6,35.1,77.3,33.9,79.5,31.9,88.5,31.1,83.9,35.7,71.9,40,2016-08-08,GJ,8,0,8,Monday,False,1,1,1,1,1,0,0,1,1.7999999999999972,0.10000000000000142,1.5,2.1000000000000014,0.8999999999999986,0.0,0.0,2.700000000000003,0,False
3525,20160808_GN,35.686363635999996,78.427272727,34.072727273000005,76.977272727,33.872727273,76.395454545,33.095454545,77.136363636,32.4,79.609090909,31.427272727,83.16818181800001,32.818181818,85.077272727,34.068181818,82.85,76,2016-08-08,GN,8,0,8,Monday,False,1,1,1,1,0,0,0,1,2.686363635999996,1.0727272730000053,0.8727272730000024,0.09545454500000261,0.0,0.0,0.0,1.0681818179999993,0,False
3526,20160808_GW,33.072222222,77.444444444,33.611111111,76.822222222,33.322222222,73.644444444,32.944444444,73.855555556,32.277777778,76.166666667,31.594444444,80.188888889,29.966666667,84.122222222,30.705555556,82.272222222,38,2016-08-08,GW,8,0,8,Monday,False,1,1,1,0,0,0,0,0,0.07222222200000061,0.6111111109999996,0.3222222220000006,0.0,0.0,0.0,0.0,0.0,0,False
3527,20160808_IC,32.72,90.48,32.62,82.28,33.32,88.42,33.36,91.15,33.19,91.15,32.24,87.4,29.97,96.21,29.51,96.34,41,2016-08-08,IC,8,0,8,Monday,False,0,0,1,1,1,0,0,0,0.0,0.0,0.3200000000000003,0.35999999999999943,0.18999999999999773,0.0,0.0,0.0,0,False
3528,20160808_JB,33.913333333000004,78.54,34.146666667,79.206666667,34.346666667,78.646666667,34.24,77.673333333,34.086666666999996,76.5,31.666666666999998,78.22,30.906666667,80.266666667,33.32,76.113333333,109,2016-08-08,JB,8,0,8,Monday,False,1,1,1,1,1,0,0,1,0.9133333330000042,1.146666666999998,1.346666667000001,1.240000000000002,1.0866666669999958,0.0,0.0,0.3200000000000003,0,False
3529,20160808_JJ,31.65,78.35,32.3,82.45,31.85,84.0,31.05,86.45,31.35,84.55,28.7,83.25,31.05,78.65,32.2,73.25,15,2016-08-08,JJ,8,0,8,Monday,False,0,0,0,0,0,0,0,0,0.0,0.0,0.0,0.0,0.0,0.0,0.0,0.0,0,False
3530,20160808_JN,34.136363636,81.631818182,33.163636364,84.645454545,33.463636364,78.804545455,33.395454545,77.490909091,32.695454545,79.209090909,30.877272726999998,86.872727273,30.895454545,84.790909091,34.131818181999996,77.454545455,69,2016-08-08,JN,8,0,8,Monday,False,1,1,1,1,0,0,0,1,1.1363636359999987,0.16363636399999848,0.46363636400000274,0.39545454499999977,0.0,0.0,0.0,1.1318181819999964,0,False
3531,20160808_SU,35.5,63.1,35.0,56.0,34.0,64.8,36.0,60.1,35.7,59.6,34.2,65.4,31.1,72.5,32.4,72.0,252,2016-08-08,SU,8,0,8,Monday,False,1,1,1,1,1,1,0,0,2.5,2.0,1.0,3.0,2.700000000000003,1.2000000000000028,0.0,0.0,0,False
3532,20160808_US,33.3,84.6,33.3,81.9,33.0,84.9,31.6,88.8,30.2,89.0,30.3,92.0,30.9,94.8,32.6,94.1,21,2016-08-08,US,8,0,8,Monday,False,1,1,0,0,0,0,0,0,0.29999999999999716,0.29999999999999716,0.0,0.0,0.0,0.0,0.0,0.0,0,False
3533,20160809_BS,32.9,70.6,34.4,73.0,33.0,72.4,32.7,77.9,32.0,77.1,31.7,76.3,31.1,80.9,31.1,79.9,85,2016-08-09,BS,8,1,9,Tuesday,False,0,1,0,0,0,0,0,0,0.0,1.3999999999999986,0.0,0.0,0.0,0.0,0.0,0.0,0,False
3534,20160809_CB,33.886666667,73.106666667,34.76,67.3,34.646666667,69.14,35.18,69.853333333,34.853333333,67.82,33.873333333000005,70.246666667,32.713333333,75.806666667,30.42,78.74,36,2016-08-09,CB,8,1,9,Tuesday,False,1,1,1,1,1,1,0,0,0.8866666670000001,1.759999999999998,1.646666666999998,2.1799999999999997,1.853333333000002,0.873333333000005,0.0,0.0,0,False
3535,20160809_CN,33.6125,83.7,34.225,79.28125,33.6875,81.5125,34.1875,82.025,34.23125,81.35625,34.3375,81.0625,32.625,84.00625,30.94375,88.3125,59,2016-08-09,CN,8,1,9,Tuesday,False,1,1,1,1,1,1,0,0,0.6124999999999972,1.2250000000000014,0.6875,1.1875,1.2312500000000028,1.3374999999999986,0.0,0.0,0,False
3536,20160809_DG,31.8,66.8,35.6,73.4,34.6,73.6,35.1,67.0,34.5,67.9,33.8,73.4,33.2,78.3,32.2,79.4,53,2016-08-09,DG,8,1,9,Tuesday,False,0,1,1,1,1,1,1,0,0.0,2.6000000000000014,1.6000000000000014,2.1000000000000014,1.5,0.7999999999999972,0.20000000000000284,0.0,0,False
3537,20160809_DJ,34.3,80.9,34.8,72.8,34.9,78.4,35.4,74.3,35.8,69.0,35.5,70.8,34.0,75.5,30.3,82.1,37,2016-08-09,DJ,8,1,9,Tuesday,False,1,1,1,1,1,1,1,0,1.2999999999999972,1.7999999999999972,1.8999999999999986,2.3999999999999986,2.799999999999997,2.5,1.0,0.0,0,False
3538,20160809_GB,31.383333333000003,75.104166667,34.975,77.891666667,35.233333333000004,72.295833333,33.958333333,75.783333333,33.129166667,76.68333333300001,32.320833333,79.45,31.2375,84.891666667,30.533333333,85.8625,73,2016-08-09,GB,8,1,9,Tuesday,False,0,1,1,1,1,0,0,0,0.0,1.9750000000000014,2.2333333330000045,0.9583333329999988,0.1291666669999998,0.0,0.0,0.0,0,False
3539,20160809_GG,33.852380952,74.192857143,34.933333333,72.564285714,34.678571429,66.714285714,34.757142857,72.985714286,35.369047619,71.726190476,34.935714286,73.376190476,34.095238095,71.12857142899999,30.85,81.238095238,201,2016-08-09,GG,8,1,9,Tuesday,False,1,1,1,1,1,1,1,0,0.8523809519999972,1.9333333330000002,1.6785714290000016,1.757142856999998,2.369047619,1.9357142859999996,1.0952380949999991,0.0,0,False
3540,20160809_GJ,32.4,92.6,34.8,87.5,33.1,89.6,34.5,78.6,35.1,77.3,33.9,79.5,31.9,88.5,31.1,83.9,49,2016-08-09,GJ,8,1,9,Tuesday,False,0,1,1,1,1,1,0,0,0.0,1.7999999999999972,0.10000000000000142,1.5,2.1000000000000014,0.8999999999999986,0.0,0.0,0,False
3541,20160809_GN,32.990909091,77.836363636,35.686363635999996,78.427272727,34.072727273000005,76.977272727,33.872727273,76.395454545,33.095454545,77.136363636,32.4,79.609090909,31.427272727,83.16818181800001,32.818181818,85.077272727,57,2016-08-09,GN,8,1,9,Tuesday,False,0,1,1,1,1,0,0,0,0.0,2.686363635999996,1.0727272730000053,0.8727272730000024,0.09545454500000261,0.0,0.0,0.0,0,False
3542,20160809_GW,31.072222221999997,74.827777778,33.072222222,77.444444444,33.611111111,76.822222222,33.322222222,73.644444444,32.944444444,73.855555556,32.277777778,76.166666667,31.594444444,80.188888889,29.966666667,84.122222222,41,2016-08-09,GW,8,1,9,Tuesday,False,0,1,1,1,0,0,0,0,0.0,0.07222222200000061,0.6111111109999996,0.3222222220000006,0.0,0.0,0.0,0.0,0,False
3543,20160809_IC,33.29,87.41,32.72,90.48,32.62,82.28,33.32,88.42,33.36,91.15,33.19,91.15,32.24,87.4,29.97,96.21,52,2016-08-09,IC,8,1,9,Tuesday,False,1,0,0,1,1,1,0,0,0.28999999999999915,0.0,0.0,0.3200000000000003,0.35999999999999943,0.18999999999999773,0.0,0.0,0,False
3544,20160809_JB,33.56,79.113333333,33.913333333000004,78.54,34.146666667,79.206666667,34.346666667,78.646666667,34.24,77.673333333,34.086666666999996,76.5,31.666666666999998,78.22,30.906666667,80.266666667,84,2016-08-09,JB,8,1,9,Tuesday,False,1,1,1,1,1,1,0,0,0.5600000000000023,0.9133333330000042,1.146666666999998,1.346666667000001,1.240000000000002,1.0866666669999958,0.0,0.0,0,False
3545,20160809_JJ,31.6,80.4,31.65,78.35,32.3,82.45,31.85,84.0,31.05,86.45,31.35,84.55,28.7,83.25,31.05,78.65,18,2016-08-09,JJ,8,1,9,Tuesday,False,0,0,0,0,0,0,0,0,0.0,0.0,0.0,0.0,0.0,0.0,0.0,0.0,0,False
3546,20160809_JN,32.763636364,84.454545455,34.136363636,81.631818182,33.163636364,84.645454545,33.463636364,78.804545455,33.395454545,77.490909091,32.695454545,79.209090909,30.877272726999998,86.872727273,30.895454545,84.790909091,70,2016-08-09,JN,8,1,9,Tuesday,False,0,1,1,1,1,0,0,0,0.0,1.1363636359999987,0.16363636399999848,0.46363636400000274,0.39545454499999977,0.0,0.0,0.0,0,False
3547,20160809_SU,33.6,68.3,35.5,63.1,35.0,56.0,34.0,64.8,36.0,60.1,35.7,59.6,34.2,65.4,31.1,72.5,227,2016-08-09,SU,8,1,9,Tuesday,False,1,1,1,1,1,1,1,0,0.6000000000000014,2.5,2.0,1.0,3.0,2.700000000000003,1.2000000000000028,0.0,0,False
3548,20160809_US,30.1,84.0,33.3,84.6,33.3,81.9,33.0,84.9,31.6,88.8,30.2,89.0,30.3,92.0,30.9,94.8,13,2016-08-09,US,8,1,9,Tuesday,False,0,1,1,0,0,0,0,0,0.0,0.29999999999999716,0.29999999999999716,0.0,0.0,0.0,0.0,0.0,0,False
3549,20160810_BS,32.2,71.6,32.9,70.6,34.4,73.0,33.0,72.4,32.7,77.9,32.0,77.1,31.7,76.3,31.1,80.9,82,2016-08-10,BS,8,2,10,Wednesday,False,0,0,1,0,0,0,0,0,0.0,0.0,1.3999999999999986,0.0,0.0,0.0,0.0,0.0,0,False
3550,20160810_CB,34.24,69.72,33.886666667,73.106666667,34.76,67.3,34.646666667,69.14,35.18,69.853333333,34.853333333,67.82,33.873333333000005,70.246666667,32.713333333,75.806666667,33,2016-08-10,CB,8,2,10,Wednesday,False,1,1,1,1,1,1,1,0,1.240000000000002,0.8866666670000001,1.759999999999998,1.646666666999998,2.1799999999999997,1.853333333000002,0.873333333000005,0.0,0,False
3551,20160810_CN,33.63125,81.60625,33.6125,83.7,34.225,79.28125,33.6875,81.5125,34.1875,82.025,34.23125,81.35625,34.3375,81.0625,32.625,84.00625,60,2016-08-10,CN,8,2,10,Wednesday,False,1,1,1,1,1,1,1,0,0.6312500000000014,0.6124999999999972,1.2250000000000014,0.6875,1.1875,1.2312500000000028,1.3374999999999986,0.0,0,False
3552,20160810_DG,35.4,62.6,31.8,66.8,35.6,73.4,34.6,73.6,35.1,67.0,34.5,67.9,33.8,73.4,33.2,78.3,53,2016-08-10,DG,8,2,10,Wednesday,False,1,0,1,1,1,1,1,1,2.3999999999999986,0.0,2.6000000000000014,1.6000000000000014,2.1000000000000014,1.5,0.7999999999999972,0.20000000000000284,0,False
3553,20160810_DJ,34.6,76.4,34.3,80.9,34.8,72.8,34.9,78.4,35.4,74.3,35.8,69.0,35.5,70.8,34.0,75.5,30,2016-08-10,DJ,8,2,10,Wednesday,False,1,1,1,1,1,1,1,1,1.6000000000000014,1.2999999999999972,1.7999999999999972,1.8999999999999986,2.3999999999999986,2.799999999999997,2.5,1.0,0,False
3554,20160810_GB,34.808333333,72.395833333,31.383333333000003,75.104166667,34.975,77.891666667,35.233333333000004,72.295833333,33.958333333,75.783333333,33.129166667,76.68333333300001,32.320833333,79.45,31.2375,84.891666667,68,2016-08-10,GB,8,2,10,Wednesday,False,1,0,1,1,1,1,0,0,1.8083333330000002,0.0,1.9750000000000014,2.2333333330000045,0.9583333329999988,0.1291666669999998,0.0,0.0,0,False
3555,20160810_GG,33.988095238,73.11428571399999,33.852380952,74.192857143,34.933333333,72.564285714,34.678571429,66.714285714,34.757142857,72.985714286,35.369047619,71.726190476,34.935714286,73.376190476,34.095238095,71.12857142899999,181,2016-08-10,GG,8,2,10,Wednesday,False,1,1,1,1,1,1,1,1,0.9880952379999997,0.8523809519999972,1.9333333330000002,1.6785714290000016,1.757142856999998,2.369047619,1.9357142859999996,1.0952380949999991,0,False
3556,20160810_GJ,34.5,82.6,32.4,92.6,34.8,87.5,33.1,89.6,34.5,78.6,35.1,77.3,33.9,79.5,31.9,88.5,41,2016-08-10,GJ,8,2,10,Wednesday,False,1,0,1,1,1,1,1,0,1.5,0.0,1.7999999999999972,0.10000000000000142,1.5,2.1000000000000014,0.8999999999999986,0.0,0,False
3557,20160810_GN,34.277272726999996,75.113636364,32.990909091,77.836363636,35.686363635999996,78.427272727,34.072727273000005,76.977272727,33.872727273,76.395454545,33.095454545,77.136363636,32.4,79.609090909,31.427272727,83.16818181800001,74,2016-08-10,GN,8,2,10,Wednesday,False,1,0,1,1,1,1,0,0,1.2772727269999962,0.0,2.686363635999996,1.0727272730000053,0.8727272730000024,0.09545454500000261,0.0,0.0,0,False
3558,20160810_GW,32.122222222,77.633333333,31.072222221999997,74.827777778,33.072222222,77.444444444,33.611111111,76.822222222,33.322222222,73.644444444,32.944444444,73.855555556,32.277777778,76.166666667,31.594444444,80.188888889,40,2016-08-10,GW,8,2,10,Wednesday,False,0,0,1,1,1,0,0,0,0.0,0.0,0.07222222200000061,0.6111111109999996,0.3222222220000006,0.0,0.0,0.0,0,False
3559,20160810_IC,31.02,88.36,33.29,87.41,32.72,90.48,32.62,82.28,33.32,88.42,33.36,91.15,33.19,91.15,32.24,87.4,59,2016-08-10,IC,8,2,10,Wednesday,False,0,1,0,0,1,1,1,0,0.0,0.28999999999999915,0.0,0.0,0.3200000000000003,0.35999999999999943,0.18999999999999773,0.0,0,False
3560,20160810_JB,33.986666667,77.106666667,33.56,79.113333333,33.913333333000004,78.54,34.146666667,79.206666667,34.346666667,78.646666667,34.24,77.673333333,34.086666666999996,76.5,31.666666666999998,78.22,67,2016-08-10,JB,8,2,10,Wednesday,False,1,1,1,1,1,1,1,0,0.9866666670000015,0.5600000000000023,0.9133333330000042,1.146666666999998,1.346666667000001,1.240000000000002,1.0866666669999958,0.0,0,False
3561,20160810_JJ,31.45,80.3,31.6,80.4,31.65,78.35,32.3,82.45,31.85,84.0,31.05,86.45,31.35,84.55,28.7,83.25,16,2016-08-10,JJ,8,2,10,Wednesday,False,0,0,0,0,0,0,0,0,0.0,0.0,0.0,0.0,0.0,0.0,0.0,0.0,0,False
3562,20160810_JN,33.822727273000005,81.19090909100001,32.763636364,84.454545455,34.136363636,81.631818182,33.163636364,84.645454545,33.463636364,78.804545455,33.395454545,77.490909091,32.695454545,79.209090909,30.877272726999998,86.872727273,61,2016-08-10,JN,8,2,10,Wednesday,False,1,0,1,1,1,1,0,0,0.8227272730000053,0.0,1.1363636359999987,0.16363636399999848,0.46363636400000274,0.39545454499999977,0.0,0.0,0,False
3563,20160810_SU,34.8,66.3,33.6,68.3,35.5,63.1,35.0,56.0,34.0,64.8,36.0,60.1,35.7,59.6,34.2,65.4,210,2016-08-10,SU,8,2,10,Wednesday,False,1,1,1,1,1,1,1,1,1.7999999999999972,0.6000000000000014,2.5,2.0,1.0,3.0,2.700000000000003,1.2000000000000028,0,False
3564,20160810_US,32.6,83.0,30.1,84.0,33.3,84.6,33.3,81.9,33.0,84.9,31.6,88.8,30.2,89.0,30.3,92.0,11,2016-08-10,US,8,2,10,Wednesday,False,0,0,1,1,0,0,0,0,0.0,0.0,0.29999999999999716,0.29999999999999716,0.0,0.0,0.0,0.0,0,False
3565,20160811_BS,34.8,72.1,32.2,71.6,32.9,70.6,34.4,73.0,33.0,72.4,32.7,77.9,32.0,77.1,31.7,76.3,81,2016-08-11,BS,8,3,11,Thursday,False,1,0,0,1,0,0,0,0,1.7999999999999972,0.0,0.0,1.3999999999999986,0.0,0.0,0.0,0.0,0,False
3566,20160811_CB,35.113333333,66.793333333,34.24,69.72,33.886666667,73.106666667,34.76,67.3,34.646666667,69.14,35.18,69.853333333,34.853333333,67.82,33.873333333000005,70.246666667,34,2016-08-11,CB,8,3,11,Thursday,False,1,1,1,1,1,1,1,1,2.113333333,1.240000000000002,0.8866666670000001,1.759999999999998,1.646666666999998,2.1799999999999997,1.853333333000002,0.873333333000005,0,False
3567,20160811_CN,34.85,77.70625,33.63125,81.60625,33.6125,83.7,34.225,79.28125,33.6875,81.5125,34.1875,82.025,34.23125,81.35625,34.3375,81.0625,55,2016-08-11,CN,8,3,11,Thursday,False,1,1,1,1,1,1,1,1,1.8500000000000014,0.6312500000000014,0.6124999999999972,1.2250000000000014,0.6875,1.1875,1.2312500000000028,1.3374999999999986,0,False
3568,20160811_DG,37.8,61.0,35.4,62.6,31.8,66.8,35.6,73.4,34.6,73.6,35.1,67.0,34.5,67.9,33.8,73.4,48,2016-08-11,DG,8,3,11,Thursday,False,1,1,0,1,1,1,1,1,4.799999999999997,2.3999999999999986,0.0,2.6000000000000014,1.6000000000000014,2.1000000000000014,1.5,0.7999999999999972,0,False
3569,20160811_DJ,35.6,70.1,34.6,76.4,34.3,80.9,34.8,72.8,34.9,78.4,35.4,74.3,35.8,69.0,35.5,70.8,30,2016-08-11,DJ,8,3,11,Thursday,False,1,1,1,1,1,1,1,1,2.6000000000000014,1.6000000000000014,1.2999999999999972,1.7999999999999972,1.8999999999999986,2.3999999999999986,2.799999999999997,2.5,0,False
3570,20160811_GB,35.8125,71.204166667,34.808333333,72.395833333,31.383333333000003,75.104166667,34.975,77.891666667,35.233333333000004,72.295833333,33.958333333,75.783333333,33.129166667,76.68333333300001,32.320833333,79.45,57,2016-08-11,GB,8,3,11,Thursday,False,1,1,0,1,1,1,1,0,2.8125,1.8083333330000002,0.0,1.9750000000000014,2.2333333330000045,0.9583333329999988,0.1291666669999998,0.0,0,False
3571,20160811_GG,35.519047619,73.264285714,33.988095238,73.11428571399999,33.852380952,74.192857143,34.933333333,72.564285714,34.678571429,66.714285714,34.757142857,72.985714286,35.369047619,71.726190476,34.935714286,73.376190476,181,2016-08-11,GG,8,3,11,Thursday,False,1,1,1,1,1,1,1,1,2.5190476189999984,0.9880952379999997,0.8523809519999972,1.9333333330000002,1.6785714290000016,1.757142856999998,2.369047619,1.9357142859999996,0,False
3572,20160811_GJ,36.7,72.0,34.5,82.6,32.4,92.6,34.8,87.5,33.1,89.6,34.5,78.6,35.1,77.3,33.9,79.5,38,2016-08-11,GJ,8,3,11,Thursday,False,1,1,0,1,1,1,1,1,3.700000000000003,1.5,0.0,1.7999999999999972,0.10000000000000142,1.5,2.1000000000000014,0.8999999999999986,0,False
3573,20160811_GN,36.322727273000005,74.631818182,34.277272726999996,75.113636364,32.990909091,77.836363636,35.686363635999996,78.427272727,34.072727273000005,76.977272727,33.872727273,76.395454545,33.095454545,77.136363636,32.4,79.609090909,61,2016-08-11,GN,8,3,11,Thursday,False,1,1,0,1,1,1,1,0,3.3227272730000053,1.2772727269999962,0.0,2.686363635999996,1.0727272730000053,0.8727272730000024,0.09545454500000261,0.0,0,False
3574,20160811_GW,33.727777778000004,74.577777778,32.122222222,77.633333333,31.072222221999997,74.827777778,33.072222222,77.444444444,33.611111111,76.822222222,33.322222222,73.644444444,32.944444444,73.855555556,32.277777778,76.166666667,29,2016-08-11,GW,8,3,11,Thursday,False,1,0,0,1,1,1,0,0,0.7277777780000037,0.0,0.0,0.07222222200000061,0.6111111109999996,0.3222222220000006,0.0,0.0,0,False
3575,20160811_IC,33.53,88.82,31.02,88.36,33.29,87.41,32.72,90.48,32.62,82.28,33.32,88.42,33.36,91.15,33.19,91.15,47,2016-08-11,IC,8,3,11,Thursday,False,1,0,1,0,0,1,1,1,0.5300000000000011,0.0,0.28999999999999915,0.0,0.0,0.3200000000000003,0.35999999999999943,0.18999999999999773,0,False
3576,20160811_JB,35.14,73.586666667,33.986666667,77.106666667,33.56,79.113333333,33.913333333000004,78.54,34.146666667,79.206666667,34.346666667,78.646666667,34.24,77.673333333,34.086666666999996,76.5,82,2016-08-11,JB,8,3,11,Thursday,False,1,1,1,1,1,1,1,1,2.1400000000000006,0.9866666670000015,0.5600000000000023,0.9133333330000042,1.146666666999998,1.346666667000001,1.240000000000002,1.0866666669999958,0,False
3577,20160811_JJ,32.2,73.45,31.45,80.3,31.6,80.4,31.65,78.35,32.3,82.45,31.85,84.0,31.05,86.45,31.35,84.55,12,2016-08-11,JJ,8,3,11,Thursday,False,0,0,0,0,0,0,0,0,0.0,0.0,0.0,0.0,0.0,0.0,0.0,0.0,0,False
3578,20160811_JN,35.859090909,75.7,33.822727273000005,81.19090909100001,32.763636364,84.454545455,34.136363636,81.631818182,33.163636364,84.645454545,33.463636364,78.804545455,33.395454545,77.490909091,32.695454545,79.209090909,63,2016-08-11,JN,8,3,11,Thursday,False,1,1,0,1,1,1,1,0,2.8590909090000025,0.8227272730000053,0.0,1.1363636359999987,0.16363636399999848,0.46363636400000274,0.39545454499999977,0.0,0,False
3579,20160811_SU,36.4,64.1,34.8,66.3,33.6,68.3,35.5,63.1,35.0,56.0,34.0,64.8,36.0,60.1,35.7,59.6,217,2016-08-11,SU,8,3,11,Thursday,False,1,1,1,1,1,1,1,1,3.3999999999999986,1.7999999999999972,0.6000000000000014,2.5,2.0,1.0,3.0,2.700000000000003,0,False
3580,20160811_US,34.7,82.4,32.6,83.0,30.1,84.0,33.3,84.6,33.3,81.9,33.0,84.9,31.6,88.8,30.2,89.0,12,2016-08-11,US,8,3,11,Thursday,False,1,0,0,1,1,0,0,0,1.7000000000000028,0.0,0.0,0.29999999999999716,0.29999999999999716,0.0,0.0,0.0,0,False
3581,20160812_BS,34.5,72.1,34.8,72.1,32.2,71.6,32.9,70.6,34.4,73.0,33.0,72.4,32.7,77.9,32.0,77.1,76,2016-08-12,BS,8,4,12,Friday,False,1,1,0,0,1,0,0,0,1.5,1.7999999999999972,0.0,0.0,1.3999999999999986,0.0,0.0,0.0,0,False
3582,20160812_CB,35.22,65.306666667,35.113333333,66.793333333,34.24,69.72,33.886666667,73.106666667,34.76,67.3,34.646666667,69.14,35.18,69.853333333,34.853333333,67.82,28,2016-08-12,CB,8,4,12,Friday,False,1,1,1,1,1,1,1,1,2.219999999999999,2.113333333,1.240000000000002,0.8866666670000001,1.759999999999998,1.646666666999998,2.1799999999999997,1.853333333000002,0,False
3583,20160812_CN,34.78125,77.31875,34.85,77.70625,33.63125,81.60625,33.6125,83.7,34.225,79.28125,33.6875,81.5125,34.1875,82.025,34.23125,81.35625,55,2016-08-12,CN,8,4,12,Friday,False,1,1,1,1,1,1,1,1,1.78125,1.8500000000000014,0.6312500000000014,0.6124999999999972,1.2250000000000014,0.6875,1.1875,1.2312500000000028,0,False
3584,20160812_DG,37.7,58.5,37.8,61.0,35.4,62.6,31.8,66.8,35.6,73.4,34.6,73.6,35.1,67.0,34.5,67.9,70,2016-08-12,DG,8,4,12,Friday,False,1,1,1,0,1,1,1,1,4.700000000000003,4.799999999999997,2.3999999999999986,0.0,2.6000000000000014,1.6000000000000014,2.1000000000000014,1.5,0,False
3585,20160812_DJ,36.5,67.5,35.6,70.1,34.6,76.4,34.3,80.9,34.8,72.8,34.9,78.4,35.4,74.3,35.8,69.0,28,2016-08-12,DJ,8,4,12,Friday,False,1,1,1,1,1,1,1,1,3.5,2.6000000000000014,1.6000000000000014,1.2999999999999972,1.7999999999999972,1.8999999999999986,2.3999999999999986,2.799999999999997,0,False
3586,20160812_GB,36.404166667,69.758333333,35.8125,71.204166667,34.808333333,72.395833333,31.383333333000003,75.104166667,34.975,77.891666667,35.233333333000004,72.295833333,33.958333333,75.783333333,33.129166667,76.68333333300001,68,2016-08-12,GB,8,4,12,Friday,False,1,1,1,0,1,1,1,1,3.4041666669999984,2.8125,1.8083333330000002,0.0,1.9750000000000014,2.2333333330000045,0.9583333329999988,0.1291666669999998,0,False
3587,20160812_GG,35.078571429,77.11428571399999,35.519047619,73.264285714,33.988095238,73.11428571399999,33.852380952,74.192857143,34.933333333,72.564285714,34.678571429,66.714285714,34.757142857,72.985714286,35.369047619,71.726190476,150,2016-08-12,GG,8,4,12,Friday,False,1,1,1,1,1,1,1,1,2.078571429,2.5190476189999984,0.9880952379999997,0.8523809519999972,1.9333333330000002,1.6785714290000016,1.757142856999998,2.369047619,0,False
3588,20160812_GJ,37.2,72.6,36.7,72.0,34.5,82.6,32.4,92.6,34.8,87.5,33.1,89.6,34.5,78.6,35.1,77.3,37,2016-08-12,GJ,8,4,12,Friday,False,1,1,1,0,1,1,1,1,4.200000000000003,3.700000000000003,1.5,0.0,1.7999999999999972,0.10000000000000142,1.5,2.1000000000000014,0,False
3589,20160812_GN,36.236363636,74.136363636,36.322727273000005,74.631818182,34.277272726999996,75.113636364,32.990909091,77.836363636,35.686363635999996,78.427272727,34.072727273000005,76.977272727,33.872727273,76.395454545,33.095454545,77.136363636,61,2016-08-12,GN,8,4,12,Friday,False,1,1,1,0,1,1,1,1,3.236363636,3.3227272730000053,1.2772727269999962,0.0,2.686363635999996,1.0727272730000053,0.8727272730000024,0.09545454500000261,0,False
3590,20160812_GW,34.311111111,73.311111111,33.727777778000004,74.577777778,32.122222222,77.633333333,31.072222221999997,74.827777778,33.072222222,77.444444444,33.611111111,76.822222222,33.322222222,73.644444444,32.944444444,73.855555556,34,2016-08-12,GW,8,4,12,Friday,False,1,1,0,0,1,1,1,0,1.3111111110000024,0.7277777780000037,0.0,0.0,0.07222222200000061,0.6111111109999996,0.3222222220000006,0.0,0,False
3591,20160812_IC,32.35,90.84,33.53,88.82,31.02,88.36,33.29,87.41,32.72,90.48,32.62,82.28,33.32,88.42,33.36,91.15,48,2016-08-12,IC,8,4,12,Friday,False,0,1,0,1,0,0,1,1,0.0,0.5300000000000011,0.0,0.28999999999999915,0.0,0.0,0.3200000000000003,0.35999999999999943,0,False
3592,20160812_JB,35.146666667,74.28,35.14,73.586666667,33.986666667,77.106666667,33.56,79.113333333,33.913333333000004,78.54,34.146666667,79.206666667,34.346666667,78.646666667,34.24,77.673333333,54,2016-08-12,JB,8,4,12,Friday,False,1,1,1,1,1,1,1,1,2.146666666999998,2.1400000000000006,0.9866666670000015,0.5600000000000023,0.9133333330000042,1.146666666999998,1.346666667000001,1.240000000000002,0,False
3593,20160812_JJ,32.9,71.85,32.2,73.45,31.45,80.3,31.6,80.4,31.65,78.35,32.3,82.45,31.85,84.0,31.05,86.45,7,2016-08-12,JJ,8,4,12,Friday,False,0,0,0,0,0,0,0,0,0.0,0.0,0.0,0.0,0.0,0.0,0.0,0.0,0,False
3594,20160812_JN,35.7,75.35,35.859090909,75.7,33.822727273000005,81.19090909100001,32.763636364,84.454545455,34.136363636,81.631818182,33.163636364,84.645454545,33.463636364,78.804545455,33.395454545,77.490909091,62,2016-08-12,JN,8,4,12,Friday,False,1,1,1,0,1,1,1,1,2.700000000000003,2.8590909090000025,0.8227272730000053,0.0,1.1363636359999987,0.16363636399999848,0.46363636400000274,0.39545454499999977,0,False
3595,20160812_SU,35.9,68.3,36.4,64.1,34.8,66.3,33.6,68.3,35.5,63.1,35.0,56.0,34.0,64.8,36.0,60.1,238,2016-08-12,SU,8,4,12,Friday,False,1,1,1,1,1,1,1,1,2.8999999999999986,3.3999999999999986,1.7999999999999972,0.6000000000000014,2.5,2.0,1.0,3.0,0,False
3596,20160812_US,35.3,83.9,34.7,82.4,32.6,83.0,30.1,84.0,33.3,84.6,33.3,81.9,33.0,84.9,31.6,88.8,12,2016-08-12,US,8,4,12,Friday,False,1,1,0,0,1,1,0,0,2.299999999999997,1.7000000000000028,0.0,0.0,0.29999999999999716,0.29999999999999716,0.0,0.0,0,False
3597,20160813_BS,35.3,66.1,34.5,72.1,34.8,72.1,32.2,71.6,32.9,70.6,34.4,73.0,33.0,72.4,32.7,77.9,22,2016-08-13,BS,8,5,13,Saturday,False,1,1,1,0,0,1,0,0,2.299999999999997,1.5,1.7999999999999972,0.0,0.0,1.3999999999999986,0.0,0.0,0,True
3598,20160813_CB,34.526666667,68.226666667,35.22,65.306666667,35.113333333,66.793333333,34.24,69.72,33.886666667,73.106666667,34.76,67.3,34.646666667,69.14,35.18,69.853333333,11,2016-08-13,CB,8,5,13,Saturday,False,1,1,1,1,1,1,1,1,1.5266666670000006,2.219999999999999,2.113333333,1.240000000000002,0.8866666670000001,1.759999999999998,1.646666666999998,2.1799999999999997,0,True
3599,20160813_CN,34.03125,80.93125,34.78125,77.31875,34.85,77.70625,33.63125,81.60625,33.6125,83.7,34.225,79.28125,33.6875,81.5125,34.1875,82.025,11,2016-08-13,CN,8,5,13,Saturday,False,1,1,1,1,1,1,1,1,1.03125,1.78125,1.8500000000000014,0.6312500000000014,0.6124999999999972,1.2250000000000014,0.6875,1.1875,0,True
3600,20160813_DG,38.1,51.1,37.7,58.5,37.8,61.0,35.4,62.6,31.8,66.8,35.6,73.4,34.6,73.6,35.1,67.0,9,2016-08-13,DG,8,5,13,Saturday,False,1,1,1,1,0,1,1,1,5.100000000000001,4.700000000000003,4.799999999999997,2.3999999999999986,0.0,2.6000000000000014,1.6000000000000014,2.1000000000000014,0,True
3601,20160813_DJ,36.0,70.6,36.5,67.5,35.6,70.1,34.6,76.4,34.3,80.9,34.8,72.8,34.9,78.4,35.4,74.3,8,2016-08-13,DJ,8,5,13,Saturday,False,1,1,1,1,1,1,1,1,3.0,3.5,2.6000000000000014,1.6000000000000014,1.2999999999999972,1.7999999999999972,1.8999999999999986,2.3999999999999986,0,True
3602,20160813_GB,36.7625,66.258333333,36.404166667,69.758333333,35.8125,71.204166667,34.808333333,72.395833333,31.383333333000003,75.104166667,34.975,77.891666667,35.233333333000004,72.295833333,33.958333333,75.783333333,19,2016-08-13,GB,8,5,13,Saturday,False,1,1,1,1,0,1,1,1,3.762500000000003,3.4041666669999984,2.8125,1.8083333330000002,0.0,1.9750000000000014,2.2333333330000045,0.9583333329999988,0,True
3603,20160813_GG,34.521428571,75.328571429,35.078571429,77.11428571399999,35.519047619,73.264285714,33.988095238,73.11428571399999,33.852380952,74.192857143,34.933333333,72.564285714,34.678571429,66.714285714,34.757142857,72.985714286,53,2016-08-13,GG,8,5,13,Saturday,False,1,1,1,1,1,1,1,1,1.5214285710000013,2.078571429,2.5190476189999984,0.9880952379999997,0.8523809519999972,1.9333333330000002,1.6785714290000016,1.757142856999998,0,True
3604,20160813_GJ,35.7,73.1,37.2,72.6,36.7,72.0,34.5,82.6,32.4,92.6,34.8,87.5,33.1,89.6,34.5,78.6,11,2016-08-13,GJ,8,5,13,Saturday,False,1,1,1,1,0,1,1,1,2.700000000000003,4.200000000000003,3.700000000000003,1.5,0.0,1.7999999999999972,0.10000000000000142,1.5,0,True
3605,20160813_GN,36.345454545,70.445454545,36.236363636,74.136363636,36.322727273000005,74.631818182,34.277272726999996,75.113636364,32.990909091,77.836363636,35.686363635999996,78.427272727,34.072727273000005,76.977272727,33.872727273,76.395454545,28,2016-08-13,GN,8,5,13,Saturday,False,1,1,1,1,0,1,1,1,3.3454545450000026,3.236363636,3.3227272730000053,1.2772727269999962,0.0,2.686363635999996,1.0727272730000053,0.8727272730000024,0,True
3606,20160813_GW,34.533333333,72.188888889,34.311111111,73.311111111,33.727777778000004,74.577777778,32.122222222,77.633333333,31.072222221999997,74.827777778,33.072222222,77.444444444,33.611111111,76.822222222,33.322222222,73.644444444,10,2016-08-13,GW,8,5,13,Saturday,False,1,1,1,0,0,1,1,1,1.5333333330000016,1.3111111110000024,0.7277777780000037,0.0,0.0,0.07222222200000061,0.6111111109999996,0.3222222220000006,0,True
3607,20160813_IC,31.78,94.8,32.35,90.84,33.53,88.82,31.02,88.36,33.29,87.41,32.72,90.48,32.62,82.28,33.32,88.42,14,2016-08-13,IC,8,5,13,Saturday,False,0,0,1,0,1,0,0,1,0.0,0.0,0.5300000000000011,0.0,0.28999999999999915,0.0,0.0,0.3200000000000003,0,True
3608,20160813_JB,34.38,75.44,35.146666667,74.28,35.14,73.586666667,33.986666667,77.106666667,33.56,79.113333333,33.913333333000004,78.54,34.146666667,79.206666667,34.346666667,78.646666667,22,2016-08-13,JB,8,5,13,Saturday,False,1,1,1,1,1,1,1,1,1.3800000000000026,2.146666666999998,2.1400000000000006,0.9866666670000015,0.5600000000000023,0.9133333330000042,1.146666666999998,1.346666667000001,0,True
3609,20160813_JJ,33.0,68.65,32.9,71.85,32.2,73.45,31.45,80.3,31.6,80.4,31.65,78.35,32.3,82.45,31.85,84.0,2,2016-08-13,JJ,8,5,13,Saturday,False,0,0,0,0,0,0,0,0,0.0,0.0,0.0,0.0,0.0,0.0,0.0,0.0,0,True
3610,20160813_JN,35.240909091,74.31363636399999,35.7,75.35,35.859090909,75.7,33.822727273000005,81.19090909100001,32.763636364,84.454545455,34.136363636,81.631818182,33.163636364,84.645454545,33.463636364,78.804545455,11,2016-08-13,JN,8,5,13,Saturday,False,1,1,1,1,0,1,1,1,2.240909090999999,2.700000000000003,2.8590909090000025,0.8227272730000053,0.0,1.1363636359999987,0.16363636399999848,0.46363636400000274,0,True
3611,20160813_SU,35.1,67.9,35.9,68.3,36.4,64.1,34.8,66.3,33.6,68.3,35.5,63.1,35.0,56.0,34.0,64.8,61,2016-08-13,SU,8,5,13,Saturday,False,1,1,1,1,1,1,1,1,2.1000000000000014,2.8999999999999986,3.3999999999999986,1.7999999999999972,0.6000000000000014,2.5,2.0,1.0,0,True
3612,20160813_US,35.7,75.9,35.3,83.9,34.7,82.4,32.6,83.0,30.1,84.0,33.3,84.6,33.3,81.9,33.0,84.9,2,2016-08-13,US,8,5,13,Saturday,False,1,1,1,0,0,1,1,0,2.700000000000003,2.299999999999997,1.7000000000000028,0.0,0.0,0.29999999999999716,0.29999999999999716,0.0,0,True
3613,20160814_BS,37.3,63.8,35.3,66.1,34.5,72.1,34.8,72.1,32.2,71.6,32.9,70.6,34.4,73.0,33.0,72.4,0,2016-08-14,BS,8,6,14,Sunday,False,1,1,1,1,0,0,1,0,4.299999999999997,2.299999999999997,1.5,1.7999999999999972,0.0,0.0,1.3999999999999986,0.0,0,True
3614,20160814_CB,33.713333333,72.693333333,34.526666667,68.226666667,35.22,65.306666667,35.113333333,66.793333333,34.24,69.72,33.886666667,73.106666667,34.76,67.3,34.646666667,69.14,1,2016-08-14,CB,8,6,14,Sunday,False,1,1,1,1,1,1,1,1,0.7133333330000013,1.5266666670000006,2.219999999999999,2.113333333,1.240000000000002,0.8866666670000001,1.759999999999998,1.646666666999998,0,True
3615,20160814_CN,33.50625,83.20625,34.03125,80.93125,34.78125,77.31875,34.85,77.70625,33.63125,81.60625,33.6125,83.7,34.225,79.28125,33.6875,81.5125,1,2016-08-14,CN,8,6,14,Sunday,False,1,1,1,1,1,1,1,1,0.5062500000000014,1.03125,1.78125,1.8500000000000014,0.6312500000000014,0.6124999999999972,1.2250000000000014,0.6875,0,True
3616,20160814_DG,37.0,54.8,38.1,51.1,37.7,58.5,37.8,61.0,35.4,62.6,31.8,66.8,35.6,73.4,34.6,73.6,0,2016-08-14,DG,8,6,14,Sunday,False,1,1,1,1,1,0,1,1,4.0,5.100000000000001,4.700000000000003,4.799999999999997,2.3999999999999986,0.0,2.6000000000000014,1.6000000000000014,0,True
3617,20160814_DJ,35.0,75.1,36.0,70.6,36.5,67.5,35.6,70.1,34.6,76.4,34.3,80.9,34.8,72.8,34.9,78.4,0,2016-08-14,DJ,8,6,14,Sunday,False,1,1,1,1,1,1,1,1,2.0,3.0,3.5,2.6000000000000014,1.6000000000000014,1.2999999999999972,1.7999999999999972,1.8999999999999986,0,True
3618,20160814_GB,35.375,68.15,36.7625,66.258333333,36.404166667,69.758333333,35.8125,71.204166667,34.808333333,72.395833333,31.383333333000003,75.104166667,34.975,77.891666667,35.233333333000004,72.295833333,3,2016-08-14,GB,8,6,14,Sunday,False,1,1,1,1,1,0,1,1,2.375,3.762500000000003,3.4041666669999984,2.8125,1.8083333330000002,0.0,1.9750000000000014,2.2333333330000045,0,True
3619,20160814_GG,32.514285714,81.969047619,34.521428571,75.328571429,35.078571429,77.11428571399999,35.519047619,73.264285714,33.988095238,73.11428571399999,33.852380952,74.192857143,34.933333333,72.564285714,34.678571429,66.714285714,8,2016-08-14,GG,8,6,14,Sunday,False,0,1,1,1,1,1,1,1,0.0,1.5214285710000013,2.078571429,2.5190476189999984,0.9880952379999997,0.8523809519999972,1.9333333330000002,1.6785714290000016,0,True
3620,20160814_GN,36.55,69.904545455,36.345454545,70.445454545,36.236363636,74.136363636,36.322727273000005,74.631818182,34.277272726999996,75.113636364,32.990909091,77.836363636,35.686363635999996,78.427272727,34.072727273000005,76.977272727,3,2016-08-14,GN,8,6,14,Sunday,False,1,1,1,1,1,0,1,1,3.549999999999997,3.3454545450000026,3.236363636,3.3227272730000053,1.2772727269999962,0.0,2.686363635999996,1.0727272730000053,0,True
3621,20160814_GW,33.011111111,80.377777778,34.533333333,72.188888889,34.311111111,73.311111111,33.727777778000004,74.577777778,32.122222222,77.633333333,31.072222221999997,74.827777778,33.072222222,77.444444444,33.611111111,76.822222222,0,2016-08-14,GW,8,6,14,Sunday,False,1,1,1,1,0,0,1,1,0.011111110999998175,1.5333333330000016,1.3111111110000024,0.7277777780000037,0.0,0.0,0.07222222200000061,0.6111111109999996,0,True
3622,20160814_IC,30.33,96.46,31.78,94.8,32.35,90.84,33.53,88.82,31.02,88.36,33.29,87.41,32.72,90.48,32.62,82.28,2,2016-08-14,IC,8,6,14,Sunday,False,0,0,0,1,0,1,0,0,0.0,0.0,0.0,0.5300000000000011,0.0,0.28999999999999915,0.0,0.0,0,True
3623,20160814_JB,34.206666667,77.48,34.38,75.44,35.146666667,74.28,35.14,73.586666667,33.986666667,77.106666667,33.56,79.113333333,33.913333333000004,78.54,34.146666667,79.206666667,3,2016-08-14,JB,8,6,14,Sunday,False,1,1,1,1,1,1,1,1,1.2066666670000004,1.3800000000000026,2.146666666999998,2.1400000000000006,0.9866666670000015,0.5600000000000023,0.9133333330000042,1.146666666999998,0,True
3624,20160814_JJ,32.95,72.1,33.0,68.65,32.9,71.85,32.2,73.45,31.45,80.3,31.6,80.4,31.65,78.35,32.3,82.45,1,2016-08-14,JJ,8,6,14,Sunday,False,0,0,0,0,0,0,0,0,0.0,0.0,0.0,0.0,0.0,0.0,0.0,0.0,0,True
3625,20160814_JN,34.3,78.536363636,35.240909091,74.31363636399999,35.7,75.35,35.859090909,75.7,33.822727273000005,81.19090909100001,32.763636364,84.454545455,34.136363636,81.631818182,33.163636364,84.645454545,0,2016-08-14,JN,8,6,14,Sunday,False,1,1,1,1,1,0,1,1,1.2999999999999972,2.240909090999999,2.700000000000003,2.8590909090000025,0.8227272730000053,0.0,1.1363636359999987,0.16363636399999848,0,True
3626,20160814_SU,31.8,74.0,35.1,67.9,35.9,68.3,36.4,64.1,34.8,66.3,33.6,68.3,35.5,63.1,35.0,56.0,7,2016-08-14,SU,8,6,14,Sunday,False,0,1,1,1,1,1,1,1,0.0,2.1000000000000014,2.8999999999999986,3.3999999999999986,1.7999999999999972,0.6000000000000014,2.5,2.0,0,True
3627,20160814_US,34.9,73.4,35.7,75.9,35.3,83.9,34.7,82.4,32.6,83.0,30.1,84.0,33.3,84.6,33.3,81.9,2,2016-08-14,US,8,6,14,Sunday,False,1,1,1,1,0,0,1,1,1.8999999999999986,2.700000000000003,2.299999999999997,1.7000000000000028,0.0,0.0,0.29999999999999716,0.29999999999999716,0,True
3628,20160815_BS,36.6,75.0,37.3,63.8,35.3,66.1,34.5,72.1,34.8,72.1,32.2,71.6,32.9,70.6,34.4,73.0,10,2016-08-15,BS,8,0,15,Monday,True,1,1,1,1,1,0,0,1,3.6000000000000014,4.299999999999997,2.299999999999997,1.5,1.7999999999999972,0.0,0.0,1.3999999999999986,0,False
3629,20160815_CB,34.333333333,67.006666667,33.713333333,72.693333333,34.526666667,68.226666667,35.22,65.306666667,35.113333333,66.793333333,34.24,69.72,33.886666667,73.106666667,34.76,67.3,0,2016-08-15,CB,8,0,15,Monday,True,1,1,1,1,1,1,1,1,1.3333333329999988,0.7133333330000013,1.5266666670000006,2.219999999999999,2.113333333,1.240000000000002,0.8866666670000001,1.759999999999998,0,False
3630,20160815_CN,33.55625,79.3625,33.50625,83.20625,34.03125,80.93125,34.78125,77.31875,34.85,77.70625,33.63125,81.60625,33.6125,83.7,34.225,79.28125,4,2016-08-15,CN,8,0,15,Monday,True,1,1,1,1,1,1,1,1,0.5562499999999986,0.5062500000000014,1.03125,1.78125,1.8500000000000014,0.6312500000000014,0.6124999999999972,1.2250000000000014,0,False
3631,20160815_DG,36.0,61.9,37.0,54.8,38.1,51.1,37.7,58.5,37.8,61.0,35.4,62.6,31.8,66.8,35.6,73.4,4,2016-08-15,DG,8,0,15,Monday,True,1,1,1,1,1,1,0,1,3.0,4.0,5.100000000000001,4.700000000000003,4.799999999999997,2.3999999999999986,0.0,2.6000000000000014,0,False
3632,20160815_DJ,35.5,70.6,35.0,75.1,36.0,70.6,36.5,67.5,35.6,70.1,34.6,76.4,34.3,80.9,34.8,72.8,0,2016-08-15,DJ,8,0,15,Monday,True,1,1,1,1,1,1,1,1,2.5,2.0,3.0,3.5,2.6000000000000014,1.6000000000000014,1.2999999999999972,1.7999999999999972,0,False
3633,20160815_GB,34.604166667,73.616666667,35.375,68.15,36.7625,66.258333333,36.404166667,69.758333333,35.8125,71.204166667,34.808333333,72.395833333,31.383333333000003,75.104166667,34.975,77.891666667,5,2016-08-15,GB,8,0,15,Monday,True,1,1,1,1,1,1,0,1,1.6041666670000012,2.375,3.762500000000003,3.4041666669999984,2.8125,1.8083333330000002,0.0,1.9750000000000014,0,False
3634,20160815_GG,33.754761905,73.071428571,32.514285714,81.969047619,34.521428571,75.328571429,35.078571429,77.11428571399999,35.519047619,73.264285714,33.988095238,73.11428571399999,33.852380952,74.192857143,34.933333333,72.564285714,10,2016-08-15,GG,8,0,15,Monday,True,1,0,1,1,1,1,1,1,0.7547619050000023,0.0,1.5214285710000013,2.078571429,2.5190476189999984,0.9880952379999997,0.8523809519999972,1.9333333330000002,0,False
3635,20160815_GJ,32.6,85.8,34.9,82.3,35.7,73.1,37.2,72.6,36.7,72.0,34.5,82.6,32.4,92.6,34.8,87.5,1,2016-08-15,GJ,8,0,15,Monday,True,0,1,1,1,1,1,0,1,0.0,1.8999999999999986,2.700000000000003,4.200000000000003,3.700000000000003,1.5,0.0,1.7999999999999972,0,False
3636,20160815_GN,35.118181818000004,76.609090909,36.55,69.904545455,36.345454545,70.445454545,36.236363636,74.136363636,36.322727273000005,74.631818182,34.277272726999996,75.113636364,32.990909091,77.836363636,35.686363635999996,78.427272727,4,2016-08-15,GN,8,0,15,Monday,True,1,1,1,1,1,1,0,1,2.1181818180000036,3.549999999999997,3.3454545450000026,3.236363636,3.3227272730000053,1.2772727269999962,0.0,2.686363635999996,0,False
3637,20160815_GW,32.255555556,76.416666667,33.011111111,80.377777778,34.533333333,72.188888889,34.311111111,73.311111111,33.727777778000004,74.577777778,32.122222222,77.633333333,31.072222221999997,74.827777778,33.072222222,77.444444444,4,2016-08-15,GW,8,0,15,Monday,True,0,1,1,1,1,0,0,1,0.0,0.011111110999998175,1.5333333330000016,1.3111111110000024,0.7277777780000037,0.0,0.0,0.07222222200000061,0,False
3638,20160815_IC,31.5,87.89,30.33,96.46,31.78,94.8,32.35,90.84,33.53,88.82,31.02,88.36,33.29,87.41,32.72,90.48,3,2016-08-15,IC,8,0,15,Monday,True,0,0,0,0,1,0,1,0,0.0,0.0,0.0,0.0,0.5300000000000011,0.0,0.28999999999999915,0.0,0,False
3639,20160815_JB,32.933333333,79.393333333,34.206666667,77.48,34.38,75.44,35.146666667,74.28,35.14,73.586666667,33.986666667,77.106666667,33.56,79.113333333,33.913333333000004,78.54,2,2016-08-15,JB,8,0,15,Monday,True,0,1,1,1,1,1,1,1,0.0,1.2066666670000004,1.3800000000000026,2.146666666999998,2.1400000000000006,0.9866666670000015,0.5600000000000023,0.9133333330000042,0,False
3640,20160815_JJ,33.05,72.2,32.95,72.1,33.0,68.65,32.9,71.85,32.2,73.45,31.45,80.3,31.6,80.4,31.65,78.35,1,2016-08-15,JJ,8,0,15,Monday,True,1,0,0,0,0,0,0,0,0.04999999999999716,0.0,0.0,0.0,0.0,0.0,0.0,0.0,0,False
3641,20160815_JN,32.827272727,82.44090909100001,34.3,78.536363636,35.240909091,74.31363636399999,35.7,75.35,35.859090909,75.7,33.822727273000005,81.19090909100001,32.763636364,84.454545455,34.136363636,81.631818182,6,2016-08-15,JN,8,0,15,Monday,True,0,1,1,1,1,1,0,1,0.0,1.2999999999999972,2.240909090999999,2.700000000000003,2.8590909090000025,0.8227272730000053,0.0,1.1363636359999987,0,False
3642,20160815_SU,34.0,65.5,31.8,74.0,35.1,67.9,35.9,68.3,36.4,64.1,34.8,66.3,33.6,68.3,35.5,63.1,12,2016-08-15,SU,8,0,15,Monday,True,1,0,1,1,1,1,1,1,1.0,0.0,2.1000000000000014,2.8999999999999986,3.3999999999999986,1.7999999999999972,0.6000000000000014,2.5,0,False
3643,20160815_US,33.8,83.6,34.9,73.4,35.7,75.9,35.3,83.9,34.7,82.4,32.6,83.0,30.1,84.0,33.3,84.6,1,2016-08-15,US,8,0,15,Monday,True,1,1,1,1,1,0,0,1,0.7999999999999972,1.8999999999999986,2.700000000000003,2.299999999999997,1.7000000000000028,0.0,0.0,0.29999999999999716,0,False
3644,20160816_BS,30.9,80.3,36.6,75.0,37.3,63.8,35.3,66.1,34.5,72.1,34.8,72.1,32.2,71.6,32.9,70.6,106,2016-08-16,BS,8,1,16,Tuesday,False,0,1,1,1,1,1,0,0,0.0,3.6000000000000014,4.299999999999997,2.299999999999997,1.5,1.7999999999999972,0.0,0.0,0,False
3645,20160816_CB,34.32,61.373333333000005,34.333333333,67.006666667,33.713333333,72.693333333,34.526666667,68.226666667,35.22,65.306666667,35.113333333,66.793333333,34.24,69.72,33.886666667,73.106666667,46,2016-08-16,CB,8,1,16,Tuesday,False,1,1,1,1,1,1,1,1,1.3200000000000003,1.3333333329999988,0.7133333330000013,1.5266666670000006,2.219999999999999,2.113333333,1.240000000000002,0.8866666670000001,0,False
3646,20160816_CN,34.21875,72.8125,33.55625,79.3625,33.50625,83.20625,34.03125,80.93125,34.78125,77.31875,34.85,77.70625,33.63125,81.60625,33.6125,83.7,86,2016-08-16,CN,8,1,16,Tuesday,False,1,1,1,1,1,1,1,1,1.21875,0.5562499999999986,0.5062500000000014,1.03125,1.78125,1.8500000000000014,0.6312500000000014,0.6124999999999972,0,False
3647,20160816_DG,32.8,65.0,36.0,61.9,37.0,54.8,38.1,51.1,37.7,58.5,37.8,61.0,35.4,62.6,31.8,66.8,76,2016-08-16,DG,8,1,16,Tuesday,False,0,1,1,1,1,1,1,0,0.0,3.0,4.0,5.100000000000001,4.700000000000003,4.799999999999997,2.3999999999999986,0.0,0,False
3648,20160816_DJ,35.5,64.1,35.5,70.6,35.0,75.1,36.0,70.6,36.5,67.5,35.6,70.1,34.6,76.4,34.3,80.9,48,2016-08-16,DJ,8,1,16,Tuesday,False,1,1,1,1,1,1,1,1,2.5,2.5,2.0,3.0,3.5,2.6000000000000014,1.6000000000000014,1.2999999999999972,0,False
3649,20160816_GB,32.608333333000004,72.945833333,34.604166667,73.616666667,35.375,68.15,36.7625,66.258333333,36.404166667,69.758333333,35.8125,71.204166667,34.808333333,72.395833333,31.383333333000003,75.104166667,71,2016-08-16,GB,8,1,16,Tuesday,False,0,1,1,1,1,1,1,0,0.0,1.6041666670000012,2.375,3.762500000000003,3.4041666669999984,2.8125,1.8083333330000002,0.0,0,False
3650,20160816_GG,34.323809524,70.19047619,33.754761905,73.071428571,32.514285714,81.969047619,34.521428571,75.328571429,35.078571429,77.11428571399999,35.519047619,73.264285714,33.988095238,73.11428571399999,33.852380952,74.192857143,239,2016-08-16,GG,8,1,16,Tuesday,False,1,1,0,1,1,1,1,1,1.3238095239999979,0.7547619050000023,0.0,1.5214285710000013,2.078571429,2.5190476189999984,0.9880952379999997,0.8523809519999972,0,False
3651,20160816_GJ,34.9,76.0,32.6,85.8,34.9,82.3,35.7,73.1,37.2,72.6,36.7,72.0,34.5,82.6,32.4,92.6,55,2016-08-16,GJ,8,1,16,Tuesday,False,1,0,1,1,1,1,1,0,1.8999999999999986,0.0,1.8999999999999986,2.700000000000003,4.200000000000003,3.700000000000003,1.5,0.0,0,False
3652,20160816_GN,32.659090909,80.277272727,35.118181818000004,76.609090909,36.55,69.904545455,36.345454545,70.445454545,36.236363636,74.136363636,36.322727273000005,74.631818182,34.277272726999996,75.113636364,32.990909091,77.836363636,91,2016-08-16,GN,8,1,16,Tuesday,False,0,1,1,1,1,1,1,0,0.0,2.1181818180000036,3.549999999999997,3.3454545450000026,3.236363636,3.3227272730000053,1.2772727269999962,0.0,0,False
3653,20160816_GW,32.366666667,75.472222222,32.255555556,76.416666667,33.011111111,80.377777778,34.533333333,72.188888889,34.311111111,73.311111111,33.727777778000004,74.577777778,32.122222222,77.633333333,31.072222221999997,74.827777778,48,2016-08-16,GW,8,1,16,Tuesday,False,0,0,1,1,1,1,0,0,0.0,0.0,0.011111110999998175,1.5333333330000016,1.3111111110000024,0.7277777780000037,0.0,0.0,0,False
3654,20160816_IC,31.75,89.79,31.5,87.89,30.33,96.46,31.78,94.8,32.35,90.84,33.53,88.82,31.02,88.36,33.29,87.41,63,2016-08-16,IC,8,1,16,Tuesday,False,0,0,0,0,0,1,0,1,0.0,0.0,0.0,0.0,0.0,0.5300000000000011,0.0,0.28999999999999915,0,False
3655,20160816_JB,33.68,71.606666667,32.933333333,79.393333333,34.206666667,77.48,34.38,75.44,35.146666667,74.28,35.14,73.586666667,33.986666667,77.106666667,33.56,79.113333333,105,2016-08-16,JB,8,1,16,Tuesday,False,1,0,1,1,1,1,1,1,0.6799999999999997,0.0,1.2066666670000004,1.3800000000000026,2.146666666999998,2.1400000000000006,0.9866666670000015,0.5600000000000023,0,False
3656,20160816_JJ,32.55,69.45,33.05,72.2,32.95,72.1,33.0,68.65,32.9,71.85,32.2,73.45,31.45,80.3,31.6,80.4,15,2016-08-16,JJ,8,1,16,Tuesday,False,0,1,0,0,0,0,0,0,0.0,0.04999999999999716,0.0,0.0,0.0,0.0,0.0,0.0,0,False
3657,20160816_JN,33.704545455,75.613636364,32.827272727,82.44090909100001,34.3,78.536363636,35.240909091,74.31363636399999,35.7,75.35,35.859090909,75.7,33.822727273000005,81.19090909100001,32.763636364,84.454545455,76,2016-08-16,JN,8,1,16,Tuesday,False,1,0,1,1,1,1,1,0,0.7045454550000017,0.0,1.2999999999999972,2.240909090999999,2.700000000000003,2.8590909090000025,0.8227272730000053,0.0,0,False
3658,20160816_SU,34.9,64.9,34.0,65.5,31.8,74.0,35.1,67.9,35.9,68.3,36.4,64.1,34.8,66.3,33.6,68.3,193,2016-08-16,SU,8,1,16,Tuesday,False,1,1,0,1,1,1,1,1,1.8999999999999986,1.0,0.0,2.1000000000000014,2.8999999999999986,3.3999999999999986,1.7999999999999972,0.6000000000000014,0,False
3659,20160816_US,30.2,86.5,33.8,83.6,34.9,73.4,35.7,75.9,35.3,83.9,34.7,82.4,32.6,83.0,30.1,84.0,18,2016-08-16,US,8,1,16,Tuesday,False,0,1,1,1,1,1,0,0,0.0,0.7999999999999972,1.8999999999999986,2.700000000000003,2.299999999999997,1.7000000000000028,0.0,0.0,0,False
3660,20160817_BS,32.3,70.3,30.9,80.3,36.6,75.0,37.3,63.8,35.3,66.1,34.5,72.1,34.8,72.1,32.2,71.6,95,2016-08-17,BS,8,2,17,Wednesday,False,0,0,1,1,1,1,1,0,0.0,0.0,3.6000000000000014,4.299999999999997,2.299999999999997,1.5,1.7999999999999972,0.0,0,False
3661,20160817_CB,34.113333333,63.14,34.32,61.373333333000005,34.333333333,67.006666667,33.713333333,72.693333333,34.526666667,68.226666667,35.22,65.306666667,35.113333333,66.793333333,34.24,69.72,35,2016-08-17,CB,8,2,17,Wednesday,False,1,1,1,1,1,1,1,1,1.113333333,1.3200000000000003,1.3333333329999988,0.7133333330000013,1.5266666670000006,2.219999999999999,2.113333333,1.240000000000002,0,False
3662,20160817_CN,33.95625,77.6375,34.21875,72.8125,33.55625,79.3625,33.50625,83.20625,34.03125,80.93125,34.78125,77.31875,34.85,77.70625,33.63125,81.60625,49,2016-08-17,CN,8,2,17,Wednesday,False,1,1,1,1,1,1,1,1,0.9562499999999972,1.21875,0.5562499999999986,0.5062500000000014,1.03125,1.78125,1.8500000000000014,0.6312500000000014,0,False
3663,20160817_DG,35.2,66.5,32.8,65.0,36.0,61.9,37.0,54.8,38.1,51.1,37.7,58.5,37.8,61.0,35.4,62.6,68,2016-08-17,DG,8,2,17,Wednesday,False,1,0,1,1,1,1,1,1,2.200000000000003,0.0,3.0,4.0,5.100000000000001,4.700000000000003,4.799999999999997,2.3999999999999986,0,False
3664,20160817_DJ,35.1,66.4,35.5,64.1,35.5,70.6,35.0,75.1,36.0,70.6,36.5,67.5,35.6,70.1,34.6,76.4,44,2016-08-17,DJ,8,2,17,Wednesday,False,1,1,1,1,1,1,1,1,2.1000000000000014,2.5,2.5,2.0,3.0,3.5,2.6000000000000014,1.6000000000000014,0,False
3665,20160817_GB,33.383333333,72.954166667,32.608333333000004,72.945833333,34.604166667,73.616666667,35.375,68.15,36.7625,66.258333333,36.404166667,69.758333333,35.8125,71.204166667,34.808333333,72.395833333,69,2016-08-17,GB,8,2,17,Wednesday,False,1,0,1,1,1,1,1,1,0.38333333300000305,0.0,1.6041666670000012,2.375,3.762500000000003,3.4041666669999984,2.8125,1.8083333330000002,0,False
3666,20160817_GG,34.35,71.31666666699999,34.323809524,70.19047619,33.754761905,73.071428571,32.514285714,81.969047619,34.521428571,75.328571429,35.078571429,77.11428571399999,35.519047619,73.264285714,33.988095238,73.11428571399999,185,2016-08-17,GG,8,2,17,Wednesday,False,1,1,1,0,1,1,1,1,1.3500000000000014,1.3238095239999979,0.7547619050000023,0.0,1.5214285710000013,2.078571429,2.5190476189999984,0.9880952379999997,0,False
3667,20160817_GJ,34.1,82.4,34.9,76.0,32.6,85.8,34.9,82.3,35.7,73.1,37.2,72.6,36.7,72.0,34.5,82.6,38,2016-08-17,GJ,8,2,17,Wednesday,False,1,1,0,1,1,1,1,1,1.1000000000000014,1.8999999999999986,0.0,1.8999999999999986,2.700000000000003,4.200000000000003,3.700000000000003,1.5,0,False
3668,20160817_GN,33.595454545,76.213636364,32.659090909,80.277272727,35.118181818000004,76.609090909,36.55,69.904545455,36.345454545,70.445454545,36.236363636,74.136363636,36.322727273000005,74.631818182,34.277272726999996,75.113636364,58,2016-08-17,GN,8,2,17,Wednesday,False,1,0,1,1,1,1,1,1,0.5954545450000026,0.0,2.1181818180000036,3.549999999999997,3.3454545450000026,3.236363636,3.3227272730000053,1.2772727269999962,0,False
3669,20160817_GW,32.361111111,75.027777778,32.366666667,75.472222222,32.255555556,76.416666667,33.011111111,80.377777778,34.533333333,72.188888889,34.311111111,73.311111111,33.727777778000004,74.577777778,32.122222222,77.633333333,33,2016-08-17,GW,8,2,17,Wednesday,False,0,0,0,1,1,1,1,0,0.0,0.0,0.0,0.011111110999998175,1.5333333330000016,1.3111111110000024,0.7277777780000037,0.0,0,False
3670,20160817_IC,32.44,87.33,31.75,89.79,31.5,87.89,30.33,96.46,31.78,94.8,32.35,90.84,33.53,88.82,31.02,88.36,44,2016-08-17,IC,8,2,17,Wednesday,False,0,0,0,0,0,0,1,0,0.0,0.0,0.0,0.0,0.0,0.0,0.5300000000000011,0.0,0,False
3671,20160817_JB,33.233333333000004,73.393333333,33.68,71.606666667,32.933333333,79.393333333,34.206666667,77.48,34.38,75.44,35.146666667,74.28,35.14,73.586666667,33.986666667,77.106666667,73,2016-08-17,JB,8,2,17,Wednesday,False,1,1,0,1,1,1,1,1,0.23333333300000447,0.6799999999999997,0.0,1.2066666670000004,1.3800000000000026,2.146666666999998,2.1400000000000006,0.9866666670000015,0,False
3672,20160817_JJ,32.45,69.0,32.55,69.45,33.05,72.2,32.95,72.1,33.0,68.65,32.9,71.85,32.2,73.45,31.45,80.3,12,2016-08-17,JJ,8,2,17,Wednesday,False,0,0,1,0,0,0,0,0,0.0,0.0,0.04999999999999716,0.0,0.0,0.0,0.0,0.0,0,False
3673,20160817_JN,32.977272727,80.454545455,33.704545455,75.613636364,32.827272727,82.44090909100001,34.3,78.536363636,35.240909091,74.31363636399999,35.7,75.35,35.859090909,75.7,33.822727273000005,81.19090909100001,51,2016-08-17,JN,8,2,17,Wednesday,False,0,1,0,1,1,1,1,1,0.0,0.7045454550000017,0.0,1.2999999999999972,2.240909090999999,2.700000000000003,2.8590909090000025,0.8227272730000053,0,False
3674,20160817_SU,34.7,60.4,34.9,64.9,34.0,65.5,31.8,74.0,35.1,67.9,35.9,68.3,36.4,64.1,34.8,66.3,226,2016-08-17,SU,8,2,17,Wednesday,False,1,1,1,0,1,1,1,1,1.7000000000000028,1.8999999999999986,1.0,0.0,2.1000000000000014,2.8999999999999986,3.3999999999999986,1.7999999999999972,0,False
3675,20160817_US,31.6,83.9,30.2,86.5,33.8,83.6,34.9,73.4,35.7,75.9,35.3,83.9,34.7,82.4,32.6,83.0,20,2016-08-17,US,8,2,17,Wednesday,False,0,0,1,1,1,1,1,0,0.0,0.0,0.7999999999999972,1.8999999999999986,2.700000000000003,2.299999999999997,1.7000000000000028,0.0,0,False
3676,20160818_BS,32.5,71.8,32.3,70.3,30.9,80.3,36.6,75.0,37.3,63.8,35.3,66.1,34.5,72.1,34.8,72.1,77,2016-08-18,BS,8,3,18,Thursday,False,0,0,0,1,1,1,1,1,0.0,0.0,0.0,3.6000000000000014,4.299999999999997,2.299999999999997,1.5,1.7999999999999972,0,False
3677,20160818_CB,34.826666667,64.46,34.113333333,63.14,34.32,61.373333333000005,34.333333333,67.006666667,33.713333333,72.693333333,34.526666667,68.226666667,35.22,65.306666667,35.113333333,66.793333333,30,2016-08-18,CB,8,3,18,Thursday,False,1,1,1,1,1,1,1,1,1.8266666669999978,1.113333333,1.3200000000000003,1.3333333329999988,0.7133333330000013,1.5266666670000006,2.219999999999999,2.113333333,0,False
3678,20160818_CN,33.7625,78.8375,33.95625,77.6375,34.21875,72.8125,33.55625,79.3625,33.50625,83.20625,34.03125,80.93125,34.78125,77.31875,34.85,77.70625,50,2016-08-18,CN,8,3,18,Thursday,False,1,1,1,1,1,1,1,1,0.7625000000000028,0.9562499999999972,1.21875,0.5562499999999986,0.5062500000000014,1.03125,1.78125,1.8500000000000014,0,False
3679,20160818_DG,35.0,64.4,35.2,66.5,32.8,65.0,36.0,61.9,37.0,54.8,38.1,51.1,37.7,58.5,37.8,61.0,65,2016-08-18,DG,8,3,18,Thursday,False,1,1,0,1,1,1,1,1,2.0,2.200000000000003,0.0,3.0,4.0,5.100000000000001,4.700000000000003,4.799999999999997,0,False
3680,20160818_DJ,34.8,70.6,35.1,66.4,35.5,64.1,35.5,70.6,35.0,75.1,36.0,70.6,36.5,67.5,35.6,70.1,40,2016-08-18,DJ,8,3,18,Thursday,False,1,1,1,1,1,1,1,1,1.7999999999999972,2.1000000000000014,2.5,2.5,2.0,3.0,3.5,2.6000000000000014,0,False
3681,20160818_GB,33.55,72.19166666699999,33.383333333,72.954166667,32.608333333000004,72.945833333,34.604166667,73.616666667,35.375,68.15,36.7625,66.258333333,36.404166667,69.758333333,35.8125,71.204166667,83,2016-08-18,GB,8,3,18,Thursday,False,1,1,0,1,1,1,1,1,0.5499999999999972,0.38333333300000305,0.0,1.6041666670000012,2.375,3.762500000000003,3.4041666669999984,2.8125,0,False
3682,20160818_GG,34.469047619,69.561904762,34.35,71.31666666699999,34.323809524,70.19047619,33.754761905,73.071428571,32.514285714,81.969047619,34.521428571,75.328571429,35.078571429,77.11428571399999,35.519047619,73.264285714,181,2016-08-18,GG,8,3,18,Thursday,False,1,1,1,1,0,1,1,1,1.4690476190000012,1.3500000000000014,1.3238095239999979,0.7547619050000023,0.0,1.5214285710000013,2.078571429,2.5190476189999984,0,False
3683,20160818_GJ,34.7,79.3,34.1,82.4,34.9,76.0,32.6,85.8,34.9,82.3,35.7,73.1,37.2,72.6,36.7,72.0,39,2016-08-18,GJ,8,3,18,Thursday,False,1,1,1,0,1,1,1,1,1.7000000000000028,1.1000000000000014,1.8999999999999986,0.0,1.8999999999999986,2.700000000000003,4.200000000000003,3.700000000000003,0,False
3684,20160818_GN,33.822727273000005,73.863636364,33.595454545,76.213636364,32.659090909,80.277272727,35.118181818000004,76.609090909,36.55,69.904545455,36.345454545,70.445454545,36.236363636,74.136363636,36.322727273000005,74.631818182,60,2016-08-18,GN,8,3,18,Thursday,False,1,1,0,1,1,1,1,1,0.8227272730000053,0.5954545450000026,0.0,2.1181818180000036,3.549999999999997,3.3454545450000026,3.236363636,3.3227272730000053,0,False
3685,20160818_GW,32.55,77.266666667,32.361111111,75.027777778,32.366666667,75.472222222,32.255555556,76.416666667,33.011111111,80.377777778,34.533333333,72.188888889,34.311111111,73.311111111,33.727777778000004,74.577777778,41,2016-08-18,GW,8,3,18,Thursday,False,0,0,0,0,1,1,1,1,0.0,0.0,0.0,0.0,0.011111110999998175,1.5333333330000016,1.3111111110000024,0.7277777780000037,0,False
3686,20160818_IC,32.77,83.81,32.44,87.33,31.75,89.79,31.5,87.89,30.33,96.46,31.78,94.8,32.35,90.84,33.53,88.82,39,2016-08-18,IC,8,3,18,Thursday,False,0,0,0,0,0,0,0,1,0.0,0.0,0.0,0.0,0.0,0.0,0.0,0.5300000000000011,0,False
3687,20160818_JB,34.106666667,76.593333333,33.233333333000004,73.393333333,33.68,71.606666667,32.933333333,79.393333333,34.206666667,77.48,34.38,75.44,35.146666667,74.28,35.14,73.586666667,90,2016-08-18,JB,8,3,18,Thursday,False,1,1,1,0,1,1,1,1,1.106666666999999,0.23333333300000447,0.6799999999999997,0.0,1.2066666670000004,1.3800000000000026,2.146666666999998,2.1400000000000006,0,False
3688,20160818_JJ,31.95,76.6,32.45,69.0,32.55,69.45,33.05,72.2,32.95,72.1,33.0,68.65,32.9,71.85,32.2,73.45,12,2016-08-18,JJ,8,3,18,Thursday,False,0,0,0,1,0,0,0,0,0.0,0.0,0.0,0.04999999999999716,0.0,0.0,0.0,0.0,0,False
3689,20160818_JN,33.890909091,77.01363636399999,32.977272727,80.454545455,33.704545455,75.613636364,32.827272727,82.44090909100001,34.3,78.536363636,35.240909091,74.31363636399999,35.7,75.35,35.859090909,75.7,70,2016-08-18,JN,8,3,18,Thursday,False,1,0,1,0,1,1,1,1,0.8909090909999975,0.0,0.7045454550000017,0.0,1.2999999999999972,2.240909090999999,2.700000000000003,2.8590909090000025,0,False
3690,20160818_SU,34.3,61.9,34.7,60.4,34.9,64.9,34.0,65.5,31.8,74.0,35.1,67.9,35.9,68.3,36.4,64.1,219,2016-08-18,SU,8,3,18,Thursday,False,1,1,1,1,0,1,1,1,1.2999999999999972,1.7000000000000028,1.8999999999999986,1.0,0.0,2.1000000000000014,2.8999999999999986,3.3999999999999986,0,False
3691,20160818_US,30.8,83.6,31.6,83.9,30.2,86.5,33.8,83.6,34.9,73.4,35.7,75.9,35.3,83.9,34.7,82.4,10,2016-08-18,US,8,3,18,Thursday,False,0,0,0,1,1,1,1,1,0.0,0.0,0.0,0.7999999999999972,1.8999999999999986,2.700000000000003,2.299999999999997,1.7000000000000028,0,False
3692,20160819_BS,32.7,71.1,32.5,71.8,32.3,70.3,30.9,80.3,36.6,75.0,37.3,63.8,35.3,66.1,34.5,72.1,77,2016-08-19,BS,8,4,19,Friday,False,0,0,0,0,1,1,1,1,0.0,0.0,0.0,0.0,3.6000000000000014,4.299999999999997,2.299999999999997,1.5,0,False
3693,20160819_CB,35.293333333,61.733333333000004,34.826666667,64.46,34.113333333,63.14,34.32,61.373333333000005,34.333333333,67.006666667,33.713333333,72.693333333,34.526666667,68.226666667,35.22,65.306666667,36,2016-08-19,CB,8,4,19,Friday,False,1,1,1,1,1,1,1,1,2.2933333329999996,1.8266666669999978,1.113333333,1.3200000000000003,1.3333333329999988,0.7133333330000013,1.5266666670000006,2.219999999999999,0,False
3694,20160819_CN,33.86875,79.0,33.7625,78.8375,33.95625,77.6375,34.21875,72.8125,33.55625,79.3625,33.50625,83.20625,34.03125,80.93125,34.78125,77.31875,45,2016-08-19,CN,8,4,19,Friday,False,1,1,1,1,1,1,1,1,0.8687499999999986,0.7625000000000028,0.9562499999999972,1.21875,0.5562499999999986,0.5062500000000014,1.03125,1.78125,0,False
3695,20160819_DG,34.6,63.5,35.0,64.4,35.2,66.5,32.8,65.0,36.0,61.9,37.0,54.8,38.1,51.1,37.7,58.5,51,2016-08-19,DG,8,4,19,Friday,False,1,1,1,0,1,1,1,1,1.6000000000000014,2.0,2.200000000000003,0.0,3.0,4.0,5.100000000000001,4.700000000000003,0,False
3696,20160819_DJ,37.3,66.5,34.8,70.6,35.1,66.4,35.5,64.1,35.5,70.6,35.0,75.1,36.0,70.6,36.5,67.5,42,2016-08-19,DJ,8,4,19,Friday,False,1,1,1,1,1,1,1,1,4.299999999999997,1.7999999999999972,2.1000000000000014,2.5,2.5,2.0,3.0,3.5,0,False
3697,20160819_GB,33.75,69.12083333300001,33.55,72.19166666699999,33.383333333,72.954166667,32.608333333000004,72.945833333,34.604166667,73.616666667,35.375,68.15,36.7625,66.258333333,36.404166667,69.758333333,64,2016-08-19,GB,8,4,19,Friday,False,1,1,1,0,1,1,1,1,0.75,0.5499999999999972,0.38333333300000305,0.0,1.6041666670000012,2.375,3.762500000000003,3.4041666669999984,0,False
3698,20160819_GG,33.404761905,73.992857143,34.469047619,69.561904762,34.35,71.31666666699999,34.323809524,70.19047619,33.754761905,73.071428571,32.514285714,81.969047619,34.521428571,75.328571429,35.078571429,77.11428571399999,163,2016-08-19,GG,8,4,19,Friday,False,1,1,1,1,1,0,1,1,0.40476190500000087,1.4690476190000012,1.3500000000000014,1.3238095239999979,0.7547619050000023,0.0,1.5214285710000013,2.078571429,0,False
3699,20160819_GJ,34.8,73.4,34.7,79.3,34.1,82.4,34.9,76.0,32.6,85.8,34.9,82.3,35.7,73.1,37.2,72.6,30,2016-08-19,GJ,8,4,19,Friday,False,1,1,1,1,0,1,1,1,1.7999999999999972,1.7000000000000028,1.1000000000000014,1.8999999999999986,0.0,1.8999999999999986,2.700000000000003,4.200000000000003,0,False
3700,20160819_GN,34.359090909,71.695454545,33.822727273000005,73.863636364,33.595454545,76.213636364,32.659090909,80.277272727,35.118181818000004,76.609090909,36.55,69.904545455,36.345454545,70.445454545,36.236363636,74.136363636,64,2016-08-19,GN,8,4,19,Friday,False,1,1,1,0,1,1,1,1,1.3590909090000025,0.8227272730000053,0.5954545450000026,0.0,2.1181818180000036,3.549999999999997,3.3454545450000026,3.236363636,0,False
3701,20160819_GW,32.183333333,76.7,32.55,77.266666667,32.361111111,75.027777778,32.366666667,75.472222222,32.255555556,76.416666667,33.011111111,80.377777778,34.533333333,72.188888889,34.311111111,73.311111111,32,2016-08-19,GW,8,4,19,Friday,False,0,0,0,0,0,1,1,1,0.0,0.0,0.0,0.0,0.0,0.011111110999998175,1.5333333330000016,1.3111111110000024,0,False
3702,20160819_IC,31.87,87.1,32.77,83.81,32.44,87.33,31.75,89.79,31.5,87.89,30.33,96.46,31.78,94.8,32.35,90.84,38,2016-08-19,IC,8,4,19,Friday,False,0,0,0,0,0,0,0,0,0.0,0.0,0.0,0.0,0.0,0.0,0.0,0.0,0,False
3703,20160819_JB,34.693333333000005,71.813333333,34.106666667,76.593333333,33.233333333000004,73.393333333,33.68,71.606666667,32.933333333,79.393333333,34.206666667,77.48,34.38,75.44,35.146666667,74.28,68,2016-08-19,JB,8,4,19,Friday,False,1,1,1,1,0,1,1,1,1.6933333330000053,1.106666666999999,0.23333333300000447,0.6799999999999997,0.0,1.2066666670000004,1.3800000000000026,2.146666666999998,0,False
3704,20160819_JJ,31.6,81.15,31.95,76.6,32.45,69.0,32.55,69.45,33.05,72.2,32.95,72.1,33.0,68.65,32.9,71.85,23,2016-08-19,JJ,8,4,19,Friday,False,0,0,0,0,1,0,0,0,0.0,0.0,0.0,0.0,0.04999999999999716,0.0,0.0,0.0,0,False
3705,20160819_JN,33.836363636,74.790909091,33.890909091,77.01363636399999,32.977272727,80.454545455,33.704545455,75.613636364,32.827272727,82.44090909100001,34.3,78.536363636,35.240909091,74.31363636399999,35.7,75.35,59,2016-08-19,JN,8,4,19,Friday,False,1,1,0,1,0,1,1,1,0.8363636360000015,0.8909090909999975,0.0,0.7045454550000017,0.0,1.2999999999999972,2.240909090999999,2.700000000000003,0,False
3706,20160819_SU,33.2,69.5,34.3,61.9,34.7,60.4,34.9,64.9,34.0,65.5,31.8,74.0,35.1,67.9,35.9,68.3,221,2016-08-19,SU,8,4,19,Friday,False,1,1,1,1,1,0,1,1,0.20000000000000284,1.2999999999999972,1.7000000000000028,1.8999999999999986,1.0,0.0,2.1000000000000014,2.8999999999999986,0,False
3707,20160819_US,31.3,82.8,30.8,83.6,31.6,83.9,30.2,86.5,33.8,83.6,34.9,73.4,35.7,75.9,35.3,83.9,12,2016-08-19,US,8,4,19,Friday,False,0,0,0,0,1,1,1,1,0.0,0.0,0.0,0.0,0.7999999999999972,1.8999999999999986,2.700000000000003,2.299999999999997,0,False
3708,20160820_BS,31.7,68.0,32.7,71.1,32.5,71.8,32.3,70.3,30.9,80.3,36.6,75.0,37.3,63.8,35.3,66.1,16,2016-08-20,BS,8,5,20,Saturday,False,0,0,0,0,0,1,1,1,0.0,0.0,0.0,0.0,0.0,3.6000000000000014,4.299999999999997,2.299999999999997,0,True
3709,20160820_CB,36.04,53.053333333000005,35.293333333,61.733333333000004,34.826666667,64.46,34.113333333,63.14,34.32,61.373333333000005,34.333333333,67.006666667,33.713333333,72.693333333,34.526666667,68.226666667,17,2016-08-20,CB,8,5,20,Saturday,False,1,1,1,1,1,1,1,1,3.039999999999999,2.2933333329999996,1.8266666669999978,1.113333333,1.3200000000000003,1.3333333329999988,0.7133333330000013,1.5266666670000006,0,True
3710,20160820_CN,35.2625,75.975,33.86875,79.0,33.7625,78.8375,33.95625,77.6375,34.21875,72.8125,33.55625,79.3625,33.50625,83.20625,34.03125,80.93125,13,2016-08-20,CN,8,5,20,Saturday,False,1,1,1,1,1,1,1,1,2.262500000000003,0.8687499999999986,0.7625000000000028,0.9562499999999972,1.21875,0.5562499999999986,0.5062500000000014,1.03125,0,True
3711,20160820_DG,33.6,62.5,34.6,63.5,35.0,64.4,35.2,66.5,32.8,65.0,36.0,61.9,37.0,54.8,38.1,51.1,16,2016-08-20,DG,8,5,20,Saturday,False,1,1,1,1,0,1,1,1,0.6000000000000014,1.6000000000000014,2.0,2.200000000000003,0.0,3.0,4.0,5.100000000000001,0,True
3712,20160820_DJ,37.6,56.4,37.3,66.5,34.8,70.6,35.1,66.4,35.5,64.1,35.5,70.6,35.0,75.1,36.0,70.6,9,2016-08-20,DJ,8,5,20,Saturday,False,1,1,1,1,1,1,1,1,4.600000000000001,4.299999999999997,1.7999999999999972,2.1000000000000014,2.5,2.5,2.0,3.0,0,True
3713,20160820_GB,33.45,67.9625,33.75,69.12083333300001,33.55,72.19166666699999,33.383333333,72.954166667,32.608333333000004,72.945833333,34.604166667,73.616666667,35.375,68.15,36.7625,66.258333333,22,2016-08-20,GB,8,5,20,Saturday,False,1,1,1,1,0,1,1,1,0.45000000000000284,0.75,0.5499999999999972,0.38333333300000305,0.0,1.6041666670000012,2.375,3.762500000000003,0,True
3714,20160820_GG,34.869047619,65.70952381,33.404761905,73.992857143,34.469047619,69.561904762,34.35,71.31666666699999,34.323809524,70.19047619,33.754761905,73.071428571,32.514285714,81.969047619,34.521428571,75.328571429,52,2016-08-20,GG,8,5,20,Saturday,False,1,1,1,1,1,1,0,1,1.8690476189999998,0.40476190500000087,1.4690476190000012,1.3500000000000014,1.3238095239999979,0.7547619050000023,0.0,1.5214285710000013,0,True
3715,20160820_GJ,35.9,76.3,34.8,73.4,34.7,79.3,34.1,82.4,34.9,76.0,32.6,85.8,34.9,82.3,35.7,73.1,13,2016-08-20,GJ,8,5,20,Saturday,False,1,1,1,1,1,0,1,1,2.8999999999999986,1.7999999999999972,1.7000000000000028,1.1000000000000014,1.8999999999999986,0.0,1.8999999999999986,2.700000000000003,0,True
3716,20160820_GN,34.122727273,68.18636363600001,34.359090909,71.695454545,33.822727273000005,73.863636364,33.595454545,76.213636364,32.659090909,80.277272727,35.118181818000004,76.609090909,36.55,69.904545455,36.345454545,70.445454545,19,2016-08-20,GN,8,5,20,Saturday,False,1,1,1,1,0,1,1,1,1.1227272730000024,1.3590909090000025,0.8227272730000053,0.5954545450000026,0.0,2.1181818180000036,3.549999999999997,3.3454545450000026,0,True
3717,20160820_GW,33.233333333000004,71.116666667,32.183333333,76.7,32.55,77.266666667,32.361111111,75.027777778,32.366666667,75.472222222,32.255555556,76.416666667,33.011111111,80.377777778,34.533333333,72.188888889,6,2016-08-20,GW,8,5,20,Saturday,False,1,0,0,0,0,0,1,1,0.23333333300000447,0.0,0.0,0.0,0.0,0.0,0.011111110999998175,1.5333333330000016,0,True
3718,20160820_IC,33.91,84.61,31.87,87.1,32.77,83.81,32.44,87.33,31.75,89.79,31.5,87.89,30.33,96.46,31.78,94.8,12,2016-08-20,IC,8,5,20,Saturday,False,1,0,0,0,0,0,0,0,0.9099999999999966,0.0,0.0,0.0,0.0,0.0,0.0,0.0,0,True
3719,20160820_JB,35.32,71.966666667,34.693333333000005,71.813333333,34.106666667,76.593333333,33.233333333000004,73.393333333,33.68,71.606666667,32.933333333,79.393333333,34.206666667,77.48,34.38,75.44,23,2016-08-20,JB,8,5,20,Saturday,False,1,1,1,1,1,0,1,1,2.3200000000000003,1.6933333330000053,1.106666666999999,0.23333333300000447,0.6799999999999997,0.0,1.2066666670000004,1.3800000000000026,0,True
3720,20160820_JJ,32.05,76.25,31.6,81.15,31.95,76.6,32.45,69.0,32.55,69.45,33.05,72.2,32.95,72.1,33.0,68.65,2,2016-08-20,JJ,8,5,20,Saturday,False,0,0,0,0,0,1,0,0,0.0,0.0,0.0,0.0,0.0,0.04999999999999716,0.0,0.0,0,True
3721,20160820_JN,34.081818182,76.068181818,33.836363636,74.790909091,33.890909091,77.01363636399999,32.977272727,80.454545455,33.704545455,75.613636364,32.827272727,82.44090909100001,34.3,78.536363636,35.240909091,74.31363636399999,17,2016-08-20,JN,8,5,20,Saturday,False,1,1,1,0,1,0,1,1,1.0818181819999992,0.8363636360000015,0.8909090909999975,0.0,0.7045454550000017,0.0,1.2999999999999972,2.240909090999999,0,True
3722,20160820_SU,34.9,59.0,33.2,69.5,34.3,61.9,34.7,60.4,34.9,64.9,34.0,65.5,31.8,74.0,35.1,67.9,47,2016-08-20,SU,8,5,20,Saturday,False,1,1,1,1,1,1,0,1,1.8999999999999986,0.20000000000000284,1.2999999999999972,1.7000000000000028,1.8999999999999986,1.0,0.0,2.1000000000000014,0,True
3723,20160820_US,30.6,78.6,31.3,82.8,30.8,83.6,31.6,83.9,30.2,86.5,33.8,83.6,34.9,73.4,35.7,75.9,3,2016-08-20,US,8,5,20,Saturday,False,0,0,0,0,0,1,1,1,0.0,0.0,0.0,0.0,0.0,0.7999999999999972,1.8999999999999986,2.700000000000003,0,True
3724,20160821_BS,33.3,68.4,31.7,68.0,32.7,71.1,32.5,71.8,32.3,70.3,30.9,80.3,36.6,75.0,37.3,63.8,1,2016-08-21,BS,8,6,21,Sunday,False,1,0,0,0,0,0,1,1,0.29999999999999716,0.0,0.0,0.0,0.0,0.0,3.6000000000000014,4.299999999999997,0,True
3725,20160821_CB,34.446666666999995,54.26,36.04,53.053333333000005,35.293333333,61.733333333000004,34.826666667,64.46,34.113333333,63.14,34.32,61.373333333000005,34.333333333,67.006666667,33.713333333,72.693333333,1,2016-08-21,CB,8,6,21,Sunday,False,1,1,1,1,1,1,1,1,1.4466666669999952,3.039999999999999,2.2933333329999996,1.8266666669999978,1.113333333,1.3200000000000003,1.3333333329999988,0.7133333330000013,0,True
3726,20160821_CN,33.8625,69.56875,35.2625,75.975,33.86875,79.0,33.7625,78.8375,33.95625,77.6375,34.21875,72.8125,33.55625,79.3625,33.50625,83.20625,2,2016-08-21,CN,8,6,21,Sunday,False,1,1,1,1,1,1,1,1,0.8624999999999972,2.262500000000003,0.8687499999999986,0.7625000000000028,0.9562499999999972,1.21875,0.5562499999999986,0.5062500000000014,0,True
3727,20160821_DG,33.9,60.8,33.6,62.5,34.6,63.5,35.0,64.4,35.2,66.5,32.8,65.0,36.0,61.9,37.0,54.8,0,2016-08-21,DG,8,6,21,Sunday,False,1,1,1,1,1,0,1,1,0.8999999999999986,0.6000000000000014,1.6000000000000014,2.0,2.200000000000003,0.0,3.0,4.0,0,True
3728,20160821_DJ,34.9,56.6,37.6,56.4,37.3,66.5,34.8,70.6,35.1,66.4,35.5,64.1,35.5,70.6,35.0,75.1,2,2016-08-21,DJ,8,6,21,Sunday,False,1,1,1,1,1,1,1,1,1.8999999999999986,4.600000000000001,4.299999999999997,1.7999999999999972,2.1000000000000014,2.5,2.5,2.0,0,True
3729,20160821_GB,33.366666667,68.845833333,33.45,67.9625,33.75,69.12083333300001,33.55,72.19166666699999,33.383333333,72.954166667,32.608333333000004,72.945833333,34.604166667,73.616666667,35.375,68.15,3,2016-08-21,GB,8,6,21,Sunday,False,1,1,1,1,1,0,1,1,0.36666666699999695,0.45000000000000284,0.75,0.5499999999999972,0.38333333300000305,0.0,1.6041666670000012,2.375,0,True
3730,20160821_GG,35.702380952,61.61904761899999,34.869047619,65.70952381,33.404761905,73.992857143,34.469047619,69.561904762,34.35,71.31666666699999,34.323809524,70.19047619,33.754761905,73.071428571,32.514285714,81.969047619,5,2016-08-21,GG,8,6,21,Sunday,False,1,1,1,1,1,1,1,0,2.7023809519999986,1.8690476189999998,0.40476190500000087,1.4690476190000012,1.3500000000000014,1.3238095239999979,0.7547619050000023,0.0,0,True
3731,20160821_GJ,35.9,73.0,35.9,76.3,34.8,73.4,34.7,79.3,34.1,82.4,34.9,76.0,32.6,85.8,34.9,82.3,0,2016-08-21,GJ,8,6,21,Sunday,False,1,1,1,1,1,1,0,1,2.8999999999999986,2.8999999999999986,1.7999999999999972,1.7000000000000028,1.1000000000000014,1.8999999999999986,0.0,1.8999999999999986,0,True
3732,20160821_GN,34.159090909,68.1,34.122727273,68.18636363600001,34.359090909,71.695454545,33.822727273000005,73.863636364,33.595454545,76.213636364,32.659090909,80.277272727,35.118181818000004,76.609090909,36.55,69.904545455,6,2016-08-21,GN,8,6,21,Sunday,False,1,1,1,1,1,0,1,1,1.1590909089999997,1.1227272730000024,1.3590909090000025,0.8227272730000053,0.5954545450000026,0.0,2.1181818180000036,3.549999999999997,0,True
3733,20160821_GW,32.333333333,73.4,33.233333333000004,71.116666667,32.183333333,76.7,32.55,77.266666667,32.361111111,75.027777778,32.366666667,75.472222222,32.255555556,76.416666667,33.011111111,80.377777778,0,2016-08-21,GW,8,6,21,Sunday,False,0,1,0,0,0,0,0,1,0.0,0.23333333300000447,0.0,0.0,0.0,0.0,0.0,0.011111110999998175,0,True
3734,20160821_IC,33.88,75.64,33.91,84.61,31.87,87.1,32.77,83.81,32.44,87.33,31.75,89.79,31.5,87.89,30.33,96.46,0,2016-08-21,IC,8,6,21,Sunday,False,1,1,0,0,0,0,0,0,0.8800000000000026,0.9099999999999966,0.0,0.0,0.0,0.0,0.0,0.0,0,True
3735,20160821_JB,34.74,66.56666666699999,35.32,71.966666667,34.693333333000005,71.813333333,34.106666667,76.593333333,33.233333333000004,73.393333333,33.68,71.606666667,32.933333333,79.393333333,34.206666667,77.48,2,2016-08-21,JB,8,6,21,Sunday,False,1,1,1,1,1,1,0,1,1.740000000000002,2.3200000000000003,1.6933333330000053,1.106666666999999,0.23333333300000447,0.6799999999999997,0.0,1.2066666670000004,0,True
3736,20160821_JJ,31.9,72.1,32.05,76.25,31.6,81.15,31.95,76.6,32.45,69.0,32.55,69.45,33.05,72.2,32.95,72.1,1,2016-08-21,JJ,8,6,21,Sunday,False,0,0,0,0,0,0,1,0,0.0,0.0,0.0,0.0,0.0,0.0,0.04999999999999716,0.0,0,True
3737,20160821_JN,34.213636364,73.540909091,34.081818182,76.068181818,33.836363636,74.790909091,33.890909091,77.01363636399999,32.977272727,80.454545455,33.704545455,75.613636364,32.827272727,82.44090909100001,34.3,78.536363636,2,2016-08-21,JN,8,6,21,Sunday,False,1,1,1,1,0,1,0,1,1.2136363640000027,1.0818181819999992,0.8363636360000015,0.8909090909999975,0.0,0.7045454550000017,0.0,1.2999999999999972,0,True
3738,20160821_SU,36.6,57.5,34.9,59.0,33.2,69.5,34.3,61.9,34.7,60.4,34.9,64.9,34.0,65.5,31.8,74.0,9,2016-08-21,SU,8,6,21,Sunday,False,1,1,1,1,1,1,1,0,3.6000000000000014,1.8999999999999986,0.20000000000000284,1.2999999999999972,1.7000000000000028,1.8999999999999986,1.0,0.0,0,True
3739,20160821_US,30.8,81.1,30.6,78.6,31.3,82.8,30.8,83.6,31.6,83.9,30.2,86.5,33.8,83.6,34.9,73.4,2,2016-08-21,US,8,6,21,Sunday,False,0,0,0,0,0,0,1,1,0.0,0.0,0.0,0.0,0.0,0.0,0.7999999999999972,1.8999999999999986,0,True
3740,20160822_BS,32.5,70.1,33.3,68.4,31.7,68.0,32.7,71.1,32.5,71.8,32.3,70.3,30.9,80.3,36.6,75.0,68,2016-08-22,BS,8,0,22,Monday,False,0,1,0,0,0,0,0,1,0.0,0.29999999999999716,0.0,0.0,0.0,0.0,0.0,3.6000000000000014,0,False
3741,20160822_CB,35.193333333000005,59.0,34.446666666999995,54.26,36.04,53.053333333000005,35.293333333,61.733333333000004,34.826666667,64.46,34.113333333,63.14,34.32,61.373333333000005,34.333333333,67.006666667,43,2016-08-22,CB,8,0,22,Monday,False,1,1,1,1,1,1,1,1,2.1933333330000053,1.4466666669999952,3.039999999999999,2.2933333329999996,1.8266666669999978,1.113333333,1.3200000000000003,1.3333333329999988,0,False
3742,20160822_CN,34.68125,74.58125,33.8625,69.56875,35.2625,75.975,33.86875,79.0,33.7625,78.8375,33.95625,77.6375,34.21875,72.8125,33.55625,79.3625,63,2016-08-22,CN,8,0,22,Monday,False,1,1,1,1,1,1,1,1,1.6812499999999986,0.8624999999999972,2.262500000000003,0.8687499999999986,0.7625000000000028,0.9562499999999972,1.21875,0.5562499999999986,0,False
3743,20160822_DG,34.6,65.3,33.9,60.8,33.6,62.5,34.6,63.5,35.0,64.4,35.2,66.5,32.8,65.0,36.0,61.9,81,2016-08-22,DG,8,0,22,Monday,False,1,1,1,1,1,1,0,1,1.6000000000000014,0.8999999999999986,0.6000000000000014,1.6000000000000014,2.0,2.200000000000003,0.0,3.0,0,False
3744,20160822_DJ,36.7,61.5,34.9,56.6,37.6,56.4,37.3,66.5,34.8,70.6,35.1,66.4,35.5,64.1,35.5,70.6,33,2016-08-22,DJ,8,0,22,Monday,False,1,1,1,1,1,1,1,1,3.700000000000003,1.8999999999999986,4.600000000000001,4.299999999999997,1.7999999999999972,2.1000000000000014,2.5,2.5,0,False
3745,20160822_GB,33.379166667,70.291666667,33.366666667,68.845833333,33.45,67.9625,33.75,69.12083333300001,33.55,72.19166666699999,33.383333333,72.954166667,32.608333333000004,72.945833333,34.604166667,73.616666667,72,2016-08-22,GB,8,0,22,Monday,False,1,1,1,1,1,1,0,1,0.3791666669999998,0.36666666699999695,0.45000000000000284,0.75,0.5499999999999972,0.38333333300000305,0.0,1.6041666670000012,0,False
3746,20160822_GG,35.107142857,68.592857143,35.702380952,61.61904761899999,34.869047619,65.70952381,33.404761905,73.992857143,34.469047619,69.561904762,34.35,71.31666666699999,34.323809524,70.19047619,33.754761905,73.071428571,201,2016-08-22,GG,8,0,22,Monday,False,1,1,1,1,1,1,1,1,2.1071428569999995,2.7023809519999986,1.8690476189999998,0.40476190500000087,1.4690476190000012,1.3500000000000014,1.3238095239999979,0.7547619050000023,0,False
3747,20160822_GJ,35.7,76.3,35.9,73.0,35.9,76.3,34.8,73.4,34.7,79.3,34.1,82.4,34.9,76.0,32.6,85.8,44,2016-08-22,GJ,8,0,22,Monday,False,1,1,1,1,1,1,1,0,2.700000000000003,2.8999999999999986,2.8999999999999986,1.7999999999999972,1.7000000000000028,1.1000000000000014,1.8999999999999986,0.0,0,False
3748,20160822_GN,34.990909091,70.118181818,34.159090909,68.1,34.122727273,68.18636363600001,34.359090909,71.695454545,33.822727273000005,73.863636364,33.595454545,76.213636364,32.659090909,80.277272727,35.118181818000004,76.609090909,78,2016-08-22,GN,8,0,22,Monday,False,1,1,1,1,1,1,0,1,1.990909090999999,1.1590909089999997,1.1227272730000024,1.3590909090000025,0.8227272730000053,0.5954545450000026,0.0,2.1181818180000036,0,False
3749,20160822_GW,32.566666667,73.06666666699999,32.333333333,73.4,33.233333333000004,71.116666667,32.183333333,76.7,32.55,77.266666667,32.361111111,75.027777778,32.366666667,75.472222222,32.255555556,76.416666667,36,2016-08-22,GW,8,0,22,Monday,False,0,0,1,0,0,0,0,0,0.0,0.0,0.23333333300000447,0.0,0.0,0.0,0.0,0.0,0,False
3750,20160822_IC,33.63,85.55,33.88,75.64,33.91,84.61,31.87,87.1,32.77,83.81,32.44,87.33,31.75,89.79,31.5,87.89,50,2016-08-22,IC,8,0,22,Monday,False,1,1,1,0,0,0,0,0,0.6300000000000026,0.8800000000000026,0.9099999999999966,0.0,0.0,0.0,0.0,0.0,0,False
3751,20160822_JB,34.633333333,71.38,34.74,66.56666666699999,35.32,71.966666667,34.693333333000005,71.813333333,34.106666667,76.593333333,33.233333333000004,73.393333333,33.68,71.606666667,32.933333333,79.393333333,87,2016-08-22,JB,8,0,22,Monday,False,1,1,1,1,1,1,1,0,1.633333333000003,1.740000000000002,2.3200000000000003,1.6933333330000053,1.106666666999999,0.23333333300000447,0.6799999999999997,0.0,0,False
3752,20160822_JJ,32.4,74.45,31.9,72.1,32.05,76.25,31.6,81.15,31.95,76.6,32.45,69.0,32.55,69.45,33.05,72.2,17,2016-08-22,JJ,8,0,22,Monday,False,0,0,0,0,0,0,0,1,0.0,0.0,0.0,0.0,0.0,0.0,0.0,0.04999999999999716,0,False
3753,20160822_JN,34.172727273,77.863636364,34.213636364,73.540909091,34.081818182,76.068181818,33.836363636,74.790909091,33.890909091,77.01363636399999,32.977272727,80.454545455,33.704545455,75.613636364,32.827272727,82.44090909100001,70,2016-08-22,JN,8,0,22,Monday,False,1,1,1,1,1,0,1,0,1.1727272729999996,1.2136363640000027,1.0818181819999992,0.8363636360000015,0.8909090909999975,0.0,0.7045454550000017,0.0,0,False
3754,20160822_SU,36.3,58.0,36.6,57.5,34.9,59.0,33.2,69.5,34.3,61.9,34.7,60.4,34.9,64.9,34.0,65.5,246,2016-08-22,SU,8,0,22,Monday,False,1,1,1,1,1,1,1,1,3.299999999999997,3.6000000000000014,1.8999999999999986,0.20000000000000284,1.2999999999999972,1.7000000000000028,1.8999999999999986,1.0,0,False
3755,20160822_US,31.6,82.8,30.8,81.1,30.6,78.6,31.3,82.8,30.8,83.6,31.6,83.9,30.2,86.5,33.8,83.6,19,2016-08-22,US,8,0,22,Monday,False,0,0,0,0,0,0,0,1,0.0,0.0,0.0,0.0,0.0,0.0,0.0,0.7999999999999972,0,False
3756,20160823_BS,31.2,70.3,32.5,70.1,33.3,68.4,31.7,68.0,32.7,71.1,32.5,71.8,32.3,70.3,30.9,80.3,94,2016-08-23,BS,8,1,23,Tuesday,False,0,0,1,0,0,0,0,0,0.0,0.0,0.29999999999999716,0.0,0.0,0.0,0.0,0.0,0,False
3757,20160823_CB,33.46,64.146666667,35.193333333000005,59.0,34.446666666999995,54.26,36.04,53.053333333000005,35.293333333,61.733333333000004,34.826666667,64.46,34.113333333,63.14,34.32,61.373333333000005,31,2016-08-23,CB,8,1,23,Tuesday,False,1,1,1,1,1,1,1,1,0.46000000000000085,2.1933333330000053,1.4466666669999952,3.039999999999999,2.2933333329999996,1.8266666669999978,1.113333333,1.3200000000000003,0,False
3758,20160823_CN,32.425,81.925,34.68125,74.58125,33.8625,69.56875,35.2625,75.975,33.86875,79.0,33.7625,78.8375,33.95625,77.6375,34.21875,72.8125,63,2016-08-23,CN,8,1,23,Tuesday,False,0,1,1,1,1,1,1,1,0.0,1.6812499999999986,0.8624999999999972,2.262500000000003,0.8687499999999986,0.7625000000000028,0.9562499999999972,1.21875,0,False
3759,20160823_DG,32.5,64.4,34.6,65.3,33.9,60.8,33.6,62.5,34.6,63.5,35.0,64.4,35.2,66.5,32.8,65.0,72,2016-08-23,DG,8,1,23,Tuesday,False,0,1,1,1,1,1,1,0,0.0,1.6000000000000014,0.8999999999999986,0.6000000000000014,1.6000000000000014,2.0,2.200000000000003,0.0,0,False
3760,20160823_DJ,33.4,74.3,36.7,61.5,34.9,56.6,37.6,56.4,37.3,66.5,34.8,70.6,35.1,66.4,35.5,64.1,26,2016-08-23,DJ,8,1,23,Tuesday,False,1,1,1,1,1,1,1,1,0.3999999999999986,3.700000000000003,1.8999999999999986,4.600000000000001,4.299999999999997,1.7999999999999972,2.1000000000000014,2.5,0,False
3761,20160823_GB,31.558333333,71.50416666699999,33.379166667,70.291666667,33.366666667,68.845833333,33.45,67.9625,33.75,69.12083333300001,33.55,72.19166666699999,33.383333333,72.954166667,32.608333333000004,72.945833333,55,2016-08-23,GB,8,1,23,Tuesday,False,0,1,1,1,1,1,1,0,0.0,0.3791666669999998,0.36666666699999695,0.45000000000000284,0.75,0.5499999999999972,0.38333333300000305,0.0,0,False
3762,20160823_GG,33.183333333,72.111904762,35.107142857,68.592857143,35.702380952,61.61904761899999,34.869047619,65.70952381,33.404761905,73.992857143,34.469047619,69.561904762,34.35,71.31666666699999,34.323809524,70.19047619,161,2016-08-23,GG,8,1,23,Tuesday,False,1,1,1,1,1,1,1,1,0.1833333330000002,2.1071428569999995,2.7023809519999986,1.8690476189999998,0.40476190500000087,1.4690476190000012,1.3500000000000014,1.3238095239999979,0,False
3763,20160823_GJ,34.1,86.0,35.7,76.3,35.9,73.0,35.9,76.3,34.8,73.4,34.7,79.3,34.1,82.4,34.9,76.0,46,2016-08-23,GJ,8,1,23,Tuesday,False,1,1,1,1,1,1,1,1,1.1000000000000014,2.700000000000003,2.8999999999999986,2.8999999999999986,1.7999999999999972,1.7000000000000028,1.1000000000000014,1.8999999999999986,0,False
3764,20160823_GN,31.840909091,73.3,34.990909091,70.118181818,34.159090909,68.1,34.122727273,68.18636363600001,34.359090909,71.695454545,33.822727273000005,73.863636364,33.595454545,76.213636364,32.659090909,80.277272727,67,2016-08-23,GN,8,1,23,Tuesday,False,0,1,1,1,1,1,1,0,0.0,1.990909090999999,1.1590909089999997,1.1227272730000024,1.3590909090000025,0.8227272730000053,0.5954545450000026,0.0,0,False
3765,20160823_GW,32.266666666999996,70.494444444,32.566666667,73.06666666699999,32.333333333,73.4,33.233333333000004,71.116666667,32.183333333,76.7,32.55,77.266666667,32.361111111,75.027777778,32.366666667,75.472222222,38,2016-08-23,GW,8,1,23,Tuesday,False,0,0,0,1,0,0,0,0,0.0,0.0,0.0,0.23333333300000447,0.0,0.0,0.0,0.0,0,False
3766,20160823_IC,31.95,84.46,33.63,85.55,33.88,75.64,33.91,84.61,31.87,87.1,32.77,83.81,32.44,87.33,31.75,89.79,61,2016-08-23,IC,8,1,23,Tuesday,False,0,1,1,1,0,0,0,0,0.0,0.6300000000000026,0.8800000000000026,0.9099999999999966,0.0,0.0,0.0,0.0,0,False
3767,20160823_JB,31.886666666999997,79.28,34.633333333,71.38,34.74,66.56666666699999,35.32,71.966666667,34.693333333000005,71.813333333,34.106666667,76.593333333,33.233333333000004,73.393333333,33.68,71.606666667,96,2016-08-23,JB,8,1,23,Tuesday,False,0,1,1,1,1,1,1,1,0.0,1.633333333000003,1.740000000000002,2.3200000000000003,1.6933333330000053,1.106666666999999,0.23333333300000447,0.6799999999999997,0,False
3768,20160823_JJ,31.55,73.7,32.4,74.45,31.9,72.1,32.05,76.25,31.6,81.15,31.95,76.6,32.45,69.0,32.55,69.45,26,2016-08-23,JJ,8,1,23,Tuesday,False,0,0,0,0,0,0,0,0,0.0,0.0,0.0,0.0,0.0,0.0,0.0,0.0,0,False
3769,20160823_JN,32.55,80.6,34.172727273,77.863636364,34.213636364,73.540909091,34.081818182,76.068181818,33.836363636,74.790909091,33.890909091,77.01363636399999,32.977272727,80.454545455,33.704545455,75.613636364,70,2016-08-23,JN,8,1,23,Tuesday,False,0,1,1,1,1,1,0,1,0.0,1.1727272729999996,1.2136363640000027,1.0818181819999992,0.8363636360000015,0.8909090909999975,0.0,0.7045454550000017,0,False
3770,20160823_SU,33.0,68.8,36.3,58.0,36.6,57.5,34.9,59.0,33.2,69.5,34.3,61.9,34.7,60.4,34.9,64.9,231,2016-08-23,SU,8,1,23,Tuesday,False,0,1,1,1,1,1,1,1,0.0,3.299999999999997,3.6000000000000014,1.8999999999999986,0.20000000000000284,1.2999999999999972,1.7000000000000028,1.8999999999999986,0,False
3771,20160823_US,29.7,81.8,31.6,82.8,30.8,81.1,30.6,78.6,31.3,82.8,30.8,83.6,31.6,83.9,30.2,86.5,9,2016-08-23,US,8,1,23,Tuesday,False,0,0,0,0,0,0,0,0,0.0,0.0,0.0,0.0,0.0,0.0,0.0,0.0,0,False
3772,20160824_BS,31.8,66.0,31.2,70.3,32.5,70.1,33.3,68.4,31.7,68.0,32.7,71.1,32.5,71.8,32.3,70.3,85,2016-08-24,BS,8,2,24,Wednesday,False,0,0,0,1,0,0,0,0,0.0,0.0,0.0,0.29999999999999716,0.0,0.0,0.0,0.0,0,False
3773,20160824_CB,34.1,54.54,33.46,64.146666667,35.193333333000005,59.0,34.446666666999995,54.26,36.04,53.053333333000005,35.293333333,61.733333333000004,34.826666667,64.46,34.113333333,63.14,44,2016-08-24,CB,8,2,24,Wednesday,False,1,1,1,1,1,1,1,1,1.1000000000000014,0.46000000000000085,2.1933333330000053,1.4466666669999952,3.039999999999999,2.2933333329999996,1.8266666669999978,1.113333333,0,False
3774,20160824_CN,33.14375,76.15625,32.425,81.925,34.68125,74.58125,33.8625,69.56875,35.2625,75.975,33.86875,79.0,33.7625,78.8375,33.95625,77.6375,55,2016-08-24,CN,8,2,24,Wednesday,False,1,0,1,1,1,1,1,1,0.14374999999999716,0.0,1.6812499999999986,0.8624999999999972,2.262500000000003,0.8687499999999986,0.7625000000000028,0.9562499999999972,0,False
3775,20160824_DG,33.9,61.5,32.5,64.4,34.6,65.3,33.9,60.8,33.6,62.5,34.6,63.5,35.0,64.4,35.2,66.5,62,2016-08-24,DG,8,2,24,Wednesday,False,1,0,1,1,1,1,1,1,0.8999999999999986,0.0,1.6000000000000014,0.8999999999999986,0.6000000000000014,1.6000000000000014,2.0,2.200000000000003,0,False
3776,20160824_DJ,34.5,66.8,33.4,74.3,36.7,61.5,34.9,56.6,37.6,56.4,37.3,66.5,34.8,70.6,35.1,66.4,41,2016-08-24,DJ,8,2,24,Wednesday,False,1,1,1,1,1,1,1,1,1.5,0.3999999999999986,3.700000000000003,1.8999999999999986,4.600000000000001,4.299999999999997,1.7999999999999972,2.1000000000000014,0,False
3777,20160824_GB,33.020833333,66.583333333,31.558333333,71.50416666699999,33.379166667,70.291666667,33.366666667,68.845833333,33.45,67.9625,33.75,69.12083333300001,33.55,72.19166666699999,33.383333333,72.954166667,65,2016-08-24,GB,8,2,24,Wednesday,False,1,0,1,1,1,1,1,1,0.020833332999998788,0.0,0.3791666669999998,0.36666666699999695,0.45000000000000284,0.75,0.5499999999999972,0.38333333300000305,0,False
3778,20160824_GG,33.1,64.964285714,33.183333333,72.111904762,35.107142857,68.592857143,35.702380952,61.61904761899999,34.869047619,65.70952381,33.404761905,73.992857143,34.469047619,69.561904762,34.35,71.31666666699999,190,2016-08-24,GG,8,2,24,Wednesday,False,1,1,1,1,1,1,1,1,0.10000000000000142,0.1833333330000002,2.1071428569999995,2.7023809519999986,1.8690476189999998,0.40476190500000087,1.4690476190000012,1.3500000000000014,0,False
3779,20160824_GJ,34.9,72.6,34.1,86.0,35.7,76.3,35.9,73.0,35.9,76.3,34.8,73.4,34.7,79.3,34.1,82.4,34,2016-08-24,GJ,8,2,24,Wednesday,False,1,1,1,1,1,1,1,1,1.8999999999999986,1.1000000000000014,2.700000000000003,2.8999999999999986,2.8999999999999986,1.7999999999999972,1.7000000000000028,1.1000000000000014,0,False
3780,20160824_GN,33.881818181999996,64.127272727,31.840909091,73.3,34.990909091,70.118181818,34.159090909,68.1,34.122727273,68.18636363600001,34.359090909,71.695454545,33.822727273000005,73.863636364,33.595454545,76.213636364,62,2016-08-24,GN,8,2,24,Wednesday,False,1,0,1,1,1,1,1,1,0.8818181819999964,0.0,1.990909090999999,1.1590909089999997,1.1227272730000024,1.3590909090000025,0.8227272730000053,0.5954545450000026,0,False
3781,20160824_GW,31.505555555999997,70.15555555600001,32.266666666999996,70.494444444,32.566666667,73.06666666699999,32.333333333,73.4,33.233333333000004,71.116666667,32.183333333,76.7,32.55,77.266666667,32.361111111,75.027777778,28,2016-08-24,GW,8,2,24,Wednesday,False,0,0,0,0,1,0,0,0,0.0,0.0,0.0,0.0,0.23333333300000447,0.0,0.0,0.0,0,False
3782,20160824_IC,31.8,81.28,31.95,84.46,33.63,85.55,33.88,75.64,33.91,84.61,31.87,87.1,32.77,83.81,32.44,87.33,46,2016-08-24,IC,8,2,24,Wednesday,False,0,0,1,1,1,0,0,0,0.0,0.0,0.6300000000000026,0.8800000000000026,0.9099999999999966,0.0,0.0,0.0,0,False
3783,20160824_JB,34.226666666999996,71.98,31.886666666999997,79.28,34.633333333,71.38,34.74,66.56666666699999,35.32,71.966666667,34.693333333000005,71.813333333,34.106666667,76.593333333,33.233333333000004,73.393333333,80,2016-08-24,JB,8,2,24,Wednesday,False,1,0,1,1,1,1,1,1,1.2266666669999964,0.0,1.633333333000003,1.740000000000002,2.3200000000000003,1.6933333330000053,1.106666666999999,0.23333333300000447,0,False
3784,20160824_JJ,30.9,74.25,31.55,73.7,32.4,74.45,31.9,72.1,32.05,76.25,31.6,81.15,31.95,76.6,32.45,69.0,10,2016-08-24,JJ,8,2,24,Wednesday,False,0,0,0,0,0,0,0,0,0.0,0.0,0.0,0.0,0.0,0.0,0.0,0.0,0,False
3785,20160824_JN,34.118181818000004,69.527272727,32.55,80.6,34.172727273,77.863636364,34.213636364,73.540909091,34.081818182,76.068181818,33.836363636,74.790909091,33.890909091,77.01363636399999,32.977272727,80.454545455,66,2016-08-24,JN,8,2,24,Wednesday,False,1,0,1,1,1,1,1,0,1.1181818180000036,0.0,1.1727272729999996,1.2136363640000027,1.0818181819999992,0.8363636360000015,0.8909090909999975,0.0,0,False
3786,20160824_SU,32.9,59.1,33.0,68.8,36.3,58.0,36.6,57.5,34.9,59.0,33.2,69.5,34.3,61.9,34.7,60.4,206,2016-08-24,SU,8,2,24,Wednesday,False,0,0,1,1,1,1,1,1,0.0,0.0,3.299999999999997,3.6000000000000014,1.8999999999999986,0.20000000000000284,1.2999999999999972,1.7000000000000028,0,False
3787,20160824_US,30.1,80.0,29.7,81.8,31.6,82.8,30.8,81.1,30.6,78.6,31.3,82.8,30.8,83.6,31.6,83.9,16,2016-08-24,US,8,2,24,Wednesday,False,0,0,0,0,0,0,0,0,0.0,0.0,0.0,0.0,0.0,0.0,0.0,0.0,0,False
3788,20160825_BS,33.4,73.4,31.8,66.0,31.2,70.3,32.5,70.1,33.3,68.4,31.7,68.0,32.7,71.1,32.5,71.8,67,2016-08-25,BS,8,3,25,Thursday,False,1,0,0,0,1,0,0,0,0.3999999999999986,0.0,0.0,0.0,0.29999999999999716,0.0,0.0,0.0,0,False
3789,20160825_CB,33.746666667,59.626666666999995,34.1,54.54,33.46,64.146666667,35.193333333000005,59.0,34.446666666999995,54.26,36.04,53.053333333000005,35.293333333,61.733333333000004,34.826666667,64.46,29,2016-08-25,CB,8,3,25,Thursday,False,1,1,1,1,1,1,1,1,0.7466666669999995,1.1000000000000014,0.46000000000000085,2.1933333330000053,1.4466666669999952,3.039999999999999,2.2933333329999996,1.8266666669999978,0,False
3790,20160825_CN,33.45,75.33125,33.14375,76.15625,32.425,81.925,34.68125,74.58125,33.8625,69.56875,35.2625,75.975,33.86875,79.0,33.7625,78.8375,61,2016-08-25,CN,8,3,25,Thursday,False,1,1,0,1,1,1,1,1,0.45000000000000284,0.14374999999999716,0.0,1.6812499999999986,0.8624999999999972,2.262500000000003,0.8687499999999986,0.7625000000000028,0,False
3791,20160825_DG,36.2,54.9,33.9,61.5,32.5,64.4,34.6,65.3,33.9,60.8,33.6,62.5,34.6,63.5,35.0,64.4,56,2016-08-25,DG,8,3,25,Thursday,False,1,1,0,1,1,1,1,1,3.200000000000003,0.8999999999999986,0.0,1.6000000000000014,0.8999999999999986,0.6000000000000014,1.6000000000000014,2.0,0,False
3792,20160825_DJ,33.9,65.9,34.5,66.8,33.4,74.3,36.7,61.5,34.9,56.6,37.6,56.4,37.3,66.5,34.8,70.6,34,2016-08-25,DJ,8,3,25,Thursday,False,1,1,1,1,1,1,1,1,0.8999999999999986,1.5,0.3999999999999986,3.700000000000003,1.8999999999999986,4.600000000000001,4.299999999999997,1.7999999999999972,0,False
3793,20160825_GB,34.483333333000004,65.075,33.020833333,66.583333333,31.558333333,71.50416666699999,33.379166667,70.291666667,33.366666667,68.845833333,33.45,67.9625,33.75,69.12083333300001,33.55,72.19166666699999,59,2016-08-25,GB,8,3,25,Thursday,False,1,1,0,1,1,1,1,1,1.4833333330000045,0.020833332999998788,0.0,0.3791666669999998,0.36666666699999695,0.45000000000000284,0.75,0.5499999999999972,0,False
3794,20160825_GG,32.84047619,73.633333333,33.1,64.964285714,33.183333333,72.111904762,35.107142857,68.592857143,35.702380952,61.61904761899999,34.869047619,65.70952381,33.404761905,73.992857143,34.469047619,69.561904762,178,2016-08-25,GG,8,3,25,Thursday,False,0,1,1,1,1,1,1,1,0.0,0.10000000000000142,0.1833333330000002,2.1071428569999995,2.7023809519999986,1.8690476189999998,0.40476190500000087,1.4690476190000012,0,False
3795,20160825_GJ,35.0,68.3,34.9,72.6,34.1,86.0,35.7,76.3,35.9,73.0,35.9,76.3,34.8,73.4,34.7,79.3,39,2016-08-25,GJ,8,3,25,Thursday,False,1,1,1,1,1,1,1,1,2.0,1.8999999999999986,1.1000000000000014,2.700000000000003,2.8999999999999986,2.8999999999999986,1.7999999999999972,1.7000000000000028,0,False
3796,20160825_GN,34.263636364,70.659090909,33.881818181999996,64.127272727,31.840909091,73.3,34.990909091,70.118181818,34.159090909,68.1,34.122727273,68.18636363600001,34.359090909,71.695454545,33.822727273000005,73.863636364,65,2016-08-25,GN,8,3,25,Thursday,False,1,1,0,1,1,1,1,1,1.263636364,0.8818181819999964,0.0,1.990909090999999,1.1590909089999997,1.1227272730000024,1.3590909090000025,0.8227272730000053,0,False
3797,20160825_GW,32.411111111,73.21111111100001,31.505555555999997,70.15555555600001,32.266666666999996,70.494444444,32.566666667,73.06666666699999,32.333333333,73.4,33.233333333000004,71.116666667,32.183333333,76.7,32.55,77.266666667,41,2016-08-25,GW,8,3,25,Thursday,False,0,0,0,0,0,1,0,0,0.0,0.0,0.0,0.0,0.0,0.23333333300000447,0.0,0.0,0,False
3798,20160825_IC,30.94,88.83,31.8,81.28,31.95,84.46,33.63,85.55,33.88,75.64,33.91,84.61,31.87,87.1,32.77,83.81,58,2016-08-25,IC,8,3,25,Thursday,False,0,0,0,1,1,1,0,0,0.0,0.0,0.0,0.6300000000000026,0.8800000000000026,0.9099999999999966,0.0,0.0,0,False
3799,20160825_JB,33.54,69.833333333,34.226666666999996,71.98,31.886666666999997,79.28,34.633333333,71.38,34.74,66.56666666699999,35.32,71.966666667,34.693333333000005,71.813333333,34.106666667,76.593333333,85,2016-08-25,JB,8,3,25,Thursday,False,1,1,0,1,1,1,1,1,0.5399999999999991,1.2266666669999964,0.0,1.633333333000003,1.740000000000002,2.3200000000000003,1.6933333330000053,1.106666666999999,0,False
3800,20160825_JJ,31.45,78.1,30.9,74.25,31.55,73.7,32.4,74.45,31.9,72.1,32.05,76.25,31.6,81.15,31.95,76.6,10,2016-08-25,JJ,8,3,25,Thursday,False,0,0,0,0,0,0,0,0,0.0,0.0,0.0,0.0,0.0,0.0,0.0,0.0,0,False
3801,20160825_JN,33.904545455,72.204545455,34.118181818000004,69.527272727,32.55,80.6,34.172727273,77.863636364,34.213636364,73.540909091,34.081818182,76.068181818,33.836363636,74.790909091,33.890909091,77.01363636399999,62,2016-08-25,JN,8,3,25,Thursday,False,1,1,0,1,1,1,1,1,0.9045454549999974,1.1181818180000036,0.0,1.1727272729999996,1.2136363640000027,1.0818181819999992,0.8363636360000015,0.8909090909999975,0,False
3802,20160825_SU,32.2,70.4,32.9,59.1,33.0,68.8,36.3,58.0,36.6,57.5,34.9,59.0,33.2,69.5,34.3,61.9,227,2016-08-25,SU,8,3,25,Thursday,False,0,0,0,1,1,1,1,1,0.0,0.0,0.0,3.299999999999997,3.6000000000000014,1.8999999999999986,0.20000000000000284,1.2999999999999972,0,False
3803,20160825_US,32.7,82.0,30.1,80.0,29.7,81.8,31.6,82.8,30.8,81.1,30.6,78.6,31.3,82.8,30.8,83.6,8,2016-08-25,US,8,3,25,Thursday,False,0,0,0,0,0,0,0,0,0.0,0.0,0.0,0.0,0.0,0.0,0.0,0.0,0,False
3804,20160826_BS,27.9,74.6,33.4,73.4,31.8,66.0,31.2,70.3,32.5,70.1,33.3,68.4,31.7,68.0,32.7,71.1,87,2016-08-26,BS,8,4,26,Friday,False,0,1,0,0,0,1,0,0,0.0,0.3999999999999986,0.0,0.0,0.0,0.29999999999999716,0.0,0.0,0,False
3805,20160826_CB,26.14,78.56666666699999,33.746666667,59.626666666999995,34.1,54.54,33.46,64.146666667,35.193333333000005,59.0,34.446666666999995,54.26,36.04,53.053333333000005,35.293333333,61.733333333000004,36,2016-08-26,CB,8,4,26,Friday,False,0,1,1,1,1,1,1,1,0.0,0.7466666669999995,1.1000000000000014,0.46000000000000085,2.1933333330000053,1.4466666669999952,3.039999999999999,2.2933333329999996,0,False
3806,20160826_CN,26.01875,87.2,33.45,75.33125,33.14375,76.15625,32.425,81.925,34.68125,74.58125,33.8625,69.56875,35.2625,75.975,33.86875,79.0,51,2016-08-26,CN,8,4,26,Friday,False,0,1,1,0,1,1,1,1,0.0,0.45000000000000284,0.14374999999999716,0.0,1.6812499999999986,0.8624999999999972,2.262500000000003,0.8687499999999986,0,False
3807,20160826_DG,30.2,75.9,36.2,54.9,33.9,61.5,32.5,64.4,34.6,65.3,33.9,60.8,33.6,62.5,34.6,63.5,61,2016-08-26,DG,8,4,26,Friday,False,0,1,1,0,1,1,1,1,0.0,3.200000000000003,0.8999999999999986,0.0,1.6000000000000014,0.8999999999999986,0.6000000000000014,1.6000000000000014,0,False
3808,20160826_DJ,27.4,84.4,33.9,65.9,34.5,66.8,33.4,74.3,36.7,61.5,34.9,56.6,37.6,56.4,37.3,66.5,31,2016-08-26,DJ,8,4,26,Friday,False,0,1,1,1,1,1,1,1,0.0,0.8999999999999986,1.5,0.3999999999999986,3.700000000000003,1.8999999999999986,4.600000000000001,4.299999999999997,0,False
3809,20160826_GB,26.9125,83.866666667,34.483333333000004,65.075,33.020833333,66.583333333,31.558333333,71.50416666699999,33.379166667,70.291666667,33.366666667,68.845833333,33.45,67.9625,33.75,69.12083333300001,56,2016-08-26,GB,8,4,26,Friday,False,0,1,1,0,1,1,1,1,0.0,1.4833333330000045,0.020833332999998788,0.0,0.3791666669999998,0.36666666699999695,0.45000000000000284,0.75,0,False
3810,20160826_GG,26.938095238000002,66.416666667,32.84047619,73.633333333,33.1,64.964285714,33.183333333,72.111904762,35.107142857,68.592857143,35.702380952,61.61904761899999,34.869047619,65.70952381,33.404761905,73.992857143,158,2016-08-26,GG,8,4,26,Friday,False,0,0,1,1,1,1,1,1,0.0,0.0,0.10000000000000142,0.1833333330000002,2.1071428569999995,2.7023809519999986,1.8690476189999998,0.40476190500000087,0,False
3811,20160826_GJ,28.5,93.8,35.0,68.3,34.9,72.6,34.1,86.0,35.7,76.3,35.9,73.0,35.9,76.3,34.8,73.4,32,2016-08-26,GJ,8,4,26,Friday,False,0,1,1,1,1,1,1,1,0.0,2.0,1.8999999999999986,1.1000000000000014,2.700000000000003,2.8999999999999986,2.8999999999999986,1.7999999999999972,0,False
3812,20160826_GN,28.445454545,84.16818181800001,34.263636364,70.659090909,33.881818181999996,64.127272727,31.840909091,73.3,34.990909091,70.118181818,34.159090909,68.1,34.122727273,68.18636363600001,34.359090909,71.695454545,51,2016-08-26,GN,8,4,26,Friday,False,0,1,1,0,1,1,1,1,0.0,1.263636364,0.8818181819999964,0.0,1.990909090999999,1.1590909089999997,1.1227272730000024,1.3590909090000025,0,False
3813,20160826_GW,24.627777778000002,72.65,32.411111111,73.21111111100001,31.505555555999997,70.15555555600001,32.266666666999996,70.494444444,32.566666667,73.06666666699999,32.333333333,73.4,33.233333333000004,71.116666667,32.183333333,76.7,33,2016-08-26,GW,8,4,26,Friday,False,0,0,0,0,0,0,1,0,0.0,0.0,0.0,0.0,0.0,0.0,0.23333333300000447,0.0,0,False
3814,20160826_IC,27.05,67.18,30.94,88.83,31.8,81.28,31.95,84.46,33.63,85.55,33.88,75.64,33.91,84.61,31.87,87.1,41,2016-08-26,IC,8,4,26,Friday,False,0,0,0,0,1,1,1,0,0.0,0.0,0.0,0.0,0.6300000000000026,0.8800000000000026,0.9099999999999966,0.0,0,False
3815,20160826_JB,26.26,87.48666666700001,33.54,69.833333333,34.226666666999996,71.98,31.886666666999997,79.28,34.633333333,71.38,34.74,66.56666666699999,35.32,71.966666667,34.693333333000005,71.813333333,69,2016-08-26,JB,8,4,26,Friday,False,0,1,1,0,1,1,1,1,0.0,0.5399999999999991,1.2266666669999964,0.0,1.633333333000003,1.740000000000002,2.3200000000000003,1.6933333330000053,0,False
3816,20160826_JJ,31.7,73.9,31.45,78.1,30.9,74.25,31.55,73.7,32.4,74.45,31.9,72.1,32.05,76.25,31.6,81.15,10,2016-08-26,JJ,8,4,26,Friday,False,0,0,0,0,0,0,0,0,0.0,0.0,0.0,0.0,0.0,0.0,0.0,0.0,0,False
3817,20160826_JN,29.877272726999998,85.75,33.904545455,72.204545455,34.118181818000004,69.527272727,32.55,80.6,34.172727273,77.863636364,34.213636364,73.540909091,34.081818182,76.068181818,33.836363636,74.790909091,57,2016-08-26,JN,8,4,26,Friday,False,0,1,1,0,1,1,1,1,0.0,0.9045454549999974,1.1181818180000036,0.0,1.1727272729999996,1.2136363640000027,1.0818181819999992,0.8363636360000015,0,False
3818,20160826_SU,28.2,57.0,32.2,70.4,32.9,59.1,33.0,68.8,36.3,58.0,36.6,57.5,34.9,59.0,33.2,69.5,200,2016-08-26,SU,8,4,26,Friday,False,0,0,0,0,1,1,1,1,0.0,0.0,0.0,0.0,3.299999999999997,3.6000000000000014,1.8999999999999986,0.20000000000000284,0,False
3819,20160826_US,27.2,85.9,32.7,82.0,30.1,80.0,29.7,81.8,31.6,82.8,30.8,81.1,30.6,78.6,31.3,82.8,11,2016-08-26,US,8,4,26,Friday,False,0,0,0,0,0,0,0,0,0.0,0.0,0.0,0.0,0.0,0.0,0.0,0.0,0,False
3820,20160827_BS,28.2,61.6,27.9,74.6,33.4,73.4,31.8,66.0,31.2,70.3,32.5,70.1,33.3,68.4,31.7,68.0,16,2016-08-27,BS,8,5,27,Saturday,False,0,0,1,0,0,0,1,0,0.0,0.0,0.3999999999999986,0.0,0.0,0.0,0.29999999999999716,0.0,0,True
3821,20160827_CB,27.033333333,58.006666667,26.14,78.56666666699999,33.746666667,59.626666666999995,34.1,54.54,33.46,64.146666667,35.193333333000005,59.0,34.446666666999995,54.26,36.04,53.053333333000005,10,2016-08-27,CB,8,5,27,Saturday,False,0,0,1,1,1,1,1,1,0.0,0.0,0.7466666669999995,1.1000000000000014,0.46000000000000085,2.1933333330000053,1.4466666669999952,3.039999999999999,0,True
3822,20160827_CN,27.5,67.78125,26.01875,87.2,33.45,75.33125,33.14375,76.15625,32.425,81.925,34.68125,74.58125,33.8625,69.56875,35.2625,75.975,12,2016-08-27,CN,8,5,27,Saturday,False,0,0,1,1,0,1,1,1,0.0,0.0,0.45000000000000284,0.14374999999999716,0.0,1.6812499999999986,0.8624999999999972,2.262500000000003,0,True
3823,20160827_DG,27.4,56.9,30.2,75.9,36.2,54.9,33.9,61.5,32.5,64.4,34.6,65.3,33.9,60.8,33.6,62.5,13,2016-08-27,DG,8,5,27,Saturday,False,0,0,1,1,0,1,1,1,0.0,0.0,3.200000000000003,0.8999999999999986,0.0,1.6000000000000014,0.8999999999999986,0.6000000000000014,0,True
3824,20160827_DJ,27.9,63.9,27.4,84.4,33.9,65.9,34.5,66.8,33.4,74.3,36.7,61.5,34.9,56.6,37.6,56.4,8,2016-08-27,DJ,8,5,27,Saturday,False,0,0,1,1,1,1,1,1,0.0,0.0,0.8999999999999986,1.5,0.3999999999999986,3.700000000000003,1.8999999999999986,4.600000000000001,0,True
3825,20160827_GB,27.079166667,64.033333333,26.9125,83.866666667,34.483333333000004,65.075,33.020833333,66.583333333,31.558333333,71.50416666699999,33.379166667,70.291666667,33.366666667,68.845833333,33.45,67.9625,21,2016-08-27,GB,8,5,27,Saturday,False,0,0,1,1,0,1,1,1,0.0,0.0,1.4833333330000045,0.020833332999998788,0.0,0.3791666669999998,0.36666666699999695,0.45000000000000284,0,True
3826,20160827_GG,28.854761905,50.076190476,26.938095238000002,66.416666667,32.84047619,73.633333333,33.1,64.964285714,33.183333333,72.111904762,35.107142857,68.592857143,35.702380952,61.61904761899999,34.869047619,65.70952381,56,2016-08-27,GG,8,5,27,Saturday,False,0,0,0,1,1,1,1,1,0.0,0.0,0.0,0.10000000000000142,0.1833333330000002,2.1071428569999995,2.7023809519999986,1.8690476189999998,0,True
3827,20160827_GJ,26.2,82.3,28.5,93.8,35.0,68.3,34.9,72.6,34.1,86.0,35.7,76.3,35.9,73.0,35.9,76.3,9,2016-08-27,GJ,8,5,27,Saturday,False,0,0,1,1,1,1,1,1,0.0,0.0,2.0,1.8999999999999986,1.1000000000000014,2.700000000000003,2.8999999999999986,2.8999999999999986,0,True
3828,20160827_GN,28.513636364,60.5,28.445454545,84.16818181800001,34.263636364,70.659090909,33.881818181999996,64.127272727,31.840909091,73.3,34.990909091,70.118181818,34.159090909,68.1,34.122727273,68.18636363600001,16,2016-08-27,GN,8,5,27,Saturday,False,0,0,1,1,0,1,1,1,0.0,0.0,1.263636364,0.8818181819999964,0.0,1.990909090999999,1.1590909089999997,1.1227272730000024,0,True
3829,20160827_GW,26.305555555999998,65.861111111,24.627777778000002,72.65,32.411111111,73.21111111100001,31.505555555999997,70.15555555600001,32.266666666999996,70.494444444,32.566666667,73.06666666699999,32.333333333,73.4,33.233333333000004,71.116666667,7,2016-08-27,GW,8,5,27,Saturday,False,0,0,0,0,0,0,0,1,0.0,0.0,0.0,0.0,0.0,0.0,0.0,0.23333333300000447,0,True
3830,20160827_IC,28.03,51.48,27.05,67.18,30.94,88.83,31.8,81.28,31.95,84.46,33.63,85.55,33.88,75.64,33.91,84.61,8,2016-08-27,IC,8,5,27,Saturday,False,0,0,0,0,0,1,1,1,0.0,0.0,0.0,0.0,0.0,0.6300000000000026,0.8800000000000026,0.9099999999999966,0,True
3831,20160827_JB,26.34,69.266666667,26.26,87.48666666700001,33.54,69.833333333,34.226666666999996,71.98,31.886666666999997,79.28,34.633333333,71.38,34.74,66.56666666699999,35.32,71.966666667,24,2016-08-27,JB,8,5,27,Saturday,False,0,0,1,1,0,1,1,1,0.0,0.0,0.5399999999999991,1.2266666669999964,0.0,1.633333333000003,1.740000000000002,2.3200000000000003,0,True
3832,20160827_JJ,25.7,83.95,31.7,73.9,31.45,78.1,30.9,74.25,31.55,73.7,32.4,74.45,31.9,72.1,32.05,76.25,2,2016-08-27,JJ,8,5,27,Saturday,False,0,0,0,0,0,0,0,0,0.0,0.0,0.0,0.0,0.0,0.0,0.0,0.0,0,True
3833,20160827_JN,26.236363636,75.981818182,29.877272726999998,85.75,33.904545455,72.204545455,34.118181818000004,69.527272727,32.55,80.6,34.172727273,77.863636364,34.213636364,73.540909091,34.081818182,76.068181818,24,2016-08-27,JN,8,5,27,Saturday,False,0,0,1,1,0,1,1,1,0.0,0.0,0.9045454549999974,1.1181818180000036,0.0,1.1727272729999996,1.2136363640000027,1.0818181819999992,0,True
3834,20160827_SU,29.7,43.3,28.2,57.0,32.2,70.4,32.9,59.1,33.0,68.8,36.3,58.0,36.6,57.5,34.9,59.0,64,2016-08-27,SU,8,5,27,Saturday,False,0,0,0,0,0,1,1,1,0.0,0.0,0.0,0.0,0.0,3.299999999999997,3.6000000000000014,1.8999999999999986,0,True
3835,20160827_US,25.9,61.5,27.2,85.9,32.7,82.0,30.1,80.0,29.7,81.8,31.6,82.8,30.8,81.1,30.6,78.6,0,2016-08-27,US,8,5,27,Saturday,False,0,0,0,0,0,0,0,0,0.0,0.0,0.0,0.0,0.0,0.0,0.0,0.0,0,True
3836,20160828_BS,24.0,94.3,28.2,61.6,27.9,74.6,33.4,73.4,31.8,66.0,31.2,70.3,32.5,70.1,33.3,68.4,1,2016-08-28,BS,8,6,28,Sunday,False,0,0,0,1,0,0,0,1,0.0,0.0,0.0,0.3999999999999986,0.0,0.0,0.0,0.29999999999999716,0,True
3837,20160828_CB,23.333333333000002,77.973333333,27.033333333,58.006666667,26.14,78.56666666699999,33.746666667,59.626666666999995,34.1,54.54,33.46,64.146666667,35.193333333000005,59.0,34.446666666999995,54.26,0,2016-08-28,CB,8,6,28,Sunday,False,0,0,0,1,1,1,1,1,0.0,0.0,0.0,0.7466666669999995,1.1000000000000014,0.46000000000000085,2.1933333330000053,1.4466666669999952,0,True
3838,20160828_CN,25.16875,80.79375,27.5,67.78125,26.01875,87.2,33.45,75.33125,33.14375,76.15625,32.425,81.925,34.68125,74.58125,33.8625,69.56875,2,2016-08-28,CN,8,6,28,Sunday,False,0,0,0,1,1,0,1,1,0.0,0.0,0.0,0.45000000000000284,0.14374999999999716,0.0,1.6812499999999986,0.8624999999999972,0,True
3839,20160828_DG,23.0,88.6,27.4,56.9,30.2,75.9,36.2,54.9,33.9,61.5,32.5,64.4,34.6,65.3,33.9,60.8,3,2016-08-28,DG,8,6,28,Sunday,False,0,0,0,1,1,0,1,1,0.0,0.0,0.0,3.200000000000003,0.8999999999999986,0.0,1.6000000000000014,0.8999999999999986,0,True
3840,20160828_DJ,24.5,81.8,27.9,63.9,27.4,84.4,33.9,65.9,34.5,66.8,33.4,74.3,36.7,61.5,34.9,56.6,2,2016-08-28,DJ,8,6,28,Sunday,False,0,0,0,1,1,1,1,1,0.0,0.0,0.0,0.8999999999999986,1.5,0.3999999999999986,3.700000000000003,1.8999999999999986,0,True
3841,20160828_GB,21.7125,92.55,27.079166667,64.033333333,26.9125,83.866666667,34.483333333000004,65.075,33.020833333,66.583333333,31.558333333,71.50416666699999,33.379166667,70.291666667,33.366666667,68.845833333,1,2016-08-28,GB,8,6,28,Sunday,False,0,0,0,1,1,0,1,1,0.0,0.0,0.0,1.4833333330000045,0.020833332999998788,0.0,0.3791666669999998,0.36666666699999695,0,True
3842,20160828_GG,23.926190476,68.164285714,28.854761905,50.076190476,26.938095238000002,66.416666667,32.84047619,73.633333333,33.1,64.964285714,33.183333333,72.111904762,35.107142857,68.592857143,35.702380952,61.61904761899999,7,2016-08-28,GG,8,6,28,Sunday,False,0,0,0,0,1,1,1,1,0.0,0.0,0.0,0.0,0.10000000000000142,0.1833333330000002,2.1071428569999995,2.7023809519999986,0,True
3843,20160828_GJ,25.5,84.6,26.2,82.3,28.5,93.8,35.0,68.3,34.9,72.6,34.1,86.0,35.7,76.3,35.9,73.0,1,2016-08-28,GJ,8,6,28,Sunday,False,0,0,0,1,1,1,1,1,0.0,0.0,0.0,2.0,1.8999999999999986,1.1000000000000014,2.700000000000003,2.8999999999999986,0,True
3844,20160828_GN,22.463636364,90.113636364,28.513636364,60.5,28.445454545,84.16818181800001,34.263636364,70.659090909,33.881818181999996,64.127272727,31.840909091,73.3,34.990909091,70.118181818,34.159090909,68.1,1,2016-08-28,GN,8,6,28,Sunday,False,0,0,0,1,1,0,1,1,0.0,0.0,0.0,1.263636364,0.8818181819999964,0.0,1.990909090999999,1.1590909089999997,0,True
3845,20160828_GW,21.516666667,83.43333333300001,26.305555555999998,65.861111111,24.627777778000002,72.65,32.411111111,73.21111111100001,31.505555555999997,70.15555555600001,32.266666666999996,70.494444444,32.566666667,73.06666666699999,32.333333333,73.4,0,2016-08-28,GW,8,6,28,Sunday,False,0,0,0,0,0,0,0,0,0.0,0.0,0.0,0.0,0.0,0.0,0.0,0.0,0,True
3846,20160828_IC,25.89,68.39,28.03,51.48,27.05,67.18,30.94,88.83,31.8,81.28,31.95,84.46,33.63,85.55,33.88,75.64,2,2016-08-28,IC,8,6,28,Sunday,False,0,0,0,0,0,0,1,1,0.0,0.0,0.0,0.0,0.0,0.0,0.6300000000000026,0.8800000000000026,0,True
3847,20160828_JB,23.793333333000003,82.326666667,26.34,69.266666667,26.26,87.48666666700001,33.54,69.833333333,34.226666666999996,71.98,31.886666666999997,79.28,34.633333333,71.38,34.74,66.56666666699999,0,2016-08-28,JB,8,6,28,Sunday,False,0,0,0,1,1,0,1,1,0.0,0.0,0.0,0.5399999999999991,1.2266666669999964,0.0,1.633333333000003,1.740000000000002,0,True
3848,20160828_JJ,25.95,80.15,25.7,83.95,31.7,73.9,31.45,78.1,30.9,74.25,31.55,73.7,32.4,74.45,31.9,72.1,0,2016-08-28,JJ,8,6,28,Sunday,False,0,0,0,0,0,0,0,0,0.0,0.0,0.0,0.0,0.0,0.0,0.0,0.0,0,True
3849,20160828_JN,25.027272727,82.245454545,26.236363636,75.981818182,29.877272726999998,85.75,33.904545455,72.204545455,34.118181818000004,69.527272727,32.55,80.6,34.172727273,77.863636364,34.213636364,73.540909091,0,2016-08-28,JN,8,6,28,Sunday,False,0,0,0,1,1,0,1,1,0.0,0.0,0.0,0.9045454549999974,1.1181818180000036,0.0,1.1727272729999996,1.2136363640000027,0,True
3850,20160828_SU,24.5,62.5,29.7,43.3,28.2,57.0,32.2,70.4,32.9,59.1,33.0,68.8,36.3,58.0,36.6,57.5,6,2016-08-28,SU,8,6,28,Sunday,False,0,0,0,0,0,0,1,1,0.0,0.0,0.0,0.0,0.0,0.0,3.299999999999997,3.6000000000000014,0,True
3851,20160828_US,23.2,97.6,25.9,61.5,27.2,85.9,32.7,82.0,30.1,80.0,29.7,81.8,31.6,82.8,30.8,81.1,0,2016-08-28,US,8,6,28,Sunday,False,0,0,0,0,0,0,0,0,0.0,0.0,0.0,0.0,0.0,0.0,0.0,0.0,0,True
3852,20160829_BS,25.7,66.8,24.0,94.3,28.2,61.6,27.9,74.6,33.4,73.4,31.8,66.0,31.2,70.3,32.5,70.1,64,2016-08-29,BS,8,0,29,Monday,False,0,0,0,0,1,0,0,0,0.0,0.0,0.0,0.0,0.3999999999999986,0.0,0.0,0.0,0,False
3853,20160829_CB,25.093333333,70.226666667,23.333333333000002,77.973333333,27.033333333,58.006666667,26.14,78.56666666699999,33.746666667,59.626666666999995,34.1,54.54,33.46,64.146666667,35.193333333000005,59.0,54,2016-08-29,CB,8,0,29,Monday,False,0,0,0,0,1,1,1,1,0.0,0.0,0.0,0.0,0.7466666669999995,1.1000000000000014,0.46000000000000085,2.1933333330000053,0,False
3854,20160829_CN,27.075,74.2875,25.16875,80.79375,27.5,67.78125,26.01875,87.2,33.45,75.33125,33.14375,76.15625,32.425,81.925,34.68125,74.58125,68,2016-08-29,CN,8,0,29,Monday,False,0,0,0,0,1,1,0,1,0.0,0.0,0.0,0.0,0.45000000000000284,0.14374999999999716,0.0,1.6812499999999986,0,False
3855,20160829_DG,25.6,60.3,23.0,88.6,27.4,56.9,30.2,75.9,36.2,54.9,33.9,61.5,32.5,64.4,34.6,65.3,66,2016-08-29,DG,8,0,29,Monday,False,0,0,0,0,1,1,0,1,0.0,0.0,0.0,0.0,3.200000000000003,0.8999999999999986,0.0,1.6000000000000014,0,False
3856,20160829_DJ,27.2,75.1,24.5,81.8,27.9,63.9,27.4,84.4,33.9,65.9,34.5,66.8,33.4,74.3,36.7,61.5,47,2016-08-29,DJ,8,0,29,Monday,False,0,0,0,0,1,1,1,1,0.0,0.0,0.0,0.0,0.8999999999999986,1.5,0.3999999999999986,3.700000000000003,0,False
3857,20160829_GB,23.745833333,72.1125,21.7125,92.55,27.079166667,64.033333333,26.9125,83.866666667,34.483333333000004,65.075,33.020833333,66.583333333,31.558333333,71.50416666699999,33.379166667,70.291666667,83,2016-08-29,GB,8,0,29,Monday,False,0,0,0,0,1,1,0,1,0.0,0.0,0.0,0.0,1.4833333330000045,0.020833332999998788,0.0,0.3791666669999998,0,False
3858,20160829_GG,26.976190476,63.216666667,23.926190476,68.164285714,28.854761905,50.076190476,26.938095238000002,66.416666667,32.84047619,73.633333333,33.1,64.964285714,33.183333333,72.111904762,35.107142857,68.592857143,214,2016-08-29,GG,8,0,29,Monday,False,0,0,0,0,0,1,1,1,0.0,0.0,0.0,0.0,0.0,0.10000000000000142,0.1833333330000002,2.1071428569999995,0,False
3859,20160829_GJ,27.1,69.8,25.5,84.6,26.2,82.3,28.5,93.8,35.0,68.3,34.9,72.6,34.1,86.0,35.7,76.3,48,2016-08-29,GJ,8,0,29,Monday,False,0,0,0,0,1,1,1,1,0.0,0.0,0.0,0.0,2.0,1.8999999999999986,1.1000000000000014,2.700000000000003,0,False
3860,20160829_GN,26.868181818000004,63.722727273000004,22.463636364,90.113636364,28.513636364,60.5,28.445454545,84.16818181800001,34.263636364,70.659090909,33.881818181999996,64.127272727,31.840909091,73.3,34.990909091,70.118181818,74,2016-08-29,GN,8,0,29,Monday,False,0,0,0,0,1,1,0,1,0.0,0.0,0.0,0.0,1.263636364,0.8818181819999964,0.0,1.990909090999999,0,False
3861,20160829_GW,21.377777778,81.355555556,21.516666667,83.43333333300001,26.305555555999998,65.861111111,24.627777778000002,72.65,32.411111111,73.21111111100001,31.505555555999997,70.15555555600001,32.266666666999996,70.494444444,32.566666667,73.06666666699999,38,2016-08-29,GW,8,0,29,Monday,False,0,0,0,0,0,0,0,0,0.0,0.0,0.0,0.0,0.0,0.0,0.0,0.0,0,False
3862,20160829_IC,26.81,63.61,25.89,68.39,28.03,51.48,27.05,67.18,30.94,88.83,31.8,81.28,31.95,84.46,33.63,85.55,50,2016-08-29,IC,8,0,29,Monday,False,0,0,0,0,0,0,0,1,0.0,0.0,0.0,0.0,0.0,0.0,0.0,0.6300000000000026,0,False
3863,20160829_JB,26.62,70.08,23.793333333000003,82.326666667,26.34,69.266666667,26.26,87.48666666700001,33.54,69.833333333,34.226666666999996,71.98,31.886666666999997,79.28,34.633333333,71.38,85,2016-08-29,JB,8,0,29,Monday,False,0,0,0,0,1,1,0,1,0.0,0.0,0.0,0.0,0.5399999999999991,1.2266666669999964,0.0,1.633333333000003,0,False
3864,20160829_JJ,27.6,59.35,25.95,80.15,25.7,83.95,31.7,73.9,31.45,78.1,30.9,74.25,31.55,73.7,32.4,74.45,18,2016-08-29,JJ,8,0,29,Monday,False,0,0,0,0,0,0,0,0,0.0,0.0,0.0,0.0,0.0,0.0,0.0,0.0,0,False
3865,20160829_JN,26.954545455,66.990909091,25.027272727,82.245454545,26.236363636,75.981818182,29.877272726999998,85.75,33.904545455,72.204545455,34.118181818000004,69.527272727,32.55,80.6,34.172727273,77.863636364,93,2016-08-29,JN,8,0,29,Monday,False,0,0,0,0,1,1,0,1,0.0,0.0,0.0,0.0,0.9045454549999974,1.1181818180000036,0.0,1.1727272729999996,0,False
3866,20160829_SU,27.1,54.5,24.5,62.5,29.7,43.3,28.2,57.0,32.2,70.4,32.9,59.1,33.0,68.8,36.3,58.0,244,2016-08-29,SU,8,0,29,Monday,False,0,0,0,0,0,0,0,1,0.0,0.0,0.0,0.0,0.0,0.0,0.0,3.299999999999997,0,False
3867,20160829_US,24.2,75.5,23.2,97.6,25.9,61.5,27.2,85.9,32.7,82.0,30.1,80.0,29.7,81.8,31.6,82.8,18,2016-08-29,US,8,0,29,Monday,False,0,0,0,0,0,0,0,0,0.0,0.0,0.0,0.0,0.0,0.0,0.0,0.0,0,False
3868,20160830_BS,26.0,58.6,25.7,66.8,24.0,94.3,28.2,61.6,27.9,74.6,33.4,73.4,31.8,66.0,31.2,70.3,75,2016-08-30,BS,8,1,30,Tuesday,False,0,0,0,0,0,1,0,0,0.0,0.0,0.0,0.0,0.0,0.3999999999999986,0.0,0.0,0,False
3869,20160830_CB,23.26,77.93333333300001,25.093333333,70.226666667,23.333333333000002,77.973333333,27.033333333,58.006666667,26.14,78.56666666699999,33.746666667,59.626666666999995,34.1,54.54,33.46,64.146666667,32,2016-08-30,CB,8,1,30,Tuesday,False,0,0,0,0,0,1,1,1,0.0,0.0,0.0,0.0,0.0,0.7466666669999995,1.1000000000000014,0.46000000000000085,0,False
3870,20160830_CN,24.0125,80.2,27.075,74.2875,25.16875,80.79375,27.5,67.78125,26.01875,87.2,33.45,75.33125,33.14375,76.15625,32.425,81.925,50,2016-08-30,CN,8,1,30,Tuesday,False,0,0,0,0,0,1,1,0,0.0,0.0,0.0,0.0,0.0,0.45000000000000284,0.14374999999999716,0.0,0,False
3871,20160830_DG,26.0,60.1,25.6,60.3,23.0,88.6,27.4,56.9,30.2,75.9,36.2,54.9,33.9,61.5,32.5,64.4,61,2016-08-30,DG,8,1,30,Tuesday,False,0,0,0,0,0,1,1,0,0.0,0.0,0.0,0.0,0.0,3.200000000000003,0.8999999999999986,0.0,0,False
3872,20160830_DJ,22.6,82.6,27.2,75.1,24.5,81.8,27.9,63.9,27.4,84.4,33.9,65.9,34.5,66.8,33.4,74.3,46,2016-08-30,DJ,8,1,30,Tuesday,False,0,0,0,0,0,1,1,1,0.0,0.0,0.0,0.0,0.0,0.8999999999999986,1.5,0.3999999999999986,0,False
3873,20160830_GB,24.970833333,69.5875,23.745833333,72.1125,21.7125,92.55,27.079166667,64.033333333,26.9125,83.866666667,34.483333333000004,65.075,33.020833333,66.583333333,31.558333333,71.50416666699999,64,2016-08-30,GB,8,1,30,Tuesday,False,0,0,0,0,0,1,1,0,0.0,0.0,0.0,0.0,0.0,1.4833333330000045,0.020833332999998788,0.0,0,False
3874,20160830_GG,24.680952380999997,68.404761905,26.976190476,63.216666667,23.926190476,68.164285714,28.854761905,50.076190476,26.938095238000002,66.416666667,32.84047619,73.633333333,33.1,64.964285714,33.183333333,72.111904762,181,2016-08-30,GG,8,1,30,Tuesday,False,0,0,0,0,0,0,1,1,0.0,0.0,0.0,0.0,0.0,0.0,0.10000000000000142,0.1833333330000002,0,False
3875,20160830_GJ,26.1,70.1,27.1,69.8,25.5,84.6,26.2,82.3,28.5,93.8,35.0,68.3,34.9,72.6,34.1,86.0,41,2016-08-30,GJ,8,1,30,Tuesday,False,0,0,0,0,0,1,1,1,0.0,0.0,0.0,0.0,0.0,2.0,1.8999999999999986,1.1000000000000014,0,False
3876,20160830_GN,26.322727273,59.695238095,26.868181818000004,63.722727273000004,22.463636364,90.113636364,28.513636364,60.5,28.445454545,84.16818181800001,34.263636364,70.659090909,33.881818181999996,64.127272727,31.840909091,73.3,61,2016-08-30,GN,8,1,30,Tuesday,False,0,0,0,0,0,1,1,0,0.0,0.0,0.0,0.0,0.0,1.263636364,0.8818181819999964,0.0,0,False
3877,20160830_GW,22.205555556,78.166666667,21.377777778,81.355555556,21.516666667,83.43333333300001,26.305555555999998,65.861111111,24.627777778000002,72.65,32.411111111,73.21111111100001,31.505555555999997,70.15555555600001,32.266666666999996,70.494444444,38,2016-08-30,GW,8,1,30,Tuesday,False,0,0,0,0,0,0,0,0,0.0,0.0,0.0,0.0,0.0,0.0,0.0,0.0,0,False
3878,20160830_IC,24.47,73.54,26.81,63.61,25.89,68.39,28.03,51.48,27.05,67.18,30.94,88.83,31.8,81.28,31.95,84.46,40,2016-08-30,IC,8,1,30,Tuesday,False,0,0,0,0,0,0,0,0,0.0,0.0,0.0,0.0,0.0,0.0,0.0,0.0,0,False
3879,20160830_JB,24.193333333,71.52,26.62,70.08,23.793333333000003,82.326666667,26.34,69.266666667,26.26,87.48666666700001,33.54,69.833333333,34.226666666999996,71.98,31.886666666999997,79.28,79,2016-08-30,JB,8,1,30,Tuesday,False,0,0,0,0,0,1,1,0,0.0,0.0,0.0,0.0,0.0,0.5399999999999991,1.2266666669999964,0.0,0,False
3880,20160830_JJ,27.55,61.45,27.6,59.35,25.95,80.15,25.7,83.95,31.7,73.9,31.45,78.1,30.9,74.25,31.55,73.7,19,2016-08-30,JJ,8,1,30,Tuesday,False,0,0,0,0,0,0,0,0,0.0,0.0,0.0,0.0,0.0,0.0,0.0,0.0,0,False
3881,20160830_JN,26.131818181999996,67.909090909,26.954545455,66.990909091,25.027272727,82.245454545,26.236363636,75.981818182,29.877272726999998,85.75,33.904545455,72.204545455,34.118181818000004,69.527272727,32.55,80.6,69,2016-08-30,JN,8,1,30,Tuesday,False,0,0,0,0,0,1,1,0,0.0,0.0,0.0,0.0,0.0,0.9045454549999974,1.1181818180000036,0.0,0,False
3882,20160830_SU,24.5,60.4,27.1,54.5,24.5,62.5,29.7,43.3,28.2,57.0,32.2,70.4,32.9,59.1,33.0,68.8,223,2016-08-30,SU,8,1,30,Tuesday,False,0,0,0,0,0,0,0,0,0.0,0.0,0.0,0.0,0.0,0.0,0.0,0.0,0,False
3883,20160830_US,26.4,66.8,24.2,75.5,23.2,97.6,25.9,61.5,27.2,85.9,32.7,82.0,30.1,80.0,29.7,81.8,15,2016-08-30,US,8,1,30,Tuesday,False,0,0,0,0,0,0,0,0,0.0,0.0,0.0,0.0,0.0,0.0,0.0,0.0,0,False
3884,20160831_BS,29.8,52.5,26.0,58.6,25.7,66.8,24.0,94.3,28.2,61.6,27.9,74.6,33.4,73.4,31.8,66.0,56,2016-08-31,BS,8,2,31,Wednesday,False,0,0,0,0,0,0,1,0,0.0,0.0,0.0,0.0,0.0,0.0,0.3999999999999986,0.0,0,False
3885,20160831_CB,23.013333333000002,77.08,23.26,77.93333333300001,25.093333333,70.226666667,23.333333333000002,77.973333333,27.033333333,58.006666667,26.14,78.56666666699999,33.746666667,59.626666666999995,34.1,54.54,26,2016-08-31,CB,8,2,31,Wednesday,False,0,0,0,0,0,0,1,1,0.0,0.0,0.0,0.0,0.0,0.0,0.7466666669999995,1.1000000000000014,0,False
3886,20160831_CN,24.30625,82.9625,24.0125,80.2,27.075,74.2875,25.16875,80.79375,27.5,67.78125,26.01875,87.2,33.45,75.33125,33.14375,76.15625,47,2016-08-31,CN,8,2,31,Wednesday,False,0,0,0,0,0,0,1,1,0.0,0.0,0.0,0.0,0.0,0.0,0.45000000000000284,0.14374999999999716,0,False
3887,20160831_DG,28.5,46.8,26.0,60.1,25.6,60.3,23.0,88.6,27.4,56.9,30.2,75.9,36.2,54.9,33.9,61.5,68,2016-08-31,DG,8,2,31,Wednesday,False,0,0,0,0,0,0,1,1,0.0,0.0,0.0,0.0,0.0,0.0,3.200000000000003,0.8999999999999986,0,False
3888,20160831_DJ,24.8,72.9,22.6,82.6,27.2,75.1,24.5,81.8,27.9,63.9,27.4,84.4,33.9,65.9,34.5,66.8,28,2016-08-31,DJ,8,2,31,Wednesday,False,0,0,0,0,0,0,1,1,0.0,0.0,0.0,0.0,0.0,0.0,0.8999999999999986,1.5,0,False
3889,20160831_GB,25.770833333000002,61.333333333,24.970833333,69.5875,23.745833333,72.1125,21.7125,92.55,27.079166667,64.033333333,26.9125,83.866666667,34.483333333000004,65.075,33.020833333,66.583333333,68,2016-08-31,GB,8,2,31,Wednesday,False,0,0,0,0,0,0,1,1,0.0,0.0,0.0,0.0,0.0,0.0,1.4833333330000045,0.020833332999998788,0,False
3890,20160831_GG,20.521428570999998,88.126190476,24.680952380999997,68.404761905,26.976190476,63.216666667,23.926190476,68.164285714,28.854761905,50.076190476,26.938095238000002,66.416666667,32.84047619,73.633333333,33.1,64.964285714,206,2016-08-31,GG,8,2,31,Wednesday,False,0,0,0,0,0,0,0,1,0.0,0.0,0.0,0.0,0.0,0.0,0.0,0.10000000000000142,0,False
3891,20160831_GJ,28.5,65.0,26.1,70.1,27.1,69.8,25.5,84.6,26.2,82.3,28.5,93.8,35.0,68.3,34.9,72.6,31,2016-08-31,GJ,8,2,31,Wednesday,False,0,0,0,0,0,0,1,1,0.0,0.0,0.0,0.0,0.0,0.0,2.0,1.8999999999999986,0,False
3892,20160831_GN,29.490909091,49.01363636399999,26.322727273,59.695238095,26.868181818000004,63.722727273000004,22.463636364,90.113636364,28.513636364,60.5,28.445454545,84.16818181800001,34.263636364,70.659090909,33.881818181999996,64.127272727,65,2016-08-31,GN,8,2,31,Wednesday,False,0,0,0,0,0,0,1,1,0.0,0.0,0.0,0.0,0.0,0.0,1.263636364,0.8818181819999964,0,False
3893,20160831_GW,20.983333333,72.833333333,22.205555556,78.166666667,21.377777778,81.355555556,21.516666667,83.43333333300001,26.305555555999998,65.861111111,24.627777778000002,72.65,32.411111111,73.21111111100001,31.505555555999997,70.15555555600001,50,2016-08-31,GW,8,2,31,Wednesday,False,0,0,0,0,0,0,0,0,0.0,0.0,0.0,0.0,0.0,0.0,0.0,0.0,0,False
3894,20160831_IC,20.74,94.64,24.47,73.54,26.81,63.61,25.89,68.39,28.03,51.48,27.05,67.18,30.94,88.83,31.8,81.28,50,2016-08-31,IC,8,2,31,Wednesday,False,0,0,0,0,0,0,0,0,0.0,0.0,0.0,0.0,0.0,0.0,0.0,0.0,0,False
3895,20160831_JB,26.14,64.5,24.193333333,71.52,26.62,70.08,23.793333333000003,82.326666667,26.34,69.266666667,26.26,87.48666666700001,33.54,69.833333333,34.226666666999996,71.98,68,2016-08-31,JB,8,2,31,Wednesday,False,0,0,0,0,0,0,1,1,0.0,0.0,0.0,0.0,0.0,0.0,0.5399999999999991,1.2266666669999964,0,False
3896,20160831_JJ,28.5,65.85,27.55,61.45,27.6,59.35,25.95,80.15,25.7,83.95,31.7,73.9,31.45,78.1,30.9,74.25,18,2016-08-31,JJ,8,2,31,Wednesday,False,0,0,0,0,0,0,0,0,0.0,0.0,0.0,0.0,0.0,0.0,0.0,0.0,0,False
3897,20160831_JN,28.504545455,63.26363636399999,26.131818181999996,67.909090909,26.954545455,66.990909091,25.027272727,82.245454545,26.236363636,75.981818182,29.877272726999998,85.75,33.904545455,72.204545455,34.118181818000004,69.527272727,43,2016-08-31,JN,8,2,31,Wednesday,False,0,0,0,0,0,0,1,1,0.0,0.0,0.0,0.0,0.0,0.0,0.9045454549999974,1.1181818180000036,0,False
3898,20160831_SU,19.2,85.3,24.5,60.4,27.1,54.5,24.5,62.5,29.7,43.3,28.2,57.0,32.2,70.4,32.9,59.1,219,2016-08-31,SU,8,2,31,Wednesday,False,0,0,0,0,0,0,0,0,0.0,0.0,0.0,0.0,0.0,0.0,0.0,0.0,0,False
3899,20160831_US,29.4,48.5,26.4,66.8,24.2,75.5,23.2,97.6,25.9,61.5,27.2,85.9,32.7,82.0,30.1,80.0,12,2016-08-31,US,8,2,31,Wednesday,False,0,0,0,0,0,0,0,0,0.0,0.0,0.0,0.0,0.0,0.0,0.0,0.0,0,False
3900,20160901_BS,29.3,72.0,29.8,52.5,26.0,58.6,25.7,66.8,24.0,94.3,28.2,61.6,27.9,74.6,33.4,73.4,633,2016-09-01,BS,9,3,1,Thursday,False,0,0,0,0,0,0,0,1,0.0,0.0,0.0,0.0,0.0,0.0,0.0,0.3999999999999986,1,False
3901,20160901_CB,30.946666667,66.393333333,23.013333333000002,77.08,23.26,77.93333333300001,25.093333333,70.226666667,23.333333333000002,77.973333333,27.033333333,58.006666667,26.14,78.56666666699999,33.746666667,59.626666666999995,121,2016-09-01,CB,9,3,1,Thursday,False,0,0,0,0,0,0,0,1,0.0,0.0,0.0,0.0,0.0,0.0,0.0,0.7466666669999995,1,False
3902,20160901_CN,29.93125,77.44375,24.30625,82.9625,24.0125,80.2,27.075,74.2875,25.16875,80.79375,27.5,67.78125,26.01875,87.2,33.45,75.33125,269,2016-09-01,CN,9,3,1,Thursday,False,0,0,0,0,0,0,0,1,0.0,0.0,0.0,0.0,0.0,0.0,0.0,0.45000000000000284,1,False
3903,20160901_DG,32.2,55.0,28.5,46.8,26.0,60.1,25.6,60.3,23.0,88.6,27.4,56.9,30.2,75.9,36.2,54.9,315,2016-09-01,DG,9,3,1,Thursday,False,0,0,0,0,0,0,0,1,0.0,0.0,0.0,0.0,0.0,0.0,0.0,3.200000000000003,1,False
3904,20160901_DJ,31.5,64.3,24.8,72.9,22.6,82.6,27.2,75.1,24.5,81.8,27.9,63.9,27.4,84.4,33.9,65.9,210,2016-09-01,DJ,9,3,1,Thursday,False,0,0,0,0,0,0,0,1,0.0,0.0,0.0,0.0,0.0,0.0,0.0,0.8999999999999986,1,False
3905,20160901_GB,30.754166667,65.4125,25.770833333000002,61.333333333,24.970833333,69.5875,23.745833333,72.1125,21.7125,92.55,27.079166667,64.033333333,26.9125,83.866666667,34.483333333000004,65.075,390,2016-09-01,GB,9,3,1,Thursday,False,0,0,0,0,0,0,0,1,0.0,0.0,0.0,0.0,0.0,0.0,0.0,1.4833333330000045,1,False
3906,20160901_GG,29.016666667,77.86428571399999,20.521428570999998,88.126190476,24.680952380999997,68.404761905,26.976190476,63.216666667,23.926190476,68.164285714,28.854761905,50.076190476,26.938095238000002,66.416666667,32.84047619,73.633333333,885,2016-09-01,GG,9,3,1,Thursday,False,0,0,0,0,0,0,0,0,0.0,0.0,0.0,0.0,0.0,0.0,0.0,0.0,1,False
3907,20160901_GJ,32.2,67.8,28.5,65.0,26.1,70.1,27.1,69.8,25.5,84.6,26.2,82.3,28.5,93.8,35.0,68.3,210,2016-09-01,GJ,9,3,1,Thursday,False,0,0,0,0,0,0,0,1,0.0,0.0,0.0,0.0,0.0,0.0,0.0,2.0,1,False
3908,20160901_GN,30.168181818,68.909090909,29.490909091,49.01363636399999,26.322727273,59.695238095,26.868181818000004,63.722727273000004,22.463636364,90.113636364,28.513636364,60.5,28.445454545,84.16818181800001,34.263636364,70.659090909,505,2016-09-01,GN,9,3,1,Thursday,False,0,0,0,0,0,0,0,1,0.0,0.0,0.0,0.0,0.0,0.0,0.0,1.263636364,1,False
3909,20160901_GW,28.95,72.005555556,20.983333333,72.833333333,22.205555556,78.166666667,21.377777778,81.355555556,21.516666667,83.43333333300001,26.305555555999998,65.861111111,24.627777778000002,72.65,32.411111111,73.21111111100001,103,2016-09-01,GW,9,3,1,Thursday,False,0,0,0,0,0,0,0,0,0.0,0.0,0.0,0.0,0.0,0.0,0.0,0.0,1,False
3910,20160901_IC,27.56,90.32,20.74,94.64,24.47,73.54,26.81,63.61,25.89,68.39,28.03,51.48,27.05,67.18,30.94,88.83,179,2016-09-01,IC,9,3,1,Thursday,False,0,0,0,0,0,0,0,0,0.0,0.0,0.0,0.0,0.0,0.0,0.0,0.0,1,False
3911,20160901_JB,31.186666666999997,63.013333333,26.14,64.5,24.193333333,71.52,26.62,70.08,23.793333333000003,82.326666667,26.34,69.266666667,26.26,87.48666666700001,33.54,69.833333333,421,2016-09-01,JB,9,3,1,Thursday,False,0,0,0,0,0,0,0,1,0.0,0.0,0.0,0.0,0.0,0.0,0.0,0.5399999999999991,1,False
3912,20160901_JJ,30.8,75.55,28.5,65.85,27.55,61.45,27.6,59.35,25.95,80.15,25.7,83.95,31.7,73.9,31.45,78.1,32,2016-09-01,JJ,9,3,1,Thursday,False,0,0,0,0,0,0,0,0,0.0,0.0,0.0,0.0,0.0,0.0,0.0,0.0,1,False
3913,20160901_JN,31.013636364,70.95,28.504545455,63.26363636399999,26.131818181999996,67.909090909,26.954545455,66.990909091,25.027272727,82.245454545,26.236363636,75.981818182,29.877272726999998,85.75,33.904545455,72.204545455,271,2016-09-01,JN,9,3,1,Thursday,False,0,0,0,0,0,0,0,1,0.0,0.0,0.0,0.0,0.0,0.0,0.0,0.9045454549999974,1,False
3914,20160901_SU,28.6,71.3,19.2,85.3,24.5,60.4,27.1,54.5,24.5,62.5,29.7,43.3,28.2,57.0,32.2,70.4,588,2016-09-01,SU,9,3,1,Thursday,False,0,0,0,0,0,0,0,0,0.0,0.0,0.0,0.0,0.0,0.0,0.0,0.0,1,False
3915,20160901_US,30.0,70.1,29.4,48.5,26.4,66.8,24.2,75.5,23.2,97.6,25.9,61.5,27.2,85.9,32.7,82.0,138,2016-09-01,US,9,3,1,Thursday,False,0,0,0,0,0,0,0,0,0.0,0.0,0.0,0.0,0.0,0.0,0.0,0.0,1,False
3916,20160902_BS,24.9,93.9,29.3,72.0,29.8,52.5,26.0,58.6,25.7,66.8,24.0,94.3,28.2,61.6,27.9,74.6,74,2016-09-02,BS,9,4,2,Friday,False,0,0,0,0,0,0,0,0,0.0,0.0,0.0,0.0,0.0,0.0,0.0,0.0,0,False
3917,20160902_CB,24.6,77.026666667,30.946666667,66.393333333,23.013333333000002,77.08,23.26,77.93333333300001,25.093333333,70.226666667,23.333333333000002,77.973333333,27.033333333,58.006666667,26.14,78.56666666699999,31,2016-09-02,CB,9,4,2,Friday,False,0,0,0,0,0,0,0,0,0.0,0.0,0.0,0.0,0.0,0.0,0.0,0.0,0,False
3918,20160902_CN,27.09375,81.35625,29.93125,77.44375,24.30625,82.9625,24.0125,80.2,27.075,74.2875,25.16875,80.79375,27.5,67.78125,26.01875,87.2,77,2016-09-02,CN,9,4,2,Friday,False,0,0,0,0,0,0,0,0,0.0,0.0,0.0,0.0,0.0,0.0,0.0,0.0,0,False
3919,20160902_DG,21.5,93.8,32.2,55.0,28.5,46.8,26.0,60.1,25.6,60.3,23.0,88.6,27.4,56.9,30.2,75.9,75,2016-09-02,DG,9,4,2,Friday,False,0,0,0,0,0,0,0,0,0.0,0.0,0.0,0.0,0.0,0.0,0.0,0.0,0,False
3920,20160902_DJ,24.9,81.0,31.5,64.3,24.8,72.9,22.6,82.6,27.2,75.1,24.5,81.8,27.9,63.9,27.4,84.4,40,2016-09-02,DJ,9,4,2,Friday,False,0,0,0,0,0,0,0,0,0.0,0.0,0.0,0.0,0.0,0.0,0.0,0.0,0,False
3921,20160902_GB,22.841666667,93.76666666700001,30.754166667,65.4125,25.770833333000002,61.333333333,24.970833333,69.5875,23.745833333,72.1125,21.7125,92.55,27.079166667,64.033333333,26.9125,83.866666667,70,2016-09-02,GB,9,4,2,Friday,False,0,0,0,0,0,0,0,0,0.0,0.0,0.0,0.0,0.0,0.0,0.0,0.0,0,False
3922,20160902_GG,28.726190476,73.983333333,29.016666667,77.86428571399999,20.521428570999998,88.126190476,24.680952380999997,68.404761905,26.976190476,63.216666667,23.926190476,68.164285714,28.854761905,50.076190476,26.938095238000002,66.416666667,196,2016-09-02,GG,9,4,2,Friday,False,0,0,0,0,0,0,0,0,0.0,0.0,0.0,0.0,0.0,0.0,0.0,0.0,0,False
3923,20160902_GJ,24.8,94.1,32.2,67.8,28.5,65.0,26.1,70.1,27.1,69.8,25.5,84.6,26.2,82.3,28.5,93.8,33,2016-09-02,GJ,9,4,2,Friday,False,0,0,0,0,0,0,0,0,0.0,0.0,0.0,0.0,0.0,0.0,0.0,0.0,0,False
3924,20160902_GN,23.345454545,94.859090909,30.168181818,68.909090909,29.490909091,49.01363636399999,26.322727273,59.695238095,26.868181818000004,63.722727273000004,22.463636364,90.113636364,28.513636364,60.5,28.445454545,84.16818181800001,50,2016-09-02,GN,9,4,2,Friday,False,0,0,0,0,0,0,0,0,0.0,0.0,0.0,0.0,0.0,0.0,0.0,0.0,0,False
3925,20160902_GW,24.95,84.911111111,28.95,72.005555556,20.983333333,72.833333333,22.205555556,78.166666667,21.377777778,81.355555556,21.516666667,83.43333333300001,26.305555555999998,65.861111111,24.627777778000002,72.65,35,2016-09-02,GW,9,4,2,Friday,False,0,0,0,0,0,0,0,0,0.0,0.0,0.0,0.0,0.0,0.0,0.0,0.0,0,False
3926,20160902_IC,28.96,82.92,27.56,90.32,20.74,94.64,24.47,73.54,26.81,63.61,25.89,68.39,28.03,51.48,27.05,67.18,52,2016-09-02,IC,9,4,2,Friday,False,0,0,0,0,0,0,0,0,0.0,0.0,0.0,0.0,0.0,0.0,0.0,0.0,0,False
3927,20160902_JB,24.906666667,83.42,31.186666666999997,63.013333333,26.14,64.5,24.193333333,71.52,26.62,70.08,23.793333333000003,82.326666667,26.34,69.266666667,26.26,87.48666666700001,93,2016-09-02,JB,9,4,2,Friday,False,0,0,0,0,0,0,0,0,0.0,0.0,0.0,0.0,0.0,0.0,0.0,0.0,0,False
3928,20160902_JJ,24.35,95.05,30.8,75.55,28.5,65.85,27.55,61.45,27.6,59.35,25.95,80.15,25.7,83.95,31.7,73.9,18,2016-09-02,JJ,9,4,2,Friday,False,0,0,0,0,0,0,0,0,0.0,0.0,0.0,0.0,0.0,0.0,0.0,0.0,0,False
3929,20160902_JN,24.595454545,91.67272727299999,31.013636364,70.95,28.504545455,63.26363636399999,26.131818181999996,67.909090909,26.954545455,66.990909091,25.027272727,82.245454545,26.236363636,75.981818182,29.877272726999998,85.75,64,2016-09-02,JN,9,4,2,Friday,False,0,0,0,0,0,0,0,0,0.0,0.0,0.0,0.0,0.0,0.0,0.0,0.0,0,False
3930,20160902_SU,29.0,68.5,28.6,71.3,19.2,85.3,24.5,60.4,27.1,54.5,24.5,62.5,29.7,43.3,28.2,57.0,234,2016-09-02,SU,9,4,2,Friday,False,0,0,0,0,0,0,0,0,0.0,0.0,0.0,0.0,0.0,0.0,0.0,0.0,0,False
3931,20160902_US,25.1,96.1,30.0,70.1,29.4,48.5,26.4,66.8,24.2,75.5,23.2,97.6,25.9,61.5,27.2,85.9,9,2016-09-02,US,9,4,2,Friday,False,0,0,0,0,0,0,0,0,0.0,0.0,0.0,0.0,0.0,0.0,0.0,0.0,0,False
3932,20160903_BS,27.9,87.6,24.9,93.9,29.3,72.0,29.8,52.5,26.0,58.6,25.7,66.8,24.0,94.3,28.2,61.6,17,2016-09-03,BS,9,5,3,Saturday,False,0,0,0,0,0,0,0,0,0.0,0.0,0.0,0.0,0.0,0.0,0.0,0.0,0,True
3933,20160903_CB,28.693333333,75.126666667,24.6,77.026666667,30.946666667,66.393333333,23.013333333000002,77.08,23.26,77.93333333300001,25.093333333,70.226666667,23.333333333000002,77.973333333,27.033333333,58.006666667,5,2016-09-03,CB,9,5,3,Saturday,False,0,0,0,0,0,0,0,0,0.0,0.0,0.0,0.0,0.0,0.0,0.0,0.0,0,True
3934,20160903_CN,29.7875,81.125,27.09375,81.35625,29.93125,77.44375,24.30625,82.9625,24.0125,80.2,27.075,74.2875,25.16875,80.79375,27.5,67.78125,18,2016-09-03,CN,9,5,3,Saturday,False,0,0,0,0,0,0,0,0,0.0,0.0,0.0,0.0,0.0,0.0,0.0,0.0,0,True
3935,20160903_DG,24.4,93.5,21.5,93.8,32.2,55.0,28.5,46.8,26.0,60.1,25.6,60.3,23.0,88.6,27.4,56.9,14,2016-09-03,DG,9,5,3,Saturday,False,0,0,0,0,0,0,0,0,0.0,0.0,0.0,0.0,0.0,0.0,0.0,0.0,0,True
3936,20160903_DJ,30.3,76.0,24.9,81.0,31.5,64.3,24.8,72.9,22.6,82.6,27.2,75.1,24.5,81.8,27.9,63.9,9,2016-09-03,DJ,9,5,3,Saturday,False,0,0,0,0,0,0,0,0,0.0,0.0,0.0,0.0,0.0,0.0,0.0,0.0,0,True
3937,20160903_GB,23.579166667,95.05,22.841666667,93.76666666700001,30.754166667,65.4125,25.770833333000002,61.333333333,24.970833333,69.5875,23.745833333,72.1125,21.7125,92.55,27.079166667,64.033333333,19,2016-09-03,GB,9,5,3,Saturday,False,0,0,0,0,0,0,0,0,0.0,0.0,0.0,0.0,0.0,0.0,0.0,0.0,0,True
3938,20160903_GG,29.035714285999997,79.08809523800001,28.726190476,73.983333333,29.016666667,77.86428571399999,20.521428570999998,88.126190476,24.680952380999997,68.404761905,26.976190476,63.216666667,23.926190476,68.164285714,28.854761905,50.076190476,57,2016-09-03,GG,9,5,3,Saturday,False,0,0,0,0,0,0,0,0,0.0,0.0,0.0,0.0,0.0,0.0,0.0,0.0,0,True
3939,20160903_GJ,31.7,79.4,24.8,94.1,32.2,67.8,28.5,65.0,26.1,70.1,27.1,69.8,25.5,84.6,26.2,82.3,6,2016-09-03,GJ,9,5,3,Saturday,False,0,0,0,0,0,0,0,0,0.0,0.0,0.0,0.0,0.0,0.0,0.0,0.0,0,True
3940,20160903_GN,25.686363636,92.904545455,23.345454545,94.859090909,30.168181818,68.909090909,29.490909091,49.01363636399999,26.322727273,59.695238095,26.868181818000004,63.722727273000004,22.463636364,90.113636364,28.513636364,60.5,15,2016-09-03,GN,9,5,3,Saturday,False,0,0,0,0,0,0,0,0,0.0,0.0,0.0,0.0,0.0,0.0,0.0,0.0,0,True
3941,20160903_GW,25.733333333,89.166666667,24.95,84.911111111,28.95,72.005555556,20.983333333,72.833333333,22.205555556,78.166666667,21.377777778,81.355555556,21.516666667,83.43333333300001,26.305555555999998,65.861111111,9,2016-09-03,GW,9,5,3,Saturday,False,0,0,0,0,0,0,0,0,0.0,0.0,0.0,0.0,0.0,0.0,0.0,0.0,0,True
3942,20160903_IC,28.33,89.4,28.96,82.92,27.56,90.32,20.74,94.64,24.47,73.54,26.81,63.61,25.89,68.39,28.03,51.48,10,2016-09-03,IC,9,5,3,Saturday,False,0,0,0,0,0,0,0,0,0.0,0.0,0.0,0.0,0.0,0.0,0.0,0.0,0,True
3943,20160903_JB,30.573333333,76.773333333,24.906666667,83.42,31.186666666999997,63.013333333,26.14,64.5,24.193333333,71.52,26.62,70.08,23.793333333000003,82.326666667,26.34,69.266666667,17,2016-09-03,JB,9,5,3,Saturday,False,0,0,0,0,0,0,0,0,0.0,0.0,0.0,0.0,0.0,0.0,0.0,0.0,0,True
3944,20160903_JJ,27.2,88.95,24.35,95.05,30.8,75.55,28.5,65.85,27.55,61.45,27.6,59.35,25.95,80.15,25.7,83.95,4,2016-09-03,JJ,9,5,3,Saturday,False,0,0,0,0,0,0,0,0,0.0,0.0,0.0,0.0,0.0,0.0,0.0,0.0,0,True
3945,20160903_JN,29.859090909000003,82.759090909,24.595454545,91.67272727299999,31.013636364,70.95,28.504545455,63.26363636399999,26.131818181999996,67.909090909,26.954545455,66.990909091,25.027272727,82.245454545,26.236363636,75.981818182,26,2016-09-03,JN,9,5,3,Saturday,False,0,0,0,0,0,0,0,0,0.0,0.0,0.0,0.0,0.0,0.0,0.0,0.0,0,True
3946,20160903_SU,28.6,73.8,29.0,68.5,28.6,71.3,19.2,85.3,24.5,60.4,27.1,54.5,24.5,62.5,29.7,43.3,45,2016-09-03,SU,9,5,3,Saturday,False,0,0,0,0,0,0,0,0,0.0,0.0,0.0,0.0,0.0,0.0,0.0,0.0,0,True
3947,20160903_US,26.3,97.6,25.1,96.1,30.0,70.1,29.4,48.5,26.4,66.8,24.2,75.5,23.2,97.6,25.9,61.5,1,2016-09-03,US,9,5,3,Saturday,False,0,0,0,0,0,0,0,0,0.0,0.0,0.0,0.0,0.0,0.0,0.0,0.0,0,True
3948,20160904_BS,28.4,78.6,27.9,87.6,24.9,93.9,29.3,72.0,29.8,52.5,26.0,58.6,25.7,66.8,24.0,94.3,1,2016-09-04,BS,9,6,4,Sunday,False,0,0,0,0,0,0,0,0,0.0,0.0,0.0,0.0,0.0,0.0,0.0,0.0,0,True
3949,20160904_CB,30.3,78.78666666699999,28.693333333,75.126666667,24.6,77.026666667,30.946666667,66.393333333,23.013333333000002,77.08,23.26,77.93333333300001,25.093333333,70.226666667,23.333333333000002,77.973333333,1,2016-09-04,CB,9,6,4,Sunday,False,0,0,0,0,0,0,0,0,0.0,0.0,0.0,0.0,0.0,0.0,0.0,0.0,0,True
3950,20160904_CN,30.49375,83.29375,29.7875,81.125,27.09375,81.35625,29.93125,77.44375,24.30625,82.9625,24.0125,80.2,27.075,74.2875,25.16875,80.79375,1,2016-09-04,CN,9,6,4,Sunday,False,0,0,0,0,0,0,0,0,0.0,0.0,0.0,0.0,0.0,0.0,0.0,0.0,0,True
3951,20160904_DG,27.8,87.6,24.4,93.5,21.5,93.8,32.2,55.0,28.5,46.8,26.0,60.1,25.6,60.3,23.0,88.6,0,2016-09-04,DG,9,6,4,Sunday,False,0,0,0,0,0,0,0,0,0.0,0.0,0.0,0.0,0.0,0.0,0.0,0.0,0,True
3952,20160904_DJ,30.4,80.3,30.3,76.0,24.9,81.0,31.5,64.3,24.8,72.9,22.6,82.6,27.2,75.1,24.5,81.8,1,2016-09-04,DJ,9,6,4,Sunday,False,0,0,0,0,0,0,0,0,0.0,0.0,0.0,0.0,0.0,0.0,0.0,0.0,0,True
3953,20160904_GB,28.658333333,87.90416666700001,23.579166667,95.05,22.841666667,93.76666666700001,30.754166667,65.4125,25.770833333000002,61.333333333,24.970833333,69.5875,23.745833333,72.1125,21.7125,92.55,1,2016-09-04,GB,9,6,4,Sunday,False,0,0,0,0,0,0,0,0,0.0,0.0,0.0,0.0,0.0,0.0,0.0,0.0,0,True
3954,20160904_GG,29.571428571,77.70952381,29.035714285999997,79.08809523800001,28.726190476,73.983333333,29.016666667,77.86428571399999,20.521428570999998,88.126190476,24.680952380999997,68.404761905,26.976190476,63.216666667,23.926190476,68.164285714,6,2016-09-04,GG,9,6,4,Sunday,False,0,0,0,0,0,0,0,0,0.0,0.0,0.0,0.0,0.0,0.0,0.0,0.0,0,True
3955,20160904_GN,28.990909091,85.909090909,25.686363636,92.904545455,23.345454545,94.859090909,30.168181818,68.909090909,29.490909091,49.01363636399999,26.322727273,59.695238095,26.868181818000004,63.722727273000004,22.463636364,90.113636364,2,2016-09-04,GN,9,6,4,Sunday,False,0,0,0,0,0,0,0,0,0.0,0.0,0.0,0.0,0.0,0.0,0.0,0.0,0,True
3956,20160904_GW,26.688888889,86.377777778,25.733333333,89.166666667,24.95,84.911111111,28.95,72.005555556,20.983333333,72.833333333,22.205555556,78.166666667,21.377777778,81.355555556,21.516666667,83.43333333300001,1,2016-09-04,GW,9,6,4,Sunday,False,0,0,0,0,0,0,0,0,0.0,0.0,0.0,0.0,0.0,0.0,0.0,0.0,0,True
3957,20160904_IC,28.02,93.02,28.33,89.4,28.96,82.92,27.56,90.32,20.74,94.64,24.47,73.54,26.81,63.61,25.89,68.39,1,2016-09-04,IC,9,6,4,Sunday,False,0,0,0,0,0,0,0,0,0.0,0.0,0.0,0.0,0.0,0.0,0.0,0.0,0,True
3958,20160904_JB,30.94,79.953333333,30.573333333,76.773333333,24.906666667,83.42,31.186666666999997,63.013333333,26.14,64.5,24.193333333,71.52,26.62,70.08,23.793333333000003,82.326666667,0,2016-09-04,JB,9,6,4,Sunday,False,0,0,0,0,0,0,0,0,0.0,0.0,0.0,0.0,0.0,0.0,0.0,0.0,0,True
3959,20160904_JJ,28.95,80.4,27.2,88.95,24.35,95.05,30.8,75.55,28.5,65.85,27.55,61.45,27.6,59.35,25.95,80.15,0,2016-09-04,JJ,9,6,4,Sunday,False,0,0,0,0,0,0,0,0,0.0,0.0,0.0,0.0,0.0,0.0,0.0,0.0,0,True
3960,20160904_JN,31.390909090999997,82.172727273,29.859090909000003,82.759090909,24.595454545,91.67272727299999,31.013636364,70.95,28.504545455,63.26363636399999,26.131818181999996,67.909090909,26.954545455,66.990909091,25.027272727,82.245454545,2,2016-09-04,JN,9,6,4,Sunday,False,0,0,0,0,0,0,0,0,0.0,0.0,0.0,0.0,0.0,0.0,0.0,0.0,0,True
3961,20160904_SU,29.6,71.3,28.6,73.8,29.0,68.5,28.6,71.3,19.2,85.3,24.5,60.4,27.1,54.5,24.5,62.5,8,2016-09-04,SU,9,6,4,Sunday,False,0,0,0,0,0,0,0,0,0.0,0.0,0.0,0.0,0.0,0.0,0.0,0.0,0,True
3962,20160904_US,25.8,96.9,26.3,97.6,25.1,96.1,30.0,70.1,29.4,48.5,26.4,66.8,24.2,75.5,23.2,97.6,0,2016-09-04,US,9,6,4,Sunday,False,0,0,0,0,0,0,0,0,0.0,0.0,0.0,0.0,0.0,0.0,0.0,0.0,0,True
3963,20160905_BS,29.2,83.8,28.4,78.6,27.9,87.6,24.9,93.9,29.3,72.0,29.8,52.5,26.0,58.6,25.7,66.8,113,2016-09-05,BS,9,0,5,Monday,False,0,0,0,0,0,0,0,0,0.0,0.0,0.0,0.0,0.0,0.0,0.0,0.0,0,False
3964,20160905_CB,30.46,80.42,30.3,78.78666666699999,28.693333333,75.126666667,24.6,77.026666667,30.946666667,66.393333333,23.013333333000002,77.08,23.26,77.93333333300001,25.093333333,70.226666667,36,2016-09-05,CB,9,0,5,Monday,False,0,0,0,0,0,0,0,0,0.0,0.0,0.0,0.0,0.0,0.0,0.0,0.0,0,False
3965,20160905_CN,30.4375,84.0125,30.49375,83.29375,29.7875,81.125,27.09375,81.35625,29.93125,77.44375,24.30625,82.9625,24.0125,80.2,27.075,74.2875,80,2016-09-05,CN,9,0,5,Monday,False,0,0,0,0,0,0,0,0,0.0,0.0,0.0,0.0,0.0,0.0,0.0,0.0,0,False
3966,20160905_DG,27.8,86.8,27.8,87.6,24.4,93.5,21.5,93.8,32.2,55.0,28.5,46.8,26.0,60.1,25.6,60.3,70,2016-09-05,DG,9,0,5,Monday,False,0,0,0,0,0,0,0,0,0.0,0.0,0.0,0.0,0.0,0.0,0.0,0.0,0,False
3967,20160905_DJ,30.5,82.4,30.4,80.3,30.3,76.0,24.9,81.0,31.5,64.3,24.8,72.9,22.6,82.6,27.2,75.1,43,2016-09-05,DJ,9,0,5,Monday,False,0,0,0,0,0,0,0,0,0.0,0.0,0.0,0.0,0.0,0.0,0.0,0.0,0,False
3968,20160905_GB,27.141666667,91.133333333,28.658333333,87.90416666700001,23.579166667,95.05,22.841666667,93.76666666700001,30.754166667,65.4125,25.770833333000002,61.333333333,24.970833333,69.5875,23.745833333,72.1125,82,2016-09-05,GB,9,0,5,Monday,False,0,0,0,0,0,0,0,0,0.0,0.0,0.0,0.0,0.0,0.0,0.0,0.0,0,False
3969,20160905_GG,31.021428570999998,74.06666666699999,29.571428571,77.70952381,29.035714285999997,79.08809523800001,28.726190476,73.983333333,29.016666667,77.86428571399999,20.521428570999998,88.126190476,24.680952380999997,68.404761905,26.976190476,63.216666667,241,2016-09-05,GG,9,0,5,Monday,False,0,0,0,0,0,0,0,0,0.0,0.0,0.0,0.0,0.0,0.0,0.0,0.0,0,False
3970,20160905_GJ,30.7,83.0,33.0,82.1,31.7,79.4,24.8,94.1,32.2,67.8,28.5,65.0,26.1,70.1,27.1,69.8,43,2016-09-05,GJ,9,0,5,Monday,False,0,0,0,0,0,0,0,0,0.0,0.0,0.0,0.0,0.0,0.0,0.0,0.0,0,False
3971,20160905_GN,29.077272726999997,87.604545455,28.990909091,85.909090909,25.686363636,92.904545455,23.345454545,94.859090909,30.168181818,68.909090909,29.490909091,49.01363636399999,26.322727273,59.695238095,26.868181818000004,63.722727273000004,83,2016-09-05,GN,9,0,5,Monday,False,0,0,0,0,0,0,0,0,0.0,0.0,0.0,0.0,0.0,0.0,0.0,0.0,0,False
3972,20160905_GW,27.783333333,85.577777778,26.688888889,86.377777778,25.733333333,89.166666667,24.95,84.911111111,28.95,72.005555556,20.983333333,72.833333333,22.205555556,78.166666667,21.377777778,81.355555556,46,2016-09-05,GW,9,0,5,Monday,False,0,0,0,0,0,0,0,0,0.0,0.0,0.0,0.0,0.0,0.0,0.0,0.0,0,False
3973,20160905_IC,29.09,89.24,28.02,93.02,28.33,89.4,28.96,82.92,27.56,90.32,20.74,94.64,24.47,73.54,26.81,63.61,54,2016-09-05,IC,9,0,5,Monday,False,0,0,0,0,0,0,0,0,0.0,0.0,0.0,0.0,0.0,0.0,0.0,0.0,0,False
3974,20160905_JB,30.086666667,84.026666667,30.94,79.953333333,30.573333333,76.773333333,24.906666667,83.42,31.186666666999997,63.013333333,26.14,64.5,24.193333333,71.52,26.62,70.08,108,2016-09-05,JB,9,0,5,Monday,False,0,0,0,0,0,0,0,0,0.0,0.0,0.0,0.0,0.0,0.0,0.0,0.0,0,False
3975,20160905_JJ,28.6,84.25,28.95,80.4,27.2,88.95,24.35,95.05,30.8,75.55,28.5,65.85,27.55,61.45,27.6,59.35,17,2016-09-05,JJ,9,0,5,Monday,False,0,0,0,0,0,0,0,0,0.0,0.0,0.0,0.0,0.0,0.0,0.0,0.0,0,False
3976,20160905_JN,30.318181818000003,84.027272727,31.390909090999997,82.172727273,29.859090909000003,82.759090909,24.595454545,91.67272727299999,31.013636364,70.95,28.504545455,63.26363636399999,26.131818181999996,67.909090909,26.954545455,66.990909091,65,2016-09-05,JN,9,0,5,Monday,False,0,0,0,0,0,0,0,0,0.0,0.0,0.0,0.0,0.0,0.0,0.0,0.0,0,False
3977,20160905_SU,31.1,66.1,29.6,71.3,28.6,73.8,29.0,68.5,28.6,71.3,19.2,85.3,24.5,60.4,27.1,54.5,278,2016-09-05,SU,9,0,5,Monday,False,0,0,0,0,0,0,0,0,0.0,0.0,0.0,0.0,0.0,0.0,0.0,0.0,0,False
3978,20160905_US,27.1,96.8,25.8,96.9,26.3,97.6,25.1,96.1,30.0,70.1,29.4,48.5,26.4,66.8,24.2,75.5,21,2016-09-05,US,9,0,5,Monday,False,0,0,0,0,0,0,0,0,0.0,0.0,0.0,0.0,0.0,0.0,0.0,0.0,0,False
3979,20160906_BS,28.8,80.8,29.2,83.8,28.4,78.6,27.9,87.6,24.9,93.9,29.3,72.0,29.8,52.5,26.0,58.6,92,2016-09-06,BS,9,1,6,Tuesday,False,0,0,0,0,0,0,0,0,0.0,0.0,0.0,0.0,0.0,0.0,0.0,0.0,0,False
3980,20160906_CB,27.94,77.2,30.46,80.42,30.3,78.78666666699999,28.693333333,75.126666667,24.6,77.026666667,30.946666667,66.393333333,23.013333333000002,77.08,23.26,77.93333333300001,43,2016-09-06,CB,9,1,6,Tuesday,False,0,0,0,0,0,0,0,0,0.0,0.0,0.0,0.0,0.0,0.0,0.0,0.0,0,False
3981,20160906_CN,27.26875,85.45,30.4375,84.0125,30.49375,83.29375,29.7875,81.125,27.09375,81.35625,29.93125,77.44375,24.30625,82.9625,24.0125,80.2,67,2016-09-06,CN,9,1,6,Tuesday,False,0,0,0,0,0,0,0,0,0.0,0.0,0.0,0.0,0.0,0.0,0.0,0.0,0,False
3982,20160906_DG,28.6,77.5,27.8,86.8,27.8,87.6,24.4,93.5,21.5,93.8,32.2,55.0,28.5,46.8,26.0,60.1,69,2016-09-06,DG,9,1,6,Tuesday,False,0,0,0,0,0,0,0,0,0.0,0.0,0.0,0.0,0.0,0.0,0.0,0.0,0,False
3983,20160906_DJ,28.1,79.0,30.5,82.4,30.4,80.3,30.3,76.0,24.9,81.0,31.5,64.3,24.8,72.9,22.6,82.6,35,2016-09-06,DJ,9,1,6,Tuesday,False,0,0,0,0,0,0,0,0,0.0,0.0,0.0,0.0,0.0,0.0,0.0,0.0,0,False
3984,20160906_GB,27.991666666999997,84.954166667,27.141666667,91.133333333,28.658333333,87.90416666700001,23.579166667,95.05,22.841666667,93.76666666700001,30.754166667,65.4125,25.770833333000002,61.333333333,24.970833333,69.5875,67,2016-09-06,GB,9,1,6,Tuesday,False,0,0,0,0,0,0,0,0,0.0,0.0,0.0,0.0,0.0,0.0,0.0,0.0,0,False
3985,20160906_GG,28.607142857,79.15952381,31.021428570999998,74.06666666699999,29.571428571,77.70952381,29.035714285999997,79.08809523800001,28.726190476,73.983333333,29.016666667,77.86428571399999,20.521428570999998,88.126190476,24.680952380999997,68.404761905,211,2016-09-06,GG,9,1,6,Tuesday,False,0,0,0,0,0,0,0,0,0.0,0.0,0.0,0.0,0.0,0.0,0.0,0.0,0,False
3986,20160906_GJ,27.6,85.6,30.7,83.0,33.0,82.1,31.7,79.4,24.8,94.1,32.2,67.8,28.5,65.0,26.1,70.1,41,2016-09-06,GJ,9,1,6,Tuesday,False,0,0,0,0,0,0,0,0,0.0,0.0,0.0,0.0,0.0,0.0,0.0,0.0,0,False
3987,20160906_GN,28.095454545,86.109090909,29.077272726999997,87.604545455,28.990909091,85.909090909,25.686363636,92.904545455,23.345454545,94.859090909,30.168181818,68.909090909,29.490909091,49.01363636399999,26.322727273,59.695238095,73,2016-09-06,GN,9,1,6,Tuesday,False,0,0,0,0,0,0,0,0,0.0,0.0,0.0,0.0,0.0,0.0,0.0,0.0,0,False
3988,20160906_GW,27.494444444000003,81.772222222,27.783333333,85.577777778,26.688888889,86.377777778,25.733333333,89.166666667,24.95,84.911111111,28.95,72.005555556,20.983333333,72.833333333,22.205555556,78.166666667,33,2016-09-06,GW,9,1,6,Tuesday,False,0,0,0,0,0,0,0,0,0.0,0.0,0.0,0.0,0.0,0.0,0.0,0.0,0,False
3989,20160906_IC,26.92,93.36,29.09,89.24,28.02,93.02,28.33,89.4,28.96,82.92,27.56,90.32,20.74,94.64,24.47,73.54,62,2016-09-06,IC,9,1,6,Tuesday,False,0,0,0,0,0,0,0,0,0.0,0.0,0.0,0.0,0.0,0.0,0.0,0.0,0,False
3990,20160906_JB,27.88,81.106666667,30.086666667,84.026666667,30.94,79.953333333,30.573333333,76.773333333,24.906666667,83.42,31.186666666999997,63.013333333,26.14,64.5,24.193333333,71.52,78,2016-09-06,JB,9,1,6,Tuesday,False,0,0,0,0,0,0,0,0,0.0,0.0,0.0,0.0,0.0,0.0,0.0,0.0,0,False
3991,20160906_JJ,26.65,82.8,28.6,84.25,28.95,80.4,27.2,88.95,24.35,95.05,30.8,75.55,28.5,65.85,27.55,61.45,11,2016-09-06,JJ,9,1,6,Tuesday,False,0,0,0,0,0,0,0,0,0.0,0.0,0.0,0.0,0.0,0.0,0.0,0.0,0,False
3992,20160906_JN,26.804545455,87.354545455,30.318181818000003,84.027272727,31.390909090999997,82.172727273,29.859090909000003,82.759090909,24.595454545,91.67272727299999,31.013636364,70.95,28.504545455,63.26363636399999,26.131818181999996,67.909090909,56,2016-09-06,JN,9,1,6,Tuesday,False,0,0,0,0,0,0,0,0,0.0,0.0,0.0,0.0,0.0,0.0,0.0,0.0,0,False
3993,20160906_SU,29.0,69.0,31.1,66.1,29.6,71.3,28.6,73.8,29.0,68.5,28.6,71.3,19.2,85.3,24.5,60.4,255,2016-09-06,SU,9,1,6,Tuesday,False,0,0,0,0,0,0,0,0,0.0,0.0,0.0,0.0,0.0,0.0,0.0,0.0,0,False
3994,20160906_US,29.4,90.6,27.1,96.8,25.8,96.9,26.3,97.6,25.1,96.1,30.0,70.1,29.4,48.5,26.4,66.8,16,2016-09-06,US,9,1,6,Tuesday,False,0,0,0,0,0,0,0,0,0.0,0.0,0.0,0.0,0.0,0.0,0.0,0.0,0,False
3995,20160907_BS,28.8,77.9,28.8,80.8,29.2,83.8,28.4,78.6,27.9,87.6,24.9,93.9,29.3,72.0,29.8,52.5,84,2016-09-07,BS,9,2,7,Wednesday,False,0,0,0,0,0,0,0,0,0.0,0.0,0.0,0.0,0.0,0.0,0.0,0.0,0,False
3996,20160907_CB,28.046666666999997,75.613333333,27.94,77.2,30.46,80.42,30.3,78.78666666699999,28.693333333,75.126666667,24.6,77.026666667,30.946666667,66.393333333,23.013333333000002,77.08,32,2016-09-07,CB,9,2,7,Wednesday,False,0,0,0,0,0,0,0,0,0.0,0.0,0.0,0.0,0.0,0.0,0.0,0.0,0,False
3997,20160907_CN,27.9,83.73125,27.26875,85.45,30.4375,84.0125,30.49375,83.29375,29.7875,81.125,27.09375,81.35625,29.93125,77.44375,24.30625,82.9625,55,2016-09-07,CN,9,2,7,Wednesday,False,0,0,0,0,0,0,0,0,0.0,0.0,0.0,0.0,0.0,0.0,0.0,0.0,0,False
3998,20160907_DG,30.1,76.1,28.6,77.5,27.8,86.8,27.8,87.6,24.4,93.5,21.5,93.8,32.2,55.0,28.5,46.8,77,2016-09-07,DG,9,2,7,Wednesday,False,0,0,0,0,0,0,0,0,0.0,0.0,0.0,0.0,0.0,0.0,0.0,0.0,0,False
3999,20160907_DJ,27.8,76.8,28.1,79.0,30.5,82.4,30.4,80.3,30.3,76.0,24.9,81.0,31.5,64.3,24.8,72.9,24,2016-09-07,DJ,9,2,7,Wednesday,False,0,0,0,0,0,0,0,0,0.0,0.0,0.0,0.0,0.0,0.0,0.0,0.0,0,False
4000,20160907_GB,28.441666667,80.37083333300001,27.991666666999997,84.954166667,27.141666667,91.133333333,28.658333333,87.90416666700001,23.579166667,95.05,22.841666667,93.76666666700001,30.754166667,65.4125,25.770833333000002,61.333333333,76,2016-09-07,GB,9,2,7,Wednesday,False,0,0,0,0,0,0,0,0,0.0,0.0,0.0,0.0,0.0,0.0,0.0,0.0,0,False
4001,20160907_GG,28.380952381,78.56666666699999,28.607142857,79.15952381,31.021428570999998,74.06666666699999,29.571428571,77.70952381,29.035714285999997,79.08809523800001,28.726190476,73.983333333,29.016666667,77.86428571399999,20.521428570999998,88.126190476,257,2016-09-07,GG,9,2,7,Wednesday,False,0,0,0,0,0,0,0,0,0.0,0.0,0.0,0.0,0.0,0.0,0.0,0.0,0,False
4002,20160907_GJ,26.2,86.9,27.6,85.6,30.7,83.0,33.0,82.1,31.7,79.4,24.8,94.1,32.2,67.8,28.5,65.0,30,2016-09-07,GJ,9,2,7,Wednesday,False,0,0,0,0,0,0,0,0,0.0,0.0,0.0,0.0,0.0,0.0,0.0,0.0,0,False
4003,20160907_GN,28.4,82.25,28.095454545,86.109090909,29.077272726999997,87.604545455,28.990909091,85.909090909,25.686363636,92.904545455,23.345454545,94.859090909,30.168181818,68.909090909,29.490909091,49.01363636399999,60,2016-09-07,GN,9,2,7,Wednesday,False,0,0,0,0,0,0,0,0,0.0,0.0,0.0,0.0,0.0,0.0,0.0,0.0,0,False
4004,20160907_GW,27.15,80.1,27.494444444000003,81.772222222,27.783333333,85.577777778,26.688888889,86.377777778,25.733333333,89.166666667,24.95,84.911111111,28.95,72.005555556,20.983333333,72.833333333,40,2016-09-07,GW,9,2,7,Wednesday,False,0,0,0,0,0,0,0,0,0.0,0.0,0.0,0.0,0.0,0.0,0.0,0.0,0,False
4005,20160907_IC,26.78,90.1,26.92,93.36,29.09,89.24,28.02,93.02,28.33,89.4,28.96,82.92,27.56,90.32,20.74,94.64,54,2016-09-07,IC,9,2,7,Wednesday,False,0,0,0,0,0,0,0,0,0.0,0.0,0.0,0.0,0.0,0.0,0.0,0.0,0,False
4006,20160907_JB,27.626666667,79.366666667,27.88,81.106666667,30.086666667,84.026666667,30.94,79.953333333,30.573333333,76.773333333,24.906666667,83.42,31.186666666999997,63.013333333,26.14,64.5,74,2016-09-07,JB,9,2,7,Wednesday,False,0,0,0,0,0,0,0,0,0.0,0.0,0.0,0.0,0.0,0.0,0.0,0.0,0,False
4007,20160907_JJ,26.7,79.75,26.65,82.8,28.6,84.25,28.95,80.4,27.2,88.95,24.35,95.05,30.8,75.55,28.5,65.85,20,2016-09-07,JJ,9,2,7,Wednesday,False,0,0,0,0,0,0,0,0,0.0,0.0,0.0,0.0,0.0,0.0,0.0,0.0,0,False
4008,20160907_JN,26.509090909,83.177272727,26.804545455,87.354545455,30.318181818000003,84.027272727,31.390909090999997,82.172727273,29.859090909000003,82.759090909,24.595454545,91.67272727299999,31.013636364,70.95,28.504545455,63.26363636399999,71,2016-09-07,JN,9,2,7,Wednesday,False,0,0,0,0,0,0,0,0,0.0,0.0,0.0,0.0,0.0,0.0,0.0,0.0,0,False
4009,20160907_SU,28.6,69.8,29.0,69.0,31.1,66.1,29.6,71.3,28.6,73.8,29.0,68.5,28.6,71.3,19.2,85.3,269,2016-09-07,SU,9,2,7,Wednesday,False,0,0,0,0,0,0,0,0,0.0,0.0,0.0,0.0,0.0,0.0,0.0,0.0,0,False
4010,20160907_US,28.1,87.8,29.4,90.6,27.1,96.8,25.8,96.9,26.3,97.6,25.1,96.1,30.0,70.1,29.4,48.5,14,2016-09-07,US,9,2,7,Wednesday,False,0,0,0,0,0,0,0,0,0.0,0.0,0.0,0.0,0.0,0.0,0.0,0.0,0,False
4011,20160908_BS,28.4,72.3,28.8,77.9,28.8,80.8,29.2,83.8,28.4,78.6,27.9,87.6,24.9,93.9,29.3,72.0,91,2016-09-08,BS,9,3,8,Thursday,False,0,0,0,0,0,0,0,0,0.0,0.0,0.0,0.0,0.0,0.0,0.0,0.0,0,False
4012,20160908_CB,28.453333333000003,75.046666667,28.046666666999997,75.613333333,27.94,77.2,30.46,80.42,30.3,78.78666666699999,28.693333333,75.126666667,24.6,77.026666667,30.946666667,66.393333333,39,2016-09-08,CB,9,3,8,Thursday,False,0,0,0,0,0,0,0,0,0.0,0.0,0.0,0.0,0.0,0.0,0.0,0.0,0,False
4013,20160908_CN,28.475,84.6,27.9,83.73125,27.26875,85.45,30.4375,84.0125,30.49375,83.29375,29.7875,81.125,27.09375,81.35625,29.93125,77.44375,62,2016-09-08,CN,9,3,8,Thursday,False,0,0,0,0,0,0,0,0,0.0,0.0,0.0,0.0,0.0,0.0,0.0,0.0,0,False
4014,20160908_DG,29.2,73.9,30.1,76.1,28.6,77.5,27.8,86.8,27.8,87.6,24.4,93.5,21.5,93.8,32.2,55.0,51,2016-09-08,DG,9,3,8,Thursday,False,0,0,0,0,0,0,0,0,0.0,0.0,0.0,0.0,0.0,0.0,0.0,0.0,0,False
4015,20160908_DJ,28.9,80.3,27.8,76.8,28.1,79.0,30.5,82.4,30.4,80.3,30.3,76.0,24.9,81.0,31.5,64.3,36,2016-09-08,DJ,9,3,8,Thursday,False,0,0,0,0,0,0,0,0,0.0,0.0,0.0,0.0,0.0,0.0,0.0,0.0,0,False
4016,20160908_GB,27.645833333000002,80.99583333300001,28.441666667,80.37083333300001,27.991666666999997,84.954166667,27.141666667,91.133333333,28.658333333,87.90416666700001,23.579166667,95.05,22.841666667,93.76666666700001,30.754166667,65.4125,72,2016-09-08,GB,9,3,8,Thursday,False,0,0,0,0,0,0,0,0,0.0,0.0,0.0,0.0,0.0,0.0,0.0,0.0,0,False
4017,20160908_GG,27.054761905,82.311904762,28.380952381,78.56666666699999,28.607142857,79.15952381,31.021428570999998,74.06666666699999,29.571428571,77.70952381,29.035714285999997,79.08809523800001,28.726190476,73.983333333,29.016666667,77.86428571399999,210,2016-09-08,GG,9,3,8,Thursday,False,0,0,0,0,0,0,0,0,0.0,0.0,0.0,0.0,0.0,0.0,0.0,0.0,0,False
4018,20160908_GJ,30.6,76.6,26.2,86.9,27.6,85.6,30.7,83.0,33.0,82.1,31.7,79.4,24.8,94.1,32.2,67.8,45,2016-09-08,GJ,9,3,8,Thursday,False,0,0,0,0,0,0,0,0,0.0,0.0,0.0,0.0,0.0,0.0,0.0,0.0,0,False
4019,20160908_GN,29.386363636,73.472727273,28.4,82.25,28.095454545,86.109090909,29.077272726999997,87.604545455,28.990909091,85.909090909,25.686363636,92.904545455,23.345454545,94.859090909,30.168181818,68.909090909,66,2016-09-08,GN,9,3,8,Thursday,False,0,0,0,0,0,0,0,0,0.0,0.0,0.0,0.0,0.0,0.0,0.0,0.0,0,False
4020,20160908_GW,26.388888889,82.161111111,27.15,80.1,27.494444444000003,81.772222222,27.783333333,85.577777778,26.688888889,86.377777778,25.733333333,89.166666667,24.95,84.911111111,28.95,72.005555556,41,2016-09-08,GW,9,3,8,Thursday,False,0,0,0,0,0,0,0,0,0.0,0.0,0.0,0.0,0.0,0.0,0.0,0.0,0,False
4021,20160908_IC,26.13,92.95,26.78,90.1,26.92,93.36,29.09,89.24,28.02,93.02,28.33,89.4,28.96,82.92,27.56,90.32,39,2016-09-08,IC,9,3,8,Thursday,False,0,0,0,0,0,0,0,0,0.0,0.0,0.0,0.0,0.0,0.0,0.0,0.0,0,False
4022,20160908_JB,28.68,77.9,27.626666667,79.366666667,27.88,81.106666667,30.086666667,84.026666667,30.94,79.953333333,30.573333333,76.773333333,24.906666667,83.42,31.186666666999997,63.013333333,86,2016-09-08,JB,9,3,8,Thursday,False,0,0,0,0,0,0,0,0,0.0,0.0,0.0,0.0,0.0,0.0,0.0,0.0,0,False
4023,20160908_JJ,27.9,71.3,26.7,79.75,26.65,82.8,28.6,84.25,28.95,80.4,27.2,88.95,24.35,95.05,30.8,75.55,8,2016-09-08,JJ,9,3,8,Thursday,False,0,0,0,0,0,0,0,0,0.0,0.0,0.0,0.0,0.0,0.0,0.0,0.0,0,False
4024,20160908_JN,29.318181818000003,74.495454545,26.509090909,83.177272727,26.804545455,87.354545455,30.318181818000003,84.027272727,31.390909090999997,82.172727273,29.859090909000003,82.759090909,24.595454545,91.67272727299999,31.013636364,70.95,67,2016-09-08,JN,9,3,8,Thursday,False,0,0,0,0,0,0,0,0,0.0,0.0,0.0,0.0,0.0,0.0,0.0,0.0,0,False
4025,20160908_SU,26.5,76.4,28.6,69.8,29.0,69.0,31.1,66.1,29.6,71.3,28.6,73.8,29.0,68.5,28.6,71.3,238,2016-09-08,SU,9,3,8,Thursday,False,0,0,0,0,0,0,0,0,0.0,0.0,0.0,0.0,0.0,0.0,0.0,0.0,0,False
4026,20160908_US,27.3,84.0,28.1,87.8,29.4,90.6,27.1,96.8,25.8,96.9,26.3,97.6,25.1,96.1,30.0,70.1,13,2016-09-08,US,9,3,8,Thursday,False,0,0,0,0,0,0,0,0,0.0,0.0,0.0,0.0,0.0,0.0,0.0,0.0,0,False
4027,20160909_BS,28.4,78.4,28.4,72.3,28.8,77.9,28.8,80.8,29.2,83.8,28.4,78.6,27.9,87.6,24.9,93.9,84,2016-09-09,BS,9,4,9,Friday,False,0,0,0,0,0,0,0,0,0.0,0.0,0.0,0.0,0.0,0.0,0.0,0.0,0,False
4028,20160909_CB,28.76,75.233333333,28.453333333000003,75.046666667,28.046666666999997,75.613333333,27.94,77.2,30.46,80.42,30.3,78.78666666699999,28.693333333,75.126666667,24.6,77.026666667,31,2016-09-09,CB,9,4,9,Friday,False,0,0,0,0,0,0,0,0,0.0,0.0,0.0,0.0,0.0,0.0,0.0,0.0,0,False
4029,20160909_CN,28.7375,82.21875,28.475,84.6,27.9,83.73125,27.26875,85.45,30.4375,84.0125,30.49375,83.29375,29.7875,81.125,27.09375,81.35625,50,2016-09-09,CN,9,4,9,Friday,False,0,0,0,0,0,0,0,0,0.0,0.0,0.0,0.0,0.0,0.0,0.0,0.0,0,False
4030,20160909_DG,29.6,75.3,29.2,73.9,30.1,76.1,28.6,77.5,27.8,86.8,27.8,87.6,24.4,93.5,21.5,93.8,62,2016-09-09,DG,9,4,9,Friday,False,0,0,0,0,0,0,0,0,0.0,0.0,0.0,0.0,0.0,0.0,0.0,0.0,0,False
4031,20160909_DJ,28.8,80.8,28.9,80.3,27.8,76.8,28.1,79.0,30.5,82.4,30.4,80.3,30.3,76.0,24.9,81.0,43,2016-09-09,DJ,9,4,9,Friday,False,0,0,0,0,0,0,0,0,0.0,0.0,0.0,0.0,0.0,0.0,0.0,0.0,0,False
4032,20160909_GB,27.4875,82.37083333300001,27.645833333000002,80.99583333300001,28.441666667,80.37083333300001,27.991666666999997,84.954166667,27.141666667,91.133333333,28.658333333,87.90416666700001,23.579166667,95.05,22.841666667,93.76666666700001,58,2016-09-09,GB,9,4,9,Friday,False,0,0,0,0,0,0,0,0,0.0,0.0,0.0,0.0,0.0,0.0,0.0,0.0,0,False
4033,20160909_GG,28.530952381,79.719047619,27.054761905,82.311904762,28.380952381,78.56666666699999,28.607142857,79.15952381,31.021428570999998,74.06666666699999,29.571428571,77.70952381,29.035714285999997,79.08809523800001,28.726190476,73.983333333,211,2016-09-09,GG,9,4,9,Friday,False,0,0,0,0,0,0,0,0,0.0,0.0,0.0,0.0,0.0,0.0,0.0,0.0,0,False
4034,20160909_GJ,30.2,77.0,30.6,76.6,26.2,86.9,27.6,85.6,30.7,83.0,33.0,82.1,31.7,79.4,24.8,94.1,35,2016-09-09,GJ,9,4,9,Friday,False,0,0,0,0,0,0,0,0,0.0,0.0,0.0,0.0,0.0,0.0,0.0,0.0,0,False
4035,20160909_GN,29.309090909000002,79.627272727,29.386363636,73.472727273,28.4,82.25,28.095454545,86.109090909,29.077272726999997,87.604545455,28.990909091,85.909090909,25.686363636,92.904545455,23.345454545,94.859090909,63,2016-09-09,GN,9,4,9,Friday,False,0,0,0,0,0,0,0,0,0.0,0.0,0.0,0.0,0.0,0.0,0.0,0.0,0,False
4036,20160909_GW,26.5,81.927777778,26.388888889,82.161111111,27.15,80.1,27.494444444000003,81.772222222,27.783333333,85.577777778,26.688888889,86.377777778,25.733333333,89.166666667,24.95,84.911111111,36,2016-09-09,GW,9,4,9,Friday,False,0,0,0,0,0,0,0,0,0.0,0.0,0.0,0.0,0.0,0.0,0.0,0.0,0,False
4037,20160909_IC,27.44,89.37,26.13,92.95,26.78,90.1,26.92,93.36,29.09,89.24,28.02,93.02,28.33,89.4,28.96,82.92,43,2016-09-09,IC,9,4,9,Friday,False,0,0,0,0,0,0,0,0,0.0,0.0,0.0,0.0,0.0,0.0,0.0,0.0,0,False
4038,20160909_JB,29.073333333,76.726666667,28.68,77.9,27.626666667,79.366666667,27.88,81.106666667,30.086666667,84.026666667,30.94,79.953333333,30.573333333,76.773333333,24.906666667,83.42,80,2016-09-09,JB,9,4,9,Friday,False,0,0,0,0,0,0,0,0,0.0,0.0,0.0,0.0,0.0,0.0,0.0,0.0,0,False
4039,20160909_JJ,28.2,74.2,27.9,71.3,26.7,79.75,26.65,82.8,28.6,84.25,28.95,80.4,27.2,88.95,24.35,95.05,16,2016-09-09,JJ,9,4,9,Friday,False,0,0,0,0,0,0,0,0,0.0,0.0,0.0,0.0,0.0,0.0,0.0,0.0,0,False
4040,20160909_JN,29.540909091,77.036363636,29.318181818000003,74.495454545,26.509090909,83.177272727,26.804545455,87.354545455,30.318181818000003,84.027272727,31.390909090999997,82.172727273,29.859090909000003,82.759090909,24.595454545,91.67272727299999,68,2016-09-09,JN,9,4,9,Friday,False,0,0,0,0,0,0,0,0,0.0,0.0,0.0,0.0,0.0,0.0,0.0,0.0,0,False
4041,20160909_SU,29.3,71.1,26.5,76.4,28.6,69.8,29.0,69.0,31.1,66.1,29.6,71.3,28.6,73.8,29.0,68.5,214,2016-09-09,SU,9,4,9,Friday,False,0,0,0,0,0,0,0,0,0.0,0.0,0.0,0.0,0.0,0.0,0.0,0.0,0,False
4042,20160909_US,26.5,89.9,27.3,84.0,28.1,87.8,29.4,90.6,27.1,96.8,25.8,96.9,26.3,97.6,25.1,96.1,15,2016-09-09,US,9,4,9,Friday,False,0,0,0,0,0,0,0,0,0.0,0.0,0.0,0.0,0.0,0.0,0.0,0.0,0,False
4043,20160910_BS,27.7,81.3,28.4,78.4,28.4,72.3,28.8,77.9,28.8,80.8,29.2,83.8,28.4,78.6,27.9,87.6,23,2016-09-10,BS,9,5,10,Saturday,False,0,0,0,0,0,0,0,0,0.0,0.0,0.0,0.0,0.0,0.0,0.0,0.0,0,True
4044,20160910_CB,28.54,73.78666666699999,28.76,75.233333333,28.453333333000003,75.046666667,28.046666666999997,75.613333333,27.94,77.2,30.46,80.42,30.3,78.78666666699999,28.693333333,75.126666667,6,2016-09-10,CB,9,5,10,Saturday,False,0,0,0,0,0,0,0,0,0.0,0.0,0.0,0.0,0.0,0.0,0.0,0.0,0,True
4045,20160910_CN,28.94375,83.7125,28.7375,82.21875,28.475,84.6,27.9,83.73125,27.26875,85.45,30.4375,84.0125,30.49375,83.29375,29.7875,81.125,8,2016-09-10,CN,9,5,10,Saturday,False,0,0,0,0,0,0,0,0,0.0,0.0,0.0,0.0,0.0,0.0,0.0,0.0,0,True
4046,20160910_DG,27.1,80.0,29.6,75.3,29.2,73.9,30.1,76.1,28.6,77.5,27.8,86.8,27.8,87.6,24.4,93.5,21,2016-09-10,DG,9,5,10,Saturday,False,0,0,0,0,0,0,0,0,0.0,0.0,0.0,0.0,0.0,0.0,0.0,0.0,0,True
4047,20160910_DJ,28.7,82.5,28.8,80.8,28.9,80.3,27.8,76.8,28.1,79.0,30.5,82.4,30.4,80.3,30.3,76.0,8,2016-09-10,DJ,9,5,10,Saturday,False,0,0,0,0,0,0,0,0,0.0,0.0,0.0,0.0,0.0,0.0,0.0,0.0,0,True
4048,20160910_GB,25.483333333,87.1625,27.4875,82.37083333300001,27.645833333000002,80.99583333300001,28.441666667,80.37083333300001,27.991666666999997,84.954166667,27.141666667,91.133333333,28.658333333,87.90416666700001,23.579166667,95.05,18,2016-09-10,GB,9,5,10,Saturday,False,0,0,0,0,0,0,0,0,0.0,0.0,0.0,0.0,0.0,0.0,0.0,0.0,0,True
4049,20160910_GG,28.645238095,76.319047619,28.530952381,79.719047619,27.054761905,82.311904762,28.380952381,78.56666666699999,28.607142857,79.15952381,31.021428570999998,74.06666666699999,29.571428571,77.70952381,29.035714285999997,79.08809523800001,75,2016-09-10,GG,9,5,10,Saturday,False,0,0,0,0,0,0,0,0,0.0,0.0,0.0,0.0,0.0,0.0,0.0,0.0,0,True
4050,20160910_GJ,31.1,84.5,30.2,77.0,30.6,76.6,26.2,86.9,27.6,85.6,30.7,83.0,33.0,82.1,31.7,79.4,14,2016-09-10,GJ,9,5,10,Saturday,False,0,0,0,0,0,0,0,0,0.0,0.0,0.0,0.0,0.0,0.0,0.0,0.0,0,True
4051,20160910_GN,27.559090909000002,83.381818182,29.309090909000002,79.627272727,29.386363636,73.472727273,28.4,82.25,28.095454545,86.109090909,29.077272726999997,87.604545455,28.990909091,85.909090909,25.686363636,92.904545455,23,2016-09-10,GN,9,5,10,Saturday,False,0,0,0,0,0,0,0,0,0.0,0.0,0.0,0.0,0.0,0.0,0.0,0.0,0,True
4052,20160910_GW,26.866666666999997,82.0,26.5,81.927777778,26.388888889,82.161111111,27.15,80.1,27.494444444000003,81.772222222,27.783333333,85.577777778,26.688888889,86.377777778,25.733333333,89.166666667,12,2016-09-10,GW,9,5,10,Saturday,False,0,0,0,0,0,0,0,0,0.0,0.0,0.0,0.0,0.0,0.0,0.0,0.0,0,True
4053,20160910_IC,28.0,92.43,27.44,89.37,26.13,92.95,26.78,90.1,26.92,93.36,29.09,89.24,28.02,93.02,28.33,89.4,12,2016-09-10,IC,9,5,10,Saturday,False,0,0,0,0,0,0,0,0,0.0,0.0,0.0,0.0,0.0,0.0,0.0,0.0,0,True
4054,20160910_JB,28.653333333000003,80.806666667,29.073333333,76.726666667,28.68,77.9,27.626666667,79.366666667,27.88,81.106666667,30.086666667,84.026666667,30.94,79.953333333,30.573333333,76.773333333,26,2016-09-10,JB,9,5,10,Saturday,False,0,0,0,0,0,0,0,0,0.0,0.0,0.0,0.0,0.0,0.0,0.0,0.0,0,True
4055,20160910_JJ,27.05,74.55,28.2,74.2,27.9,71.3,26.7,79.75,26.65,82.8,28.6,84.25,28.95,80.4,27.2,88.95,3,2016-09-10,JJ,9,5,10,Saturday,False,0,0,0,0,0,0,0,0,0.0,0.0,0.0,0.0,0.0,0.0,0.0,0.0,0,True
4056,20160910_JN,29.195454545,82.75,29.540909091,77.036363636,29.318181818000003,74.495454545,26.509090909,83.177272727,26.804545455,87.354545455,30.318181818000003,84.027272727,31.390909090999997,82.172727273,29.859090909000003,82.759090909,25,2016-09-10,JN,9,5,10,Saturday,False,0,0,0,0,0,0,0,0,0.0,0.0,0.0,0.0,0.0,0.0,0.0,0.0,0,True
4057,20160910_SU,29.1,65.4,29.3,71.1,26.5,76.4,28.6,69.8,29.0,69.0,31.1,66.1,29.6,71.3,28.6,73.8,67,2016-09-10,SU,9,5,10,Saturday,False,0,0,0,0,0,0,0,0,0.0,0.0,0.0,0.0,0.0,0.0,0.0,0.0,0,True
4058,20160910_US,24.3,97.6,26.5,89.9,27.3,84.0,28.1,87.8,29.4,90.6,27.1,96.8,25.8,96.9,26.3,97.6,5,2016-09-10,US,9,5,10,Saturday,False,0,0,0,0,0,0,0,0,0.0,0.0,0.0,0.0,0.0,0.0,0.0,0.0,0,True
4059,20160911_BS,28.3,74.6,27.7,81.3,28.4,78.4,28.4,72.3,28.8,77.9,28.8,80.8,29.2,83.8,28.4,78.6,0,2016-09-11,BS,9,6,11,Sunday,False,0,0,0,0,0,0,0,0,0.0,0.0,0.0,0.0,0.0,0.0,0.0,0.0,0,True
4060,20160911_CB,28.48,70.153333333,28.54,73.78666666699999,28.76,75.233333333,28.453333333000003,75.046666667,28.046666666999997,75.613333333,27.94,77.2,30.46,80.42,30.3,78.78666666699999,0,2016-09-11,CB,9,6,11,Sunday,False,0,0,0,0,0,0,0,0,0.0,0.0,0.0,0.0,0.0,0.0,0.0,0.0,0,True
4061,20160911_CN,28.4375,81.19375,28.94375,83.7125,28.7375,82.21875,28.475,84.6,27.9,83.73125,27.26875,85.45,30.4375,84.0125,30.49375,83.29375,2,2016-09-11,CN,9,6,11,Sunday,False,0,0,0,0,0,0,0,0,0.0,0.0,0.0,0.0,0.0,0.0,0.0,0.0,0,True
4062,20160911_DG,27.1,77.0,27.1,80.0,29.6,75.3,29.2,73.9,30.1,76.1,28.6,77.5,27.8,86.8,27.8,87.6,2,2016-09-11,DG,9,6,11,Sunday,False,0,0,0,0,0,0,0,0,0.0,0.0,0.0,0.0,0.0,0.0,0.0,0.0,0,True
4063,20160911_DJ,28.5,77.5,28.7,82.5,28.8,80.8,28.9,80.3,27.8,76.8,28.1,79.0,30.5,82.4,30.4,80.3,0,2016-09-11,DJ,9,6,11,Sunday,False,0,0,0,0,0,0,0,0,0.0,0.0,0.0,0.0,0.0,0.0,0.0,0.0,0,True
4064,20160911_GB,26.5875,85.041666667,25.483333333,87.1625,27.4875,82.37083333300001,27.645833333000002,80.99583333300001,28.441666667,80.37083333300001,27.991666666999997,84.954166667,27.141666667,91.133333333,28.658333333,87.90416666700001,3,2016-09-11,GB,9,6,11,Sunday,False,0,0,0,0,0,0,0,0,0.0,0.0,0.0,0.0,0.0,0.0,0.0,0.0,0,True
4065,20160911_GG,27.911904762,72.773809524,28.645238095,76.319047619,28.530952381,79.719047619,27.054761905,82.311904762,28.380952381,78.56666666699999,28.607142857,79.15952381,31.021428570999998,74.06666666699999,29.571428571,77.70952381,6,2016-09-11,GG,9,6,11,Sunday,False,0,0,0,0,0,0,0,0,0.0,0.0,0.0,0.0,0.0,0.0,0.0,0.0,0,True
4066,20160911_GJ,26.9,90.9,31.1,84.5,30.2,77.0,30.6,76.6,26.2,86.9,27.6,85.6,30.7,83.0,33.0,82.1,0,2016-09-11,GJ,9,6,11,Sunday,False,0,0,0,0,0,0,0,0,0.0,0.0,0.0,0.0,0.0,0.0,0.0,0.0,0,True
4067,20160911_GN,27.177272727,80.459090909,27.559090909000002,83.381818182,29.309090909000002,79.627272727,29.386363636,73.472727273,28.4,82.25,28.095454545,86.109090909,29.077272726999997,87.604545455,28.990909091,85.909090909,4,2016-09-11,GN,9,6,11,Sunday,False,0,0,0,0,0,0,0,0,0.0,0.0,0.0,0.0,0.0,0.0,0.0,0.0,0,True
4068,20160911_GW,26.294444444,82.95,26.866666666999997,82.0,26.5,81.927777778,26.388888889,82.161111111,27.15,80.1,27.494444444000003,81.772222222,27.783333333,85.577777778,26.688888889,86.377777778,0,2016-09-11,GW,9,6,11,Sunday,False,0,0,0,0,0,0,0,0,0.0,0.0,0.0,0.0,0.0,0.0,0.0,0.0,0,True
4069,20160911_IC,26.68,89.41,28.0,92.43,27.44,89.37,26.13,92.95,26.78,90.1,26.92,93.36,29.09,89.24,28.02,93.02,0,2016-09-11,IC,9,6,11,Sunday,False,0,0,0,0,0,0,0,0,0.0,0.0,0.0,0.0,0.0,0.0,0.0,0.0,0,True
4070,20160911_JB,28.406666667,81.0,28.653333333000003,80.806666667,29.073333333,76.726666667,28.68,77.9,27.626666667,79.366666667,27.88,81.106666667,30.086666667,84.026666667,30.94,79.953333333,2,2016-09-11,JB,9,6,11,Sunday,False,0,0,0,0,0,0,0,0,0.0,0.0,0.0,0.0,0.0,0.0,0.0,0.0,0,True
4071,20160911_JJ,27.1,79.7,27.05,74.55,28.2,74.2,27.9,71.3,26.7,79.75,26.65,82.8,28.6,84.25,28.95,80.4,0,2016-09-11,JJ,9,6,11,Sunday,False,0,0,0,0,0,0,0,0,0.0,0.0,0.0,0.0,0.0,0.0,0.0,0.0,0,True
4072,20160911_JN,27.072727273,85.95,29.195454545,82.75,29.540909091,77.036363636,29.318181818000003,74.495454545,26.509090909,83.177272727,26.804545455,87.354545455,30.318181818000003,84.027272727,31.390909090999997,82.172727273,3,2016-09-11,JN,9,6,11,Sunday,False,0,0,0,0,0,0,0,0,0.0,0.0,0.0,0.0,0.0,0.0,0.0,0.0,0,True
4073,20160911_SU,28.2,66.3,29.1,65.4,29.3,71.1,26.5,76.4,28.6,69.8,29.0,69.0,31.1,66.1,29.6,71.3,4,2016-09-11,SU,9,6,11,Sunday,False,0,0,0,0,0,0,0,0,0.0,0.0,0.0,0.0,0.0,0.0,0.0,0.0,0,True
4074,20160911_US,26.5,89.5,24.3,97.6,26.5,89.9,27.3,84.0,28.1,87.8,29.4,90.6,27.1,96.8,25.8,96.9,0,2016-09-11,US,9,6,11,Sunday,False,0,0,0,0,0,0,0,0,0.0,0.0,0.0,0.0,0.0,0.0,0.0,0.0,0,True
4075,20160912_BS,23.4,90.4,28.3,74.6,27.7,81.3,28.4,78.4,28.4,72.3,28.8,77.9,28.8,80.8,29.2,83.8,72,2016-09-12,BS,9,0,12,Monday,False,0,0,0,0,0,0,0,0,0.0,0.0,0.0,0.0,0.0,0.0,0.0,0.0,0,False
4076,20160912_CB,27.56,71.56666666699999,28.48,70.153333333,28.54,73.78666666699999,28.76,75.233333333,28.453333333000003,75.046666667,28.046666666999997,75.613333333,27.94,77.2,30.46,80.42,47,2016-09-12,CB,9,0,12,Monday,False,0,0,0,0,0,0,0,0,0.0,0.0,0.0,0.0,0.0,0.0,0.0,0.0,0,False
4077,20160912_CN,27.825,84.93125,28.4375,81.19375,28.94375,83.7125,28.7375,82.21875,28.475,84.6,27.9,83.73125,27.26875,85.45,30.4375,84.0125,87,2016-09-12,CN,9,0,12,Monday,False,0,0,0,0,0,0,0,0,0.0,0.0,0.0,0.0,0.0,0.0,0.0,0.0,0,False
4078,20160912_DG,22.8,89.5,27.1,77.0,27.1,80.0,29.6,75.3,29.2,73.9,30.1,76.1,28.6,77.5,27.8,86.8,76,2016-09-12,DG,9,0,12,Monday,False,0,0,0,0,0,0,0,0,0.0,0.0,0.0,0.0,0.0,0.0,0.0,0.0,0,False
4079,20160912_DJ,27.8,78.9,28.5,77.5,28.7,82.5,28.8,80.8,28.9,80.3,27.8,76.8,28.1,79.0,30.5,82.4,44,2016-09-12,DJ,9,0,12,Monday,False,0,0,0,0,0,0,0,0,0.0,0.0,0.0,0.0,0.0,0.0,0.0,0.0,0,False
4080,20160912_GB,23.320833333000003,91.85833333299999,26.5875,85.041666667,25.483333333,87.1625,27.4875,82.37083333300001,27.645833333000002,80.99583333300001,28.441666667,80.37083333300001,27.991666666999997,84.954166667,27.141666667,91.133333333,109,2016-09-12,GB,9,0,12,Monday,False,0,0,0,0,0,0,0,0,0.0,0.0,0.0,0.0,0.0,0.0,0.0,0.0,0,False
4081,20160912_GG,28.283333333,73.304761905,27.911904762,72.773809524,28.645238095,76.319047619,28.530952381,79.719047619,27.054761905,82.311904762,28.380952381,78.56666666699999,28.607142857,79.15952381,31.021428570999998,74.06666666699999,252,2016-09-12,GG,9,0,12,Monday,False,0,0,0,0,0,0,0,0,0.0,0.0,0.0,0.0,0.0,0.0,0.0,0.0,0,False
4082,20160912_GJ,27.9,84.5,26.9,90.9,31.1,84.5,30.2,77.0,30.6,76.6,26.2,86.9,27.6,85.6,30.7,83.0,54,2016-09-12,GJ,9,0,12,Monday,False,0,0,0,0,0,0,0,0,0.0,0.0,0.0,0.0,0.0,0.0,0.0,0.0,0,False
4083,20160912_GN,24.045454545,89.82727272700001,27.177272727,80.459090909,27.559090909000002,83.381818182,29.309090909000002,79.627272727,29.386363636,73.472727273,28.4,82.25,28.095454545,86.109090909,29.077272726999997,87.604545455,100,2016-09-12,GN,9,0,12,Monday,False,0,0,0,0,0,0,0,0,0.0,0.0,0.0,0.0,0.0,0.0,0.0,0.0,0,False
4084,20160912_GW,25.166666666999998,84.444444444,26.294444444,82.95,26.866666666999997,82.0,26.5,81.927777778,26.388888889,82.161111111,27.15,80.1,27.494444444000003,81.772222222,27.783333333,85.577777778,44,2016-09-12,GW,9,0,12,Monday,False,0,0,0,0,0,0,0,0,0.0,0.0,0.0,0.0,0.0,0.0,0.0,0.0,0,False
4085,20160912_IC,27.7,90.11,26.68,89.41,28.0,92.43,27.44,89.37,26.13,92.95,26.78,90.1,26.92,93.36,29.09,89.24,54,2016-09-12,IC,9,0,12,Monday,False,0,0,0,0,0,0,0,0,0.0,0.0,0.0,0.0,0.0,0.0,0.0,0.0,0,False
4086,20160912_JB,27.98,81.42666666699999,28.406666667,81.0,28.653333333000003,80.806666667,29.073333333,76.726666667,28.68,77.9,27.626666667,79.366666667,27.88,81.106666667,30.086666667,84.026666667,114,2016-09-12,JB,9,0,12,Monday,False,0,0,0,0,0,0,0,0,0.0,0.0,0.0,0.0,0.0,0.0,0.0,0.0,0,False
4087,20160912_JJ,25.45,83.0,27.1,79.7,27.05,74.55,28.2,74.2,27.9,71.3,26.7,79.75,26.65,82.8,28.6,84.25,15,2016-09-12,JJ,9,0,12,Monday,False,0,0,0,0,0,0,0,0,0.0,0.0,0.0,0.0,0.0,0.0,0.0,0.0,0,False
4088,20160912_JN,26.777272727,84.113636364,27.072727273,85.95,29.195454545,82.75,29.540909091,77.036363636,29.318181818000003,74.495454545,26.509090909,83.177272727,26.804545455,87.354545455,30.318181818000003,84.027272727,82,2016-09-12,JN,9,0,12,Monday,False,0,0,0,0,0,0,0,0,0.0,0.0,0.0,0.0,0.0,0.0,0.0,0.0,0,False
4089,20160912_SU,27.5,68.9,28.2,66.3,29.1,65.4,29.3,71.1,26.5,76.4,28.6,69.8,29.0,69.0,31.1,66.1,258,2016-09-12,SU,9,0,12,Monday,False,0,0,0,0,0,0,0,0,0.0,0.0,0.0,0.0,0.0,0.0,0.0,0.0,0,False
4090,20160912_US,22.4,98.0,26.5,89.5,24.3,97.6,26.5,89.9,27.3,84.0,28.1,87.8,29.4,90.6,27.1,96.8,18,2016-09-12,US,9,0,12,Monday,False,0,0,0,0,0,0,0,0,0.0,0.0,0.0,0.0,0.0,0.0,0.0,0.0,0,False
4091,20160913_BS,27.4,75.8,23.4,90.4,28.3,74.6,27.7,81.3,28.4,78.4,28.4,72.3,28.8,77.9,28.8,80.8,86,2016-09-13,BS,9,1,13,Tuesday,False,0,0,0,0,0,0,0,0,0.0,0.0,0.0,0.0,0.0,0.0,0.0,0.0,0,False
4092,20160913_CB,28.973333333000003,69.78,27.56,71.56666666699999,28.48,70.153333333,28.54,73.78666666699999,28.76,75.233333333,28.453333333000003,75.046666667,28.046666666999997,75.613333333,27.94,77.2,20,2016-09-13,CB,9,1,13,Tuesday,False,0,0,0,0,0,0,0,0,0.0,0.0,0.0,0.0,0.0,0.0,0.0,0.0,0,False
4093,20160913_CN,29.25625,81.45625,27.825,84.93125,28.4375,81.19375,28.94375,83.7125,28.7375,82.21875,28.475,84.6,27.9,83.73125,27.26875,85.45,58,2016-09-13,CN,9,1,13,Tuesday,False,0,0,0,0,0,0,0,0,0.0,0.0,0.0,0.0,0.0,0.0,0.0,0.0,0,False
4094,20160913_DG,28.1,76.1,22.8,89.5,27.1,77.0,27.1,80.0,29.6,75.3,29.2,73.9,30.1,76.1,28.6,77.5,64,2016-09-13,DG,9,1,13,Tuesday,False,0,0,0,0,0,0,0,0,0.0,0.0,0.0,0.0,0.0,0.0,0.0,0.0,0,False
4095,20160913_DJ,29.5,73.9,27.8,78.9,28.5,77.5,28.7,82.5,28.8,80.8,28.9,80.3,27.8,76.8,28.1,79.0,33,2016-09-13,DJ,9,1,13,Tuesday,False,0,0,0,0,0,0,0,0,0.0,0.0,0.0,0.0,0.0,0.0,0.0,0.0,0,False
4096,20160913_GB,26.970833333,82.358333333,23.320833333000003,91.85833333299999,26.5875,85.041666667,25.483333333,87.1625,27.4875,82.37083333300001,27.645833333000002,80.99583333300001,28.441666667,80.37083333300001,27.991666666999997,84.954166667,64,2016-09-13,GB,9,1,13,Tuesday,False,0,0,0,0,0,0,0,0,0.0,0.0,0.0,0.0,0.0,0.0,0.0,0.0,0,False
4097,20160913_GG,29.823809524,70.602380952,28.283333333,73.304761905,27.911904762,72.773809524,28.645238095,76.319047619,28.530952381,79.719047619,27.054761905,82.311904762,28.380952381,78.56666666699999,28.607142857,79.15952381,186,2016-09-13,GG,9,1,13,Tuesday,False,0,0,0,0,0,0,0,0,0.0,0.0,0.0,0.0,0.0,0.0,0.0,0.0,0,False
4098,20160913_GJ,30.5,77.4,27.9,84.5,26.9,90.9,31.1,84.5,30.2,77.0,30.6,76.6,26.2,86.9,27.6,85.6,53,2016-09-13,GJ,9,1,13,Tuesday,False,0,0,0,0,0,0,0,0,0.0,0.0,0.0,0.0,0.0,0.0,0.0,0.0,0,False
4099,20160913_GN,28.331818182,77.718181818,24.045454545,89.82727272700001,27.177272727,80.459090909,27.559090909000002,83.381818182,29.309090909000002,79.627272727,29.386363636,73.472727273,28.4,82.25,28.095454545,86.109090909,55,2016-09-13,GN,9,1,13,Tuesday,False,0,0,0,0,0,0,0,0,0.0,0.0,0.0,0.0,0.0,0.0,0.0,0.0,0,False
4100,20160913_GW,26.327777778,79.09444444399999,25.166666666999998,84.444444444,26.294444444,82.95,26.866666666999997,82.0,26.5,81.927777778,26.388888889,82.161111111,27.15,80.1,27.494444444000003,81.772222222,43,2016-09-13,GW,9,1,13,Tuesday,False,0,0,0,0,0,0,0,0,0.0,0.0,0.0,0.0,0.0,0.0,0.0,0.0,0,False
4101,20160913_IC,28.35,85.09,27.7,90.11,26.68,89.41,28.0,92.43,27.44,89.37,26.13,92.95,26.78,90.1,26.92,93.36,36,2016-09-13,IC,9,1,13,Tuesday,False,0,0,0,0,0,0,0,0,0.0,0.0,0.0,0.0,0.0,0.0,0.0,0.0,0,False
4102,20160913_JB,29.98,76.493333333,27.98,81.42666666699999,28.406666667,81.0,28.653333333000003,80.806666667,29.073333333,76.726666667,28.68,77.9,27.626666667,79.366666667,27.88,81.106666667,83,2016-09-13,JB,9,1,13,Tuesday,False,0,0,0,0,0,0,0,0,0.0,0.0,0.0,0.0,0.0,0.0,0.0,0.0,0,False
4103,20160913_JJ,27.6,73.6,25.45,83.0,27.1,79.7,27.05,74.55,28.2,74.2,27.9,71.3,26.7,79.75,26.65,82.8,15,2016-09-13,JJ,9,1,13,Tuesday,False,0,0,0,0,0,0,0,0,0.0,0.0,0.0,0.0,0.0,0.0,0.0,0.0,0,False
4104,20160913_JN,29.122727273000002,79.981818182,26.777272727,84.113636364,27.072727273,85.95,29.195454545,82.75,29.540909091,77.036363636,29.318181818000003,74.495454545,26.509090909,83.177272727,26.804545455,87.354545455,70,2016-09-13,JN,9,1,13,Tuesday,False,0,0,0,0,0,0,0,0,0.0,0.0,0.0,0.0,0.0,0.0,0.0,0.0,0,False
4105,20160913_SU,30.8,62.5,27.5,68.9,28.2,66.3,29.1,65.4,29.3,71.1,26.5,76.4,28.6,69.8,29.0,69.0,253,2016-09-13,SU,9,1,13,Tuesday,False,0,0,0,0,0,0,0,0,0.0,0.0,0.0,0.0,0.0,0.0,0.0,0.0,0,False
4106,20160913_US,25.8,89.4,22.4,98.0,26.5,89.5,24.3,97.6,26.5,89.9,27.3,84.0,28.1,87.8,29.4,90.6,16,2016-09-13,US,9,1,13,Tuesday,False,0,0,0,0,0,0,0,0,0.0,0.0,0.0,0.0,0.0,0.0,0.0,0.0,0,False
4107,20160914_BS,28.2,76.5,27.4,75.8,23.4,90.4,28.3,74.6,27.7,81.3,28.4,78.4,28.4,72.3,28.8,77.9,1,2016-09-14,BS,9,2,14,Wednesday,True,0,0,0,0,0,0,0,0,0.0,0.0,0.0,0.0,0.0,0.0,0.0,0.0,0,False
4108,20160914_CB,29.073333333,71.533333333,28.973333333000003,69.78,27.56,71.56666666699999,28.48,70.153333333,28.54,73.78666666699999,28.76,75.233333333,28.453333333000003,75.046666667,28.046666666999997,75.613333333,1,2016-09-14,CB,9,2,14,Wednesday,True,0,0,0,0,0,0,0,0,0.0,0.0,0.0,0.0,0.0,0.0,0.0,0.0,0,False
4109,20160914_CN,28.75625,80.8375,29.25625,81.45625,27.825,84.93125,28.4375,81.19375,28.94375,83.7125,28.7375,82.21875,28.475,84.6,27.9,83.73125,4,2016-09-14,CN,9,2,14,Wednesday,True,0,0,0,0,0,0,0,0,0.0,0.0,0.0,0.0,0.0,0.0,0.0,0.0,0,False
4110,20160914_DG,28.2,75.3,28.1,76.1,22.8,89.5,27.1,77.0,27.1,80.0,29.6,75.3,29.2,73.9,30.1,76.1,5,2016-09-14,DG,9,2,14,Wednesday,True,0,0,0,0,0,0,0,0,0.0,0.0,0.0,0.0,0.0,0.0,0.0,0.0,0,False
4111,20160914_DJ,29.1,73.5,29.5,73.9,27.8,78.9,28.5,77.5,28.7,82.5,28.8,80.8,28.9,80.3,27.8,76.8,5,2016-09-14,DJ,9,2,14,Wednesday,True,0,0,0,0,0,0,0,0,0.0,0.0,0.0,0.0,0.0,0.0,0.0,0.0,0,False
4112,20160914_GB,26.691666667,83.229166667,26.970833333,82.358333333,23.320833333000003,91.85833333299999,26.5875,85.041666667,25.483333333,87.1625,27.4875,82.37083333300001,27.645833333000002,80.99583333300001,28.441666667,80.37083333300001,3,2016-09-14,GB,9,2,14,Wednesday,True,0,0,0,0,0,0,0,0,0.0,0.0,0.0,0.0,0.0,0.0,0.0,0.0,0,False
4113,20160914_GG,28.769047619000002,74.578571429,29.823809524,70.602380952,28.283333333,73.304761905,27.911904762,72.773809524,28.645238095,76.319047619,28.530952381,79.719047619,27.054761905,82.311904762,28.380952381,78.56666666699999,9,2016-09-14,GG,9,2,14,Wednesday,True,0,0,0,0,0,0,0,0,0.0,0.0,0.0,0.0,0.0,0.0,0.0,0.0,0,False
4114,20160914_GJ,28.6,84.0,30.5,77.4,27.9,84.5,26.9,90.9,31.1,84.5,30.2,77.0,30.6,76.6,26.2,86.9,3,2016-09-14,GJ,9,2,14,Wednesday,True,0,0,0,0,0,0,0,0,0.0,0.0,0.0,0.0,0.0,0.0,0.0,0.0,0,False
4115,20160914_GN,28.213636364,80.959090909,28.331818182,77.718181818,24.045454545,89.82727272700001,27.177272727,80.459090909,27.559090909000002,83.381818182,29.309090909000002,79.627272727,29.386363636,73.472727273,28.4,82.25,4,2016-09-14,GN,9,2,14,Wednesday,True,0,0,0,0,0,0,0,0,0.0,0.0,0.0,0.0,0.0,0.0,0.0,0.0,0,False
4116,20160914_GW,26.661111111,81.7,26.327777778,79.09444444399999,25.166666666999998,84.444444444,26.294444444,82.95,26.866666666999997,82.0,26.5,81.927777778,26.388888889,82.161111111,27.15,80.1,1,2016-09-14,GW,9,2,14,Wednesday,True,0,0,0,0,0,0,0,0,0.0,0.0,0.0,0.0,0.0,0.0,0.0,0.0,0,False
4117,20160914_IC,27.9,84.6,28.35,85.09,27.7,90.11,26.68,89.41,28.0,92.43,27.44,89.37,26.13,92.95,26.78,90.1,4,2016-09-14,IC,9,2,14,Wednesday,True,0,0,0,0,0,0,0,0,0.0,0.0,0.0,0.0,0.0,0.0,0.0,0.0,0,False
4118,20160914_JB,28.446666667,78.813333333,29.98,76.493333333,27.98,81.42666666699999,28.406666667,81.0,28.653333333000003,80.806666667,29.073333333,76.726666667,28.68,77.9,27.626666667,79.366666667,11,2016-09-14,JB,9,2,14,Wednesday,True,0,0,0,0,0,0,0,0,0.0,0.0,0.0,0.0,0.0,0.0,0.0,0.0,0,False
4119,20160914_JJ,27.1,77.8,27.6,73.6,25.45,83.0,27.1,79.7,27.05,74.55,28.2,74.2,27.9,71.3,26.7,79.75,0,2016-09-14,JJ,9,2,14,Wednesday,True,0,0,0,0,0,0,0,0,0.0,0.0,0.0,0.0,0.0,0.0,0.0,0.0,0,False
4120,20160914_JN,27.590909091,82.73636363600001,29.122727273000002,79.981818182,26.777272727,84.113636364,27.072727273,85.95,29.195454545,82.75,29.540909091,77.036363636,29.318181818000003,74.495454545,26.509090909,83.177272727,6,2016-09-14,JN,9,2,14,Wednesday,True,0,0,0,0,0,0,0,0,0.0,0.0,0.0,0.0,0.0,0.0,0.0,0.0,0,False
4121,20160914_SU,28.9,66.1,30.8,62.5,27.5,68.9,28.2,66.3,29.1,65.4,29.3,71.1,26.5,76.4,28.6,69.8,12,2016-09-14,SU,9,2,14,Wednesday,True,0,0,0,0,0,0,0,0,0.0,0.0,0.0,0.0,0.0,0.0,0.0,0.0,0,False
4122,20160914_US,26.8,88.6,25.8,89.4,22.4,98.0,26.5,89.5,24.3,97.6,26.5,89.9,27.3,84.0,28.1,87.8,1,2016-09-14,US,9,2,14,Wednesday,True,0,0,0,0,0,0,0,0,0.0,0.0,0.0,0.0,0.0,0.0,0.0,0.0,0,False
4123,20160915_BS,27.7,78.5,28.2,76.5,27.4,75.8,23.4,90.4,28.3,74.6,27.7,81.3,28.4,78.4,28.4,72.3,0,2016-09-15,BS,9,3,15,Thursday,True,0,0,0,0,0,0,0,0,0.0,0.0,0.0,0.0,0.0,0.0,0.0,0.0,0,False
4124,20160915_CB,28.78,71.733333333,29.073333333,71.533333333,28.973333333000003,69.78,27.56,71.56666666699999,28.48,70.153333333,28.54,73.78666666699999,28.76,75.233333333,28.453333333000003,75.046666667,0,2016-09-15,CB,9,3,15,Thursday,True,0,0,0,0,0,0,0,0,0.0,0.0,0.0,0.0,0.0,0.0,0.0,0.0,0,False
4125,20160915_CN,28.80625,79.025,28.75625,80.8375,29.25625,81.45625,27.825,84.93125,28.4375,81.19375,28.94375,83.7125,28.7375,82.21875,28.475,84.6,1,2016-09-15,CN,9,3,15,Thursday,True,0,0,0,0,0,0,0,0,0.0,0.0,0.0,0.0,0.0,0.0,0.0,0.0,0,False
4126,20160915_DG,28.6,77.3,28.2,75.3,28.1,76.1,22.8,89.5,27.1,77.0,27.1,80.0,29.6,75.3,29.2,73.9,2,2016-09-15,DG,9,3,15,Thursday,True,0,0,0,0,0,0,0,0,0.0,0.0,0.0,0.0,0.0,0.0,0.0,0.0,0,False
4127,20160915_DJ,28.7,73.0,29.1,73.5,29.5,73.9,27.8,78.9,28.5,77.5,28.7,82.5,28.8,80.8,28.9,80.3,1,2016-09-15,DJ,9,3,15,Thursday,True,0,0,0,0,0,0,0,0,0.0,0.0,0.0,0.0,0.0,0.0,0.0,0.0,0,False
4128,20160915_GB,27.354166666999998,84.304166667,26.691666667,83.229166667,26.970833333,82.358333333,23.320833333000003,91.85833333299999,26.5875,85.041666667,25.483333333,87.1625,27.4875,82.37083333300001,27.645833333000002,80.99583333300001,1,2016-09-15,GB,9,3,15,Thursday,True,0,0,0,0,0,0,0,0,0.0,0.0,0.0,0.0,0.0,0.0,0.0,0.0,0,False
4129,20160915_GG,28.607142857,76.57619047600001,28.769047619000002,74.578571429,29.823809524,70.602380952,28.283333333,73.304761905,27.911904762,72.773809524,28.645238095,76.319047619,28.530952381,79.719047619,27.054761905,82.311904762,1,2016-09-15,GG,9,3,15,Thursday,True,0,0,0,0,0,0,0,0,0.0,0.0,0.0,0.0,0.0,0.0,0.0,0.0,0,False
4130,20160915_GJ,30.0,80.8,28.6,84.0,30.5,77.4,27.9,84.5,26.9,90.9,31.1,84.5,30.2,77.0,30.6,76.6,1,2016-09-15,GJ,9,3,15,Thursday,True,0,0,0,0,0,0,0,0,0.0,0.0,0.0,0.0,0.0,0.0,0.0,0.0,0,False
4131,20160915_GN,28.563636364,81.122727273,28.213636364,80.959090909,28.331818182,77.718181818,24.045454545,89.82727272700001,27.177272727,80.459090909,27.559090909000002,83.381818182,29.309090909000002,79.627272727,29.386363636,73.472727273,3,2016-09-15,GN,9,3,15,Thursday,True,0,0,0,0,0,0,0,0,0.0,0.0,0.0,0.0,0.0,0.0,0.0,0.0,0,False
4132,20160915_GW,26.411111111,81.327777778,26.661111111,81.7,26.327777778,79.09444444399999,25.166666666999998,84.444444444,26.294444444,82.95,26.866666666999997,82.0,26.5,81.927777778,26.388888889,82.161111111,0,2016-09-15,GW,9,3,15,Thursday,True,0,0,0,0,0,0,0,0,0.0,0.0,0.0,0.0,0.0,0.0,0.0,0.0,0,False
4133,20160915_IC,26.82,91.01,27.9,84.6,28.35,85.09,27.7,90.11,26.68,89.41,28.0,92.43,27.44,89.37,26.13,92.95,1,2016-09-15,IC,9,3,15,Thursday,True,0,0,0,0,0,0,0,0,0.0,0.0,0.0,0.0,0.0,0.0,0.0,0.0,0,False
4134,20160915_JB,29.573333333,75.21333333300001,28.446666667,78.813333333,29.98,76.493333333,27.98,81.42666666699999,28.406666667,81.0,28.653333333000003,80.806666667,29.073333333,76.726666667,28.68,77.9,2,2016-09-15,JB,9,3,15,Thursday,True,0,0,0,0,0,0,0,0,0.0,0.0,0.0,0.0,0.0,0.0,0.0,0.0,0,False
4135,20160915_JJ,27.1,77.2,27.1,77.8,27.6,73.6,25.45,83.0,27.1,79.7,27.05,74.55,28.2,74.2,27.9,71.3,1,2016-09-15,JJ,9,3,15,Thursday,True,0,0,0,0,0,0,0,0,0.0,0.0,0.0,0.0,0.0,0.0,0.0,0.0,0,False
4136,20160915_JN,28.922727273000003,81.93636363600001,27.590909091,82.73636363600001,29.122727273000002,79.981818182,26.777272727,84.113636364,27.072727273,85.95,29.195454545,82.75,29.540909091,77.036363636,29.318181818000003,74.495454545,4,2016-09-15,JN,9,3,15,Thursday,True,0,0,0,0,0,0,0,0,0.0,0.0,0.0,0.0,0.0,0.0,0.0,0.0,0,False
4137,20160915_SU,29.5,68.1,28.9,66.1,30.8,62.5,27.5,68.9,28.2,66.3,29.1,65.4,29.3,71.1,26.5,76.4,13,2016-09-15,SU,9,3,15,Thursday,True,0,0,0,0,0,0,0,0,0.0,0.0,0.0,0.0,0.0,0.0,0.0,0.0,0,False
4138,20160915_US,26.9,90.0,26.8,88.6,25.8,89.4,22.4,98.0,26.5,89.5,24.3,97.6,26.5,89.9,27.3,84.0,0,2016-09-15,US,9,3,15,Thursday,True,0,0,0,0,0,0,0,0,0.0,0.0,0.0,0.0,0.0,0.0,0.0,0.0,0,False
4139,20160916_BS,26.0,80.9,27.7,78.5,28.2,76.5,27.4,75.8,23.4,90.4,28.3,74.6,27.7,81.3,28.4,78.4,0,2016-09-16,BS,9,4,16,Friday,True,0,0,0,0,0,0,0,0,0.0,0.0,0.0,0.0,0.0,0.0,0.0,0.0,0,False
4140,20160916_CB,26.38,79.313333333,28.78,71.733333333,29.073333333,71.533333333,28.973333333000003,69.78,27.56,71.56666666699999,28.48,70.153333333,28.54,73.78666666699999,28.76,75.233333333,0,2016-09-16,CB,9,4,16,Friday,True,0,0,0,0,0,0,0,0,0.0,0.0,0.0,0.0,0.0,0.0,0.0,0.0,0,False
4141,20160916_CN,25.11875,89.7875,28.80625,79.025,28.75625,80.8375,29.25625,81.45625,27.825,84.93125,28.4375,81.19375,28.94375,83.7125,28.7375,82.21875,5,2016-09-16,CN,9,4,16,Friday,True,0,0,0,0,0,0,0,0,0.0,0.0,0.0,0.0,0.0,0.0,0.0,0.0,0,False
4142,20160916_DG,24.9,88.0,28.6,77.3,28.2,75.3,28.1,76.1,22.8,89.5,27.1,77.0,27.1,80.0,29.6,75.3,0,2016-09-16,DG,9,4,16,Friday,True,0,0,0,0,0,0,0,0,0.0,0.0,0.0,0.0,0.0,0.0,0.0,0.0,0,False
4143,20160916_DJ,25.4,85.3,28.7,73.0,29.1,73.5,29.5,73.9,27.8,78.9,28.5,77.5,28.7,82.5,28.8,80.8,2,2016-09-16,DJ,9,4,16,Friday,True,0,0,0,0,0,0,0,0,0.0,0.0,0.0,0.0,0.0,0.0,0.0,0.0,0,False
4144,20160916_GB,25.091666667,88.76666666700001,27.354166666999998,84.304166667,26.691666667,83.229166667,26.970833333,82.358333333,23.320833333000003,91.85833333299999,26.5875,85.041666667,25.483333333,87.1625,27.4875,82.37083333300001,5,2016-09-16,GB,9,4,16,Friday,True,0,0,0,0,0,0,0,0,0.0,0.0,0.0,0.0,0.0,0.0,0.0,0.0,0,False
4145,20160916_GG,28.392857143,75.828571429,28.607142857,76.57619047600001,28.769047619000002,74.578571429,29.823809524,70.602380952,28.283333333,73.304761905,27.911904762,72.773809524,28.645238095,76.319047619,28.530952381,79.719047619,9,2016-09-16,GG,9,4,16,Friday,True,0,0,0,0,0,0,0,0,0.0,0.0,0.0,0.0,0.0,0.0,0.0,0.0,0,False
4146,20160916_GJ,23.6,97.8,30.0,80.8,28.6,84.0,30.5,77.4,27.9,84.5,26.9,90.9,31.1,84.5,30.2,77.0,1,2016-09-16,GJ,9,4,16,Friday,True,0,0,0,0,0,0,0,0,0.0,0.0,0.0,0.0,0.0,0.0,0.0,0.0,0,False
4147,20160916_GN,24.709090909,89.713636364,28.563636364,81.122727273,28.213636364,80.959090909,28.331818182,77.718181818,24.045454545,89.82727272700001,27.177272727,80.459090909,27.559090909000002,83.381818182,29.309090909000002,79.627272727,2,2016-09-16,GN,9,4,16,Friday,True,0,0,0,0,0,0,0,0,0.0,0.0,0.0,0.0,0.0,0.0,0.0,0.0,0,False
4148,20160916_GW,27.094444444,76.327777778,26.411111111,81.327777778,26.661111111,81.7,26.327777778,79.09444444399999,25.166666666999998,84.444444444,26.294444444,82.95,26.866666666999997,82.0,26.5,81.927777778,0,2016-09-16,GW,9,4,16,Friday,True,0,0,0,0,0,0,0,0,0.0,0.0,0.0,0.0,0.0,0.0,0.0,0.0,0,False
4149,20160916_IC,27.24,87.72,26.82,91.01,27.9,84.6,28.35,85.09,27.7,90.11,26.68,89.41,28.0,92.43,27.44,89.37,2,2016-09-16,IC,9,4,16,Friday,True,0,0,0,0,0,0,0,0,0.0,0.0,0.0,0.0,0.0,0.0,0.0,0.0,0,False
4150,20160916_JB,22.7,92.32,29.573333333,75.21333333300001,28.446666667,78.813333333,29.98,76.493333333,27.98,81.42666666699999,28.406666667,81.0,28.653333333000003,80.806666667,29.073333333,76.726666667,1,2016-09-16,JB,9,4,16,Friday,True,0,0,0,0,0,0,0,0,0.0,0.0,0.0,0.0,0.0,0.0,0.0,0.0,0,False
4151,20160916_JJ,26.15,82.7,27.1,77.2,27.1,77.8,27.6,73.6,25.45,83.0,27.1,79.7,27.05,74.55,28.2,74.2,0,2016-09-16,JJ,9,4,16,Friday,True,0,0,0,0,0,0,0,0,0.0,0.0,0.0,0.0,0.0,0.0,0.0,0.0,0,False
4152,20160916_JN,23.731818181999998,92.1,28.922727273000003,81.93636363600001,27.590909091,82.73636363600001,29.122727273000002,79.981818182,26.777272727,84.113636364,27.072727273,85.95,29.195454545,82.75,29.540909091,77.036363636,3,2016-09-16,JN,9,4,16,Friday,True,0,0,0,0,0,0,0,0,0.0,0.0,0.0,0.0,0.0,0.0,0.0,0.0,0,False
4153,20160916_SU,29.5,64.9,29.5,68.1,28.9,66.1,30.8,62.5,27.5,68.9,28.2,66.3,29.1,65.4,29.3,71.1,7,2016-09-16,SU,9,4,16,Friday,True,0,0,0,0,0,0,0,0,0.0,0.0,0.0,0.0,0.0,0.0,0.0,0.0,0,False
4154,20160916_US,25.2,96.0,26.9,90.0,26.8,88.6,25.8,89.4,22.4,98.0,26.5,89.5,24.3,97.6,26.5,89.9,1,2016-09-16,US,9,4,16,Friday,True,0,0,0,0,0,0,0,0,0.0,0.0,0.0,0.0,0.0,0.0,0.0,0.0,0,False
4155,20160917_BS,23.3,95.5,26.0,80.9,27.7,78.5,28.2,76.5,27.4,75.8,23.4,90.4,28.3,74.6,27.7,81.3,10,2016-09-17,BS,9,5,17,Saturday,False,0,0,0,0,0,0,0,0,0.0,0.0,0.0,0.0,0.0,0.0,0.0,0.0,0,True
4156,20160917_CB,20.833333333,94.666666667,26.38,79.313333333,28.78,71.733333333,29.073333333,71.533333333,28.973333333000003,69.78,27.56,71.56666666699999,28.48,70.153333333,28.54,73.78666666699999,12,2016-09-17,CB,9,5,17,Saturday,False,0,0,0,0,0,0,0,0,0.0,0.0,0.0,0.0,0.0,0.0,0.0,0.0,0,True
4157,20160917_CN,21.6,94.125,25.11875,89.7875,28.80625,79.025,28.75625,80.8375,29.25625,81.45625,27.825,84.93125,28.4375,81.19375,28.94375,83.7125,13,2016-09-17,CN,9,5,17,Saturday,False,0,0,0,0,0,0,0,0,0.0,0.0,0.0,0.0,0.0,0.0,0.0,0.0,0,True
4158,20160917_DG,21.0,95.0,24.9,88.0,28.6,77.3,28.2,75.3,28.1,76.1,22.8,89.5,27.1,77.0,27.1,80.0,7,2016-09-17,DG,9,5,17,Saturday,False,0,0,0,0,0,0,0,0,0.0,0.0,0.0,0.0,0.0,0.0,0.0,0.0,0,True
4159,20160917_DJ,21.3,96.9,25.4,85.3,28.7,73.0,29.1,73.5,29.5,73.9,27.8,78.9,28.5,77.5,28.7,82.5,5,2016-09-17,DJ,9,5,17,Saturday,False,0,0,0,0,0,0,0,0,0.0,0.0,0.0,0.0,0.0,0.0,0.0,0.0,0,True
4160,20160917_GB,20.745833333,95.770833333,25.091666667,88.76666666700001,27.354166666999998,84.304166667,26.691666667,83.229166667,26.970833333,82.358333333,23.320833333000003,91.85833333299999,26.5875,85.041666667,25.483333333,87.1625,19,2016-09-17,GB,9,5,17,Saturday,False,0,0,0,0,0,0,0,0,0.0,0.0,0.0,0.0,0.0,0.0,0.0,0.0,0,True
4161,20160917_GG,26.785714285999997,75.916666667,28.392857143,75.828571429,28.607142857,76.57619047600001,28.769047619000002,74.578571429,29.823809524,70.602380952,28.283333333,73.304761905,27.911904762,72.773809524,28.645238095,76.319047619,43,2016-09-17,GG,9,5,17,Saturday,False,0,0,0,0,0,0,0,0,0.0,0.0,0.0,0.0,0.0,0.0,0.0,0.0,0,True
4162,20160917_GJ,23.6,99.0,23.6,97.8,30.0,80.8,28.6,84.0,30.5,77.4,27.9,84.5,26.9,90.9,31.1,84.5,9,2016-09-17,GJ,9,5,17,Saturday,False,0,0,0,0,0,0,0,0,0.0,0.0,0.0,0.0,0.0,0.0,0.0,0.0,0,True
4163,20160917_GN,21.963636364,95.104545455,24.709090909,89.713636364,28.563636364,81.122727273,28.213636364,80.959090909,28.331818182,77.718181818,24.045454545,89.82727272700001,27.177272727,80.459090909,27.559090909000002,83.381818182,11,2016-09-17,GN,9,5,17,Saturday,False,0,0,0,0,0,0,0,0,0.0,0.0,0.0,0.0,0.0,0.0,0.0,0.0,0,True
4164,20160917_GW,23.627777778000002,84.472222222,27.094444444,76.327777778,26.411111111,81.327777778,26.661111111,81.7,26.327777778,79.09444444399999,25.166666666999998,84.444444444,26.294444444,82.95,26.866666666999997,82.0,3,2016-09-17,GW,9,5,17,Saturday,False,0,0,0,0,0,0,0,0,0.0,0.0,0.0,0.0,0.0,0.0,0.0,0.0,0,True
4165,20160917_IC,27.34,78.08,27.24,87.72,26.82,91.01,27.9,84.6,28.35,85.09,27.7,90.11,26.68,89.41,28.0,92.43,12,2016-09-17,IC,9,5,17,Saturday,False,0,0,0,0,0,0,0,0,0.0,0.0,0.0,0.0,0.0,0.0,0.0,0.0,0,True
4166,20160917_JB,21.273333333,94.89333333299999,22.7,92.32,29.573333333,75.21333333300001,28.446666667,78.813333333,29.98,76.493333333,27.98,81.42666666699999,28.406666667,81.0,28.653333333000003,80.806666667,16,2016-09-17,JB,9,5,17,Saturday,False,0,0,0,0,0,0,0,0,0.0,0.0,0.0,0.0,0.0,0.0,0.0,0.0,0,True
4167,20160917_JJ,28.2,89.9,26.15,82.7,27.1,77.2,27.1,77.8,27.6,73.6,25.45,83.0,27.1,79.7,27.05,74.55,4,2016-09-17,JJ,9,5,17,Saturday,False,0,0,0,0,0,0,0,0,0.0,0.0,0.0,0.0,0.0,0.0,0.0,0.0,0,True
4168,20160917_JN,24.490909091,94.818181818,23.731818181999998,92.1,28.922727273000003,81.93636363600001,27.590909091,82.73636363600001,29.122727273000002,79.981818182,26.777272727,84.113636364,27.072727273,85.95,29.195454545,82.75,12,2016-09-17,JN,9,5,17,Saturday,False,0,0,0,0,0,0,0,0,0.0,0.0,0.0,0.0,0.0,0.0,0.0,0.0,0,True
4169,20160917_SU,28.2,64.8,29.5,64.9,29.5,68.1,28.9,66.1,30.8,62.5,27.5,68.9,28.2,66.3,29.1,65.4,32,2016-09-17,SU,9,5,17,Saturday,False,0,0,0,0,0,0,0,0,0.0,0.0,0.0,0.0,0.0,0.0,0.0,0.0,0,True
4170,20160917_US,22.0,98.0,25.2,96.0,26.9,90.0,26.8,88.6,25.8,89.4,22.4,98.0,26.5,89.5,24.3,97.6,1,2016-09-17,US,9,5,17,Saturday,False,0,0,0,0,0,0,0,0,0.0,0.0,0.0,0.0,0.0,0.0,0.0,0.0,0,True
4171,20160918_BS,23.1,85.3,23.3,95.5,26.0,80.9,27.7,78.5,28.2,76.5,27.4,75.8,23.4,90.4,28.3,74.6,1,2016-09-18,BS,9,6,18,Sunday,False,0,0,0,0,0,0,0,0,0.0,0.0,0.0,0.0,0.0,0.0,0.0,0.0,0,True
4172,20160918_CB,21.9,83.673333333,20.833333333,94.666666667,26.38,79.313333333,28.78,71.733333333,29.073333333,71.533333333,28.973333333000003,69.78,27.56,71.56666666699999,28.48,70.153333333,0,2016-09-18,CB,9,6,18,Sunday,False,0,0,0,0,0,0,0,0,0.0,0.0,0.0,0.0,0.0,0.0,0.0,0.0,0,True
4173,20160918_CN,23.05625,86.9,21.6,94.125,25.11875,89.7875,28.80625,79.025,28.75625,80.8375,29.25625,81.45625,27.825,84.93125,28.4375,81.19375,2,2016-09-18,CN,9,6,18,Sunday,False,0,0,0,0,0,0,0,0,0.0,0.0,0.0,0.0,0.0,0.0,0.0,0.0,0,True
4174,20160918_DG,21.4,89.5,21.0,95.0,24.9,88.0,28.6,77.3,28.2,75.3,28.1,76.1,22.8,89.5,27.1,77.0,2,2016-09-18,DG,9,6,18,Sunday,False,0,0,0,0,0,0,0,0,0.0,0.0,0.0,0.0,0.0,0.0,0.0,0.0,0,True
4175,20160918_DJ,20.7,91.6,21.3,96.9,25.4,85.3,28.7,73.0,29.1,73.5,29.5,73.9,27.8,78.9,28.5,77.5,1,2016-09-18,DJ,9,6,18,Sunday,False,0,0,0,0,0,0,0,0,0.0,0.0,0.0,0.0,0.0,0.0,0.0,0.0,0,True
4176,20160918_GB,21.275,88.725,20.745833333,95.770833333,25.091666667,88.76666666700001,27.354166666999998,84.304166667,26.691666667,83.229166667,26.970833333,82.358333333,23.320833333000003,91.85833333299999,26.5875,85.041666667,0,2016-09-18,GB,9,6,18,Sunday,False,0,0,0,0,0,0,0,0,0.0,0.0,0.0,0.0,0.0,0.0,0.0,0.0,0,True
4177,20160918_GG,27.757142856999998,60.8,26.785714285999997,75.916666667,28.392857143,75.828571429,28.607142857,76.57619047600001,28.769047619000002,74.578571429,29.823809524,70.602380952,28.283333333,73.304761905,27.911904762,72.773809524,12,2016-09-18,GG,9,6,18,Sunday,False,0,0,0,0,0,0,0,0,0.0,0.0,0.0,0.0,0.0,0.0,0.0,0.0,0,True
4178,20160918_GJ,22.7,98.8,23.6,99.0,23.6,97.8,30.0,80.8,28.6,84.0,30.5,77.4,27.9,84.5,26.9,90.9,2,2016-09-18,GJ,9,6,18,Sunday,False,0,0,0,0,0,0,0,0,0.0,0.0,0.0,0.0,0.0,0.0,0.0,0.0,0,True
4179,20160918_GN,21.945454545,88.745454545,21.963636364,95.104545455,24.709090909,89.713636364,28.563636364,81.122727273,28.213636364,80.959090909,28.331818182,77.718181818,24.045454545,89.82727272700001,27.177272727,80.459090909,6,2016-09-18,GN,9,6,18,Sunday,False,0,0,0,0,0,0,0,0,0.0,0.0,0.0,0.0,0.0,0.0,0.0,0.0,0,True
4180,20160918_GW,23.661111111,72.761111111,23.627777778000002,84.472222222,27.094444444,76.327777778,26.411111111,81.327777778,26.661111111,81.7,26.327777778,79.09444444399999,25.166666666999998,84.444444444,26.294444444,82.95,2,2016-09-18,GW,9,6,18,Sunday,False,0,0,0,0,0,0,0,0,0.0,0.0,0.0,0.0,0.0,0.0,0.0,0.0,0,True
4181,20160918_IC,27.27,71.74,27.34,78.08,27.24,87.72,26.82,91.01,27.9,84.6,28.35,85.09,27.7,90.11,26.68,89.41,2,2016-09-18,IC,9,6,18,Sunday,False,0,0,0,0,0,0,0,0,0.0,0.0,0.0,0.0,0.0,0.0,0.0,0.0,0,True
4182,20160918_JB,20.486666667,92.38666666700001,21.273333333,94.89333333299999,22.7,92.32,29.573333333,75.21333333300001,28.446666667,78.813333333,29.98,76.493333333,27.98,81.42666666699999,28.406666667,81.0,1,2016-09-18,JB,9,6,18,Sunday,False,0,0,0,0,0,0,0,0,0.0,0.0,0.0,0.0,0.0,0.0,0.0,0.0,0,True
4183,20160918_JJ,26.55,92.65,28.2,89.9,26.15,82.7,27.1,77.2,27.1,77.8,27.6,73.6,25.45,83.0,27.1,79.7,0,2016-09-18,JJ,9,6,18,Sunday,False,0,0,0,0,0,0,0,0,0.0,0.0,0.0,0.0,0.0,0.0,0.0,0.0,0,True
4184,20160918_JN,23.618181818000004,89.590909091,24.490909091,94.818181818,23.731818181999998,92.1,28.922727273000003,81.93636363600001,27.590909091,82.73636363600001,29.122727273000002,79.981818182,26.777272727,84.113636364,27.072727273,85.95,1,2016-09-18,JN,9,6,18,Sunday,False,0,0,0,0,0,0,0,0,0.0,0.0,0.0,0.0,0.0,0.0,0.0,0.0,0,True
4185,20160918_SU,28.3,53.4,28.2,64.8,29.5,64.9,29.5,68.1,28.9,66.1,30.8,62.5,27.5,68.9,28.2,66.3,9,2016-09-18,SU,9,6,18,Sunday,False,0,0,0,0,0,0,0,0,0.0,0.0,0.0,0.0,0.0,0.0,0.0,0.0,0,True
4186,20160918_US,22.1,93.4,22.0,98.0,25.2,96.0,26.9,90.0,26.8,88.6,25.8,89.4,22.4,98.0,26.5,89.5,0,2016-09-18,US,9,6,18,Sunday,False,0,0,0,0,0,0,0,0,0.0,0.0,0.0,0.0,0.0,0.0,0.0,0.0,0,True
4187,20160919_BS,21.8,77.4,23.1,85.3,23.3,95.5,26.0,80.9,27.7,78.5,28.2,76.5,27.4,75.8,23.4,90.4,92,2016-09-19,BS,9,0,19,Monday,False,0,0,0,0,0,0,0,0,0.0,0.0,0.0,0.0,0.0,0.0,0.0,0.0,0,False
4188,20160919_CB,23.693333333,67.373333333,21.9,83.673333333,20.833333333,94.666666667,26.38,79.313333333,28.78,71.733333333,29.073333333,71.533333333,28.973333333000003,69.78,27.56,71.56666666699999,41,2016-09-19,CB,9,0,19,Monday,False,0,0,0,0,0,0,0,0,0.0,0.0,0.0,0.0,0.0,0.0,0.0,0.0,0,False
4189,20160919_CN,25.50625,72.73125,23.05625,86.9,21.6,94.125,25.11875,89.7875,28.80625,79.025,28.75625,80.8375,29.25625,81.45625,27.825,84.93125,99,2016-09-19,CN,9,0,19,Monday,False,0,0,0,0,0,0,0,0,0.0,0.0,0.0,0.0,0.0,0.0,0.0,0.0,0,False
4190,20160919_DG,23.3,70.0,21.4,89.5,21.0,95.0,24.9,88.0,28.6,77.3,28.2,75.3,28.1,76.1,22.8,89.5,94,2016-09-19,DG,9,0,19,Monday,False,0,0,0,0,0,0,0,0,0.0,0.0,0.0,0.0,0.0,0.0,0.0,0.0,0,False
4191,20160919_DJ,23.6,75.6,20.7,91.6,21.3,96.9,25.4,85.3,28.7,73.0,29.1,73.5,29.5,73.9,27.8,78.9,52,2016-09-19,DJ,9,0,19,Monday,False,0,0,0,0,0,0,0,0,0.0,0.0,0.0,0.0,0.0,0.0,0.0,0.0,0,False
4192,20160919_GB,22.183333333,74.0,21.275,88.725,20.745833333,95.770833333,25.091666667,88.76666666700001,27.354166666999998,84.304166667,26.691666667,83.229166667,26.970833333,82.358333333,23.320833333000003,91.85833333299999,108,2016-09-19,GB,9,0,19,Monday,False,0,0,0,0,0,0,0,0,0.0,0.0,0.0,0.0,0.0,0.0,0.0,0.0,0,False
4193,20160919_GG,27.004761905,59.504761905,27.757142856999998,60.8,26.785714285999997,75.916666667,28.392857143,75.828571429,28.607142857,76.57619047600001,28.769047619000002,74.578571429,29.823809524,70.602380952,28.283333333,73.304761905,237,2016-09-19,GG,9,0,19,Monday,False,0,0,0,0,0,0,0,0,0.0,0.0,0.0,0.0,0.0,0.0,0.0,0.0,0,False
4194,20160919_GJ,26.2,77.5,22.7,98.8,23.6,99.0,23.6,97.8,30.0,80.8,28.6,84.0,30.5,77.4,27.9,84.5,56,2016-09-19,GJ,9,0,19,Monday,False,0,0,0,0,0,0,0,0,0.0,0.0,0.0,0.0,0.0,0.0,0.0,0.0,0,False
4195,20160919_GN,23.640909090999997,70.033333333,21.945454545,88.745454545,21.963636364,95.104545455,24.709090909,89.713636364,28.563636364,81.122727273,28.213636364,80.959090909,28.331818182,77.718181818,24.045454545,89.82727272700001,97,2016-09-19,GN,9,0,19,Monday,False,0,0,0,0,0,0,0,0,0.0,0.0,0.0,0.0,0.0,0.0,0.0,0.0,0,False
4196,20160919_GW,22.711111110999997,70.95555555600001,23.661111111,72.761111111,23.627777778000002,84.472222222,27.094444444,76.327777778,26.411111111,81.327777778,26.661111111,81.7,26.327777778,79.09444444399999,25.166666666999998,84.444444444,48,2016-09-19,GW,9,0,19,Monday,False,0,0,0,0,0,0,0,0,0.0,0.0,0.0,0.0,0.0,0.0,0.0,0.0,0,False
4197,20160919_IC,26.68,68.27,27.27,71.74,27.34,78.08,27.24,87.72,26.82,91.01,27.9,84.6,28.35,85.09,27.7,90.11,63,2016-09-19,IC,9,0,19,Monday,False,0,0,0,0,0,0,0,0,0.0,0.0,0.0,0.0,0.0,0.0,0.0,0.0,0,False
4198,20160919_JB,25.56,72.72,20.486666667,92.38666666700001,21.273333333,94.89333333299999,22.7,92.32,29.573333333,75.21333333300001,28.446666667,78.813333333,29.98,76.493333333,27.98,81.42666666699999,100,2016-09-19,JB,9,0,19,Monday,False,0,0,0,0,0,0,0,0,0.0,0.0,0.0,0.0,0.0,0.0,0.0,0.0,0,False
4199,20160919_JJ,22.7,85.6,26.55,92.65,28.2,89.9,26.15,82.7,27.1,77.2,27.1,77.8,27.6,73.6,25.45,83.0,16,2016-09-19,JJ,9,0,19,Monday,False,0,0,0,0,0,0,0,0,0.0,0.0,0.0,0.0,0.0,0.0,0.0,0.0,0,False
4200,20160919_JN,25.045454545,75.640909091,23.618181818000004,89.590909091,24.490909091,94.818181818,23.731818181999998,92.1,28.922727273000003,81.93636363600001,27.590909091,82.73636363600001,29.122727273000002,79.981818182,26.777272727,84.113636364,99,2016-09-19,JN,9,0,19,Monday,False,0,0,0,0,0,0,0,0,0.0,0.0,0.0,0.0,0.0,0.0,0.0,0.0,0,False
4201,20160919_SU,27.8,53.3,28.3,53.4,28.2,64.8,29.5,64.9,29.5,68.1,28.9,66.1,30.8,62.5,27.5,68.9,260,2016-09-19,SU,9,0,19,Monday,False,0,0,0,0,0,0,0,0,0.0,0.0,0.0,0.0,0.0,0.0,0.0,0.0,0,False
4202,20160919_US,23.0,81.9,22.1,93.4,22.0,98.0,25.2,96.0,26.9,90.0,26.8,88.6,25.8,89.4,22.4,98.0,15,2016-09-19,US,9,0,19,Monday,False,0,0,0,0,0,0,0,0,0.0,0.0,0.0,0.0,0.0,0.0,0.0,0.0,0,False
4203,20160920_BS,25.1,55.5,21.8,77.4,23.1,85.3,23.3,95.5,26.0,80.9,27.7,78.5,28.2,76.5,27.4,75.8,88,2016-09-20,BS,9,1,20,Tuesday,False,0,0,0,0,0,0,0,0,0.0,0.0,0.0,0.0,0.0,0.0,0.0,0.0,0,False
4204,20160920_CB,24.34,56.446666666999995,23.693333333,67.373333333,21.9,83.673333333,20.833333333,94.666666667,26.38,79.313333333,28.78,71.733333333,29.073333333,71.533333333,28.973333333000003,69.78,46,2016-09-20,CB,9,1,20,Tuesday,False,0,0,0,0,0,0,0,0,0.0,0.0,0.0,0.0,0.0,0.0,0.0,0.0,0,False
4205,20160920_CN,24.6625,64.50625,25.50625,72.73125,23.05625,86.9,21.6,94.125,25.11875,89.7875,28.80625,79.025,28.75625,80.8375,29.25625,81.45625,66,2016-09-20,CN,9,1,20,Tuesday,False,0,0,0,0,0,0,0,0,0.0,0.0,0.0,0.0,0.0,0.0,0.0,0.0,0,False
4206,20160920_DG,23.8,54.8,23.3,70.0,21.4,89.5,21.0,95.0,24.9,88.0,28.6,77.3,28.2,75.3,28.1,76.1,63,2016-09-20,DG,9,1,20,Tuesday,False,0,0,0,0,0,0,0,0,0.0,0.0,0.0,0.0,0.0,0.0,0.0,0.0,0,False
4207,20160920_DJ,24.7,64.6,23.6,75.6,20.7,91.6,21.3,96.9,25.4,85.3,28.7,73.0,29.1,73.5,29.5,73.9,37,2016-09-20,DJ,9,1,20,Tuesday,False,0,0,0,0,0,0,0,0,0.0,0.0,0.0,0.0,0.0,0.0,0.0,0.0,0,False
4208,20160920_GB,23.245833333,62.416666667,22.183333333,74.0,21.275,88.725,20.745833333,95.770833333,25.091666667,88.76666666700001,27.354166666999998,84.304166667,26.691666667,83.229166667,26.970833333,82.358333333,55,2016-09-20,GB,9,1,20,Tuesday,False,0,0,0,0,0,0,0,0,0.0,0.0,0.0,0.0,0.0,0.0,0.0,0.0,0,False
4209,20160920_GG,26.00952381,47.145238095,27.004761905,59.504761905,27.757142856999998,60.8,26.785714285999997,75.916666667,28.392857143,75.828571429,28.607142857,76.57619047600001,28.769047619000002,74.578571429,29.823809524,70.602380952,259,2016-09-20,GG,9,1,20,Tuesday,False,0,0,0,0,0,0,0,0,0.0,0.0,0.0,0.0,0.0,0.0,0.0,0.0,0,False
4210,20160920_GJ,26.6,56.9,26.2,77.5,22.7,98.8,23.6,99.0,23.6,97.8,30.0,80.8,28.6,84.0,30.5,77.4,50,2016-09-20,GJ,9,1,20,Tuesday,False,0,0,0,0,0,0,0,0,0.0,0.0,0.0,0.0,0.0,0.0,0.0,0.0,0,False
4211,20160920_GN,24.772727273,57.922727273,23.640909090999997,70.033333333,21.945454545,88.745454545,21.963636364,95.104545455,24.709090909,89.713636364,28.563636364,81.122727273,28.213636364,80.959090909,28.331818182,77.718181818,78,2016-09-20,GN,9,1,20,Tuesday,False,0,0,0,0,0,0,0,0,0.0,0.0,0.0,0.0,0.0,0.0,0.0,0.0,0,False
4212,20160920_GW,22.922222222,64.81666666699999,22.711111110999997,70.95555555600001,23.661111111,72.761111111,23.627777778000002,84.472222222,27.094444444,76.327777778,26.411111111,81.327777778,26.661111111,81.7,26.327777778,79.09444444399999,42,2016-09-20,GW,9,1,20,Tuesday,False,0,0,0,0,0,0,0,0,0.0,0.0,0.0,0.0,0.0,0.0,0.0,0.0,0,False
4213,20160920_IC,25.77,53.76,26.68,68.27,27.27,71.74,27.34,78.08,27.24,87.72,26.82,91.01,27.9,84.6,28.35,85.09,58,2016-09-20,IC,9,1,20,Tuesday,False,0,0,0,0,0,0,0,0,0.0,0.0,0.0,0.0,0.0,0.0,0.0,0.0,0,False
4214,20160920_JB,24.88,61.16,25.56,72.72,20.486666667,92.38666666700001,21.273333333,94.89333333299999,22.7,92.32,29.573333333,75.21333333300001,28.446666667,78.813333333,29.98,76.493333333,92,2016-09-20,JB,9,1,20,Tuesday,False,0,0,0,0,0,0,0,0,0.0,0.0,0.0,0.0,0.0,0.0,0.0,0.0,0,False
4215,20160920_JJ,24.95,60.8,22.7,85.6,26.55,92.65,28.2,89.9,26.15,82.7,27.1,77.2,27.1,77.8,27.6,73.6,16,2016-09-20,JJ,9,1,20,Tuesday,False,0,0,0,0,0,0,0,0,0.0,0.0,0.0,0.0,0.0,0.0,0.0,0.0,0,False
4216,20160920_JN,25.572727273,65.072727273,25.045454545,75.640909091,23.618181818000004,89.590909091,24.490909091,94.818181818,23.731818181999998,92.1,28.922727273000003,81.93636363600001,27.590909091,82.73636363600001,29.122727273000002,79.981818182,75,2016-09-20,JN,9,1,20,Tuesday,False,0,0,0,0,0,0,0,0,0.0,0.0,0.0,0.0,0.0,0.0,0.0,0.0,0,False
4217,20160920_SU,26.8,41.1,27.8,53.3,28.3,53.4,28.2,64.8,29.5,64.9,29.5,68.1,28.9,66.1,30.8,62.5,263,2016-09-20,SU,9,1,20,Tuesday,False,0,0,0,0,0,0,0,0,0.0,0.0,0.0,0.0,0.0,0.0,0.0,0.0,0,False
4218,20160920_US,22.6,64.1,23.0,81.9,22.1,93.4,22.0,98.0,25.2,96.0,26.9,90.0,26.8,88.6,25.8,89.4,14,2016-09-20,US,9,1,20,Tuesday,False,0,0,0,0,0,0,0,0,0.0,0.0,0.0,0.0,0.0,0.0,0.0,0.0,0,False
4219,20160921_BS,25.6,60.6,25.1,55.5,21.8,77.4,23.1,85.3,23.3,95.5,26.0,80.9,27.7,78.5,28.2,76.5,67,2016-09-21,BS,9,2,21,Wednesday,False,0,0,0,0,0,0,0,0,0.0,0.0,0.0,0.0,0.0,0.0,0.0,0.0,0,False
4220,20160921_CB,23.393333333,64.086666667,24.34,56.446666666999995,23.693333333,67.373333333,21.9,83.673333333,20.833333333,94.666666667,26.38,79.313333333,28.78,71.733333333,29.073333333,71.533333333,27,2016-09-21,CB,9,2,21,Wednesday,False,0,0,0,0,0,0,0,0,0.0,0.0,0.0,0.0,0.0,0.0,0.0,0.0,0,False
4221,20160921_CN,24.075,71.29375,24.6625,64.50625,25.50625,72.73125,23.05625,86.9,21.6,94.125,25.11875,89.7875,28.80625,79.025,28.75625,80.8375,62,2016-09-21,CN,9,2,21,Wednesday,False,0,0,0,0,0,0,0,0,0.0,0.0,0.0,0.0,0.0,0.0,0.0,0.0,0,False
4222,20160921_DG,23.5,70.0,23.8,54.8,23.3,70.0,21.4,89.5,21.0,95.0,24.9,88.0,28.6,77.3,28.2,75.3,55,2016-09-21,DG,9,2,21,Wednesday,False,0,0,0,0,0,0,0,0,0.0,0.0,0.0,0.0,0.0,0.0,0.0,0.0,0,False
4223,20160921_DJ,23.6,68.4,24.7,64.6,23.6,75.6,20.7,91.6,21.3,96.9,25.4,85.3,28.7,73.0,29.1,73.5,40,2016-09-21,DJ,9,2,21,Wednesday,False,0,0,0,0,0,0,0,0,0.0,0.0,0.0,0.0,0.0,0.0,0.0,0.0,0,False
4224,20160921_GB,23.525,71.841666667,23.245833333,62.416666667,22.183333333,74.0,21.275,88.725,20.745833333,95.770833333,25.091666667,88.76666666700001,27.354166666999998,84.304166667,26.691666667,83.229166667,87,2016-09-21,GB,9,2,21,Wednesday,False,0,0,0,0,0,0,0,0,0.0,0.0,0.0,0.0,0.0,0.0,0.0,0.0,0,False
4225,20160921_GG,24.552380951999996,54.55,26.00952381,47.145238095,27.004761905,59.504761905,27.757142856999998,60.8,26.785714285999997,75.916666667,28.392857143,75.828571429,28.607142857,76.57619047600001,28.769047619000002,74.578571429,227,2016-09-21,GG,9,2,21,Wednesday,False,0,0,0,0,0,0,0,0,0.0,0.0,0.0,0.0,0.0,0.0,0.0,0.0,0,False
4226,20160921_GJ,25.1,63.4,26.6,56.9,26.2,77.5,22.7,98.8,23.6,99.0,23.6,97.8,30.0,80.8,28.6,84.0,40,2016-09-21,GJ,9,2,21,Wednesday,False,0,0,0,0,0,0,0,0,0.0,0.0,0.0,0.0,0.0,0.0,0.0,0.0,0,False
4227,20160921_GN,24.440909090999998,68.054545455,24.772727273,57.922727273,23.640909090999997,70.033333333,21.945454545,88.745454545,21.963636364,95.104545455,24.709090909,89.713636364,28.563636364,81.122727273,28.213636364,80.959090909,70,2016-09-21,GN,9,2,21,Wednesday,False,0,0,0,0,0,0,0,0,0.0,0.0,0.0,0.0,0.0,0.0,0.0,0.0,0,False
4228,20160921_GW,22.922222222,72.938888889,22.922222222,64.81666666699999,22.711111110999997,70.95555555600001,23.661111111,72.761111111,23.627777778000002,84.472222222,27.094444444,76.327777778,26.411111111,81.327777778,26.661111111,81.7,48,2016-09-21,GW,9,2,21,Wednesday,False,0,0,0,0,0,0,0,0,0.0,0.0,0.0,0.0,0.0,0.0,0.0,0.0,0,False
4229,20160921_IC,25.01,57.8,25.77,53.76,26.68,68.27,27.27,71.74,27.34,78.08,27.24,87.72,26.82,91.01,27.9,84.6,57,2016-09-21,IC,9,2,21,Wednesday,False,0,0,0,0,0,0,0,0,0.0,0.0,0.0,0.0,0.0,0.0,0.0,0.0,0,False
4230,20160921_JB,24.593333333,67.9,24.88,61.16,25.56,72.72,20.486666667,92.38666666700001,21.273333333,94.89333333299999,22.7,92.32,29.573333333,75.21333333300001,28.446666667,78.813333333,89,2016-09-21,JB,9,2,21,Wednesday,False,0,0,0,0,0,0,0,0,0.0,0.0,0.0,0.0,0.0,0.0,0.0,0.0,0,False
4231,20160921_JJ,24.7,65.85,24.95,60.8,22.7,85.6,26.55,92.65,28.2,89.9,26.15,82.7,27.1,77.2,27.1,77.8,14,2016-09-21,JJ,9,2,21,Wednesday,False,0,0,0,0,0,0,0,0,0.0,0.0,0.0,0.0,0.0,0.0,0.0,0.0,0,False
4232,20160921_JN,24.786363636,66.709090909,25.572727273,65.072727273,25.045454545,75.640909091,23.618181818000004,89.590909091,24.490909091,94.818181818,23.731818181999998,92.1,28.922727273000003,81.93636363600001,27.590909091,82.73636363600001,55,2016-09-21,JN,9,2,21,Wednesday,False,0,0,0,0,0,0,0,0,0.0,0.0,0.0,0.0,0.0,0.0,0.0,0.0,0,False
4233,20160921_SU,25.3,43.4,26.8,41.1,27.8,53.3,28.3,53.4,28.2,64.8,29.5,64.9,29.5,68.1,28.9,66.1,292,2016-09-21,SU,9,2,21,Wednesday,False,0,0,0,0,0,0,0,0,0.0,0.0,0.0,0.0,0.0,0.0,0.0,0.0,0,False
4234,20160921_US,23.6,71.8,22.6,64.1,23.0,81.9,22.1,93.4,22.0,98.0,25.2,96.0,26.9,90.0,26.8,88.6,14,2016-09-21,US,9,2,21,Wednesday,False,0,0,0,0,0,0,0,0,0.0,0.0,0.0,0.0,0.0,0.0,0.0,0.0,0,False
4235,20160922_BS,24.6,75.6,25.6,60.6,25.1,55.5,21.8,77.4,23.1,85.3,23.3,95.5,26.0,80.9,27.7,78.5,61,2016-09-22,BS,9,3,22,Thursday,False,0,0,0,0,0,0,0,0,0.0,0.0,0.0,0.0,0.0,0.0,0.0,0.0,0,False
4236,20160922_CB,25.586666667,66.233333333,23.393333333,64.086666667,24.34,56.446666666999995,23.693333333,67.373333333,21.9,83.673333333,20.833333333,94.666666667,26.38,79.313333333,28.78,71.733333333,39,2016-09-22,CB,9,3,22,Thursday,False,0,0,0,0,0,0,0,0,0.0,0.0,0.0,0.0,0.0,0.0,0.0,0.0,0,False
4237,20160922_CN,25.825,76.325,24.075,71.29375,24.6625,64.50625,25.50625,72.73125,23.05625,86.9,21.6,94.125,25.11875,89.7875,28.80625,79.025,53,2016-09-22,CN,9,3,22,Thursday,False,0,0,0,0,0,0,0,0,0.0,0.0,0.0,0.0,0.0,0.0,0.0,0.0,0,False
4238,20160922_DG,23.9,75.5,23.5,70.0,23.8,54.8,23.3,70.0,21.4,89.5,21.0,95.0,24.9,88.0,28.6,77.3,57,2016-09-22,DG,9,3,22,Thursday,False,0,0,0,0,0,0,0,0,0.0,0.0,0.0,0.0,0.0,0.0,0.0,0.0,0,False
4239,20160922_DJ,25.9,71.3,23.6,68.4,24.7,64.6,23.6,75.6,20.7,91.6,21.3,96.9,25.4,85.3,28.7,73.0,37,2016-09-22,DJ,9,3,22,Thursday,False,0,0,0,0,0,0,0,0,0.0,0.0,0.0,0.0,0.0,0.0,0.0,0.0,0,False
4240,20160922_GB,22.5125,80.49583333300001,23.525,71.841666667,23.245833333,62.416666667,22.183333333,74.0,21.275,88.725,20.745833333,95.770833333,25.091666667,88.76666666700001,27.354166666999998,84.304166667,67,2016-09-22,GB,9,3,22,Thursday,False,0,0,0,0,0,0,0,0,0.0,0.0,0.0,0.0,0.0,0.0,0.0,0.0,0,False
4241,20160922_GG,26.573809524,57.90952381,24.552380951999996,54.55,26.00952381,47.145238095,27.004761905,59.504761905,27.757142856999998,60.8,26.785714285999997,75.916666667,28.392857143,75.828571429,28.607142857,76.57619047600001,219,2016-09-22,GG,9,3,22,Thursday,False,0,0,0,0,0,0,0,0,0.0,0.0,0.0,0.0,0.0,0.0,0.0,0.0,0,False
4242,20160922_GJ,27.5,67.0,25.1,63.4,26.6,56.9,26.2,77.5,22.7,98.8,23.6,99.0,23.6,97.8,30.0,80.8,35,2016-09-22,GJ,9,3,22,Thursday,False,0,0,0,0,0,0,0,0,0.0,0.0,0.0,0.0,0.0,0.0,0.0,0.0,0,False
4243,20160922_GN,23.818181818000003,77.295454545,24.440909090999998,68.054545455,24.772727273,57.922727273,23.640909090999997,70.033333333,21.945454545,88.745454545,21.963636364,95.104545455,24.709090909,89.713636364,28.563636364,81.122727273,51,2016-09-22,GN,9,3,22,Thursday,False,0,0,0,0,0,0,0,0,0.0,0.0,0.0,0.0,0.0,0.0,0.0,0.0,0,False
4244,20160922_GW,23.95,73.95555555600001,22.922222222,72.938888889,22.922222222,64.81666666699999,22.711111110999997,70.95555555600001,23.661111111,72.761111111,23.627777778000002,84.472222222,27.094444444,76.327777778,26.411111111,81.327777778,41,2016-09-22,GW,9,3,22,Thursday,False,0,0,0,0,0,0,0,0,0.0,0.0,0.0,0.0,0.0,0.0,0.0,0.0,0,False
4245,20160922_IC,26.12,67.36,25.01,57.8,25.77,53.76,26.68,68.27,27.27,71.74,27.34,78.08,27.24,87.72,26.82,91.01,46,2016-09-22,IC,9,3,22,Thursday,False,0,0,0,0,0,0,0,0,0.0,0.0,0.0,0.0,0.0,0.0,0.0,0.0,0,False
4246,20160922_JB,25.9,71.52,24.593333333,67.9,24.88,61.16,25.56,72.72,20.486666667,92.38666666700001,21.273333333,94.89333333299999,22.7,92.32,29.573333333,75.21333333300001,99,2016-09-22,JB,9,3,22,Thursday,False,0,0,0,0,0,0,0,0,0.0,0.0,0.0,0.0,0.0,0.0,0.0,0.0,0,False
4247,20160922_JJ,24.8,70.25,24.7,65.85,24.95,60.8,22.7,85.6,26.55,92.65,28.2,89.9,26.15,82.7,27.1,77.2,15,2016-09-22,JJ,9,3,22,Thursday,False,0,0,0,0,0,0,0,0,0.0,0.0,0.0,0.0,0.0,0.0,0.0,0.0,0,False
4248,20160922_JN,26.104545455,72.127272727,24.786363636,66.709090909,25.572727273,65.072727273,25.045454545,75.640909091,23.618181818000004,89.590909091,24.490909091,94.818181818,23.731818181999998,92.1,28.922727273000003,81.93636363600001,64,2016-09-22,JN,9,3,22,Thursday,False,0,0,0,0,0,0,0,0,0.0,0.0,0.0,0.0,0.0,0.0,0.0,0.0,0,False
4249,20160922_SU,27.2,46.3,25.3,43.4,26.8,41.1,27.8,53.3,28.3,53.4,28.2,64.8,29.5,64.9,29.5,68.1,253,2016-09-22,SU,9,3,22,Thursday,False,0,0,0,0,0,0,0,0,0.0,0.0,0.0,0.0,0.0,0.0,0.0,0.0,0,False
4250,20160922_US,21.3,92.1,23.6,71.8,22.6,64.1,23.0,81.9,22.1,93.4,22.0,98.0,25.2,96.0,26.9,90.0,13,2016-09-22,US,9,3,22,Thursday,False,0,0,0,0,0,0,0,0,0.0,0.0,0.0,0.0,0.0,0.0,0.0,0.0,0,False
4251,20160923_BS,26.3,74.3,24.6,75.6,25.6,60.6,25.1,55.5,21.8,77.4,23.1,85.3,23.3,95.5,26.0,80.9,84,2016-09-23,BS,9,4,23,Friday,False,0,0,0,0,0,0,0,0,0.0,0.0,0.0,0.0,0.0,0.0,0.0,0.0,0,False
4252,20160923_CB,26.826666666999998,70.013333333,25.586666667,66.233333333,23.393333333,64.086666667,24.34,56.446666666999995,23.693333333,67.373333333,21.9,83.673333333,20.833333333,94.666666667,26.38,79.313333333,39,2016-09-23,CB,9,4,23,Friday,False,0,0,0,0,0,0,0,0,0.0,0.0,0.0,0.0,0.0,0.0,0.0,0.0,0,False
4253,20160923_CN,26.58125,80.81875,25.825,76.325,24.075,71.29375,24.6625,64.50625,25.50625,72.73125,23.05625,86.9,21.6,94.125,25.11875,89.7875,62,2016-09-23,CN,9,4,23,Friday,False,0,0,0,0,0,0,0,0,0.0,0.0,0.0,0.0,0.0,0.0,0.0,0.0,0,False
4254,20160923_DG,26.8,72.4,23.9,75.5,23.5,70.0,23.8,54.8,23.3,70.0,21.4,89.5,21.0,95.0,24.9,88.0,68,2016-09-23,DG,9,4,23,Friday,False,0,0,0,0,0,0,0,0,0.0,0.0,0.0,0.0,0.0,0.0,0.0,0.0,0,False
4255,20160923_DJ,27.0,75.0,25.9,71.3,23.6,68.4,24.7,64.6,23.6,75.6,20.7,91.6,21.3,96.9,25.4,85.3,49,2016-09-23,DJ,9,4,23,Friday,False,0,0,0,0,0,0,0,0,0.0,0.0,0.0,0.0,0.0,0.0,0.0,0.0,0,False
4256,20160923_GB,25.420833333,79.5375,22.5125,80.49583333300001,23.525,71.841666667,23.245833333,62.416666667,22.183333333,74.0,21.275,88.725,20.745833333,95.770833333,25.091666667,88.76666666700001,62,2016-09-23,GB,9,4,23,Friday,False,0,0,0,0,0,0,0,0,0.0,0.0,0.0,0.0,0.0,0.0,0.0,0.0,0,False
4257,20160923_GG,27.421428571,67.857142857,26.573809524,57.90952381,24.552380951999996,54.55,26.00952381,47.145238095,27.004761905,59.504761905,27.757142856999998,60.8,26.785714285999997,75.916666667,28.392857143,75.828571429,184,2016-09-23,GG,9,4,23,Friday,False,0,0,0,0,0,0,0,0,0.0,0.0,0.0,0.0,0.0,0.0,0.0,0.0,0,False
4258,20160923_GJ,27.8,71.8,27.5,67.0,25.1,63.4,26.6,56.9,26.2,77.5,22.7,98.8,23.6,99.0,23.6,97.8,37,2016-09-23,GJ,9,4,23,Friday,False,0,0,0,0,0,0,0,0,0.0,0.0,0.0,0.0,0.0,0.0,0.0,0.0,0,False
4259,20160923_GN,26.913636364000002,78.104545455,23.818181818000003,77.295454545,24.440909090999998,68.054545455,24.772727273,57.922727273,23.640909090999997,70.033333333,21.945454545,88.745454545,21.963636364,95.104545455,24.709090909,89.713636364,59,2016-09-23,GN,9,4,23,Friday,False,0,0,0,0,0,0,0,0,0.0,0.0,0.0,0.0,0.0,0.0,0.0,0.0,0,False
4260,20160923_GW,24.927777778000003,76.25,23.95,73.95555555600001,22.922222222,72.938888889,22.922222222,64.81666666699999,22.711111110999997,70.95555555600001,23.661111111,72.761111111,23.627777778000002,84.472222222,27.094444444,76.327777778,41,2016-09-23,GW,9,4,23,Friday,False,0,0,0,0,0,0,0,0,0.0,0.0,0.0,0.0,0.0,0.0,0.0,0.0,0,False
4261,20160923_IC,25.78,80.1,26.12,67.36,25.01,57.8,25.77,53.76,26.68,68.27,27.27,71.74,27.34,78.08,27.24,87.72,41,2016-09-23,IC,9,4,23,Friday,False,0,0,0,0,0,0,0,0,0.0,0.0,0.0,0.0,0.0,0.0,0.0,0.0,0,False
4262,20160923_JB,26.8,72.43333333300001,25.9,71.52,24.593333333,67.9,24.88,61.16,25.56,72.72,20.486666667,92.38666666700001,21.273333333,94.89333333299999,22.7,92.32,96,2016-09-23,JB,9,4,23,Friday,False,0,0,0,0,0,0,0,0,0.0,0.0,0.0,0.0,0.0,0.0,0.0,0.0,0,False
4263,20160923_JJ,24.9,73.1,24.8,70.25,24.7,65.85,24.95,60.8,22.7,85.6,26.55,92.65,28.2,89.9,26.15,82.7,23,2016-09-23,JJ,9,4,23,Friday,False,0,0,0,0,0,0,0,0,0.0,0.0,0.0,0.0,0.0,0.0,0.0,0.0,0,False
4264,20160923_JN,26.609090909000003,76.713636364,26.104545455,72.127272727,24.786363636,66.709090909,25.572727273,65.072727273,25.045454545,75.640909091,23.618181818000004,89.590909091,24.490909091,94.818181818,23.731818181999998,92.1,56,2016-09-23,JN,9,4,23,Friday,False,0,0,0,0,0,0,0,0,0.0,0.0,0.0,0.0,0.0,0.0,0.0,0.0,0,False
4265,20160923_SU,27.9,57.9,27.2,46.3,25.3,43.4,26.8,41.1,27.8,53.3,28.3,53.4,28.2,64.8,29.5,64.9,227,2016-09-23,SU,9,4,23,Friday,False,0,0,0,0,0,0,0,0,0.0,0.0,0.0,0.0,0.0,0.0,0.0,0.0,0,False
4266,20160923_US,24.2,88.6,21.3,92.1,23.6,71.8,22.6,64.1,23.0,81.9,22.1,93.4,22.0,98.0,25.2,96.0,13,2016-09-23,US,9,4,23,Friday,False,0,0,0,0,0,0,0,0,0.0,0.0,0.0,0.0,0.0,0.0,0.0,0.0,0,False
4267,20160924_BS,26.8,69.9,26.3,74.3,24.6,75.6,25.6,60.6,25.1,55.5,21.8,77.4,23.1,85.3,23.3,95.5,22,2016-09-24,BS,9,5,24,Saturday,False,0,0,0,0,0,0,0,0,0.0,0.0,0.0,0.0,0.0,0.0,0.0,0.0,0,True
4268,20160924_CB,27.846666666999997,70.18,26.826666666999998,70.013333333,25.586666667,66.233333333,23.393333333,64.086666667,24.34,56.446666666999995,23.693333333,67.373333333,21.9,83.673333333,20.833333333,94.666666667,8,2016-09-24,CB,9,5,24,Saturday,False,0,0,0,0,0,0,0,0,0.0,0.0,0.0,0.0,0.0,0.0,0.0,0.0,0,True
4269,20160924_CN,27.51875,80.575,26.58125,80.81875,25.825,76.325,24.075,71.29375,24.6625,64.50625,25.50625,72.73125,23.05625,86.9,21.6,94.125,18,2016-09-24,CN,9,5,24,Saturday,False,0,0,0,0,0,0,0,0,0.0,0.0,0.0,0.0,0.0,0.0,0.0,0.0,0,True
4270,20160924_DG,28.0,71.3,26.8,72.4,23.9,75.5,23.5,70.0,23.8,54.8,23.3,70.0,21.4,89.5,21.0,95.0,15,2016-09-24,DG,9,5,24,Saturday,False,0,0,0,0,0,0,0,0,0.0,0.0,0.0,0.0,0.0,0.0,0.0,0.0,0,True
4271,20160924_DJ,28.1,74.3,27.0,75.0,25.9,71.3,23.6,68.4,24.7,64.6,23.6,75.6,20.7,91.6,21.3,96.9,11,2016-09-24,DJ,9,5,24,Saturday,False,0,0,0,0,0,0,0,0,0.0,0.0,0.0,0.0,0.0,0.0,0.0,0.0,0,True
4272,20160924_GB,26.525,78.68333333300001,25.420833333,79.5375,22.5125,80.49583333300001,23.525,71.841666667,23.245833333,62.416666667,22.183333333,74.0,21.275,88.725,20.745833333,95.770833333,16,2016-09-24,GB,9,5,24,Saturday,False,0,0,0,0,0,0,0,0,0.0,0.0,0.0,0.0,0.0,0.0,0.0,0.0,0,True
4273,20160924_GG,28.152380951999998,70.078571429,27.421428571,67.857142857,26.573809524,57.90952381,24.552380951999996,54.55,26.00952381,47.145238095,27.004761905,59.504761905,27.757142856999998,60.8,26.785714285999997,75.916666667,62,2016-09-24,GG,9,5,24,Saturday,False,0,0,0,0,0,0,0,0,0.0,0.0,0.0,0.0,0.0,0.0,0.0,0.0,0,True
4274,20160924_GJ,27.8,75.0,27.8,71.8,27.5,67.0,25.1,63.4,26.6,56.9,26.2,77.5,22.7,98.8,23.6,99.0,11,2016-09-24,GJ,9,5,24,Saturday,False,0,0,0,0,0,0,0,0,0.0,0.0,0.0,0.0,0.0,0.0,0.0,0.0,0,True
4275,20160924_GN,27.795454545,76.859090909,26.913636364000002,78.104545455,23.818181818000003,77.295454545,24.440909090999998,68.054545455,24.772727273,57.922727273,23.640909090999997,70.033333333,21.945454545,88.745454545,21.963636364,95.104545455,21,2016-09-24,GN,9,5,24,Saturday,False,0,0,0,0,0,0,0,0,0.0,0.0,0.0,0.0,0.0,0.0,0.0,0.0,0,True
4276,20160924_GW,25.944444444000002,76.255555556,24.927777778000003,76.25,23.95,73.95555555600001,22.922222222,72.938888889,22.922222222,64.81666666699999,22.711111110999997,70.95555555600001,23.661111111,72.761111111,23.627777778000002,84.472222222,9,2016-09-24,GW,9,5,24,Saturday,False,0,0,0,0,0,0,0,0,0.0,0.0,0.0,0.0,0.0,0.0,0.0,0.0,0,True
4277,20160924_IC,26.18,81.51,25.78,80.1,26.12,67.36,25.01,57.8,25.77,53.76,26.68,68.27,27.27,71.74,27.34,78.08,7,2016-09-24,IC,9,5,24,Saturday,False,0,0,0,0,0,0,0,0,0.0,0.0,0.0,0.0,0.0,0.0,0.0,0.0,0,True
4278,20160924_JB,28.073333333,74.26,26.8,72.43333333300001,25.9,71.52,24.593333333,67.9,24.88,61.16,25.56,72.72,20.486666667,92.38666666700001,21.273333333,94.89333333299999,22,2016-09-24,JB,9,5,24,Saturday,False,0,0,0,0,0,0,0,0,0.0,0.0,0.0,0.0,0.0,0.0,0.0,0.0,0,True
4279,20160924_JJ,25.7,76.2,24.9,73.1,24.8,70.25,24.7,65.85,24.95,60.8,22.7,85.6,26.55,92.65,28.2,89.9,5,2016-09-24,JJ,9,5,24,Saturday,False,0,0,0,0,0,0,0,0,0.0,0.0,0.0,0.0,0.0,0.0,0.0,0.0,0,True
4280,20160924_JN,27.122727273000002,78.445454545,26.609090909000003,76.713636364,26.104545455,72.127272727,24.786363636,66.709090909,25.572727273,65.072727273,25.045454545,75.640909091,23.618181818000004,89.590909091,24.490909091,94.818181818,28,2016-09-24,JN,9,5,24,Saturday,False,0,0,0,0,0,0,0,0,0.0,0.0,0.0,0.0,0.0,0.0,0.0,0.0,0,True
4281,20160924_SU,28.9,60.6,27.9,57.9,27.2,46.3,25.3,43.4,26.8,41.1,27.8,53.3,28.3,53.4,28.2,64.8,49,2016-09-24,SU,9,5,24,Saturday,False,0,0,0,0,0,0,0,0,0.0,0.0,0.0,0.0,0.0,0.0,0.0,0.0,0,True
4282,20160924_US,25.0,82.8,24.2,88.6,21.3,92.1,23.6,71.8,22.6,64.1,23.0,81.9,22.1,93.4,22.0,98.0,2,2016-09-24,US,9,5,24,Saturday,False,0,0,0,0,0,0,0,0,0.0,0.0,0.0,0.0,0.0,0.0,0.0,0.0,0,True
4283,20160925_BS,27.6,69.8,26.8,69.9,26.3,74.3,24.6,75.6,25.6,60.6,25.1,55.5,21.8,77.4,23.1,85.3,3,2016-09-25,BS,9,6,25,Sunday,False,0,0,0,0,0,0,0,0,0.0,0.0,0.0,0.0,0.0,0.0,0.0,0.0,0,True
4284,20160925_CB,25.64,78.846666667,27.846666666999997,70.18,26.826666666999998,70.013333333,25.586666667,66.233333333,23.393333333,64.086666667,24.34,56.446666666999995,23.693333333,67.373333333,21.9,83.673333333,1,2016-09-25,CB,9,6,25,Sunday,False,0,0,0,0,0,0,0,0,0.0,0.0,0.0,0.0,0.0,0.0,0.0,0.0,0,True
4285,20160925_CN,26.15,85.2625,27.51875,80.575,26.58125,80.81875,25.825,76.325,24.075,71.29375,24.6625,64.50625,25.50625,72.73125,23.05625,86.9,4,2016-09-25,CN,9,6,25,Sunday,False,0,0,0,0,0,0,0,0,0.0,0.0,0.0,0.0,0.0,0.0,0.0,0.0,0,True
4286,20160925_DG,26.9,75.3,28.0,71.3,26.8,72.4,23.9,75.5,23.5,70.0,23.8,54.8,23.3,70.0,21.4,89.5,1,2016-09-25,DG,9,6,25,Sunday,False,0,0,0,0,0,0,0,0,0.0,0.0,0.0,0.0,0.0,0.0,0.0,0.0,0,True
4287,20160925_DJ,24.7,85.3,28.1,74.3,27.0,75.0,25.9,71.3,23.6,68.4,24.7,64.6,23.6,75.6,20.7,91.6,1,2016-09-25,DJ,9,6,25,Sunday,False,0,0,0,0,0,0,0,0,0.0,0.0,0.0,0.0,0.0,0.0,0.0,0.0,0,True
4288,20160925_GB,25.929166666999997,80.87083333300001,26.525,78.68333333300001,25.420833333,79.5375,22.5125,80.49583333300001,23.525,71.841666667,23.245833333,62.416666667,22.183333333,74.0,21.275,88.725,3,2016-09-25,GB,9,6,25,Sunday,False,0,0,0,0,0,0,0,0,0.0,0.0,0.0,0.0,0.0,0.0,0.0,0.0,0,True
4289,20160925_GG,28.383333333000003,70.126190476,28.152380951999998,70.078571429,27.421428571,67.857142857,26.573809524,57.90952381,24.552380951999996,54.55,26.00952381,47.145238095,27.004761905,59.504761905,27.757142856999998,60.8,11,2016-09-25,GG,9,6,25,Sunday,False,0,0,0,0,0,0,0,0,0.0,0.0,0.0,0.0,0.0,0.0,0.0,0.0,0,True
4290,20160925_GJ,27.9,79.5,27.8,75.0,27.8,71.8,27.5,67.0,25.1,63.4,26.6,56.9,26.2,77.5,22.7,98.8,0,2016-09-25,GJ,9,6,25,Sunday,False,0,0,0,0,0,0,0,0,0.0,0.0,0.0,0.0,0.0,0.0,0.0,0.0,0,True
4291,20160925_GN,27.495454545,77.413636364,27.795454545,76.859090909,26.913636364000002,78.104545455,23.818181818000003,77.295454545,24.440909090999998,68.054545455,24.772727273,57.922727273,23.640909090999997,70.033333333,21.945454545,88.745454545,1,2016-09-25,GN,9,6,25,Sunday,False,0,0,0,0,0,0,0,0,0.0,0.0,0.0,0.0,0.0,0.0,0.0,0.0,0,True
4292,20160925_GW,26.4,76.888888889,25.944444444000002,76.255555556,24.927777778000003,76.25,23.95,73.95555555600001,22.922222222,72.938888889,22.922222222,64.81666666699999,22.711111110999997,70.95555555600001,23.661111111,72.761111111,0,2016-09-25,GW,9,6,25,Sunday,False,0,0,0,0,0,0,0,0,0.0,0.0,0.0,0.0,0.0,0.0,0.0,0.0,0,True
4293,20160925_IC,26.67,81.66,26.18,81.51,25.78,80.1,26.12,67.36,25.01,57.8,25.77,53.76,26.68,68.27,27.27,71.74,0,2016-09-25,IC,9,6,25,Sunday,False,0,0,0,0,0,0,0,0,0.0,0.0,0.0,0.0,0.0,0.0,0.0,0.0,0,True
4294,20160925_JB,26.033333333,81.093333333,28.073333333,74.26,26.8,72.43333333300001,25.9,71.52,24.593333333,67.9,24.88,61.16,25.56,72.72,20.486666667,92.38666666700001,3,2016-09-25,JB,9,6,25,Sunday,False,0,0,0,0,0,0,0,0,0.0,0.0,0.0,0.0,0.0,0.0,0.0,0.0,0,True
4295,20160925_JJ,26.25,81.85,25.7,76.2,24.9,73.1,24.8,70.25,24.7,65.85,24.95,60.8,22.7,85.6,26.55,92.65,1,2016-09-25,JJ,9,6,25,Sunday,False,0,0,0,0,0,0,0,0,0.0,0.0,0.0,0.0,0.0,0.0,0.0,0.0,0,True
4296,20160925_JN,27.172727273000003,80.91818181800001,27.122727273000002,78.445454545,26.609090909000003,76.713636364,26.104545455,72.127272727,24.786363636,66.709090909,25.572727273,65.072727273,25.045454545,75.640909091,23.618181818000004,89.590909091,0,2016-09-25,JN,9,6,25,Sunday,False,0,0,0,0,0,0,0,0,0.0,0.0,0.0,0.0,0.0,0.0,0.0,0.0,0,True
4297,20160925_SU,29.7,57.6,28.9,60.6,27.9,57.9,27.2,46.3,25.3,43.4,26.8,41.1,27.8,53.3,28.3,53.4,16,2016-09-25,SU,9,6,25,Sunday,False,0,0,0,0,0,0,0,0,0.0,0.0,0.0,0.0,0.0,0.0,0.0,0.0,0,True
4298,20160925_US,28.0,74.1,25.0,82.8,24.2,88.6,21.3,92.1,23.6,71.8,22.6,64.1,23.0,81.9,22.1,93.4,1,2016-09-25,US,9,6,25,Sunday,False,0,0,0,0,0,0,0,0,0.0,0.0,0.0,0.0,0.0,0.0,0.0,0.0,0,True
4299,20160926_BS,27.3,76.4,27.6,69.8,26.8,69.9,26.3,74.3,24.6,75.6,25.6,60.6,25.1,55.5,21.8,77.4,80,2016-09-26,BS,9,0,26,Monday,False,0,0,0,0,0,0,0,0,0.0,0.0,0.0,0.0,0.0,0.0,0.0,0.0,0,False
4300,20160926_CB,25.813333333000003,77.586666667,25.64,78.846666667,27.846666666999997,70.18,26.826666666999998,70.013333333,25.586666667,66.233333333,23.393333333,64.086666667,24.34,56.446666666999995,23.693333333,67.373333333,54,2016-09-26,CB,9,0,26,Monday,False,0,0,0,0,0,0,0,0,0.0,0.0,0.0,0.0,0.0,0.0,0.0,0.0,0,False
4301,20160926_CN,27.85,84.59375,26.15,85.2625,27.51875,80.575,26.58125,80.81875,25.825,76.325,24.075,71.29375,24.6625,64.50625,25.50625,72.73125,74,2016-09-26,CN,9,0,26,Monday,False,0,0,0,0,0,0,0,0,0.0,0.0,0.0,0.0,0.0,0.0,0.0,0.0,0,False
4302,20160926_DG,25.9,83.6,26.9,75.3,28.0,71.3,26.8,72.4,23.9,75.5,23.5,70.0,23.8,54.8,23.3,70.0,68,2016-09-26,DG,9,0,26,Monday,False,0,0,0,0,0,0,0,0,0.0,0.0,0.0,0.0,0.0,0.0,0.0,0.0,0,False
4303,20160926_DJ,26.8,83.3,24.7,85.3,28.1,74.3,27.0,75.0,25.9,71.3,23.6,68.4,24.7,64.6,23.6,75.6,46,2016-09-26,DJ,9,0,26,Monday,False,0,0,0,0,0,0,0,0,0.0,0.0,0.0,0.0,0.0,0.0,0.0,0.0,0,False
4304,20160926_GB,24.683333333,87.8125,25.929166666999997,80.87083333300001,26.525,78.68333333300001,25.420833333,79.5375,22.5125,80.49583333300001,23.525,71.841666667,23.245833333,62.416666667,22.183333333,74.0,89,2016-09-26,GB,9,0,26,Monday,False,0,0,0,0,0,0,0,0,0.0,0.0,0.0,0.0,0.0,0.0,0.0,0.0,0,False
4305,20160926_GG,27.752380952,71.014285714,28.383333333000003,70.126190476,28.152380951999998,70.078571429,27.421428571,67.857142857,26.573809524,57.90952381,24.552380951999996,54.55,26.00952381,47.145238095,27.004761905,59.504761905,250,2016-09-26,GG,9,0,26,Monday,False,0,0,0,0,0,0,0,0,0.0,0.0,0.0,0.0,0.0,0.0,0.0,0.0,0,False
4306,20160926_GJ,28.6,87.4,27.9,79.5,27.8,75.0,27.8,71.8,27.5,67.0,25.1,63.4,26.6,56.9,26.2,77.5,41,2016-09-26,GJ,9,0,26,Monday,False,0,0,0,0,0,0,0,0,0.0,0.0,0.0,0.0,0.0,0.0,0.0,0.0,0,False
4307,20160926_GN,26.381818181999996,85.527272727,27.495454545,77.413636364,27.795454545,76.859090909,26.913636364000002,78.104545455,23.818181818000003,77.295454545,24.440909090999998,68.054545455,24.772727273,57.922727273,23.640909090999997,70.033333333,72,2016-09-26,GN,9,0,26,Monday,False,0,0,0,0,0,0,0,0,0.0,0.0,0.0,0.0,0.0,0.0,0.0,0.0,0,False
4308,20160926_GW,25.261111110999998,81.122222222,26.4,76.888888889,25.944444444000002,76.255555556,24.927777778000003,76.25,23.95,73.95555555600001,22.922222222,72.938888889,22.922222222,64.81666666699999,22.711111110999997,70.95555555600001,46,2016-09-26,GW,9,0,26,Monday,False,0,0,0,0,0,0,0,0,0.0,0.0,0.0,0.0,0.0,0.0,0.0,0.0,0,False
4309,20160926_IC,28.51,80.45,26.67,81.66,26.18,81.51,25.78,80.1,26.12,67.36,25.01,57.8,25.77,53.76,26.68,68.27,57,2016-09-26,IC,9,0,26,Monday,False,0,0,0,0,0,0,0,0,0.0,0.0,0.0,0.0,0.0,0.0,0.0,0.0,0,False
4310,20160926_JB,28.206666666999997,82.02,26.033333333,81.093333333,28.073333333,74.26,26.8,72.43333333300001,25.9,71.52,24.593333333,67.9,24.88,61.16,25.56,72.72,98,2016-09-26,JB,9,0,26,Monday,False,0,0,0,0,0,0,0,0,0.0,0.0,0.0,0.0,0.0,0.0,0.0,0.0,0,False
4311,20160926_JJ,26.25,93.35,26.25,81.85,25.7,76.2,24.9,73.1,24.8,70.25,24.7,65.85,24.95,60.8,22.7,85.6,21,2016-09-26,JJ,9,0,26,Monday,False,0,0,0,0,0,0,0,0,0.0,0.0,0.0,0.0,0.0,0.0,0.0,0.0,0,False
4312,20160926_JN,27.772727273,86.418181818,27.172727273000003,80.91818181800001,27.122727273000002,78.445454545,26.609090909000003,76.713636364,26.104545455,72.127272727,24.786363636,66.709090909,25.572727273,65.072727273,25.045454545,75.640909091,85,2016-09-26,JN,9,0,26,Monday,False,0,0,0,0,0,0,0,0,0.0,0.0,0.0,0.0,0.0,0.0,0.0,0.0,0,False
4313,20160926_SU,28.9,59.1,29.7,57.6,28.9,60.6,27.9,57.9,27.2,46.3,25.3,43.4,26.8,41.1,27.8,53.3,282,2016-09-26,SU,9,0,26,Monday,False,0,0,0,0,0,0,0,0,0.0,0.0,0.0,0.0,0.0,0.0,0.0,0.0,0,False
4314,20160926_US,25.6,89.9,28.0,74.1,25.0,82.8,24.2,88.6,21.3,92.1,23.6,71.8,22.6,64.1,23.0,81.9,19,2016-09-26,US,9,0,26,Monday,False,0,0,0,0,0,0,0,0,0.0,0.0,0.0,0.0,0.0,0.0,0.0,0.0,0,False
4315,20160927_BS,29.7,84.4,27.3,76.4,27.6,69.8,26.8,69.9,26.3,74.3,24.6,75.6,25.6,60.6,25.1,55.5,89,2016-09-27,BS,9,1,27,Tuesday,False,0,0,0,0,0,0,0,0,0.0,0.0,0.0,0.0,0.0,0.0,0.0,0.0,0,False
4316,20160927_CB,24.573333333,89.39333333299999,25.813333333000003,77.586666667,25.64,78.846666667,27.846666666999997,70.18,26.826666666999998,70.013333333,25.586666667,66.233333333,23.393333333,64.086666667,24.34,56.446666666999995,35,2016-09-27,CB,9,1,27,Tuesday,False,0,0,0,0,0,0,0,0,0.0,0.0,0.0,0.0,0.0,0.0,0.0,0.0,0,False
4317,20160927_CN,24.85625,93.63125,27.85,84.59375,26.15,85.2625,27.51875,80.575,26.58125,80.81875,25.825,76.325,24.075,71.29375,24.6625,64.50625,46,2016-09-27,CN,9,1,27,Tuesday,False,0,0,0,0,0,0,0,0,0.0,0.0,0.0,0.0,0.0,0.0,0.0,0.0,0,False
4318,20160927_DG,29.8,83.1,25.9,83.6,26.9,75.3,28.0,71.3,26.8,72.4,23.9,75.5,23.5,70.0,23.8,54.8,71,2016-09-27,DG,9,1,27,Tuesday,False,0,0,0,0,0,0,0,0,0.0,0.0,0.0,0.0,0.0,0.0,0.0,0.0,0,False
4319,20160927_DJ,25.8,92.0,26.8,83.3,24.7,85.3,28.1,74.3,27.0,75.0,25.9,71.3,23.6,68.4,24.7,64.6,29,2016-09-27,DJ,9,1,27,Tuesday,False,0,0,0,0,0,0,0,0,0.0,0.0,0.0,0.0,0.0,0.0,0.0,0.0,0,False
4320,20160927_GB,28.145833333000002,88.895833333,24.683333333,87.8125,25.929166666999997,80.87083333300001,26.525,78.68333333300001,25.420833333,79.5375,22.5125,80.49583333300001,23.525,71.841666667,23.245833333,62.416666667,62,2016-09-27,GB,9,1,27,Tuesday,False,0,0,0,0,0,0,0,0,0.0,0.0,0.0,0.0,0.0,0.0,0.0,0.0,0,False
4321,20160927_GG,23.164285714000002,89.578571429,27.752380952,71.014285714,28.383333333000003,70.126190476,28.152380951999998,70.078571429,27.421428571,67.857142857,26.573809524,57.90952381,24.552380951999996,54.55,26.00952381,47.145238095,227,2016-09-27,GG,9,1,27,Tuesday,False,0,0,0,0,0,0,0,0,0.0,0.0,0.0,0.0,0.0,0.0,0.0,0.0,0,False
4322,20160927_GJ,31.5,87.6,28.6,87.4,27.9,79.5,27.8,75.0,27.8,71.8,27.5,67.0,25.1,63.4,26.6,56.9,54,2016-09-27,GJ,9,1,27,Tuesday,False,0,0,0,0,0,0,0,0,0.0,0.0,0.0,0.0,0.0,0.0,0.0,0.0,0,False
4323,20160927_GN,29.095454545,87.55909090899999,26.381818181999996,85.527272727,27.495454545,77.413636364,27.795454545,76.859090909,26.913636364000002,78.104545455,23.818181818000003,77.295454545,24.440909090999998,68.054545455,24.772727273,57.922727273,68,2016-09-27,GN,9,1,27,Tuesday,False,0,0,0,0,0,0,0,0,0.0,0.0,0.0,0.0,0.0,0.0,0.0,0.0,0,False
4324,20160927_GW,21.438888889,92.15555555600001,25.261111110999998,81.122222222,26.4,76.888888889,25.944444444000002,76.255555556,24.927777778000003,76.25,23.95,73.95555555600001,22.922222222,72.938888889,22.922222222,64.81666666699999,33,2016-09-27,GW,9,1,27,Tuesday,False,0,0,0,0,0,0,0,0,0.0,0.0,0.0,0.0,0.0,0.0,0.0,0.0,0,False
4325,20160927_IC,23.78,94.64,28.51,80.45,26.67,81.66,26.18,81.51,25.78,80.1,26.12,67.36,25.01,57.8,25.77,53.76,46,2016-09-27,IC,9,1,27,Tuesday,False,0,0,0,0,0,0,0,0,0.0,0.0,0.0,0.0,0.0,0.0,0.0,0.0,0,False
4326,20160927_JB,30.006666666999998,84.373333333,28.206666666999997,82.02,26.033333333,81.093333333,28.073333333,74.26,26.8,72.43333333300001,25.9,71.52,24.593333333,67.9,24.88,61.16,86,2016-09-27,JB,9,1,27,Tuesday,False,0,0,0,0,0,0,0,0,0.0,0.0,0.0,0.0,0.0,0.0,0.0,0.0,0,False
4327,20160927_JJ,28.0,90.95,26.25,93.35,26.25,81.85,25.7,76.2,24.9,73.1,24.8,70.25,24.7,65.85,24.95,60.8,13,2016-09-27,JJ,9,1,27,Tuesday,False,0,0,0,0,0,0,0,0,0.0,0.0,0.0,0.0,0.0,0.0,0.0,0.0,0,False
4328,20160927_JN,30.168181818,86.98636363600001,27.772727273,86.418181818,27.172727273000003,80.91818181800001,27.122727273000002,78.445454545,26.609090909000003,76.713636364,26.104545455,72.127272727,24.786363636,66.709090909,25.572727273,65.072727273,54,2016-09-27,JN,9,1,27,Tuesday,False,0,0,0,0,0,0,0,0,0.0,0.0,0.0,0.0,0.0,0.0,0.0,0.0,0,False
4329,20160927_SU,23.8,82.5,28.9,59.1,29.7,57.6,28.9,60.6,27.9,57.9,27.2,46.3,25.3,43.4,26.8,41.1,253,2016-09-27,SU,9,1,27,Tuesday,False,0,0,0,0,0,0,0,0,0.0,0.0,0.0,0.0,0.0,0.0,0.0,0.0,0,False
4330,20160927_US,28.0,92.6,25.6,89.9,28.0,74.1,25.0,82.8,24.2,88.6,21.3,92.1,23.6,71.8,22.6,64.1,22,2016-09-27,US,9,1,27,Tuesday,False,0,0,0,0,0,0,0,0,0.0,0.0,0.0,0.0,0.0,0.0,0.0,0.0,0,False
4331,20160928_BS,25.1,97.5,29.7,84.4,27.3,76.4,27.6,69.8,26.8,69.9,26.3,74.3,24.6,75.6,25.6,60.6,72,2016-09-28,BS,9,2,28,Wednesday,False,0,0,0,0,0,0,0,0,0.0,0.0,0.0,0.0,0.0,0.0,0.0,0.0,0,False
4332,20160928_CB,26.406666667,79.6,24.573333333,89.39333333299999,25.813333333000003,77.586666667,25.64,78.846666667,27.846666666999997,70.18,26.826666666999998,70.013333333,25.586666667,66.233333333,23.393333333,64.086666667,31,2016-09-28,CB,9,2,28,Wednesday,False,0,0,0,0,0,0,0,0,0.0,0.0,0.0,0.0,0.0,0.0,0.0,0.0,0,False
4333,20160928_CN,25.03125,88.8125,24.85625,93.63125,27.85,84.59375,26.15,85.2625,27.51875,80.575,26.58125,80.81875,25.825,76.325,24.075,71.29375,43,2016-09-28,CN,9,2,28,Wednesday,False,0,0,0,0,0,0,0,0,0.0,0.0,0.0,0.0,0.0,0.0,0.0,0.0,0,False
4334,20160928_DG,25.8,86.1,29.8,83.1,25.9,83.6,26.9,75.3,28.0,71.3,26.8,72.4,23.9,75.5,23.5,70.0,64,2016-09-28,DG,9,2,28,Wednesday,False,0,0,0,0,0,0,0,0,0.0,0.0,0.0,0.0,0.0,0.0,0.0,0.0,0,False
4335,20160928_DJ,26.0,85.0,25.8,92.0,26.8,83.3,24.7,85.3,28.1,74.3,27.0,75.0,25.9,71.3,23.6,68.4,28,2016-09-28,DJ,9,2,28,Wednesday,False,0,0,0,0,0,0,0,0,0.0,0.0,0.0,0.0,0.0,0.0,0.0,0.0,0,False
4336,20160928_GB,26.358333333,86.6,28.145833333000002,88.895833333,24.683333333,87.8125,25.929166666999997,80.87083333300001,26.525,78.68333333300001,25.420833333,79.5375,22.5125,80.49583333300001,23.525,71.841666667,51,2016-09-28,GB,9,2,28,Wednesday,False,0,0,0,0,0,0,0,0,0.0,0.0,0.0,0.0,0.0,0.0,0.0,0.0,0,False
4337,20160928_GG,22.811904761999998,88.55,23.164285714000002,89.578571429,27.752380952,71.014285714,28.383333333000003,70.126190476,28.152380951999998,70.078571429,27.421428571,67.857142857,26.573809524,57.90952381,24.552380951999996,54.55,172,2016-09-28,GG,9,2,28,Wednesday,False,0,0,0,0,0,0,0,0,0.0,0.0,0.0,0.0,0.0,0.0,0.0,0.0,0,False
4338,20160928_GJ,24.2,97.3,31.5,87.6,28.6,87.4,27.9,79.5,27.8,75.0,27.8,71.8,27.5,67.0,25.1,63.4,40,2016-09-28,GJ,9,2,28,Wednesday,False,0,0,0,0,0,0,0,0,0.0,0.0,0.0,0.0,0.0,0.0,0.0,0.0,0,False
4339,20160928_GN,24.640909090999997,94.381818182,29.095454545,87.55909090899999,26.381818181999996,85.527272727,27.495454545,77.413636364,27.795454545,76.859090909,26.913636364000002,78.104545455,23.818181818000003,77.295454545,24.440909090999998,68.054545455,73,2016-09-28,GN,9,2,28,Wednesday,False,0,0,0,0,0,0,0,0,0.0,0.0,0.0,0.0,0.0,0.0,0.0,0.0,0,False
4340,20160928_GW,23.722222222,83.555555556,21.438888889,92.15555555600001,25.261111110999998,81.122222222,26.4,76.888888889,25.944444444000002,76.255555556,24.927777778000003,76.25,23.95,73.95555555600001,22.922222222,72.938888889,29,2016-09-28,GW,9,2,28,Wednesday,False,0,0,0,0,0,0,0,0,0.0,0.0,0.0,0.0,0.0,0.0,0.0,0.0,0,False
4341,20160928_IC,21.5,96.66,23.78,94.64,28.51,80.45,26.67,81.66,26.18,81.51,25.78,80.1,26.12,67.36,25.01,57.8,50,2016-09-28,IC,9,2,28,Wednesday,False,0,0,0,0,0,0,0,0,0.0,0.0,0.0,0.0,0.0,0.0,0.0,0.0,0,False
4342,20160928_JB,24.326666666999998,88.16,30.006666666999998,84.373333333,28.206666666999997,82.02,26.033333333,81.093333333,28.073333333,74.26,26.8,72.43333333300001,25.9,71.52,24.593333333,67.9,58,2016-09-28,JB,9,2,28,Wednesday,False,0,0,0,0,0,0,0,0,0.0,0.0,0.0,0.0,0.0,0.0,0.0,0.0,0,False
4343,20160928_JJ,24.8,96.6,28.0,90.95,26.25,93.35,26.25,81.85,25.7,76.2,24.9,73.1,24.8,70.25,24.7,65.85,14,2016-09-28,JJ,9,2,28,Wednesday,False,0,0,0,0,0,0,0,0,0.0,0.0,0.0,0.0,0.0,0.0,0.0,0.0,0,False
4344,20160928_JN,24.045454545,94.586363636,30.168181818,86.98636363600001,27.772727273,86.418181818,27.172727273000003,80.91818181800001,27.122727273000002,78.445454545,26.609090909000003,76.713636364,26.104545455,72.127272727,24.786363636,66.709090909,54,2016-09-28,JN,9,2,28,Wednesday,False,0,0,0,0,0,0,0,0,0.0,0.0,0.0,0.0,0.0,0.0,0.0,0.0,0,False
4345,20160928_SU,21.8,84.6,23.8,82.5,28.9,59.1,29.7,57.6,28.9,60.6,27.9,57.9,27.2,46.3,25.3,43.4,234,2016-09-28,SU,9,2,28,Wednesday,False,0,0,0,0,0,0,0,0,0.0,0.0,0.0,0.0,0.0,0.0,0.0,0.0,0,False
4346,20160928_US,25.2,96.9,28.0,92.6,25.6,89.9,28.0,74.1,25.0,82.8,24.2,88.6,21.3,92.1,23.6,71.8,15,2016-09-28,US,9,2,28,Wednesday,False,0,0,0,0,0,0,0,0,0.0,0.0,0.0,0.0,0.0,0.0,0.0,0.0,0,False
4347,20160929_BS,20.9,86.5,25.1,97.5,29.7,84.4,27.3,76.4,27.6,69.8,26.8,69.9,26.3,74.3,24.6,75.6,73,2016-09-29,BS,9,3,29,Thursday,False,0,0,0,0,0,0,0,0,0.0,0.0,0.0,0.0,0.0,0.0,0.0,0.0,0,False
4348,20160929_CB,21.16,72.28666666699999,26.406666667,79.6,24.573333333,89.39333333299999,25.813333333000003,77.586666667,25.64,78.846666667,27.846666666999997,70.18,26.826666666999998,70.013333333,25.586666667,66.233333333,30,2016-09-29,CB,9,3,29,Thursday,False,0,0,0,0,0,0,0,0,0.0,0.0,0.0,0.0,0.0,0.0,0.0,0.0,0,False
4349,20160929_CN,23.3875,85.5625,25.03125,88.8125,24.85625,93.63125,27.85,84.59375,26.15,85.2625,27.51875,80.575,26.58125,80.81875,25.825,76.325,46,2016-09-29,CN,9,3,29,Thursday,False,0,0,0,0,0,0,0,0,0.0,0.0,0.0,0.0,0.0,0.0,0.0,0.0,0,False
4350,20160929_DG,20.6,77.3,25.8,86.1,29.8,83.1,25.9,83.6,26.9,75.3,28.0,71.3,26.8,72.4,23.9,75.5,54,2016-09-29,DG,9,3,29,Thursday,False,0,0,0,0,0,0,0,0,0.0,0.0,0.0,0.0,0.0,0.0,0.0,0.0,0,False
4351,20160929_DJ,22.0,79.8,26.0,85.0,25.8,92.0,26.8,83.3,24.7,85.3,28.1,74.3,27.0,75.0,25.9,71.3,40,2016-09-29,DJ,9,3,29,Thursday,False,0,0,0,0,0,0,0,0,0.0,0.0,0.0,0.0,0.0,0.0,0.0,0.0,0,False
4352,20160929_GB,20.054166667,80.37083333300001,26.358333333,86.6,28.145833333000002,88.895833333,24.683333333,87.8125,25.929166666999997,80.87083333300001,26.525,78.68333333300001,25.420833333,79.5375,22.5125,80.49583333300001,72,2016-09-29,GB,9,3,29,Thursday,False,0,0,0,0,0,0,0,0,0.0,0.0,0.0,0.0,0.0,0.0,0.0,0.0,0,False
4353,20160929_GG,23.980952380999998,70.747619048,22.811904761999998,88.55,23.164285714000002,89.578571429,27.752380952,71.014285714,28.383333333000003,70.126190476,28.152380951999998,70.078571429,27.421428571,67.857142857,26.573809524,57.90952381,190,2016-09-29,GG,9,3,29,Thursday,False,0,0,0,0,0,0,0,0,0.0,0.0,0.0,0.0,0.0,0.0,0.0,0.0,0,False
4354,20160929_GJ,23.9,93.8,24.2,97.3,31.5,87.6,28.6,87.4,27.9,79.5,27.8,75.0,27.8,71.8,27.5,67.0,41,2016-09-29,GJ,9,3,29,Thursday,False,0,0,0,0,0,0,0,0,0.0,0.0,0.0,0.0,0.0,0.0,0.0,0.0,0,False
4355,20160929_GN,20.972727273,87.786363636,24.640909090999997,94.381818182,29.095454545,87.55909090899999,26.381818181999996,85.527272727,27.495454545,77.413636364,27.795454545,76.859090909,26.913636364000002,78.104545455,23.818181818000003,77.295454545,58,2016-09-29,GN,9,3,29,Thursday,False,0,0,0,0,0,0,0,0,0.0,0.0,0.0,0.0,0.0,0.0,0.0,0.0,0,False
4356,20160929_GW,20.377777778,73.28888888899999,23.722222222,83.555555556,21.438888889,92.15555555600001,25.261111110999998,81.122222222,26.4,76.888888889,25.944444444000002,76.255555556,24.927777778000003,76.25,23.95,73.95555555600001,34,2016-09-29,GW,9,3,29,Thursday,False,0,0,0,0,0,0,0,0,0.0,0.0,0.0,0.0,0.0,0.0,0.0,0.0,0,False
4357,20160929_IC,24.94,83.25,21.5,96.66,23.78,94.64,28.51,80.45,26.67,81.66,26.18,81.51,25.78,80.1,26.12,67.36,55,2016-09-29,IC,9,3,29,Thursday,False,0,0,0,0,0,0,0,0,0.0,0.0,0.0,0.0,0.0,0.0,0.0,0.0,0,False
4358,20160929_JB,23.66,85.273333333,24.326666666999998,88.16,30.006666666999998,84.373333333,28.206666666999997,82.02,26.033333333,81.093333333,28.073333333,74.26,26.8,72.43333333300001,25.9,71.52,92,2016-09-29,JB,9,3,29,Thursday,False,0,0,0,0,0,0,0,0,0.0,0.0,0.0,0.0,0.0,0.0,0.0,0.0,0,False
4359,20160929_JJ,23.05,96.15,24.8,96.6,28.0,90.95,26.25,93.35,26.25,81.85,25.7,76.2,24.9,73.1,24.8,70.25,23,2016-09-29,JJ,9,3,29,Thursday,False,0,0,0,0,0,0,0,0,0.0,0.0,0.0,0.0,0.0,0.0,0.0,0.0,0,False
4360,20160929_JN,22.531818182,90.868181818,24.045454545,94.586363636,30.168181818,86.98636363600001,27.772727273,86.418181818,27.172727273000003,80.91818181800001,27.122727273000002,78.445454545,26.609090909000003,76.713636364,26.104545455,72.127272727,66,2016-09-29,JN,9,3,29,Thursday,False,0,0,0,0,0,0,0,0,0.0,0.0,0.0,0.0,0.0,0.0,0.0,0.0,0,False
4361,20160929_SU,24.8,64.4,21.8,84.6,23.8,82.5,28.9,59.1,29.7,57.6,28.9,60.6,27.9,57.9,27.2,46.3,216,2016-09-29,SU,9,3,29,Thursday,False,0,0,0,0,0,0,0,0,0.0,0.0,0.0,0.0,0.0,0.0,0.0,0.0,0,False
4362,20160929_US,20.3,87.8,25.2,96.9,28.0,92.6,25.6,89.9,28.0,74.1,25.0,82.8,24.2,88.6,21.3,92.1,7,2016-09-29,US,9,3,29,Thursday,False,0,0,0,0,0,0,0,0,0.0,0.0,0.0,0.0,0.0,0.0,0.0,0.0,0,False
4363,20160930_BS,19.1,91.4,20.9,86.5,25.1,97.5,29.7,84.4,27.3,76.4,27.6,69.8,26.8,69.9,26.3,74.3,70,2016-09-30,BS,9,4,30,Friday,False,0,0,0,0,0,0,0,0,0.0,0.0,0.0,0.0,0.0,0.0,0.0,0.0,0,False
4364,20160930_CB,19.5,83.793333333,21.16,72.28666666699999,26.406666667,79.6,24.573333333,89.39333333299999,25.813333333000003,77.586666667,25.64,78.846666667,27.846666666999997,70.18,26.826666666999998,70.013333333,34,2016-09-30,CB,9,4,30,Friday,False,0,0,0,0,0,0,0,0,0.0,0.0,0.0,0.0,0.0,0.0,0.0,0.0,0,False
4365,20160930_CN,20.10625,93.275,23.3875,85.5625,25.03125,88.8125,24.85625,93.63125,27.85,84.59375,26.15,85.2625,27.51875,80.575,26.58125,80.81875,42,2016-09-30,CN,9,4,30,Friday,False,0,0,0,0,0,0,0,0,0.0,0.0,0.0,0.0,0.0,0.0,0.0,0.0,0,False
4366,20160930_DG,18.4,91.4,20.6,77.3,25.8,86.1,29.8,83.1,25.9,83.6,26.9,75.3,28.0,71.3,26.8,72.4,54,2016-09-30,DG,9,4,30,Friday,False,0,0,0,0,0,0,0,0,0.0,0.0,0.0,0.0,0.0,0.0,0.0,0.0,0,False
4367,20160930_DJ,18.5,90.9,22.0,79.8,26.0,85.0,25.8,92.0,26.8,83.3,24.7,85.3,28.1,74.3,27.0,75.0,37,2016-09-30,DJ,9,4,30,Friday,False,0,0,0,0,0,0,0,0,0.0,0.0,0.0,0.0,0.0,0.0,0.0,0.0,0,False
4368,20160930_GB,18.0625,91.395833333,20.054166667,80.37083333300001,26.358333333,86.6,28.145833333000002,88.895833333,24.683333333,87.8125,25.929166666999997,80.87083333300001,26.525,78.68333333300001,25.420833333,79.5375,61,2016-09-30,GB,9,4,30,Friday,False,0,0,0,0,0,0,0,0,0.0,0.0,0.0,0.0,0.0,0.0,0.0,0.0,0,False
4369,20160930_GG,23.280952381,75.907142857,23.980952380999998,70.747619048,22.811904761999998,88.55,23.164285714000002,89.578571429,27.752380952,71.014285714,28.383333333000003,70.126190476,28.152380951999998,70.078571429,27.421428571,67.857142857,182,2016-09-30,GG,9,4,30,Friday,False,0,0,0,0,0,0,0,0,0.0,0.0,0.0,0.0,0.0,0.0,0.0,0.0,0,False
4370,20160930_GJ,19.8,98.1,23.9,93.8,24.2,97.3,31.5,87.6,28.6,87.4,27.9,79.5,27.8,75.0,27.8,71.8,34,2016-09-30,GJ,9,4,30,Friday,False,0,0,0,0,0,0,0,0,0.0,0.0,0.0,0.0,0.0,0.0,0.0,0.0,0,False
4371,20160930_GN,18.754545455,92.913636364,20.972727273,87.786363636,24.640909090999997,94.381818182,29.095454545,87.55909090899999,26.381818181999996,85.527272727,27.495454545,77.413636364,27.795454545,76.859090909,26.913636364000002,78.104545455,63,2016-09-30,GN,9,4,30,Friday,False,0,0,0,0,0,0,0,0,0.0,0.0,0.0,0.0,0.0,0.0,0.0,0.0,0,False
4372,20160930_GW,22.444444444000002,81.622222222,20.377777778,73.28888888899999,23.722222222,83.555555556,21.438888889,92.15555555600001,25.261111110999998,81.122222222,26.4,76.888888889,25.944444444000002,76.255555556,24.927777778000003,76.25,46,2016-09-30,GW,9,4,30,Friday,False,0,0,0,0,0,0,0,0,0.0,0.0,0.0,0.0,0.0,0.0,0.0,0.0,0,False
4373,20160930_IC,23.14,87.06,24.94,83.25,21.5,96.66,23.78,94.64,28.51,80.45,26.67,81.66,26.18,81.51,25.78,80.1,42,2016-09-30,IC,9,4,30,Friday,False,0,0,0,0,0,0,0,0,0.0,0.0,0.0,0.0,0.0,0.0,0.0,0.0,0,False
4374,20160930_JB,19.473333333,93.65333333299999,23.66,85.273333333,24.326666666999998,88.16,30.006666666999998,84.373333333,28.206666666999997,82.02,26.033333333,81.093333333,28.073333333,74.26,26.8,72.43333333300001,74,2016-09-30,JB,9,4,30,Friday,False,0,0,0,0,0,0,0,0,0.0,0.0,0.0,0.0,0.0,0.0,0.0,0.0,0,False
4375,20160930_JJ,23.5,93.95,23.05,96.15,24.8,96.6,28.0,90.95,26.25,93.35,26.25,81.85,25.7,76.2,24.9,73.1,15,2016-09-30,JJ,9,4,30,Friday,False,0,0,0,0,0,0,0,0,0.0,0.0,0.0,0.0,0.0,0.0,0.0,0.0,0,False
4376,20160930_JN,19.568181818,94.604545455,22.531818182,90.868181818,24.045454545,94.586363636,30.168181818,86.98636363600001,27.772727273,86.418181818,27.172727273000003,80.91818181800001,27.122727273000002,78.445454545,26.609090909000003,76.713636364,55,2016-09-30,JN,9,4,30,Friday,False,0,0,0,0,0,0,0,0,0.0,0.0,0.0,0.0,0.0,0.0,0.0,0.0,0,False
4377,20160930_SU,23.5,66.9,24.8,64.4,21.8,84.6,23.8,82.5,28.9,59.1,29.7,57.6,28.9,60.6,27.9,57.9,217,2016-09-30,SU,9,4,30,Friday,False,0,0,0,0,0,0,0,0,0.0,0.0,0.0,0.0,0.0,0.0,0.0,0.0,0,False
4378,20160930_US,19.0,97.4,20.3,87.8,25.2,96.9,28.0,92.6,25.6,89.9,28.0,74.1,25.0,82.8,24.2,88.6,10,2016-09-30,US,9,4,30,Friday,False,0,0,0,0,0,0,0,0,0.0,0.0,0.0,0.0,0.0,0.0,0.0,0.0,0,False
