date,SO2,CO,O3,NO2,PM10,PM25,place
2016-01-01,0.006524875621890515,0.5572139303482588,0.01967303609341823,0.024590233545647523,55.33617021276596,45.97228144989339,BS
2016-01-02,0.00790453460620522,0.6715990453460622,0.018107942973523396,0.0305906313645621,58.84521384928717,46.40122199592668,BS
2016-01-03,0.008122685185185146,0.7550925925925925,0.014265873015872975,0.03456349206349203,61.206412825651306,47.03024193548387,BS
2016-01-04,0.006947867298578167,0.6661137440758289,0.02202642276422762,0.03341869918699187,81.78439425051334,63.100616016427104,BS
2016-01-05,0.00503512880562058,0.47517564402810364,0.014104417670682679,0.031602409638554194,46.2551867219917,30.691382765531063,BS
2016-01-06,0.004507109004739318,0.41872037914692056,0.02022357723577233,0.023717479674796694,38.1125,24.60764587525151,BS
2016-01-07,0.004190588235294101,0.44047058823529484,0.0219114688128772,0.01949698189134805,50.60557768924303,35.148073022312374,BS
2016-01-08,0.003997641509433948,0.37169811320754764,0.022455645161290273,0.01716129032258061,33.428,22.002083333333335,BS
2016-01-09,0.004655092592592569,0.4125000000000011,0.022930555555555523,0.02036309523809521,35.86878727634195,25.19681908548708,BS
2016-01-10,0.004798611111111085,0.43865740740740794,0.02460714285714283,0.02177976190476189,40.44047619047619,29.325396825396826,BS
2016-01-11,0.004617788461538446,0.41556603773585005,0.022242424242424227,0.023878787878787857,37.68484848484849,25.915151515151514,BS
2016-01-12,0.004817073170731685,0.417688679245284,0.01732459677419349,0.027165322580645145,35.708835341365464,23.03206412825651,BS
2016-01-13,0.0037764705882352787,0.37411764705882405,0.02472121212121207,0.0173064516129032,33.37074148296593,21.556224899598394,BS
2016-01-14,0.0042300469483567945,0.4333333333333342,0.019734939759036108,0.023887550200803215,38.570281124497996,27.306613226452907,BS
2016-01-15,0.006699074074074046,0.5949074074074073,0.015575396825396787,0.03684523809523811,67.70161290322581,45.6031746031746,BS
2016-01-16,0.006337962962962922,0.6354166666666656,0.012787698412698376,0.0395436507936508,80.69262295081967,60.07157057654076,BS
2016-01-17,0.006074074074074049,0.5076388888888891,0.023087301587301552,0.024900793650793594,49.78333333333333,38.68055555555556,BS
2016-01-18,0.003814285714285696,0.39190476190476226,0.0298089430894309,0.013782520325203225,35.75514403292181,26.815261044176708,BS
2016-01-19,0.003234042553191478,0.29739952718676155,0.03175506072874489,0.009271255060728716,23.491935483870968,12.071856287425149,BS
2016-01-20,0.004270396270396256,0.39184149184149275,0.02347484909456736,0.018440643863179017,32.17635270541082,22.16532258064516,BS
2016-01-21,0.004904872389791166,0.4334106728538295,0.016558648111331963,0.02764413518886675,38.26984126984127,25.75149105367793,BS
2016-01-22,0.004300469483568061,0.39084507042253613,0.020178714859437744,0.025429435483870937,32.206,20.864919354838708,BS
2016-01-23,0.005263888888888858,0.41481481481481564,0.027176587301587257,0.0162083333333333,42.12103174603175,29.443775100401606,BS
2016-01-24,0.0038356481481481314,0.3300925925925921,0.030488565488565447,0.009716269841269812,27.552894211576845,18.220858895705522,BS
2016-01-25,0.004055023923444962,0.4071770334928234,0.025634989200863916,0.017830265848670722,35.04365904365904,20.325,BS
2016-01-26,0.004620853080568695,0.44146919431279724,0.0273118503118503,0.020554878048780454,49.83811475409836,30.40082644628099,BS
2016-01-27,0.009883777239709417,0.6149882903981257,0.019777555110220387,0.03609218436873743,81.15506958250496,54.416326530612245,BS
2016-01-28,0.007207547169811294,0.670047169811321,0.013239919354838682,0.04441129032258064,75.88645418326693,53.950515463917526,BS
2016-01-29,0.0036570048309178585,0.43262411347517765,0.029282828282828237,0.0178525252525252,16.955823293172692,13.460905349794238,BS
2016-01-30,0.0038676470588235134,0.4233796296296305,0.024765873015873012,0.018988095238095186,21.103174603174605,14.610337972166999,BS
2016-01-31,0.005593137254901942,0.5393518518518522,0.019777777777777752,0.021478174603174548,58.24801587301587,44.763888888888886,BS
2016-02-01,0.0045133819951338,0.38474178403756015,0.024388535031847125,0.020227368421052598,31.846774193548388,19.93839835728953,BS
2016-02-02,0.004992874109263633,0.4187648456057018,0.019545647558386375,0.027102296450939416,36.9290060851927,22.11764705882353,BS
2016-02-03,0.005742316784869943,0.4635933806146582,0.018103734439833992,0.029785425101214544,43.92338709677419,26.399598393574298,BS
2016-02-04,0.006179669030732814,0.5044917257683219,0.02391733870967736,0.02862701612903222,56.28484848484848,37.16297786720322,BS
2016-02-05,0.00526620370370368,0.45694444444444493,0.023930555555555528,0.025758551307847065,39.66269841269841,24.766932270916335,BS
2016-02-06,0.005412037037037001,0.43564814814814895,0.03022023809523808,0.017824999999999966,40.9781746031746,26.24950099800399,BS
2016-02-07,0.005481481481481448,0.4363425925925939,0.027355158730158684,0.019299999999999953,35.15277777777778,24.658051689860834,BS
2016-02-08,0.006143518518518496,0.43680555555555606,0.03521230158730156,0.016881249999999966,41.236580516898606,27.778884462151396,BS
2016-02-09,0.005726851851851829,0.4342592592592598,0.0362698412698413,0.013816666666666639,55.640243902439025,33.76892430278885,BS
2016-02-10,0.005895833333333312,0.42916666666666764,0.024742063492063468,0.022679166666666608,31.436507936507937,17.400793650793652,BS
2016-02-11,0.006331764705882331,0.5018823529411771,0.017824596774193527,0.0329766949152542,36.97795591182365,20.551724137931036,BS
2016-02-12,0.005643356643356616,0.5191142191142195,0.015104208416833634,0.033355932203389824,38.75249500998004,23.582,BS
2016-02-13,0.005363425925925903,0.4652777777777786,0.014950396825396778,0.02784999999999999,23.05765407554672,15.390873015873016,BS
2016-02-14,0.003891203703703685,0.35787037037037034,0.03081944444444446,0.010066666666666642,21.293650793650794,15.008016032064129,BS
2016-02-15,0.0036438679245282845,0.32193396226415133,0.03216767676767676,0.011124472573839628,27.772,15.544885177453027,BS
2016-02-16,0.004123222748815148,0.4071090047393373,0.028965587044534415,0.014825557809330592,34.90485829959514,22.248421052631578,BS
2016-02-17,0.005335648148148128,0.39120370370370455,0.026349206349206344,0.018460317460317406,30.38,16.476190476190474,BS
2016-02-18,0.006340375586854431,0.4037558685446019,0.025036290322580607,0.024848790322580652,42.790554414784395,25.012048192771083,BS
2016-02-19,0.009261682242990616,0.5158878504672898,0.028317999999999975,0.031438877755511005,59.179282868525895,37.52589641434263,BS
2016-02-20,0.008048611111111072,0.5303240740740739,0.019138888888888865,0.03166666666666666,66.84722222222223,39.37896825396825,BS
2016-02-21,0.004550925925925899,0.3675925925925933,0.033593253968253946,0.013928571428571401,34.18650793650794,17.681451612903224,BS
2016-02-22,0.0068070588235293866,0.44376470588235367,0.014979838709677389,0.03185365853658538,42.069860279441116,24.654885654885653,BS
2016-02-23,0.006592592592592562,0.486342592592593,0.02695418326693225,0.023863917525773187,74.60756972111554,39.15863453815261,BS
2016-02-24,0.0056425233644859536,0.39766355140187004,0.023649298597194397,0.022617234468937833,37.86027944111776,23.263581488933603,BS
2016-02-25,0.005194835680751152,0.40070422535211386,0.03037826961770619,0.0178752515090543,38.55,22.974051896207584,BS
2016-02-26,0.007691764705882315,0.526117647058824,0.0314527162977867,0.029173038229376214,80.61167002012073,55.07429718875502,BS
2016-02-27,0.0080046296296296,0.5449074074074075,0.039746031746031724,0.027301587301587268,100.02380952380952,65.375,BS
2016-02-28,0.007189814814814784,0.5375000000000001,0.03224999999999999,0.026049603174603125,98.26388888888889,63.6468253968254,BS
2016-02-29,0.003957647058823515,0.36517647058823627,0.03561895161290324,0.012665322580645118,41.26369168356998,27.50408163265306,BS
2016-03-01,0.004837962962962943,0.40939759036144685,0.030946428571428524,0.018124999999999978,41.62301587301587,27.732142857142858,BS
2016-03-02,0.006277647058823495,0.4291770573566096,0.029205231388329977,0.026122916666666624,54.27620967741935,34.55040322580645,BS
2016-03-03,0.007030588235294081,0.3891304347826099,0.025453629032258014,0.028991735537190044,36.945891783567134,19.472945891783567,BS
2016-03-04,0.007617370892018741,0.5882903981264629,0.00637826961770621,0.04285714285714285,34.84879032258065,26.59437751004016,BS
2016-03-05,0.009118055555555529,0.44861111111111135,0.02502380952380948,0.024156746031745984,56.64777327935223,35.791666666666664,BS
2016-03-06,0.00590509259259257,0.3766203703703716,0.02543452380952375,0.02223015873015869,32.10569105691057,19.974206349206348,BS
2016-03-07,0.006841232227488132,0.453791469194314,0.025689024390243866,0.023861788617886136,53.765784114052956,23.920570264765786,BS
2016-03-08,0.005483412322274854,0.46800947867298615,0.018176113360323837,0.02958097165991901,72.58316633266533,32.879759519038075,BS
2016-03-09,0.003450471698113194,0.38231132075471863,0.029534274193548374,0.016217659137576956,35.65909090909091,17.955645161290324,BS
2016-03-10,0.003680751173708905,0.3884705882352954,0.025143145161290265,0.01920762711864403,39.94166666666667,22.985943775100402,BS
2016-03-11,0.004103044496487097,0.38391608391608534,0.02927454909819634,0.01969574468085103,40.592592592592595,23.857142857142858,BS
2016-03-12,0.004925925925925907,0.42453703703703777,0.024319444444444404,0.026168859649122776,48.76984126984127,27.992047713717692,BS
2016-03-13,0.006288372093023233,0.4532558139534888,0.027057768924302762,0.02812280701754386,58.624489795918365,34.84769539078156,BS
2016-03-14,0.005721698113207517,0.49551886792452854,0.034327272727272706,0.02389777777777774,75.56378600823045,53.898128898128896,BS
2016-03-15,0.005691387559808582,0.49594272076372387,0.029722448979591833,0.0290176211453744,64.75819672131148,45.1544885177453,BS
2016-03-16,0.007841145833333311,0.5142506142506148,0.029617954070981202,0.04065096359743036,68.19832985386222,48.128151260504204,BS
2016-03-17,0.0074973958333333065,0.5233990147783257,0.02803347280334723,0.040912133891213384,70.11864406779661,48.83686440677966,BS
2016-03-18,0.005212201591511915,0.45985037406483853,0.01342250530785559,0.03912553191489359,31.608988764044945,24.11308203991131,BS
2016-03-19,0.00497894736842103,0.47563451776649807,0.026296137339055746,0.023751072961373375,61.58389261744966,35.64035087719298,BS
2016-03-20,0.005114583333333313,0.39427083333333396,0.03595614035087717,0.014405701754385922,48.771929824561404,25.035242290748897,BS
2016-03-21,0.004856410256410238,0.354358974358975,0.03295661605206071,0.01962039045553141,30.289823008849556,16.314533622559654,BS
2016-03-22,0.0064232673267326495,0.4517326732673275,0.028343157894736855,0.03385894736842104,53.624733475479744,33.11297071129707,BS
2016-03-23,0.005073529411764685,0.4279411764705888,0.036331249999999975,0.0207416666666666,51.9375,29.74946466809422,BS
2016-03-24,0.003844999999999989,0.34375000000000083,0.03530932203389827,0.014631355932203367,24.92258064516129,15.172043010752688,BS
2016-03-25,0.0036947890818858405,0.35135802469135896,0.03204210526315787,0.018303157894736816,26.469473684210527,15.58458244111349,BS
2016-03-26,0.004438725490196056,0.42549019607843225,0.022404166666666635,0.026749999999999958,30.75365344467641,21.956066945606693,BS
2016-03-27,0.004110294117647038,0.4188725490196086,0.039243749999999994,0.019035416666666628,47.580375782881,35.39203354297694,BS
2016-03-28,0.005519906323184992,0.4608899297423901,0.04428370221327966,0.026820925553319865,61.492,41.459514170040485,BS
2016-03-29,0.0067119437939109836,0.5288056206088999,0.04925050100200401,0.028216432865731424,85.034,53.461077844311376,BS
2016-03-30,0.007514084507042232,0.48286384976525903,0.048096385542168676,0.031965863453815226,74.01002004008016,44.67134268537074,BS
2016-03-31,0.009438228438228407,0.583916083916084,0.036403193612774463,0.04042307692307684,100.33752620545073,64.02204408817636,BS
2016-04-01,0.008665094339622615,0.5818396226415092,0.04090909090909094,0.036364978902953544,98.25102880658436,66.93027888446215,BS
2016-04-02,0.007671296296296274,0.4923611111111115,0.03436111111111107,0.03000992063492057,65.52380952380952,45.708333333333336,BS
2016-04-03,0.0076087962962962585,0.42129629629629717,0.03351984126984127,0.022611111111111082,41.226190476190474,31.511904761904763,BS
2016-04-04,0.00368720379146918,0.3860189573459726,0.03570040485829956,0.01916194331983802,18.530364372469634,10.772635814889336,BS
2016-04-05,0.005941037735849031,0.4339622641509441,0.025799999999999962,0.029559670781892953,43.774,27.236,BS
2016-04-06,0.0072257281553397825,0.5177184466019416,0.03603925619834708,0.03399150743099788,62.78260869565217,38.16770186335404,BS
2016-04-07,0.004785353535353512,0.44696969696969746,0.029201284796573853,0.02939866369710464,21.391304347826086,15.093617021276597,BS
2016-04-08,0.006643518518518492,0.47939814814814885,0.024953815261044166,0.03464978902953587,63.37826961770624,33.18913480885312,BS
2016-04-09,0.008870370370370334,0.5275462962962961,0.03617063492063493,0.03751874999999998,104.044,41.50396825396825,BS
2016-04-10,0.006379629629629607,0.4729166666666677,0.042809523809523804,0.02302291666666664,110.73505976095618,46.073412698412696,BS
2016-04-11,0.004033096926713925,0.3614657210401908,0.041038383838383846,0.015199575371549869,43.51411290322581,21.809619238476955,BS
2016-04-12,0.005101176470588204,0.38985849056603944,0.0351191919191919,0.02381528662420382,39.72857142857143,24.134808853118713,BS
2016-04-13,0.005300925925925896,0.4324074074074083,0.023571428571428545,0.02751249999999996,36.1578947368421,23.371031746031747,BS
2016-04-14,0.005542923433874681,0.4661252900232025,0.02639516129032255,0.028234927234927206,56.897750511247445,28.087576374745417,BS
2016-04-15,0.004238207547169791,0.4384433962264159,0.04478024193548388,0.01726612903225803,46.88484848484848,24.267489711934157,BS
2016-04-16,0.005708333333333308,0.46273148148148235,0.030301587301587298,0.029865079365079338,46.87475149105368,27.547619047619047,BS
2016-04-17,0.003020881670533634,0.3726218097447807,0.05168588469184889,0.00776639344262292,32.95825049701789,14.568788501026694,BS
2016-04-18,0.005256470588235273,0.4245901639344273,0.043859719438877676,0.01917635270541078,50.012024048096194,21.453815261044177,BS
2016-04-19,0.005643835616438332,0.4139410187667565,0.04990023201856144,0.017153132250580027,47.44009216589862,26.293577981651374,BS
2016-04-20,0.005785326086956495,0.41766304347826183,0.04193442622950819,0.026908665105386396,45.884433962264154,29.570422535211268,BS
2016-04-21,0.005169117647058792,0.40097560975609847,0.03420624999999997,0.02301244813278003,30.37136929460581,21.931769722814497,BS
2016-04-22,0.0058442822384427925,0.47166276346604336,0.030056250000000017,0.028221774193548373,47.04435483870968,27.342379958246347,BS
2016-04-23,0.007681055155875274,0.5139088729016792,0.0325720524017467,0.030204498977505094,174.97011952191235,57.344298245614034,BS
2016-04-24,0.006892156862745071,0.4330882352941189,0.04201388888888883,0.020058333333333296,166.59839357429718,43.15811965811966,BS
2016-04-25,0.006890547263681571,0.4307888040712477,0.03333802816901402,0.028152219873150076,90.45073375262055,26.372340425531913,BS
2016-04-26,0.006228155339805795,0.45236907730673376,0.03977483443708611,0.02911801242236021,72.1701244813278,27.939655172413794,BS
2016-04-27,0.002775943396226409,0.35825471698113154,0.045202868852458944,0.011294949494949469,25.473469387755102,16.329718004338396,BS
2016-04-28,0.0035138888888888776,0.3824074074074081,0.0405615079365079,0.017608349900596405,33.65277777777778,19.394190871369293,BS
2016-04-29,0.005400932400932377,0.4048951048951061,0.03673588709677417,0.024503006012024053,37.756,21.92184368737475,BS
2016-04-30,0.007032407407407374,0.3875000000000015,0.05258928571428576,0.02083333333333333,57.27579365079365,30.410714285714285,BS
2016-05-01,0.006416666666666628,0.371296296296297,0.06353373015873012,0.016779761904761874,50.17635270541082,25.24055666003976,BS
2016-05-02,0.006654846335697373,0.3627358490566037,0.03626488706365501,0.01957606490872208,42.71313131313131,26.058704453441294,BS
2016-05-03,0.004094907407407381,0.32607655502392335,0.043943089430894276,0.010831349206349162,29.919517102615693,14.585170340681362,BS
2016-05-04,0.005092807424593947,0.3494061757719711,0.05166202783300193,0.013870775347912492,58.45816733067729,19.60238568588469,BS
2016-05-05,0.006877314814814794,0.3826388888888892,0.04606547619047617,0.02414484126984124,45.601190476190474,20.226640159045726,BS
2016-05-06,0.007749999999999979,0.3504629629629627,0.03993055555555551,0.02258333333333332,36.53319919517103,23.061752988047807,BS
2016-05-07,0.004758373205741602,0.3789473684210526,0.040093877551020396,0.019010204081632624,133.68312757201647,42.19467213114754,BS
2016-05-08,0.004935185185185165,0.36250000000000043,0.04670833333333332,0.01724206349206346,120.35470941883767,35.273809523809526,BS
2016-05-09,0.013176886792452802,0.3964622641509444,0.03270161290322582,0.0295604838709677,73.85420944558521,31.995991983967937,BS
2016-05-10,0.005943262411347483,0.3918793503480288,0.03179241516966064,0.021964071856287393,38.36842105263158,26.582834331337324,BS
2016-05-11,0.005372839506172804,0.3463942307692305,0.0412566735112936,0.020004106776180648,23.991786447638603,16.490721649484534,BS
2016-05-12,0.006255696202531619,0.3683544303797467,0.03941437632135302,0.02430620985010706,34.73175965665236,21.23010752688172,BS
2016-05-13,0.005549999999999974,0.3792499999999992,0.04490329218106995,0.02065466101694913,37.768577494692146,23.215217391304346,BS
2016-05-14,0.005391203703703685,0.356712962962963,0.0431669980119284,0.015507936507936476,30.724206349206348,16.081349206349206,BS
2016-05-15,0.005437499999999973,0.3287037037037038,0.03098809523809522,0.015559523809523773,32.514910536779325,20.220238095238095,BS
2016-05-16,0.004045454545454525,0.3708133971291869,0.033306122448979576,0.018180327868852406,32.36746987951807,20.079591836734693,BS
2016-05-17,0.005748826291079791,0.4416075650118214,0.03791129032258061,0.030264033264033235,43.174089068825914,23.82555780933063,BS
2016-05-18,0.009604651162790669,0.4900000000000011,0.03621713147410361,0.042304780876494,53.464,32.56772908366534,BS
2016-05-19,0.010034653465346514,0.4316049382716063,0.040440928270042205,0.03555485232067504,43.45147679324894,26.856540084388186,BS
2016-05-20,0.00783959899749371,0.4157894736842116,0.04655696202531642,0.027219409282700363,44.39203354297694,28.09014675052411,BS
2016-05-21,0.007243055555555532,0.44027777777777916,0.04929149797570851,0.023113360323886604,45.02584493041749,30.6765873015873,BS
2016-05-22,0.008344907407407365,0.40462962962963117,0.05857083333333331,0.01828541666666664,45.37060041407867,32.10912698412698,BS
2016-05-23,0.010578199052132664,0.4767772511848351,0.037538144329896876,0.03309072164948451,54.356818181818184,37.4868154158215,BS
2016-05-24,0.006848130841121464,0.3630841121495331,0.032344689378757494,0.026873747494989955,35.67260579064588,24.93013972055888,BS
2016-05-25,0.00713176470588233,0.4644705882352948,0.04576861167002012,0.03003018108651906,52.48523206751055,36.89676113360324,BS
2016-05-26,0.008984962406015007,0.5834586466165408,0.05312711864406775,0.038519148936170186,84.93406593406593,64.29278350515465,BS
2016-05-27,0.006449612403100747,0.5022670025188918,0.051055437100213215,0.029688699360341127,82.22371364653245,58.34090909090909,BS
2016-05-28,0.007917874396135236,0.4967592592592593,0.05102976190476193,0.032083333333333304,80.1375,59.5218253968254,BS
2016-05-29,0.005107843137254878,0.41481481481481547,0.04294444444444439,0.02588492063492057,45.74267782426778,33.644710578842314,BS
2016-05-30,0.006271099744245505,0.4320843091334903,0.054808383233532904,0.027821643286573113,60.913223140495866,40.726907630522085,BS
2016-05-31,0.0071806930693068954,0.47476635514018733,0.05682931726907627,0.03384337349397587,72.62222222222222,49.004056795131845,BS
2016-06-01,0.0052382133995037,0.3485436893203886,0.0542484599589322,0.015004132231404914,44.44399185336049,21.502032520325205,BS
2016-06-02,0.004172749391727473,0.33284671532846716,0.04142411642411639,0.017754677754677716,27.156378600823047,14.016460905349794,BS
2016-06-03,0.005829039812646337,0.39415887850467446,0.04078757515030056,0.030444889779559114,38.844621513944226,23.576540755467196,BS
2016-06-04,0.0066666666666666385,0.35115740740740736,0.03799999999999996,0.02462301587301586,36.55666003976143,24.08531746031746,BS
2016-06-05,0.004087962962962942,0.2967592592592589,0.05475498007968119,0.009908730158730143,21.530815109343937,12.677290836653386,BS
2016-06-06,0.00408816705336425,0.34166666666666673,0.04323658051689857,0.014520874751491022,31.521825396825395,21.52882703777336,BS
2016-06-07,0.0057264150943396016,0.36501182033097,0.02653549695740361,0.02141176470588233,41.07676767676767,28.373737373737374,BS
2016-06-08,0.00954106280193235,0.4172494172494184,0.018342685370741442,0.032693386773547065,51.7789046653144,38.62985685071575,BS
2016-06-09,0.007659313725490169,0.4439814814814821,0.028496031746031728,0.02690277777777776,60.447154471544714,45.78691983122363,BS
2016-06-10,0.00529238329238326,0.35034802784222757,0.03894621513944225,0.016928429423459228,40.916666666666664,30.84297520661157,BS
2016-06-11,0.0073382352941176255,0.3467592592592594,0.024968253968253955,0.021051587301587286,42.880239520958085,30.010245901639344,BS
2016-06-12,0.008808353808353785,0.3453703703703705,0.014061507936507898,0.020839285714285696,33.220238095238095,24.346808510638297,BS
2016-06-13,0.00633413461538459,0.4004672897196272,0.021679358717434826,0.021779559118236452,42.872983870967744,29.054108216432866,BS
2016-06-14,0.007276744186046485,0.3669767441860476,0.029567134268537045,0.02203006012024044,46.872727272727275,33.18436873747495,BS
2016-06-15,0.006360849056603734,0.33679245283018877,0.027301619433198344,0.019677618069815148,41.77319587628866,29.73913043478261,BS
2016-06-16,0.006599999999999972,0.37095238095238076,0.03225562372188139,0.022052192066805806,41.57543103448276,26.667381974248926,BS
2016-06-17,0.0046802168021680005,0.37452574525745247,0.051424036281179065,0.021249433106575934,37.33975903614458,24.696969696969695,BS
2016-06-18,0.0061696428571428345,0.3877976190476184,0.045105392156862704,0.021579081632653048,43.130208333333336,31.203473945409428,BS
2016-06-19,0.005873595505617956,0.32865168539325873,0.03804672897196258,0.016316831683168286,29.605670103092784,20.32920792079208,BS
2016-06-20,0.0063829787234042324,0.3925531914893625,0.03595535714285713,0.024164009111617247,50.517814726840854,38.02298850574713,BS
2016-06-21,0.005453124999999978,0.37291666666666695,0.033392543859649085,0.02182894736842101,37.87252747252747,28.00902934537246,BS
2016-06-22,0.004304461942257201,0.3582677165354332,0.02881898454746135,0.019426048565121378,40.169724770642205,29.62251655629139,BS
2016-06-23,0.004986876640419923,0.35404699738903384,0.0326747787610619,0.01632087912087909,36.779545454545456,23.524886877828056,BS
2016-06-24,0.005156164383561621,0.3534210526315789,0.018467441860465093,0.022484444444444415,34.46666666666667,22.180555555555557,BS
2016-06-25,0.005366492146596836,0.3359375,0.046557870370370354,0.016741228070175418,32.27546296296296,18.68201754385965,BS
2016-06-26,0.006033333333333315,0.3635416666666668,0.053587962962962976,0.016353070175438578,41.136574074074076,26.415384615384614,BS
2016-06-27,0.007175487465181025,0.4634464751958231,0.03142334096109836,0.03072828507795101,74.0,55.40835266821346,BS
2016-06-28,0.005413888888888872,0.36979166666666713,0.03480263157894737,0.0208706140350877,46.328828828828826,34.39302325581395,BS
2016-06-29,0.0064931129476583785,0.33736842105263176,0.0317522123893805,0.023661504424778754,34.957683741648104,24.55773955773956,BS
2016-06-30,0.007311999999999971,0.32586666666666686,0.025328089887640428,0.024382022471910077,31.553775743707092,20.4987714987715,BS
2016-07-01,0.00556135770234984,0.2590078328981721,0.01873127753303962,0.01720264317180612,22.413333333333334,11.916114790286976,BS
2016-07-02,0.004554687499999979,0.2786458333333334,0.0178771929824561,0.015997807017543816,21.27252747252747,9.627906976744185,BS
2016-07-03,0.0065442708333333,0.3354166666666665,0.024817982456140305,0.019997807017543844,29.753846153846155,19.85150812064965,BS
2016-07-04,0.006485436893203869,0.3800970873786418,0.016022869022868987,0.029330561330561312,24.42299349240781,17.77777777777778,BS
2016-07-05,0.006566084788029893,0.32493765586034906,0.012993212669683231,0.019209302325581372,24.0989010989011,13.731019522776572,BS
2016-07-06,0.006160401002506234,0.2867970660146695,0.011082774049216962,0.01471041666666663,22.529535864978904,11.763919821826281,BS
2016-07-07,0.00811910669975184,0.3063529411764704,0.014317073170731661,0.02120481927710842,32.40890688259109,17.647302904564317,BS
2016-07-08,0.005631840796019879,0.3152744630071596,0.01567137096774187,0.017141129032258024,28.43487394957983,16.50939457202505,BS
2016-07-09,0.0062769607843137015,0.2810185185185183,0.016914682539682497,0.014025793650793601,17.17871485943775,8.118852459016393,BS
2016-07-10,0.010002604166666639,0.38063725490196104,0.03199584199584196,0.025029535864978872,37.177083333333336,23.495744680851065,BS
2016-07-11,0.008656084656084629,0.3454094292803967,0.013380129589632802,0.021945263157894693,30.52991452991453,19.728813559322035,BS
2016-07-12,0.0063599999999999724,0.34571428571428553,0.012579831932773084,0.022175510204081594,20.448347107438018,11.31769722814499,BS
2016-07-13,0.006345088161209052,0.433254156769597,0.02977484787018252,0.027146044624746433,36.33119658119658,23.110416666666666,BS
2016-07-14,0.005002463054187172,0.447441860465117,0.036980079681274855,0.020426294820717086,45.54752066115702,30.17142857142857,BS
2016-07-15,0.005064837905236883,0.3625882352941183,0.030324380165289204,0.01531854838709674,23.765182186234817,11.717842323651452,BS
2016-07-16,0.004117936117936102,0.3509259259259259,0.019740079365079297,0.017476190476190433,22.86904761904762,12.561507936507937,BS
2016-07-17,0.005987745098039192,0.42268518518518644,0.04028968253968254,0.015470238095238063,34.10956175298805,20.80318091451292,BS
2016-07-18,0.007572864321608005,0.48601895734597195,0.03977142857142854,0.021825910931174045,54.54489795918367,38.589795918367344,BS
2016-07-19,0.006256281407035153,0.37298578199052196,0.04046835443037974,0.01501217038539551,36.92622950819672,24.613496932515336,BS
2016-07-20,0.006311274509803902,0.326650943396226,0.029834710743801614,0.014959595959595914,25.121019108280255,13.260593220338983,BS
2016-07-21,0.005479166666666641,0.31415313225057995,0.0274357429718875,0.013797595190380726,21.721854304635762,11.354297693920335,BS
2016-07-22,0.00578554778554776,0.2971962616822424,0.02455577689243023,0.013347912524850868,21.637931034482758,11.122661122661123,BS
2016-07-23,0.004891203703703682,0.2976851851851845,0.026317460317460305,0.013952380952380909,26.94223107569721,13.095238095238095,BS
2016-07-24,0.006458333333333303,0.31435185185185116,0.024577464788732347,0.016944444444444408,33.35657370517928,19.930555555555557,BS
2016-07-25,0.005933962264150917,0.3492924528301889,0.019657505285412245,0.021082828282828273,35.9817444219067,22.468302658486706,BS
2016-07-26,0.005218527315914467,0.320902612826603,0.021054054054054024,0.016744421906693674,32.19595959595959,17.365656565656565,BS
2016-07-27,0.004762910798122044,0.2890510948905108,0.021931863727454884,0.013315261044176673,27.3682092555332,13.177453027139874,BS
2016-07-28,0.005328638497652554,0.2903703703703702,0.021975359342915776,0.014575452716297748,33.058,16.828389830508474,BS
2016-07-29,0.005591121495327071,0.3023980815347721,0.022109278350515425,0.01687799999999997,37.44488977955912,21.661855670103094,BS
2016-07-30,0.006479069767441832,0.3239534883720936,0.02291832669322705,0.01658964143426292,32.80443548387097,19.230923694779115,BS
2016-07-31,0.007243055555555518,0.3868055555555574,0.04931944444444444,0.01820238095238092,40.433399602385684,27.790794979079497,BS
2016-08-01,0.006869976359338028,0.40661938534279074,0.03695833333333329,0.021983805668016124,48.989837398373986,35.29449152542373,BS
2016-08-02,0.004953488372093002,0.400697674418606,0.029850299401197558,0.022407185628742464,41.90160642570281,26.830578512396695,BS
2016-08-03,0.004800936768149864,0.3948477751756454,0.0227743902439024,0.01979959919839676,40.34136546184739,25.31958762886598,BS
2016-08-04,0.0043169014084506845,0.36244131455399203,0.022381443298969027,0.014004016064256988,36.76161616161616,22.85140562248996,BS
2016-08-05,0.004667441860465097,0.3611627906976755,0.02204242424242422,0.013608870967741899,31.70253164556962,18.09775967413442,BS
2016-08-06,0.006585648148148124,0.35185185185185286,0.024208333333333287,0.015007936507936484,31.93816631130064,19.083333333333332,BS
2016-08-07,0.006298611111111082,0.3400462962962972,0.0282876984126984,0.014984126984126952,39.130526315789474,26.039583333333333,BS
2016-08-08,0.006052631578947338,0.43246445497630415,0.03725963488843813,0.025694331983805625,55.86767895878525,39.373695198329855,BS
2016-08-09,0.003958139534883703,0.36790697674418776,0.03661676646706586,0.014722891566265025,41.56224066390042,22.44147843942505,BS
2016-08-10,0.006856132075471676,0.37600000000000183,0.031941999999999963,0.020752066115702447,32.80204081632653,16.544662309368192,BS
2016-08-11,0.008154205607476614,0.5053864168618276,0.051856858846918485,0.02532999999999997,52.104,34.62765957446808,BS
2016-08-12,0.006833333333333301,0.5477855477855486,0.05938675213675215,0.025431999999999982,66.03976143141153,47.92231075697211,BS
2016-08-13,0.006590697674418581,0.47860465116279227,0.057148373983739814,0.02303984063745014,57.56349206349206,39.61309523809524,BS
2016-08-14,0.005459396751740108,0.4270833333333349,0.0583021868787276,0.018543650793650758,50.875,35.413518886679924,BS
2016-08-15,0.004745370370370341,0.40601851851852033,0.043943319838056674,0.01902579365079361,51.166666666666664,35.776892430278885,BS
2016-08-16,0.005314769975786898,0.39539951573850063,0.0332185567010309,0.017641237113402018,40.803312629399585,24.033333333333335,BS
2016-08-17,0.00434418604651161,0.350465116279071,0.03292415169660675,0.015506986027944088,30.26452905811623,14.827868852459016,BS
2016-08-18,0.004327906976744167,0.334651162790698,0.030505999999999974,0.012703999999999964,27.52008032128514,12.668711656441717,BS
2016-08-19,0.00501860465116277,0.33799533799533865,0.02955976095617525,0.014195219123505935,30.885080645161292,13.413654618473895,BS
2016-08-20,0.004780092592592573,0.32314814814814813,0.03271428571428568,0.012446428571428534,28.734126984126984,12.284294234592446,BS
2016-08-21,0.0041296296296296124,0.3136574074074073,0.0317440476190476,0.01006944444444441,26.65674603174603,10.803180914512922,BS
2016-08-22,0.0040116009280742266,0.33526682134570823,0.030950298210735562,0.012701789264413472,30.01590457256461,13.23293172690763,BS
2016-08-23,0.004243619489559145,0.31441860465116256,0.02970459081836324,0.012495009980039874,25.344758064516128,10.462,BS
2016-08-24,0.005533957845433231,0.31241217798594856,0.035084507042253466,0.014686116700201169,26.193939393939395,10.739837398373984,BS
2016-08-25,0.005780660377358462,0.324235294117647,0.03128571428571427,0.01745875251509052,30.199596774193548,13.631790744466802,BS
2016-08-26,0.003967592592592575,0.36064814814814894,0.025517857142857106,0.01558531746031742,34.002,17.30738522954092,BS
2016-08-27,0.003928240740740724,0.2745370370370368,0.03155357142857141,0.010043650793650754,27.169322709163346,8.5,BS
2016-08-28,0.0028184019370459997,0.27651331719128325,0.03083298969072161,0.008727835051546357,15.124463519313304,7.144329896907217,BS
2016-08-29,0.002589928057553952,0.2973621103117507,0.0254551020408163,0.013063265306122413,17.533755274261605,8.314814814814815,BS
2016-08-30,0.0028423529411764612,0.3162352941176471,0.030130801687763695,0.014781376518218602,31.34077079107505,13.166666666666666,BS
2016-08-31,0.0044413145539905895,0.371596244131456,0.052411157024793355,0.011501006036217249,44.670081967213115,17.913131313131313,BS
2016-09-01,0.0048032786885245675,0.41288056206089224,0.07351785714285712,0.014787575150300561,60.066265060240966,32.006211180124225,BS
2016-09-02,0.003701631701631686,0.39627039627039834,0.04280039920159681,0.019377245508982007,33.908350305498985,22.74493927125506,BS
2016-09-03,0.00488888888888887,0.3870370370370389,0.026563492063492036,0.016958333333333315,33.35306122448979,18.818181818181817,BS
2016-09-04,0.005761574074074046,0.4250000000000018,0.021676587301587273,0.014960317460317424,39.70318725099602,23.551148225469728,BS
2016-09-05,0.005976580796252902,0.37939110070257753,0.01802605210420837,0.017915831663326602,30.83266129032258,17.489626556016596,BS
2016-09-06,0.007193473193473162,0.4745920745920753,0.018168674698795146,0.031658634538152576,53.78269617706238,34.795959595959594,BS
2016-09-07,0.006645539906103258,0.5377934272300463,0.02894768611670018,0.030392354124748486,74.54637096774194,49.878542510121456,BS
2016-09-08,0.005333333333333314,0.4226107226107246,0.04708782435129737,0.02005389221556882,44.564,29.70059880239521,BS
2016-09-09,0.005094907407407384,0.4201388888888913,0.03861111111111112,0.02029365079365077,51.154761904761905,33.726190476190474,BS
2016-09-10,0.004657407407407391,0.39583333333333537,0.029363817097415475,0.01916666666666662,48.40755467196819,30.67196819085487,BS
2016-09-11,0.006094907407407379,0.3136574074074077,0.028363095238095205,0.012601190476190436,30.345309381237524,14.944223107569721,BS
2016-09-12,0.003659673659673646,0.3554778554778569,0.02861646586345377,0.018253012048192734,27.099391480730223,15.468686868686868,BS
2016-09-13,0.004508120649651955,0.35684454756380574,0.03495959595959595,0.01676969696969693,27.759834368530022,13.935353535353535,BS
2016-09-14,0.004129629629629613,0.3155092592592595,0.03142460317460315,0.011803571428571384,23.410714285714285,11.571713147410359,BS
2016-09-15,0.005627314814814794,0.31157407407407406,0.028738095238095184,0.011589285714285674,29.162,15.745526838966203,BS
2016-09-16,0.00681018518518516,0.3662037037037046,0.025767857142857124,0.01644444444444442,37.91269841269841,24.42544731610338,BS
2016-09-17,0.0037291666666666497,0.317592592592593,0.032686507936507916,0.010986111111111075,20.034274193548388,12.70961145194274,BS
2016-09-18,0.0034722222222222108,0.2958333333333329,0.03444444444444444,0.007761904761904735,19.949494949494948,10.943548387096774,BS
2016-09-19,0.003641686182669778,0.28266978922716574,0.030426853707414804,0.009008016032064092,23.893360160965795,10.034274193548388,BS
2016-09-20,0.0031666666666666553,0.2624413145539906,0.03405823293172692,0.009493975903614426,27.87704918032787,11.374741200828158,BS
2016-09-21,0.0040722610722610545,0.3205128205128208,0.03311976047904185,0.014622754491017931,42.75925925925926,27.30721649484536,BS
2016-09-22,0.0037899761336515373,0.3627684964200491,0.030380855397148653,0.01593279022403253,44.406122448979595,29.364562118126273,BS
2016-09-23,0.0038845208845208696,0.33783783783783833,0.03045093945720249,0.01560960334029224,38.41014799154334,23.89873417721519,BS
2016-09-24,0.0059837962962962675,0.31921296296296325,0.028156746031745998,0.017464285714285672,32.810756972111555,19.724789915966387,BS
2016-09-25,0.007937354988399042,0.33773148148148197,0.024188492063492016,0.021224206349206298,30.715705765407556,17.669980119284293,BS
2016-09-26,0.01024523809523806,0.3823809523809537,0.016597560975609726,0.026107723577235765,37.903490759753595,22.850409836065573,BS
2016-09-27,0.008958041958041923,0.3879069767441875,0.013946215139442178,0.024862549800796798,44.51334702258727,27.055441478439427,BS
2016-09-28,0.0049583333333333085,0.35185185185185236,0.011253968253968228,0.02004761904761904,28.23265306122449,17.204545454545453,BS
2016-09-29,0.0038289156626505846,0.3166265060240956,0.025069815195071822,0.014020533880903466,24.44396551724138,11.413865546218487,BS
2016-09-30,0.00421739130434781,0.3340579710144933,0.017055670103092755,0.02102680412371129,25.305429864253394,12.900826446280991,BS
2016-10-01,0.005486111111111081,0.37662037037037227,0.01654365079365076,0.021994047619047594,33.63505154639175,20.83609958506224,BS
2016-10-02,0.0050486111111110905,0.35046296296296425,0.023043650793650755,0.01574007936507933,29.517525773195878,18.407098121085596,BS
2016-10-03,0.006613425925925897,0.3057870370370371,0.014117063492063455,0.015753968253968218,36.69375,21.552301255230127,BS
2016-10-04,0.004829039812646349,0.32599531615925104,0.028142570281124452,0.015134538152610408,37.609856262833674,18.184804928131417,BS
2016-10-05,0.0032853717026378793,0.3093525179856111,0.029852760736196287,0.010603271983640042,24.038216560509554,11.329809725158562,BS
2016-10-06,0.003997499999999986,0.35533980582524344,0.027419421487603273,0.017702479338842954,37.120253164556964,20.454935622317596,BS
2016-10-07,0.0035150753768844072,0.30560975609756047,0.032404564315352685,0.013844398340248918,33.44560669456067,14.29769392033543,BS
2016-10-08,0.0037972027972027786,0.38181818181818383,0.015560878243512948,0.02017764471057881,25.944214876033058,15.70264765784114,BS
2016-10-09,0.0037129629629629435,0.33657407407407464,0.032015873015873,0.01164285714285711,28.07952286282306,14.5398406374502,BS
2016-10-10,0.003947494033412871,0.34009546539379554,0.02357230142566187,0.016543788187372663,26.783783783783782,11.59674134419552,BS
2016-10-11,0.003912195121951203,0.3517241379310349,0.015427385892116147,0.022130705394190837,30.71278825995807,15.064449064449065,BS
2016-10-12,0.005270588235294093,0.41858823529411954,0.02906275303643722,0.024914583333333316,53.28952772073922,30.454918032786885,BS
2016-10-13,0.004995348837209273,0.3983720930232578,0.019952191235059702,0.025121513944223073,44.825102880658434,22.60878243512974,BS
2016-10-14,0.005602325581395323,0.44418604651162924,0.026507968127489984,0.029639442231075692,51.18962075848303,31.530938123752495,BS
2016-10-15,0.006393518518518488,0.43958333333333466,0.03419444444444438,0.025071428571428547,62.267857142857146,41.35341365461847,BS
2016-10-16,0.003937499999999983,0.3768518518518534,0.022166666666666647,0.021533730158730145,29.102,18.36916835699797,BS
2016-10-17,0.005653395784543308,0.4228971962616835,0.01720999999999997,0.026554000000000005,27.823293172690764,17.16188524590164,BS
2016-10-18,0.004404705882352921,0.4280000000000012,0.0275485829959514,0.022125506072874442,51.03673469387755,32.02296450939457,BS
2016-10-19,0.005255980861243995,0.4224880382775135,0.028495918367346915,0.02382244897959181,53.89917695473251,30.7880658436214,BS
2016-10-20,0.005142191142191118,0.4480186480186489,0.03154599999999997,0.02441399999999998,66.92121212121212,40.15481171548117,BS
2016-10-21,0.0034881516587677583,0.30734597156398075,0.0366957403651116,0.01290872210953343,42.12016293279022,18.8982683982684,BS
2016-10-22,0.005466507177033464,0.30813397129186565,0.03132244897959184,0.01596122448979588,30.493852459016395,13.905930470347649,BS
2016-10-23,0.004012048192771066,0.2814457831325297,0.03511293634496918,0.008975359342915774,25.465979381443297,11.451546391752577,BS
2016-10-24,0.003987864077669888,0.28203883495145576,0.02984886128364388,0.013973084886128327,24.596673596673597,10.438155136268344,BS
2016-10-25,0.00454135338345863,0.3660000000000002,0.016906382978723364,0.02398488120950322,29.682505399568033,15.148796498905908,BS
2016-10-26,0.0032173913043478217,0.4242346938775522,0.015915766738660853,0.024829157175398627,37.42316258351893,20.859375,BS
2016-10-27,0.003540816326530601,0.3483950617283961,0.02880922431865825,0.016445652173913,40.62765957446808,19.002105263157894,BS
2016-10-28,0.00340435835351088,0.323002421307506,0.024079166666666634,0.0178413361169102,22.35355648535565,11.616702355460385,BS
2016-10-29,0.0034328703703703535,0.3791666666666676,0.023492063492063422,0.01720436507936504,44.87301587301587,26.658051689860834,BS
2016-10-30,0.004164351851851831,0.38912037037037084,0.021047619047618992,0.019222222222222172,40.21157684630739,25.958,BS
2016-10-31,0.004427570093457925,0.4070093457943939,0.011749999999999965,0.029881999999999975,39.86144578313253,21.58835341365462,BS
2016-11-01,0.003389791183294646,0.32923433874710084,0.022551102204408785,0.01844889779559114,34.23123732251521,20.46987951807229,BS
2016-11-02,0.0033858823529411635,0.3477647058823539,0.022358148893360148,0.022967806841046243,30.708677685950413,17.732793522267208,BS
2016-11-03,0.005259345794392498,0.5039719626168226,0.01922999999999996,0.031043999999999985,59.042857142857144,37.826175869120654,BS
2016-11-04,0.005983451536642992,0.5139479905437347,0.023026262626262603,0.0314383838383838,67.726,45.862,BS
2016-11-05,0.006254629629629599,0.4391203703703705,0.03263690476190474,0.025795634920634886,56.726190476190474,38.58531746031746,BS
2016-11-06,0.004041666666666644,0.37337962962963,0.02682341269841267,0.01763888888888886,45.77579365079365,30.6765873015873,BS
2016-11-07,0.003813842482100223,0.37780429594272136,0.025189409368635382,0.023429735234215827,42.81611570247934,27.75619834710744,BS
2016-11-08,0.003911627906976727,0.41162790697674445,0.023344621513944196,0.024422310756972102,44.39630390143737,31.864476386036962,BS
2016-11-09,0.004132250580046388,0.36009280742459493,0.02461770623742452,0.02149899396378267,44.868951612903224,31.410204081632653,BS
2016-11-10,0.004245370370370349,0.32152777777777863,0.02008134920634915,0.023096385542168644,25.83730158730159,15.845238095238095,BS
2016-11-11,0.003988344988344967,0.4060606060606068,0.017672654690618725,0.02590818363273451,47.77733598409543,28.214711729622266,BS
2016-11-12,0.005363425925925901,0.49606481481481474,0.01957142857142854,0.03283730158730152,72.87951807228916,37.595238095238095,BS
2016-11-13,0.005819444444444412,0.5708333333333329,0.01103769841269838,0.03674404761904759,68.05498981670061,39.24603174603175,BS
2016-11-14,0.004226107226107206,0.46923076923076973,0.009155241935483848,0.03295161290322578,46.98170731707317,29.767820773930755,BS
2016-11-15,0.004518957345971543,0.40379146919431336,0.022303643724696304,0.024659919028340055,53.322381930184804,29.49586776859504,BS
2016-11-16,0.00460092807424592,0.43039443155452484,0.015185628742514922,0.0327145708582834,56.825102880658434,29.91902834008097,BS
2016-11-17,0.006585882352941156,0.5181176470588232,0.022229376257545234,0.032482897384305806,83.9500998003992,46.857715430861724,BS
2016-11-18,0.005578088578088553,0.49487179487179506,0.02157485029940115,0.03173453093812374,69.86282306163022,43.62151394422311,BS
2016-11-19,0.005611111111111088,0.537268518518519,0.015095238095238042,0.02693253968253964,44.867063492063494,34.17857142857143,BS
2016-11-20,0.004967592592592561,0.5037037037037048,0.023878968253968225,0.019478174603174574,44.05952380952381,30.571428571428573,BS
2016-11-21,0.005258741258741238,0.41561771561771627,0.023124489795918336,0.023971428571428543,44.42040816326531,24.877551020408163,BS
2016-11-22,0.003960372960372944,0.4417249417249419,0.016327345309381208,0.02312974051896204,47.31337325349301,28.872255489021956,BS
2016-11-23,0.0036744730679156784,0.3526932084309146,0.01733667334669337,0.02040881763527049,29.559356136820927,17.383064516129032,BS
2016-11-24,0.0034798099762470137,0.29928741092636585,0.027839756592292066,0.014933062880324512,24.38,12.72962226640159,BS
2016-11-25,0.00391860465116277,0.36953488372093113,0.023796812749003974,0.02052788844621509,30.350597609561753,19.36234817813765,BS
2016-11-26,0.0046287703016241084,0.4967517401392106,0.00848310139165007,0.03359880239520956,53.558648111332005,39.60612244897959,BS
2016-11-27,0.004217592592592567,0.4379629629629633,0.0210694444444444,0.02167460317460313,45.60912698412698,35.42828685258964,BS
2016-11-28,0.004814385150812042,0.4918793503480273,0.02048508946322065,0.02620874751491051,77.59840954274354,46.387225548902194,BS
2016-11-29,0.004617021276595726,0.4047281323877073,0.01849696969696966,0.02607070707070704,37.43469387755102,23.45824847250509,BS
2016-11-30,0.004832167832167811,0.4610722610722615,0.01121556886227542,0.03031337325349298,38.917355371900825,25.859154929577464,BS
2016-12-01,0.00446808510638296,0.3978723404255328,0.027050505050505026,0.018490909090909054,54.034412955465584,34.94331983805668,BS
2016-12-02,0.004188679245283002,0.3500000000000008,0.021797979797979778,0.023767676767676757,27.60931174089069,15.98989898989899,BS
2016-12-03,0.006365196078431344,0.4872549019607851,0.008589583333333315,0.03811458333333333,41.75416666666667,26.108333333333334,BS
2016-12-04,0.007975490196078404,0.5600490196078424,0.011537499999999985,0.03516249999999996,43.99375,30.63125,BS
2016-12-05,0.008379807692307666,0.6396634615384623,0.021733059548254566,0.034987679671457904,93.27663934426229,62.58691206543967,BS
2016-12-06,0.004517730496453887,0.3718676122931449,0.026945344129554624,0.01990283400809712,45.985416666666666,27.70954356846473,BS
2016-12-07,0.006289351851851815,0.4932870370370371,0.010825396825396804,0.03499007936507933,48.4781746031746,29.865079365079364,BS
2016-12-08,0.006937499999999965,0.5571759259259254,0.01586227544910176,0.035043912175648693,79.65469061876247,52.243512974051896,BS
2016-12-09,0.006369767441860444,0.49697674418604676,0.028743380855397113,0.024655804480651685,65.68367346938776,43.42158859470469,BS
2016-12-10,0.00434027777777776,0.3976851851851858,0.020593253968253917,0.02308928571428568,31.482142857142858,20.769383697813122,BS
2016-12-11,0.0051550925925925644,0.42638888888889,0.016077380952380902,0.02799007936507934,30.841463414634145,20.78968253968254,BS
2016-12-12,0.0071538461538461166,0.5445221445221452,0.007787878787878766,0.039941414141414125,52.82105263157895,30.790123456790123,BS
2016-12-13,0.005658932714617151,0.5201856148491876,0.008729622266401558,0.03598210735586479,52.87321063394683,33.41717791411043,BS
2016-12-14,0.004456057007125874,0.4866983372921612,0.013798370672097722,0.02586558044806517,56.459016393442624,42.67551020408163,BS
2016-12-15,0.003736842105263142,0.41244019138756066,0.024936734693877544,0.016863265306122414,48.93827160493827,33.80698151950719,BS
2016-12-16,0.0040771028037382955,0.4028037383177584,0.026883999999999998,0.01772799999999998,28.61122244488978,15.944,BS
2016-12-17,0.004956018518518496,0.48888888888889,0.022115079365079348,0.025593253968253946,39.57539682539682,25.716269841269842,BS
2016-12-18,0.005999999999999963,0.5219907407407411,0.015065476190476159,0.032267857142857105,46.97420634920635,33.11904761904762,BS
2016-12-19,0.005993055555555534,0.7349537037037037,0.004642857142857108,0.04678968253968252,56.31547619047619,42.692460317460316,BS
2016-12-20,0.005054245283018852,0.4768867924528306,0.013690283400809697,0.03141295546558702,44.95748987854251,31.482758620689655,BS
2016-12-21,0.006244705882352904,0.4748826291079823,0.01113453815261042,0.034132530120481834,43.971774193548384,28.18273092369478,BS
2016-12-22,0.004193473193473173,0.40046620046620124,0.02546153846153843,0.01579149797570846,23.742203742203742,13.006224066390041,BS
2016-12-23,0.0032146226415094145,0.3469339622641514,0.029820564516128998,0.012754032258064476,25.672032193158955,17.058350100603622,BS
2016-12-24,0.00416435185185183,0.4759259259259263,0.016474206349206325,0.024186507936507905,44.35515873015873,32.845238095238095,BS
2016-12-25,0.004537037037037013,0.5166666666666667,0.01196626984126982,0.02897023809523805,43.642857142857146,31.238095238095237,BS
2016-12-26,0.0045352112676056155,0.5295774647887325,0.008403614457831322,0.033453815261044184,37.7710843373494,28.546184738955823,BS
2016-12-27,0.003532558139534865,0.3783720930232568,0.026803999999999956,0.016488888888888855,29.743027888446214,22.04780876494024,BS
2016-12-28,0.004420930232558123,0.42209302325581516,0.01543824701195217,0.027952868852458995,34.572854291417165,22.161676646706585,BS
2016-12-29,0.004095571095571084,0.3850815850815861,0.023225548902195588,0.021083673469387713,32.068,21.58682634730539,BS
2016-12-30,0.004263888888888874,0.3814814814814826,0.0171746987951807,0.02718072289156626,28.032128514056225,15.975903614457831,BS
2016-12-31,0.004351851851851836,0.42962962962963047,0.01953769841269839,0.02540873015873012,39.20634920634921,27.731610337972167,BS
2017-01-01,0.004333333333333335,0.5,0.009761904761904763,0.03423809523809524,44.523809523809526,34.333333333333336,BS
2016-01-01,0.0047363636363636314,0.8988142292490116,0.010581027667984147,0.02335059288537548,68.90513833992095,56.18695652173913,CB
2016-01-02,0.006661742424242411,0.9219696969696973,0.014306818181818122,0.02623143939393936,53.77651515151515,39.84166666666667,CB
2016-01-03,0.005719318181818172,1.0428030303030302,0.010390151515151458,0.025313636363636344,71.8030303030303,56.403361344537814,CB
2016-01-04,0.006369230769230754,0.7407692307692317,0.02318076923076919,0.024571923076923057,84.3050193050193,63.49583333333333,CB
2016-01-05,0.005421235521235507,0.4895752895752904,0.012752895752895716,0.02383861003861002,31.562737642585553,18.816666666666666,CB
2016-01-06,0.006727203065134082,0.717624521072796,0.00886206896551721,0.027957088122605365,57.61742424242424,35.38912133891213,CB
2016-01-07,0.006692337164750938,0.598850574712643,0.01683141762452104,0.020741762452107255,46.86973180076628,29.201680672268907,CB
2016-01-08,0.005933460076045617,0.5901140684410653,0.012942965779467642,0.023539543726235734,37.06976744186046,20.831932773109244,CB
2016-01-09,0.005982196969696959,0.6496212121212124,0.01401893939393935,0.022628787878787856,45.77651515151515,28.825,CB
2016-01-10,0.0061528735632183735,0.6245210727969344,0.01680681818181815,0.02139659090909089,48.0,32.079166666666666,CB
2016-01-11,0.0067186311787072045,0.67490494296578,0.012920152091254723,0.0266718631178707,42.06463878326996,25.629166666666666,CB
2016-01-12,0.0057541176470588115,0.6647058823529415,0.01046666666666663,0.028072156862745064,50.015151515151516,29.748953974895397,CB
2016-01-13,0.004483206106870228,0.4729007633587797,0.018171755725190808,0.018318320610686983,32.378787878787875,22.154166666666665,CB
2016-01-14,0.005065891472868213,0.4855319148936177,0.020513513513513472,0.019528957528957516,35.15810276679842,20.925,CB
2016-01-15,0.005578787878787872,0.7849999999999991,0.011821969696969673,0.028303787878787873,62.28174603174603,44.84166666666667,CB
2016-01-16,0.005064772727272722,0.9143426294820723,0.008587121212121178,0.029422348484848457,82.51136363636364,64.18410041841004,CB
2016-01-17,0.004761742424242422,0.9193181818181815,0.009124999999999973,0.026547727272727244,75.70342205323193,61.1625,CB
2016-01-18,0.00426780303030303,0.5109848484848487,0.0218333333333333,0.01642045454545452,43.38257575757576,30.375,CB
2016-01-19,0.004218939393939394,0.3492424242424238,0.026602272727272693,0.010044318181818147,23.199233716475096,10.97907949790795,CB
2016-01-20,0.005228853754940706,0.5802371541501983,0.012719367588932778,0.02441343873517784,41.6412213740458,28.208333333333332,CB
2016-01-21,0.005973255813953476,0.8155642023346296,0.0063294573643410635,0.03499767441860464,60.115830115830114,44.108333333333334,CB
2016-01-22,0.005451330798479074,0.819011406844106,0.008041825095057012,0.03335095057034217,51.961832061068705,35.6625,CB
2016-01-23,0.004803787878787868,0.4314393939393944,0.02388257575757574,0.01444734848484845,31.783269961977187,15.778242677824268,CB
2016-01-24,0.0048022727272727175,0.4507575757575765,0.024249999999999942,0.01154053030303028,29.832699619771862,18.491666666666667,CB
2016-01-25,0.005752272727272713,0.7371212121212121,0.012901515151515124,0.02479583333333332,54.13257575757576,29.364016736401673,CB
2016-01-26,0.006418181818181799,0.9314393939393939,0.010321969696969658,0.03122272727272725,73.42585551330798,43.291666666666664,CB
2016-01-27,0.008181249999999977,1.2675781249999998,0.011980392156862718,0.03464804687499997,82.15175097276264,57.86610878661088,CB
2016-01-28,0.0063697674418604485,1.2244186046511623,0.005271317829457342,0.03649573643410851,104.5813953488372,73.85833333333333,CB
2016-01-29,0.00502030651340995,0.7130268199233715,0.014919540229885024,0.02562030651340994,47.07604562737642,32.01255230125523,CB
2016-01-30,0.004796212121212111,0.6693181818181819,0.01292803030303028,0.025059469696969684,33.878787878787875,25.020833333333332,CB
2016-01-31,0.0050727272727272565,0.6037878787878787,0.023348484848484796,0.01657007575757574,40.50190114068441,25.0375,CB
2016-02-01,0.005277777777777761,0.5532567049808429,0.021264367816091923,0.01951724137931034,37.073076923076925,20.079166666666666,CB
2016-02-02,0.005745525291828777,0.7124513618677037,0.013486381322957163,0.02789302325581394,47.40304182509506,28.468354430379748,CB
2016-02-03,0.006326848249027221,0.9252918287937753,0.01201945525291826,0.03371828793774318,64.3011583011583,39.714285714285715,CB
2016-02-04,0.0070018939393939154,0.9659090909090903,0.016344696969696926,0.03186704545454544,65.68560606060606,43.85,CB
2016-02-05,0.006673106060606038,0.7685606060606057,0.018371212121212083,0.02750681818181816,49.17045454545455,26.654166666666665,CB
2016-02-06,0.007018560606060585,0.7560606060606059,0.020640151515151473,0.02380303030303028,47.984848484848484,27.070833333333333,CB
2016-02-07,0.005535984848484834,0.7636363636363639,0.018409090909090875,0.021753787878787866,49.85606060606061,32.59583333333333,CB
2016-02-08,0.006095833333333316,0.7499999999999998,0.02801136363636361,0.018417803030303,66.67424242424242,42.07083333333333,CB
2016-02-09,0.005821969696969677,0.5030303030303024,0.03242803030303029,0.012821212121212101,55.946969696969695,29.14225941422594,CB
2016-02-10,0.005424999999999984,0.7412878787878787,0.014462121212121181,0.025549621212121183,48.51136363636363,29.120833333333334,CB
2016-02-11,0.006595238095238083,0.8887966804979253,0.01226190476190474,0.031068650793650766,57.3639846743295,35.3235294117647,CB
2016-02-12,0.00540461538461537,0.8302904564315345,0.01255384615384611,0.02866807692307691,38.25,27.520833333333332,CB
2016-02-13,0.0053356060606060485,1.03939393939394,0.008719696969696938,0.022593560606060593,27.776515151515152,20.2375,CB
2016-02-14,0.003348484848484851,0.43166023166023143,0.026401515151515134,0.007491287878787861,26.568181818181817,17.366666666666667,CB
2016-02-15,0.0040830769230769184,0.43576923076923063,0.028703846153846125,0.011710384615384588,30.229885057471265,13.2375,CB
2016-02-16,0.004005882352941178,0.5047058823529413,0.023627450980392137,0.015542352941176443,29.674329501915707,18.071428571428573,CB
2016-02-17,0.004875190839694647,0.5851145038167948,0.019488549618320566,0.021600763358778596,33.27756653992395,14.719665271966527,CB
2016-02-18,0.005493939393939382,0.7636363636363642,0.02187878787878785,0.025065151515151488,49.22348484848485,26.054166666666667,CB
2016-02-19,0.005673484848484834,0.8318181818181827,0.01845454545454543,0.028784090909090898,72.64015151515152,40.670833333333334,CB
2016-02-20,0.00446356589147286,0.760231660231661,0.018332046332046298,0.024144401544401516,74.36614173228347,40.01282051282051,CB
2016-02-21,0.004578461538461529,0.48999999999999977,0.031626923076923046,0.012625384615384587,29.543650793650794,13.685106382978724,CB
2016-02-22,0.004604471544715442,0.6447154471544712,0.01626422764227639,0.026102845528455286,43.942622950819676,22.9009009009009,CB
2016-02-23,0.004547727272727262,0.561742424242424,0.0228143939393939,0.021737499999999955,60.61742424242424,32.51464435146443,CB
2016-02-24,0.00439692307692307,0.45192307692307676,0.02418461538461535,0.017896538461538433,30.863636363636363,17.92050209205021,CB
2016-02-25,0.0044969230769230685,0.5180769230769228,0.023023076923076903,0.019838461538461513,43.51538461538462,23.7375,CB
2016-02-26,0.004004615384615386,0.5588461538461534,0.028169884169884127,0.02139111969111968,69.13688212927757,48.65416666666667,CB
2016-02-27,0.004323106060606055,0.5787878787878787,0.028666666666666653,0.02155416666666664,70.67424242424242,50.329166666666666,CB
2016-02-28,0.00364166666666667,0.7159090909090915,0.012624999999999968,0.02856439393939391,74.79924242424242,56.15833333333333,CB
2016-02-29,0.0038930501930501955,0.42857142857142816,0.029231660231660194,0.017287258687258663,44.06818181818182,28.166666666666668,CB
2016-03-01,0.004131439393939389,0.514393939393939,0.0250643939393939,0.019564772727272695,39.90114068441065,25.945833333333333,CB
2016-03-02,0.004345210727969342,0.574329501915709,0.02152490421455935,0.025029501915708803,44.64772727272727,27.583333333333332,CB
2016-03-03,0.004887548638132285,0.7155642023346306,0.017859922178988293,0.03041167315175095,61.38697318007663,35.36401673640167,CB
2016-03-04,0.0043438931297709905,0.7225190839694662,0.012083969465648813,0.03114045801526715,76.72900763358778,49.06666666666667,CB
2016-03-05,0.003430303030303033,0.4909090909090907,0.0207651515151515,0.01624734848484846,24.197718631178706,16.694560669456067,CB
2016-03-06,0.0034469696969696997,0.47689393939393926,0.02403409090909088,0.014536363636363616,54.890151515151516,25.583333333333332,CB
2016-03-07,0.004200384615384612,0.6119230769230765,0.010049999999999965,0.026427692307692294,86.08778625954199,31.4,CB
2016-03-08,0.005282889733840285,0.5380228136882128,0.016467680608364982,0.026327756653992382,78.9657794676806,28.670833333333334,CB
2016-03-09,0.0038957364341085294,0.4093023255813955,0.02270542635658912,0.018562015503875935,48.538167938931295,18.0625,CB
2016-03-10,0.004041666666666661,0.36931818181818155,0.027291666666666655,0.015331439393939368,38.39772727272727,14.916317991631798,CB
2016-03-11,0.004674615384615367,0.4461538461538462,0.025799999999999948,0.01826115384615382,38.12213740458015,18.589958158995817,CB
2016-03-12,0.00525492424242423,0.5484848484848485,0.023253787878787836,0.023122727272727246,60.32699619771863,28.548117154811717,CB
2016-03-13,0.004757954545454534,0.6431818181818179,0.024920454545454506,0.023677272727272707,92.24621212121212,55.50627615062761,CB
2016-03-14,0.004238461538461534,0.6834615384615385,0.02302692307692304,0.025545384615384602,92.59848484848484,66.73109243697479,CB
2016-03-15,0.005607279693486579,0.6739463601532573,0.02315708812260534,0.029367432950191567,76.70833333333333,44.90794979079498,CB
2016-03-16,0.007330916030534336,0.6687022900763362,0.02887404580152669,0.03324274809160303,86.01140684410646,49.33891213389121,CB
2016-03-17,0.005760617760617748,0.7111969111969118,0.019204633204633163,0.03808957528957527,89.4367816091954,54.09583333333333,CB
2016-03-18,0.004689393939393935,0.7257575757575765,0.01013257575757573,0.03474810606060606,74.06083650190114,49.8875,CB
2016-03-19,0.004679545454545451,0.6867424242424242,0.023890151515151514,0.023634090909090893,72.0530303030303,44.333333333333336,CB
2016-03-20,0.004141287878787874,0.5856060606060611,0.028549242424242414,0.01892537878787876,73.40530303030303,42.92468619246862,CB
2016-03-21,0.004448484848484835,0.5253787878787883,0.029507575757575722,0.02177386363636361,60.92424242424242,35.6,CB
2016-03-22,0.005235632183908032,0.5950191570881231,0.03285057471264366,0.026331034482758597,74.09923664122137,45.916666666666664,CB
2016-03-23,0.004772950819672123,0.4938524590163937,0.033118852459016385,0.022656967213114734,76.4621513944223,47.6375,CB
2016-03-24,0.0032125000000000022,0.3316666666666666,0.03231249999999998,0.015670833333333304,36.875,18.443514644351463,CB
2016-03-25,0.004107346938775512,0.4261224489795925,0.02615102040816322,0.023374999999999986,53.75303643724696,28.765690376569037,CB
2016-03-26,0.004118939393939388,0.5106060606060606,0.029261363636363596,0.02302234848484845,70.45833333333333,44.15833333333333,CB
2016-03-27,0.005207575757575746,0.5363636363636364,0.03626515151515149,0.019723106060606038,67.84790874524715,42.74058577405858,CB
2016-03-28,0.0049287878787878684,0.6015151515151511,0.03671590909090906,0.026877272727272698,71.71212121212122,43.35,CB
2016-03-29,0.005297727272727261,0.6147727272727286,0.04542424242424239,0.024620833333333307,97.74524714828897,53.95,CB
2016-03-30,0.0047821292775665275,0.45627376425855576,0.04537642585551328,0.019482509505703405,80.6083650190114,40.9875,CB
2016-03-31,0.004807722007722002,0.538996138996139,0.0252432432432432,0.029094594594594566,64.81538461538462,27.07983193277311,CB
2016-04-01,0.006123484848484835,0.6045454545454539,0.029462121212121165,0.03382121212121209,82.20833333333333,38.84583333333333,CB
2016-04-02,0.005503041825095041,0.5661596958174909,0.04071102661596954,0.02746806083650187,82.2175572519084,43.44769874476987,CB
2016-04-03,0.004475757575757565,0.49280303030302997,0.04194696969696963,0.017681818181818146,84.0909090909091,53.2875,CB
2016-04-04,0.0033310606060606087,0.34621212121212136,0.02865909090909088,0.014643560606060592,25.950757575757574,14.7625,CB
2016-04-05,0.005502777777777763,0.44246031746031766,0.031181818181818147,0.020344047619047595,49.25769230769231,19.995833333333334,CB
2016-04-06,0.005168093385213997,0.4894941634241245,0.03409338521400773,0.025249805447470783,71.43560606060606,35.4875,CB
2016-04-07,0.0035696969696969727,0.3162878787878788,0.038428030303030276,0.016152651515151478,28.647727272727273,17.391666666666666,CB
2016-04-08,0.004048275862068961,0.41877394636015325,0.03170498084291184,0.019427203065134072,74.27376425855513,32.89915966386555,CB
2016-04-09,0.004296969696969692,0.5681818181818176,0.04623863636363634,0.019182954545454524,120.59469696969697,62.69583333333333,CB
2016-04-10,0.00480681818181817,0.5700757575757571,0.053727272727272735,0.015105681818181796,133.625,62.516666666666666,CB
2016-04-11,0.003253787878787881,0.3481060606060602,0.041590909090909095,0.010811742424242404,50.35606060606061,25.925,CB
2016-04-12,0.0036864341085271345,0.33217054263565826,0.03762790697674417,0.015603488372093001,43.51136363636363,21.310924369747898,CB
2016-04-13,0.0036234848484848516,0.4007575757575755,0.022700757575757558,0.020597727272727247,35.01136363636363,21.104166666666668,CB
2016-04-14,0.004064541832669325,0.44860557768924325,0.029124999999999995,0.018973306772908354,60.37354085603113,33.510822510822514,CB
2016-04-15,0.004168725868725867,0.46486486486486506,0.033898437499999955,0.021044573643410832,54.75954198473283,30.894957983193276,CB
2016-04-16,0.004219696969696966,0.4253787878787878,0.03381060606060605,0.020407196969696943,51.109848484848484,27.7875,CB
2016-04-17,0.0034916666666666694,0.3011363636363632,0.04782575757575758,0.007083712121212104,31.444015444015445,10.8125,CB
2016-04-18,0.0042839080459770055,0.3965517241379308,0.04350957854406129,0.013240613026819899,52.15909090909091,22.1,CB
2016-04-19,0.003428787878787882,0.33712121212121193,0.04240909090909088,0.015135227272727262,41.76136363636363,25.295833333333334,CB
2016-04-20,0.003743939393939397,0.4276515151515159,0.022231060606060577,0.02721969696969695,55.91287878787879,31.429166666666667,CB
2016-04-21,0.0033300781250000027,0.41328125000000066,0.026351562499999977,0.02152182539682537,30.265151515151516,20.708333333333332,CB
2016-04-22,0.0038610894941634275,0.46015625000000054,0.044606299212598434,0.016541841004184075,71.0576923076923,45.84100418410042,CB
2016-04-23,0.003826515151515154,0.5227272727272728,0.03707196969696967,0.020295075757575734,163.84848484848484,64.10833333333333,CB
2016-04-24,0.0037625000000000033,0.4000000000000003,0.034030303030303015,0.019065530303030282,135.2319391634981,29.4375,CB
2016-04-25,0.004478378378378374,0.42702702702702766,0.0364324324324324,0.026747876447876424,83.65530303030303,28.7125,CB
2016-04-26,0.004259469696969694,0.44583333333333336,0.042690839694656486,0.025592424242424194,78.63636363636364,31.0375,CB
2016-04-27,0.0032062015503875997,0.312015503875969,0.04062790697674418,0.0137426356589147,41.10266159695818,15.804166666666667,CB
2016-04-28,0.003961153846153847,0.3353846153846149,0.03370769230769228,0.01788846153846152,41.09578544061303,17.816666666666666,CB
2016-04-29,0.00355416666666667,0.3477272727272725,0.03981060606060601,0.018579924242424217,55.003787878787875,23.451882845188283,CB
2016-04-30,0.0043742424242424185,0.43333333333333396,0.052704545454545455,0.0176147727272727,73.0,34.44166666666667,CB
2016-05-01,0.0034318181818181843,0.3734848484848484,0.05051515151515149,0.015387878787878761,51.461832061068705,23.916666666666668,CB
2016-05-02,0.00338257575757576,0.3435606060606056,0.0318863636363636,0.018040909090909073,41.16793893129771,17.295833333333334,CB
2016-05-03,0.003349425287356324,0.24827586206896535,0.03548659003831416,0.008183141762452087,12.942748091603054,6.816666666666666,CB
2016-05-04,0.003469260700389108,0.2435797665369654,0.043968871595330715,0.009980933852140059,47.748062015503876,8.389121338912133,CB
2016-05-05,0.0037231060606060635,0.3670454545454545,0.04115909090909089,0.015038636363636339,43.555133079847906,16.308333333333334,CB
2016-05-06,0.0036761363636363667,0.35151515151515167,0.03835606060606059,0.013614772727272711,37.791666666666664,16.304166666666667,CB
2016-05-07,0.0038257575757575783,0.3537878787878784,0.03740151515151514,0.012573863636363609,140.6818181818182,32.475,CB
2016-05-08,0.0035518939393939424,0.35037878787878773,0.03556818181818176,0.014792803030303,51.04924242424242,16.570833333333333,CB
2016-05-09,0.004641287878787878,0.3829545454545452,0.042833333333333314,0.01952840909090907,66.24242424242425,23.97071129707113,CB
2016-05-10,0.0034972972972973,0.34555984555984526,0.03121235521235519,0.01613590733590731,35.25670498084291,20.0875,CB
2016-05-11,0.003600781250000003,0.2859375000000002,0.037707031249999995,0.01374921874999998,27.18146718146718,14.428571428571429,CB
2016-05-12,0.0033706563706563733,0.36447876447876454,0.03483720930232553,0.017252123552123508,43.51330798479088,24.714285714285715,CB
2016-05-13,0.0028863636363636383,0.3632575757575759,0.047602272727272736,0.013029545454545434,36.526923076923076,22.095833333333335,CB
2016-05-14,0.0028935606060606083,0.31212121212121197,0.04123106060606058,0.012615530303030273,25.893939393939394,11.279166666666667,CB
2016-05-15,0.003514393939393942,0.3136363636363633,0.034742424242424214,0.011778409090909063,33.59695817490494,18.091666666666665,CB
2016-05-16,0.0034403100775193826,0.30155038759689884,0.03796124031007753,0.011663565891472844,24.976923076923075,10.217573221757322,CB
2016-05-17,0.004156976744186048,0.45328185328185355,0.04232046332046331,0.020977992277992227,53.14503816793893,29.225,CB
2016-05-18,0.0035393939393939425,0.4628787878787877,0.049798479087452455,0.024202272727272676,65.4106463878327,38.90416666666667,CB
2016-05-19,0.0030003831417624543,0.3942528735632184,0.04243678160919539,0.02455478927203061,53.35227272727273,32.55882352941177,CB
2016-05-20,0.003013636363636366,0.3424242424242422,0.040337121212121185,0.02124393939393937,44.83712121212121,25.858333333333334,CB
2016-05-21,0.002850000000000002,0.3234848484848482,0.04273484848484845,0.01684356060606058,38.18631178707224,21.0125,CB
2016-05-22,0.0027117424242424264,0.3359848484848478,0.047363636363636386,0.013292424242424213,45.59090909090909,27.908333333333335,CB
2016-05-23,0.003794531250000003,0.3789062499999991,0.04768359374999998,0.01956601562499996,52.7578125,31.081196581196583,CB
2016-05-24,0.0033547244094488215,0.3129921259842521,0.03953149606299212,0.014377952755905485,33.50592885375494,21.112068965517242,CB
2016-05-25,0.002816078431372551,0.3733333333333334,0.0400627450980392,0.014555421686746966,62.16988416988417,42.62931034482759,CB
2016-05-26,0.003290347490347493,0.5046332046332046,0.04521235521235519,0.018066935483870943,98.63320463320463,68.82051282051282,CB
2016-05-27,0.004152692307692304,0.4907692307692307,0.042687258687258645,0.021317760617760594,98.70992366412214,67.46861924686192,CB
2016-05-28,0.004647348484848474,0.44053030303030366,0.054344696969696925,0.019954545454545437,76.15530303030303,46.30833333333333,CB
2016-05-29,0.00504810606060605,0.4731060606060611,0.0512272727272727,0.016597727272727243,67.76893939393939,37.53333333333333,CB
2016-05-30,0.005096899224806185,0.4996124031007752,0.05783720930232558,0.019231395348837187,79.1800766283525,47.47083333333333,CB
2016-05-31,0.0040219230769230774,0.42961538461538495,0.054738461538461534,0.01716615384615382,75.60227272727273,46.51046025104603,CB
2016-06-01,0.0031558139534883746,0.30930232558139537,0.0405503875968992,0.01283178294573641,48.490272373540854,29.69098712446352,CB
2016-06-02,0.0030408560311284073,0.2844357976653701,0.04171595330739296,0.015335546874999965,28.267441860465116,11.272340425531915,CB
2016-06-03,0.0035469696969697,0.32651515151515065,0.05104545454545452,0.01626553030303028,50.71863117870723,29.175,CB
2016-06-04,0.0038068181818181838,0.4049242424242431,0.03367424242424235,0.025563257575757545,62.58712121212121,39.42677824267783,CB
2016-06-05,0.0034412878787878818,0.3450757575757582,0.04061363636363637,0.013170833333333307,50.29545454545455,34.00418410041841,CB
2016-06-06,0.002819696969696972,0.23409090909090952,0.039159090909090886,0.008564015151515128,16.73764258555133,8.75,CB
2016-06-07,0.003351550387596902,0.27286821705426334,0.03834108527131779,0.012275968992248034,31.604562737642585,19.432773109243698,CB
2016-06-08,0.004353100775193789,0.3461240310077518,0.036379844961240276,0.0166581395348837,48.599236641221374,32.757446808510636,CB
2016-06-09,0.003670722433460079,0.33498098859315495,0.041501901140684395,0.018930418250950543,47.961977186311785,29.970833333333335,CB
2016-06-10,0.003455078125000003,0.37070312499999986,0.04308203124999997,0.0202807086614173,56.13026819923372,34.44769874476987,CB
2016-06-11,0.0034094696969696994,0.3215909090909092,0.03712121212121211,0.012288257575757537,60.39923954372624,38.645833333333336,CB
2016-06-12,0.0026008196721311497,0.23257575757575796,0.020143939393939367,0.008100757575757555,26.376425855513308,14.979166666666666,CB
2016-06-13,0.0030778242677824293,0.35589353612167285,0.04028136882129274,0.01298479087452468,47.97727272727273,32.61087866108787,CB
2016-06-14,0.0033227272727272754,0.3874015748031498,0.040708661417322836,0.01518779527559053,56.23255813953488,37.13793103448276,CB
2016-06-15,0.0027478599221789904,0.28793774319066107,0.02763813229571981,0.012328404669260674,39.93385214007782,24.987124463519315,CB
2016-06-16,0.002645238095238097,0.292063492063492,0.03844799999999999,0.011862301587301565,28.73228346456693,17.414529914529915,CB
2016-06-17,0.0023178294573643426,0.35620155038759743,0.058189922480620146,0.012464609053497925,48.51004016064257,30.429184549356222,CB
2016-06-18,0.0017685606060606073,0.3935606060606061,0.04970229007633585,0.015834999999999964,49.07604562737642,30.425,CB
2016-06-19,0.0020428030303030315,0.36515151515151534,0.05105681818181815,0.011476666666666645,50.31939163498099,34.84583333333333,CB
2016-06-20,0.0017299610894941646,0.3509727626459142,0.046498054474708186,0.01458729508196718,47.79467680608365,31.124463519313306,CB
2016-06-21,0.0018215517241379324,0.33448275862068927,0.048948051948051956,0.01647456896551721,45.168103448275865,28.751131221719458,CB
2016-06-22,0.001556034482758622,0.3248927038626603,0.041257510729613735,0.012748927038626593,37.38095238095238,22.502092050209207,CB
2016-06-23,0.001769318181818183,0.3037878787878787,0.04526893939393937,0.01352196969696967,28.442748091603054,16.217573221757323,CB
2016-06-24,0.0018585937500000013,0.3136718749999997,0.04533203125,0.013132812499999976,35.62692307692308,23.99579831932773,CB
2016-06-25,0.002379457364341087,0.24263565891472794,0.04847286821705425,0.009885271317829429,26.311787072243344,12.548117154811715,CB
2016-06-26,0.002535741444866922,0.2733840304182502,0.051030418250950574,0.010902399999999975,27.132575757575758,15.0375,CB
2016-06-27,0.0022034090909090927,0.27499999999999947,0.03721590909090906,0.017751515151515126,29.617424242424242,15.479166666666666,CB
2016-06-28,0.0022634453781512623,0.29411764705882265,0.04412605042016804,0.015579411764705845,36.81512605042017,22.24122807017544,CB
2016-06-29,0.0022593607305936092,0.2694063926940633,0.04340639269406391,0.01297625570776253,26.71559633027523,13.941704035874439,CB
2016-06-30,0.0018208333333333347,0.24208333333333337,0.03123333333333332,0.012999999999999966,21.73949579831933,9.841666666666667,CB
2016-07-01,0.0017807407407407422,0.21925925925925976,0.02041481481481478,0.012405597014925343,15.289473684210526,6.076628352490421,CB
2016-07-02,0.0019506944444444459,0.22152777777777835,0.03285069444444444,0.00828315412186378,9.358885017421603,3.128787878787879,CB
2016-07-03,0.002147916666666668,0.2541666666666673,0.02709027777777777,0.00935069930069927,23.03146853146853,12.083333333333334,CB
2016-07-04,0.0017463157894736854,0.3094736842105265,0.01993090909090907,0.016509824561403482,9.017543859649123,3.6297709923664123,CB
2016-07-05,0.0017837398373983751,0.27539062500000033,0.013057522123893786,0.012270355731225261,9.10727969348659,1.5864978902953586,CB
2016-07-06,0.0019207048458149793,0.2847389558232933,0.029274261603375495,0.014150819672131127,15.424603174603174,6.546255506607929,CB
2016-07-07,0.0023069852941176488,0.38362369337979074,0.0267839721254355,0.01635818815331007,34.26132404181185,19.77016129032258,CB
2016-07-08,0.0021902777777777793,0.33020833333333344,0.027520833333333328,0.017526041666666634,29.609154929577464,14.437262357414449,CB
2016-07-09,0.002601736111111113,0.3885416666666664,0.038975694444444445,0.019389930555555546,41.96875,23.15648854961832,CB
2016-07-10,0.0030579861111111138,0.3718749999999994,0.03434027777777775,0.016749652777777756,33.12937062937063,17.435606060606062,CB
2016-07-11,0.0029125000000000023,0.3954861111111109,0.031652777777777724,0.01911145833333332,36.07665505226481,20.37121212121212,CB
2016-07-12,0.0027429133858267738,0.30748031496063,0.034972440944881875,0.013401574803149583,22.173076923076923,13.465863453815262,CB
2016-07-13,0.004438461538461535,0.3788461538461535,0.029246153846153814,0.01902653846153844,38.14230769230769,25.108,CB
2016-07-14,0.0033607638888888914,0.3065972222222224,0.02573263888888886,0.01630798611111109,23.010526315789473,12.352272727272727,CB
2016-07-15,0.0024503597122302176,0.30575539568345345,0.02549640287769784,0.014049280575539525,14.98576512455516,4.731060606060606,CB
2016-07-16,0.002216666666666668,0.29270833333333424,0.02107638888888885,0.01111562499999997,9.804878048780488,3.6856060606060606,CB
2016-07-17,0.002065972222222224,0.262152777777779,0.028336805555555535,0.0074885416666666494,9.524305555555555,2.688212927756654,CB
2016-07-18,0.0020729824561403526,0.2687719298245621,0.024961403508771903,0.011366315789473667,17.202797202797203,7.340996168582375,CB
2016-07-19,0.0022219858156028384,0.37597173144876284,0.03114893617021275,0.015503191489361677,30.06338028169014,15.674242424242424,CB
2016-07-20,0.0019693379790940778,0.3290209790209792,0.033213286713286695,0.010509090909090872,25.637630662020907,14.583333333333334,CB
2016-07-21,0.001931944444444446,0.2930555555555564,0.03198263888888889,0.009296180555555523,17.12152777777778,7.503787878787879,CB
2016-07-22,0.002016129032258066,0.3068100358422943,0.03362365591397846,0.010845161290322543,19.8,9.50381679389313,CB
2016-07-23,0.002030208333333335,0.33229166666666665,0.04037847222222223,0.012651041666666626,26.336805555555557,13.186311787072244,CB
2016-07-24,0.0021250000000000015,0.27048611111111176,0.02753214285714284,0.009410416666666643,24.305555555555557,11.409090909090908,CB
2016-07-25,0.0020409893992932877,0.26007067137809253,0.02302238805970146,0.012608127208480542,26.821678321678323,14.133587786259541,CB
2016-07-26,0.0020881918819188206,0.24907749077490896,0.020022140221402186,0.012604797047970455,23.674074074074074,11.987854251012147,CB
2016-07-27,0.0020369230769230785,0.26538461538461655,0.016842307692307663,0.012016923076923045,22.333333333333332,10.004201680672269,CB
2016-07-28,0.0021318007662835268,0.344444444444445,0.03740384615384616,0.011757854406130247,35.934865900383144,22.270833333333332,CB
2016-07-29,0.002097727272727274,0.39166666666666694,0.02145075757575755,0.018609469696969666,37.98479087452471,24.708333333333332,CB
2016-07-30,0.0019425855513307997,0.30076045627376385,0.022739463601532537,0.012288593155893507,25.674329501915707,13.479166666666666,CB
2016-07-31,0.0022159090909090926,0.2939393939393939,0.02513749999999996,0.010891666666666643,31.859315589353614,17.647058823529413,CB
2016-08-01,0.0027143939393939414,0.30189393939393944,0.026008333333333314,0.013638257575757548,31.310606060606062,19.338912133891213,CB
2016-08-02,0.002432031250000002,0.2953125,0.026086419753086402,0.015082031249999978,31.568702290076335,18.76050420168067,CB
2016-08-03,0.0019335877862595434,0.25725190839694706,0.02651145038167936,0.01282519083969463,19.782442748091604,8.212389380530974,CB
2016-08-04,0.002024803149606301,0.3106299212598423,0.025586614173228328,0.014471259842519651,23.1969111969112,10.302521008403362,CB
2016-08-05,0.002124015748031498,0.3337254901960776,0.03489803921568626,0.013069411764705849,25.789473684210527,13.527896995708154,CB
2016-08-06,0.0024404166666666684,0.35041666666666654,0.039333333333333345,0.01369916666666664,32.50840336134454,17.37962962962963,CB
2016-08-07,0.0031912500000000022,0.3716666666666664,0.04326666666666664,0.012332916666666627,32.65416666666667,20.296296296296298,CB
2016-08-08,0.0028309623430962366,0.3404081632653058,0.038248979591836735,0.01675755102040814,35.20318725099602,20.352422907488986,CB
2016-08-09,0.002212195121951221,0.29310344827586193,0.030011494252873517,0.014388505747126402,24.41287878787879,12.979166666666666,CB
2016-08-10,0.0027412451361867726,0.33968871595330713,0.036031372549019586,0.014959922178988293,36.646153846153844,23.472803347280333,CB
2016-08-11,0.0030302419354838734,0.32684824902723697,0.038035156249999987,0.017162256809338496,34.43726235741445,20.39830508474576,CB
2016-08-12,0.0032296610169491547,0.3073076923076928,0.03644615384615384,0.016641153846153823,32.74045801526717,17.455696202531644,CB
2016-08-13,0.0031458333333333355,0.29848484848484896,0.03384469696969695,0.013751893939393916,34.62357414448669,18.379166666666666,CB
2016-08-14,0.002763750000000002,0.267803030303031,0.025410646387832657,0.00944122137404577,32.35227272727273,17.575,CB
2016-08-15,0.0033450000000000025,0.2810606060606064,0.03203816793893127,0.010655172413793077,30.382575757575758,15.504166666666666,CB
2016-08-16,0.004160869565217395,0.4090551181102367,0.03882283464566926,0.01602440944881887,37.77952755905512,19.33613445378151,CB
2016-08-17,0.0029012448132780103,0.4136718750000003,0.04421484374999997,0.015872222222222204,38.50570342205323,22.230434782608697,CB
2016-08-18,0.0018339694656488565,0.35229007633587783,0.03998473282442747,0.01554007633587784,33.513409961685824,19.486363636363638,CB
2016-08-19,0.002305303030303032,0.3462121212121213,0.037799242424242416,0.015949242424242397,32.053231939163496,16.9125,CB
2016-08-20,0.0018492424242424256,0.2526717557251914,0.030886363636363608,0.012070833333333301,21.5,9.9375,CB
2016-08-21,0.0016844696969696982,0.24560000000000035,0.0332992424242424,0.011437878787878763,16.310606060606062,5.1375,CB
2016-08-22,0.0025155303030303046,0.3090909090909092,0.037242424242424216,0.016306060606060584,25.053030303030305,11.1125,CB
2016-08-23,0.0017644531250000013,0.24940239043824758,0.031281249999999955,0.010406719367588912,18.083333333333332,7.443037974683544,CB
2016-08-24,0.0017128906250000013,0.2316406250000005,0.035933593749999986,0.012436758893280603,17.725868725868725,6.420833333333333,CB
2016-08-25,0.002691603053435117,0.28206106870229014,0.039793893129770976,0.015267479674796722,29.768939393939394,14.045833333333333,CB
2016-08-26,0.0018280303030303044,0.19961977186311836,0.02232575757575755,0.009837164750957831,14.647727272727273,6.720833333333333,CB
2016-08-27,0.001657196969696971,0.21399176954732582,0.022749999999999982,0.009978749999999979,15.303030303030303,4.53781512605042,CB
2016-08-28,0.001641666666666668,0.18683127572016522,0.01907196969696966,0.007855506607929495,10.053030303030303,3.0502092050209204,CB
2016-08-29,0.0017177865612648235,0.17907949790795047,0.017984189723320134,0.010046118721461168,11.244979919678714,3.7958333333333334,CB
2016-08-30,0.002172995780590719,0.2232067510548533,0.01767088607594934,0.013028169014084488,21.008333333333333,8.414225941422593,CB
2016-08-31,0.002095121951219514,0.22073170731707378,0.02697154471544714,0.008986936936936923,15.869918699186991,4.945833333333334,CB
2016-09-01,0.002492526690391461,0.43487544483985824,0.05577224199288256,0.015686328124999975,53.91289198606272,30.403041825095055,CB
2016-09-02,0.00162951388888889,0.3350694444444444,0.03589930555555553,0.012798098859315562,25.951219512195124,17.619771863117872,CB
2016-09-03,0.0015312500000000011,0.305208333333333,0.03336805555555551,0.01081884057971012,11.311188811188812,5.592307692307692,CB
2016-09-04,0.0016736111111111125,0.31631944444444415,0.020388888888888856,0.010965371024734957,18.109154929577464,8.326996197718632,CB
2016-09-05,0.0022812500000000016,0.3489583333333332,0.021573943661971788,0.015772377622377584,24.451957295373667,11.973484848484848,CB
2016-09-06,0.0027159010600706734,0.439575971731449,0.022639575971731402,0.02091519434628972,47.27777777777778,31.97328244274809,CB
2016-09-07,0.002727526132404183,0.45261324041811896,0.025686411149825755,0.019132055749128903,59.54195804195804,43.038022813688215,CB
2016-09-08,0.0026965034965034987,0.42622377622377644,0.031555944055944044,0.016350175438596473,47.482638888888886,35.15151515151515,CB
2016-09-09,0.0027522058823529435,0.4503676470588237,0.029139705882352894,0.016950922509225055,48.98905109489051,35.92063492063492,CB
2016-09-10,0.0022188153310104546,0.40522648083623686,0.031414634146341436,0.014901403508771893,43.578947368421055,32.06614785992218,CB
2016-09-11,0.0018954861111111125,0.2965277777777776,0.0299756944444444,0.011312635379061341,24.28919860627178,14.965250965250965,CB
2016-09-12,0.001951957295373667,0.26939501779359454,0.025032028469750875,0.013397069597069572,24.180212014134277,13.583333333333334,CB
2016-09-13,0.0019290322580645175,0.2781362007168458,0.025860215053763395,0.014859489051094863,20.524647887323944,10.770992366412214,CB
2016-09-14,0.00260277777777778,0.3166666666666668,0.03218055555555553,0.012199652777777749,25.71875,16.29657794676806,CB
2016-09-15,0.0026204861111111134,0.36111111111111077,0.031274305555555534,0.01157326388888886,37.888888888888886,29.636363636363637,CB
2016-09-16,0.002311458333333335,0.3586805555555548,0.025791666666666654,0.013005208333333303,36.52430555555556,27.624521072796934,CB
2016-09-17,0.0019506944444444459,0.28819444444444414,0.018315972222222192,0.009864236111111082,12.916083916083917,9.486590038314176,CB
2016-09-18,0.001964930555555557,0.24409722222222252,0.026038194444444423,0.008268402777777753,11.527777777777779,5.52851711026616,CB
2016-09-19,0.0020763066202090607,0.24320557491289208,0.019229965156794405,0.009797909407665473,16.574912891986063,6.9581749049429655,CB
2016-09-20,0.0020035971223021595,0.21474820143884954,0.02491726618705034,0.01076618705035968,17.003533568904594,8.390151515151516,CB
2016-09-21,0.0020245614035087735,0.3098245614035086,0.019305263157894704,0.015282394366197152,31.180555555555557,21.81992337164751,CB
2016-09-22,0.0021680851063829807,0.3347517730496449,0.021546099290780097,0.01646985815602834,34.66202090592334,23.688212927756656,CB
2016-09-23,0.0021698245614035104,0.3364912280701749,0.02280701754385962,0.016942456140350854,34.75609756097561,23.143939393939394,CB
2016-09-24,0.0023684027777777796,0.3642361111111112,0.02662152777777775,0.01879479166666663,41.93055555555556,29.37786259541985,CB
2016-09-25,0.0023000000000000017,0.4354166666666674,0.020937499999999984,0.018432638888888866,48.541666666666664,36.06083650190114,CB
2016-09-26,0.002484722222222224,0.46701388888888956,0.013100694444444415,0.020540624999999972,41.517361111111114,27.399239543726235,CB
2016-09-27,0.0025046931407942258,0.47292418772563205,0.006310469314079403,0.01865667870036097,30.202205882352942,21.46987951807229,CB
2016-09-28,0.0022756183745583055,0.33250883392226094,0.02046643109540633,0.016980212014134258,34.855633802816904,25.285171102661597,CB
2016-09-29,0.002191319444444446,0.29444444444444456,0.016722222222222208,0.012893055555555526,19.225352112676056,10.745247148288973,CB
2016-09-30,0.0023203508771929846,0.33122807017543854,0.008940350877192957,0.015784154929577427,20.444444444444443,8.155893536121672,CB
2016-10-01,0.002362847222222224,0.39930555555555547,0.008520833333333304,0.015400347222222194,24.125874125874127,13.494296577946768,CB
2016-10-02,0.0024697916666666683,0.4048611111111111,0.009402777777777758,0.014113888888888851,23.804195804195803,12.307984790874524,CB
2016-10-03,0.0025378472222222243,0.2954861111111106,0.018093749999999964,0.01051707317073168,14.64808362369338,6.96969696969697,CB
2016-10-04,0.002336619718309861,0.32394366197183044,0.023232394366197142,0.011459154929577442,26.034843205574912,14.03076923076923,CB
2016-10-05,0.00251708185053381,0.31174377224199284,0.021743772241992868,0.013560142348754418,20.961805555555557,10.31439393939394,CB
2016-10-06,0.002687719298245616,0.3852631578947368,0.026242105263157855,0.01752666666666665,40.63380281690141,24.665384615384614,CB
2016-10-07,0.0022698245614035106,0.34596491228070175,0.018891228070175393,0.015855789473684177,32.05555555555556,18.53488372093023,CB
2016-10-08,0.0026246527777777796,0.3190972222222222,0.028319444444444435,0.01221215277777775,15.86021505376344,8.923371647509578,CB
2016-10-09,0.0024209386281588466,0.28267148014440385,0.026429602888086604,0.009994223826714776,20.5431654676259,12.70281124497992,CB
2016-10-10,0.0025633093525179876,0.35683453237410023,0.010956834532374067,0.020019064748201417,30.221052631578946,18.46875,CB
2016-10-11,0.002662456140350879,0.4726315789473688,0.011564912280701719,0.024131929824561374,41.47569444444444,26.957528957528957,CB
2016-10-12,0.0028454861111111133,0.5454861111111122,0.01916666666666661,0.024716319444444416,56.920138888888886,40.86206896551724,CB
2016-10-13,0.0025458333333333353,0.5003472222222238,0.01320138888888885,0.029337630662020883,48.66319444444444,32.63565891472868,CB
2016-10-14,0.0030432055749128944,0.594076655052265,0.01868641114982575,0.030285017421602785,72.57192982456141,50.90909090909091,CB
2016-10-15,0.0027288194444444465,0.7187499999999987,0.018326388888888837,0.028483680555555516,82.53472222222223,60.66030534351145,CB
2016-10-16,0.0022090277777777794,0.5190972222222224,0.018520833333333302,0.018591319444444407,49.49652777777778,35.31439393939394,CB
2016-10-17,0.002232028469750891,0.4160142348754445,0.02331205673758861,0.01765089605734764,36.726950354609926,29.355212355212355,CB
2016-10-18,0.002161052631578949,0.5680701754385965,0.014192982456140304,0.024595402298850547,63.43911439114391,46.477732793522264,CB
2016-10-19,0.0026388888888888907,0.5746527777777781,0.019680555555555507,0.02568712121212119,55.23693379790941,39.24242424242424,CB
2016-10-20,0.0024524647887323964,0.6292253521126755,0.020373626373626344,0.02693015267175572,75.68531468531468,56.5763358778626,CB
2016-10-21,0.0017611888111888124,0.29860139860139845,0.03062081784386613,0.01221963636363634,25.905923344947734,13.412878787878787,CB
2016-10-22,0.0022156250000000014,0.33506944444444453,0.022298611111111078,0.018596527777777757,29.445993031358885,14.405303030303031,CB
2016-10-23,0.001901041666666668,0.27569444444444485,0.02259374999999997,0.012893402777777754,17.32638888888889,9.877862595419847,CB
2016-10-24,0.0020010416666666683,0.27951388888888923,0.019281249999999965,0.014899652777777756,17.550522648083625,8.583333333333334,CB
2016-10-25,0.0021733333333333353,0.37473684210526337,0.015414035087719267,0.02141192982456136,16.407665505226483,10.157088122605364,CB
2016-10-26,0.0022267605633802833,0.4823943661971838,0.006654929577464764,0.0249183098591549,37.264084507042256,25.96958174904943,CB
2016-10-27,0.0021637992831541235,0.4885304659498214,0.011071684587813586,0.019616129032258026,39.50349650349651,23.237547892720308,CB
2016-10-28,0.0020167247386759595,0.3766550522648082,0.01665505226480834,0.018773170731707294,26.15972222222222,13.81060606060606,CB
2016-10-29,0.002567361111111113,0.40625,0.014239583333333302,0.020937847222222198,38.53125,20.84469696969697,CB
2016-10-30,0.0022694444444444463,0.3645833333333338,0.015298611111111067,0.01867249070631969,35.91637630662021,20.26235741444867,CB
2016-10-31,0.0026626760563380303,0.5359154929577477,0.006326315789473667,0.025294274809160303,45.262411347517734,26.41287878787879,CB
2016-11-01,0.0025268817204301096,0.3229390681003586,0.01948387096774189,0.017968749999999974,24.018939393939394,13.520912547528518,CB
2016-11-02,0.0028003472222222245,0.49548611111111146,0.011392361111111075,0.027767883211678803,39.65201465201465,25.310606060606062,CB
2016-11-03,0.003495406360424031,0.6182795698924736,0.011473498233215506,0.027910954063604224,54.36971830985915,38.01893939393939,CB
2016-11-04,0.0034367132867132895,0.7181818181818186,0.018325174825174772,0.026576573426573432,60.21678321678322,39.59695817490494,CB
2016-11-05,0.0034795138888888914,0.6895833333333338,0.02426736111111108,0.0276534722222222,68.61324041811847,48.46590909090909,CB
2016-11-06,0.002218402777777779,0.5190972222222229,0.022475694444444413,0.012996527777777756,41.232638888888886,30.102272727272727,CB
2016-11-07,0.002268055555555557,0.45208333333333367,0.025048611111111087,0.015514930555555521,34.076388888888886,21.390151515151516,CB
2016-11-08,0.00237204301075269,0.49175627240143455,0.024688172043010714,0.015330714285714248,54.2887323943662,45.793103448275865,CB
2016-11-09,0.0026006968641115002,0.46794425087108016,0.015470383275261282,0.022772992700729904,52.8125,39.52851711026616,CB
2016-11-10,0.0028505338078291835,0.5935943060498229,0.007444839857651222,0.028834657039711175,48.00701754385965,36.02272727272727,CB
2016-11-11,0.0029645833333333356,0.5579861111111121,0.014590277777777732,0.021964583333333315,46.21527777777778,25.65648854961832,CB
2016-11-12,0.003412847222222225,0.7819444444444454,0.011350694444444401,0.026070138888888858,69.13194444444444,35.961977186311785,CB
2016-11-13,0.0035034722222222242,0.861458333333334,0.011506944444444401,0.026419444444444422,64.55902777777777,36.52651515151515,CB
2016-11-14,0.0034031690140845098,0.7218309859154931,0.012632508833922224,0.02469612676056336,51.09252669039146,30.848837209302324,CB
2016-11-15,0.003305494505494508,0.4571428571428568,0.02002930402930399,0.020042124542124513,58.375451263537904,28.59315589353612,CB
2016-11-16,0.003799227799227802,0.6942084942084942,0.0071544401544401375,0.033413127413127394,62.26235741444867,37.59848484848485,CB
2016-11-17,0.004352029520295201,0.8535055350553495,0.008966789667896649,0.03649188191881917,86.84870848708488,56.32954545454545,CB
2016-11-18,0.0040361111111111075,1.068055555555556,0.005097222222222208,0.03868923611111111,102.07291666666667,74.98863636363636,CB
2016-11-19,0.0028993055555555577,0.784722222222221,0.005597222222222203,0.028070138888888874,54.548611111111114,43.57575757575758,CB
2016-11-20,0.003022916666666669,0.738888888888888,0.01750347222222219,0.01845208333333329,49.361111111111114,38.30681818181818,CB
2016-11-21,0.0036090277777777787,0.984027777777777,0.0032951388888888913,0.027032986111111084,68.50522648083624,44.07575757575758,CB
2016-11-22,0.003118861209964415,0.5807829181494666,0.014914590747330935,0.019988256227757985,42.274647887323944,25.965250965250966,CB
2016-11-23,0.0033364912280701782,0.41754385964912316,0.009954385964912242,0.025313333333333306,41.501754385964915,21.511363636363637,CB
2016-11-24,0.003556250000000001,0.43229166666666696,0.016729166666666635,0.019738327526132367,29.56597222222222,16.25,CB
2016-11-25,0.003971631205673758,0.7308510638297873,0.007776595744680829,0.029742553191489322,50.88070175438597,34.034220532319395,CB
2016-11-26,0.003359375000000003,0.8996527777777776,0.0034236111111111134,0.031657638888888874,71.38888888888889,56.31939163498099,CB
2016-11-27,0.0030017361111111134,0.778819444444444,0.00846527777777774,0.023590277777777762,56.854166666666664,48.049429657794676,CB
2016-11-28,0.003461458333333336,0.7333333333333335,0.011729166666666624,0.024680902777777763,78.38888888888889,50.265151515151516,CB
2016-11-29,0.004115972222222215,0.7326388888888892,0.008052083333333307,0.030457638888888874,47.637630662020904,31.32319391634981,CB
2016-11-30,0.004298943661971823,0.8809859154929576,0.004225806451612902,0.03193591549295771,57.03508771929825,40.62357414448669,CB
2016-12-01,0.0033440140845070448,0.5158450704225354,0.016193661971830947,0.02028107142857141,46.47038327526133,30.617424242424242,CB
2016-12-02,0.004065836298932381,0.6234042553191497,0.008882978723404232,0.02832163120567374,40.851590106007066,23.643939393939394,CB
2016-12-03,0.0042478723404255295,0.8534722222222225,0.007107638888888868,0.0335940972222222,65.10416666666667,44.33712121212121,CB
2016-12-04,0.004807986111111098,1.0840277777777778,0.00400347222222222,0.033751388888888845,83.06597222222223,65.93155893536121,CB
2016-12-05,0.005605244755244738,1.0220279720279721,0.016334494773519115,0.02804160839160836,98.05244755244755,73.48473282442748,CB
2016-12-06,0.00384175438596491,0.4202797202797202,0.018069930069930035,0.019043727598566266,29.907801418439718,17.494296577946766,CB
2016-12-07,0.004102807017543854,0.8056140350877188,0.004561403508771923,0.03150947368421054,50.316901408450704,35.72373540856031,CB
2016-12-08,0.0036222614840989405,0.9883392226148408,0.007706713780918702,0.030190812720848045,73.82978723404256,56.93129770992366,CB
2016-12-09,0.0036771929824561374,0.629473684210527,0.017277192982456117,0.0208315789473684,43.53658536585366,34.741444866920155,CB
2016-12-10,0.0035993055555555552,0.5833333333333348,0.010343749999999971,0.025411111111111093,38.940766550522646,27.91254752851711,CB
2016-12-11,0.003507986111111113,0.7354166666666669,0.008038194444444426,0.02743819444444443,46.36585365853659,34.48106060606061,CB
2016-12-12,0.00444131944444444,0.892013888888889,0.004677083333333328,0.032037152777777765,62.81944444444444,44.56060606060606,CB
2016-12-13,0.004629166666666657,0.9006944444444444,0.00662152777777776,0.03143263888888888,60.4375,47.47148288973384,CB
2016-12-14,0.003993950177935936,0.6747330960854089,0.008288256227757976,0.026036654804270434,55.68055555555556,41.178030303030305,CB
2016-12-15,0.003865492957746476,0.4306338028169013,0.01699999999999997,0.020120422535211242,35.325,22.859848484848484,CB
2016-12-16,0.004330633802816894,0.5482394366197195,0.012640845070422497,0.023973943661971805,34.850174216027874,20.69465648854962,CB
2016-12-17,0.005267708333333314,0.7743055555555564,0.010211805555555505,0.03009791666666665,47.204861111111114,30.61216730038023,CB
2016-12-18,0.00394479166666666,0.9263888888888894,0.008079861111111085,0.026228124999999984,51.920138888888886,39.11742424242424,CB
2016-12-19,0.003915302491103201,0.8807829181494654,0.004523131672597858,0.027784341637010643,46.59717314487632,34.70342205323194,CB
2016-12-20,0.004024561403508769,1.016842105263158,0.006677192982456128,0.027537192982456143,67.38327526132404,50.368821292775664,CB
2016-12-21,0.003508391608391611,0.8856643356643357,0.007646853146853126,0.02571013986013984,54.958333333333336,41.47148288973384,CB
2016-12-22,0.00260106007067138,0.5618374558303886,0.018946996466431058,0.013999615384615352,17.895833333333332,12.465909090909092,CB
2016-12-23,0.0026034965034965056,0.4244755244755247,0.02158041958041955,0.011471691176470566,33.29616724738676,25.26923076923077,CB
2016-12-24,0.00326215277777778,0.6163194444444435,0.013552083333333301,0.01895173611111108,61.74305555555556,52.94296577946768,CB
2016-12-25,0.0030916376306620234,0.9637630662020918,0.004529616724738671,0.02397665505226478,75.0701754385965,65.52851711026616,CB
2016-12-26,0.003265625000000003,0.9663194444444445,0.003996527777777775,0.025644444444444428,50.85069444444444,44.19083969465649,CB
2016-12-27,0.0031835714285714314,0.507142857142858,0.01538214285714282,0.020382857142857126,37.50883392226148,28.46969696969697,CB
2016-12-28,0.003920284697508891,0.5861209964412818,0.007526690391459055,0.02834056939501779,44.644128113879006,28.905882352941177,CB
2016-12-29,0.003858680555555553,0.5381944444444452,0.01210416666666664,0.0242003472222222,37.710801393728225,22.39163498098859,CB
2016-12-30,0.0038031249999999966,0.6423611111111117,0.009079861111111089,0.026077430555555517,36.63636363636363,24.91254752851711,CB
2016-12-31,0.004404513888888885,0.8934027777777774,0.0051388888888888795,0.02709270833333332,50.97560975609756,42.18939393939394,CB
2017-01-01,0.004291666666666668,1.2333333333333334,0.0026666666666666666,0.02705,59.0,51.90909090909091,CB
2016-01-01,0.0032952173913043505,0.702173913043479,0.018060869565217352,0.016545652173913027,48.404347826086955,51.111111111111114,CN
2016-01-02,0.0033900000000000002,0.5441666666666671,0.02693749999999996,0.014967083333333324,42.52301255230125,31.625,CN
2016-01-03,0.0037166666666666676,0.8266666666666659,0.019641666666666627,0.021977083333333324,63.125,55.916666666666664,CN
2016-01-04,0.004340086206896555,0.6422413793103444,0.02971982758620687,0.014723706896551711,67.34199134199135,65.63636363636364,CN
2016-01-05,0.004840094339622643,0.4155660377358491,0.02220283018867921,0.013267136150234725,29.0,16.136363636363637,CN
2016-01-06,0.004941304347826087,0.5773913043478263,0.014065217391304301,0.019166521739130426,52.18340611353712,35.7,CN
2016-01-07,0.005106666666666662,0.45833333333333337,0.02325833333333333,0.01016541666666665,38.45188284518829,26.208333333333332,CN
2016-01-08,0.0042136170212766,0.4063829787234038,0.021178723404255282,0.013123404255319129,31.872340425531913,17.083333333333332,CN
2016-01-09,0.003942790697674421,0.42453703703703694,0.022240740740740717,0.014435185185185174,33.4212962962963,21.875,CN
2016-01-10,0.004370967741935487,0.5256880733944951,0.023564220183486213,0.01567844036697246,38.31481481481482,26.782608695652176,CN
2016-01-11,0.004718468468468474,0.45990990990991,0.023283783783783766,0.01449774774774773,35.32888888888889,24.208333333333332,CN
2016-01-12,0.004760087719298249,0.4838427947598253,0.020586956521739093,0.016160526315789448,38.56578947368421,28.208333333333332,CN
2016-01-13,0.003950000000000002,0.465071770334928,0.02283809523809519,0.013169230769230756,30.823255813953487,17.25,CN
2016-01-14,0.005044700460829494,0.5824074074074075,0.021059090909090878,0.017970046082949297,42.86666666666667,20.357142857142858,CN
2016-01-15,0.005326754385964911,0.7570175438596487,0.013288209606986855,0.030087719298245604,60.35526315789474,54.714285714285715,CN
2016-01-16,0.004734583333333336,0.804166666666666,0.009620833333333313,0.033393749999999965,76.54166666666667,82.5,CN
2016-01-17,0.003905000000000002,0.7929166666666663,0.011370833333333297,0.029077916666666644,72.51666666666667,55.111111111111114,CN
2016-01-18,0.003142916666666669,0.5270833333333332,0.02536666666666666,0.012977499999999977,44.954166666666666,23.94736842105263,CN
2016-01-19,0.003542436974789917,0.5315126050420171,0.027995798319327716,0.007522268907563012,26.050632911392405,9.333333333333334,CN
2016-01-20,0.004270815450643781,0.6287553648068682,0.01958798283261799,0.018356768558951943,34.521186440677965,31.3,CN
2016-01-21,0.0038350000000000025,0.6150000000000002,0.018220833333333287,0.02047685185185184,39.64705882352941,36.11764705882353,CN
2016-01-22,0.003922916666666667,0.4699999999999992,0.02212083333333331,0.017501388888888875,32.03333333333333,31.5,CN
2016-01-23,0.0036154811715481197,0.3635983263598321,0.02862761506276148,0.00818277310924369,28.669456066945607,12.0,CN
2016-01-24,0.0031404166666666685,0.44375,0.028037499999999986,0.006766666666666657,25.920833333333334,17.625,CN
2016-01-25,0.0036050420168067254,0.5781512605042022,0.01956302521008398,0.021184033613445372,60.21008403361345,28.875,CN
2016-01-26,0.004546610169491531,0.6161016949152549,0.019919491525423685,0.025651694915254215,64.57021276595745,43.416666666666664,CN
2016-01-27,0.005617083333333329,0.8591666666666667,0.020466666666666623,0.03103124999999999,71.3781512605042,60.708333333333336,CN
2016-01-28,0.005156249999999999,0.7554166666666666,0.010070833333333303,0.040698333333333316,75.8625,69.63636363636364,CN
2016-01-29,0.005653586497890294,0.6248945147679326,0.011151898734177176,0.03551181434599156,57.81666666666667,42.0,CN
2016-01-30,0.004388333333333333,0.6424999999999996,0.015720833333333295,0.026477499999999994,43.075,35.04545454545455,CN
2016-01-31,0.003765416666666668,0.3754166666666664,0.02897499999999997,0.011269166666666658,32.30833333333333,25.208333333333332,CN
2016-02-01,0.0038483720930232584,0.37899159663865567,0.028399159663865508,0.01127941176470587,31.831223628691983,18.833333333333332,CN
2016-02-02,0.004272641509433964,0.5305084745762711,0.023813559322033842,0.0206707627118644,38.90677966101695,30.5,CN
2016-02-03,0.0037791666666666685,0.6270833333333335,0.022849999999999964,0.025553333333333313,47.247899159663866,38.80952380952381,CN
2016-02-04,0.0041809734513274365,0.7195833333333338,0.024970833333333317,0.02331374999999998,49.753191489361704,41.31818181818182,CN
2016-02-05,0.004048333333333335,0.4233333333333331,0.0273583333333333,0.01673499999999999,39.375,23.458333333333332,CN
2016-02-06,0.004333750000000007,0.4220833333333333,0.028808333333333293,0.012024583333333316,43.46666666666667,27.916666666666668,CN
2016-02-07,0.002938750000000002,0.46833333333333305,0.0241333333333333,0.012462499999999979,40.2375,28.166666666666668,CN
2016-02-08,0.0037208333333333373,0.5000000000000001,0.03515833333333328,0.011991666666666644,63.2928870292887,39.869565217391305,CN
2016-02-09,0.0038633333333333362,0.39999999999999963,0.03104583333333332,0.009704166666666646,55.425,30.458333333333332,CN
2016-02-10,0.0034795833333333354,0.5537500000000006,0.019737499999999963,0.019520416666666682,45.84166666666667,26.08695652173913,CN
2016-02-11,0.0033029661016949177,0.48093220338983106,0.019677966101694887,0.020967796610169495,48.87341772151899,27.0,CN
2016-02-12,0.0021298319327731122,0.4256302521008402,0.017575630252100797,0.02173781512605039,28.951965065502183,19.217391304347824,CN
2016-02-13,0.001772916666666667,0.4429166666666671,0.012829166666666643,0.018060416666666648,14.327731092436975,3.5,CN
2016-02-14,0.0020320833333333345,0.3337499999999998,0.028116666666666637,0.006244999999999988,37.25416666666667,15.73913043478261,CN
2016-02-15,0.002508050847457627,0.30932203389830476,0.03176694915254235,0.0064385593220338865,35.817796610169495,9.916666666666666,CN
2016-02-16,0.0021716666666666677,0.35916666666666647,0.028124999999999973,0.009157916666666651,27.683333333333334,15.521739130434783,CN
2016-02-17,0.0023923404255319163,0.39191489361702103,0.026485106382978695,0.012374042553191472,31.530172413793103,13.666666666666666,CN
2016-02-18,0.0021820083682008383,0.40836820083681974,0.03374895397489537,0.013466108786610864,37.98326359832636,20.136363636363637,CN
2016-02-19,0.0040675000000000025,0.6804166666666673,0.017812499999999957,0.02392208333333335,75.91025641025641,46.47826086956522,CN
2016-02-20,0.003741250000000002,0.49833333333333335,0.02249999999999996,0.019599583333333333,55.6625,42.375,CN
2016-02-21,0.0026000000000000007,0.33249999999999963,0.034537499999999985,0.007464957264957247,27.96759259259259,10.291666666666666,CN
2016-02-22,0.002775663716814161,0.42699115044247776,0.021367256637168115,0.016918811881188083,38.19024390243902,20.958333333333332,CN
2016-02-23,0.0027634259259259257,0.43287037037037013,0.029087962962962958,0.012211458333333314,55.65277777777778,37.25,CN
2016-02-24,0.0031412556053811674,0.3452914798206274,0.030852017937219707,0.010129383886255902,28.926470588235293,18.0,CN
2016-02-25,0.0027130252100840352,0.4491596638655461,0.03014285714285712,0.012956722689075608,40.00420168067227,22.5,CN
2016-02-26,0.003308750000000001,0.5412499999999997,0.03194583333333332,0.013406666666666647,60.15,53.05,CN
2016-02-27,0.003710416666666669,0.6083333333333338,0.028766666666666642,0.01733583333333332,57.6375,64.57142857142857,CN
2016-02-28,0.003480833333333335,0.6666666666666666,0.020183333333333293,0.021773749999999988,58.204166666666666,69.6923076923077,CN
2016-02-29,0.002557500000000002,0.3616666666666664,0.03464583333333329,0.009830833333333313,42.6625,24.727272727272727,CN
2016-03-01,0.002158750000000001,0.39624999999999994,0.03180833333333332,0.01205124999999999,31.033333333333335,22.583333333333332,CN
2016-03-02,0.0020704641350210986,0.407594936708861,0.031751054852320645,0.014793670886075938,28.60337552742616,18.375,CN
2016-03-03,0.0020770833333333353,0.4904166666666666,0.027295833333333307,0.021022499999999986,42.204166666666666,27.541666666666668,CN
2016-03-04,0.0022151898734177225,0.5383966244725732,0.021476793248945122,0.022651476793248925,62.86666666666667,47.05555555555556,CN
2016-03-05,0.0018712500000000016,0.45958333333333345,0.023379166666666642,0.012797916666666654,25.122065727699532,9.777777777777779,CN
2016-03-06,0.003683333333333336,0.5775000000000003,0.02578749999999996,0.012451249999999981,116.30288461538461,31.25,CN
2016-03-07,0.004412970711297074,0.5673640167364022,0.011397489539748916,0.02843723849372385,108.08333333333333,33.708333333333336,CN
2016-03-08,0.004084745762711866,0.3940677966101695,0.028033898305084737,0.014590677966101683,74.53781512605042,29.916666666666668,CN
2016-03-09,0.0035286956521739152,0.3347826086956518,0.02937391304347825,0.008876086956521726,41.98245614035088,15.31578947368421,CN
2016-03-10,0.0035268518518518544,0.28379629629629555,0.031731481481481465,0.00912083333333332,31.98148148148148,11.666666666666666,CN
2016-03-11,0.0036241071428571455,0.3178571428571423,0.032312499999999966,0.012017410714285694,32.66517857142857,18.0,CN
2016-03-12,0.0029466666666666686,0.332916666666666,0.03141666666666662,0.01460958333333333,43.5875,21.0,CN
2016-03-13,0.00434916666666667,0.47166666666666734,0.03529583333333328,0.017074583333333324,67.975,50.041666666666664,CN
2016-03-14,0.0038775000000000038,0.4783333333333332,0.038045833333333307,0.01697041666666665,66.44117647058823,57.666666666666664,CN
2016-03-15,0.004781779661016952,0.4593220338983049,0.029682203389830485,0.020605932203389816,50.45531914893617,36.083333333333336,CN
2016-03-16,0.00504978902953586,0.43966244725738385,0.029755274261603328,0.02218607594936707,58.0,38.666666666666664,CN
2016-03-17,0.005174166666666664,0.614166666666667,0.0241833333333333,0.029448749999999985,73.99166666666666,52.34782608695652,CN
2016-03-18,0.00460041666666667,0.53625,0.019674999999999977,0.03206541666666665,64.94166666666666,41.75,CN
2016-03-19,0.004481666666666669,0.4970833333333337,0.033491666666666614,0.018248333333333304,66.82083333333334,44.75,CN
2016-03-20,0.0038204166666666694,0.5304166666666669,0.031112499999999956,0.01663499999999998,68.34583333333333,41.041666666666664,CN
2016-03-21,0.004053333333333335,0.48041666666666666,0.02849166666666664,0.017098333333333323,61.46861924686193,47.583333333333336,CN
2016-03-22,0.0034217021276595765,0.47872340425531934,0.03724255319148933,0.016887659574468073,57.452586206896555,46.416666666666664,CN
2016-03-23,0.003308823529411767,0.4113445378151261,0.03732352941176468,0.012338235294117629,68.45338983050847,52.21052631578947,CN
2016-03-24,0.0033589958158995823,0.30920502092050167,0.03160416666666665,0.014084999999999983,46.4,21.458333333333332,CN
2016-03-25,0.003783333333333337,0.40833333333333344,0.0316833333333333,0.01867374999999999,64.575,34.833333333333336,CN
2016-03-26,0.0033194092827004236,0.40801687763713085,0.036738396624472563,0.016493670886075933,58.62916666666667,46.041666666666664,CN
2016-03-27,0.003996666666666668,0.42875000000000013,0.03879166666666667,0.015527083333333311,55.88333333333333,40.208333333333336,CN
2016-03-28,0.0035083333333333355,0.4537500000000003,0.04345833333333331,0.01627999999999998,63.016806722689076,38.916666666666664,CN
2016-03-29,0.0034834061135371203,0.44672489082969463,0.061192139737991244,0.012057872340425522,81.67532467532467,53.291666666666664,CN
2016-03-30,0.004486752136752136,0.5111111111111113,0.038294871794871774,0.02059291666666666,71.45299145299145,43.04347826086956,CN
2016-03-31,0.004934375000000006,0.4666666666666663,0.025191111111111074,0.028943965517241373,60.83111111111111,20.625,CN
2016-04-01,0.007899118942731266,0.49251101321585883,0.02835682819383254,0.028449779735682787,70.15189873417721,38.63157894736842,CN
2016-04-02,0.004835682819383266,0.46343612334801837,0.04434801762114537,0.0195374449339207,77.45,35.541666666666664,CN
2016-04-03,0.004289406779661019,0.444736842105263,0.033184210526315795,0.01650652173913041,61.32034632034632,61.80952380952381,CN
2016-04-04,0.0042043668122270774,0.3454148471615717,0.029318777292576398,0.015367932489451452,36.38864628820961,14.666666666666666,CN
2016-04-05,0.004196521739130437,0.33521739130434774,0.03353043478260868,0.013883122362869182,50.15652173913043,18.291666666666668,CN
2016-04-06,0.004789719626168228,0.42149532710280363,0.032401869158878466,0.022434883720930207,69.35555555555555,32.458333333333336,CN
2016-04-07,0.002981981981981986,0.34504504504504485,0.04070270270270266,0.01491801801801801,32.470588235294116,15.0,CN
2016-04-08,0.00215188284518829,0.3610878661087863,0.04294979079497905,0.015324267782426763,50.596638655462186,34.5,CN
2016-04-09,0.0019716666666666676,0.49041666666666656,0.04626249999999998,0.01600541666666665,80.12916666666666,60.25,CN
2016-04-10,0.003909166666666669,0.6020833333333334,0.04450416666666666,0.01625708333333332,85.77118644067797,64.29166666666667,CN
2016-04-11,0.0033054621848739515,0.407563025210084,0.03726470588235291,0.021456722689075617,63.734177215189874,27.47826086956522,CN
2016-04-12,0.0035961864406779684,0.40296610169491515,0.03711016949152541,0.021807627118644063,59.26271186440678,24.416666666666668,CN
2016-04-13,0.002982500000000002,0.4237500000000002,0.0309208333333333,0.02356541666666666,39.49166666666667,19.65,CN
2016-04-14,0.0027229166666666717,0.46458333333333374,0.03266666666666665,0.019226666666666645,45.642857142857146,41.421052631578945,CN
2016-04-15,0.003110833333333335,0.4945833333333337,0.032166666666666635,0.023338749999999967,46.2961373390558,29.217391304347824,CN
2016-04-16,0.0028454166666666693,0.4075000000000004,0.03652083333333332,0.022681249999999997,52.708333333333336,25.956521739130434,CN
2016-04-17,0.0020491666666666683,0.34416666666666623,0.05076250000000002,0.009288333333333313,48.03333333333333,14.608695652173912,CN
2016-04-18,0.0027193133047210315,0.34506437768240295,0.04831330472103007,0.014689699570815439,50.49145299145299,20.666666666666668,CN
2016-04-19,0.004291525423728817,0.31355932203389797,0.042690677966101674,0.019316101694915228,39.470338983050844,20.458333333333332,CN
2016-04-20,0.00246666666666667,0.4058333333333333,0.028295833333333312,0.028316249999999994,53.0,24.083333333333332,CN
2016-04-21,0.0021274261603375535,0.37932489451476825,0.03566244725738394,0.01946202531645569,29.64,12.863636363636363,CN
2016-04-22,0.002299583333333336,0.44958333333333417,0.054583333333333296,0.012908333333333308,60.60888888888889,30.375,CN
2016-04-23,0.005678749999999988,0.6320833333333329,0.036979166666666646,0.02205666666666665,185.47257383966246,69.29166666666667,CN
2016-04-24,0.004483333333333337,0.4104166666666673,0.03816249999999996,0.01911666666666664,214.75527426160338,74.04166666666667,CN
2016-04-25,0.005624152542372875,0.4156118143459919,0.036351694915254196,0.025112236286919824,84.04845814977973,35.25,CN
2016-04-26,0.005262127659574468,0.43914893617021306,0.044102127659574435,0.03066851063829784,88.19718309859155,30.75,CN
2016-04-27,0.002611250000000002,0.3487499999999997,0.039116666666666675,0.019887083333333323,56.73109243697479,14.833333333333334,CN
2016-04-28,0.0038775000000000016,0.32583333333333286,0.035670833333333304,0.01836791666666663,45.69037656903766,12.0,CN
2016-04-29,0.002678333333333336,0.3416666666666659,0.04636249999999996,0.013244583333333311,58.791666666666664,18.9,CN
2016-04-30,0.0024654166666666696,0.3441666666666665,0.06661666666666667,0.010751249999999985,60.979166666666664,25.375,CN
2016-05-01,0.0017587500000000023,0.26416666666666627,0.0694208333333334,0.007573333333333321,38.55648535564853,17.542857142857144,CN
2016-05-02,0.001700000000000001,0.2923076923076918,0.04018376068376069,0.014255982905982892,40.00877192982456,19.444444444444443,CN
2016-05-03,0.0012970833333333335,0.24500000000000008,0.04275416666666665,0.008068695652173902,15.32394366197183,8.708333333333334,CN
2016-05-04,0.002645416666666669,0.2670833333333333,0.055137499999999964,0.010527314814814804,51.45922746781116,13.305555555555555,CN
2016-05-05,0.0024766666666666674,0.41791666666666666,0.05015833333333334,0.012221296296296272,49.329166666666666,20.59722222222222,CN
2016-05-06,0.0017320833333333335,0.31875000000000003,0.05475833333333331,0.008537037037037024,33.90833333333333,16.48611111111111,CN
2016-05-07,0.0034941666666666684,0.38333333333333347,0.04333749999999996,0.011967129629629598,110.17916666666666,23.291666666666668,CN
2016-05-08,0.0039291666666666685,0.3725000000000003,0.04497083333333333,0.014668055555555538,52.7875,20.09722222222222,CN
2016-05-09,0.0050089361702127634,0.4004255319148939,0.044808510638297896,0.01998293838862559,60.41276595744681,24.23611111111111,CN
2016-05-10,0.0030000000000000027,0.3799145299145294,0.03858119658119654,0.01674200913242007,31.07758620689655,16.58730158730159,CN
2016-05-11,0.004340000000000004,0.3417021276595744,0.04021702127659573,0.016493965517241364,26.902127659574468,14.78125,CN
2016-05-12,0.0018004237288135607,0.30677966101694887,0.04753389830508476,0.011213983050847446,26.123404255319148,13.694915254237289,CN
2016-05-13,0.002736250000000002,0.3904166666666663,0.04928333333333328,0.013429999999999973,38.020833333333336,19.735294117647058,CN
2016-05-14,0.0027887500000000013,0.3574999999999998,0.05048333333333334,0.014560833333333318,39.9662447257384,18.4,CN
2016-05-15,0.002121250000000003,0.3374999999999992,0.04690833333333335,0.009074166666666649,34.041666666666664,19.267857142857142,CN
2016-05-16,0.0030940928270042213,0.43080168776371275,0.051358649789029515,0.011378902953586482,32.62820512820513,16.71014492753623,CN
2016-05-17,0.00433666666666667,0.5683333333333335,0.056341666666666686,0.018008333333333324,59.23706896551724,32.74603174603175,CN
2016-05-18,0.00515083333333333,0.5466666666666674,0.05210416666666665,0.024329166666666648,59.43457943925234,35.523809523809526,CN
2016-05-19,0.004365106382978726,0.4425531914893618,0.0546893617021277,0.026692765957446782,55.210045662100455,31.840579710144926,CN
2016-05-20,0.0049606694560669455,0.48250000000000026,0.06273333333333335,0.022054166666666663,64.79148936170213,39.53968253968254,CN
2016-05-21,0.0036954166666666685,0.40125000000000016,0.05695833333333332,0.021113749999999994,53.8125,27.672131147540984,CN
2016-05-22,0.0030300000000000006,0.3866666666666662,0.062225,0.015044166666666643,53.125,34.09090909090909,CN
2016-05-23,0.005081666666666663,0.4474999999999996,0.06145416666666669,0.020442916666666654,66.46861924686192,42.130434782608695,CN
2016-05-24,0.002250416666666669,0.3324999999999997,0.05415416666666671,0.00940749999999998,31.77056277056277,22.157894736842106,CN
2016-05-25,0.0020274678111588005,0.4253218884120165,0.05735622317596567,0.010188841201716729,63.22119815668203,35.16901408450704,CN
2016-05-26,0.0032666666666666673,0.5020833333333339,0.05234583333333332,0.01419791666666665,81.39583333333333,52.43055555555556,CN
2016-05-27,0.0059561403508771905,0.5526315789473686,0.0503157894736842,0.020057017543859624,71.39473684210526,41.59154929577465,CN
2016-05-28,0.006183333333333331,0.5175925925925928,0.05574537037037034,0.01796898148148146,71.39351851851852,35.90277777777778,CN
2016-05-29,0.0058574074074074,0.44537037037037003,0.0587314814814815,0.014612037037037005,66.9675925925926,35.84722222222222,CN
2016-05-30,0.005594009216589864,0.5511520737327196,0.0680981308411215,0.016764976958525336,83.58064516129032,47.138888888888886,CN
2016-05-31,0.0032810185185185195,0.4736111111111105,0.049810185185185214,0.014393055555555544,62.973094170403584,35.22222222222222,CN
2016-06-01,0.0030753424657534293,0.42648401826483984,0.0531278538812785,0.017974885844748836,58.891891891891895,29.901408450704224,CN
2016-06-02,0.003959227467811161,0.37381974248926997,0.05821888412017163,0.015750643776824013,54.27155172413793,29.308823529411764,CN
2016-06-03,0.004588235294117649,0.34159663865546164,0.0515504201680672,0.017319747899159646,43.94117647058823,23.11111111111111,CN
2016-06-04,0.004996249999999996,0.44791666666666696,0.03580833333333333,0.022734166666666642,51.71966527196653,28.90277777777778,CN
2016-06-05,0.0054595833333333284,0.41499999999999965,0.051262499999999975,0.01692041666666664,50.13389121338912,28.44927536231884,CN
2016-06-06,0.0030484581497797368,0.33259911894273136,0.05010132158590307,0.011212334801762097,33.22466960352423,17.56338028169014,CN
2016-06-07,0.004494835680751177,0.3469483568075115,0.04258685446009388,0.014009389671361474,35.586854460093896,22.52777777777778,CN
2016-06-08,0.0038924444444444475,0.33733333333333243,0.034724444444444405,0.012519248826291065,34.88392857142857,22.695652173913043,CN
2016-06-09,0.005260833333333328,0.39958333333333335,0.041324999999999966,0.018657826086956514,51.858333333333334,32.80555555555556,CN
2016-06-10,0.004513333333333337,0.40333333333333327,0.04534166666666669,0.01710708333333331,57.2375,30.84722222222222,CN
2016-06-11,0.0026983333333333356,0.29333333333333295,0.03821249999999998,0.009234166666666654,46.34583333333333,25.544117647058822,CN
2016-06-12,0.002881666666666669,0.26208333333333367,0.02572083333333332,0.00953166666666665,29.341666666666665,18.463768115942027,CN
2016-06-13,0.0045575000000000025,0.5279166666666668,0.05204999999999997,0.01498416666666665,62.2375,35.458333333333336,CN
2016-06-14,0.002671250000000002,0.39541666666666603,0.04629999999999997,0.011472916666666647,51.15416666666667,28.3943661971831,CN
2016-06-15,0.001911063829787235,0.2961702127659573,0.03987659574468085,0.010203404255319138,35.821739130434786,20.47887323943662,CN
2016-06-16,0.002576666666666669,0.3629166666666668,0.05431666666666664,0.010359999999999975,27.670833333333334,16.420289855072465,CN
2016-06-17,0.0021554166666666683,0.4308333333333337,0.06476250000000001,0.010002499999999985,45.65546218487395,27.333333333333332,CN
2016-06-18,0.0027204166666666713,0.4754166666666672,0.06131250000000004,0.01266791666666664,56.454166666666666,36.225352112676056,CN
2016-06-19,0.003975000000000002,0.41666666666666685,0.04940416666666663,0.01375166666666665,49.35,29.708333333333332,CN
2016-06-20,0.0036748936170212815,0.38382978723404276,0.05049787234042555,0.017229361702127625,51.48728813559322,32.875,CN
2016-06-21,0.004752083333333329,0.378333333333333,0.055241666666666675,0.019542499999999983,60.275,36.542857142857144,CN
2016-06-22,0.0036896103896103907,0.41601731601731656,0.04873160173160168,0.018679326923076903,69.43722943722943,41.3235294117647,CN
2016-06-23,0.002823611111111113,0.418981481481482,0.04525462962962961,0.015100520833333304,51.1924882629108,29.582089552238806,CN
2016-06-24,0.0029572687224669624,0.4052863436123352,0.050083700440528615,0.014140886699507367,36.06167400881057,24.448275862068964,CN
2016-06-25,0.0033250000000000016,0.3574999999999991,0.0563375,0.009470370370370351,32.8,16.18840579710145,CN
2016-06-26,0.0038345833333333357,0.35083333333333316,0.05427916666666668,0.010181018518518502,30.034334763948497,15.871428571428572,CN
2016-06-27,0.0032961864406779663,0.3228813559322032,0.04528389830508476,0.013835849056603757,34.190677966101696,18.774193548387096,CN
2016-06-28,0.004339075630252105,0.3848739495798311,0.04761344537815128,0.013395327102803728,49.66244725738397,32.17391304347826,CN
2016-06-29,0.003093333333333336,0.31874999999999964,0.041158333333333325,0.011809134615384595,38.675,23.47761194029851,CN
2016-06-30,0.0015854166666666664,0.2412500000000001,0.03681250000000001,0.006397916666666672,22.854700854700855,12.78125,CN
2016-07-01,0.0017075000000000013,0.2120833333333335,0.028608333333333326,0.007625000000000003,17.357142857142858,9.776119402985074,CN
2016-07-02,0.002695833333333334,0.20603448275862102,0.036837499999999974,0.008243229166666656,15.413502109704641,9.209677419354838,CN
2016-07-03,0.00295166666666667,0.26388888888888884,0.03341666666666664,0.009519791666666657,29.067226890756302,18.52112676056338,CN
2016-07-04,0.0021342222222222227,0.2756218905472634,0.024968888888888877,0.01073837837837836,19.683257918552037,10.380952380952381,CN
2016-07-05,0.0016406542056074764,0.1942105263157898,0.018598130841121475,0.0048863157894736865,13.2,7.563380281690141,CN
2016-07-06,0.0034838565022421533,0.26231155778894466,0.03006278026905829,0.010229648241206018,18.340807174887892,9.409090909090908,CN
2016-07-07,0.0039663865546218525,0.3343612334801759,0.023357142857142816,0.014559009009008993,30.514767932489452,15.647887323943662,CN
2016-07-08,0.004835416666666671,0.4458333333333335,0.049633333333333335,0.01816916666666665,51.96666666666667,28.73611111111111,CN
2016-07-09,0.0047166666666666685,0.3974999999999999,0.03294999999999998,0.016129999999999974,45.6875,23.338028169014084,CN
2016-07-10,0.005519999999999995,0.3387499999999999,0.02417083333333331,0.014452083333333325,28.94979079497908,16.253521126760564,CN
2016-07-11,0.005663333333333332,0.3575,0.033920833333333296,0.016740416666666647,41.19583333333333,24.083333333333332,CN
2016-07-12,0.0039579831932773125,0.27563025210084036,0.03413445378151257,0.011095378151260476,32.23628691983122,21.176470588235293,CN
2016-07-13,0.005423305084745757,0.2817796610169489,0.02223728813559318,0.014574999999999979,27.9017094017094,18.267605633802816,CN
2016-07-14,0.003658723404255321,0.29744680851063815,0.04042127659574467,0.013235319148936161,28.387931034482758,17.115942028985508,CN
2016-07-15,0.002355000000000002,0.3366666666666665,0.0349833333333333,0.014247083333333315,24.591666666666665,11.708333333333334,CN
2016-07-16,0.0014175,0.33833333333333315,0.031666666666666635,0.007337083333333329,15.604166666666666,8.823529411764707,CN
2016-07-17,0.0019641666666666674,0.3029166666666666,0.029591666666666627,0.005551249999999994,11.259414225941423,5.569444444444445,CN
2016-07-18,0.0030225000000000035,0.3499999999999995,0.02744999999999997,0.010515416666666645,22.3125,12.652777777777779,CN
2016-07-19,0.0031405063291139253,0.4489451476793248,0.047801687763713095,0.015876793248945118,41.728813559322035,21.295774647887324,CN
2016-07-20,0.002772268907563027,0.4457983193277317,0.05542016806722692,0.013098739495798302,54.68354430379747,30.34722222222222,CN
2016-07-21,0.002031380753138077,0.3234309623430961,0.0435941422594142,0.010758995815899564,32.06837606837607,16.97222222222222,CN
2016-07-22,0.001986250000000001,0.3354166666666665,0.04618333333333335,0.01052499999999999,35.1375,19.791666666666668,CN
2016-07-23,0.0021608333333333354,0.2974999999999995,0.03939166666666667,0.008461666666666657,33.86666666666667,19.944444444444443,CN
2016-07-24,0.0016766666666666668,0.2416666666666668,0.027375000000000003,0.005964999999999996,26.95762711864407,16.768115942028984,CN
2016-07-25,0.001819583333333335,0.24041666666666694,0.0252083333333333,0.007184166666666662,28.785714285714285,19.01388888888889,CN
2016-07-26,0.001672500000000003,0.2375000000000004,0.018916666666666644,0.007714999999999992,27.029166666666665,17.87142857142857,CN
2016-07-27,0.0016830508474576292,0.27711864406779657,0.023377118644067777,0.006839662447257379,27.299145299145298,17.791666666666668,CN
2016-07-28,0.002571666666666671,0.4479166666666673,0.04329583333333333,0.008778333333333317,44.175438596491226,25.73611111111111,CN
2016-07-29,0.0021237288135593233,0.4593220338983053,0.028495762711864384,0.013816101694915246,37.72522522522522,24.53731343283582,CN
2016-07-30,0.0022795833333333396,0.33791666666666664,0.028670833333333312,0.009476249999999997,33.15546218487395,20.125,CN
2016-07-31,0.0028841004184100485,0.30209205020920465,0.023924686192468604,0.007745606694560656,33.46025104602511,20.939393939393938,CN
2016-08-01,0.004074418604651169,0.32186046511627847,0.025465116279069742,0.010438604651162765,29.682464454976305,19.291666666666668,CN
2016-08-02,0.003338207547169815,0.29339622641509416,0.02489150943396225,0.014032075471698097,29.01421800947867,17.52112676056338,CN
2016-08-03,0.0033063348416289607,0.348868778280543,0.04361990950226243,0.014087782805429843,30.420814479638008,17.13235294117647,CN
2016-08-04,0.003933750000000002,0.4362500000000003,0.05485833333333333,0.016061666666666644,47.54393305439331,27.708333333333332,CN
2016-08-05,0.003980833333333336,0.42625000000000063,0.053595833333333315,0.01348374999999998,46.57083333333333,28.23611111111111,CN
2016-08-06,0.004414166666666669,0.46041666666666686,0.05176569037656902,0.014527499999999978,51.59166666666667,29.791666666666668,CN
2016-08-07,0.005039999999999998,0.43983050847457583,0.04590376569037654,0.013413749999999981,41.8125,26.40277777777778,CN
2016-08-08,0.004422368421052634,0.416822429906542,0.036841409691629946,0.014910714285714267,42.12608695652174,25.11111111111111,CN
2016-08-09,0.003822566371681418,0.4437788018433179,0.04860619469026545,0.015343317972350206,47.412017167381975,29.13888888888889,CN
2016-08-10,0.004287916666666668,0.4370833333333333,0.0474833333333333,0.013965416666666642,47.99166666666667,29.708333333333332,CN
2016-08-11,0.0036808333333333367,0.40083333333333365,0.03069166666666664,0.014177499999999982,32.755274261603375,19.86111111111111,CN
2016-08-12,0.0042487499999999965,0.4195833333333337,0.024616666666666627,0.013551666666666653,36.18143459915612,24.069444444444443,CN
2016-08-13,0.0038075000000000023,0.3845833333333331,0.025779166666666638,0.011162083333333312,34.37656903765691,23.90277777777778,CN
2016-08-14,0.0037920833333333357,0.3754166666666664,0.02447499999999996,0.00972874999999998,37.59166666666667,27.305555555555557,CN
2016-08-15,0.004634583333333333,0.44249999999999984,0.036024999999999995,0.011434166666666646,35.82008368200837,23.73611111111111,CN
2016-08-16,0.005729583333333329,0.5283333333333338,0.04436249999999997,0.015100833333333312,45.1,24.5,CN
2016-08-17,0.004501731601731607,0.580086580086581,0.04157575757575754,0.016366964285714266,55.82819383259912,29.916666666666668,CN
2016-08-18,0.005444545454545454,0.603181818181819,0.052336363636363646,0.019148325358851654,64.67464114832536,35.30555555555556,CN
2016-08-19,0.005916740088105721,0.6162995594713664,0.05304845814977973,0.01712026431718059,65.77973568281938,43.041666666666664,CN
2016-08-20,0.004551250000000002,0.5591666666666669,0.05824583333333332,0.01544708333333331,63.63713080168776,38.09722222222222,CN
2016-08-21,0.004291666666666668,0.4762500000000006,0.05260833333333327,0.01251499999999998,42.361702127659576,26.36111111111111,CN
2016-08-22,0.0057658333333333225,0.5391666666666665,0.04190833333333332,0.016386249999999984,41.9625,27.34722222222222,CN
2016-08-23,0.0031467811158798304,0.4596566523605157,0.03248497854077251,0.014240772532188816,37.712446351931334,21.0,CN
2016-08-24,0.0029433333333333325,0.39999999999999986,0.039204166666666644,0.01157608695652172,30.99579831932773,18.015151515151516,CN
2016-08-25,0.003461250000000003,0.3829166666666664,0.0390625,0.012668518518518515,34.208333333333336,19.180555555555557,CN
2016-08-26,0.0023706382978723405,0.3510638297872341,0.02612765957446805,0.011439810426540275,17.913419913419915,9.208333333333334,CN
2016-08-27,0.0021341666666666666,0.3491666666666667,0.031158333333333312,0.011335648148148124,20.736401673640167,7.972222222222222,CN
2016-08-28,0.0023370833333333347,0.3537500000000002,0.023595833333333316,0.00970138888888887,15.566666666666666,7.472222222222222,CN
2016-08-29,0.002391631799163179,0.3820083682008365,0.026347280334727996,0.010882790697674406,20.832635983263597,8.732394366197184,CN
2016-08-30,0.0020974683544303816,0.39491525423728707,0.027599156118143422,0.010713615023474172,30.76050420168067,10.48611111111111,CN
2016-08-31,0.0019358333333333348,0.4083333333333335,0.035687500000000004,0.007725462962962955,32.1625,9.958333333333334,CN
2016-09-01,0.0024793248945147697,0.6088607594936709,0.0646329113924051,0.013496428571428567,66.21518987341773,36.27777777777778,CN
2016-09-02,0.0014995833333333345,0.43708333333333355,0.04548749999999998,0.011422083333333324,33.32432432432432,20.625,CN
2016-09-03,0.0025775000000000012,0.42500000000000004,0.04388749999999998,0.01115374999999998,21.13612565445026,12.458333333333334,CN
2016-09-04,0.003352083333333335,0.46708333333333374,0.03523749999999999,0.01238624999999999,32.86842105263158,17.5,CN
2016-09-05,0.004186075949367092,0.4801687763713081,0.02955696202531643,0.01660379746835441,43.04854368932039,19.48611111111111,CN
2016-09-06,0.002851754385964914,0.46885964912280703,0.026258771929824554,0.014973245614035065,47.43421052631579,25.61111111111111,CN
2016-09-07,0.0035433789954337916,0.5709090909090917,0.03714999999999998,0.013484545454545457,59.71232876712329,36.791666666666664,CN
2016-09-08,0.0031353211009174336,0.5617924528301892,0.04059174311926607,0.013941743119266044,53.68981481481482,30.458333333333332,CN
2016-09-09,0.003103603603603605,0.5081081081081086,0.036916666666666625,0.01291124999999998,47.358333333333334,29.416666666666668,CN
2016-09-10,0.0025231481481481494,0.4920833333333338,0.04208333333333332,0.013778333333333318,49.88333333333333,29.819444444444443,CN
2016-09-11,0.002300925925925928,0.425000000000001,0.042362499999999984,0.009437499999999986,42.31666666666667,26.833333333333332,CN
2016-09-12,0.002855607476635516,0.4319327731092447,0.03867647058823532,0.013389075630252077,48.177215189873415,29.09722222222222,CN
2016-09-13,0.0024863207547169827,0.4025423728813559,0.03952542372881355,0.01575720338983049,39.78969957081545,23.12857142857143,CN
2016-09-14,0.0025560185185185187,0.39166666666666666,0.04096249999999995,0.010896249999999993,42.12916666666667,27.125,CN
2016-09-15,0.003008333333333334,0.4104166666666663,0.03442916666666666,0.009674166666666656,42.454166666666666,28.680555555555557,CN
2016-09-16,0.0022439814814814826,0.4058333333333333,0.029933333333333326,0.010900833333333321,45.2875,29.65277777777778,CN
2016-09-17,0.0013736111111111117,0.314166666666666,0.025304166666666617,0.008845416666666656,19.0,12.277777777777779,CN
2016-09-18,0.0014143518518518524,0.32458333333333284,0.0345958333333333,0.008892916666666657,20.8625,12.458333333333334,CN
2016-09-19,0.0015847222222222235,0.30916666666666653,0.0245833333333333,0.01136749999999998,20.945833333333333,9.208333333333334,CN
2016-09-20,0.0019453703703703723,0.2966666666666666,0.029041666666666625,0.013347916666666649,22.627615062761507,10.319444444444445,CN
2016-09-21,0.0017452830188679255,0.3724576271186441,0.025067796610169467,0.016120338983050833,42.767932489451475,24.708333333333332,CN
2016-09-22,0.0018859223300970885,0.38608695652173936,0.030617391304347808,0.01658956521739128,43.39914163090129,25.65671641791045,CN
2016-09-23,0.0026795000000000018,0.4147321428571432,0.03823660714285709,0.014764732142857123,47.517857142857146,28.767857142857142,CN
2016-09-24,0.0029041666666666686,0.457916666666667,0.04158333333333332,0.01422583333333331,56.345622119815665,33.138888888888886,CN
2016-09-25,0.003101851851851854,0.4741666666666668,0.03637499999999998,0.014806666666666642,57.98148148148148,32.763888888888886,CN
2016-09-26,0.001978240740740742,0.46708333333333396,0.025745833333333294,0.01964666666666665,53.80555555555556,30.98611111111111,CN
2016-09-27,0.0020369458128078836,0.45336322869955203,0.012188340807174866,0.018314611872146096,40.56310679611651,25.63157894736842,CN
2016-09-28,0.0022069892473118306,0.4138095238095235,0.0204142857142857,0.01667204301075268,34.661904761904765,18.037735849056602,CN
2016-09-29,0.0017422885572139309,0.37365591397849457,0.014949074074074047,0.014667187499999979,31.083333333333332,13.25,CN
2016-09-30,0.001870212765957448,0.301069518716577,0.014519148936170186,0.015494312796208524,33.791489361702126,14.680555555555555,CN
2016-10-01,0.002128333333333335,0.37760416666666646,0.013145833333333301,0.0184148148148148,45.06912442396313,24.063157894736843,CN
2016-10-02,0.001852083333333334,0.36614583333333334,0.012479166666666637,0.01429583333333332,30.12037037037037,19.861702127659573,CN
2016-10-03,0.00219875,0.2805405405405403,0.026199999999999966,0.008650462962962954,16.976744186046513,8.478260869565217,CN
2016-10-04,0.0024156250000000002,0.29176470588235276,0.026066964285714252,0.016264928909952587,33.630434782608695,17.574468085106382,CN
2016-10-05,0.002316037735849058,0.2802631578947368,0.030915094339622626,0.012806603773584883,30.78527607361963,14.364583333333334,CN
2016-10-06,0.002757004830917874,0.45341614906832245,0.02859903381642511,0.013257487922705303,32.66285714285714,15.21875,CN
2016-10-07,0.0018272321428571441,0.3409090909090906,0.025200892857142828,0.01750312499999998,34.495,17.95098039215686,CN
2016-10-08,0.0017658333333333345,0.3078124999999995,0.035570833333333295,0.00944291666666665,21.434579439252335,11.14423076923077,CN
2016-10-09,0.0024645833333333325,0.2734375000000002,0.03002499999999997,0.00891624999999999,24.639810426540283,11.533333333333333,CN
2016-10-10,0.002785169491525424,0.331914893617021,0.018296610169491502,0.02108644067796611,38.79716981132076,18.728813559322035,CN
2016-10-11,0.0031858333333333352,0.4407960199004975,0.019979166666666635,0.024952083333333323,48.37674418604651,27.406779661016948,CN
2016-10-12,0.002805333333333336,0.42115384615384666,0.028048888888888866,0.017987111111111096,50.46634615384615,27.521367521367523,CN
2016-10-13,0.002867605633802819,0.39436619718309834,0.019305164319248776,0.027022535211267587,50.863207547169814,25.0,CN
2016-10-14,0.0034811403508771973,0.566666666666666,0.026464912280701743,0.03332324561403507,81.51754385964912,46.30833333333333,CN
2016-10-15,0.003882500000000003,0.6766666666666663,0.0261375,0.03901249999999999,100.96666666666667,61.61946902654867,CN
2016-10-16,0.0019050000000000007,0.4816666666666667,0.02979999999999997,0.018237916666666652,68.01666666666667,46.224137931034484,CN
2016-10-17,0.0021383333333333345,0.4425000000000006,0.03024166666666663,0.018239583333333316,42.17916666666667,28.07920792079208,CN
2016-10-18,0.0027513043478260882,0.5858333333333331,0.02139999999999998,0.02704916666666665,68.22784810126582,36.36283185840708,CN
2016-10-19,0.003284234234234236,0.5855855855855855,0.02613963963963963,0.02522207207207207,66.27403846153847,36.375,CN
2016-10-20,0.002737962962962965,0.6111111111111103,0.027078703703703685,0.03064027777777778,79.64734299516908,41.324675324675326,CN
2016-10-21,0.0014276785714285732,0.35535714285714276,0.027263392857142823,0.015588392857142835,44.36974789915966,19.528846153846153,CN
2016-10-22,0.0025837500000000005,0.3845833333333337,0.023591666666666615,0.018545416666666634,43.24166666666667,18.425,CN
2016-10-23,0.002006666666666668,0.34125000000000016,0.01992916666666663,0.015886666666666646,29.583333333333332,14.972727272727273,CN
2016-10-24,0.0018879166666666677,0.31583333333333335,0.01999583333333331,0.015100416666666647,29.529166666666665,12.970873786407767,CN
2016-10-25,0.0018512500000000026,0.35875000000000024,0.024649999999999984,0.014514529914529891,23.841666666666665,11.228571428571428,CN
2016-10-26,0.0028978448275862093,0.568103448275862,0.016310344827586153,0.023357758620689652,47.84051724137931,24.52173913043478,CN
2016-10-27,0.0027675000000000004,0.5737500000000003,0.011745833333333296,0.024972916666666647,56.80833333333333,29.782608695652176,CN
2016-10-28,0.002182916666666668,0.35458333333333386,0.025404166666666655,0.01556916666666664,36.73109243697479,16.117021276595743,CN
2016-10-29,0.0029529166666666675,0.3308333333333337,0.028691666666666664,0.011347083333333322,38.125,18.1875,CN
2016-10-30,0.00306375,0.3700000000000002,0.02207916666666665,0.015378749999999997,34.06666666666667,17.70212765957447,CN
2016-10-31,0.0026891666666666674,0.425416666666667,0.01720416666666661,0.02005666666666665,36.99166666666667,23.376344086021504,CN
2016-11-01,0.0027016806722689082,0.32100840336134445,0.026428571428571416,0.011726470588235284,24.634042553191488,12.797872340425531,CN
2016-11-02,0.0031358333333333355,0.45916666666666645,0.02027083333333329,0.01878416666666666,34.71666666666667,20.68421052631579,CN
2016-11-03,0.003283544303797471,0.5928270042194098,0.021438818565400797,0.021286497890295335,49.01716738197425,32.024096385542165,CN
2016-11-04,0.003004166666666668,0.5658333333333339,0.0364708333333333,0.016077083333333318,57.87068965517241,37.12871287128713,CN
2016-11-05,0.003040000000000001,0.5675,0.046379166666666645,0.01595374999999999,69.42916666666666,45.07142857142857,CN
2016-11-06,0.001857916666666668,0.5233333333333337,0.030474999999999985,0.013603333333333321,51.43037974683544,32.43023255813954,CN
2016-11-07,0.0019441666666666691,0.4691666666666672,0.02656666666666663,0.01397916666666665,38.96666666666667,25.357894736842105,CN
2016-11-08,0.0024133333333333324,0.5104166666666671,0.02954583333333331,0.010574583333333313,53.45,39.96969696969697,CN
2016-11-09,0.003479583333333334,0.48166666666666713,0.022262499999999966,0.01842916666666667,42.3125,28.066666666666666,CN
2016-11-10,0.0033407563025210094,0.5894957983193295,0.009659663865546198,0.03231680672268906,47.72268907563025,32.96116504854369,CN
2016-11-11,0.002832773109243699,0.6252100840336139,0.021924369747899138,0.01970798319327729,60.42978723404255,27.306122448979593,CN
2016-11-12,0.002666666666666667,0.5216666666666666,0.027029166666666656,0.020162500000000007,77.54166666666667,30.451923076923077,CN
2016-11-13,0.0025087500000000014,0.5008333333333336,0.02288749999999998,0.02242708333333332,62.358333333333334,30.135416666666668,CN
2016-11-14,0.0028043478260869584,0.48565217391304344,0.020921739130434765,0.021483043478260848,49.96521739130435,26.731182795698924,CN
2016-11-15,0.0032222222222222253,0.4222222222222228,0.029384259259259228,0.01258888888888888,53.31944444444444,18.703389830508474,CN
2016-11-16,0.0040755868544600955,0.6023474178403759,0.013361502347417807,0.030496244131455387,53.159624413145536,28.82905982905983,CN
2016-11-17,0.004750000000000003,0.7621495327102803,0.011144859813084086,0.04308551401869158,81.6588785046729,49.45,CN
2016-11-18,0.003595305164319251,0.8751173708920176,0.009431924882629089,0.04316384976525819,88.11737089201878,65.36363636363636,CN
2016-11-19,0.0023041666666666683,0.5694444444444444,0.018888888888888858,0.01993796296296294,38.01851851851852,28.839506172839506,CN
2016-11-20,0.0038597222222222236,0.6819444444444444,0.025587962962962944,0.015900925925925916,38.77209302325581,23.40740740740741,CN
2016-11-21,0.00408490566037736,0.7971698113207554,0.010806603773584887,0.033154245283018864,66.90566037735849,35.516666666666666,CN
2016-11-22,0.002633482142857142,0.4303571428571433,0.027455357142857118,0.011010267857142849,32.37668161434978,15.889908256880734,CN
2016-11-23,0.003412500000000003,0.4145833333333341,0.02183749999999996,0.013941249999999985,31.842553191489362,13.885964912280702,CN
2016-11-24,0.0034645833333333356,0.4141666666666669,0.02414583333333332,0.014470416666666645,29.675,15.661016949152541,CN
2016-11-25,0.00391916666666667,0.521666666666667,0.012762499999999963,0.029388333333333315,44.233333333333334,27.82051282051282,CN
2016-11-26,0.003042083333333334,0.5825000000000001,0.008945833333333314,0.031902499999999986,54.15,42.78823529411765,CN
2016-11-27,0.003028333333333336,0.592916666666667,0.014629166666666632,0.023041422594142238,55.2375,40.46341463414634,CN
2016-11-28,0.003749789029535868,0.5506329113924046,0.02300843881856536,0.01718016877637129,64.63713080168776,35.3859649122807,CN
2016-11-29,0.0042013043478260894,0.5247826086956523,0.01637391304347823,0.026616956521739114,38.29565217391304,23.34862385321101,CN
2016-11-30,0.0035277777777777803,0.5671296296296293,0.007449074074074049,0.03394259259259257,44.76470588235294,30.147368421052633,CN
2016-12-01,0.0033062222222222247,0.4515555555555558,0.022639999999999966,0.01672044444444443,46.94560669456067,26.66990291262136,CN
2016-12-02,0.003990416666666668,0.514166666666667,0.016720833333333282,0.02307999999999999,39.04237288135593,21.46086956521739,CN
2016-12-03,0.0041100000000000025,0.717916666666667,0.012554166666666637,0.029742083333333322,51.19166666666667,35.05102040816327,CN
2016-12-04,0.00424416666666667,0.7249999999999989,0.008333333333333309,0.032577916666666644,69.7,61.15277777777778,CN
2016-12-05,0.004694117647058825,0.634453781512604,0.024844537815126008,0.021938235294117623,75.27426160337552,51.39473684210526,CN
2016-12-06,0.0034445378151260536,0.402521008403362,0.022495798319327704,0.01581890756302519,23.362445414847162,12.153846153846153,CN
2016-12-07,0.004007083333333336,0.5529166666666671,0.015924999999999977,0.024794166666666662,47.05907172995781,28.902912621359224,CN
2016-12-08,0.002807500000000002,0.6783333333333329,0.020041666666666635,0.021902083333333336,48.2375,30.18095238095238,CN
2016-12-09,0.004294583333333334,0.6866666666666659,0.027049999999999942,0.01467958333333331,37.824884792626726,27.44736842105263,CN
2016-12-10,0.0038245833333333356,0.6054166666666662,0.02241249999999996,0.017547083333333328,27.172093023255815,18.990654205607477,CN
2016-12-11,0.004441666666666671,0.7025000000000002,0.017554166666666617,0.022828749999999974,34.875,24.09433962264151,CN
2016-12-12,0.005727499999999998,0.8804166666666666,0.004929166666666666,0.04123708333333332,56.02242152466368,39.149532710280376,CN
2016-12-13,0.004897446808510638,0.9502127659574456,0.012434042553191438,0.03578170212765956,56.965811965811966,40.08653846153846,CN
2016-12-14,0.0036025862068965546,0.6655172413793098,0.02313793103448272,0.015429741379310332,38.28384279475983,21.554621848739497,CN
2016-12-15,0.0028829166666666703,0.5645833333333324,0.026616666666666636,0.011406249999999991,25.904166666666665,14.225225225225225,CN
2016-12-16,0.003632083333333336,0.6612334801762121,0.022320833333333293,0.016744725738396596,29.82251082251082,17.338983050847457,CN
2016-12-17,0.0036687500000000027,0.8810185185185184,0.024862499999999975,0.020200833333333328,40.61506276150627,25.391666666666666,CN
2016-12-18,0.0026487500000000022,0.808333333333334,0.01998749999999998,0.019362499999999984,34.881856540084385,26.563106796116504,CN
2016-12-19,0.0029217948717948725,0.7842857142857139,0.014572649572649544,0.02397136752136749,30.632478632478634,23.615384615384617,CN
2016-12-20,0.0037508547008547038,0.9859813084112162,0.011273109243697446,0.031119327731092432,53.25991189427313,34.51485148514851,CN
2016-12-21,0.0032319148936170226,0.9260663507109006,0.009795744680851051,0.03270595744680852,43.18723404255319,31.69158878504673,CN
2016-12-22,0.0023150000000000015,0.8779735682819377,0.025354166666666657,0.01225333333333331,28.295833333333334,21.726315789473684,CN
2016-12-23,0.0026550000000000002,0.7045833333333331,0.024233333333333298,0.01083208333333332,37.2625,24.615384615384617,CN
2016-12-24,0.004928749999999996,0.810416666666666,0.017824999999999962,0.021345833333333303,65.45416666666667,48.0,CN
2016-12-25,0.0034266666666666694,1.0295833333333337,0.005779166666666653,0.03289374999999998,76.78333333333333,53.10280373831776,CN
2016-12-26,0.003687394957983196,0.9441176470588241,0.006731092436974764,0.03347941176470588,52.324786324786324,39.68518518518518,CN
2016-12-27,0.0033316666666666685,0.48583333333333384,0.02587083333333332,0.01113416666666665,35.75833333333333,20.646551724137932,CN
2016-12-28,0.004710970464135021,0.5481012658227844,0.016616033755274238,0.02259578059071728,42.93617021276596,22.991666666666667,CN
2016-12-29,0.003222500000000003,0.49958333333333393,0.021370833333333304,0.015458333333333319,31.75,14.2,CN
2016-12-30,0.0037820833333333348,0.6120833333333338,0.016154166666666636,0.02173541666666666,33.94583333333333,21.273504273504273,CN
2016-12-31,0.0027475000000000017,0.6308333333333332,0.014020833333333278,0.02241166666666665,41.57083333333333,26.853211009174313,CN
2017-01-01,0.00236,0.76,0.0129,0.02402,51.4,35.2,CN
2016-01-01,0.003945652173913044,0.7634057971014492,0.010898550724637631,0.02829710144927536,66.27898550724638,45.07182320441989,DG
2016-01-02,0.004913194444444439,0.882986111111111,0.0056874999999999756,0.03360416666666662,67.1923076923077,44.177083333333336,DG
2016-01-03,0.0053159722222222115,1.0399305555555554,0.0060138888888888655,0.03514930555555554,72.6958041958042,46.84293193717277,DG
2016-01-04,0.004830388692579498,0.8095406360424027,0.01357597173144871,0.02974558303886923,74.7937062937063,47.49473684210526,DG
2016-01-05,0.004774999999999996,0.45107142857142907,0.010971428571428528,0.02789568345323738,32.39068100358423,18.456521739130434,DG
2016-01-06,0.004841549295774638,0.4524647887323949,0.015542253521126715,0.02506593406593404,46.34494773519164,25.958333333333332,DG
2016-01-07,0.003901060070671376,0.4272084805653715,0.017886925795052983,0.01930402930402928,46.451388888888886,27.827225130890053,DG
2016-01-08,0.00376678445229682,0.3397163120567372,0.020360424028268525,0.01723188405797098,32.48780487804878,17.98952879581152,DG
2016-01-09,0.0043368055555555495,0.46111111111111136,0.015930555555555524,0.02536805555555554,39.71180555555556,23.432291666666668,DG
2016-01-10,0.003999999999999998,0.5288194444444446,0.017388888888888857,0.02352777777777775,48.59340659340659,30.01047120418848,DG
2016-01-11,0.004537102473498227,0.45795053003533587,0.01846478873239431,0.025399293286219055,41.99290780141844,24.70744680851064,DG
2016-01-12,0.004665492957746474,0.4538732394366202,0.012598591549295749,0.03014436619718309,41.16725978647687,23.036458333333332,DG
2016-01-13,0.003904929577464788,0.3665492957746478,0.018944055944055925,0.02088732394366195,33.533568904593636,19.336898395721924,DG
2016-01-14,0.004125448028673831,0.4160714285714285,0.02059999999999996,0.02098566308243726,35.53169014084507,19.947089947089946,DG
2016-01-15,0.0067237762237762075,0.7608391608391611,0.008223776223776206,0.039622377622377594,66.91289198606272,39.286458333333336,DG
2016-01-16,0.007572463768115927,0.9308771929824567,0.006147368421052609,0.04481052631578946,96.73646209386281,62.840425531914896,DG
2016-01-17,0.0053674242424242334,0.8361111111111116,0.004451388888888881,0.03824652777777776,82.82926829268293,56.828125,DG
2016-01-18,0.0037328244274809188,0.3985765124555162,0.02332155477031798,0.016156583629893206,42.11498257839721,27.427807486631018,DG
2016-01-19,0.0034481481481481507,0.2413427561837455,0.02848239436619717,0.009285211267605611,21.75800711743772,9.640883977900552,DG
2016-01-20,0.004665399239543722,0.3739130434782607,0.020105072463768085,0.018137037037037,33.361111111111114,19.654450261780106,DG
2016-01-21,0.005621722846441943,0.4751773049645399,0.011872340425531888,0.029790035587188565,42.37543859649123,26.453125,DG
2016-01-22,0.0043098591549295745,0.40809859154929584,0.018881118881118843,0.02564620938628156,35.23693379790941,21.078125,DG
2016-01-23,0.0035069444444444466,0.34166666666666656,0.02408333333333333,0.016367041198501846,33.44755244755245,18.638743455497384,DG
2016-01-24,0.0033020833333333357,0.3333333333333332,0.02770138888888888,0.009909090909090883,28.947916666666668,17.08743169398907,DG
2016-01-25,0.003487804878048783,0.3867595818815328,0.02220905923344944,0.01817625899280572,42.361111111111114,17.572916666666668,DG
2016-01-26,0.004645833333333328,0.5708333333333341,0.016197132616487416,0.029548611111111085,64.34494773519164,31.926315789473684,DG
2016-01-27,0.007083032490974713,0.912230215827338,0.011978647686832709,0.04322661870503594,85.38194444444444,52.104166666666664,DG
2016-01-28,0.007410526315789455,1.0312280701754386,0.0033298245614035112,0.0516456140350877,89.99295774647888,57.135416666666664,DG
2016-01-29,0.003778947368421052,0.7702797202797205,0.004712280701754378,0.03767017543859647,62.265017667844525,43.285714285714285,DG
2016-01-30,0.003725694444444445,0.7072916666666664,0.005413194444444425,0.03577430555555555,39.65964912280702,26.898936170212767,DG
2016-01-31,0.0032048611111111136,0.5559027777777776,0.017152777777777753,0.021624999999999967,48.05555555555556,28.349206349206348,DG
2016-02-01,0.0038607142857142846,0.3817857142857146,0.025892857142857117,0.017164285714285684,33.28421052631579,17.128342245989305,DG
2016-02-02,0.004485714285714281,0.4231316725978647,0.0216830188679245,0.023423487544483947,36.87108013937282,18.953125,DG
2016-02-03,0.005409090909090896,0.5625874125874131,0.01658041958041954,0.031828671328671315,51.37282229965157,27.900523560209425,DG
2016-02-04,0.0053496503496503365,0.6912587412587419,0.015090909090909063,0.03580069930069926,65.78947368421052,38.536842105263155,DG
2016-02-05,0.0046267605633802745,0.45563380281690186,0.02231690140845068,0.025348591549295744,41.142361111111114,21.387434554973822,DG
2016-02-06,0.005100694444444437,0.46701388888888995,0.025385416666666643,0.01976736111111107,43.68641114982579,22.92105263157895,DG
2016-02-07,0.004224561403508768,0.4445614035087724,0.024877192982456123,0.01926315789473683,38.059649122807016,22.27127659574468,DG
2016-02-08,0.005419928825622766,0.5259786476868329,0.027854092526690383,0.019693950177935914,47.41637010676157,28.16042780748663,DG
2016-02-09,0.004555555555555551,0.4024305555555555,0.035270833333333335,0.011445993031358853,49.802083333333336,25.463541666666668,DG
2016-02-10,0.004312499999999996,0.5666666666666663,0.013597222222222177,0.029034722222222184,40.06315789473684,20.984375,DG
2016-02-11,0.006333333333333319,0.7171428571428565,0.006896428571428546,0.0393035714285714,56.22299651567944,30.418848167539267,DG
2016-02-12,0.005868613138686117,0.8042105263157895,0.004287719298245609,0.04041403508771931,50.79790940766551,30.365079365079364,DG
2016-02-13,0.0055833333333333195,0.9704861111111115,0.004020833333333331,0.03398611111111108,47.487719298245615,28.69060773480663,DG
2016-02-14,0.0030188679245283043,0.3506944444444444,0.028777777777777742,0.007350694444444423,22.766550522648085,12.655555555555555,DG
2016-02-15,0.003105660377358493,0.2939849624060144,0.030758122743682288,0.009876811594202872,28.85304659498208,13.867724867724867,DG
2016-02-16,0.0029647887323943686,0.35531135531135516,0.026999999999999975,0.014697183098591528,32.56445993031359,17.994708994708994,DG
2016-02-17,0.0035176056338028197,0.32640845070422514,0.02462676056338028,0.018496478873239415,31.08041958041958,14.597883597883598,DG
2016-02-18,0.004890845070422526,0.5206293706293708,0.017527972027971992,0.029608391608391585,49.97569444444444,27.109375,DG
2016-02-19,0.005303571428571418,0.6616197183098597,0.015091549295774605,0.03573943661971828,61.90972222222222,34.796875,DG
2016-02-20,0.004361111111111108,0.5493055555555562,0.019402777777777727,0.02623263888888886,70.63541666666667,32.03125,DG
2016-02-21,0.003288194444444447,0.34583333333333327,0.03343055555555555,0.01169444444444441,29.445993031358885,14.494736842105263,DG
2016-02-22,0.004830985915492948,0.5397887323943658,0.011515789473684182,0.03266549295774645,47.49305555555556,26.151041666666668,DG
2016-02-23,0.0046021126760563335,0.5408450704225359,0.023295774647887294,0.02402816901408448,71.15384615384616,35.973684210526315,DG
2016-02-24,0.003637010676156586,0.3619047619047613,0.027149466192170787,0.016576512455515998,30.34494773519164,17.18421052631579,DG
2016-02-25,0.004419014084507037,0.4113138686131387,0.02804929577464786,0.019188405797101418,40.599303135888505,21.96842105263158,DG
2016-02-26,0.00468309859154929,0.5644366197183103,0.023063380281690124,0.030102112676056322,69.67708333333333,44.611702127659576,DG
2016-02-27,0.004277777777777774,0.6361111111111116,0.02015277777777771,0.029527777777777733,81.45138888888889,51.97282608695652,DG
2016-02-28,0.004677083333333327,0.5895833333333339,0.026746527777777748,0.023413194444444414,71.31021897810218,43.23783783783784,DG
2016-02-29,0.0038445229681978803,0.3318021201413424,0.03566431095406362,0.01062897526501764,42.29496402877698,22.882978723404257,DG
2016-03-01,0.004326388888888883,0.3559027777777773,0.03095833333333331,0.015052083333333303,37.545138888888886,22.989304812834224,DG
2016-03-02,0.0053807829181494555,0.48149466192170876,0.022722419928825576,0.028206405693950155,49.62237762237762,28.01047120418848,DG
2016-03-03,0.006248226950354597,0.5797872340425537,0.019351063829787192,0.035125448028673845,55.23157894736842,30.06282722513089,DG
2016-03-04,0.0040673758865248195,0.6755319148936173,0.00697090909090907,0.03663475177304965,51.92307692307692,31.708108108108107,DG
2016-03-05,0.0026076388888888907,0.46180555555555486,0.023818815331010445,0.02028124999999998,46.2404181184669,28.99468085106383,DG
2016-03-06,0.002875000000000002,0.5225694444444446,0.018107638888888857,0.024493055555555535,39.8815331010453,19.06989247311828,DG
2016-03-07,0.004474999999999996,0.49464285714285694,0.022728571428571397,0.024128571428571405,58.387900355871885,23.11764705882353,DG
2016-03-08,0.004024734982332153,0.39611307420494696,0.020816254416961086,0.02501766784452296,70.39583333333333,25.5,DG
2016-03-09,0.0030699300699300724,0.313636363636363,0.025122377622377588,0.016996503496503466,37.95104895104895,16.041884816753928,DG
2016-03-10,0.0037902097902097896,0.3269230769230769,0.027433566433566398,0.016433566433566395,41.55400696864111,17.25,DG
2016-03-11,0.004123239436619715,0.34542253521126765,0.027785964912280678,0.018133802816901367,40.10489510489511,20.352631578947367,DG
2016-03-12,0.0058194444444444335,0.41766784452296823,0.027100694444444417,0.02437499999999997,61.282229965156795,30.152631578947368,DG
2016-03-13,0.005350694444444432,0.5268939393939401,0.025652777777777747,0.028701388888888877,85.17361111111111,49.760416666666664,DG
2016-03-14,0.0039891696750902535,0.5174418604651171,0.029257142857142832,0.027999999999999973,88.2482269503546,57.76439790575916,DG
2016-03-15,0.004081560283687941,0.5210526315789475,0.021705673758865226,0.03187943262411347,63.5036231884058,39.095238095238095,DG
2016-03-16,0.005831541218637981,0.5267857142857149,0.025485714285714247,0.03540143369175628,69.7298245614035,41.36702127659574,DG
2016-03-17,0.005360139860139849,0.5059440559440564,0.02615384615384614,0.0341971830985915,63.00714285714286,35.93717277486911,DG
2016-03-18,0.0032781690140845096,0.5450704225352107,0.01066197183098587,0.03503521126760564,50.48421052631579,32.770114942528735,DG
2016-03-19,0.002718750000000002,0.5069444444444453,0.025388888888888857,0.020753472222222177,64.70833333333333,38.010989010989015,DG
2016-03-20,0.0022361111111111128,0.42048611111111206,0.03620486111111112,0.009593749999999969,45.916666666666664,22.726315789473684,DG
2016-03-21,0.002820788530465952,0.37240143369175643,0.030978417266187046,0.018397849462365553,38.90780141843972,20.18918918918919,DG
2016-03-22,0.003475000000000003,0.4010676156583626,0.03033807829181494,0.023921708185053365,51.4645390070922,30.02139037433155,DG
2016-03-23,0.00294755244755245,0.3388111888111889,0.04268181818181815,0.013972027972027935,47.85865724381625,26.041666666666668,DG
2016-03-24,0.002021276595744682,0.25106382978723435,0.03549999999999999,0.01054255319148933,20.841726618705035,11.203488372093023,DG
2016-03-25,0.0025285714285714304,0.3110714285714284,0.026371428571428546,0.01717857142857139,30.72695035460993,18.23756906077348,DG
2016-03-26,0.0028194444444444465,0.3201388888888886,0.027388888888888876,0.01820486111111108,43.44947735191638,28.322751322751323,DG
2016-03-27,0.0030277777777777803,0.3541666666666663,0.03904861111111109,0.015437499999999977,50.62020905923345,32.49214659685864,DG
2016-03-28,0.004332167832167827,0.42272727272727284,0.03948251748251745,0.026832167832167804,57.47735191637631,35.81578947368421,DG
2016-03-29,0.0053216783216783045,0.506293706293707,0.0378881118881119,0.029342657342657324,68.72222222222223,39.53968253968254,DG
2016-03-30,0.004297491039426521,0.4186379928315409,0.03868953068592058,0.02760215053763439,65.93706293706293,34.1505376344086,DG
2016-03-31,0.005538461538461525,0.5363636363636369,0.01935606060606058,0.04396853146853145,87.00694444444444,40.75,DG
2016-04-01,0.005063380281690129,0.49542253521126794,0.03572862453531597,0.03239084507042249,79.80555555555556,40.739583333333336,DG
2016-04-02,0.005545138888888873,0.5218749999999996,0.046518382352941166,0.02524999999999999,84.21527777777777,52.65625,DG
2016-04-03,0.0036458333333333343,0.44756944444444424,0.03642490842490839,0.02015624999999999,50.4,32.622950819672134,DG
2016-04-04,0.0022049469964664325,0.2918727915194347,0.03598233215547699,0.016222614840989358,18.28723404255319,8.780346820809248,DG
2016-04-05,0.003142857142857145,0.37678571428571433,0.021981481481481425,0.02382142857142855,38.99651567944251,19.073298429319372,DG
2016-04-06,0.0047017543859649005,0.4835087719298243,0.02626573426573423,0.03389473684210523,68.17708333333333,35.916666666666664,DG
2016-04-07,0.003219858156028371,0.400709219858156,0.03265248226950355,0.023978723404255293,24.876363636363635,15.149700598802395,DG
2016-04-08,0.003834507042253518,0.4443661971830986,0.02564874551971327,0.02516197183098589,62.710801393728225,25.8,DG
2016-04-09,0.005329861111111099,0.4822916666666668,0.0362152777777778,0.027666666666666645,120.80902777777777,39.572916666666664,DG
2016-04-10,0.00390972222222222,0.522916666666667,0.037368055555555516,0.01973611111111109,110.78125,47.229166666666664,DG
2016-04-11,0.0027127659574468104,0.27978723404255357,0.04133687943262409,0.009343971631205652,39.78169014084507,17.08994708994709,DG
2016-04-12,0.003453900709219861,0.31985815602836853,0.030152482269503497,0.018964539007092183,41.81597222222222,22.5625,DG
2016-04-13,0.003211805555555558,0.3829861111111107,0.017774305555555522,0.023611111111111076,35.62369337979094,20.867403314917127,DG
2016-04-14,0.0034823943661971856,0.3564912280701752,0.03563859649122805,0.016461267605633764,56.88070175438597,23.867724867724867,DG
2016-04-15,0.003010752688172045,0.3627240143369172,0.03727240143369173,0.01922939068100356,46.333333333333336,21.431578947368422,DG
2016-04-16,0.003368055555555558,0.382638888888889,0.02708680555555554,0.02468749999999997,51.607638888888886,26.694736842105264,DG
2016-04-17,0.002267361111111113,0.26527777777777745,0.047256944444444476,0.0056284722222222075,26.061371841155236,8.994535519125684,DG
2016-04-18,0.003069686411149828,0.3104529616724733,0.04348432055749126,0.013668989547038306,43.593283582089555,17.416666666666668,DG
2016-04-19,0.0029749103942652354,0.31111111111111067,0.04528315412186381,0.01475627240143366,39.41958041958042,21.052910052910054,DG
2016-04-20,0.0038637992831541215,0.36630824372759835,0.03577060931899638,0.025204301075268793,47.94097222222222,26.505208333333332,DG
2016-04-21,0.003190140845070425,0.4080985915492952,0.02307042253521123,0.025211267605633775,31.93286219081272,19.162011173184357,DG
2016-04-22,0.003950877192982453,0.4498245614035085,0.027943859649122767,0.02296491228070174,45.84615384615385,23.350785340314136,DG
2016-04-23,0.003677083333333334,0.39826388888888886,0.032663194444444446,0.024559027777777756,206.57638888888889,44.340314136125656,DG
2016-04-24,0.003479166666666669,0.3381944444444444,0.03926736111111111,0.013857638888888859,137.49652777777777,27.369791666666668,DG
2016-04-25,0.004665480427046259,0.46156583629893233,0.03214590747330957,0.026843416370106742,87.35191637630662,27.223958333333332,DG
2016-04-26,0.004202898550724633,0.41557971014492756,0.031866425992779744,0.02549637681159418,85.25435540069687,31.54973821989529,DG
2016-04-27,0.002160278745644601,0.2613240418118469,0.03533797909407664,0.012303135888501722,27.914893617021278,12.952631578947368,DG
2016-04-28,0.0026083916083916104,0.27517482517482544,0.03474125874125868,0.016996503496503477,34.74911660777385,15.962566844919786,DG
2016-04-29,0.0034062500000000026,0.30486111111111097,0.035135416666666634,0.01867013888888888,45.618374558303884,20.651041666666668,DG
2016-04-30,0.005097222222222206,0.42465277777777793,0.03898263888888885,0.021166666666666653,62.13588850174216,30.401041666666668,DG
2016-05-01,0.006027777777777758,0.4270833333333336,0.050319444444444486,0.014458333333333295,56.07719298245614,30.05759162303665,DG
2016-05-02,0.005312499999999985,0.34963235294117645,0.028058608058608048,0.017930147058823512,44.214285714285715,21.62146892655367,DG
2016-05-03,0.0035187969924812055,0.26390977443609015,0.03636704119850182,0.008041353383458622,23.630769230769232,9.145348837209303,DG
2016-05-04,0.0032097902097902122,0.2342657342657348,0.046479020979020944,0.008202797202797181,47.63475177304964,9.707446808510639,DG
2016-05-05,0.003940972222222217,0.27048611111111126,0.04504166666666665,0.01711458333333331,39.09027777777778,15.073298429319372,DG
2016-05-06,0.0038680555555555543,0.29166666666666663,0.040416666666666635,0.0119409722222222,33.561837455830386,15.53804347826087,DG
2016-05-07,0.0028680555555555577,0.2760416666666669,0.04408680555555551,0.010368055555555533,123.88850174216027,28.870967741935484,DG
2016-05-08,0.0033750000000000026,0.3003472222222221,0.039993055555555525,0.013847222222222198,69.23611111111111,20.45303867403315,DG
2016-05-09,0.005229681978798575,0.32842105263157884,0.026724381625441652,0.028876325088339195,65.78873239436619,25.547486033519554,DG
2016-05-10,0.002892086330935254,0.314388489208633,0.02291366906474819,0.02285251798561147,43.39160839160839,22.605405405405406,DG
2016-05-11,0.0031731448763250908,0.26395759717314454,0.032452296819787924,0.018060070671378062,24.565371024734983,12.791208791208792,DG
2016-05-12,0.004137323943661965,0.3119718309859153,0.03649116607773848,0.017288732394366176,37.736111111111114,20.386363636363637,DG
2016-05-13,0.0038368055555555555,0.29895833333333305,0.03523611111111108,0.016284722222222194,36.00352112676056,19.398809523809526,DG
2016-05-14,0.003743055555555552,0.3923611111111113,0.034399305555555544,0.013593749999999974,33.27622377622377,16.411458333333332,DG
2016-05-15,0.003586805555555556,0.33055555555555594,0.02713888888888887,0.009888888888888857,32.75347222222222,17.963350785340314,DG
2016-05-16,0.002773049645390073,0.25319148936170177,0.03461837455830386,0.013432624113475157,26.6425855513308,12.946236559139784,DG
2016-05-17,0.003989208633093524,0.3499999999999996,0.03103225806451613,0.02846762589928054,44.43893129770992,23.329842931937172,DG
2016-05-18,0.0037349823321554776,0.39257950530035324,0.04177738515901058,0.03136042402826851,55.08846153846154,33.78947368421053,DG
2016-05-19,0.003712280701754386,0.3631578947368423,0.03664912280701751,0.027687719298245594,52.06273062730627,33.083333333333336,DG
2016-05-20,0.00406944444444444,0.33888888888888896,0.04010763888888884,0.021256944444444415,45.38811188811189,27.116402116402117,DG
2016-05-21,0.0027673611111111132,0.30520833333333297,0.048211805555555536,0.013347222222222186,41.89399293286219,26.872340425531913,DG
2016-05-22,0.0028472222222222245,0.31874999999999953,0.051125,0.01130902777777774,43.65505226480836,30.593582887700535,DG
2016-05-23,0.005050541516245472,0.36823104693140823,0.04893525179856115,0.01824909747292417,46.234042553191486,30.053763440860216,DG
2016-05-24,0.003163120567375889,0.29679715302491083,0.033313167259786454,0.014797872340425513,25.522807017543858,13.870786516853933,DG
2016-05-25,0.0035000000000000027,0.4059440559440561,0.03853496503496506,0.021706293706293674,51.29197080291971,32.81151832460733,DG
2016-05-26,0.0033591549295774676,0.4746478873239433,0.046074204946996475,0.022646643109540603,77.15648854961832,53.645833333333336,DG
2016-05-27,0.003569930069930072,0.46783216783216836,0.06437282229965158,0.017735191637630633,80.48863636363636,54.597883597883595,DG
2016-05-28,0.0035644599303135895,0.4034843205574914,0.052334494773519126,0.021048780487804834,68.34432234432235,43.32804232804233,DG
2016-05-29,0.0027256944444444464,0.37534722222222183,0.045822916666666644,0.01749305555555554,56.35664335664335,36.802083333333336,DG
2016-05-30,0.003645614035087719,0.3891228070175437,0.05669473684210527,0.021554385964912257,56.526315789473685,31.904255319148938,DG
2016-05-31,0.0032428571428571454,0.4107142857142856,0.05707773851590108,0.02207499999999997,70.24113475177305,43.125,DG
2016-06-01,0.002846153846153848,0.28485915492957703,0.05371328671328667,0.00863986013986012,39.97560975609756,17.552083333333332,DG
2016-06-02,0.002625000000000002,0.29464285714285676,0.04259642857142854,0.015128571428571392,29.985964912280703,15.479166666666666,DG
2016-06-03,0.002968309859154932,0.2873684210526313,0.04871328671328666,0.018849122807017515,40.745583038869256,23.328125,DG
2016-06-04,0.004607638888888881,0.3937500000000003,0.027920138888888883,0.02437499999999998,45.98576512455516,29.201058201058203,DG
2016-06-05,0.0022777777777777796,0.2718750000000005,0.04331250000000002,0.007809027777777751,26.05944055944056,15.362162162162162,DG
2016-06-06,0.0019895833333333345,0.27534722222222224,0.03784375000000001,0.00951388888888886,27.12676056338028,16.6524064171123,DG
2016-06-07,0.002489285714285716,0.31,0.031135714285714274,0.014528571428571405,35.43262411347518,21.085561497326204,DG
2016-06-08,0.0037403508771929835,0.3821052631578942,0.021943859649122786,0.02445263157894735,53.12403100775194,36.06043956043956,DG
2016-06-09,0.0029679715302491127,0.363345195729537,0.02945551601423486,0.01842704626334518,52.18021201413428,34.923497267759565,DG
2016-06-10,0.0033006993006993034,0.3723776223776224,0.04852447552447551,0.014129370629370606,52.40070921985816,36.01081081081081,DG
2016-06-11,0.0038090277777777753,0.269791666666667,0.035996527777777766,0.012562499999999964,45.04895104895105,28.82010582010582,DG
2016-06-12,0.003621527777777778,0.289236111111111,0.013517361111111076,0.014482638888888863,46.70383275261324,30.367021276595743,DG
2016-06-13,0.0027112676056338047,0.32218309859154876,0.02542605633802815,0.012883802816901366,45.45263157894737,28.74866310160428,DG
2016-06-14,0.0025036496350364984,0.34532374100719393,0.03680645161290317,0.012906474820143862,47.121863799283155,30.54736842105263,DG
2016-06-15,0.00280487804878049,0.24599303135888528,0.029087108013937248,0.012059233449477324,36.380782918149464,23.643243243243244,DG
2016-06-16,0.002454545454545456,0.24300699300699316,0.03626223776223774,0.011772727272727256,29.17216117216117,16.20855614973262,DG
2016-06-17,0.0028194444444444465,0.31736111111111065,0.05649305555555554,0.01597569444444442,39.908127208480565,24.87958115183246,DG
2016-06-18,0.005124999999999984,0.44722222222222224,0.05233680555555557,0.01746180555555552,50.52982456140351,32.510416666666664,DG
2016-06-19,0.002024305555555557,0.3180555555555553,0.043159722222222224,0.00981944444444442,32.842293906810035,20.983783783783785,DG
2016-06-20,0.002961267605633805,0.3735915492957748,0.035228873239436576,0.022119718309859142,49.66549295774648,31.873684210526317,DG
2016-06-21,0.002737410071942448,0.4061151079136693,0.04644244604316545,0.012694244604316507,53.613240418118465,36.98421052631579,DG
2016-06-22,0.003035211267605636,0.3563380281690145,0.025774647887323927,0.01352112676056335,47.5387323943662,30.81382978723404,DG
2016-06-23,0.0023636363636363655,0.25349650349650366,0.04560839160839161,0.010199300699300676,25.960714285714285,14.04812834224599,DG
2016-06-24,0.0024055944055944075,0.29090909090909095,0.024860139860139834,0.01768181818181816,26.485915492957748,15.222826086956522,DG
2016-06-25,0.0023090277777777796,0.20208333333333345,0.04371480144404331,0.010965277777777747,25.46099290780142,12.724867724867725,DG
2016-06-26,0.0020000000000000013,0.2291666666666667,0.044774305555555546,0.012111111111111095,28.617021276595743,16.773684210526316,DG
2016-06-27,0.0028958333333333353,0.32118055555555564,0.02677083333333333,0.02599999999999998,42.1063829787234,26.121052631578948,DG
2016-06-28,0.002631205673758867,0.30035335689045894,0.03433922261484098,0.0166007067137809,46.2226148409894,30.157894736842106,DG
2016-06-29,0.0025949820788530487,0.25857142857142884,0.03770106761565831,0.01445195729537363,35.2992700729927,22.756613756613756,DG
2016-06-30,0.003570921985815605,0.33085106382978724,0.03184397163120564,0.01443262411347516,39.86832740213523,25.585106382978722,DG
2016-07-01,0.002947916666666669,0.25104166666666683,0.016098591549295733,0.011996527777777755,24.523636363636363,15.180327868852459,DG
2016-07-02,0.0022361111111111128,0.23750000000000027,0.01934982332155475,0.010565972222222197,15.77112676056338,8.668571428571429,DG
2016-07-03,0.0017951388888888902,0.27534722222222274,0.025006944444444443,0.010697916666666647,26.482142857142858,16.06451612903226,DG
2016-07-04,0.002253521126760565,0.3834507042253519,0.021031690140845043,0.014383802816901358,27.68794326241135,17.711229946524064,DG
2016-07-05,0.002581881533101047,0.2916376306620209,0.014581749049429627,0.009742160278745622,27.582456140350878,16.394736842105264,DG
2016-07-06,0.0022261484098939945,0.23250883392226152,0.010797047970479675,0.01314487632508831,19.20849420849421,10.66120218579235,DG
2016-07-07,0.002390151515151517,0.3292592592592592,0.021490774907749033,0.01472118959107804,28.071969696969695,17.0,DG
2016-07-08,0.0026323529411764724,0.22610294117647042,0.02359926470588234,0.0163455882352941,29.84132841328413,17.39887640449438,DG
2016-07-09,0.003225694444444447,0.27326388888888925,0.041288194444444405,0.016534722222222204,41.213523131672595,28.465968586387433,DG
2016-07-10,0.002763888888888891,0.26631944444444433,0.04453472222222219,0.011468749999999974,35.97864768683274,25.526315789473685,DG
2016-07-11,0.0035000000000000027,0.43971631205673717,0.03608510638297871,0.018812056737588612,53.0565371024735,36.854838709677416,DG
2016-07-12,0.0031853146853146877,0.3426573426573422,0.01715034965034961,0.015185314685314647,34.942238267148014,22.51063829787234,DG
2016-07-13,0.0026408450704225373,0.3387323943661973,0.0421859649122807,0.015422535211267581,38.784946236559136,26.25945945945946,DG
2016-07-14,0.0024788732394366215,0.27676056338028204,0.03123591549295774,0.015007042253521107,34.1423487544484,23.0,DG
2016-07-15,0.002380281690140847,0.23626760563380284,0.027894366197183086,0.011658450704225323,17.757142857142856,9.227777777777778,DG
2016-07-16,0.0021875000000000015,0.2545138888888888,0.015211805555555513,0.013006944444444415,22.833922261484098,12.903225806451612,DG
2016-07-17,0.0019236111111111125,0.26631944444444494,0.024246527777777735,0.011190972222222203,20.138686131386862,10.87292817679558,DG
2016-07-18,0.0020000000000000013,0.21678571428571494,0.030561403508771914,0.0115892857142857,18.166666666666668,9.646408839779005,DG
2016-07-19,0.0028280701754385988,0.3936842105263155,0.033049645390070895,0.011550877192982423,40.32857142857143,26.38421052631579,DG
2016-07-20,0.002455830388692581,0.31241134751773014,0.031692579505300314,0.00894346289752648,27.996402877697843,17.13368983957219,DG
2016-07-21,0.00269818181818182,0.31272727272727296,0.032290909090909044,0.010309090909090882,25.398496240601503,15.32,DG
2016-07-22,0.0032888888888888915,0.3150579150579151,0.030711111111111092,0.012214814814814786,24.805860805860807,14.685714285714285,DG
2016-07-23,0.002760416666666669,0.2496212121212123,0.04419097222222223,0.012746527777777746,31.089605734767026,19.405263157894737,DG
2016-07-24,0.0037152777777777765,0.33143939393939387,0.03797569444444442,0.013437499999999976,37.26978417266187,25.016129032258064,DG
2016-07-25,0.0024062500000000017,0.30227272727272736,0.01732986111111108,0.01746180555555553,34.29710144927536,22.320652173913043,DG
2016-07-26,0.0027237762237762256,0.2778625954198475,0.021199300699300667,0.013083916083916059,31.770609318996417,19.02659574468085,DG
2016-07-27,0.003545454545454547,0.24961538461538452,0.022513986013986,0.010325174825174801,25.129032258064516,14.365591397849462,DG
2016-07-28,0.003315972222222225,0.27826086956521734,0.033805555555555554,0.009829861111111083,34.38628158844765,22.97340425531915,DG
2016-07-29,0.003354609929078017,0.3258064516129032,0.037341726618705,0.012241134751773035,50.107142857142854,35.02116402116402,DG
2016-07-30,0.00262152777777778,0.2541666666666666,0.03384285714285715,0.010798611111111084,34.45357142857143,24.33862433862434,DG
2016-07-31,0.0020034722222222238,0.2576388888888889,0.03855516014234874,0.008802083333333302,28.202205882352942,18.702857142857145,DG
2016-08-01,0.0020143369175627253,0.2692592592592591,0.027332142857142836,0.014684587813620045,26.769516728624534,16.77456647398844,DG
2016-08-02,0.001992673992673994,0.30256410256410293,0.022703296703296676,0.015476190476190449,30.895522388059703,19.84,DG
2016-08-03,0.0019655172413793115,0.31918819188191916,0.023479704797047928,0.016527675276752748,29.34980988593156,17.839080459770116,DG
2016-08-04,0.0026125461254612567,0.38426573426573424,0.027419580419580415,0.012220279720279692,35.83571428571429,23.315217391304348,DG
2016-08-05,0.0029505300353356912,0.3783687943262414,0.03060777385159009,0.011007067137809164,29.08,18.6448087431694,DG
2016-08-06,0.0033715277777777806,0.37007575757575767,0.038993055555555545,0.012861111111111082,37.10071942446043,24.40106951871658,DG
2016-08-07,0.0027256944444444464,0.26666666666666683,0.03291319444444441,0.011496527777777757,33.028985507246375,22.02173913043478,DG
2016-08-08,0.003258865248226953,0.3443181818181816,0.030787234042553166,0.018531914893616996,38.854609929078016,24.629032258064516,DG
2016-08-09,0.003021276595744683,0.32953736654804267,0.030326241134751734,0.014404255319148903,32.416058394160586,17.510752688172044,DG
2016-08-10,0.0037216117216117223,0.37445255474452555,0.03769343065693428,0.016259124087591226,32.92941176470588,20.958115183246072,DG
2016-08-11,0.0031936758893280656,0.3533596837944664,0.041636363636363596,0.017691699604743046,44.15126050420168,29.21818181818182,DG
2016-08-12,0.0029689922480620177,0.37713178294573657,0.04906201550387599,0.02093023255813951,47.09561752988048,30.22012578616352,DG
2016-08-13,0.0031215277777777804,0.31319444444444466,0.04320486111111113,0.018586805555555534,37.74632352941177,25.542105263157893,DG
2016-08-14,0.0025243055555555574,0.2753472222222228,0.03953125,0.00898958333333331,33.99267399267399,23.315217391304348,DG
2016-08-15,0.002843750000000002,0.2836805555555555,0.03621874999999997,0.008208333333333309,33.83216783216783,22.675977653631286,DG
2016-08-16,0.0031754385964912306,0.38245614035087716,0.03774999999999995,0.009933333333333304,28.5970695970696,17.17837837837838,DG
2016-08-17,0.0034360902255639123,0.35939849624060105,0.037689138576778976,0.01204135338345863,29.854477611940297,17.34659090909091,DG
2016-08-18,0.0032810218978102214,0.3368613138686131,0.035576642335766406,0.01090510948905107,26.95571955719557,15.091954022988507,DG
2016-08-19,0.0033684210526315817,0.3326315789473682,0.03631929824561402,0.010961403508771901,26.581560283687942,14.471204188481675,DG
2016-08-20,0.0029583333333333354,0.2888888888888896,0.030256944444444402,0.009347222222222203,22.95744680851064,11.047120418848168,DG
2016-08-21,0.002444444444444446,0.25347222222222254,0.03169791666666667,0.007635416666666634,17.256410256410255,8.772486772486772,DG
2016-08-22,0.002594306049822066,0.30533807829181514,0.03261209964412809,0.010957295373665457,22.78014184397163,10.963350785340314,DG
2016-08-23,0.0029647887323943686,0.33133802816901464,0.033218309859154874,0.009644366197183066,22.60211267605634,10.757894736842106,DG
2016-08-24,0.0037147887323943675,0.36443661971831015,0.03543309859154926,0.01246478873239434,22.455197132616487,11.101063829787234,DG
2016-08-25,0.003025089605734769,0.32186379928315473,0.03624731182795697,0.01467741935483869,25.4568345323741,13.720670391061452,DG
2016-08-26,0.0026052631578947385,0.2931818181818182,0.024597744360902236,0.015541353383458629,24.235955056179776,13.145348837209303,DG
2016-08-27,0.0021736111111111127,0.1954545454545458,0.02402083333333331,0.010249999999999974,18.29151291512915,6.205263157894737,DG
2016-08-28,0.0020173611111111126,0.21553030303030307,0.020298611111111083,0.010079861111111085,10.641509433962264,4.603174603174603,DG
2016-08-29,0.002200704225352114,0.19670329670329706,0.021154929577464752,0.011577464788732372,12.70357142857143,5.346153846153846,DG
2016-08-30,0.0027762237762237784,0.2433566433566436,0.02271678321678319,0.0166363636363636,24.0,10.884816753926701,DG
2016-08-31,0.002741134751773052,0.25815602836879464,0.04303533568904593,0.009758865248226922,30.04946996466431,11.354166666666666,DG
2016-09-01,0.004347517730496445,0.42659574468085115,0.07998233215547697,0.012379432624113446,61.16083916083916,35.010471204188484,DG
2016-09-02,0.00229268292682927,0.36062717770034813,0.03833449477351916,0.01689895470383271,27.27956989247312,18.48633879781421,DG
2016-09-03,0.0022604166666666684,0.38020833333333315,0.025402777777777732,0.018229166666666633,18.017605633802816,10.693181818181818,DG
2016-09-04,0.002409722222222224,0.36388888888888876,0.01902083333333329,0.012732638888888856,36.32631578947368,21.317460317460316,DG
2016-09-05,0.002725925925925928,0.3648148148148144,0.01595488721804508,0.018085185185185173,32.28,19.526011560693643,DG
2016-09-06,0.0034029304029304054,0.37802197802197773,0.01916791044776116,0.025868131868131864,50.27007299270073,28.427777777777777,DG
2016-09-07,0.003906249999999997,0.4951388888888883,0.024819444444444415,0.027833333333333297,74.33684210526316,45.713541666666664,DG
2016-09-08,0.0035328467153284697,0.32481751824817523,0.036463503649635,0.01816788321167881,40.91544117647059,24.747311827956988,DG
2016-09-09,0.0034962686567164207,0.40932835820895497,0.03837686567164175,0.01671268656716412,46.678966789667896,29.486631016042782,DG
2016-09-10,0.0034375000000000026,0.3767361111111111,0.02542361111111109,0.015899305555555514,47.63028169014085,29.911458333333332,DG
2016-09-11,0.0031284722222222248,0.2902777777777775,0.025586805555555536,0.009902777777777746,28.463414634146343,15.505208333333334,DG
2016-09-12,0.0024773519163763086,0.2508710801393727,0.01922299651567941,0.018665505226480802,24.55,13.757894736842106,DG
2016-09-13,0.0025664335664335684,0.23496503496503482,0.024055944055944047,0.01712937062937061,27.083623693379792,13.25925925925926,DG
2016-09-14,0.0022638888888888904,0.2579861111111111,0.02675347222222221,0.012520833333333299,23.354385964912282,11.68,DG
2016-09-15,0.002781250000000002,0.41909722222222245,0.026336805555555513,0.012940972222222204,36.03472222222222,20.770114942528735,DG
2016-09-16,0.00249652777777778,0.39166666666666655,0.017434027777777764,0.014503472222222195,42.810526315789474,26.49214659685864,DG
2016-09-17,0.0021875000000000015,0.22673611111111114,0.022173611111111085,0.01191319444444442,15.273684210526316,9.345679012345679,DG
2016-09-18,0.0021701388888888903,0.19756944444444471,0.020951388888888846,0.011555555555555526,14.532142857142857,7.347593582887701,DG
2016-09-19,0.0022918287937743207,0.2225680933852142,0.016680933852140048,0.013821011673151716,22.344444444444445,9.261363636363637,DG
2016-09-20,0.0020000000000000013,0.1955823293172695,0.024469879518072245,0.012309236947791137,19.377431906614785,8.333333333333334,DG
2016-09-21,0.0023574144486692033,0.29049429657794695,0.019459459459459427,0.017783269961977148,36.3574144486692,22.89375,DG
2016-09-22,0.0023612167300380246,0.31064638783269966,0.01899999999999997,0.02010266159695815,38.48062015503876,25.19254658385093,DG
2016-09-23,0.0026131386861313888,0.3598540145985405,0.022941605839416023,0.016251824817518225,34.02554744525548,22.852272727272727,DG
2016-09-24,0.0027534722222222244,0.38298611111111114,0.02551041666666663,0.015107638888888874,32.2027972027972,20.867724867724867,DG
2016-09-25,0.0025729166666666687,0.4152777777777784,0.020763888888888846,0.018975694444444413,35.05281690140845,23.19371727748691,DG
2016-09-26,0.0026925925925925945,0.5117647058823532,0.009389705882352911,0.023374999999999965,46.81521739130435,31.813186813186814,DG
2016-09-27,0.0023643410852713194,0.3995967741935483,0.018967999999999964,0.01918217054263562,39.651162790697676,27.153846153846153,DG
2016-09-28,0.002254752851711028,0.29809160305343535,0.015688212927756608,0.017205323193916308,29.2007722007722,18.785310734463277,DG
2016-09-29,0.001866666666666668,0.22185185185185216,0.02284444444444442,0.010166666666666645,19.206766917293233,8.128654970760234,DG
2016-09-30,0.002222614840989401,0.313780918727915,0.006420494699646612,0.01956890459363955,23.0531914893617,12.8,DG
2016-10-01,0.0021840277777777795,0.42187499999999994,0.005899305555555526,0.019090277777777744,29.15,18.781420765027324,DG
2016-10-02,0.002506944444444446,0.46423611111111096,0.012131944444444412,0.01785763888888887,37.30960854092527,24.63783783783784,DG
2016-10-03,0.0026354166666666687,0.3395833333333333,0.007493055555555523,0.015093749999999974,29.914893617021278,18.754010695187166,DG
2016-10-04,0.0023096085409252684,0.3149466192170819,0.02318149466192171,0.012391459074733059,32.05185185185185,17.573863636363637,DG
2016-10-05,0.0022160278745644614,0.2916376306620208,0.024101045296167224,0.012930313588850146,17.926356589147286,10.10204081632653,DG
2016-10-06,0.0026035714285714304,0.3514285714285711,0.024085714285714283,0.016417857142857123,34.86346863468635,20.196531791907514,DG
2016-10-07,0.0020526315789473697,0.28175438596491187,0.02176842105263155,0.014694736842105238,25.236641221374047,12.64367816091954,DG
2016-10-08,0.002381944444444446,0.34270833333333334,0.01457638888888885,0.019927083333333304,22.738351254480285,13.590361445783133,DG
2016-10-09,0.0020486111111111126,0.2756944444444442,0.029239583333333312,0.009767361111111084,20.5,10.925925925925926,DG
2016-10-10,0.002505300353356892,0.2936395759717311,0.016353356890459317,0.019406360424028234,25.037037037037038,13.717791411042946,DG
2016-10-11,0.0029710144927536253,0.3807971014492754,0.008706521739130398,0.02376086956521737,33.535714285714285,19.029761904761905,DG
2016-10-12,0.0033720930232558166,0.4240310077519382,0.022883720930232544,0.023193798449612377,53.75833333333333,32.101190476190474,DG
2016-10-13,0.0030813953488372115,0.40155038759689915,0.013441860465116239,0.02875968992248061,48.426829268292686,29.36969696969697,DG
2016-10-14,0.0031212121212121236,0.4662878787878786,0.0164242424242424,0.03209090909090907,58.31558935361217,36.44134078212291,DG
2016-10-15,0.0032121212121212148,0.5882575757575759,0.0225492424242424,0.025178030303030282,70.22813688212928,44.286458333333336,DG
2016-10-16,0.002625000000000002,0.44318181818181845,0.01482575757575756,0.019901515151515125,44.383141762452105,32.39506172839506,DG
2016-10-17,0.002312252964426879,0.3802371541501976,0.013529644268774671,0.02176679841897231,27.28048780487805,18.179012345679013,DG
2016-10-18,0.003012765957446811,0.48382978723404263,0.01878723404255315,0.02360425531914891,57.05531914893617,34.65030674846626,DG
2016-10-19,0.0032184873949579855,0.5180672268907566,0.012126050420168033,0.027214285714285687,57.229166666666664,35.19642857142857,DG
2016-10-20,0.0031465517241379332,0.4934210526315789,0.022939655172413774,0.023806034482758604,67.62605042016807,39.36309523809524,DG
2016-10-21,0.0022820512820512836,0.27863247863247814,0.03058723404255316,0.011495726495726473,38.28389830508475,16.285714285714285,DG
2016-10-22,0.0026416666666666685,0.30124999999999974,0.018695833333333318,0.016266666666666648,28.329166666666666,14.083832335329342,DG
2016-10-23,0.0018666666666666682,0.24166666666666717,0.028608333333333326,0.007204166666666646,20.810924369747898,9.107784431137725,DG
2016-10-24,0.0022118644067796625,0.2334745762711871,0.022182203389830485,0.013894067796610147,21.0168776371308,9.154761904761905,DG
2016-10-25,0.0038464912280701783,0.37807017543859667,0.009929824561403481,0.024473684210526266,26.952173913043477,13.74705882352941,DG
2016-10-26,0.0025887850467289737,0.43831775700934555,0.012733644859813048,0.02460280373831773,34.013888888888886,19.373493975903614,DG
2016-10-27,0.0026190476190476207,0.4033333333333332,0.014576190476190446,0.01945714285714283,41.458333333333336,20.113095238095237,DG
2016-10-28,0.0023302325581395365,0.3176744186046512,0.016237209302325552,0.019176744186046493,22.47846889952153,10.427710843373495,DG
2016-10-29,0.0024218009478673003,0.36161137440758284,0.015753554502369635,0.02127962085308055,43.46666666666667,22.595238095238095,DG
2016-10-30,0.0024768518518518533,0.2930555555555558,0.019199074074074046,0.018361111111111092,32.7887323943662,17.08433734939759,DG
2016-10-31,0.0039027777777777806,0.4481481481481482,0.003129629629629632,0.03167592592592591,46.99065420560748,25.186746987951807,DG
2016-11-01,0.0025311004784689013,0.26602870813397167,0.022167464114832516,0.01812440191387557,28.30188679245283,13.48993288590604,DG
2016-11-02,0.0032824074074074097,0.30925925925925923,0.0193796296296296,0.024300925925925906,31.10900473933649,15.634730538922156,DG
2016-11-03,0.004361904761904766,0.5433333333333332,0.008490476190476166,0.0344238095238095,60.88669950738916,35.0,DG
2016-11-04,0.00446478873239437,0.6549295774647884,0.010206572769953008,0.03647417840375585,67.13488372093023,41.1437125748503,DG
2016-11-05,0.004379629629629633,0.7064814814814814,0.011555555555555512,0.035986111111111094,65.63425925925925,41.22754491017964,DG
2016-11-06,0.002259259259259261,0.40694444444444505,0.021467592592592562,0.015777777777777755,41.324074074074076,25.488095238095237,DG
2016-11-07,0.0030000000000000022,0.4876190476190476,0.014690476190476151,0.025857142857142836,47.48341232227488,28.96951219512195,DG
2016-11-08,0.002495370370370372,0.44907407407407357,0.022662037037037026,0.019287037037037005,43.611374407582936,29.58641975308642,DG
2016-11-09,0.0029150943396226434,0.4481132075471696,0.017608490566037697,0.026872641509433946,54.83495145631068,37.30722891566265,DG
2016-11-10,0.003747663551401872,0.5359813084112147,0.008836448598130823,0.03126635514018688,49.334883720930236,30.333333333333332,DG
2016-11-11,0.0033396226415094363,0.5108490566037738,0.01230660377358487,0.02691037735849055,51.27906976744186,28.365269461077844,DG
2016-11-12,0.004847222222222224,0.6791666666666665,0.008671296296296259,0.03612037037037035,71.65581395348838,39.154761904761905,DG
2016-11-13,0.004393518518518522,0.8046296296296302,0.00560185185185184,0.03816203703703702,74.01851851851852,45.10778443113772,DG
2016-11-14,0.005296296296296298,0.8180555555555558,0.003620370370370373,0.039666666666666656,74.70370370370371,45.791666666666664,DG
2016-11-15,0.003750000000000003,0.4636792452830185,0.017665094339622607,0.02438207547169808,49.791666666666664,24.25595238095238,DG
2016-11-16,0.0043849765258215994,0.5267605633802817,0.009455399061032828,0.036192488262910764,50.45070422535211,26.01829268292683,DG
2016-11-17,0.005259259259259258,0.6592592592592594,0.013555555555555519,0.03912499999999998,82.38888888888889,43.8502994011976,DG
2016-11-18,0.005224880382775121,0.8177033492822962,0.003728571428571431,0.04801435406698562,94.73953488372094,57.32142857142857,DG
2016-11-19,0.0035231481481481507,0.5972222222222223,0.007370370370370344,0.030592592592592557,54.136792452830186,38.375757575757575,DG
2016-11-20,0.002962962962962965,0.5763888888888893,0.019296296296296263,0.019453703703703668,40.85849056603774,27.25153374233129,DG
2016-11-21,0.0035794392523364514,0.5948837209302321,0.007893023255813932,0.029074418604651143,48.62149532710281,27.428571428571427,DG
2016-11-22,0.0030187793427230067,0.4523364485981308,0.014518691588785014,0.02119158878504669,39.46046511627907,23.37888198757764,DG
2016-11-23,0.0029627906976744207,0.3180952380952376,0.014944444444444404,0.020827906976744165,30.940298507462686,16.67763157894737,DG
2016-11-24,0.0030528846153846175,0.3108808290155441,0.02103846153846153,0.017384615384615363,24.559585492227978,12.437037037037037,DG
2016-11-25,0.0038177570093457973,0.42289719626168204,0.01808878504672895,0.02445327102803735,33.60747663551402,19.78125,DG
2016-11-26,0.004740740740740743,0.7046296296296292,0.002342592592592594,0.03960185185185182,69.06511627906977,48.57142857142857,DG
2016-11-27,0.003356481481481484,0.5467592592592593,0.010231481481481456,0.027916666666666635,57.06481481481482,42.18787878787879,DG
2016-11-28,0.0036018518518518543,0.6694444444444444,0.01218981481481477,0.02821759259259257,75.09661835748793,41.35928143712575,DG
2016-11-29,0.004306603773584909,0.4896226415094346,0.012061320754716944,0.031509433962264126,34.20283018867924,19.88198757763975,DG
2016-11-30,0.006849765258215955,0.7999999999999996,0.002572769953051645,0.0454882629107981,79.54166666666667,48.976190476190474,DG
2016-12-01,0.0037932692307692337,0.5112745098039211,0.01564903846153842,0.022432692307692292,54.742990654205606,31.75,DG
2016-12-02,0.0038181818181818213,0.4060185185185184,0.01436574074074071,0.026199074074074055,30.086124401913874,14.826347305389222,DG
2016-12-03,0.0050648148148148145,0.6393518518518518,0.006074074074074061,0.03921759259259256,54.06132075471698,30.88095238095238,DG
2016-12-04,0.004856481481481484,0.7995370370370366,0.0029583333333333354,0.0372824074074074,60.81395348837209,40.04761904761905,DG
2016-12-05,0.005507109004739336,0.8421800947867293,0.011545023696682422,0.03572985781990518,87.25592417061611,54.71951219512195,DG
2016-12-06,0.003165876777251187,0.35924170616113704,0.021056872037914655,0.01911374407582936,33.66981132075472,15.771084337349398,DG
2016-12-07,0.005492957746478874,0.6464788732394363,0.0028028169014084527,0.0402018779342723,54.04761904761905,31.18562874251497,DG
2016-12-08,0.005731481481481477,0.8347222222222226,0.005986111111111097,0.04469907407407408,82.6355140186916,50.910714285714285,DG
2016-12-09,0.004437209302325585,0.6469767441860467,0.014251162790697634,0.030618604651162763,59.23720930232558,36.51204819277108,DG
2016-12-10,0.003171296296296299,0.4125,0.016504629629629588,0.023828703703703675,28.87735849056604,16.533742331288344,DG
2016-12-11,0.0033240740740740765,0.527314814814815,0.009227906976744159,0.031860465116279074,36.69626168224299,22.475609756097562,DG
2016-12-12,0.006107476635514015,0.8154205607476634,0.0031408450704225373,0.04619626168224295,65.11627906976744,38.45180722891566,DG
2016-12-13,0.006071090047393364,0.8393364928909955,0.004056872037914694,0.04510426540284361,69.29166666666667,40.11309523809524,DG
2016-12-14,0.004436619718309862,0.5469483568075116,0.010262910798122039,0.028267605633802814,60.00925925925926,40.79761904761905,DG
2016-12-15,0.002784037558685448,0.3258215962441311,0.021352112676056308,0.016212264150943366,38.44075829383886,23.13095238095238,DG
2016-12-16,0.0038651162790697704,0.3311627906976739,0.0195348837209302,0.018813084112149502,26.649289099526065,13.548780487804878,DG
2016-12-17,0.004870370370370373,0.5800925925925924,0.011060185185185154,0.03459259259259257,49.497630331753555,27.593939393939394,DG
2016-12-18,0.00364761904761905,0.6561904761904765,0.009109523809523786,0.03353846153846153,51.63157894736842,33.24528301886792,DG
2016-12-19,0.004698113207547173,0.8806603773584898,0.001825471698113209,0.043304761904761895,67.9392523364486,46.383233532934135,DG
2016-12-20,0.004101851851851855,0.7106481481481487,0.004203703703703706,0.03436363636363634,69.57075471698113,44.48795180722892,DG
2016-12-21,0.003990430622009572,0.8524038461538456,0.0016937799043062213,0.03333333333333333,69.63888888888889,42.626506024096386,DG
2016-12-22,0.003867298578199055,0.5805687203791466,0.016639810426540242,0.02005213270142178,22.009756097560974,11.84375,DG
2016-12-23,0.002775700934579441,0.3242990654205601,0.026158878504672873,0.009822429906542036,24.495238095238093,14.365853658536585,DG
2016-12-24,0.003583333333333336,0.49074074074074076,0.014458333333333295,0.01978240740740738,48.546728971962615,35.52439024390244,DG
2016-12-25,0.003981481481481484,0.7347222222222219,0.005666666666666658,0.03070422535211266,64.45370370370371,46.47305389221557,DG
2016-12-26,0.004320574162679429,0.8129186602870813,0.0026315789473684223,0.03476076555023922,60.13551401869159,42.79012345679013,DG
2016-12-27,0.0030130293159609145,0.37605633802816896,0.020403908794788244,0.01839087947882733,30.406143344709896,19.3551912568306,DG
2016-12-28,0.004867986798679858,0.4798586572438164,0.010249999999999954,0.031106529209621973,37.47402597402598,20.46524064171123,DG
2016-12-29,0.004532467532467522,0.4531690140845074,0.016016233766233734,0.023814814814814775,35.40192926045016,18.826315789473686,DG
2016-12-30,0.0041774193548387035,0.41409395973154345,0.015529032258064481,0.024612244897959174,27.273026315789473,14.393617021276595,DG
2016-12-31,0.004644230769230759,0.6137820512820514,0.011112179487179439,0.032050675675675655,46.79421221864952,28.73404255319149,DG
2017-01-01,0.0037692307692307695,0.8384615384615385,0.0020769230769230773,0.03874999999999999,50.53846153846154,34.42857142857143,DG
2016-01-01,0.0037086956521739157,0.7030434782608701,0.009821739130434761,0.022765217391304313,55.79565217391304,44.608695652173914,DJ
2016-01-02,0.003991666666666669,0.5991666666666674,0.017504166666666647,0.02279583333333329,47.15833333333333,31.166666666666668,DJ
2016-01-03,0.004475000000000001,0.8133333333333338,0.01386666666666662,0.022499999999999982,60.936708860759495,43.82608695652174,DJ
2016-01-04,0.00515833333333333,0.6354166666666665,0.022183333333333315,0.023174999999999977,84.49166666666666,65.54166666666667,DJ
2016-01-05,0.004862499999999998,0.37958333333333283,0.010395833333333307,0.024191666666666646,31.65,16.19047619047619,DJ
2016-01-06,0.005866666666666655,0.5912499999999999,0.005766666666666658,0.030369747899159662,56.704166666666666,32.666666666666664,DJ
2016-01-07,0.00464583333333333,0.4154166666666667,0.015858333333333304,0.018520833333333306,44.2125,25.095238095238095,DJ
2016-01-08,0.0046083333333333315,0.43250000000000005,0.012462499999999965,0.022266666666666646,34.25,18.041666666666668,DJ
2016-01-09,0.004383333333333335,0.4524999999999994,0.014133333333333295,0.021624999999999967,35.0375,19.708333333333332,DJ
2016-01-10,0.004718487394957981,0.5595833333333338,0.01597083333333331,0.021170833333333305,49.90416666666667,32.041666666666664,DJ
2016-01-11,0.005584745762711859,0.6279661016949157,0.008898305084745744,0.027461538461538447,46.351694915254235,25.875,DJ
2016-01-12,0.005089361702127654,0.5720338983050849,0.011216101694915232,0.025156779661016922,42.34322033898305,25.26086956521739,DJ
2016-01-13,0.003237500000000002,0.4166666666666671,0.01727916666666664,0.016824999999999972,31.405857740585773,14.714285714285714,DJ
2016-01-14,0.004200000000000003,0.44250000000000017,0.01865416666666664,0.01931666666666664,38.22268907563025,19.5,DJ
2016-01-15,0.005429166666666665,0.795,0.00817083333333332,0.03154393305439328,59.733050847457626,34.041666666666664,DJ
2016-01-16,0.005104166666666662,0.9779166666666668,0.004716666666666661,0.035315126050420136,87.15416666666667,58.0,DJ
2016-01-17,0.005708333333333326,0.9129166666666667,0.0041171548117154835,0.032924999999999975,73.4,55.208333333333336,DJ
2016-01-18,0.0028931623931623953,0.47307692307692334,0.019846153846153822,0.015760683760683743,36.25321888412017,25.42105263157895,DJ
2016-01-19,0.002500000000000002,0.32564102564102604,0.023551282051282017,0.010324786324786303,19.808695652173913,6.583333333333333,DJ
2016-01-20,0.004704166666666663,0.39791666666666614,0.013220833333333301,0.020404166666666636,36.91213389121339,22.25,DJ
2016-01-21,0.006724576271186425,0.5555084745762713,0.007241525423728799,0.0284152542372881,49.280851063829786,35.291666666666664,DJ
2016-01-22,0.005790794979079487,0.5652719665271971,0.008757322175732198,0.02733472803347279,42.075630252100844,25.217391304347824,DJ
2016-01-23,0.006479166666666643,0.3291666666666665,0.020466666666666637,0.01338749999999998,30.464435146443513,15.25,DJ
2016-01-24,0.0046071428571428565,0.33973214285714265,0.021683035714285703,0.010933035714285697,25.790178571428573,16.82608695652174,DJ
2016-01-25,0.005142222222222217,0.5656387665198241,0.010312775330396455,0.023879999999999964,51.370044052863435,21.833333333333332,DJ
2016-01-26,0.006315789473684192,0.6656521739130442,0.009182608695652152,0.02854347826086953,66.35652173913043,38.125,DJ
2016-01-27,0.0076041666666666384,0.8766666666666668,0.010758333333333304,0.030662499999999985,74.7,47.38095238095238,DJ
2016-01-28,0.006624999999999987,0.8999999999999996,0.005008333333333326,0.034499999999999954,85.10833333333333,63.791666666666664,DJ
2016-01-29,0.00412916666666667,0.42833333333333357,0.01584166666666665,0.021824999999999987,29.610878661087867,20.666666666666668,DJ
2016-01-30,0.005099999999999995,0.5495833333333336,0.00882499999999997,0.023237499999999973,34.69583333333333,25.208333333333332,DJ
2016-01-31,0.004987499999999991,0.43375000000000036,0.018374999999999978,0.01609999999999997,40.75416666666667,22.583333333333332,DJ
2016-02-01,0.004445378151260503,0.34458333333333296,0.02202499999999998,0.014920833333333296,32.9,16.7,DJ
2016-02-02,0.004962499999999996,0.4591666666666664,0.014595833333333304,0.02266249999999997,40.97071129707113,22.594202898550726,DJ
2016-02-03,0.0050083333333333264,0.5995833333333335,0.014562499999999973,0.02576249999999997,50.607594936708864,28.791666666666668,DJ
2016-02-04,0.005287499999999992,0.6483333333333334,0.015104166666666639,0.027095833333333326,51.63333333333333,32.333333333333336,DJ
2016-02-05,0.005155462184873942,0.5245833333333334,0.01642916666666664,0.024419213973799102,42.82845188284519,21.680555555555557,DJ
2016-02-06,0.005079831932773101,0.4583333333333332,0.02153749999999997,0.019033333333333305,43.920833333333334,23.083333333333332,DJ
2016-02-07,0.004100418410041844,0.47999999999999965,0.01806249999999997,0.018891666666666636,41.016666666666666,24.305555555555557,DJ
2016-02-08,0.0053208333333333285,0.5462499999999998,0.029370833333333304,0.015462499999999973,61.84166666666667,35.625,DJ
2016-02-09,0.00421666666666667,0.36750000000000027,0.030929166666666633,0.010433333333333319,55.020833333333336,29.958333333333332,DJ
2016-02-10,0.00410416666666667,0.5441666666666667,0.012058333333333315,0.024533039647577057,38.75416666666667,21.13888888888889,DJ
2016-02-11,0.005966666666666663,0.7775000000000003,0.010658333333333297,0.030515283842794724,47.9789029535865,28.430555555555557,DJ
2016-02-12,0.00414166666666667,0.8470833333333334,0.006716666666666652,0.03300416666666664,37.45569620253165,24.791666666666668,DJ
2016-02-13,0.0043833333333333354,0.9599999999999999,0.006937499999999985,0.02687499999999996,26.270833333333332,16.430555555555557,DJ
2016-02-14,0.002020833333333335,0.2683333333333341,0.024845833333333324,0.007266666666666648,29.65,15.708333333333334,DJ
2016-02-15,0.0025720338983050866,0.2724576271186442,0.028266949152542357,0.009889830508474553,31.153191489361703,14.041666666666666,DJ
2016-02-16,0.0025470085470085486,0.34529914529914457,0.023970085470085445,0.012649572649572624,32.837606837606835,17.542857142857144,DJ
2016-02-17,0.0034416666666666693,0.3504166666666669,0.019133333333333304,0.017004166666666633,32.24583333333333,13.916666666666666,DJ
2016-02-18,0.004245833333333336,0.48499999999999904,0.021191666666666643,0.021579166666666646,43.49166666666667,21.5,DJ
2016-02-19,0.005162499999999997,0.6329166666666662,0.014612499999999964,0.027608333333333315,78.26666666666667,38.888888888888886,DJ
2016-02-20,0.004020833333333336,0.5212499999999997,0.015979166666666624,0.023516666666666627,75.87916666666666,33.486111111111114,DJ
2016-02-21,0.003379166666666669,0.3258333333333333,0.026924999999999987,0.01292499999999998,30.55,15.305555555555555,DJ
2016-02-22,0.00398717948717949,0.4769230769230774,0.012598290598290575,0.02576495726495724,43.06410256410256,22.585714285714285,DJ
2016-02-23,0.0038008474576271215,0.41483050847457603,0.02284745762711862,0.018118644067796577,62.71186440677966,31.34285714285714,DJ
2016-02-24,0.003316666666666669,0.31374999999999975,0.026199999999999987,0.01303749999999997,30.291666666666668,15.916666666666666,DJ
2016-02-25,0.003912500000000003,0.3949999999999996,0.024124999999999956,0.017066666666666626,40.983333333333334,20.52777777777778,DJ
2016-02-26,0.003075000000000002,0.5187500000000008,0.024804166666666634,0.020087499999999977,67.50416666666666,49.09722222222222,DJ
2016-02-27,0.00397916666666667,0.5333333333333334,0.021249999999999988,0.02294166666666663,63.56666666666667,43.86363636363637,DJ
2016-02-28,0.003695833333333336,0.6712499999999998,0.008095833333333323,0.02751249999999998,68.37916666666666,52.442622950819676,DJ
2016-02-29,0.0031000000000000025,0.32291666666666635,0.030516666666666636,0.012137499999999978,44.979166666666664,23.092307692307692,DJ
2016-03-01,0.0031625000000000025,0.3533333333333329,0.026249999999999964,0.01412916666666664,36.1625,22.154929577464788,DJ
2016-03-02,0.003662500000000003,0.423333333333333,0.02271666666666665,0.01872499999999996,34.55648535564853,19.875,DJ
2016-03-03,0.004583333333333332,0.6095833333333333,0.013366666666666634,0.029829166666666625,56.82083333333333,28.430555555555557,DJ
2016-03-04,0.0043625,0.6824999999999996,0.006358333333333324,0.030095833333333332,65.82916666666667,39.43055555555556,DJ
2016-03-05,0.0030083333333333355,0.4579166666666661,0.014162499999999963,0.018062499999999967,22.325,15.903225806451612,DJ
2016-03-06,0.002725000000000002,0.3099999999999994,0.020695833333333295,0.013416666666666643,54.43333333333333,20.87323943661972,DJ
2016-03-07,0.0037866108786610907,0.44624999999999937,0.013616666666666635,0.021408333333333304,89.10504201680672,27.0,DJ
2016-03-08,0.004237500000000003,0.36666666666666636,0.015674999999999963,0.020729166666666646,81.475,26.01388888888889,DJ
2016-03-09,0.003662500000000003,0.3358333333333332,0.022604166666666634,0.014924999999999964,48.85,16.65277777777778,DJ
2016-03-10,0.003695833333333336,0.3091666666666664,0.02712916666666665,0.011966666666666634,35.2125,12.958333333333334,DJ
2016-03-11,0.0034916666666666694,0.3308333333333332,0.026320833333333314,0.01445416666666664,36.85,18.0,DJ
2016-03-12,0.004295833333333335,0.40875,0.023891666666666644,0.018708333333333306,55.9875,24.541666666666668,DJ
2016-03-13,0.005308333333333328,0.5120833333333336,0.023491666666666636,0.023591666666666643,79.3,40.90277777777778,DJ
2016-03-14,0.0044125000000000015,0.5579166666666668,0.024420833333333315,0.024254166666666643,86.65416666666667,56.31944444444444,DJ
2016-03-15,0.00501666666666666,0.5850000000000002,0.019866666666666637,0.025329166666666635,67.7875,36.93055555555556,DJ
2016-03-16,0.005270833333333324,0.5145833333333332,0.021358333333333306,0.02599583333333332,65.375,34.75,DJ
2016-03-17,0.004250000000000003,0.5191666666666664,0.016745833333333307,0.02741666666666665,57.08119658119658,28.52777777777778,DJ
2016-03-18,0.003216666666666669,0.5637500000000008,0.0076249999999999825,0.027704166666666624,48.204166666666666,31.666666666666668,DJ
2016-03-19,0.002866666666666669,0.5145833333333336,0.020808333333333286,0.01920416666666664,58.15416666666667,31.944444444444443,DJ
2016-03-20,0.0026916666666666686,0.4320833333333333,0.02756666666666665,0.013575107296137305,66.9875,34.888888888888886,DJ
2016-03-21,0.0026906779661016967,0.45338983050847476,0.026533898305084708,0.017454954954954922,54.814655172413794,31.114285714285714,DJ
2016-03-22,0.0032948717948717973,0.45427350427350444,0.03447863247863246,0.01830341880341877,56.34782608695652,32.285714285714285,DJ
2016-03-23,0.003141666666666669,0.407916666666667,0.03445833333333333,0.015933333333333306,68.94166666666666,40.44444444444444,DJ
2016-03-24,0.0030833333333333355,0.3670833333333333,0.02372499999999996,0.01726249999999997,43.2875,20.65277777777778,DJ
2016-03-25,0.0036291666666666694,0.4291666666666665,0.023745833333333296,0.018908333333333305,54.19747899159664,26.708333333333332,DJ
2016-03-26,0.0031458333333333355,0.41250000000000014,0.029158333333333307,0.017674999999999965,61.2,36.541666666666664,DJ
2016-03-27,0.0035041666666666693,0.39791666666666664,0.03644583333333331,0.014229166666666642,53.545833333333334,33.138888888888886,DJ
2016-03-28,0.004059829059829063,0.48418803418803397,0.03558547008547007,0.021589743589743554,61.9,34.44285714285714,DJ
2016-03-29,0.004008474576271189,0.4923728813559327,0.0476313559322034,0.01743220338983048,87.89406779661017,45.55555555555556,DJ
2016-03-30,0.004045833333333336,0.40999999999999975,0.04194166666666664,0.01830833333333331,71.275,32.06944444444444,DJ
2016-03-31,0.004237500000000002,0.528333333333333,0.019691666666666646,0.029374999999999953,67.59915611814345,27.694444444444443,DJ
2016-04-01,0.004245833333333335,0.5070833333333338,0.025541666666666643,0.028412499999999983,68.31601731601732,27.875,DJ
2016-04-02,0.003612500000000003,0.4487499999999999,0.039129166666666666,0.022787499999999964,71.38297872340425,33.986111111111114,DJ
2016-04-03,0.003783333333333336,0.44541666666666635,0.045620833333333326,0.016012499999999968,79.05,46.57377049180328,DJ
2016-04-04,0.0020598290598290614,0.342307692307692,0.03188034188034186,0.012995726495726471,23.504273504273506,13.914285714285715,DJ
2016-04-05,0.0033766233766233792,0.30344827586206874,0.03324999999999999,0.01849568965517239,42.185344827586206,14.915492957746478,DJ
2016-04-06,0.003252100840336137,0.4512605042016807,0.03299159663865542,0.028252100840336105,54.733050847457626,21.625,DJ
2016-04-07,0.0019333333333333349,0.39541666666666636,0.04162083333333335,0.021258333333333313,22.790794979079497,11.916666666666666,DJ
2016-04-08,0.0029330543933054416,0.417083333333333,0.040266666666666645,0.021066666666666647,81.88333333333334,29.291666666666668,DJ
2016-04-09,0.004112500000000003,0.5591666666666674,0.06160833333333329,0.021020833333333305,134.0,44.625,DJ
2016-04-10,0.003255230125523015,0.5745833333333334,0.060912499999999974,0.01686666666666665,151.58333333333334,52.611111111111114,DJ
2016-04-11,0.0020291666666666683,0.37500000000000017,0.04422499999999996,0.014891666666666638,53.49583333333333,26.90277777777778,DJ
2016-04-12,0.0025541666666666686,0.3566666666666665,0.03535833333333331,0.021041666666666643,40.44491525423729,20.26388888888889,DJ
2016-04-13,0.002216666666666668,0.4625000000000001,0.015587499999999992,0.027879166666666642,25.03765690376569,13.722222222222221,DJ
2016-04-14,0.002350000000000002,0.3795833333333329,0.02845416666666663,0.01977916666666663,46.64556962025316,19.416666666666668,DJ
2016-04-15,0.002445833333333335,0.43625,0.029979166666666637,0.02479999999999998,46.7625,21.52777777777778,DJ
2016-04-16,0.002627615062761508,0.45333333333333387,0.027754166666666642,0.027841666666666633,44.84100418410042,22.52777777777778,DJ
2016-04-17,0.0019750000000000015,0.2712499999999999,0.04782500000000001,0.009216666666666649,33.25833333333333,11.416666666666666,DJ
2016-04-18,0.0027863247863247884,0.41239316239316237,0.04571367521367523,0.014410256410256386,52.2991452991453,21.53030303030303,DJ
2016-04-19,0.002160869565217393,0.34521739130434803,0.04116956521739131,0.01792173913043476,39.3304347826087,19.048387096774192,DJ
2016-04-20,0.00268354430379747,0.45499999999999996,0.015154166666666646,0.03574999999999995,48.625,23.77777777777778,DJ
2016-04-21,0.0022000000000000014,0.43791666666666695,0.021612499999999975,0.02819999999999998,28.391666666666666,16.27777777777778,DJ
2016-04-22,0.0026083333333333353,0.38916666666666705,0.0512208333333333,0.014216666666666631,65.15416666666667,34.80555555555556,DJ
2016-04-23,0.003912500000000003,0.49333333333333357,0.03813749999999997,0.021941666666666637,144.69166666666666,44.791666666666664,DJ
2016-04-24,0.004195833333333335,0.4829166666666664,0.03057777777777777,0.0246208333333333,158.49583333333334,30.666666666666668,DJ
2016-04-25,0.0040875000000000035,0.4345833333333333,0.03533796296296297,0.030599999999999978,97.61276595744681,28.569444444444443,DJ
2016-04-26,0.004245833333333337,0.4374999999999999,0.04054629629629624,0.03395416666666666,77.42916666666666,27.48611111111111,DJ
2016-04-27,0.0020875000000000012,0.29874999999999985,0.040185185185185185,0.017974999999999963,40.28333333333333,16.72222222222222,DJ
2016-04-28,0.0023625000000000018,0.3012499999999998,0.03005263157894734,0.020766666666666652,36.041666666666664,14.305555555555555,DJ
2016-04-29,0.0025791666666666684,0.3337499999999991,0.03694583333333333,0.019837499999999966,54.458333333333336,22.97222222222222,DJ
2016-04-30,0.0029333333333333355,0.3641666666666667,0.05497499999999996,0.01827083333333331,61.17916666666667,27.36111111111111,DJ
2016-05-01,0.0023916666666666682,0.3237499999999998,0.05176666666666662,0.016637499999999965,45.3375,21.59722222222222,DJ
2016-05-02,0.0022808510638297886,0.33957446808510616,0.029290598290598286,0.021629787234042533,39.61702127659574,18.62857142857143,DJ
2016-05-03,0.0018103448275862083,0.28232758620689674,0.034051724137931,0.012271551724137906,16.16810344827586,7.323943661971831,DJ
2016-05-04,0.0023041666666666683,0.2745833333333335,0.050670833333333345,0.012799999999999982,46.43333333333333,11.291666666666666,DJ
2016-05-05,0.002854166666666669,0.44999999999999996,0.04897083333333334,0.017337499999999964,48.583333333333336,19.944444444444443,DJ
2016-05-06,0.0022708333333333348,0.3504166666666674,0.048258333333333334,0.012704166666666645,34.50833333333333,14.13888888888889,DJ
2016-05-07,0.002333333333333335,0.2937500000000003,0.04231666666666662,0.013987499999999969,132.67083333333332,26.5,DJ
2016-05-08,0.0024375000000000017,0.3637500000000003,0.04061666666666663,0.01802499999999997,48.40833333333333,15.319444444444445,DJ
2016-05-09,0.003937500000000003,0.4079166666666674,0.04387499999999996,0.025916666666666636,71.11666666666666,24.34722222222222,DJ
2016-05-10,0.0026208333333333353,0.3916666666666671,0.0342333333333333,0.02073799126637552,36.541666666666664,18.083333333333332,DJ
2016-05-11,0.002020833333333335,0.2929166666666669,0.03949583333333331,0.017595833333333307,23.600840336134453,11.791666666666666,DJ
2016-05-12,0.002191666666666668,0.30208333333333326,0.04054999999999996,0.0171708333333333,30.763713080168777,16.319444444444443,DJ
2016-05-13,0.002091666666666668,0.41000000000000053,0.05261666666666667,0.017520833333333312,36.71548117154812,21.63888888888889,DJ
2016-05-14,0.002054166666666668,0.35208333333333386,0.050808333333333275,0.015191666666666642,29.233333333333334,14.125,DJ
2016-05-15,0.002254166666666668,0.33375000000000055,0.042620833333333316,0.010158333333333304,31.408333333333335,17.59722222222222,DJ
2016-05-16,0.002487500000000002,0.2937499999999997,0.04421249999999994,0.012895833333333296,24.583333333333332,10.916666666666666,DJ
2016-05-17,0.0036291666666666694,0.5012499999999993,0.045974999999999974,0.027224999999999968,49.924778761061944,24.86111111111111,DJ
2016-05-18,0.003236286919831226,0.49208333333333326,0.04514583333333332,0.03686666666666663,55.05907172995781,28.169014084507044,DJ
2016-05-19,0.002708333333333335,0.38500000000000006,0.048679166666666655,0.03092916666666664,52.9875,30.625,DJ
2016-05-20,0.0025416666666666686,0.3379166666666669,0.04364999999999995,0.02721666666666665,45.44583333333333,28.86111111111111,DJ
2016-05-21,0.002205882352941178,0.28000000000000014,0.054,0.018945833333333297,31.183333333333334,18.583333333333332,DJ
2016-05-22,0.001965517241379312,0.30879629629629596,0.058625000000000003,0.015437499999999977,42.045833333333334,28.0,DJ
2016-05-23,0.0027583333333333353,0.376555023923445,0.06008333333333335,0.021820833333333303,46.95,27.583333333333332,DJ
2016-05-24,0.002054166666666668,0.32946859903381537,0.04879166666666667,0.014549999999999964,24.40084388185654,16.86111111111111,DJ
2016-05-25,0.0024625000000000016,0.423333333333333,0.050883333333333294,0.017791666666666636,58.84166666666667,37.09722222222222,DJ
2016-05-26,0.0026083333333333353,0.5149999999999998,0.05454166666666667,0.021699999999999962,89.375,59.56944444444444,DJ
2016-05-27,0.003812500000000003,0.5289473684210527,0.04922916666666662,0.025783333333333304,82.8232558139535,51.47222222222222,DJ
2016-05-28,0.004329166666666667,0.48842592592592593,0.059120833333333365,0.020041666666666638,62.31944444444444,33.125,DJ
2016-05-29,0.004008333333333337,0.4694444444444445,0.05416666666666666,0.018017777777777747,59.18981481481482,31.61111111111111,DJ
2016-05-30,0.0034875000000000028,0.5347222222222214,0.06188333333333336,0.019468749999999976,73.26511627906977,42.361111111111114,DJ
2016-05-31,0.0028833333333333354,0.44776785714285744,0.059174999999999985,0.016837606837606805,66.85398230088495,39.54929577464789,DJ
2016-06-01,0.0022875000000000018,0.3770833333333334,0.05017499999999995,0.01682096069868992,46.1890756302521,24.97222222222222,DJ
2016-06-02,0.0020920502092050225,0.3520833333333328,0.04917499999999998,0.01830833333333331,32.527896995708154,17.51388888888889,DJ
2016-06-03,0.003012500000000002,0.36999999999999955,0.06055833333333329,0.01772916666666663,47.39565217391304,25.90277777777778,DJ
2016-06-04,0.003167364016736404,0.456666666666667,0.0250333333333333,0.03082916666666665,58.38766519823788,32.40277777777778,DJ
2016-06-05,0.002562500000000002,0.34916666666666646,0.040637499999999965,0.016033333333333306,37.84722222222222,25.055555555555557,DJ
2016-06-06,0.0016958333333333346,0.2879166666666663,0.04770416666666664,0.010033333333333314,15.390697674418604,10.63888888888889,DJ
2016-06-07,0.0020811965811965826,0.34914529914529896,0.03968141592920354,0.0161239316239316,30.39090909090909,19.633802816901408,DJ
2016-06-08,0.002931330472103006,0.4094420600858365,0.03838755980861245,0.0184635193133047,41.827586206896555,26.257142857142856,DJ
2016-06-09,0.003675000000000003,0.43833333333333296,0.04521296296296293,0.021612499999999982,45.25833333333333,26.875,DJ
2016-06-10,0.0024000000000000015,0.45875000000000016,0.060836283185840695,0.016612499999999964,58.920833333333334,38.138888888888886,DJ
2016-06-11,0.0021125000000000015,0.35333333333333283,0.04353749999999999,0.009704166666666646,43.8744769874477,27.791666666666668,DJ
2016-06-12,0.0016333333333333345,0.2608333333333335,0.024299999999999978,0.007087499999999981,28.025,17.15277777777778,DJ
2016-06-13,0.002042194092827006,0.3531645569620251,0.039295358649789024,0.012278481012658203,40.729957805907176,23.271428571428572,DJ
2016-06-14,0.002154166666666668,0.4408333333333338,0.04680833333333334,0.01259999999999997,56.19583333333333,33.625,DJ
2016-06-15,0.001966666666666668,0.37083333333333257,0.027954166666666638,0.014737499999999978,34.94092827004219,21.22222222222222,DJ
2016-06-16,0.0018396624472573854,0.356118143459915,0.046759493670886054,0.011839662447257353,26.071729957805907,14.472222222222221,DJ
2016-06-17,0.002383333333333335,0.4445833333333334,0.06344166666666669,0.014320833333333312,39.86666666666667,25.305555555555557,DJ
2016-06-18,0.0023625000000000018,0.4620833333333329,0.05428750000000001,0.016441666666666632,43.00416666666667,27.666666666666668,DJ
2016-06-19,0.0025791666666666684,0.4279166666666666,0.057495833333333315,0.010483333333333306,41.06666666666667,28.125,DJ
2016-06-20,0.0020625000000000014,0.40458333333333363,0.050187499999999975,0.01322083333333331,43.32083333333333,28.708333333333332,DJ
2016-06-21,0.0021666666666666683,0.39250000000000024,0.048104166666666635,0.016658008658008636,37.70168067226891,21.333333333333332,DJ
2016-06-22,0.001891666666666668,0.41375000000000084,0.03642916666666665,0.015576419213973772,35.18828451882845,22.819444444444443,DJ
2016-06-23,0.0019458333333333348,0.3662500000000001,0.0442958333333333,0.013745833333333308,32.950450450450454,18.73611111111111,DJ
2016-06-24,0.0018958333333333349,0.40666666666666695,0.041279166666666645,0.01522077922077919,33.906976744186046,18.694444444444443,DJ
2016-06-25,0.0026833333333333353,0.31749999999999967,0.05460833333333336,0.010726851851851828,28.48148148148148,12.583333333333334,DJ
2016-06-26,0.002370833333333335,0.38374999999999965,0.05930833333333336,0.009482456140350858,30.483253588516746,16.944444444444443,DJ
2016-06-27,0.002033333333333335,0.38374999999999987,0.03953333333333329,0.017920833333333306,27.526785714285715,15.152777777777779,DJ
2016-06-28,0.002350000000000002,0.3929166666666673,0.048958333333333305,0.015666666666666645,34.7125,21.125,DJ
2016-06-29,0.002370833333333335,0.3558333333333329,0.04598749999999998,0.014008333333333307,28.508403361344538,18.86111111111111,DJ
2016-06-30,0.0020666666666666685,0.32583333333333325,0.03486249999999995,0.012404166666666633,22.253164556962027,12.375,DJ
2016-07-01,0.0017958333333333346,0.24500000000000036,0.022083333333333312,0.012983333333333302,14.025531914893618,6.805084745762712,DJ
2016-07-02,0.0015250000000000012,0.23125000000000048,0.039883333333333354,0.008891666666666643,13.8375,5.416666666666667,DJ
2016-07-03,0.0015791666666666677,0.28208333333333285,0.03292916666666664,0.009716666666666644,26.645833333333332,13.541666666666666,DJ
2016-07-04,0.0015508474576271197,0.3694915254237292,0.021177966101694895,0.018385593220338954,9.838983050847459,3.8333333333333335,DJ
2016-07-05,0.0015659574468085118,0.27787234042553177,0.014138528138528105,0.010540425531914864,13.072340425531914,3.635593220338983,DJ
2016-07-06,0.0015541666666666679,0.3108333333333328,0.02404166666666663,0.014199999999999978,15.731277533039648,7.966666666666667,DJ
2016-07-07,0.0015666666666666678,0.260833333333333,0.02529583333333331,0.01164583333333331,17.20940170940171,7.833333333333333,DJ
2016-07-08,0.0017375000000000014,0.29749999999999943,0.029586956521739136,0.016154166666666643,21.04602510460251,6.825,DJ
2016-07-09,0.002900000000000002,0.46291666666666637,0.04424999999999999,0.019524999999999956,45.87763713080169,23.091666666666665,DJ
2016-07-10,0.0030583333333333356,0.4787499999999999,0.034524999999999986,0.016079166666666634,31.941666666666666,15.625,DJ
2016-07-11,0.0030889830508474595,0.44957627118644067,0.030661016949152513,0.01883050847457622,37.35744680851064,21.016949152542374,DJ
2016-07-12,0.0017692307692307706,0.34658119658119635,0.03026068376068374,0.014534188034188003,27.14957264957265,14.405172413793103,DJ
2016-07-13,0.0037333333333333363,0.4137500000000007,0.03370416666666664,0.01697083333333332,38.85,22.141666666666666,DJ
2016-07-14,0.002191666666666668,0.3787499999999999,0.03467499999999997,0.013579831932773075,25.625531914893617,14.15,DJ
2016-07-15,0.0020250000000000016,0.4162499999999999,0.03368749999999998,0.01373799126637552,14.075,5.225,DJ
2016-07-16,0.0017958333333333346,0.46041666666666653,0.026445833333333314,0.01073749999999998,14.508333333333333,5.333333333333333,DJ
2016-07-17,0.0017500000000000013,0.3883333333333331,0.03674166666666667,0.005795833333333325,11.566666666666666,3.7583333333333333,DJ
2016-07-18,0.0020166666666666683,0.4204166666666666,0.031249999999999962,0.013233333333333293,17.695833333333333,6.4,DJ
2016-07-19,0.0023041666666666683,0.474166666666667,0.034205020920502066,0.018479166666666644,33.19736842105263,15.425,DJ
2016-07-20,0.001891666666666668,0.418333333333334,0.04037083333333332,0.01216666666666664,35.802083333333336,19.516666666666666,DJ
2016-07-21,0.0019958333333333347,0.3929166666666664,0.04037916666666663,0.01172083333333331,24.9375,11.841666666666667,DJ
2016-07-22,0.0021000000000000016,0.41458333333333375,0.047695833333333305,0.013433333333333308,32.88,16.7,DJ
2016-07-23,0.0020625000000000014,0.36916666666666675,0.04792083333333331,0.01202916666666663,35.90833333333333,18.483333333333334,DJ
2016-07-24,0.001966666666666668,0.28499999999999953,0.031241666666666643,0.008062499999999981,27.281512605042018,14.063063063063064,DJ
2016-07-25,0.0020625000000000014,0.27916666666666656,0.029033333333333314,0.010387499999999977,26.46808510638298,14.191666666666666,DJ
2016-07-26,0.0021250000000000015,0.34874999999999906,0.019904166666666646,0.012312499999999964,23.508333333333333,11.575,DJ
2016-07-27,0.0018396624472573854,0.3499999999999986,0.020889830508474563,0.011979166666666636,25.695833333333333,11.391666666666667,DJ
2016-07-28,0.0018833333333333347,0.44625000000000004,0.0413246753246753,0.012229166666666635,42.80416666666667,24.208333333333332,DJ
2016-07-29,0.0024291666666666684,0.5387500000000007,0.026558333333333316,0.020345833333333292,40.9327731092437,22.908333333333335,DJ
2016-07-30,0.0019458333333333348,0.4241666666666667,0.021308333333333308,0.014229166666666637,29.852320675105485,15.416666666666666,DJ
2016-07-31,0.0027791666666666685,0.4150000000000002,0.0257833333333333,0.012212499999999965,33.67364016736402,20.216666666666665,DJ
2016-08-01,0.0026166666666666686,0.45791666666666697,0.017949790794979045,0.017873362445414827,32.69037656903766,17.683760683760685,DJ
2016-08-02,0.0029958333333333356,0.4700000000000005,0.01970711297071127,0.02110045662100453,33.02564102564103,17.858333333333334,DJ
2016-08-03,0.0019458333333333348,0.4158333333333329,0.02884166666666664,0.017154166666666644,20.8,8.45,DJ
2016-08-04,0.0017708333333333348,0.440416666666667,0.027829166666666637,0.01653333333333331,22.57563025210084,11.621848739495798,DJ
2016-08-05,0.0020958333333333345,0.5008333333333332,0.04055416666666665,0.017824999999999973,32.1,17.725,DJ
2016-08-06,0.0021125000000000015,0.4858333333333337,0.050908333333333326,0.015695833333333294,35.97872340425532,20.758333333333333,DJ
2016-08-07,0.0025416666666666686,0.4808333333333335,0.046454166666666644,0.012262499999999978,32.36708860759494,19.275,DJ
2016-08-08,0.0031313559322033923,0.5038135593220341,0.04772033898305082,0.01816956521739127,35.05150214592275,19.358333333333334,DJ
2016-08-09,0.0021452991452991467,0.43803418803418886,0.03464957264957262,0.020516279069767412,26.895196506550217,14.704347826086957,DJ
2016-08-10,0.0027541666666666687,0.4591666666666667,0.03867916666666663,0.01844166666666664,38.33613445378151,23.991596638655462,DJ
2016-08-11,0.0032833333333333356,0.48166666666666674,0.04409999999999998,0.022945833333333318,33.270833333333336,18.883333333333333,DJ
2016-08-12,0.004258333333333335,0.5004166666666664,0.03511250000000001,0.020745833333333293,30.627118644067796,18.366666666666667,DJ
2016-08-13,0.003958333333333336,0.46791666666666687,0.034012499999999966,0.0167958333333333,31.728033472803347,19.4,DJ
2016-08-14,0.004300000000000002,0.45625000000000004,0.03516666666666668,0.011187499999999982,33.731914893617024,23.033333333333335,DJ
2016-08-15,0.0037750000000000027,0.45125000000000015,0.03720833333333331,0.012974999999999976,31.643776824034333,19.966666666666665,DJ
2016-08-16,0.004381355932203392,0.5932203389830507,0.04561016949152539,0.017131355932203354,38.02127659574468,20.550847457627118,DJ
2016-08-17,0.00411440677966102,0.6118644067796608,0.055559322033898274,0.02062711864406776,47.98723404255319,26.440677966101696,DJ
2016-08-18,0.002558333333333335,0.52,0.047329166666666624,0.019074999999999974,39.163090128755364,21.966666666666665,DJ
2016-08-19,0.002595833333333335,0.49499999999999994,0.04507916666666666,0.018187499999999978,30.584745762711865,13.915966386554622,DJ
2016-08-20,0.002783333333333335,0.46125,0.03690833333333333,0.016387499999999968,28.220833333333335,11.434782608695652,DJ
2016-08-21,0.001854166666666668,0.3887499999999997,0.044970833333333314,0.012741666666666642,16.275,5.666666666666667,DJ
2016-08-22,0.0032708333333333357,0.5108333333333337,0.04399999999999998,0.021637499999999973,27.87866108786611,11.7,DJ
2016-08-23,0.002245833333333335,0.42500000000000127,0.03796666666666664,0.015029166666666646,26.29535864978903,11.583333333333334,DJ
2016-08-24,0.002333333333333335,0.39083333333333353,0.043333333333333335,0.017479166666666632,22.164556962025316,8.608333333333333,DJ
2016-08-25,0.0026208333333333353,0.43708333333333405,0.04364166666666665,0.019549999999999977,30.780590717299578,15.25,DJ
2016-08-26,0.0018041666666666681,0.3574999999999999,0.026916666666666644,0.014537499999999988,17.736401673640167,7.567796610169491,DJ
2016-08-27,0.0015958333333333345,0.32083333333333297,0.03101249999999999,0.01183333333333331,16.375,3.4916666666666667,DJ
2016-08-28,0.001766666666666668,0.34666666666666657,0.023804166666666644,0.00984166666666665,12.466666666666667,3.15,DJ
2016-08-29,0.0018750000000000014,0.3895833333333333,0.02398333333333331,0.014483333333333308,14.529166666666667,4.25,DJ
2016-08-30,0.001716666666666668,0.43458333333333365,0.024691666666666653,0.014274999999999972,22.75,7.116666666666666,DJ
2016-08-31,0.0018583333333333347,0.42958333333333326,0.04177083333333329,0.00942916666666664,27.481171548117153,7.783333333333333,DJ
2016-09-01,0.002812500000000002,0.6066666666666656,0.08566250000000006,0.013412499999999978,63.85355648535565,32.666666666666664,DJ
2016-09-02,0.0017375000000000014,0.502083333333334,0.044020833333333315,0.01614166666666665,24.19409282700422,14.205128205128204,DJ
2016-09-03,0.0017208333333333346,0.47958333333333397,0.044933333333333304,0.012216666666666652,12.0375,4.408333333333333,DJ
2016-09-04,0.0019500000000000014,0.4566666666666678,0.02530416666666664,0.014141666666666637,21.543933054393307,10.45,DJ
2016-09-05,0.002333333333333335,0.5025000000000005,0.026512499999999963,0.020124999999999962,31.28138528138528,15.816666666666666,DJ
2016-09-06,0.002845833333333335,0.5404166666666665,0.027204166666666637,0.020616666666666634,47.28703703703704,24.6,DJ
2016-09-07,0.002962500000000002,0.6112499999999997,0.02854583333333329,0.022441666666666645,52.583333333333336,30.016666666666666,DJ
2016-09-08,0.002633333333333335,0.6454166666666661,0.03979999999999996,0.018358333333333306,43.92307692307692,24.483333333333334,DJ
2016-09-09,0.0023250000000000015,0.611666666666666,0.035266666666666675,0.019858333333333318,45.01255230125523,26.008333333333333,DJ
2016-09-10,0.002266666666666668,0.6304166666666655,0.0341958333333333,0.018833333333333306,44.69747899159664,24.4,DJ
2016-09-11,0.002020833333333335,0.5133333333333331,0.03633749999999998,0.013995833333333308,28.200836820083683,16.191666666666666,DJ
2016-09-12,0.002033333333333335,0.478333333333334,0.0283208333333333,0.015929166666666637,25.28936170212766,14.358333333333333,DJ
2016-09-13,0.001894067796610171,0.3953389830508481,0.0303093220338983,0.018508474576271167,19.9364406779661,8.584745762711865,DJ
2016-09-14,0.0023807531380753153,0.41673640167364084,0.04237656903765689,0.013193965517241354,30.126582278481013,16.016666666666666,DJ
2016-09-15,0.002558333333333335,0.4437500000000005,0.035029166666666646,0.015023148148148128,35.72573839662447,21.758333333333333,DJ
2016-09-16,0.002263598326359834,0.47698744769874496,0.025803347280334694,0.017216216216216183,35.97478991596638,21.566666666666666,DJ
2016-09-17,0.002029288702928872,0.34518828451882827,0.020317991631799148,0.011999999999999974,12.19831223628692,5.491525423728813,DJ
2016-09-18,0.002120833333333335,0.34875000000000006,0.028441666666666636,0.010395833333333307,12.45,4.75,DJ
2016-09-19,0.0021524663677130063,0.36053811659192797,0.021820627802690562,0.012932735426008942,17.887892376681613,5.15625,DJ
2016-09-20,0.0022577319587628883,0.3469072164948447,0.023597938144329866,0.018999999999999975,17.938144329896907,6.17948717948718,DJ
2016-09-21,0.002359605911330051,0.402870813397129,0.024205741626794224,0.018148325358851653,30.727272727272727,14.854166666666666,DJ
2016-09-22,0.002248826291079814,0.41704035874439493,0.028558558558558544,0.01748878923766814,34.19282511210762,18.447619047619046,DJ
2016-09-23,0.0021500000000000013,0.44916666666666744,0.02239166666666665,0.021262499999999993,35.32773109243698,19.141666666666666,DJ
2016-09-24,0.002562500000000002,0.5091666666666668,0.028916666666666632,0.023495833333333313,41.64556962025316,23.375,DJ
2016-09-25,0.0026541666666666684,0.535416666666667,0.017137499999999972,0.022099999999999977,42.979166666666664,24.208333333333332,DJ
2016-09-26,0.0024500000000000017,0.48291666666666705,0.01347083333333331,0.020879166666666633,34.08050847457627,19.225,DJ
2016-09-27,0.002341666666666668,0.39916666666666706,0.010633333333333309,0.019770833333333314,23.9831223628692,13.23076923076923,DJ
2016-09-28,0.003325000000000002,0.4033333333333336,0.02398326359832636,0.022533333333333305,38.81666666666667,18.133333333333333,DJ
2016-09-29,0.001979166666666668,0.3491666666666658,0.019129166666666628,0.014362499999999973,23.50423728813559,8.830508474576272,DJ
2016-09-30,0.0020958333333333345,0.39625,0.009349999999999976,0.0173083333333333,21.145833333333332,6.825,DJ
2016-10-01,0.0019208333333333347,0.4000000000000001,0.00637499999999999,0.01598749999999997,21.595833333333335,7.908333333333333,DJ
2016-10-02,0.002383333333333335,0.3887500000000003,0.011212499999999969,0.012949999999999963,19.45,7.075,DJ
2016-10-03,0.0021458333333333347,0.3129166666666661,0.01664583333333331,0.010999999999999977,18.0,6.775,DJ
2016-10-04,0.0020000000000000013,0.39666666666666656,0.027458333333333317,0.014454166666666645,29.443514644351463,11.466666666666667,DJ
2016-10-05,0.0020833333333333346,0.4162499999999998,0.025899999999999954,0.015604166666666641,22.451882845188283,9.116666666666667,DJ
2016-10-06,0.002558333333333335,0.48958333333333315,0.025395833333333315,0.020154166666666647,34.72268907563025,14.441666666666666,DJ
2016-10-07,0.002041666666666668,0.4916666666666663,0.02044583333333331,0.019887499999999957,29.704166666666666,11.3,DJ
2016-10-08,0.0021875000000000015,0.4470833333333332,0.03058333333333331,0.014591666666666638,17.829166666666666,7.391666666666667,DJ
2016-10-09,0.0026833333333333353,0.4283333333333332,0.030237499999999987,0.011549999999999982,23.191666666666666,9.583333333333334,DJ
2016-10-10,0.0027333333333333354,0.5537499999999999,0.010794979079497894,0.024112499999999974,32.854166666666664,13.975,DJ
2016-10-11,0.0030625000000000023,0.6125000000000003,0.011158333333333303,0.02591949152542371,41.029535864978904,18.841666666666665,DJ
2016-10-12,0.0031000000000000025,0.6162500000000002,0.020266666666666648,0.024454166666666628,44.91596638655462,21.925,DJ
2016-10-13,0.0032875000000000027,0.6529166666666664,0.008899999999999979,0.030704166666666633,38.875,18.591666666666665,DJ
2016-10-14,0.003233333333333336,0.7262500000000001,0.016058333333333306,0.03404583333333332,62.48953974895397,30.708333333333332,DJ
2016-10-15,0.0030958333333333354,0.7504166666666664,0.02107083333333331,0.030299999999999973,76.34583333333333,43.15833333333333,DJ
2016-10-16,0.0025105485232067527,0.5789029535864976,0.023211864406779657,0.019451476793248913,45.43404255319149,27.008474576271187,DJ
2016-10-17,0.0024618644067796627,0.5228813559322044,0.023978813559322007,0.020499999999999987,31.548936170212766,15.843478260869565,DJ
2016-10-18,0.0024848484848484865,0.697402597402597,0.009749999999999974,0.023471861471861446,53.24782608695652,25.789915966386555,DJ
2016-10-19,0.0025982905982906003,0.5589743589743591,0.020971428571428568,0.020307692307692266,43.76923076923077,22.44736842105263,DJ
2016-10-20,0.0030582959641255627,0.5515695067264571,0.020306532663316557,0.022636771300448416,57.18834080717489,28.658333333333335,DJ
2016-10-21,0.0018281938325991204,0.3317180616740088,0.03260591133004924,0.011665198237885446,36.72687224669603,14.991666666666667,DJ
2016-10-22,0.0023666666666666684,0.3883333333333331,0.023486111111111065,0.01687499999999997,30.1625,11.108333333333333,DJ
2016-10-23,0.0018451327433628333,0.2938053097345127,0.03158910891089107,0.008238938053097326,17.834821428571427,7.475,DJ
2016-10-24,0.0019212962962962977,0.3222222222222215,0.027276041666666653,0.01256481481481479,18.796296296296298,6.958333333333333,DJ
2016-10-25,0.0019292035398230103,0.45044247787610625,0.017826732673267294,0.019526548672566327,20.756637168141594,9.191666666666666,DJ
2016-10-26,0.002342342342342344,0.5387387387387386,0.0051969696969697,0.02640090090090087,37.869369369369366,17.955357142857142,DJ
2016-10-27,0.0022366071428571443,0.4977678571428574,0.013334999999999953,0.02045089285714283,40.32286995515695,16.991666666666667,DJ
2016-10-28,0.0022750000000000014,0.39833333333333326,0.016694444444444415,0.019595833333333316,28.5375,11.658333333333333,DJ
2016-10-29,0.0029333333333333355,0.3879166666666664,0.02030092592592589,0.016599999999999972,37.5,15.141666666666667,DJ
2016-10-30,0.002750000000000002,0.3987500000000003,0.018143518518518486,0.01754999999999997,32.11715481171548,13.158333333333333,DJ
2016-10-31,0.0030440528634361258,0.5162995594713662,0.00619211822660098,0.027674008810572644,36.716814159292035,17.675,DJ
2016-11-01,0.0032731481481481505,0.3398148148148151,0.020665116279069733,0.016592592592592575,23.814814814814813,9.075,DJ
2016-11-02,0.0031383928571428596,0.49955357142857126,0.01134821428571425,0.02603571428571427,31.59375,14.016666666666667,DJ
2016-11-03,0.004120833333333337,0.6354166666666666,0.011933333333333304,0.029120833333333318,48.829166666666666,24.375,DJ
2016-11-04,0.003612500000000003,0.6683333333333334,0.01714166666666663,0.030020833333333306,53.739495798319325,27.25,DJ
2016-11-05,0.0039666666666666696,0.6850000000000003,0.022333333333333292,0.032454166666666645,61.895833333333336,33.233333333333334,DJ
2016-11-06,0.0028166666666666687,0.5187500000000003,0.019666666666666634,0.017384615384615353,42.52991452991453,23.95,DJ
2016-11-07,0.0029491525423728836,0.4686440677966103,0.022419491525423694,0.018227272727272707,38.889830508474574,21.8,DJ
2016-11-08,0.0035470085470085495,0.49145299145299143,0.023982905982905957,0.01641409691629954,47.27155172413793,30.353448275862068,DJ
2016-11-09,0.0036041666666666696,0.45791666666666625,0.014549999999999976,0.027995833333333296,51.65,29.433333333333334,DJ
2016-11-10,0.0035750000000000027,0.602083333333334,0.004833333333333331,0.03912916666666666,45.31063829787234,25.916666666666668,DJ
2016-11-11,0.0031208333333333357,0.5449999999999998,0.013558333333333308,0.027587499999999984,50.00431034482759,19.183333333333334,DJ
2016-11-12,0.003495833333333336,0.7062499999999999,0.011287499999999975,0.031466666666666636,70.11666666666666,26.841666666666665,DJ
2016-11-13,0.003937500000000003,0.7395833333333327,0.007849999999999973,0.031187499999999962,56.80416666666667,26.058333333333334,DJ
2016-11-14,0.003760504201680675,0.6684873949579839,0.009205882352941154,0.031231092436974774,50.71848739495798,24.54700854700855,DJ
2016-11-15,0.004287500000000002,0.3804166666666664,0.021604166666666647,0.020254166666666643,52.76470588235294,17.116666666666667,DJ
2016-11-16,0.0042625000000000015,0.6441666666666666,0.006374999999999992,0.03533749999999997,52.75732217573222,24.333333333333332,DJ
2016-11-17,0.004999999999999993,0.7979166666666658,0.006862499999999985,0.044420833333333326,81.36820083682008,41.99166666666667,DJ
2016-11-18,0.00415416666666667,0.9529166666666665,0.0035000000000000027,0.04501249999999996,88.98305084745763,49.84166666666667,DJ
2016-11-19,0.002866666666666669,0.6308333333333344,0.00548333333333333,0.03113749999999997,46.88333333333333,23.266666666666666,DJ
2016-11-20,0.004137500000000003,0.5870833333333326,0.01717083333333331,0.02119583333333331,44.85,24.05,DJ
2016-11-21,0.005360169491525415,0.8618644067796608,0.0022754237288135607,0.03388596491228067,62.50847457627118,30.906779661016948,DJ
2016-11-22,0.0036291666666666694,0.37666666666666626,0.016779166666666626,0.020403508771929802,35.554621848739494,15.958333333333334,DJ
2016-11-23,0.0035875000000000026,0.3504166666666666,0.01581249999999997,0.020341666666666647,35.39748953974895,12.941666666666666,DJ
2016-11-24,0.003683333333333336,0.3741666666666667,0.019941666666666632,0.0186708333333333,28.01255230125523,12.258333333333333,DJ
2016-11-25,0.003875000000000003,0.5795833333333338,0.00898237885462553,0.030233333333333303,40.0,20.483333333333334,DJ
2016-11-26,0.003508333333333336,0.8216666666666667,0.0028405172413793122,0.035429166666666644,55.53508771929825,34.166666666666664,DJ
2016-11-27,0.002533333333333335,0.6399999999999996,0.005291666666666659,0.024679166666666662,38.51141552511415,23.366666666666667,DJ
2016-11-28,0.003612500000000003,0.6841666666666674,0.012208333333333298,0.02602916666666664,69.78991596638656,29.110169491525422,DJ
2016-11-29,0.00427310924369748,0.6407563025210088,0.007264705882352928,0.032571428571428536,41.14767932489451,19.677966101694917,DJ
2016-11-30,0.00455,0.6979166666666672,0.004170833333333336,0.036716666666666634,45.6890756302521,23.716666666666665,DJ
2016-12-01,0.0036101694915254266,0.38813559322033886,0.015703389830508445,0.024927966101694895,47.83898305084746,21.879310344827587,DJ
2016-12-02,0.004945833333333329,0.534322033898306,0.008874999999999975,0.03129166666666663,41.57740585774059,18.475,DJ
2016-12-03,0.004674999999999999,0.7354166666666674,0.005545833333333324,0.04002500000000002,56.38655462184874,30.575,DJ
2016-12-04,0.0047666666666666664,0.8624999999999995,0.0030916666666666688,0.04040833333333334,67.27777777777777,42.125,DJ
2016-12-05,0.00531196581196581,0.7581196581196575,0.020367521367521308,0.029662393162393136,93.08620689655173,53.41284403669725,DJ
2016-12-06,0.003811965811965815,0.3252136752136754,0.01885470085470083,0.020670940170940136,25.948497854077253,10.52991452991453,DJ
2016-12-07,0.004191666666666669,0.6470833333333329,0.003991666666666669,0.035791666666666645,47.00425531914894,23.141666666666666,DJ
2016-12-08,0.003508333333333336,0.6291666666666661,0.012362499999999962,0.028008333333333312,61.970464135021096,33.041666666666664,DJ
2016-12-09,0.003495833333333336,0.4675000000000002,0.020499999999999977,0.021424999999999975,43.48101265822785,25.233333333333334,DJ
2016-12-10,0.004025000000000003,0.43583333333333346,0.010629166666666643,0.027141666666666658,32.99152542372882,17.016666666666666,DJ
2016-12-11,0.003970833333333337,0.5762500000000003,0.006974999999999984,0.03105416666666666,40.037974683544306,22.458333333333332,DJ
2016-12-12,0.00506779661016949,0.8487288135593227,0.002923728813559324,0.04285169491525424,56.73390557939914,30.042735042735043,DJ
2016-12-13,0.00484583333333333,0.7320833333333326,0.006083333333333325,0.03780416666666665,61.65652173913043,37.28333333333333,DJ
2016-12-14,0.0036083333333333362,0.5641666666666669,0.010279166666666643,0.025654166666666624,47.17596566523605,26.233333333333334,DJ
2016-12-15,0.002916666666666669,0.34875,0.02281702127659572,0.0167083333333333,28.602620087336245,14.142857142857142,DJ
2016-12-16,0.0036666666666666696,0.46875000000000017,0.014440170940170916,0.02417083333333329,33.41525423728814,14.391666666666667,DJ
2016-12-17,0.003925000000000003,0.5762500000000003,0.016495762711864384,0.02836249999999997,38.55,18.575,DJ
2016-12-18,0.0034291666666666693,0.6549999999999998,0.009793103448275834,0.02905416666666664,37.273109243697476,20.533898305084747,DJ
2016-12-19,0.003458333333333336,0.7029166666666672,0.003912500000000003,0.03244999999999997,33.56194690265487,19.533333333333335,DJ
2016-12-20,0.0043375,0.7324999999999996,0.00826249999999998,0.030533333333333298,54.75438596491228,28.252100840336134,DJ
2016-12-21,0.0034875000000000028,0.7704166666666674,0.006862499999999979,0.02796666666666665,44.28151260504202,23.25,DJ
2016-12-22,0.0024833333333333352,0.5029166666666662,0.01961666666666663,0.01712499999999997,18.244725738396625,9.092436974789916,DJ
2016-12-23,0.0025458333333333353,0.44166666666666643,0.023420833333333314,0.01416666666666665,28.541666666666668,15.783333333333333,DJ
2016-12-24,0.0042375000000000025,0.6525000000000009,0.014724999999999967,0.02158333333333332,61.15,35.825,DJ
2016-12-25,0.004004184100418413,0.9625000000000005,0.004299999999999998,0.031008333333333336,75.39583333333333,47.31481481481482,DJ
2016-12-26,0.0038833333333333363,0.9275000000000009,0.004000000000000003,0.03357499999999998,52.502145922746784,32.10526315789474,DJ
2016-12-27,0.0035041666666666693,0.3925000000000002,0.021937499999999974,0.01751249999999998,35.3125,16.758333333333333,DJ
2016-12-28,0.004050000000000003,0.5558333333333334,0.00852083333333331,0.028587499999999967,44.770833333333336,20.175,DJ
2016-12-29,0.004095833333333337,0.5091666666666665,0.013287499999999968,0.02364166666666664,38.64435146443515,16.85217391304348,DJ
2016-12-30,0.00407916666666667,0.6037499999999998,0.007966666666666643,0.02889166666666665,37.47083333333333,17.133333333333333,DJ
2016-12-31,0.004170833333333336,0.6862499999999997,0.005116666666666656,0.0302208333333333,43.28151260504202,24.508474576271187,DJ
2017-01-01,0.0033,0.82,0.0022000000000000006,0.0304,47.0,31.6,DJ
2016-01-01,0.005641176470588222,0.7132992327365715,0.02407487922705313,0.016825063938618882,56.04347826086956,46.354838709677416,GB
2016-01-02,0.005546323529411748,0.7330882352941185,0.021469907407407382,0.020537009803921532,51.32946635730858,40.62222222222222,GB
2016-01-03,0.005611519607843125,0.8286764705882366,0.020006944444444428,0.02191397058823527,57.25986078886311,53.375,GB
2016-01-04,0.006632266009852192,0.7940886699507383,0.03089767441860463,0.022081773399014765,80.52102803738318,62.375,GB
2016-01-05,0.005074812967581034,0.4820448877805492,0.022759999999999957,0.017837655860349102,23.53191489361702,16.204545454545453,GB
2016-01-06,0.005812182741116732,0.5304568527918785,0.02282296650717701,0.01845050761421315,40.71052631578947,23.347826086956523,GB
2016-01-07,0.005910999999999979,0.53175,0.026002358490566015,0.013337499999999976,42.572104018912526,23.76595744680851,GB
2016-01-08,0.005190441176470571,0.45532994923857906,0.02705555555555553,0.011862990196078407,27.622685185185187,17.434782608695652,GB
2016-01-09,0.005674509803921556,0.5395348837209302,0.025254629629629575,0.015850980392156835,32.92824074074074,20.52173913043478,GB
2016-01-10,0.005634313725490187,0.5583333333333325,0.029449074074074072,0.01442352941176469,44.07175925925926,31.67391304347826,GB
2016-01-11,0.005449502487562168,0.5484615384615386,0.026765258215962418,0.01697089552238802,36.781176470588235,20.066666666666666,GB
2016-01-12,0.005259090909090893,0.5822580645161289,0.02034532374100719,0.021119444444444413,35.9618138424821,24.236842105263158,GB
2016-01-13,0.004808629441624347,0.49000000000000055,0.027222488038277478,0.014035025380710643,30.591346153846153,15.09375,GB
2016-01-14,0.005011363636363622,0.49489247311828094,0.027261904761904748,0.015125252525252493,30.784688995215312,19.125,GB
2016-01-15,0.006520398009950236,0.7113756613756617,0.01708450704225349,0.025858208955223862,55.24761904761905,35.68181818181818,GB
2016-01-16,0.006642962962962955,0.8177083333333336,0.019946759259259223,0.02554387254901956,73.30787037037037,51.146341463414636,GB
2016-01-17,0.005710294117647046,0.8213541666666665,0.016932870370370327,0.02455637254901959,62.66898148148148,57.05263157894737,GB
2016-01-18,0.004747630922693254,0.5193633952254648,0.030780660377358486,0.01176957605985035,39.84615384615385,31.85,GB
2016-01-19,0.004636802030456842,0.3294765840220382,0.03327272727272725,0.007137055837563419,26.59178082191781,15.511627906976743,GB
2016-01-20,0.00549405940594058,0.43503836317135586,0.02586480186480184,0.014795308641975289,31.455263157894738,23.930232558139537,GB
2016-01-21,0.005842679900744402,0.5138957816377171,0.017216470588235264,0.024921091811414362,40.95466666666667,28.333333333333332,GB
2016-01-22,0.00532939698492461,0.5015075376884418,0.02229857819905209,0.02471105527638189,36.587786259541986,20.307692307692307,GB
2016-01-23,0.005367156862745078,0.4100737100737108,0.027787037037037,0.015160294117647046,31.906542056074766,19.341463414634145,GB
2016-01-24,0.005576960784313711,0.39525,0.03174305555555552,0.008370833333333301,27.99767981438515,17.953488372093023,GB
2016-01-25,0.005648241206030129,0.472081218274113,0.029718009478672983,0.01376758793969848,39.795724465558195,20.644444444444446,GB
2016-01-26,0.006367609254498695,0.5889175257731963,0.027184019370460027,0.020594587628865953,52.29611650485437,19.0,GB
2016-01-27,0.00893698630136985,0.7403846153846159,0.025429305912596394,0.02898708791208791,69.09819121447029,35.125,GB
2016-01-28,0.00800990099009899,0.8098039215686273,0.01615764705882351,0.03535331695331688,77.38283062645012,50.979166666666664,GB
2016-01-29,0.005730499999999985,0.7665835411471311,0.018914081145584703,0.02801122194513713,48.98356807511737,34.86666666666667,GB
2016-01-30,0.004684223918575045,0.6509950248756223,0.01888647342995167,0.02368880597014922,26.400462962962962,23.0,GB
2016-01-31,0.005063020833333318,0.5598039215686279,0.024803240740740716,0.017515441176470574,37.557870370370374,31.454545454545453,GB
2016-02-01,0.00528015873015872,0.4453164556962037,0.03057040572792361,0.013722580645161268,29.294964028776977,18.02173913043478,GB
2016-02-02,0.0054260759493670796,0.4782278481012668,0.026014319809069184,0.019318328840970317,36.088305489260144,19.568181818181817,GB
2016-02-03,0.005730226700251873,0.5662468513853912,0.026345238095238047,0.021365683646112583,45.23277909738717,26.044444444444444,GB
2016-02-04,0.006359102244388984,0.6461346633416466,0.03248936170212767,0.02051345646437992,50.9338061465721,30.90909090909091,GB
2016-02-05,0.0057020356234096506,0.4924623115577903,0.032680094786729855,0.01624197860962564,36.40047393364929,19.4375,GB
2016-02-06,0.006025369458128048,0.4958230958230968,0.03299767981438513,0.014414360313315897,38.872093023255815,21.791666666666668,GB
2016-02-07,0.005226172839506162,0.521568627450981,0.030168981481481432,0.015253385416666638,36.5162037037037,22.32608695652174,GB
2016-02-08,0.006431851851851834,0.5734643734643748,0.035336426914153125,0.01584934725848563,47.53846153846154,33.916666666666664,GB
2016-02-09,0.005575245098039201,0.46004901960784333,0.040395833333333304,0.009488020833333298,50.264501160092806,34.666666666666664,GB
2016-02-10,0.0056588235294117535,0.5495098039215693,0.027331018518518505,0.017725520833333317,33.524361948955914,21.395833333333332,GB
2016-02-11,0.006689826302729519,0.6771712158808929,0.019206088992974216,0.026120844327176797,41.11943793911007,30.58695652173913,GB
2016-02-12,0.005845454545454533,0.7060606060606064,0.015584725536992826,0.02641881720430106,34.68809523809524,26.8,GB
2016-02-13,0.006100735294117632,0.8017156862745086,0.013156177156177123,0.02426093749999997,27.086854460093896,20.10810810810811,GB
2016-02-14,0.003802211302211285,0.45196078431372627,0.03007175925925925,0.009692187499999973,20.860576923076923,11.066666666666666,GB
2016-02-15,0.004148110831234244,0.35465994962216685,0.035090261282660365,0.0076646112600535846,25.921615201900238,15.046511627906977,GB
2016-02-16,0.004157106598984761,0.39644670050761477,0.0334124700239808,0.010214594594594579,28.416267942583733,17.895833333333332,GB
2016-02-17,0.00445943152454779,0.3916010498687668,0.031172413793103405,0.012834159779614296,26.35036496350365,17.347826086956523,GB
2016-02-18,0.004966999999999984,0.5047738693467353,0.028759433962264148,0.018267819148936142,39.56367924528302,26.958333333333332,GB
2016-02-19,0.005404102564102552,0.6148717948717959,0.02845762711864404,0.022375000000000006,57.729268292682924,40.4375,GB
2016-02-20,0.004954901960784297,0.5862745098039226,0.027196759259259233,0.017654427083333313,57.696055684454755,27.8125,GB
2016-02-21,0.003809803921568612,0.38472906403940954,0.036444444444444446,0.010175781249999976,29.907192575406032,15.354166666666666,GB
2016-02-22,0.004494554455445532,0.5222772277227733,0.02351401869158875,0.021944210526315774,37.105633802816904,25.270833333333332,GB
2016-02-23,0.004456218905472625,0.5305970149253735,0.03147183098591545,0.017639153439153406,64.7266355140187,37.69565217391305,GB
2016-02-24,0.0035897698209718465,0.4005115089514069,0.03060722891566263,0.014098092643051756,26.61686746987952,16.382978723404257,GB
2016-02-25,0.004223846153846142,0.4328205128205133,0.03441162227602907,0.01353875338753385,37.082324455205814,23.04255319148936,GB
2016-02-26,0.004029921259842506,0.5430809399477803,0.03390909090909089,0.018476880222841198,66.14532019704434,44.40909090909091,GB
2016-02-27,0.004197256857855351,0.6176470588235294,0.03118735362997657,0.019767447916666632,73.27083333333333,52.833333333333336,GB
2016-02-28,0.0045995098039215525,0.6308823529411773,0.03451851851851854,0.017467968749999983,65.3953488372093,48.340425531914896,GB
2016-02-29,0.004075980392156846,0.412990196078431,0.0402824074074074,0.00982265624999998,43.67142857142857,27.583333333333332,GB
2016-03-01,0.003929901960784295,0.40441176470588275,0.03733101851851849,0.012408353808353796,34.53921568627451,25.205128205128204,GB
2016-03-02,0.004560499999999981,0.4852500000000014,0.03465330188679244,0.020284249999999983,42.56,32.5,GB
2016-03-03,0.005336802030456843,0.5918781725888331,0.02884210526315785,0.02758426395939086,46.878172588832484,35.22222222222222,GB
2016-03-04,0.0043237851662403905,0.6892583120204602,0.01932048192771081,0.02828823529411765,54.1645885286783,41.255319148936174,GB
2016-03-05,0.0035921568627450815,0.6291666666666667,0.028076566125290005,0.019510294117647025,43.12558139534884,30.80851063829787,GB
2016-03-06,0.0034541666666666466,0.5616707616707619,0.0301157407407407,0.016295823095823083,31.187793427230048,19.136363636363637,GB
2016-03-07,0.004042506142506124,0.5936274509803923,0.02544907407407406,0.01882598039215686,51.62180974477958,25.854166666666668,GB
2016-03-08,0.0038593908629441444,0.49113924050632934,0.029406403940886644,0.01949645569620253,65.13592233009709,24.270833333333332,GB
2016-03-09,0.004238235294117631,0.5002450980392151,0.03182843137254898,0.013832352941176447,34.11594202898551,18.708333333333332,GB
2016-03-10,0.003768814432989675,0.4306701030927835,0.033036082474226805,0.012229123711340198,35.80778588807786,13.976744186046512,GB
2016-03-11,0.004285925925925909,0.4575308641975308,0.03466419753086422,0.013318765432098754,34.222482435597186,17.90909090909091,GB
2016-03-12,0.005301225490196062,0.5416666666666673,0.034602941176470586,0.01725784313725487,55.03944315545244,30.893617021276597,GB
2016-03-13,0.005517647058823513,0.616666666666667,0.03725735294117648,0.018563970588235276,82.19444444444444,65.45833333333333,GB
2016-03-14,0.004452512562814057,0.6522613065326629,0.0358807106598984,0.019747989949748707,77.94272076372314,61.78048780487805,GB
2016-03-15,0.0044275510204081475,0.6010204081632654,0.03038775510204079,0.022305357142857102,58.378571428571426,35.723404255319146,GB
2016-03-16,0.005385359801488823,0.6094292803970233,0.03490322580645157,0.025435732009925542,60.39351851851852,43.5625,GB
2016-03-17,0.00569447236180903,0.5891959798994987,0.037294710327455884,0.027165491183879092,57.40047393364929,37.91489361702128,GB
2016-03-18,0.004164215686274497,0.6428921568627458,0.02083783783783782,0.028006127450980394,41.03488372093023,36.75,GB
2016-03-19,0.003624264705882338,0.5807881773399031,0.03420343137254899,0.016928921568627426,55.23897911832947,42.31111111111111,GB
2016-03-20,0.003202955665024622,0.5341523341523338,0.03499019607843133,0.012154901960784292,42.45601851851852,30.541666666666668,GB
2016-03-21,0.0036417721518987216,0.4992405063291138,0.031810126582278456,0.015371645569620226,30.593220338983052,21.30952380952381,GB
2016-03-22,0.004220947630922678,0.5528678304239403,0.04345343137254899,0.01739102244389024,49.778869778869776,33.659574468085104,GB
2016-03-23,0.004625888324873079,0.5002512562814065,0.04526303317535545,0.012388190954773861,40.680952380952384,32.25581395348837,GB
2016-03-24,0.0036894736842105124,0.42475490196078397,0.03983564814814812,0.009786764705882328,18.546318289786225,16.608695652173914,GB
2016-03-25,0.0037259259259259116,0.4202469135802469,0.03279953379953379,0.013332009925558283,23.537735849056602,18.97872340425532,GB
2016-03-26,0.0035461728395061627,0.4656862745098042,0.03274537037037035,0.01455759803921565,37.390697674418604,34.22727272727273,GB
2016-03-27,0.004380246913580231,0.5230392156862753,0.04415046296296299,0.012976715686274499,48.75581395348837,34.95652173913044,GB
2016-03-28,0.0053679687499999865,0.5786458333333347,0.05170343137254903,0.018291145833333317,57.19704433497537,41.604166666666664,GB
2016-03-29,0.00549924242424241,0.5818181818181838,0.048238663484486896,0.02006944444444443,62.30528846153846,45.5,GB
2016-03-30,0.0053994923857867945,0.5461928934010171,0.050267156862745105,0.018532741116751267,63.45454545454545,46.520833333333336,GB
2016-03-31,0.005432180851063817,0.5869680851063841,0.039025839793281614,0.023991489361702117,64.76229508196721,35.604166666666664,GB
2016-04-01,0.0065762532981530186,0.6356200527704489,0.04399503722084365,0.023027688172042968,69.52835051546391,35.875,GB
2016-04-02,0.005236206896551704,0.6475490196078427,0.05015740740740734,0.020845052083333298,70.96527777777777,37.8936170212766,GB
2016-04-03,0.0041696078431372385,0.6093137254901969,0.04534953703703701,0.016399218749999975,46.85411764705882,36.30232558139535,GB
2016-04-04,0.0032100529100529043,0.48733850129198897,0.037739130434782595,0.013770765027322381,15.443850267379679,10.695652173913043,GB
2016-04-05,0.0034321229050279217,0.5005586592178776,0.028887434554973786,0.017649999999999968,30.320413436692508,17.595744680851062,GB
2016-04-06,0.005153804347826072,0.5991847826086972,0.04187979539641941,0.02267599999999999,63.514066496163686,38.80487804878049,GB
2016-04-07,0.0031708791208791176,0.5069148936170215,0.04409476309226933,0.01722259887005648,21.483425414364643,19.21951219512195,GB
2016-04-08,0.0033053333333333233,0.46133333333333265,0.04148872180451129,0.016631339031339,55.97984886649874,25.80851063829787,GB
2016-04-09,0.003996391752577307,0.5943298969072184,0.051351941747572856,0.019526648351648353,120.30656934306569,47.1875,GB
2016-04-10,0.004016707616707605,0.6348039215686266,0.04939351851851851,0.01455755208333332,97.11574074074075,51.354166666666664,GB
2016-04-11,0.0031021052631578926,0.41751269035533045,0.041952153110047845,0.010922972972972947,30.401913875598087,22.097560975609756,GB
2016-04-12,0.003963157894736828,0.4626566416040103,0.03238297872340422,0.0178769841269841,35.1421568627451,19.57894736842105,GB
2016-04-13,0.0038901960784313663,0.5306372549019623,0.022837962962962942,0.020432031249999993,32.7662037037037,18.59375,GB
2016-04-14,0.003490101522842627,0.4939546599496228,0.03919339622641508,0.01418404255319147,46.90995260663507,29.452380952380953,GB
2016-04-15,0.0036096202531645466,0.5145728643216085,0.04036915887850466,0.015389501312335938,39.02347417840375,27.488888888888887,GB
2016-04-16,0.004158230958230948,0.4906250000000015,0.039196759259259244,0.017172135416666647,43.104651162790695,23.11627906976744,GB
2016-04-17,0.0032124338624338524,0.44166666666666665,0.05019024390243901,0.0065538674033148985,30.607894736842105,15.925,GB
2016-04-18,0.0035335106382978613,0.44022662889518344,0.05064588528678301,0.009626170798898053,45.02743142144639,22.833333333333332,GB
2016-04-19,0.003176127320954902,0.4498680738786274,0.0482772277227723,0.010962894736842088,35.57,17.763157894736842,GB
2016-04-20,0.0037807499999999872,0.4952500000000017,0.04066193853427892,0.01771424999999997,39.60377358490566,19.25,GB
2016-04-21,0.0034628712871286977,0.4985148514851487,0.03505660377358489,0.01558044554455444,20.71021377672209,16.72222222222222,GB
2016-04-22,0.0032707499999999924,0.48084577114427984,0.042412587412587396,0.013267654320987624,36.63084112149533,21.0,GB
2016-04-23,0.0037446078431372432,0.5144607843137258,0.046893518518518515,0.013663480392156832,186.64814814814815,41.97826086956522,GB
2016-04-24,0.0037982843137254734,0.44356435643564274,0.04388888888888885,0.0103220588235294,125.06712962962963,31.854166666666668,GB
2016-04-25,0.003950497512437802,0.5022784810126587,0.03868235294117648,0.015958706467661666,74.40330188679245,23.466666666666665,GB
2016-04-26,0.0050707499999999885,0.5430000000000009,0.03997405660377355,0.01705099999999999,72.01415094339623,29.791666666666668,GB
2016-04-27,0.003295108695652169,0.5724489795918364,0.040959134615384626,0.010762499999999977,34.08312958435208,18.645833333333332,GB
2016-04-28,0.003907923497267749,0.5084398976982086,0.039381861575178964,0.012214430379746823,31.775862068965516,12.042553191489361,GB
2016-04-29,0.0035905370843989696,0.4366093366093361,0.039076566125290015,0.014413513513513478,40.63231850117096,21.604166666666668,GB
2016-04-30,0.004330147058823517,0.5083333333333351,0.05418981481481486,0.013386764705882329,58.92111368909513,32.93617021276596,GB
2016-05-01,0.0045687960687960565,0.5205882352941203,0.060000000000000005,0.010734558823529385,51.03472222222222,29.16521739130435,GB
2016-05-02,0.0041664179104477445,0.45198019801980216,0.042908878504672905,0.010990099009900962,40.28503562945368,21.57391304347826,GB
2016-05-03,0.003751621621621614,0.42257217847768974,0.040975308641975315,0.007858267716535415,21.74160206718346,10.798076923076923,GB
2016-05-04,0.003035989717223643,0.3414322250639381,0.053204705882352904,0.005140648379052353,53.18536585365854,8.601694915254237,GB
2016-05-05,0.003699754901960768,0.38472906403940843,0.05229861111111106,0.010896568627450953,34.58837209302325,13.0,GB
2016-05-06,0.004433415233415221,0.40563725490196045,0.04832870370370362,0.00901348039215684,30.781395348837208,16.076923076923077,GB
2016-05-07,0.0032150246305418543,0.4098280098280094,0.050050925925925964,0.007863235294117622,148.86111111111111,31.647058823529413,GB
2016-05-08,0.0037879901960784167,0.4319410319410319,0.043821759259259234,0.009941666666666642,93.36342592592592,19.45,GB
2016-05-09,0.004883088235294104,0.48725490196078475,0.036400462962962905,0.016339215686274486,58.18518518518518,20.210084033613445,GB
2016-05-10,0.004632315521628481,0.6164974619289341,0.03318705035971223,0.016132994923857846,38.48201438848921,23.21212121212121,GB
2016-05-11,0.00410510204081631,0.4263819095477386,0.03841509433962263,0.01269299999999997,21.45047169811321,11.194690265486726,GB
2016-05-12,0.003739552238805956,0.4344059405940599,0.04187149532710279,0.013187623762376227,35.09411764705882,20.964285714285715,GB
2016-05-13,0.003808928571428556,0.45413533834586384,0.04443026004728135,0.011611278195488697,31.24113475177305,18.156521739130437,GB
2016-05-14,0.003403209876543198,0.4085784313725482,0.03759027777777776,0.009536519607843123,23.45243619489559,14.629310344827585,GB
2016-05-15,0.003478411910669961,0.4134803921568623,0.036013888888888894,0.007893137254901933,28.447795823665892,20.009174311926607,GB
2016-05-16,0.002811878453038673,0.37165354330708616,0.041725247524752464,0.008623097112860863,25.36386768447837,11.955555555555556,GB
2016-05-17,0.004035958005249333,0.4191815856777492,0.04414663461538464,0.014981887755102013,33.14903846153846,17.866666666666667,GB
2016-05-18,0.005032169576059839,0.505721393034827,0.04825586854460093,0.019450746268656696,41.70422535211268,23.64406779661017,GB
2016-05-19,0.0061231155778894335,0.5270000000000011,0.04199292452830189,0.018919499999999995,42.867612293144205,26.63716814159292,GB
2016-05-20,0.006375990099009885,0.5279702970297033,0.041749999999999975,0.01659183168316832,38.66121495327103,21.490909090909092,GB
2016-05-21,0.004757985257985236,0.4659313725490189,0.04926851851851851,0.012353676470588217,34.22222222222222,23.598130841121495,GB
2016-05-22,0.005163480392156843,0.4441176470588232,0.050520833333333355,0.010693627450980387,38.49419953596288,28.372549019607842,GB
2016-05-23,0.006353826530612225,0.5418367346938782,0.049021634615384564,0.01538418367346936,42.38405797101449,27.151162790697676,GB
2016-05-24,0.0035834224598930366,0.4013368983957219,0.040606060606060604,0.011630748663101589,26.653061224489797,15.734939759036145,GB
2016-05-25,0.0033342639593908546,0.4554430379746835,0.052035799522672996,0.013043797468354398,41.23317307692308,28.262626262626263,GB
2016-05-26,0.0032551912568305943,0.535772357723579,0.05622646310432566,0.015349184782608678,70.18829516539441,52.108108108108105,GB
2016-05-27,0.004752278820375326,0.5361930294906179,0.06269017632241815,0.01391420911528148,71.77581863979849,44.59782608695652,GB
2016-05-28,0.004548529411764691,0.5004901960784327,0.057719907407407386,0.014757843137254869,59.979166666666664,36.48717948717949,GB
2016-05-29,0.00405665024630541,0.4781862745098057,0.05591203703703704,0.012799264705882324,52.1087962962963,31.504273504273506,GB
2016-05-30,0.006025369458128055,0.5445544554455459,0.06313720930232551,0.013710344827586192,57.06976744186046,35.77064220183486,GB
2016-05-31,0.0051627791563275335,0.6166253101736995,0.06666042154566745,0.013536476426798982,66.2981220657277,38.098214285714285,GB
2016-06-01,0.004463281249999981,0.3953929539295387,0.052041062801932346,0.00838801020408161,34.2,16.03529411764706,GB
2016-06-02,0.003490526315789463,0.34125326370757075,0.04093967517401391,0.010993069306930675,20.93144208037825,9.05586592178771,GB
2016-06-03,0.003801302083333324,0.38749999999999907,0.056942129629629586,0.013333823529411749,33.98126463700234,18.988826815642458,GB
2016-06-04,0.0042480417754569,0.4442708333333331,0.04248379629629631,0.015274754901960752,37.58139534883721,22.43016759776536,GB
2016-06-05,0.0054023498694516815,0.40338541666666594,0.04462731481481483,0.009491625615763534,28.388372093023257,15.257668711656441,GB
2016-06-06,0.0050840731070495955,0.38255208333333285,0.03827272727272725,0.009556790123456772,23.986078886310906,12.169590643274853,GB
2016-06-07,0.003246195652173912,0.38865435356200473,0.030492924528301855,0.010248872180451101,24.824644549763033,11.95808383233533,GB
2016-06-08,0.0046913486005088975,0.498019801980198,0.02332009345794391,0.017655445544554445,47.65492957746479,29.245283018867923,GB
2016-06-09,0.004693702770780844,0.44698492462311573,0.03256038647342992,0.012759343434343417,41.91232227488152,26.699386503067483,GB
2016-06-10,0.00352766497461928,0.42821782178217704,0.04220892018779342,0.011273762376237608,35.83490566037736,23.575163398692812,GB
2016-06-11,0.0036301470588235183,0.4171568627450978,0.03813221153846155,0.011342014742014718,39.495370370370374,26.097142857142856,GB
2016-06-12,0.004146813725490186,0.41086419753086395,0.02040875912408755,0.010098039215686245,38.148148148148145,25.847457627118644,GB
2016-06-13,0.004546616541353368,0.464661654135337,0.030423940149625912,0.010752777777777762,30.17831325301205,17.73248407643312,GB
2016-06-14,0.003852499999999986,0.429177057356608,0.03781796690307325,0.010577443609022536,32.87153652392947,20.089041095890412,GB
2016-06-15,0.003710473815461337,0.3932835820895515,0.029235849056603737,0.011707462686567138,39.54636591478697,24.593548387096774,GB
2016-06-16,0.0030663185378590036,0.37387862796833843,0.03763749999999996,0.0095764397905759,26.53968253968254,14.578947368421053,GB
2016-06-17,0.0032625641025640917,0.43153846153846165,0.061711286089238836,0.009915641025641,36.24,21.870588235294118,GB
2016-06-18,0.0043041769041768894,0.48639798488665115,0.059981912144702845,0.012698529411764678,44.22843822843823,28.795698924731184,GB
2016-06-19,0.0045691176470588095,0.4874999999999998,0.04949750000000003,0.009037745098039202,31.91435185185185,21.685393258426966,GB
2016-06-20,0.004348066298342533,0.5281501340482583,0.04921319796954315,0.013997164948453588,44.17171717171717,28.234285714285715,GB
2016-06-21,0.0046281767955800935,0.49478908188585685,0.04623887587822015,0.010868101265822746,44.758782201405154,29.99411764705882,GB
2016-06-22,0.0036983870967741837,0.45721518987341864,0.032679334916864616,0.010337368421052616,38.4547619047619,27.2603550295858,GB
2016-06-23,0.004218548387096758,0.42481012658227824,0.03699285714285709,0.009761111111111083,23.059952038369303,12.348314606741573,GB
2016-06-24,0.0034552278820375246,0.4316582914572868,0.03030120481927706,0.011678140703517555,22.27710843373494,14.41025641025641,GB
2016-06-25,0.003192968749999992,0.36116751269035485,0.051650462962962974,0.00712573529411763,21.742990654205606,9.543010752688172,GB
2016-06-26,0.003643733333333323,0.3892030848329038,0.050380614657210394,0.00888124999999999,25.338862559241708,13.573684210526316,GB
2016-06-27,0.004154155495978544,0.4292929292929287,0.0421900237529691,0.014208060453400484,33.31666666666667,21.37037037037037,GB
2016-06-28,0.003999999999999991,0.4341645885286773,0.0408708920187793,0.011673134328358167,37.502347417840376,28.216216216216218,GB
2016-06-29,0.004209114583333322,0.42697201017811626,0.03899071925754059,0.011432843137254883,27.581560283687942,18.593220338983052,GB
2016-06-30,0.003378609625668442,0.45238095238095233,0.03786524822695033,0.01077749999999999,31.21090047393365,20.74175824175824,GB
2016-07-01,0.003330706521739124,0.3726098191214465,0.0218376470588235,0.009182793017456338,20.718670076726344,12.822085889570552,GB
2016-07-02,0.0028555555555555543,0.3374999999999994,0.024395348837209316,0.007145679012345658,10.951566951566951,5.394957983193278,GB
2016-07-03,0.00283530997304582,0.39050000000000046,0.029541666666666643,0.008717121588089313,23.207594936708862,12.568965517241379,GB
2016-07-04,0.003531351351351338,0.43705583756345173,0.03296889952153106,0.011958883248730947,14.415512465373961,7.871212121212121,GB
2016-07-05,0.00362021563342317,0.3764556962025309,0.022897129186602843,0.00851999999999997,17.152588555858312,8.471830985915492,GB
2016-07-06,0.0038598404255319033,0.37277353689567344,0.01950943396226411,0.0102691919191919,11.74937343358396,5.7727272727272725,GB
2016-07-07,0.004729971988795504,0.4435114503816788,0.024918660287081305,0.01091928934010149,25.64070351758794,13.651898734177216,GB
2016-07-08,0.004141193181818171,0.360499999999999,0.026264637002341894,0.011228109452736286,24.933649289099527,14.183431952662723,GB
2016-07-09,0.004972777777777764,0.3997542997542991,0.029800925925925894,0.010547794117647053,28.198067632850243,15.717391304347826,GB
2016-07-10,0.004774444444444428,0.436117936117936,0.04068055555555551,0.010019607843137227,31.197149643705462,17.559139784946236,GB
2016-07-11,0.005623863636363624,0.5339240506329106,0.03279901960784312,0.012201262626262605,41.40147783251231,26.932960893854748,GB
2016-07-12,0.003890960451977391,0.4010899182561302,0.024632152588555833,0.010031062670299714,24.937853107344633,14.438356164383562,GB
2016-07-13,0.0035518427518427395,0.44117647058823495,0.03974019607843136,0.010343872549019575,34.555837563451774,20.787709497206706,GB
2016-07-14,0.004591794871794855,0.39160305343511415,0.031927318295739325,0.010002756892230551,26.62148337595908,15.916666666666666,GB
2016-07-15,0.004104687499999984,0.3768261964735509,0.02580653266331653,0.008761557788944703,18.106598984771573,7.179775280898877,GB
2016-07-16,0.003221994884910476,0.3580882352941169,0.020563725490196066,0.008144607843137232,16.65897435897436,8.115384615384615,GB
2016-07-17,0.0032103960396039507,0.3727722772277223,0.02738118811881185,0.0073680693069306715,17.632124352331605,7.977528089887641,GB
2016-07-18,0.003518734177215184,0.3686075949367082,0.0280278481012658,0.008334430379746792,16.39119170984456,6.219653179190751,GB
2016-07-19,0.0035246753246753106,0.36389610389610305,0.030533505154639148,0.0079324675324675,23.176923076923078,14.25,GB
2016-07-20,0.0036291560102301723,0.3462915601023012,0.026693877551020356,0.006869820971866992,18.728682170542637,11.347560975609756,GB
2016-07-21,0.0035134999999999867,0.3299999999999988,0.024888059701492507,0.0074604477611940065,17.301745635910226,8.81868131868132,GB
2016-07-22,0.0036613402061855525,0.3154822335025365,0.025955334987593018,0.007687841191066985,18.300995024875622,10.327868852459016,GB
2016-07-23,0.0038747311827956863,0.33685567010309225,0.0296216216216216,0.008567676767676731,24.26753246753247,13.740540540540541,GB
2016-07-24,0.004336979166666654,0.41887254901960735,0.0356985294117647,0.008906127450980364,33.18537859007833,22.12972972972973,GB
2016-07-25,0.0038918848167539166,0.42049999999999954,0.021697499999999977,0.010678999999999977,32.59416445623342,18.956989247311828,GB
2016-07-26,0.0032564039408866843,0.35665024630541814,0.025848258706467644,0.008880788177339878,27.48138957816377,14.505681818181818,GB
2016-07-27,0.0037696969696969606,0.3564231738035257,0.026086734693877508,0.008453535353535333,26.08101265822785,12.982658959537572,GB
2016-07-28,0.0038919395465994776,0.3795969773299748,0.033869017632241795,0.008554156171284615,31.464646464646464,18.439306358381504,GB
2016-07-29,0.0038348600508905746,0.4687022900763361,0.039090452261306544,0.010670351758793946,46.85964912280702,31.654255319148938,GB
2016-07-30,0.003831111111111098,0.39737532808398995,0.03390931372549014,0.009186913580246878,32.417690417690416,19.540697674418606,GB
2016-07-31,0.004530249999999985,0.435638297872341,0.03828249999999998,0.008073749999999987,32.7325,19.88953488372093,GB
2016-08-01,0.003761224489795907,0.41797468354430395,0.032381313131313094,0.008664303797468333,28.553846153846155,18.780898876404493,GB
2016-08-02,0.0037790523690772932,0.4436408977556116,0.026443890274314173,0.009468827930174532,29.904761904761905,18.67539267015707,GB
2016-08-03,0.003154299754299739,0.40171568627451015,0.024621621621621622,0.007855147058823501,27.056511056511056,15.75916230366492,GB
2016-08-04,0.0033912935323382933,0.41283950617283927,0.024750617283950584,0.0068977777777777605,27.062034739454095,17.375,GB
2016-08-05,0.003492030848329031,0.41152882205513724,0.026431761786600484,0.0072242424242424125,24.439205955334987,15.031413612565444,GB
2016-08-06,0.0036257499999999827,0.42005012531328184,0.030115196078431338,0.008132506203473916,28.201970443349754,19.244791666666668,GB
2016-08-07,0.003710810810810799,0.3933823529411758,0.03862407862407858,0.007734068627450959,32.59605911330049,20.298429319371728,GB
2016-08-08,0.004382487309644655,0.46975000000000056,0.03879746835443037,0.009375949367088581,34.70558375634518,21.35135135135135,GB
2016-08-09,0.005071649484536061,0.48253164556962025,0.03107088607594934,0.009275443037974673,26.9873417721519,13.027777777777779,GB
2016-08-10,0.004511702127659555,0.4235142118863053,0.041644501278772374,0.010843669250645968,29.191815856777495,17.854748603351954,GB
2016-08-11,0.004194117647058811,0.43145780051151,0.04599492385786805,0.011589769820971844,37.02030456852792,23.562841530054644,GB
2016-08-12,0.004206451612903207,0.4570719602977673,0.051423645320197026,0.012548883374689788,41.27832512315271,24.96315789473684,GB
2016-08-13,0.0041387254901960584,0.43259803921568685,0.052450980392156836,0.011851960784313702,38.486486486486484,26.005555555555556,GB
2016-08-14,0.0037841191066997322,0.39402985074626873,0.04651470588235297,0.007896774193548358,33.0615763546798,21.783783783783782,GB
2016-08-15,0.004293627450980373,0.42941176470588305,0.03713235294117647,0.007617401960784288,30.723456790123457,19.151832460732983,GB
2016-08-16,0.004390600522193187,0.43634020618556757,0.036953124999999996,0.008067968749999993,22.2025974025974,12.920454545454545,GB
2016-08-17,0.004006516290726791,0.39848866498740554,0.034944999999999976,0.008338499999999967,20.48110831234257,10.725806451612904,GB
2016-08-18,0.004083076923076902,0.3918635170603664,0.03331969309462914,0.008144245524296658,20.194871794871794,11.10752688172043,GB
2016-08-19,0.004364885496183179,0.37369791666666613,0.03303816793893133,0.007782442748091583,19.50383631713555,9.973544973544973,GB
2016-08-20,0.004086206896551702,0.34875621890547176,0.03149264705882354,0.006884313725490179,17.409876543209876,6.978609625668449,GB
2016-08-21,0.004467156862745073,0.35802469135802384,0.0333799019607843,0.006418137254901945,16.17037037037037,6.955801104972376,GB
2016-08-22,0.004245663265306098,0.3595854922279785,0.03338790931989925,0.007609319899244297,18.23989898989899,7.698324022346369,GB
2016-08-23,0.0037371134020618346,0.33916449086161843,0.031930591259640075,0.007293333333333307,14.982005141388175,7.011299435028248,GB
2016-08-24,0.0037039900249376378,0.32739018087855276,0.03624754901960784,0.007947044334975352,16.838046272493575,7.215116279069767,GB
2016-08-25,0.004017499999999987,0.395466666666666,0.03999257425742572,0.011409975062344103,22.403553299492387,11.0,GB
2016-08-26,0.004100744416873429,0.48918205804749276,0.029927680798004935,0.010943034825870628,22.055555555555557,10.994117647058824,GB
2016-08-27,0.0038626535626535437,0.2901333333333328,0.02958374384236452,0.006796805896805881,16.618798955613578,7.180124223602484,GB
2016-08-28,0.0032368421052631413,0.3234972677595626,0.027679104477611925,0.006466417910447737,10.121951219512194,4.111888111888112,GB
2016-08-29,0.00321155778894471,0.312432432432432,0.025913924050632867,0.008236842105263134,9.958208955223881,6.888111888111888,GB
2016-08-30,0.0034004975124377976,0.3119047619047621,0.029531746031746024,0.009201243781094508,17.833333333333332,9.309782608695652,GB
2016-08-31,0.0033460199004975003,0.3153439153439152,0.04601851851851851,0.0057601990049751,23.238605898123325,10.896739130434783,GB
2016-09-01,0.004374999999999985,0.5016666666666668,0.07983333333333344,0.009934047619047596,56.78333333333333,36.16847826086956,GB
2016-09-02,0.0033180952380952216,0.4319444444444453,0.04814651162790693,0.01087361111111109,27.267441860465116,18.751381215469614,GB
2016-09-03,0.003566433566433545,0.4615740740740745,0.03647453703703702,0.011189351851851829,16.389671361502348,11.032786885245901,GB
2016-09-04,0.004029398148148129,0.481220657276996,0.02543601895734599,0.008271990740740717,28.525462962962962,17.25130890052356,GB
2016-09-05,0.0037898345153664103,0.4661097852028638,0.019640776699029115,0.010790307328605175,22.79145728643216,12.559782608695652,GB
2016-09-06,0.003518396226415078,0.5045454545454556,0.02749516908212558,0.013191981132075432,38.61224489795919,25.048128342245988,GB
2016-09-07,0.004251764705882338,0.5730964467005085,0.0350776470588235,0.013662823529411736,58.744107744107744,38.48663101604278,GB
2016-09-08,0.003706190476190458,0.4436363636363646,0.040497630331753534,0.00984928909952603,40.060931899641574,22.717391304347824,GB
2016-09-09,0.0036060606060605922,0.4560000000000006,0.03638694638694637,0.00987523364485978,40.00687285223368,26.522727272727273,GB
2016-09-10,0.0035303738317756846,0.4572839506172843,0.027995370370370337,0.010868213457076541,37.39102564102564,24.704819277108435,GB
2016-09-11,0.0034886046511627745,0.3436224489795921,0.025464037122969782,0.007171925754060298,26.55448717948718,15.678571428571429,GB
2016-09-12,0.003040281030444956,0.37994428969359445,0.024156908665105347,0.011355035128805592,22.224358974358974,11.91715976331361,GB
2016-09-13,0.003490384615384603,0.35731343283582134,0.029867469879518046,0.009150242718446576,21.4,9.067796610169491,GB
2016-09-14,0.003121162790697661,0.33983286908078053,0.02729302325581392,0.008360933660933632,22.042071197411005,11.934911242603551,GB
2016-09-15,0.003354460093896701,0.43324022346368735,0.027841232227488116,0.008011083743842328,30.376205787781352,19.582010582010582,GB
2016-09-16,0.002999534883720914,0.4599999999999999,0.023081018518518518,0.008809803921568594,39.18971061093247,27.20744680851064,GB
2016-09-17,0.0030248243559718837,0.38416666666666643,0.027608796296296294,0.007716461916461895,17.735099337748345,11.198924731182796,GB
2016-09-18,0.003704629629629622,0.49083333333333357,0.03288194444444441,0.00802156862745096,20.75657894736842,10.559782608695652,GB
2016-09-19,0.0037452606635070937,0.3431486880466472,0.027790588235294067,0.00790075566750628,22.29126213592233,9.146739130434783,GB
2016-09-20,0.003911764705882344,0.41976401179941,0.030945882352941153,0.009749627791563242,25.92763157894737,10.368421052631579,GB
2016-09-21,0.0038689573459715493,0.374285714285715,0.029867298578199017,0.01176923076923073,36.80730897009967,22.410526315789475,GB
2016-09-22,0.003938875878220125,0.4783098591549299,0.025800936768149874,0.012949638554216833,40.50814332247557,27.71808510638298,GB
2016-09-23,0.0036140845070422364,0.3884831460674164,0.02616705882352939,0.010078518518518494,33.03405572755418,22.792349726775956,GB
2016-09-24,0.003689327146171684,0.4291666666666664,0.02686342592592592,0.009966582914572844,30.63968668407311,21.02659574468085,GB
2016-09-25,0.0035828306264501005,0.4719444444444447,0.024835648148148124,0.010517647058823498,31.86315789473684,21.694915254237287,GB
2016-09-26,0.004352983293556066,0.5721126760563385,0.017190930787589462,0.012887064676616893,38.00529100529101,25.88372093023256,GB
2016-09-27,0.003187999999999983,0.4271708683473389,0.017437799043062165,0.011317456359102227,27.737623762376238,20.701570680628272,GB
2016-09-28,0.003312918660287071,0.4568047337278115,0.02058851674641147,0.010932994923857839,29.938423645320196,20.276243093922652,GB
2016-09-29,0.003481463414634135,0.4328402366863909,0.023490291262135886,0.008683804627249336,21.324455205811137,8.628048780487806,GB
2016-09-30,0.0032002392344497505,0.4088082901554407,0.010914572864321577,0.01221108312342566,21.35264483627204,10.491978609625669,GB
2016-10-01,0.0032640371229698283,0.4338345864661654,0.014526806526806492,0.010307673267326702,24.194581280788178,14.672222222222222,GB
2016-10-02,0.0034152582159624233,0.4573200992555832,0.02030555555555553,0.008709068627450951,27.696517412935325,18.74863387978142,GB
2016-10-03,0.00348958333333331,0.3800000000000001,0.014572093023255796,0.008858578431372527,25.73955773955774,16.502645502645503,GB
2016-10-04,0.003491198044009757,0.3839673913043487,0.0265024390243902,0.008670909090909057,30.08421052631579,15.443850267379679,GB
2016-10-05,0.0032512135922329916,0.3795865633074941,0.027690072639225148,0.008795372750642643,19.58040201005025,9.850574712643677,GB
2016-10-06,0.0034168646080759936,0.43333333333333357,0.027455188679245263,0.01116545893719803,32.19385342789598,18.0625,GB
2016-10-07,0.003341379310344819,0.3913793103448279,0.023906323185011676,0.011098594847775145,30.26618705035971,16.434065934065934,GB
2016-10-08,0.0031474537037036844,0.38611111111111157,0.03079398148148145,0.0087659722222222,18.26463700234192,11.119718309859154,GB
2016-10-09,0.0032981438515081057,0.4032407407407416,0.032402777777777746,0.007057175925925896,23.77674418604651,11.395061728395062,GB
2016-10-10,0.003429197080291961,0.39537712895377225,0.02137864077669901,0.012065291262135895,23.781326781326783,11.446540880503145,GB
2016-10-11,0.0032621103117505793,0.3843137254901969,0.018973557692307665,0.01270623501199037,27.06971153846154,14.858823529411765,GB
2016-10-12,0.004114893617021258,0.49133489461358365,0.02970491803278684,0.01532248243559716,49.57276995305164,28.395833333333332,GB
2016-10-13,0.003477699530516413,0.4275294117647063,0.023514018691588763,0.016267764705882315,40.096018735362996,24.408376963350786,GB
2016-10-14,0.0038075609756097425,0.49732360097323614,0.028443099273607695,0.01857907542579073,53.67639902676399,34.645714285714284,GB
2016-10-15,0.003646226415094326,0.5810185185185192,0.02964351851851849,0.017121064814814776,65.25233644859813,47.572916666666664,GB
2016-10-16,0.0031283372365339436,0.4879629629629638,0.02126620370370367,0.012969362745098028,42.177985948477755,32.07185628742515,GB
2016-10-17,0.003217433414043566,0.3971084337349398,0.02656009615384612,0.011729925187032388,22.837092731829575,13.748502994011975,GB
2016-10-18,0.003266265060240947,0.4760290556900732,0.024660287081339678,0.014525247524752446,48.77163461538461,31.894736842105264,GB
2016-10-19,0.003333886255924155,0.5017156862745105,0.023964454976303277,0.014512009803921522,45.516666666666666,29.377777777777776,GB
2016-10-20,0.0040731132075471545,0.49900249376558653,0.03430046948356803,0.014440049751243755,58.57981220657277,37.477777777777774,GB
2016-10-21,0.0031676767676767584,0.32419354838709674,0.031733333333333315,0.009888131313131291,36.63875598086124,16.710227272727273,GB
2016-10-22,0.0034107728337236425,0.33473945409429295,0.024354166666666646,0.01024338235294116,27.333333333333332,12.267015706806284,GB
2016-10-23,0.003626279069767425,0.3545226130653269,0.031204651162790642,0.007701231527093573,23.190140845070424,10.98936170212766,GB
2016-10-24,0.003508830548925995,0.3152230971128611,0.024902380952380936,0.00989924242424239,20.405727923627683,8.913513513513514,GB
2016-10-25,0.0034458823529411615,0.410224438902743,0.017481481481481466,0.013986274509803902,21.013921113689094,10.668449197860962,GB
2016-10-26,0.003104645476772599,0.4342569269521411,0.018719714964370512,0.014679028132992282,29.242857142857144,17.180790960451976,GB
2016-10-27,0.00309364303178483,0.4135064935064934,0.02109219858156025,0.011704761904761888,36.46341463414634,20.016042780748663,GB
2016-10-28,0.002983571428571418,0.37944162436548146,0.02296261682242987,0.012336633663366313,22.866834170854272,10.77659574468085,GB
2016-10-29,0.003388888888888872,0.4286419753086424,0.024812499999999977,0.011913480392156837,40.29656862745098,22.057291666666668,GB
2016-10-30,0.0033802784222737707,0.3763546798029558,0.024511574074074033,0.012147794117647043,34.2997542997543,18.24858757062147,GB
2016-10-31,0.003585581395348826,0.42139423076923155,0.014379069767441842,0.017871078431372527,35.563855421686746,19.54736842105263,GB
2016-11-01,0.0033119047619047494,0.3136363636363639,0.02826746987951806,0.011096717171717143,27.140350877192983,13.027027027027026,GB
2016-11-02,0.0035797066014669806,0.3865482233502539,0.02568137254901959,0.015713766233766205,31.15482233502538,14.619565217391305,GB
2016-11-03,0.004358111380145262,0.5322738386308065,0.021025641025640997,0.01999251870324186,52.271393643031786,32.24277456647399,GB
2016-11-04,0.004459854014598522,0.6029197080291976,0.02245088161209063,0.021572749391727455,58.50246305418719,37.12280701754386,GB
2016-11-05,0.004471527777777767,0.6071759259259262,0.027693430656934297,0.019965277777777776,59.08845208845209,37.52972972972973,GB
2016-11-06,0.003544651162790686,0.4593023255813955,0.0284452926208651,0.011825603864734281,39.71851851851852,28.15343915343915,GB
2016-11-07,0.003726004728132372,0.4747044917257697,0.023978319783197796,0.015015639810426525,37.464019851116625,23.497237569060772,GB
2016-11-08,0.0034076354679802834,0.49310344827586217,0.030264044943820224,0.012799498746867153,42.90816326530612,30.019354838709678,GB
2016-11-09,0.003593632075471687,0.4455188679245288,0.0254042553191489,0.015563196125907964,52.41943127962085,31.097560975609756,GB
2016-11-10,0.004242117647058797,0.4884259259259271,0.016632124352331582,0.01675509259259256,37.032710280373834,24.756906077348066,GB
2016-11-11,0.003984259259259246,0.5138888888888892,0.021575520833333296,0.016055868544600914,48.933491686460805,27.302702702702703,GB
2016-11-12,0.004321064814814801,0.610879629629629,0.019885416666666652,0.018804861111111078,68.07424593967518,37.166666666666664,GB
2016-11-13,0.004589583333333325,0.6583333333333329,0.019486979166666644,0.01814652777777775,65.05555555555556,39.87434554973822,GB
2016-11-14,0.0046919047619047435,0.6630952380952378,0.015460916442048502,0.01991404761904761,57.09761904761905,39.63333333333333,GB
2016-11-15,0.004243414634146332,0.4856097560975612,0.027948863636363574,0.01489118387909317,53.692874692874696,25.595375722543352,GB
2016-11-16,0.004358072289156611,0.49807228915662694,0.020070175438596464,0.01904661835748791,49.06812652068127,23.47159090909091,GB
2016-11-17,0.004936602870813384,0.6366028708133967,0.021884393063583783,0.02238181818181816,77.64832535885168,40.99438202247191,GB
2016-11-18,0.004502179176755429,0.6926540284360183,0.018957142857142832,0.021150473933649296,73.36363636363636,48.452127659574465,GB
2016-11-19,0.003859114583333318,0.633333333333334,0.018426282051282026,0.01669374999999998,39.84334203655352,33.65217391304348,GB
2016-11-20,0.0037192708333333158,0.6494791666666676,0.027669871794871768,0.012670572916666638,37.20744680851064,24.096153846153847,GB
2016-11-21,0.004143636363636342,0.6497409326424876,0.01588923076923074,0.01670025906735748,44.05945945945946,25.46706586826347,GB
2016-11-22,0.0037596205962059414,0.5302083333333337,0.020242339832869046,0.0149481770833333,37.52278820375335,21.783625730994153,GB
2016-11-23,0.0036919395465994744,0.3786069651741294,0.01984079601990047,0.015905970149253698,32.25706940874036,15.202127659574469,GB
2016-11-24,0.0038248792270531204,0.34108910891089195,0.026304556354916037,0.013101199040767359,25.385416666666668,11.44632768361582,GB
2016-11-25,0.0043190361445782964,0.4474619289340118,0.024880382775119607,0.016412918660287032,33.768637532133674,18.497237569060772,GB
2016-11-26,0.004287323943661959,0.5848039215686264,0.012826405867970639,0.022196990740740725,58.00257731958763,43.12765957446808,GB
2016-11-27,0.003441134751773034,0.5205882352941179,0.020226107226107178,0.014338425925925888,50.34183673469388,41.06470588235294,GB
2016-11-28,0.003965375302663431,0.604239401496258,0.022515294117647033,0.016294103773584905,75.3175,43.08152173913044,GB
2016-11-29,0.004564935064935056,0.5119113573407214,0.021148051948051923,0.01839791666666665,34.121883656509695,16.881944444444443,GB
2016-11-30,0.004680901856763911,0.6175637393767712,0.011988700564971734,0.0211596816976127,38.024128686327074,23.84722222222222,GB
2016-12-01,0.003747229551451173,0.5218487394957985,0.02987598944591025,0.013051181102362192,50.42162162162162,30.194285714285716,GB
2016-12-02,0.0036498783454987677,0.4494871794871802,0.025881067961165054,0.014325665859564143,28.425925925925927,13.414772727272727,GB
2016-12-03,0.004335185185185175,0.6102941176470592,0.015780092592592564,0.023915740740740727,46.736342042755346,27.060439560439562,GB
2016-12-04,0.004873611111111102,0.7156862745098049,0.01576388888888887,0.02181504629629627,49.48803827751196,34.32631578947368,GB
2016-12-05,0.005075999999999989,0.7509999999999999,0.026451764705882334,0.02027058823529409,78.79418886198548,50.87096774193548,GB
2016-12-06,0.003658513189448425,0.4296019900497517,0.028243559718969517,0.013112880562060872,33.61029411764706,16.102150537634408,GB
2016-12-07,0.004496144578313238,0.6030456852791886,0.015409200968522978,0.023504337349397587,44.44887780548628,25.491803278688526,GB
2016-12-08,0.004918691588785029,0.7680693069306935,0.01610538641686181,0.026302336448598092,69.8623188405797,46.675392670157066,GB
2016-12-09,0.004384953703703691,0.6644607843137266,0.02504861111111109,0.01779143518518516,52.58450704225352,34.28108108108108,GB
2016-12-10,0.003742558139534871,0.5289215686274521,0.023203703703703654,0.015774537037037007,31.458333333333332,18.080645161290324,GB
2016-12-11,0.00448587962962962,0.612500000000001,0.018796296296296266,0.020513194444444407,36.31386861313869,21.016393442622952,GB
2016-12-12,0.005041037735849043,0.7231920199501242,0.014278301886792435,0.022602588235294103,45.68446601941748,28.198863636363637,GB
2016-12-13,0.005273115577889435,0.8054973821989524,0.014329974811083099,0.024681203007518786,53.43669250645995,36.171597633136095,GB
2016-12-14,0.004213404825737243,0.6877659574468094,0.016720744680851045,0.018751595744680827,52.0,33.75757575757576,GB
2016-12-15,0.003702398081534759,0.44258373205741675,0.02455155875299759,0.01252583732057414,38.1381074168798,22.29090909090909,GB
2016-12-16,0.004574154589371972,0.42530120481927836,0.025980722891566253,0.012924337349397573,28.695431472081218,12.69811320754717,GB
2016-12-17,0.005074305555555542,0.5712962962962979,0.025413551401869166,0.016476851851851836,39.007462686567166,23.036649214659686,GB
2016-12-18,0.004255452436194881,0.6219907407407409,0.023511574074074053,0.01595254629629628,41.660714285714285,26.22043010752688,GB
2016-12-19,0.004708551068883598,0.7247030878859859,0.011475059382422766,0.02308788598574819,44.38560411311054,29.73015873015873,GB
2016-12-20,0.00453117505995203,0.7249400479616307,0.015164251207729419,0.01898992805755393,50.87223587223587,32.759562841530055,GB
2016-12-21,0.004139810426540266,0.7187203791469191,0.01133082706766915,0.01821682464454973,40.74129353233831,23.134408602150536,GB
2016-12-22,0.0036995348837209176,0.6540603248259873,0.02413488372093021,0.012165972222222201,17.25814536340852,11.936305732484076,GB
2016-12-23,0.0032414918414918254,0.4389277389277394,0.029818181818181768,0.007554079254079233,27.28676470588235,14.92090395480226,GB
2016-12-24,0.003794212962962956,0.5951276102088163,0.020613425925925886,0.013153935185185164,50.5855421686747,32.78835978835979,GB
2016-12-25,0.004077083333333329,0.7219907407407412,0.015243055555555517,0.016210879629629596,51.60386473429951,35.8848167539267,GB
2016-12-26,0.00392853773584905,0.7270142180094794,0.013213270142180067,0.018487028301886782,43.41959798994975,31.818181818181817,GB
2016-12-27,0.0038430913348945998,0.49531615925058553,0.02487793427230043,0.012485480093676792,32.185,20.017543859649123,GB
2016-12-28,0.004257377049180321,0.48032786885246054,0.018423887587821982,0.016785714285714255,34.65432098765432,16.926701570680628,GB
2016-12-29,0.004458644859813071,0.44158878504673005,0.0243481308411215,0.01355420560747661,33.71601941747573,17.712707182320443,GB
2016-12-30,0.004392824074074064,0.4439814814814828,0.023755813953488334,0.012612064965197208,28.10487804878049,12.392265193370166,GB
2016-12-31,0.004791435185185176,0.5972222222222231,0.02389810426540283,0.014105324074074041,42.09443099273608,26.313513513513513,GB
2017-01-01,0.004366666666666667,0.7777777777777778,0.018823529411764704,0.016433333333333338,46.8235294117647,31.625,GB
2016-01-01,0.0053788043478260675,0.9483764446890506,0.008302089215132685,0.03787103973870447,77.62934782608696,50.18343195266272,GG
2016-01-02,0.005268265682656766,0.7192898781134087,0.012838203463203456,0.03410047046523787,56.886399166232415,34.794444444444444,GG
2016-01-03,0.006097699304440833,1.0016436903499446,0.011656926406926399,0.040590828556540025,95.60585467851543,56.48882681564246,GG
2016-01-04,0.005697826086956468,0.7276515151515179,0.020577050997782727,0.029766934189406128,89.49352051835854,51.74084507042254,GG
2016-01-05,0.0053561744613767285,0.4948331539289516,0.015724740578918584,0.02502237539766704,37.72741596638655,17.139664804469273,GG
2016-01-06,0.006530831099195678,0.7153177620858242,0.007582545858810432,0.03788395061728393,66.27757059136921,34.18258426966292,GG
2016-01-07,0.005957789757412365,0.6188145731375759,0.01422901612006668,0.028362614308768172,50.82673796791444,26.33142857142857,GG
2016-01-08,0.005955247735748496,0.6158261802575132,0.012153296703296707,0.03169749733759318,44.1286394917946,22.296610169491526,GG
2016-01-09,0.0058656992084432265,0.6104651162790717,0.01384657236126222,0.029481230283911673,46.830624016780284,24.13888888888889,GG
2016-01-10,0.005725843881856489,0.5683959767072505,0.01738041125541124,0.026296447230929974,40.495253164556964,22.266666666666666,GG
2016-01-11,0.0056017722878624705,0.5714672441797508,0.015555432984004403,0.029332247730912916,45.98766756032172,22.864406779661017,GG
2016-01-12,0.005478537106246615,0.6397831978319792,0.012664289632473971,0.03346506153023001,55.44838709677419,26.21727019498607,GG
2016-01-13,0.005209994655264512,0.5979700854700886,0.01414324767632583,0.029434607218683698,43.71466106148187,23.258333333333333,GG
2016-01-14,0.005946506666666637,0.6328318108543837,0.012107279693486597,0.03510576307363928,49.86515071390799,25.05965909090909,GG
2016-01-15,0.0059577509196006035,0.7699208443271752,0.008194685466377435,0.04342768903088402,61.475247524752476,36.98587570621469,GG
2016-01-16,0.006100829015544031,0.8651101783840494,0.006574931880108975,0.045624478079332294,84.48340248962656,54.11944444444445,GG
2016-01-17,0.005363531266421373,0.8608302288451276,0.007601549529607069,0.04039857444561794,82.07413249211356,54.33704735376045,GG
2016-01-18,0.004932211538461476,0.6252164502164487,0.02052234636871504,0.022073653333333363,61.615758229897466,33.98314606741573,GG
2016-01-19,0.004493023255813846,0.40140845070421916,0.024285318559556845,0.013910660173160196,34.23317435082141,13.278873239436619,GG
2016-01-20,0.005278799149840541,0.5675718849840253,0.012552788305360026,0.031204224598930436,44.636789994788955,25.270194986072422,GG
2016-01-21,0.005682346723044367,0.727786666666665,0.009630270270270275,0.039534718569174225,59.58993183009963,33.81268011527378,GG
2016-01-22,0.00567552083333327,0.6653785071466394,0.013094155844155877,0.03462366492146592,55.201877934272304,29.240112994350284,GG
2016-01-23,0.005127626050420113,0.41889596602971646,0.02549512987012992,0.014118570683359422,37.10587002096436,15.347222222222221,GG
2016-01-24,0.005559233997901322,0.4735138004246236,0.023553571428571455,0.014664468864468856,41.7854526425955,21.036312849162012,GG
2016-01-25,0.005716261879619829,0.6154462854088713,0.013580362040592419,0.03131180851063836,58.07964135021097,20.73314606741573,GG
2016-01-26,0.007311577270313311,0.8250805585392019,0.008113710554951017,0.044418806606286804,86.5186170212766,39.45224719101124,GG
2016-01-27,0.0074383769633507195,0.9030286928799144,0.013656788793103463,0.04289236883942795,76.86483632523759,41.2752808988764,GG
2016-01-28,0.006292769803296095,0.9295090715048021,0.006906352683461114,0.05126661341853046,70.9427807486631,38.46760563380282,GG
2016-01-29,0.006192239119035122,0.6986751457339687,0.010789244975556727,0.040414014752371,56.391849529780565,30.075208913649025,GG
2016-01-30,0.005586610437532902,0.7261627906976759,0.011213203463203435,0.039032096184004224,41.443460135487236,25.573033707865168,GG
2016-01-31,0.005092774261603348,0.5183016877637121,0.023562229437229444,0.02123564251718668,45.786124152321335,23.994444444444444,GG
2016-02-01,0.005387394957983147,0.5199042043640234,0.019337867247007652,0.027273945147679328,45.60577427821522,21.282258064516128,GG
2016-02-02,0.006135029146793827,0.661057173678534,0.013661343612334849,0.03829226254002145,54.62533121356651,28.034391534391535,GG
2016-02-03,0.006857302771854976,0.8567713976164674,0.011795454545454557,0.04846789788158633,67.32297803963579,38.24390243902439,GG
2016-02-04,0.006712612612612564,0.8777479892761393,0.015417534246575382,0.04167982969664733,69.08148148148148,40.223433242506815,GG
2016-02-05,0.006439873750657537,0.6482758620689679,0.0166073752711497,0.03647774278215231,55.51437532671197,26.242105263157896,GG
2016-02-06,0.006212668743509831,0.60411175540327,0.021362803234501335,0.02753329875518669,57.18,28.268229166666668,GG
2016-02-07,0.005126770833333274,0.6385021097046394,0.016565476190476196,0.02954171011470282,53.75991538868324,28.4140625,GG
2016-02-08,0.006282499999999963,0.6731114632857907,0.025358031368307218,0.0266497655028661,72.52928759894459,39.75,GG
2016-02-09,0.005767678847143582,0.5062105263157856,0.028846153846153782,0.017087384140061845,60.395203336809175,30.53125,GG
2016-02-10,0.0053468621399176495,0.6856540084388169,0.01242330304649923,0.03676766683911032,47.708920187793424,27.776315789473685,GG
2016-02-11,0.006159785522788192,0.7480434782608694,0.011501385041551234,0.04238988159311102,56.35221143473571,31.110817941952508,GG
2016-02-12,0.004501129032257995,0.6753372908796548,0.011622086570477252,0.03648305630026809,37.98387963460505,23.726027397260275,GG
2016-02-13,0.004370150806032165,0.7246346555323595,0.0073391115926327,0.03152586652871183,21.742887249736565,13.96242774566474,GG
2016-02-14,0.0036847475273294556,0.4252776308831221,0.0246907051282051,0.010856214248569945,31.068983675618746,16.353887399463808,GG
2016-02-15,0.003875144205558394,0.3899361022364138,0.02690367965367961,0.015235893416927916,37.190751445086704,12.73490813648294,GG
2016-02-16,0.004471692145492814,0.5164617851416311,0.018434830230010905,0.025505352411234805,33.290220820189276,18.476190476190474,GG
2016-02-17,0.0051330158730158075,0.5857911733046249,0.016218371837183727,0.03141175213675211,43.233828207847296,18.77777777777778,GG
2016-02-18,0.0056454689146469336,0.5830218900160204,0.02082359366466418,0.0321250000000001,47.92578947368421,23.95108695652174,GG
2016-02-19,0.006514869109947623,0.9426900584795307,0.01143061674008809,0.040460074034902406,94.26870389884088,49.420054200542005,GG
2016-02-20,0.004983195449844838,0.6407503908285553,0.01894762159273118,0.031302007205352624,59.61203319502075,25.744791666666668,GG
2016-02-21,0.0044756562017498,0.4531102979613098,0.027456196581196583,0.018818069179143047,31.158410732714138,14.379581151832461,GG
2016-02-22,0.0050603349031919905,0.5694385593220364,0.01089285714285711,0.037923606729758134,49.04500261643119,20.71503957783641,GG
2016-02-23,0.004813045765386581,0.5421699625868505,0.01959426681367143,0.028061725780836502,58.28631578947368,28.553805774278214,GG
2016-02-24,0.004401529535864913,0.4608137044967815,0.02386074561403504,0.02262297511911066,35.95938818565401,18.445333333333334,GG
2016-02-25,0.00597273684210523,0.58908898305085,0.02106778741865511,0.029754278215223154,53.20720250521921,28.137203166226914,GG
2016-02-26,0.006502836134453756,0.597438633938102,0.02416812227074233,0.031149261603375604,59.57861635220126,32.51174934725849,GG
2016-02-27,0.005433525708289567,0.6306787814003231,0.02082988004362051,0.034457692307692356,71.08079748163694,43.6640625,GG
2016-02-28,0.004804603174603117,0.695393679700053,0.014171067106710719,0.038679248279513,58.79671784012705,35.02872062663185,GG
2016-02-29,0.004527481713688532,0.4571352785145821,0.03027331887201726,0.0175246194225722,57.54649947753396,28.330729166666668,GG
2016-03-01,0.004472890946501978,0.4635177453027072,0.026593365436062086,0.022188711340206245,36.41853201457574,19.997782705099777,GG
2016-03-02,0.005105345911949625,0.5207647371216106,0.021398479913137876,0.030646628029504824,42.10604453870626,22.904017857142858,GG
2016-03-03,0.004880171489817724,0.5447833065810564,0.020801643835616487,0.03647651434644002,57.05187165775401,30.30855855855856,GG
2016-03-04,0.004797392229909474,0.6254545454545473,0.01872131147540983,0.04068736176935248,76.22532981530343,40.85778781038375,GG
2016-03-05,0.0035526371308016082,0.45855949895615344,0.017014610389610312,0.024323762376237738,26.264828303850155,15.2,GG
2016-03-06,0.003961040339702687,0.474777603349028,0.02272943722943722,0.020483874291602325,96.36230366492147,24.313199105145415,GG
2016-03-07,0.005474959957287735,0.6479067302596708,0.007585565882996138,0.0435221164021165,116.85912486659552,32.328859060402685,GG
2016-03-08,0.004467841880341808,0.46182795698924134,0.023008791208791166,0.02463434666666663,81.76750400855158,22.79111111111111,GG
2016-03-09,0.004005549682875185,0.4243403338718282,0.02579739272134709,0.01760095238095237,50.16142557651992,16.486725663716815,GG
2016-03-10,0.00428985584623588,0.4188311688311607,0.027623973727421935,0.016948585157501382,39.66561514195583,14.448123620309051,GG
2016-03-11,0.004717737652681801,0.4596019365250064,0.02714434687156969,0.022491239316239336,41.77777777777778,19.512304250559286,GG
2016-03-12,0.004919341563785963,0.5073938122705792,0.022916132478632556,0.02869654994850669,51.52109053497942,22.06140350877193,GG
2016-03-13,0.0054632201646090195,0.6001050972149263,0.023998927613941064,0.03263352243424443,71.36496350364963,38.2021978021978,GG
2016-03-14,0.004640171397964561,0.6254107338444717,0.026082690187431097,0.03140809371671999,77.96555435952638,49.00454545454546,GG
2016-03-15,0.006162539851222081,0.596553640911619,0.022104395604395637,0.039720669500531436,65.10767590618337,32.44851258581236,GG
2016-03-16,0.007210649627263005,0.5918181818181836,0.022663377192982503,0.0427102793885084,70.8931623931624,35.77533039647577,GG
2016-03-17,0.007421567596002068,0.7532800000000026,0.013656455142231941,0.06016511381683436,85.51711427066877,44.89601769911504,GG
2016-03-18,0.006674622984919341,0.7352134949920937,0.016251215559157237,0.05273899371069198,77.81276150627615,42.15436241610738,GG
2016-03-19,0.005349537037037013,0.5846235418875966,0.025775751072961407,0.03433469917012449,83.08568443051202,42.55263157894737,GG
2016-03-20,0.006540551795939568,0.6353781068217931,0.026218464841653254,0.031139636363636414,86.28474399164054,46.37061403508772,GG
2016-03-21,0.006740863612427569,0.6790511727078916,0.023943181818181846,0.03957635597683002,89.30853850183343,50.02684563758389,GG
2016-03-22,0.005556863780358986,0.5630654603512529,0.029376355748373106,0.034940863612427674,77.40859088528025,46.17738359201774,GG
2016-03-23,0.004550715421303596,0.5201712145532339,0.03150410060142147,0.027679064824654747,85.58668076109936,47.94222222222222,GG
2016-03-24,0.0037430325680725502,0.4260281385281304,0.027022739877981095,0.02538764769065527,47.666666666666664,23.40222222222222,GG
2016-03-25,0.004918306154655371,0.5389866666666647,0.02388512035010942,0.0356622741764082,78.7514450867052,39.414096916299556,GG
2016-03-26,0.004756121399176899,0.5444269190325984,0.02610470085470088,0.03506912298910229,74.11660593440917,44.08771929824562,GG
2016-03-27,0.005236354166666633,0.5566771819137777,0.03452805986103694,0.029082343750000048,69.74029380902414,41.38901098901099,GG
2016-03-28,0.006981684210526272,0.6274038461538463,0.031985961123110106,0.04157601476014772,76.17261587639851,42.28159645232816,GG
2016-03-29,0.0061903004744332905,0.6205567451820135,0.04591337303735786,0.03272399139322224,107.68344938403857,54.07126436781609,GG
2016-03-30,0.0062686108165429305,0.5876609442060088,0.034842047930283164,0.0321027316550617,102.30826666666667,52.018140589569164,GG
2016-03-31,0.006575867426204024,0.6039225941422605,0.019095824411134946,0.04939194805194836,65.08704663212436,29.107456140350877,GG
2016-04-01,0.00771595028482648,0.6587368421052618,0.024527822798487343,0.05479554039874103,82.2478013450595,35.16596638655462,GG
2016-04-02,0.008538497169325731,0.6274622199062027,0.03827670940170941,0.04464864864864902,90.52574665293511,44.64791666666667,GG
2016-04-03,0.004091964748574331,0.5471361008933289,0.02565589660743139,0.03035728511530404,68.47952306894764,39.74166666666667,GG
2016-04-04,0.003929279749478022,0.4304555084745687,0.022288743882544874,0.029391037735849064,34.66927490871153,14.39406779661017,GG
2016-04-05,0.006196671949286831,0.4648038688876891,0.029534028540065874,0.030926427061310824,61.66789862724393,22.127388535031848,GG
2016-04-06,0.006778233102714193,0.5568965517241392,0.029456679709334847,0.041529829242262666,79.04061998931053,36.94503171247357,GG
2016-04-07,0.0038407310704960135,0.47073170731706776,0.03542136986301361,0.027127571580063757,46.91412012644889,27.13034188034188,GG
2016-04-08,0.004990476190476126,0.5215384615384594,0.03307550244432371,0.027531478537361036,77.07915567282322,37.141649048625794,GG
2016-04-09,0.0053126158599381655,0.7416145833333314,0.026272727272727222,0.033391767810026396,115.94739583333333,57.014583333333334,GG
2016-04-10,0.005860166406656214,0.7721285563751334,0.04107479674796761,0.025676532769556174,122.57684210526315,60.3375,GG
2016-04-11,0.003445473908413139,0.4403347732181342,0.03147692307692298,0.02769983739837409,59.20608649225841,24.62046908315565,GG
2016-04-12,0.004366470902295713,0.47466087900162157,0.029064123825317832,0.03208427947598263,63.34866310160428,29.66595744680851,GG
2016-04-13,0.004239146090534912,0.5533854166666662,0.02402403846153844,0.03753697257383974,61.666152263374485,35.15271966527197,GG
2016-04-14,0.004303098739495737,0.5282283884738507,0.022020174482006584,0.032066577253218924,56.418875927889715,29.90343347639485,GG
2016-04-15,0.004646359350445196,0.5715119363395234,0.03019226579520698,0.03390578863515663,60.41123949579832,29.25052192066806,GG
2016-04-16,0.004352983539094583,0.5274644175013127,0.02974893162393152,0.036207772561293816,59.570093457943926,29.49895178197065,GG
2016-04-17,0.0034671525247266504,0.44834645669290657,0.04236485042735053,0.011279083557951493,47.19052687599787,17.501165501165502,GG
2016-04-18,0.004428301886792398,0.4668613913967021,0.035933043004899225,0.020702792696025832,61.01505376344086,22.326271186440678,GG
2016-04-19,0.003755416012558817,0.43418803418802576,0.0330608034744842,0.025624933687002662,47.991534391534394,22.184615384615384,GG
2016-04-20,0.004802090956612578,0.5552365762892079,0.020931558935361225,0.04159751454257025,66.94341618191433,31.773333333333333,GG
2016-04-21,0.003066926677067027,0.45468421052630825,0.029873041599135543,0.02819846965699215,31.62591431556949,18.40909090909091,GG
2016-04-22,0.003903317535544965,0.5532206969376975,0.03839772110689096,0.024766311300639776,73.49973780807551,41.741150442477874,GG
2016-04-23,0.004175091193329788,0.5547681083897877,0.029978343259339398,0.02826277836691423,193.73434237995824,44.9625,GG
2016-04-24,0.003733959311424037,0.4769190600522138,0.029086720867208635,0.027970853206147353,174.76304801670148,30.510460251046027,GG
2016-04-25,0.0049514992109415444,0.5303844128488662,0.025585112205801893,0.04295073761854603,88.55757900374932,27.36830835117773,GG
2016-04-26,0.005350985615343592,0.5470873786407741,0.03315692821368956,0.04320592034445673,88.18746623446785,33.96875,GG
2016-04-27,0.0034175317796609696,0.3922952586206808,0.039427383592017584,0.023436856223176025,58.25134264232008,20.741935483870968,GG
2016-04-28,0.003923443421764963,0.4090510148107437,0.034737777777777715,0.028937615677735416,56.98499464094319,20.2,GG
2016-04-29,0.004969586507072851,0.46588937093274757,0.03741098169717143,0.03027612903225816,71.26517571884985,30.110132158590307,GG
2016-04-30,0.006094397463002105,0.5264410364886284,0.05415179542981512,0.025307861635220197,80.82274426054458,35.521929824561404,GG
2016-05-01,0.00464040667361829,0.4546940928269976,0.051282231852654375,0.021563144058885438,49.34117647058824,21.36197440585009,GG
2016-05-02,0.0035256273358248336,0.4630070308274656,0.03075027746947841,0.027044092373791732,47.85189189189189,22.591497227356747,GG
2016-05-03,0.0026245538128717772,0.3474288840262559,0.03315518207282903,0.012102976846747543,18.370731707317074,9.25,GG
2016-05-04,0.003341820151679264,0.3373289545703324,0.04328963585434182,0.014085412147505447,54.933009184224744,12.467532467532468,GG
2016-05-05,0.004497522403795402,0.502531645569615,0.03410286951813752,0.028139057591623155,54.59010416666667,20.48913043478261,GG
2016-05-06,0.0033417721518986835,0.42394514767931657,0.031436688311688256,0.023518133047210333,43.58841940532081,20.375,GG
2016-05-07,0.004485495780590665,0.42194092827003393,0.03282683982683975,0.02054327077747998,124.46298227320125,23.094890510948904,GG
2016-05-08,0.0040018459915611305,0.4374472573839586,0.0373782467532468,0.024065655471289343,55.25593667546174,17.867272727272727,GG
2016-05-09,0.005467093333333294,0.47053140096617807,0.0358530544854155,0.03429003831417628,65.90827147401909,23.4182156133829,GG
2016-05-10,0.003048808893594446,0.4075431034482666,0.03468743109151035,0.022855897980871506,34.274270557029176,15.007633587786259,GG
2016-05-11,0.003369851380042406,0.3676406926406884,0.0351407284768211,0.023079613733905647,29.57872340425532,12.549165120593692,GG
2016-05-12,0.004355555555555488,0.4197333333333257,0.0339813902572523,0.02673060021436225,33.98469656992084,16.314917127071823,GG
2016-05-13,0.0034579084287200343,0.4354617414247949,0.043736358725013615,0.020666596417281385,41.51339989490278,19.985239852398525,GG
2016-05-14,0.003670987654320936,0.4183854166666579,0.03887226082308926,0.026148766404199577,37.86162551440329,18.342105263157894,GG
2016-05-15,0.003866563786008157,0.4146354166666603,0.039836538461538534,0.0177661904761905,37.37918410041841,21.669921875,GG
2016-05-16,0.00451693931398412,0.4257891920813206,0.04254847494553384,0.018469276139410157,36.27195767195767,17.149224806201552,GG
2016-05-17,0.006957384859714113,0.5916936353829583,0.04322647702407014,0.035488924218336,69.5583596214511,37.10326086956522,GG
2016-05-18,0.0055978757302177036,0.5636805180787906,0.035207692307692384,0.044557006369427034,62.19214437367304,33.11895910780669,GG
2016-05-19,0.004196995708154449,0.4677592692100987,0.03427407815079811,0.0399271953166579,47.03072033898305,22.231182795698924,GG
2016-05-20,0.0051981213097154755,0.4814537680384775,0.0419374313940725,0.04243156199677953,58.83046426708398,31.824593128390596,GG
2016-05-21,0.0038614382490880215,0.4242566510172078,0.041262707330123126,0.03539989479221476,49.536673553719005,29.8086642599278,GG
2016-05-22,0.0039436913451511655,0.4419708029196995,0.050998930481283476,0.028480377754459753,54.91962905718702,35.10320284697509,GG
2016-05-23,0.005477130757014268,0.49383634431455437,0.04939499455930368,0.03559710455764076,69.43307086614173,43.4362292051756,GG
2016-05-24,0.0036939102564101994,0.4172171088251145,0.04413388429752078,0.02142823848238486,36.95287107258938,23.738775510204082,GG
2016-05-25,0.004503297297297225,0.5221917808219162,0.04980641530669669,0.024237047200878215,80.86817936250675,51.138519924098674,GG
2016-05-26,0.005965037593984934,0.6144414168937369,0.041607821229050365,0.031364106753812696,102.88961392060902,65.33025830258302,GG
2016-05-27,0.004782468220338931,0.5995710455764132,0.03904072647220699,0.03645106157112529,88.96924708377519,53.30241187384045,GG
2016-05-28,0.005358039008961477,0.5380801687763715,0.04219772481040093,0.030937401781037356,75.94424179260031,37.471869328493646,GG
2016-05-29,0.006778056593699926,0.5216772151898722,0.048151926207270775,0.026070949134766732,77.45885416666667,39.10889292196007,GG
2016-05-30,0.005374133333333281,0.6005364806866982,0.05385698569856986,0.028488494167550477,90.89720611491829,50.510018214936245,GG
2016-05-31,0.005674262734584419,0.5559413998914787,0.04480612813370476,0.02554709051724155,80.36276083467095,44.492537313432834,GG
2016-06-01,0.003821485836451044,0.4295331161780615,0.03953555555555565,0.02514164859002181,49.0343716433942,24.11439114391144,GG
2016-06-02,0.004091132478632422,0.39708108108107404,0.04228317601332594,0.029105277475516965,42.94348762109796,20.482758620689655,GG
2016-06-03,0.005235820895522351,0.417820719269987,0.04271239669421495,0.030060247444862905,47.80138814735718,23.903169014084508,GG
2016-06-04,0.005027397260273912,0.477066666666663,0.027631636562671015,0.037336106666666695,55.84635832004253,27.718260869565217,GG
2016-06-05,0.00409671361502341,0.4589012150026358,0.045854347826087,0.02524164037854897,52.364300626304804,27.346289752650176,GG
2016-06-06,0.003297685185185134,0.34775808133472147,0.04266702298236242,0.017223234984193928,27.340568475452198,13.722522522522523,GG
2016-06-07,0.004472204641350163,0.3978632478632416,0.03814520547945214,0.0215877440347072,40.76870389884088,22.93911439114391,GG
2016-06-08,0.003748251748251702,0.37073434125269333,0.03238282548476455,0.020724932102118444,37.914904862579284,21.139963167587478,GG
2016-06-09,0.00433823064770926,0.43108252947480596,0.03307839912280708,0.02857113733905586,55.08571428571429,29.25451263537906,GG
2016-06-10,0.005402048319327701,0.490614886731388,0.03853909240021872,0.030228746666666743,59.03504184100419,32.758747697974215,GG
2016-06-11,0.0041688541666665925,0.4141559829059772,0.031801084010840024,0.01899611288604901,49.10844629822732,28.551923076923078,GG
2016-06-12,0.00341392801251951,0.3656013001083389,0.026316858868753477,0.012886243954863008,28.15916230366492,17.417495029821072,GG
2016-06-13,0.003575174637291727,0.5498340707964612,0.03782222222222222,0.022890717754991984,59.992576882290564,32.37964774951077,GG
2016-06-14,0.004519675562532632,0.4925492283129299,0.03736295099623054,0.025849682875264384,52.528223718280685,28.059964726631392,GG
2016-06-15,0.003321902770517472,0.3866204690831503,0.028694504310344825,0.019959789473684292,36.852987012987015,20.18231046931408,GG
2016-06-16,0.003414754953076074,0.4139497594868995,0.04479426096372521,0.01589587301587304,29.734971249346575,15.921245421245422,GG
2016-06-17,0.004606939409632253,0.5242295430393192,0.05533978494623663,0.02147204641350218,52.163636363636364,30.788150807899463,GG
2016-06-18,0.004779979413278365,0.5731256599788829,0.05021592731159817,0.02577103738809906,65.91317829457364,43.02300884955752,GG
2016-06-19,0.0038047325102880214,0.47905013192611845,0.036822115384615446,0.021357627118644133,43.13954685890834,26.975970425138634,GG
2016-06-20,0.0045074712643677715,0.4954328199681323,0.04467967479674804,0.026764147909968065,54.70942408376963,31.78148148148148,GG
2016-06-21,0.004930015633142213,0.559155672823219,0.047438007579859234,0.03480675531914898,63.377742946708466,38.667256637168144,GG
2016-06-22,0.004466242713301485,0.560857908847185,0.0377722007722008,0.031755339805825254,65.21099947117926,42.65573770491803,GG
2016-06-23,0.0039530987394957385,0.47890541976620177,0.03861214442013133,0.024299736147757375,42.60042395336513,26.438979963570127,GG
2016-06-24,0.0035569270833332857,0.4603803486529282,0.03533333333333319,0.02431431578947378,47.46659707724426,28.469111969111967,GG
2016-06-25,0.004112860082304474,0.38703215603584096,0.043299679487179575,0.01627382690302402,31.28909952606635,14.515901060070671,GG
2016-06-26,0.004037570766855332,0.3839135021097021,0.04281400320684142,0.015413445378151284,31.591911764705884,16.086021505376344,GG
2016-06-27,0.005921013727560687,0.4455858747993533,0.03403220524017469,0.029768371112282605,37.22967265047519,20.021660649819495,GG
2016-06-28,0.004924294086307883,0.4663806970509336,0.04536674008810578,0.025190744680851116,56.17321997874601,35.87992831541219,GG
2016-06-29,0.0048944886062532575,0.4308847184986538,0.04019559228650137,0.024493998937865177,40.972958642629905,25.172043010752688,GG
2016-06-30,0.0037212857914640254,0.3762582056892749,0.03057850309510403,0.017408794788273577,26.903365906623236,15.268339768339768,GG
2016-07-01,0.0034014618299945355,0.34448710916072395,0.020921778277996614,0.0189537874659401,20.9654210819855,12.430501930501931,GG
2016-07-02,0.003403705664372625,0.32735042735042785,0.03321984649122804,0.013722816304923259,14.57312925170068,8.396995708154506,GG
2016-07-03,0.003871100427350368,0.42724358974358706,0.04136019736842115,0.015322222222222251,39.990975747320924,25.186046511627907,GG
2016-07-04,0.0030149245689654555,0.40070308274742666,0.018236220472440966,0.023752544188537953,24.16522740356937,14.4362292051756,GG
2016-07-05,0.0030305749596990206,0.33242655059847825,0.014785025524673832,0.014250458221024281,12.256038647342995,7.594360086767896,GG
2016-07-06,0.003871839999999958,0.3617837837837821,0.026961240310077586,0.01809001068376069,18.795119182746877,9.678819444444445,GG
2016-07-07,0.005304592112371649,0.474384236453198,0.02368637387387391,0.028268899782135187,38.23769574944072,22.854922279792746,GG
2016-07-08,0.004138490364025644,0.529191535539878,0.03409574468085114,0.03118871574422357,52.31314784506274,32.74285714285714,GG
2016-07-09,0.004303874345549694,0.4757928118393189,0.02804846796657388,0.02438135860979468,42.93458445040214,23.642504118616145,GG
2016-07-10,0.004877082228116681,0.40558510638297524,0.029585243152599288,0.020252976515565308,32.617283950617285,18.554276315789473,GG
2016-07-11,0.005663515016685197,0.4922865013774067,0.03799434069043583,0.028649386160714368,47.31243063263041,29.935153583617748,GG
2016-07-12,0.0057094401756311655,0.43189513926815665,0.029577576443941184,0.023950081389039674,39.00662983425414,25.964412811387902,GG
2016-07-13,0.004081062231759598,0.3698317959848079,0.015185332575326857,0.021530474649406738,30.923076923076923,17.948504983388705,GG
2016-07-14,0.003466827180310281,0.3715059588299024,0.031199549041713688,0.01953216245883653,30.908546543277083,17.20486111111111,GG
2016-07-15,0.0029210414452709357,0.3639247311827947,0.02711814109742439,0.02069651226158045,21.647183846971306,10.87123745819398,GG
2016-07-16,0.0026487073422956976,0.351876955161627,0.020696047008547026,0.013454521417239601,11.140256959314776,6.032586558044806,GG
2016-07-17,0.003402163833075677,0.33713541666666696,0.023375534188034237,0.01068085896076348,12.789334741288279,7.3632958801498125,GG
2016-07-18,0.003985865537321283,0.3818280151433183,0.021391973611874705,0.018879414951245947,26.299242424242426,14.808798646362098,GG
2016-07-19,0.0033392063492063053,0.4802794196668407,0.03625192519251938,0.026121834061135475,38.6268898488121,21.140439932318106,GG
2016-07-20,0.0032667908461947296,0.4642818719741741,0.037100332594235085,0.025289721159103423,44.380151843817785,25.57457627118644,GG
2016-07-21,0.0029694652406416487,0.39636264929424114,0.035024663677130134,0.020661187465640548,30.689767190037898,17.275563258232236,GG
2016-07-22,0.0032529506437767677,0.4016866158868274,0.0375144927536233,0.021059726027397353,34.74945054945055,20.455026455026456,GG
2016-07-23,0.0039053769109119053,0.3924050632911333,0.0310440286186021,0.018434071729957854,36.88638799571275,22.524534686971236,GG
2016-07-24,0.0038037539103231944,0.3646965699208409,0.020948315911730513,0.01417577836411612,32.35579514824798,21.2478184991274,GG
2016-07-25,0.0039857981847303174,0.3612045577862148,0.020904363419007792,0.018043191721132872,36.5040827436037,24.48939929328622,GG
2016-07-26,0.004474258474576217,0.35633047210300245,0.014306992609437156,0.0174214592274678,32.707659115426104,20.64695652173913,GG
2016-07-27,0.004636604774535764,0.36792047286404805,0.016007299270072974,0.016886734693877477,30.947537473233403,19.239655172413794,GG
2016-07-28,0.003918488308863465,0.5004953219592729,0.04019323943661982,0.01761040748898679,47.23707370737074,31.860544217687075,GG
2016-07-29,0.0033957204767063516,0.5684037301151943,0.02242456533931576,0.028146861233480175,43.80296377607025,29.001763668430335,GG
2016-07-30,0.003552637130801643,0.41478307445098644,0.029294182217343603,0.018599571505088414,37.26401741970604,24.60070671378092,GG
2016-07-31,0.003713681986265134,0.3816479400749036,0.020230642504118653,0.01391196120689657,35.467263570229434,23.550621669627,GG
2016-08-01,0.004093713372402728,0.3675324675324647,0.015469662921348321,0.017503549972692455,31.574115044247787,19.54885993485342,GG
2016-08-02,0.003148244680851041,0.3856377277599117,0.013955481357818574,0.022342096774193607,28.067245119305856,15.769607843137255,GG
2016-08-03,0.0034300856531048816,0.3863340563991278,0.0316538895152199,0.02288226068144947,28.280662983425415,15.188311688311689,GG
2016-08-04,0.003909598698481503,0.4561568194367711,0.03246395881006866,0.02627520391517136,39.101441241685144,22.78640776699029,GG
2016-08-05,0.003911033743974241,0.48158904109588685,0.04104067796610177,0.02694679935449168,45.143556280587276,26.97151898734177,GG
2016-08-06,0.003977373417721465,0.5132045088566803,0.04558780760626401,0.025731498147167922,54.39402028830753,34.43939393939394,GG
2016-08-07,0.004240189873417661,0.4214983713355015,0.03847770345596443,0.018797343251859774,36.823338735818474,24.443234836702956,GG
2016-08-08,0.004128396377197595,0.43270065075921504,0.029337248322147774,0.02394664879356577,40.030484485574306,24.06875,GG
2016-08-09,0.0034810180275715403,0.4352150537634343,0.0395057979017119,0.021962720000000033,34.056603773584904,21.139871382636656,GG
2016-08-10,0.004378195488721742,0.4679674796747928,0.0405191773207338,0.02308592910848554,52.906095551894566,34.03442340791739,GG
2016-08-11,0.003861429322122906,0.41868659903897115,0.027094349972572748,0.0227098680738787,33.84639830508475,19.796267496111977,GG
2016-08-12,0.0037129342597541017,0.39962182603997504,0.026099944781888543,0.020503086748270397,39.76396495071194,25.4037558685446,GG
2016-08-13,0.0038469270833332804,0.3730235042735014,0.02276547945205488,0.015357340425531881,35.675461741424805,23.776,GG
2016-08-14,0.003464322916666623,0.3570893525949666,0.020625548245614068,0.012232386961093564,35.09808102345416,25.092105263157894,GG
2016-08-15,0.0038427604166666194,0.4390374331550751,0.0324377031419285,0.01563326326852341,35.894004282655246,22.0625,GG
2016-08-16,0.00513138608603289,0.5300976138828621,0.04213954771097649,0.02392585287846489,46.361736334405144,27.23779527559055,GG
2016-08-17,0.0046194671016856455,0.5258488499452338,0.03468817204301085,0.02720888283378754,50.31783369803063,28.54041204437401,GG
2016-08-18,0.004915599343185508,0.5209633278598781,0.04167407407407408,0.03042306425041191,53.20874861572536,32.39672131147541,GG
2016-08-19,0.005258511777301868,0.5743534482758619,0.0460618040089089,0.03196893776824036,64.97553017944536,42.171849427168574,GG
2016-08-20,0.0037699039487726366,0.4820054200541949,0.04119422863485034,0.025237929184549493,43.0402576489533,26.05280528052805,GG
2016-08-21,0.003916079059829023,0.42787152966793257,0.04009500000000015,0.01905353697749199,31.118181818181817,18.388609715242882,GG
2016-08-22,0.003758127018299199,0.4522615803814701,0.03452704963747915,0.023902212628170567,34.52594210813763,19.863333333333333,GG
2016-08-23,0.003626500811249285,0.43174080175727164,0.031607865168539404,0.023304418985270168,33.86622443338861,20.25752508361204,GG
2016-08-24,0.0039841509433961786,0.4262841530054591,0.03325855300056088,0.025136900165471664,35.27478448275862,22.016835016835017,GG
2016-08-25,0.004068418201516745,0.42560307017543614,0.02875339366515843,0.025295414364640955,33.21218715995647,19.817434210526315,GG
2016-08-26,0.002797592997811788,0.3303769401330377,0.02605817972350237,0.015942391914654706,15.277216610549944,7.53971119133574,GG
2016-08-27,0.0027171474358973946,0.2997209821428584,0.026983333333333352,0.016149619565217373,16.3510226644555,6.965986394557823,GG
2016-08-28,0.0026567874526770927,0.2983108108108113,0.0233185840707965,0.011280273224043676,12.7241186345831,5.6116838487972505,GG
2016-08-29,0.003045459488852585,0.324062674874089,0.020072463768115976,0.017460983606557356,18.334816462736374,7.66213921901528,GG
2016-08-30,0.003548275862068911,0.34917763157894516,0.020155455059355572,0.01807491712707182,29.484747642817528,10.02773246329527,GG
2016-08-31,0.003136017176596845,0.3295652173913034,0.024275533108866487,0.012875790621592186,18.23993471164309,6.745362563237774,GG
2016-09-01,0.0043244799999999336,0.5408306364617046,0.04410546448087445,0.024938185768604116,61.29395900755124,31.707174231332356,GG
2016-09-02,0.0030200847906729686,0.4365198711063308,0.041733588621444245,0.019132238966630823,34.98553829673273,22.873715124816446,GG
2016-09-03,0.0032016460905349192,0.4380729166666581,0.036733440170940115,0.019410438413361174,21.77565124933546,13.509831460674157,GG
2016-09-04,0.0031124999999999612,0.4790624999999936,0.022118983234180694,0.021897133923918788,26.880675818373813,14.455861070911721,GG
2016-09-05,0.0035917062863179677,0.46397616468038577,0.02156229143492772,0.025464232008593046,32.05129589632829,15.973568281938325,GG
2016-09-06,0.005423019670388044,0.5356328082563814,0.027673949579831974,0.02752588171459589,57.178474851270956,32.537142857142854,GG
2016-09-07,0.004406157894736782,0.5907576571735664,0.03283553355335531,0.024591706795077595,75.0745243128964,47.434357541899445,GG
2016-09-08,0.004441333333333267,0.5704043126684655,0.025927083333333382,0.0307820182501343,51.995726495726494,31.617021276595743,GG
2016-09-09,0.0038613107822409553,0.5667547568710377,0.02633026030368767,0.030266171792152775,52.75,30.656821378340364,GG
2016-09-10,0.003420375195414248,0.5478895257946856,0.03209134615384627,0.028368916797488312,51.29764453961456,29.091922005571032,GG
2016-09-11,0.003408697916666616,0.4821354166666608,0.03618589743589748,0.02123875523012562,41.68685776095187,25.29346314325452,GG
2016-09-12,0.0031642933049946466,0.4861884368308312,0.019173224043715888,0.029054394426580962,39.17663344407531,20.902298850574713,GG
2016-09-13,0.003183542976939163,0.42317916002126205,0.024947396963123692,0.02679672823219003,29.710743801652892,14.432944606413994,GG
2016-09-14,0.0036708487084870433,0.46187499999999543,0.03340758547008552,0.02303418848167542,39.76610720086627,23.382395382395384,GG
2016-09-15,0.003154324894514721,0.4644791666666623,0.03135202991452996,0.018413894736842136,42.11550976138829,26.684133915574964,GG
2016-09-16,0.005312447257383972,0.5323958333333326,0.032921474358974426,0.020543377308707204,51.20747562296858,32.87936046511628,GG
2016-09-17,0.003123997890295295,0.38848958333332567,0.034587606837606755,0.013538538380652018,29.05340599455041,18.982658959537574,GG
2016-09-18,0.0026087572102778647,0.3439062499999968,0.03539805300162238,0.010804397905759136,24.60400866738895,13.453102453102453,GG
2016-09-19,0.002636277602523598,0.3089947089947086,0.025630802839978126,0.014297012578616371,15.970264317180616,6.758720930232558,GG
2016-09-20,0.002642999999999937,0.29910100475938717,0.028300976138828607,0.016381207349081387,19.5831960461285,9.47517730496454,GG
2016-09-21,0.002914968487394912,0.3884858044163973,0.02351402373247035,0.0257367293625915,37.73369272237197,23.626591230551625,GG
2016-09-22,0.003135174570088544,0.41867088607594233,0.025198918918918865,0.02817322175732219,41.92232482346551,26.405172413793103,GG
2016-09-23,0.004170942408376906,0.49663335086796023,0.02941303177167476,0.03545795218295227,54.814332247557005,33.8,GG
2016-09-24,0.00438843749999994,0.5388020833333308,0.0373492233529727,0.036113047962867614,63.80043501903208,41.0278940027894,GG
2016-09-25,0.0042973958333332694,0.5373437499999987,0.03232638888888896,0.03110826019617967,59.649702219815914,38.91489361702128,GG
2016-09-26,0.003745397159389731,0.5311275807305451,0.016680412371133994,0.037681204188481664,52.12225877192982,30.405940594059405,GG
2016-09-27,0.00345331592689291,0.522780126849892,0.007342857142857129,0.0344015167364016,42.37608695652174,26.14730878186969,GG
2016-09-28,0.0030850364963503104,0.4922304439746272,0.009671180931744298,0.030382193211488228,37.70265870862724,21.91725105189341,GG
2016-09-29,0.002908868022952475,0.3947674418604582,0.013851651326475338,0.01752731554160125,20.177544247787612,8.71033478893741,GG
2016-09-30,0.00353163371488027,0.4264488935721737,0.013783243243243204,0.024968753260302633,31.922570016474463,15.461979913916787,GG
2016-10-01,0.003794951056156556,0.5433992517370376,0.012626760563380263,0.03200832460732986,50.6445652173913,27.712101910828025,GG
2016-10-02,0.0030433641975308,0.47564102564102084,0.012259199134199145,0.023324491922876636,36.242374727668846,21.15501905972046,GG
2016-10-03,0.003193672839506126,0.3730829420970228,0.023343614718614746,0.016398451213216307,18.211634349030472,8.992217898832685,GG
2016-10-04,0.003190309062336259,0.4365138592750472,0.02140337506804572,0.024913700787401665,34.878787878787875,16.9234693877551,GG
2016-10-05,0.0032130640083944902,0.39490175252256343,0.024800217746325567,0.019302051551814876,27.781181619256017,12.13712807244502,GG
2016-10-06,0.0034289194915253798,0.48057050592034156,0.022562775330396412,0.02397604501607718,41.16480446927374,19.63031914893617,GG
2016-10-07,0.0031919456066945052,0.44222222222221574,0.016689542483660138,0.025261276818419793,33.47710976282405,15.496740547588006,GG
2016-10-08,0.0030678794178793664,0.3915059927045265,0.0304369247428261,0.014790062111801268,22.774891774891774,11.909090909090908,GG
2016-10-09,0.002872002058672099,0.342939330543929,0.02657359307359314,0.012070244919228772,22.847420417124038,11.431122448979592,GG
2016-10-10,0.003421661409043063,0.40879062333510346,0.016822185061315477,0.026441242635243823,33.9502515371716,14.654145077720207,GG
2016-10-11,0.0045951232302044575,0.5611972207375728,0.014328366445916126,0.038871164021164105,50.468073292615216,24.934010152284262,GG
2016-10-12,0.0037287649817612746,0.5677028451001078,0.018761071623838183,0.030772393923520137,60.158965896589656,31.46998722860792,GG
2016-10-13,0.004093575129533609,0.5096638655462167,0.012873849485652362,0.036791474895397476,49.60589519650655,22.961880559085134,GG
2016-10-14,0.004990563086548435,0.7063749324689355,0.013752437703141948,0.04705821052631598,77.43219881145326,41.41267787839586,GG
2016-10-15,0.004297435897435821,0.7471995649809685,0.016997769102063527,0.042970248808893746,85.12438625204582,49.18169934640523,GG
2016-10-16,0.003618162618796138,0.6023600439077964,0.013873660462492918,0.03143571809930592,62.25766871165644,38.92670157068063,GG
2016-10-17,0.003586970509383337,0.5504652435686912,0.018430908065425817,0.02867257019438452,53.87402015677492,31.90026595744681,GG
2016-10-18,0.003629526315789432,0.6119936034115174,0.012850969529085886,0.0339970307529163,61.24562363238512,29.838794233289647,GG
2016-10-19,0.004918454258675027,0.6676783812566577,0.021838478500551352,0.040190865639936464,72.59573304157549,39.33509234828496,GG
2016-10-20,0.004288188976377875,0.6644491750931333,0.021510092744135345,0.03925270127118649,79.82462891698735,44.925925925925924,GG
2016-10-21,0.0030832116788320637,0.38919915700736823,0.023482702702702776,0.01947643345607574,29.68804347826087,14.595430107526882,GG
2016-10-22,0.003243989637305646,0.4261458333333265,0.01994497863247867,0.02398352570828967,35.41304347826087,18.24869109947644,GG
2016-10-23,0.0028186824498198106,0.35755208333333016,0.022534722222222272,0.014369517313746102,18.620171673819744,9.654046997389035,GG
2016-10-24,0.00316699687174133,0.36729957805906777,0.016296756756756722,0.02114045478582762,22.433096668487167,10.62566844919786,GG
2016-10-25,0.0031257097791797445,0.4379126730564359,0.015464480874316847,0.022501855779427423,21.10702524698134,11.34156378600823,GG
2016-10-26,0.0039212913553894665,0.6975675675675698,0.007336293007769172,0.030995304910955264,47.90100111234705,24.79532967032967,GG
2016-10-27,0.003470238726790398,0.6191295002686724,0.009728075013789292,0.026382976445396212,50.66558265582656,25.021192052980133,GG
2016-10-28,0.0034310853530031163,0.4369936034115063,0.017274767378215625,0.023590074309978816,40.22973698336017,18.9445178335535,GG
2016-10-29,0.0034508060322412473,0.37688654353561135,0.02180929227444625,0.01871497326203213,41.50160085378869,18.92438070404172,GG
2016-10-30,0.00359424686192464,0.4338461538461488,0.014538419913419868,0.02438561460010736,36.511503477795614,17.154666666666667,GG
2016-10-31,0.004064361140443445,0.4990845449649942,0.008726927252985918,0.03099840921557864,39.58956796628029,20.63058186738836,GG
2016-11-01,0.003284388185653979,0.3666666666666627,0.01900657174151151,0.02090145083288553,29.388157894736842,13.952513966480447,GG
2016-11-02,0.004201456310679546,0.5008228195282475,0.011016183035714272,0.03318826724606187,43.284619594964425,21.897289586305277,GG
2016-11-03,0.00478365180467086,0.6139902014153537,0.012128176795580084,0.03582502691065657,50.79371954520845,28.654518950437318,GG
2016-11-04,0.0053094863731655935,0.602602230483277,0.023034127843987052,0.034384643799472245,68.44243070362474,37.397202797202794,GG
2016-11-05,0.005192548202188604,0.6149113660062603,0.0360668449197861,0.029246535677352786,82.23732357553581,45.83130904183536,GG
2016-11-06,0.0032884835852005716,0.4895615866388231,0.02533244254409401,0.018756649484536127,48.31846473029046,27.304761904761904,GG
2016-11-07,0.003594065590838042,0.4548234053769058,0.022384324324324353,0.021549895941727425,38.70966057441253,23.161379310344827,GG
2016-11-08,0.0034247634069400237,0.5165778251599134,0.02468415300546445,0.01823133543638273,66.87877183695076,48.311764705882354,GG
2016-11-09,0.0038041622760800193,0.47209178228387816,0.015312943746586523,0.027823972602739725,49.58355722729715,31.353606789250353,GG
2016-11-10,0.00430878306878299,0.5751206434316357,0.005981308411214933,0.03990418210693498,53.61279826464208,31.965875370919882,GG
2016-11-11,0.004045392670156993,0.533954230973918,0.015963003264417863,0.029422798742138396,55.45697796432319,24.206085753803595,GG
2016-11-12,0.004950594930160319,0.6215368531103005,0.017746794871794827,0.03480380658436219,83.41618497109826,32.80443285528031,GG
2016-11-13,0.004218541666666595,0.6082291666666693,0.015764957264957274,0.03282777777777778,69.56792058516197,33.235677083333336,GG
2016-11-14,0.0044723538704580755,0.6393955461293787,0.0077754214246873385,0.0373592360020931,54.755801687763714,29.27919463087248,GG
2016-11-15,0.0041301230604600826,0.44490566037735346,0.01981592039800993,0.022416072378924966,67.71481678173129,24.96265560165975,GG
2016-11-16,0.00483142704436125,0.6440326975476858,0.007149030470914131,0.04107146695325105,64.85929108485499,32.11527777777778,GG
2016-11-17,0.005673431734317302,0.830781671159028,0.007997799779978028,0.047667073170731857,86.24502617801048,43.817819148936174,GG
2016-11-18,0.005647031249999956,0.9251202565472989,0.006067099567099559,0.05158929503916489,107.43684759916492,62.64520367936925,GG
2016-11-19,0.004758590534979382,0.6323036649214681,0.012190170940170955,0.03379470164609051,62.63248308172827,40.6631299734748,GG
2016-11-20,0.004042078189300353,0.6196315789473689,0.01962126068376074,0.02226383744855972,47.90453834115806,26.859249329758715,GG
2016-11-21,0.0044239267015706175,0.6994646680942195,0.007680608365019033,0.038625052521008396,69.24986793449551,31.87716955941255,GG
2016-11-22,0.003913894736842044,0.4509877202349121,0.019717427157778994,0.019584684210526275,49.04157782515991,20.888739946380696,GG
2016-11-23,0.004107297726070782,0.44206008583690604,0.015345644983461946,0.02186983032873813,45.17148981779207,18.22309711286089,GG
2016-11-24,0.0045785979819436325,0.4700753498385309,0.016771412680756353,0.02437732342007438,36.68560606060606,17.680371352785144,GG
2016-11-25,0.0053110935023771375,0.6761624799572455,0.00801651982378857,0.040705235042735134,52.978880675818374,27.26790450928382,GG
2016-11-26,0.004788733850129156,0.798332464825429,0.003704705246078889,0.04379645833333357,71.30656934306569,46.12751677852349,GG
2016-11-27,0.004342901234567826,0.7455176093916773,0.005407688142934462,0.03542376237623762,69.74166666666666,47.67811158798283,GG
2016-11-28,0.005072732067510497,0.6658391797085792,0.014503585217870908,0.028073224932249348,89.87245444801715,44.780082987551864,GG
2016-11-29,0.005796294335627285,0.660428954423596,0.008611384783798604,0.03927288409703513,51.53048128342246,28.360795454545453,GG
2016-11-30,0.006725170068027199,0.7323576370409765,0.0045016181229772904,0.04304586624539238,60.07480106100796,35.60028050490884,GG
2016-12-01,0.004974533830580643,0.5291422482685095,0.019957307060755304,0.022697472353870495,56.6525647805394,29.425559947299078,GG
2016-12-02,0.005430843116328657,0.602011963023381,0.010051111111111115,0.0358105066666667,47.68703108252947,23.127005347593585,GG
2016-12-03,0.005782131661441964,0.8161632220455749,0.00756377277599141,0.04614333677685985,64.64760914760915,36.37189054726368,GG
2016-12-04,0.006680959915611793,0.9698608137044931,0.004048767123287598,0.0516221354166672,93.17441253263708,62.381864623243935,GG
2016-12-05,0.005948647214854068,0.7406951871657731,0.014554580362040572,0.03569753280839897,92.56687898089172,61.078104993597954,GG
2016-12-06,0.004731082529474747,0.4477185266629945,0.01623529411764698,0.0247941520467837,34.25784157363105,17.387596899224807,GG
2016-12-07,0.005956270096462958,0.6547045951859972,0.005589872008903698,0.04309689341189092,57.56890080428954,30.04871794871795,GG
2016-12-08,0.005390080862533626,0.7634980988593167,0.00728555617044826,0.04086059299191384,70.51802044109736,42.68447837150127,GG
2016-12-09,0.0044020430107526085,0.5474428726877034,0.017462513781697848,0.025288949373979335,41.69674319273892,26.538666666666668,GG
2016-12-10,0.0046081967213114,0.5327956989247307,0.013526858383071065,0.029906427818756666,42.68572927597062,24.26474278544542,GG
2016-12-11,0.004837810682178667,0.6487948580610644,0.011022515101592554,0.033324150548876094,44.46178010471204,26.38685208596713,GG
2016-12-12,0.005704805125467117,0.8166025288620093,0.004296213808463189,0.04584891131173694,62.12991913746631,34.77146464646464,GG
2016-12-13,0.006081491136600597,0.8744321183306896,0.008122392974753057,0.04325888192267524,71.61595351294243,42.76932668329177,GG
2016-12-14,0.0052044698544698245,0.6384210526315809,0.009227984873041595,0.03082375259875251,62.61954261954262,34.258663366336634,GG
2016-12-15,0.004575392670156983,0.45943796394485314,0.017018488308863464,0.022787689889994737,41.48667015159435,20.936948297604037,GG
2016-12-16,0.004906141732283377,0.5266064790228334,0.01307399347116428,0.029559684210526353,42.07972544878564,21.971321695760597,GG
2016-12-17,0.006529835390946526,0.7169214549288376,0.008592948717948716,0.041794481691593575,65.17746913580247,36.868187579214194,GG
2016-12-18,0.004675297157622691,0.6666144200626997,0.009400106837606828,0.03619917695473247,53.80246913580247,34.46776232616941,GG
2016-12-19,0.0045012073490812736,0.6340514976353153,0.006676964769647697,0.0378111514522822,46.324016563147,27.769526248399487,GG
2016-12-20,0.005235118110236183,0.8495785036880941,0.006234054054054079,0.04258349007314545,62.23004694835681,36.64705882352941,GG
2016-12-21,0.00439654811715473,0.7196721311475426,0.006983179598480741,0.03767344159245684,53.47960251046025,32.35959339263024,GG
2016-12-22,0.0035175640355462074,0.5700158646218895,0.017465292841648498,0.019394145321484608,28.410885805763073,17.9,GG
2016-12-23,0.003992428198433334,0.5334214701216289,0.018235550708833054,0.017216326530612246,55.88308977035491,36.34251968503937,GG
2016-12-24,0.004383179012345564,0.6892187499999985,0.012332977017637603,0.02633225308641979,73.73816872427983,51.467011642949544,GG
2016-12-25,0.004135442386831174,0.8512499999999965,0.005831008583690971,0.03215694444444445,68.82355967078189,44.81070496083551,GG
2016-12-26,0.004760509885535826,0.8593354430379755,0.004970747562296828,0.03855231650182208,56.996356064549715,34.14471968709257,GG
2016-12-27,0.0044659067357512225,0.526285414480586,0.018632842334969948,0.020137823834196922,47.51084710743802,28.124688279301747,GG
2016-12-28,0.005233469179826749,0.5768437338834472,0.009994675186368464,0.0334973469387755,53.09285714285714,28.041013268998793,GG
2016-12-29,0.004434386143657555,0.5098039215686246,0.013792173453199342,0.02669490575649519,42.972477064220186,19.851628468033777,GG
2016-12-30,0.005716022380467948,0.7045852653271536,0.0073273495248152186,0.03740020376974027,48.993387589013224,27.838942307692307,GG
2016-12-31,0.005891971544715449,0.8991718426501027,0.004591244725738353,0.0442369277721264,63.76895674300255,42.682367149758456,GG
2017-01-01,0.004958536585365857,1.0839506172839506,0.0026455696202531665,0.0468341463414634,75.4390243902439,54.0,GG
2016-01-01,0.0032439024390243927,0.8125603864734297,0.012879227053140069,0.027956521739130408,62.2463768115942,43.35403726708075,GJ
2016-01-02,0.0031666666666666688,0.9356481481481475,0.008550925925925913,0.03791666666666668,60.074074074074076,39.642857142857146,GJ
2016-01-03,0.0035138888888888915,1.106944444444443,0.009745370370370345,0.03506018518518518,67.19444444444444,44.5,GJ
2016-01-04,0.004170616113744079,0.9232227488151649,0.01640284360189569,0.03379620853080566,82.8644859813084,57.596385542168676,GJ
2016-01-05,0.003679425837320577,0.40909090909090867,0.016023923444976055,0.023885167464114804,25.0521327014218,14.242424242424242,GJ
2016-01-06,0.004009523809523813,0.5042654028436014,0.019791469194312784,0.022672985781990496,42.708920187793424,25.35757575757576,GJ
2016-01-07,0.003486111111111114,0.46620370370370373,0.020819444444444415,0.018699074074074055,40.467592592592595,23.36904761904762,GJ
2016-01-08,0.00271794871794872,0.43842592592592566,0.016180555555555528,0.022999999999999982,27.333333333333332,18.25595238095238,GJ
2016-01-09,0.0030052083333333354,0.5152777777777781,0.01519444444444441,0.025402777777777774,35.66203703703704,21.708333333333332,GJ
2016-01-10,0.003937500000000003,0.6458333333333341,0.020296296296296257,0.024495370370370338,45.648148148148145,30.178571428571427,GJ
2016-01-11,0.00393229166666667,0.5287037037037032,0.02384259259259256,0.019768518518518484,42.06481481481482,26.172619047619047,GJ
2016-01-12,0.003725806451612906,0.47333333333333233,0.02233333333333329,0.01939047619047617,28.566037735849058,15.317073170731707,GJ
2016-01-13,0.0029193548387096793,0.4795238095238095,0.022971428571428552,0.019099999999999978,27.267605633802816,17.676646706586826,GJ
2016-01-14,0.002835106382978725,0.48619047619047584,0.020576190476190446,0.024873737373737347,32.424528301886795,18.325301204819276,GJ
2016-01-15,0.0037916666666666693,0.7481481481481486,0.011495370370370336,0.037288372093023235,60.13425925925926,37.61904761904762,GJ
2016-01-16,0.003489583333333336,0.7513888888888883,0.013782407407407379,0.03542129629629627,74.53953488372093,52.607142857142854,GJ
2016-01-17,0.002906250000000002,0.6347222222222223,0.017171296296296257,0.027291666666666634,59.254629629629626,44.18452380952381,GJ
2016-01-18,0.0026844919786096276,0.46157407407407414,0.02621759259259257,0.017643518518518492,26.65277777777778,17.553571428571427,GJ
2016-01-19,0.00217801047120419,0.3550925925925923,0.028865740740740702,0.011888888888888872,12.36574074074074,6.732142857142857,GJ
2016-01-20,0.0025172413793103465,0.42475728155339815,0.024553398058252428,0.017313725490196056,22.43961352657005,15.433962264150944,GJ
2016-01-21,0.0029710144927536253,0.4206730769230766,0.023336538461538454,0.021495192307692274,26.56937799043062,19.21604938271605,GJ
2016-01-22,0.0032358490566037758,0.38537735849056576,0.025636792452830157,0.02219339622641508,23.95813953488372,14.726190476190476,GJ
2016-01-23,0.003458333333333336,0.3675925925925923,0.02746759259259255,0.014990740740740718,23.34722222222222,14.363095238095237,GJ
2016-01-24,0.003393518518518521,0.36064814814814805,0.028004629629629612,0.012342592592592568,17.055555555555557,11.56547619047619,GJ
2016-01-25,0.003080000000000002,0.5214285714285709,0.016257142857142817,0.030176190476190447,31.751173708920188,20.072727272727274,GJ
2016-01-26,0.003745098039215689,0.7019138755980858,0.01566028708133968,0.03349760765550238,53.886792452830186,30.603658536585368,GJ
2016-01-27,0.0046124401913875636,1.0141509433962261,0.011981132075471666,0.04522169811320755,76.34722222222223,51.904761904761905,GJ
2016-01-28,0.0031203703703703727,0.791666666666667,0.013398148148148128,0.036976851851851844,69.81944444444444,49.98203592814371,GJ
2016-01-29,0.0021596244131455414,0.5777777777777773,0.012699074074074055,0.03165277777777776,23.01851851851852,17.767857142857142,GJ
2016-01-30,0.0026527777777777795,0.5657407407407408,0.014398148148148117,0.029300925925925904,35.166666666666664,25.226190476190474,GJ
2016-01-31,0.0029305555555555578,0.4592592592592589,0.0256435185185185,0.018041666666666647,37.68055555555556,19.035714285714285,GJ
2016-02-01,0.00304761904761905,0.36714285714285705,0.031114285714285688,0.013376190476190451,28.39252336448598,12.832335329341317,GJ
2016-02-02,0.0035769230769230795,0.4317307692307694,0.02857211538461537,0.01949519230769229,30.15714285714286,14.407407407407407,GJ
2016-02-03,0.0042169811320754745,0.6660377358490565,0.021193396226415053,0.033443396226415054,50.28436018957346,27.41717791411043,GJ
2016-02-04,0.004064814814814818,0.9986111111111104,0.014981481481481438,0.04362499999999998,70.23148148148148,40.668711656441715,GJ
2016-02-05,0.003693023255813956,0.6962962962962957,0.023814814814814782,0.031374999999999986,46.550925925925924,22.751552795031056,GJ
2016-02-06,0.0034120370370370394,0.553240740740741,0.023361111111111083,0.023712962962962953,37.4212962962963,17.99404761904762,GJ
2016-02-07,0.0030092592592592614,0.5435185185185185,0.024912037037037017,0.020009259259259227,30.62962962962963,15.970238095238095,GJ
2016-02-08,0.004595348837209306,0.7379629629629635,0.02786574074074071,0.02605555555555554,60.08095238095238,34.80952380952381,GJ
2016-02-09,0.003939814814814818,0.6435185185185183,0.03155555555555555,0.018736111111111106,66.31862745098039,35.0,GJ
2016-02-10,0.0036279069767441888,0.7199074074074086,0.017199074074074037,0.03149999999999998,47.06944444444444,23.541666666666668,GJ
2016-02-11,0.005072115384615387,0.7535885167464109,0.028933014354066953,0.029688995215310984,46.31603773584906,21.26829268292683,GJ
2016-02-12,0.0032028301886792474,0.6622641509433964,0.024952830188679234,0.02668396226415092,19.958333333333332,12.523809523809524,GJ
2016-02-13,0.002572815533980584,0.6763888888888886,0.019060185185185152,0.02251851851851848,12.273148148148149,7.517857142857143,GJ
2016-02-14,0.0022916666666666684,0.5240740740740745,0.03278240740740738,0.007736111111111095,26.72222222222222,14.595238095238095,GJ
2016-02-15,0.002459893048128344,0.48431372549019674,0.03530392156862743,0.01101470588235292,25.818627450980394,11.462025316455696,GJ
2016-02-16,0.0032211055276381933,0.5198067632850242,0.03070388349514562,0.015688775510204065,32.36666666666667,15.595092024539877,GJ
2016-02-17,0.0032206572769953074,0.45821596244131485,0.027469483568075093,0.02062433862433861,28.50943396226415,12.359756097560975,GJ
2016-02-18,0.003360189573459718,0.6055555555555558,0.021745370370370345,0.031166666666666645,37.995370370370374,18.86904761904762,GJ
2016-02-19,0.004175925925925929,0.7935185185185178,0.017398148148148104,0.04043229166666664,65.92129629629629,38.05952380952381,GJ
2016-02-20,0.0034537037037037062,0.585648148148148,0.023254629629629608,0.025026041666666637,59.02777777777778,27.56547619047619,GJ
2016-02-21,0.003162037037037039,0.4546296296296298,0.03449999999999998,0.015348958333333308,29.665116279069768,12.958333333333334,GJ
2016-02-22,0.003436018957345974,0.619431279620853,0.019056872037914677,0.03170053475935829,44.71830985915493,23.303571428571427,GJ
2016-02-23,0.003590476190476193,0.5733333333333326,0.024480952380952343,0.026580645161290294,73.21428571428571,35.22360248447205,GJ
2016-02-24,0.0031792452830188703,0.3367924528301879,0.03336792452830187,0.013942105263157882,25.632558139534883,12.7125748502994,GJ
2016-02-25,0.0035887850467289746,0.4634259259259257,0.029324074074074048,0.024979166666666646,40.657407407407405,19.601190476190474,GJ
2016-02-26,0.0038151658767772542,0.8129629629629629,0.014689814814814786,0.04477083333333332,86.49537037037037,56.67857142857143,GJ
2016-02-27,0.005398148148148145,0.7050925925925922,0.04048148148148146,0.029541666666666647,114.4074074074074,69.10119047619048,GJ
2016-02-28,0.0036157407407407436,0.7268518518518512,0.027486111111111107,0.030072916666666647,87.13425925925925,52.82142857142857,GJ
2016-02-29,0.002736111111111113,0.36481481481481426,0.03649999999999996,0.013171874999999986,34.8287037037037,14.94047619047619,GJ
2016-03-01,0.002750000000000002,0.3763888888888882,0.035768518518518505,0.014813953488372061,29.24074074074074,16.017857142857142,GJ
2016-03-02,0.0028957345971564004,0.5308056872037918,0.021407582938388584,0.02985308056872036,33.312796208530806,17.60122699386503,GJ
2016-03-03,0.002902439024390246,0.5780487804878048,0.023117073170731695,0.028965853658536576,42.39336492890995,21.152439024390244,GJ
2016-03-04,0.0026745283018867944,0.6754716981132077,0.010542452830188644,0.033863207547169816,29.172093023255815,19.476190476190474,GJ
2016-03-05,0.0023379629629629644,0.40462962962962973,0.028990740740740702,0.015171296296296275,26.25925925925926,15.55952380952381,GJ
2016-03-06,0.002157407407407409,0.44490740740740714,0.02487037037037032,0.01643518518518516,39.91203703703704,19.68452380952381,GJ
2016-03-07,0.0030616113744075853,0.6308056872037913,0.020255924170616068,0.026933649289099512,78.41784037558685,34.84848484848485,GJ
2016-03-08,0.00357416267942584,0.44688995215310995,0.026688995215310995,0.02080382775119614,70.06161137440758,24.0,GJ
2016-03-09,0.003089622641509436,0.4127358490566037,0.027004716981132056,0.017169811320754694,39.74883720930232,15.796407185628743,GJ
2016-03-10,0.0031990740740740764,0.35046296296296237,0.03286574074074071,0.013291666666666636,28.89814814814815,11.678571428571429,GJ
2016-03-11,0.002865740740740743,0.39722222222222187,0.032384259259259224,0.01662962962962959,32.824074074074076,16.93452380952381,GJ
2016-03-12,0.004055555555555559,0.47222222222222243,0.031032407407407366,0.02333333333333331,56.93981481481482,22.44047619047619,GJ
2016-03-13,0.004134259259259262,0.5435185185185185,0.02900925925925923,0.025305555555555536,65.13888888888889,33.410714285714285,GJ
2016-03-14,0.0038476190476190507,0.6285714285714279,0.03642380952380952,0.02346666666666665,75.04265402843602,52.41463414634146,GJ
2016-03-15,0.0037980769230769257,0.6269230769230769,0.026307692307692275,0.0323701923076923,70.98584905660377,41.43292682926829,GJ
2016-03-16,0.0033557692307692333,0.5514423076923074,0.02815384615384611,0.03256249999999999,67.96666666666667,38.103658536585364,GJ
2016-03-17,0.00252314814814815,0.548611111111111,0.023902777777777745,0.03292592592592591,55.254629629629626,33.63095238095238,GJ
2016-03-18,0.001990740740740742,0.4782407407407406,0.023481481481481457,0.02408796296296294,25.97222222222222,18.261904761904763,GJ
2016-03-19,0.002981481481481484,0.5342592592592591,0.027842592592592558,0.025731481481481463,57.43055555555556,32.25,GJ
2016-03-20,0.002342592592592594,0.5162037037037036,0.03344444444444441,0.018083333333333312,64.76851851851852,32.773809523809526,GJ
2016-03-21,0.0025462962962962982,0.5615740740740741,0.029194444444444433,0.02657870370370368,54.81481481481482,33.333333333333336,GJ
2016-03-22,0.002719047619047621,0.5647619047619047,0.02887619047619045,0.02959999999999997,51.388625592417064,31.134146341463413,GJ
2016-03-23,0.0028078817733990166,0.4965517241379306,0.036975369458128064,0.021211822660098505,61.56585365853658,36.84177215189873,GJ
2016-03-24,0.0028341232227488172,0.3848341232227487,0.03417535545023693,0.019236966824644524,49.181395348837206,23.095808383233532,GJ
2016-03-25,0.0028564814814814837,0.45416666666666633,0.03291666666666666,0.023134259259259233,52.93518518518518,29.172619047619047,GJ
2016-03-26,0.002736111111111113,0.4902777777777775,0.034263888888888844,0.02370370370370367,58.824074074074076,37.517857142857146,GJ
2016-03-27,0.0030972222222222243,0.4745370370370374,0.04016203703703698,0.025624999999999967,57.0,37.57738095238095,GJ
2016-03-28,0.004181818181818185,0.588995215311005,0.03922009569377984,0.03312077294685988,74.83962264150944,44.8780487804878,GJ
2016-03-29,0.0036459330143540697,0.5985645933014354,0.045617224880382765,0.028980861244019107,89.66028708133972,52.11656441717791,GJ
2016-03-30,0.0031971830985915517,0.4793427230046952,0.04090140845070422,0.02674178403755867,63.44186046511628,32.125748502994014,GJ
2016-03-31,0.0042139534883720966,0.5369158878504672,0.035590697674418574,0.033744186046511616,70.45833333333333,34.75,GJ
2016-04-01,0.003920560747663554,0.6023364485981313,0.03757943925233644,0.03991588785046726,88.39814814814815,49.36309523809524,GJ
2016-04-02,0.0035509259259259287,0.5328703703703704,0.038759259259259236,0.03379166666666665,75.0324074074074,41.232142857142854,GJ
2016-04-03,0.0022777777777777796,0.4638888888888883,0.03596759259259258,0.01909259259259257,62.763888888888886,44.75,GJ
2016-04-04,0.0019712918660287097,0.43732057416267933,0.03646889952153108,0.016473684210526297,36.26190476190476,26.061349693251532,GJ
2016-04-05,0.002889423076923079,0.4014423076923076,0.031999999999999994,0.02193269230769229,41.17142857142857,19.300613496932517,GJ
2016-04-06,0.0032405660377358516,0.42783018867924516,0.030499999999999975,0.027259433962264122,41.7877358490566,19.957831325301203,GJ
2016-04-07,0.0020925925925925942,0.374074074074074,0.0347546296296296,0.020023148148148116,14.541666666666666,9.613095238095237,GJ
2016-04-08,0.0024814814814814834,0.43425925925925923,0.02999537037037037,0.024689814814814796,84.43981481481481,30.892857142857142,GJ
2016-04-09,0.003004629629629632,0.47870370370370385,0.0338009259259259,0.025592592592592563,160.50462962962962,44.93452380952381,GJ
2016-04-10,0.0028611111111111133,0.48981481481481487,0.04321296296296297,0.01919907407407404,127.56018518518519,51.029761904761905,GJ
2016-04-11,0.0030000000000000022,0.602870813397129,0.04558373205741623,0.01783732057416265,92.8952380952381,53.0,GJ
2016-04-12,0.004309523809523813,0.41904761904761884,0.035361904761904726,0.01775238095238093,43.56744186046512,23.05389221556886,GJ
2016-04-13,0.002296296296296298,0.3939814814814816,0.02879166666666661,0.017662037037037018,24.00462962962963,15.077380952380953,GJ
2016-04-14,0.002759259259259261,0.44629629629629625,0.034490740740740725,0.017472222222222205,54.370370370370374,27.56547619047619,GJ
2016-04-15,0.0032222222222222244,0.4671296296296292,0.03455092592592591,0.02162037037037035,50.0462962962963,27.178571428571427,GJ
2016-04-16,0.003773148148148151,0.4851851851851854,0.03331481481481479,0.020699074074074054,39.93055555555556,20.285714285714285,GJ
2016-04-17,0.0025138888888888906,0.3712962962962961,0.0465138888888889,0.009152777777777761,45.907407407407405,19.0,GJ
2016-04-18,0.00303791469194313,0.4464454976303319,0.04080094786729855,0.014644549763033149,54.478873239436616,26.32121212121212,GJ
2016-04-19,0.0027729468599033834,0.4260869565217387,0.03920772946859902,0.020038647342995156,45.05238095238095,25.753086419753085,GJ
2016-04-20,0.002807511737089204,0.40985915492957736,0.03576525821596241,0.02223943661971828,44.15813953488372,24.21556886227545,GJ
2016-04-21,0.0021250000000000015,0.37546296296296267,0.03327314814814813,0.016976851851851823,20.27314814814815,13.285714285714286,GJ
2016-04-22,0.0026157407407407427,0.4708333333333332,0.046879629629629584,0.016884259259259234,53.34722222222222,32.357142857142854,GJ
2016-04-23,0.002495370370370372,0.522685185185185,0.04117129629629629,0.02163425925925923,163.5648148148148,61.50595238095238,GJ
2016-04-24,0.003268518518518521,0.3689814814814814,0.043407407407407374,0.015736111111111086,165.25,33.50595238095238,GJ
2016-04-25,0.0029027777777777797,0.43657407407407395,0.03921296296296298,0.025476851851851827,118.49537037037037,33.017857142857146,GJ
2016-04-26,0.005033333333333335,0.4776190476190473,0.034933333333333295,0.02758095238095236,77.08450704225352,30.490909090909092,GJ
2016-04-27,0.0019323671497584556,0.3589371980676323,0.036570048309178725,0.016516908212560376,14.133971291866029,9.392638036809815,GJ
2016-04-28,0.002215962441314556,0.3638497652582159,0.03360563380281687,0.01842723004694832,19.06046511627907,11.125748502994012,GJ
2016-04-29,0.0023981481481481497,0.3898148148148142,0.03633333333333331,0.018305555555555533,54.004629629629626,27.50595238095238,GJ
2016-04-30,0.0026296296296296315,0.4430555555555553,0.04514351851851851,0.020324074074074043,57.291666666666664,28.351190476190474,GJ
2016-05-01,0.0022685185185185204,0.39074074074074083,0.04635185185185182,0.017171296296296275,40.56018518518518,19.541666666666668,GJ
2016-05-02,0.0019000000000000015,0.3571428571428571,0.03116190476190475,0.015242857142857126,35.53080568720379,18.658536585365855,GJ
2016-05-03,0.0018653846153846168,0.3408653846153842,0.04039423076923075,0.009774038461538452,17.777251184834125,8.871165644171779,GJ
2016-05-04,0.005289099526066349,0.4721698113207541,0.04989622641509436,0.01728773584905658,80.32710280373831,30.656626506024097,GJ
2016-05-05,0.0029537037037037058,0.48101851851851934,0.043079069767441844,0.01839351851851849,60.245370370370374,28.833333333333332,GJ
2016-05-06,0.0019212962962962977,0.3166666666666665,0.04813425925925924,0.009138888888888877,18.50232558139535,10.535714285714286,GJ
2016-05-07,0.0019027777777777793,0.3027777777777775,0.041555555555555526,0.012495370370370353,170.4212962962963,30.047619047619047,GJ
2016-05-08,0.0032500000000000025,0.3615740740740743,0.04291666666666666,0.01612037037037035,55.833333333333336,16.922619047619047,GJ
2016-05-09,0.003454545454545457,0.4555023923444971,0.02744976076555021,0.023602870813397108,56.53809523809524,22.45731707317073,GJ
2016-05-10,0.0018509615384615398,0.44615384615384546,0.024687499999999966,0.021620192307692278,29.571428571428573,19.585365853658537,GJ
2016-05-11,0.0018018867924528316,0.3306603773584905,0.03793867924528301,0.015938679245282996,16.488262910798124,10.63030303030303,GJ
2016-05-12,0.0019120370370370385,0.33240740740740715,0.037810185185185176,0.015921296296296277,25.28240740740741,15.654761904761905,GJ
2016-05-13,0.0019953703703703717,0.398611111111111,0.04458796296296296,0.01612962962962961,29.375,19.220238095238095,GJ
2016-05-14,0.003078703703703706,0.43148148148148124,0.05097685185185185,0.0170324074074074,37.995370370370374,23.922619047619047,GJ
2016-05-15,0.0018657407407407422,0.2935185185185183,0.03973611111111109,0.008245370370370361,28.46511627906977,17.214285714285715,GJ
2016-05-16,0.0023564814814814833,0.34629629629629594,0.04275925925925924,0.01502314814814812,24.14351851851852,12.875,GJ
2016-05-17,0.002657407407407409,0.4504629629629626,0.03658796296296296,0.024018518518518488,45.14351851851852,26.488095238095237,GJ
2016-05-18,0.002554502369668248,0.4573459715639808,0.040018957345971565,0.026393364928909924,48.136150234741784,30.096969696969698,GJ
2016-05-19,0.0032692307692307717,0.4908653846153844,0.041913461538461545,0.030057692307692285,51.14218009478673,33.877300613496935,GJ
2016-05-20,0.003663507109004742,0.4672985781990522,0.04676777251184833,0.02654976303317532,47.839622641509436,31.463414634146343,GJ
2016-05-21,0.003467592592592595,0.41388888888888886,0.048305555555555595,0.02348611111111109,38.09722222222222,25.261904761904763,GJ
2016-05-22,0.004824074074074076,0.46157407407407436,0.05705092592592595,0.019842592592592564,49.0,35.773809523809526,GJ
2016-05-23,0.0042962962962963,0.43518518518518484,0.047550925925925906,0.021175925925925893,48.495370370370374,32.80357142857143,GJ
2016-05-24,0.002004629629629631,0.3384259259259255,0.04171759259259257,0.015083333333333313,20.439814814814813,12.755952380952381,GJ
2016-05-25,0.002597156398104267,0.43933649289099536,0.03990995260663506,0.02044549763033174,53.533018867924525,35.97560975609756,GJ
2016-05-26,0.0025721153846153862,0.5288461538461542,0.04352884615384614,0.02100961538461537,76.85781990521328,54.646341463414636,GJ
2016-05-27,0.0029716981132075493,0.5481132075471702,0.0550754716981132,0.01905660377358487,90.38888888888889,65.23809523809524,GJ
2016-05-28,0.0025277777777777794,0.4726851851851857,0.0510787037037037,0.019851851851851836,67.38425925925925,41.083333333333336,GJ
2016-05-29,0.002407407407407409,0.4675925925925931,0.05074537037037035,0.014671296296296269,62.31481481481482,34.57142857142857,GJ
2016-05-30,0.0030925925925925947,0.5143518518518518,0.053726851851851824,0.02094907407407405,70.47685185185185,40.732142857142854,GJ
2016-05-31,0.0028796296296296317,0.516203703703704,0.04666203703703703,0.02221296296296294,75.28703703703704,46.25595238095238,GJ
2016-06-01,0.0039611650485436925,0.5276699029126222,0.04908737864077668,0.019291262135922294,69.74162679425838,43.441717791411044,GJ
2016-06-02,0.002468599033816427,0.45700483091787486,0.057922705314009656,0.0163478260869565,68.58851674641149,45.41104294478528,GJ
2016-06-03,0.0023507109004739356,0.43886255924170636,0.05278199052132701,0.019194312796208514,58.436619718309856,37.29090909090909,GJ
2016-06-04,0.0024120370370370385,0.3662037037037036,0.03525925925925925,0.017652777777777746,29.435185185185187,19.321428571428573,GJ
2016-06-05,0.0020509259259259274,0.373148148148148,0.03218518518518514,0.014430555555555532,28.40277777777778,18.922619047619047,GJ
2016-06-06,0.0019537037037037053,0.361574074074074,0.03601388888888885,0.012675925925925912,32.324074074074076,21.386904761904763,GJ
2016-06-07,0.0019768518518518533,0.3944444444444447,0.026675925925925905,0.01663888888888886,23.046296296296298,14.892857142857142,GJ
2016-06-08,0.0022666666666666686,0.40857142857142903,0.028066666666666632,0.018385714285714262,37.838862559241704,24.079268292682926,GJ
2016-06-09,0.002590243902439026,0.42975609756097594,0.03408292682926827,0.017619512195121922,37.53365384615385,25.84567901234568,GJ
2016-06-10,0.0037523364485981337,0.5074766355140189,0.052962616822429906,0.016976635514018675,62.361111111111114,46.05357142857143,GJ
2016-06-11,0.001958333333333335,0.3106481481481474,0.029564814814814808,0.011291666666666655,36.68055555555556,25.553571428571427,GJ
2016-06-12,0.0017685185185185197,0.27361111111111025,0.016935185185185154,0.01137499999999998,32.41203703703704,21.583333333333332,GJ
2016-06-13,0.001944444444444446,0.31249999999999933,0.0344861111111111,0.012449074074074052,25.34722222222222,15.808383233532934,GJ
2016-06-14,0.0018611111111111124,0.3495370370370367,0.03462499999999997,0.01387499999999999,40.26851851851852,27.273809523809526,GJ
2016-06-15,0.0018142857142857155,0.28476190476190405,0.03040476190476187,0.012238095238095225,27.739336492890995,18.80722891566265,GJ
2016-06-16,0.0019519230769230783,0.3504807692307686,0.043576923076923076,0.013081730769230748,21.585714285714285,13.802469135802468,GJ
2016-06-17,0.0023207547169811337,0.4188679245283016,0.050207547169811254,0.01863679245283018,39.49302325581395,26.209580838323355,GJ
2016-06-18,0.0021157407407407423,0.436111111111111,0.045291666666666675,0.013699074074074058,39.55555555555556,29.083333333333332,GJ
2016-06-19,0.0019074074074074089,0.3782407407407405,0.044185185185185154,0.01048148148148147,28.537037037037038,19.99404761904762,GJ
2016-06-20,0.0019715639810426555,0.40663507109004743,0.02532701421800945,0.018582938388625566,33.5962441314554,24.33939393939394,GJ
2016-06-21,0.002129807692307694,0.3793269230769227,0.029629807692307664,0.015221153846153829,32.85377358490566,21.867469879518072,GJ
2016-06-22,0.003497652582159627,0.45586854460093934,0.02810328638497651,0.017107981220657268,28.176744186046513,21.508982035928145,GJ
2016-06-23,0.002074074074074076,0.3754629629629625,0.028504629629629612,0.015064814814814784,22.796296296296298,13.303571428571429,GJ
2016-06-24,0.0018564814814814828,0.3263888888888881,0.033736111111111085,0.01375462962962961,15.537037037037036,9.898809523809524,GJ
2016-06-25,0.002634259259259261,0.29398148148148073,0.04839814814814815,0.011819444444444431,28.26851851851852,14.488095238095237,GJ
2016-06-26,0.0023657407407407425,0.3592592592592587,0.054958333333333304,0.011305555555555546,34.282407407407405,21.166666666666668,GJ
2016-06-27,0.0033110047846889976,0.4344497607655503,0.03021052631578946,0.020473684210526297,35.322274881516584,24.03030303030303,GJ
2016-06-28,0.004985645933014356,0.5296650717703354,0.03666507177033493,0.01885645933014351,42.81516587677725,31.539877300613497,GJ
2016-06-29,0.00391981132075472,0.4349056603773585,0.03322169811320753,0.015499999999999972,26.214953271028037,19.94578313253012,GJ
2016-06-30,0.001828703703703705,0.2879629629629622,0.028759259259259224,0.012143518518518494,14.097222222222221,8.130952380952381,GJ
2016-07-01,0.0018518518518518532,0.2388888888888887,0.01992592592592591,0.010606481481481465,10.296296296296296,6.005952380952381,GJ
2016-07-02,0.0018240740740740754,0.2884259259259252,0.02317592592592588,0.013203703703703686,7.976851851851852,4.244047619047619,GJ
2016-07-03,0.0017824074074074088,0.32222222222222136,0.02613425925925921,0.013671296296296277,12.61574074074074,7.583333333333333,GJ
2016-07-04,0.0018151658767772525,0.31658767772511787,0.013421800947867258,0.013767772511848322,14.661971830985916,9.133333333333333,GJ
2016-07-05,0.0017081339712918674,0.25215311004784685,0.012325358851674616,0.007397129186602862,11.539906103286384,5.114457831325301,GJ
2016-07-06,0.001615023474178405,0.25586854460093883,0.014178403755868518,0.008464788732394354,11.753488372093024,6.065868263473054,GJ
2016-07-07,0.0016481481481481495,0.27962962962962945,0.0171759259259259,0.012055555555555538,13.592592592592593,6.642857142857143,GJ
2016-07-08,0.0025879629629629647,0.3768518518518515,0.01940740740740738,0.016583333333333304,22.13425925925926,12.410714285714286,GJ
2016-07-09,0.0020509259259259274,0.3648148148148143,0.037671296296296265,0.014425925925925901,35.398148148148145,24.5,GJ
2016-07-10,0.002180555555555557,0.39166666666666616,0.03629629629629627,0.013305555555555536,43.375,29.720238095238095,GJ
2016-07-11,0.0028277511961722506,0.42153110047846876,0.02549760765550237,0.017368421052631564,41.84905660377358,29.579268292682926,GJ
2016-07-12,0.0017971014492753636,0.3403846153846147,0.019324999999999974,0.015581730769230747,17.169811320754718,10.439024390243903,GJ
2016-07-13,0.0019811320754716997,0.38113207547169736,0.027788944723618064,0.017292452830188657,21.2688679245283,12.180722891566266,GJ
2016-07-14,0.002032407407407409,0.3648148148148142,0.030662037037037005,0.01549074074074072,21.11111111111111,12.886904761904763,GJ
2016-07-15,0.003171296296296299,0.43611111111111134,0.03786574074074073,0.016962962962962944,24.74537037037037,14.666666666666666,GJ
2016-07-16,0.001916666666666668,0.3550925925925916,0.031865740740740715,0.011231481481481462,14.712962962962964,8.238095238095237,GJ
2016-07-17,0.0018472222222222236,0.34999999999999903,0.03909722222222225,0.00943055555555554,20.36111111111111,11.93452380952381,GJ
2016-07-18,0.0019431279620853094,0.33744075829383774,0.025691943127962052,0.014867298578199031,14.849765258215962,8.271084337349398,GJ
2016-07-19,0.00430434782608696,0.5318840579710147,0.037347826086956484,0.019512077294685966,33.12380952380953,22.919753086419753,GJ
2016-07-20,0.005698113207547162,0.5523584905660377,0.04589622641509434,0.01859433962264148,28.64018691588785,20.766467065868262,GJ
2016-07-21,0.006166666666666663,0.5078703703703702,0.04355555555555554,0.016972222222222187,25.444444444444443,16.761904761904763,GJ
2016-07-22,0.006722222222222216,0.5486111111111117,0.04619444444444444,0.01888888888888887,38.25,26.392857142857142,GJ
2016-07-23,0.004935185185185182,0.40370370370370373,0.032587962962962944,0.014412037037037015,26.09722222222222,16.851190476190474,GJ
2016-07-24,0.0019351851851851867,0.26944444444444376,0.026453703703703684,0.008162037037037027,19.837962962962962,12.172619047619047,GJ
2016-07-25,0.0019768518518518533,0.29212962962962885,0.023513888888888838,0.01168055555555553,22.49537037037037,13.369047619047619,GJ
2016-07-26,0.0019722222222222237,0.28749999999999915,0.020731481481481448,0.011717592592592576,19.958333333333332,11.339285714285714,GJ
2016-07-27,0.0019665071770334944,0.2779904306220086,0.018904306220095674,0.010244019138755963,20.10952380952381,11.582822085889571,GJ
2016-07-28,0.0020097560975609772,0.40682926829268273,0.04078048780487804,0.012214634146341441,41.4688995215311,28.914634146341463,GJ
2016-07-29,0.0019811320754716997,0.3254716981132067,0.029438679245283008,0.010693396226415084,35.21860465116279,23.49700598802395,GJ
2016-07-30,0.00202314814814815,0.2754629629629618,0.0230509259259259,0.010861111111111096,23.449074074074073,16.089285714285715,GJ
2016-07-31,0.0019953703703703717,0.2689814814814805,0.0191157407407407,0.009268518518518506,19.328703703703702,12.476190476190476,GJ
2016-08-01,0.001944444444444446,0.2907407407407398,0.01962962962962961,0.01332870370370367,19.48148148148148,12.06547619047619,GJ
2016-08-02,0.0020049504950495063,0.3524752475247518,0.018113861386138585,0.01806930693069305,28.295566502463053,18.575949367088608,GJ
2016-08-03,0.0022666666666666686,0.36417112299465176,0.023818181818181794,0.016010695187165767,23.654255319148938,15.7,GJ
2016-08-04,0.003042944785276076,0.42459893048128294,0.03301604278074865,0.015914438502673767,31.621052631578948,22.335664335664337,GJ
2016-08-05,0.0028452380952380973,0.43124999999999986,0.03489062499999996,0.01730208333333332,32.177083333333336,23.770833333333332,GJ
2016-08-06,0.0025714285714285735,0.430208333333333,0.043218749999999966,0.01598437499999997,36.635416666666664,27.243055555555557,GJ
2016-08-07,0.002077380952380954,0.3729166666666662,0.029401041666666645,0.01385937499999998,31.671875,22.930555555555557,GJ
2016-08-08,0.00211801242236025,0.39891891891891834,0.030827027027027006,0.01727027027027025,27.825396825396826,19.099290780141843,GJ
2016-08-09,0.002134146341463416,0.46931818181818136,0.030681818181818164,0.020954545454545438,32.51412429378531,22.229007633587788,GJ
2016-08-10,0.002034883720930234,0.42151162790697644,0.03168023255813951,0.017249999999999977,36.38953488372093,25.080645161290324,GJ
2016-08-11,0.002437185929648243,0.35364583333333277,0.03231155778894471,0.017331658291457244,29.22110552763819,18.986754966887418,GJ
2016-08-12,0.0025925925925925943,0.37395833333333317,0.03691203703703703,0.019032407407407387,29.75,18.928571428571427,GJ
2016-08-13,0.002421296296296298,0.3270833333333328,0.027106481481481468,0.015023148148148126,25.541666666666668,16.410714285714285,GJ
2016-08-14,0.0021759259259259275,0.3145833333333326,0.02333333333333331,0.010111111111111095,25.38425925925926,17.648809523809526,GJ
2016-08-15,0.0021157407407407423,0.3291666666666661,0.024296296296296267,0.011837962962962944,24.24074074074074,16.392857142857142,GJ
2016-08-16,0.002263888888888891,0.4468749999999999,0.03258333333333331,0.015620370370370354,27.564814814814813,15.339285714285714,GJ
2016-08-17,0.0024086538461538477,0.47020202020202045,0.03770192307692306,0.017312499999999974,30.172897196261683,16.957831325301203,GJ
2016-08-18,0.003345971563981045,0.49857819905213274,0.04548815165876777,0.01773459715639808,27.502347417840376,17.047619047619047,GJ
2016-08-19,0.002800000000000002,0.4185714285714282,0.04157142857142853,0.01837142857142854,26.822429906542055,16.283132530120483,GJ
2016-08-20,0.003231481481481484,0.4333333333333329,0.04994444444444443,0.01647685185185182,32.120370370370374,20.43452380952381,GJ
2016-08-21,0.0023472222222222236,0.4101851851851844,0.0467453703703704,0.01398148148148147,31.15277777777778,20.821428571428573,GJ
2016-08-22,0.00273809523809524,0.44583333333333286,0.04635648148148146,0.018023148148148132,40.01851851851852,27.333333333333332,GJ
2016-08-23,0.002526595744680853,0.39113300492610764,0.039241379310344805,0.015763546798029545,30.59313725490196,19.21153846153846,GJ
2016-08-24,0.0020890052356020957,0.3518324607329837,0.041287958115183244,0.01748167539267012,23.071428571428573,14.105960264900663,GJ
2016-08-25,0.002850000000000002,0.41899999999999976,0.052489999999999995,0.02012499999999998,30.64676616915423,18.823529411764707,GJ
2016-08-26,0.0022227722772277243,0.44455445544554456,0.022678217821782153,0.023702970297029686,27.683168316831683,17.694805194805195,GJ
2016-08-27,0.0019768518518518533,0.34120370370370373,0.022319444444444416,0.013884259259259239,10.50462962962963,4.261904761904762,GJ
2016-08-28,0.0018611111111111124,0.30925925925925896,0.02765277777777774,0.009023148148148127,9.916666666666666,4.541666666666667,GJ
2016-08-29,0.002134259259259261,0.3157407407407408,0.02771296296296293,0.011652777777777757,12.791666666666666,5.125,GJ
2016-08-30,0.001966666666666668,0.33523809523809545,0.03293809523809523,0.012904761904761888,29.373831775700936,9.730538922155688,GJ
2016-08-31,0.0032512077294686013,0.40000000000000013,0.056381642512077286,0.011304347826086934,47.004784688995215,19.682926829268293,GJ
2016-09-01,0.0031839622641509457,0.4613207547169818,0.07764150943396228,0.014066037735849034,59.55813953488372,34.5688622754491,GJ
2016-09-02,0.0018800000000000015,0.39490740740740776,0.03843518518518515,0.015509259259259242,15.328703703703704,9.18452380952381,GJ
2016-09-03,0.0019114583333333347,0.40000000000000024,0.03735185185185186,0.01412499999999998,15.088372093023256,7.916666666666667,GJ
2016-09-04,0.001994791666666668,0.41435185185185236,0.03227314814814813,0.01135648148148147,23.916666666666668,15.452380952380953,GJ
2016-09-05,0.002127777777777779,0.47156862745098105,0.037872549019607814,0.016235294117647032,31.280193236714975,21.035714285714285,GJ
2016-09-06,0.002237804878048782,0.5170212765957449,0.018473404255319115,0.02288829787234042,42.822916666666664,26.50299401197605,GJ
2016-09-07,0.0026373626373626395,0.5849740932642488,0.02416580310880826,0.023248704663212404,62.5360824742268,41.19631901840491,GJ
2016-09-08,0.0021250000000000015,0.48500000000000015,0.03313499999999998,0.01772999999999998,41.08955223880597,26.30718954248366,GJ
2016-09-09,0.002029850746268658,0.4784999999999999,0.038691542288557194,0.01870646766169152,40.417910447761194,27.772727272727273,GJ
2016-09-10,0.002254629629629631,0.5597222222222226,0.03352314814814811,0.021282407407407382,41.06018518518518,29.166666666666668,GJ
2016-09-11,0.0021018518518518534,0.5199074074074074,0.026367441860465093,0.01568055555555553,33.2037037037037,23.648809523809526,GJ
2016-09-12,0.0016764705882352953,0.49215686274509807,0.020965686274509787,0.019102941176470576,28.43127962085308,19.67484662576687,GJ
2016-09-13,0.0021374407582938405,0.4331753554502368,0.03022748815165874,0.017023696682464423,28.32093023255814,17.706586826347305,GJ
2016-09-14,0.0024305555555555573,0.4601851851851844,0.04193518518518516,0.01292592592592591,33.24074074074074,23.75,GJ
2016-09-15,0.0023796296296296313,0.46898148148148117,0.03714814814814814,0.010958333333333304,37.888888888888886,27.922619047619047,GJ
2016-09-16,0.0022685185185185204,0.45740740740740693,0.026629629629629576,0.011523148148148123,31.48148148148148,23.267857142857142,GJ
2016-09-17,0.0020601851851851866,0.3763888888888887,0.023314814814814806,0.009550925925925909,7.310185185185185,3.738095238095238,GJ
2016-09-18,0.0019861111111111125,0.3625000000000001,0.023583333333333303,0.008037037037037023,5.680555555555555,2.4047619047619047,GJ
2016-09-19,0.002063414634146343,0.3839024390243904,0.025229268292682898,0.009517073170731692,12.97584541062802,5.830188679245283,GJ
2016-09-20,0.0020773195876288677,0.40927835051546424,0.027628865979381422,0.012938144329896883,14.77319587628866,7.664383561643835,GJ
2016-09-21,0.0021369047619047635,0.43850931677018645,0.020744047619047596,0.0189285714285714,26.361581920903955,17.075187969924812,GJ
2016-09-22,0.0023220338983050864,0.37966101694915266,0.027740112994350273,0.01646327683615817,35.50276243093923,23.633802816901408,GJ
2016-09-23,0.0026324324324324346,0.41891891891891914,0.029691891891891878,0.02024324324324322,36.645161290322584,25.251612903225805,GJ
2016-09-24,0.002699074074074076,0.45972222222222264,0.03324537037037034,0.01956944444444442,41.513888888888886,29.81547619047619,GJ
2016-09-25,0.0026435185185185203,0.5384259259259265,0.02571759259259258,0.01803240740740739,38.16203703703704,27.80952380952381,GJ
2016-09-26,0.0031933962264150966,0.5400943396226416,0.01610377358490563,0.019556603773584886,35.0607476635514,24.69277108433735,GJ
2016-09-27,0.002623115577889449,0.509326424870466,0.010673366834170833,0.014306532663316558,21.39,12.359477124183007,GJ
2016-09-28,0.002389743589743592,0.5567251461988306,0.01088717948717946,0.019374358974358952,34.68341708542714,25.079470198675498,GJ
2016-09-29,0.0024673366834170873,0.5519999999999993,0.012296482412060276,0.01609547738693464,32.87064676616915,21.836601307189543,GJ
2016-09-30,0.0022128712871287144,0.391573033707865,0.011257425742574236,0.01648514851485146,14.193069306930694,7.246753246753247,GJ
2016-10-01,0.002361111111111113,0.4484375000000002,0.006611111111111097,0.01825925925925923,15.643518518518519,7.470238095238095,GJ
2016-10-02,0.0027129629629629648,0.4447916666666667,0.017347222222222194,0.010393034825870624,17.39351851851852,9.666666666666666,GJ
2016-10-03,0.0023796296296296313,0.3494791666666666,0.014578703703703677,0.010236180904522595,17.550925925925927,9.113095238095237,GJ
2016-10-04,0.0025454545454545474,0.4127659574468088,0.0215141509433962,0.015820754716981106,23.674418604651162,10.964071856287426,GJ
2016-10-05,0.002724637681159422,0.33494623655913974,0.026454106280193214,0.012053140096618337,15.63679245283019,8.734939759036145,GJ
2016-10-06,0.0030053763440860237,0.474691358024691,0.02609139784946235,0.019709677419354813,31.802139037433154,17.841726618705035,GJ
2016-10-07,0.002648936170212768,0.5384146341463417,0.01399999999999998,0.024888297872340412,26.88888888888889,15.78014184397163,GJ
2016-10-08,0.0024768518518518533,0.4713541666666667,0.022828703703703674,0.016444444444444414,19.64651162790698,10.958333333333334,GJ
2016-10-09,0.002722222222222224,0.37864583333333357,0.030800925925925902,0.009023148148148133,18.875,8.898809523809524,GJ
2016-10-10,0.002976190476190478,0.46720430107526895,0.017480952380952368,0.02071428571428568,26.735849056603772,14.036363636363637,GJ
2016-10-11,0.002615384615384617,0.49897435897435916,0.009610576923076911,0.02387019230769229,32.132075471698116,16.048192771084338,GJ
2016-10-12,0.00401442307692308,0.531132075471698,0.023070754716981116,0.024136792452830163,46.976851851851855,26.553571428571427,GJ
2016-10-13,0.0036944444444444472,0.5444444444444444,0.013421296296296273,0.027314814814814785,42.282407407407405,22.928571428571427,GJ
2016-10-14,0.0037638888888888917,0.6458333333333331,0.017199074074074016,0.033699074074074055,49.111111111111114,29.172619047619047,GJ
2016-10-15,0.00391666666666667,0.7694444444444455,0.02352777777777775,0.032513888888888884,70.54166666666667,46.666666666666664,GJ
2016-10-16,0.0031990740740740764,0.6060185185185185,0.01804629629629626,0.021305555555555515,39.708333333333336,27.93452380952381,GJ
2016-10-17,0.0029861111111111134,0.5898148148148147,0.018351851851851803,0.020569444444444418,20.87962962962963,11.952380952380953,GJ
2016-10-18,0.0033240740740740765,0.7097222222222215,0.01864351851851848,0.0260648148148148,49.245370370370374,29.898809523809526,GJ
2016-10-19,0.0033619047619047643,0.7933333333333333,0.017366666666666624,0.02653809523809522,50.7196261682243,31.102409638554217,GJ
2016-10-20,0.0030663507109004763,0.7535545023696681,0.009317535545023679,0.03224644549763033,51.14691943127962,31.0,GJ
2016-10-21,0.0028450704225352133,0.5657276995305163,0.018248826291079778,0.024765258215962403,49.10232558139535,28.02994011976048,GJ
2016-10-22,0.002467592592592594,0.39027777777777756,0.020509259259259244,0.018384259259259232,34.41203703703704,16.988095238095237,GJ
2016-10-23,0.0023055555555555572,0.4249999999999992,0.01716203703703702,0.01581018518518516,30.310185185185187,16.321428571428573,GJ
2016-10-24,0.0030758293838862583,0.41469194312796176,0.019886255924170572,0.015729857819905196,18.293023255813953,7.88622754491018,GJ
2016-10-25,0.003225961538461541,0.40721153846153774,0.023019230769230754,0.018543269230769207,20.31132075471698,7.262195121951219,GJ
2016-10-26,0.0028113207547169833,0.45330188679245215,0.014806603773584882,0.021981132075471685,28.176744186046513,14.273809523809524,GJ
2016-10-27,0.0027175925925925944,0.5273148148148148,0.007847222222222209,0.02846759259259257,44.65277777777778,21.75595238095238,GJ
2016-10-28,0.0025879629629629647,0.41527777777777747,0.018879629629629604,0.018819444444444416,25.430555555555557,13.160714285714286,GJ
2016-10-29,0.0031666666666666688,0.39166666666666644,0.02883333333333329,0.013240740740740728,29.47222222222222,12.636904761904763,GJ
2016-10-30,0.002949074074074076,0.41157407407407365,0.023930555555555524,0.014583333333333311,24.97222222222222,11.696428571428571,GJ
2016-10-31,0.00327488151658768,0.5800947867298574,0.006976303317535534,0.027251184834123192,35.10232558139535,18.071428571428573,GJ
2016-11-01,0.0028181818181818204,0.39230769230769263,0.02841626794258371,0.012172248803827721,20.735849056603772,8.164634146341463,GJ
2016-11-02,0.0030375586854460117,0.464319248826291,0.022286384976525797,0.019821596244131427,26.037383177570092,13.341317365269461,GJ
2016-11-03,0.003509259259259262,0.6828703703703701,0.013550925925925893,0.0328796296296296,62.21296296296296,39.226190476190474,GJ
2016-11-04,0.0030509259259259283,0.7361111111111112,0.016624999999999963,0.03296296296296294,70.16203703703704,45.63095238095238,GJ
2016-11-05,0.0028333333333333353,0.6671296296296299,0.018027777777777747,0.03369444444444442,59.032407407407405,37.20238095238095,GJ
2016-11-06,0.002583333333333335,0.5683720930232552,0.01916203703703701,0.023337962962962946,49.38425925925926,33.30952380952381,GJ
2016-11-07,0.0028679245283018888,0.5259433962264151,0.02207075471698112,0.024075471698113183,38.68691588785047,22.89156626506024,GJ
2016-11-08,0.0025023923444976092,0.49663461538461545,0.028293269230769212,0.013181818181818163,41.70283018867924,29.73939393939394,GJ
2016-11-09,0.0028591549295774667,0.435680751173709,0.02299530516431922,0.01889671361502345,36.717592592592595,24.517857142857142,GJ
2016-11-10,0.0026296296296296315,0.5277777777777777,0.0074629629629629525,0.030546296296296283,39.38425925925926,27.214285714285715,GJ
2016-11-11,0.002949074074074076,0.5717592592592594,0.014328703703703661,0.029217592592592562,58.99074074074074,25.636904761904763,GJ
2016-11-12,0.003342592592592595,0.7476851851851855,0.012777777777777733,0.034231481481481474,68.47222222222223,28.238095238095237,GJ
2016-11-13,0.002972222222222224,0.735648148148148,0.011722222222222198,0.029347222222222195,55.101851851851855,29.148809523809526,GJ
2016-11-14,0.002847222222222224,0.6675925925925933,0.012518518518518488,0.025726851851851817,21.61574074074074,13.047619047619047,GJ
2016-11-15,0.0034807692307692335,0.5206730769230766,0.025673076923076903,0.017548076923076906,48.40758293838863,19.451807228915662,GJ
2016-11-16,0.0031456310679611674,0.6679611650485434,0.012398058252427149,0.0274660194174757,37.20952380952381,19.14814814814815,GJ
2016-11-17,0.004891509433962267,0.866037735849057,0.022245283018867905,0.03324528301886793,84.0,45.778443113772454,GJ
2016-11-18,0.004259259259259262,1.038888888888888,0.009018518518518502,0.03733796296296294,82.35648148148148,51.607142857142854,GJ
2016-11-19,0.002574074074074076,0.8124999999999996,0.008620370370370342,0.02620370370370369,32.273148148148145,23.511904761904763,GJ
2016-11-20,0.0027962962962962985,0.8439814814814812,0.022037037037036997,0.01878703703703703,38.74074074074074,26.625,GJ
2016-11-21,0.0029305555555555578,0.9152777777777776,0.007467592592592582,0.029810185185185162,48.916666666666664,29.303571428571427,GJ
2016-11-22,0.0034711538461538486,0.6221153846153844,0.020514423076923045,0.016870192307692287,36.624413145539904,19.23030303030303,GJ
2016-11-23,0.0036746411483253617,0.4727272727272719,0.021234449760765522,0.014459330143540646,21.59722222222222,9.30952380952381,GJ
2016-11-24,0.0032824074074074097,0.4624999999999989,0.024245370370370334,0.013374999999999979,22.189814814814813,11.869047619047619,GJ
2016-11-25,0.0032083333333333356,0.5805555555555554,0.019041666666666648,0.02172222222222219,29.59722222222222,18.55952380952381,GJ
2016-11-26,0.003101851851851854,0.7875000000000009,0.006555555555555546,0.02974999999999997,43.800925925925924,33.857142857142854,GJ
2016-11-27,0.003180555555555558,0.7662037037037046,0.013879629629629605,0.0240648148148148,42.208333333333336,27.535714285714285,GJ
2016-11-28,0.0034386792452830214,0.7509433962264148,0.018495283018867884,0.023882075471698083,68.1214953271028,32.648809523809526,GJ
2016-11-29,0.003464114832535888,0.5014354066985643,0.017224880382775094,0.023181818181818154,22.355450236966824,12.214723926380367,GJ
2016-11-30,0.0036190476190476216,0.8823809523809526,0.002842857142857145,0.03866190476190477,46.41860465116279,30.652694610778443,GJ
2016-12-01,0.003592592592592595,0.7555555555555559,0.014694444444444415,0.02949074074074072,50.81481481481482,31.178571428571427,GJ
2016-12-02,0.0033657407407407434,0.42824074074074014,0.01751388888888886,0.022504629629629617,27.24074074074074,13.095238095238095,GJ
2016-12-03,0.003435185185185188,0.7759259259259259,0.005347222222222218,0.03956018518518518,52.77777777777778,32.898809523809526,GJ
2016-12-04,0.0035787037037037063,0.9050925925925924,0.0041388888888888925,0.036402777777777735,63.85648148148148,46.29761904761905,GJ
2016-12-05,0.004818181818181821,1.1411483253588517,0.015918660287081304,0.03685645933014353,112.62962962962963,76.39880952380952,GJ
2016-12-06,0.003244680851063832,0.3893617021276593,0.023792553191489346,0.016372340425531897,26.8860103626943,9.477419354838709,GJ
2016-12-07,0.003711956521739133,0.865760869565217,0.0034402173913043502,0.038706521739130445,61.17989417989418,34.651612903225804,GJ
2016-12-08,0.0036388888888888916,0.9523148148148144,0.007842592592592578,0.036976851851851865,74.55555555555556,49.24404761904762,GJ
2016-12-09,0.0038379629629629658,0.6041666666666663,0.021981481481481446,0.02278703703703701,58.611111111111114,36.56547619047619,GJ
2016-12-10,0.0034907407407407435,0.43657407407407306,0.016152777777777756,0.022296296296296276,23.01851851851852,12.69047619047619,GJ
2016-12-11,0.003634259259259262,0.5810185185185185,0.015018518518518497,0.024777777777777725,28.13425925925926,16.511904761904763,GJ
2016-12-12,0.00415714285714286,0.923333333333334,0.005057142857142853,0.03720476190476187,44.598130841121495,25.849397590361445,GJ
2016-12-13,0.003570754716981135,0.7386792452830188,0.009834905660377346,0.028485849056603767,46.5,32.42261904761905,GJ
2016-12-14,0.0030462962962962987,0.45185185185185117,0.02503703703703703,0.01776851851851849,26.78240740740741,13.029761904761905,GJ
2016-12-15,0.003212962962962965,0.48703703703703694,0.022476851851851845,0.017643518518518482,26.61574074074074,15.386904761904763,GJ
2016-12-16,0.002990740740740743,0.46944444444444433,0.0234861111111111,0.01645370370370368,21.953703703703702,10.702380952380953,GJ
2016-12-17,0.0032592592592592617,0.8027777777777778,0.00957407407407406,0.033796296296296297,41.31944444444444,24.404761904761905,GJ
2016-12-18,0.002722222222222224,0.7587962962962961,0.009606481481481464,0.027916666666666628,40.611111111111114,27.303571428571427,GJ
2016-12-19,0.0030694444444444467,0.9675925925925929,0.004916666666666657,0.03262499999999996,32.495370370370374,24.851190476190474,GJ
2016-12-20,0.0029425837320574185,0.7368421052631582,0.014358851674641118,0.027555023923444957,53.350467289719624,36.13855421686747,GJ
2016-12-21,0.0032330097087378664,0.8354368932038835,0.010276699029126198,0.030592233009708727,41.65581395348837,25.808383233532933,GJ
2016-12-22,0.0021981132075471715,0.5311320754716984,0.02389622641509431,0.01701886792452828,19.718309859154928,10.533333333333333,GJ
2016-12-23,0.0024027777777777793,0.5407407407407406,0.025763888888888874,0.014643518518518505,24.916666666666668,15.589285714285714,GJ
2016-12-24,0.0029351851851851874,0.5537037037037039,0.024666666666666656,0.01528240740740738,36.43518518518518,25.595238095238095,GJ
2016-12-25,0.003101851851851854,0.8055555555555557,0.010060185185185165,0.028013888888888887,50.092592592592595,36.976190476190474,GJ
2016-12-26,0.0026898148148148168,0.77962962962963,0.007990740740740732,0.029925925925925925,29.203703703703702,22.18452380952381,GJ
2016-12-27,0.00277314814814815,0.48935185185185187,0.028527777777777756,0.013421296296296271,29.23148148148148,15.422619047619047,GJ
2016-12-28,0.0033142857142857167,0.5214285714285715,0.017757142857142836,0.021657142857142844,25.42325581395349,13.161676646706587,GJ
2016-12-29,0.003620853080568723,0.5364928909952611,0.01728436018957343,0.02262559241706159,35.13084112149533,17.620481927710845,GJ
2016-12-30,0.0034537037037037062,0.512037037037037,0.016916666666666632,0.02419907407407407,26.828703703703702,14.107142857142858,GJ
2016-12-31,0.0038564814814814846,0.8495370370370375,0.0053240740740740705,0.03816203703703703,53.208333333333336,35.291666666666664,GJ
2017-01-01,0.0034444444444444444,1.1,0.002777777777777778,0.040777777777777774,59.55555555555556,38.42857142857143,GJ
2016-01-01,0.00440264650283552,0.657199211045365,0.01695652173913038,0.024112287334593557,55.19092627599244,40.02788844621514,GN
2016-01-02,0.005212681159420267,0.8416666666666667,0.010889492753623133,0.0331460144927536,61.9640831758034,42.47348484848485,GN
2016-01-03,0.0057028985507246045,0.8990530303030315,0.011275362318840548,0.032030797101449265,61.22243713733076,41.59695817490494,GN
2016-01-04,0.0051920517560073605,0.7888888888888899,0.017720887245840977,0.028937338262476853,69.04158415841584,49.91860465116279,GN
2016-01-05,0.004726765799256483,0.5526022304832705,0.010615241635687701,0.029861940298507438,47.669117647058826,29.3359375,GN
2016-01-06,0.0041886238532109835,0.4620183486238548,0.01964220183486236,0.019593027522935756,37.904587155963306,22.198473282442748,GN
2016-01-07,0.003754459203036032,0.4661710037174737,0.022401486988847575,0.015182713754646774,44.27134724857685,26.42528735632184,GN
2016-01-08,0.0034913627639155285,0.40220183486238725,0.021104587155963275,0.015617247706422002,28.225274725274726,17.415384615384614,GN
2016-01-09,0.0038554924242424045,0.4905797101449283,0.019128623188405743,0.020751811594202904,35.92028985507246,22.42911877394636,GN
2016-01-10,0.00409678030303028,0.5168478260869566,0.021719202898550692,0.020489311594202884,42.17785843920145,26.438931297709924,GN
2016-01-11,0.00401273408239698,0.47326007326007435,0.022272893772893737,0.01936739926739924,41.3394495412844,26.100775193798448,GN
2016-01-12,0.004074727272727246,0.44343065693430783,0.018265454545454512,0.02274090909090906,33.7518115942029,19.234615384615385,GN
2016-01-13,0.0033053406998158246,0.4156537753222849,0.02318968692449355,0.016991712707182284,29.444444444444443,18.05019305019305,GN
2016-01-14,0.0037843920145190337,0.5190562613430125,0.017417122040072827,0.02434664246823953,38.21455223880597,23.513513513513512,GN
2016-01-15,0.005978284671532813,0.6667883211678831,0.01418430656934303,0.033934917733089556,63.59818181818182,35.003787878787875,GN
2016-01-16,0.005667572463768088,0.7521739130434789,0.010418478260869515,0.03773430127041737,87.49177330895795,54.36259541984733,GN
2016-01-17,0.004688405797101424,0.6635531135531151,0.01424818840579706,0.028254891304347794,73.52536231884058,46.45454545454545,GN
2016-01-18,0.003471195652173892,0.43278985507246476,0.0276884057971014,0.012849906542056033,35.14051094890511,21.945098039215686,GN
2016-01-19,0.002887358490566026,0.27609489051094827,0.03138756855575871,0.006556424581005563,18.967557251908396,8.728346456692913,GN
2016-01-20,0.0038397286821705207,0.3790740740740751,0.024614814814814787,0.014535902255639065,27.63873370577281,17.33596837944664,GN
2016-01-21,0.00417361376673039,0.4280373831775717,0.019314018691588743,0.02079737335834895,34.24482109227872,21.017543859649123,GN
2016-01-22,0.003923933209647466,0.3923933209647514,0.024450834879406285,0.017537847866419248,27.83302752293578,16.154205607476637,GN
2016-01-23,0.00446594202898548,0.41449275362319,0.028016304347826083,0.01156413043478256,33.36363636363637,19.19747899159664,GN
2016-01-24,0.003408514492753604,0.33460144927536417,0.02979528985507243,0.006827898550724608,21.985428051001822,12.059574468085106,GN
2016-01-25,0.0033735401459853757,0.4187956204379581,0.02437591240875908,0.016725729927007278,30.691176470588236,15.661016949152541,GN
2016-01-26,0.004070794824399239,0.5685767097966721,0.022591497227356712,0.023868022181146007,49.97962962962963,26.73643410852713,GN
2016-01-27,0.006723345588235264,0.8233455882352936,0.017667282809611787,0.03873499079189686,79.10925925925926,45.130434782608695,GN
2016-01-28,0.005737084870848685,0.7645454545454546,0.011510909090909037,0.03938254545454541,79.99444444444444,46.73384030418251,GN
2016-01-29,0.0024635849056603713,0.5169429097605889,0.02259116022099446,0.018852854511970475,23.269083969465647,15.088709677419354,GN
2016-01-30,0.0022967391304347788,0.4932971014492752,0.02017753623188403,0.017564855072463716,22.875,14.123076923076923,GN
2016-01-31,0.003924275362318821,0.5902173913043472,0.019402173913043434,0.01758152173913039,52.43454545454546,32.208333333333336,GN
2016-02-01,0.0031920810313075276,0.4200367647058833,0.027943014705882313,0.014075551470588202,31.502742230347348,17.908396946564885,GN
2016-02-02,0.0036351503759398237,0.4354359925788509,0.02507992565055759,0.018876808905380307,31.371534195933457,17.04230769230769,GN
2016-02-03,0.004388560885608833,0.5403409090909083,0.020317929759704218,0.026310701107011024,45.294444444444444,24.17241379310345,GN
2016-02-04,0.005039745916515407,0.6364312267657987,0.02151905626134298,0.030277676950998166,59.42468239564428,34.874524714828894,GN
2016-02-05,0.004080711610486869,0.5248618784530389,0.025066298342541364,0.022789871086556134,40.77205882352941,22.586614173228348,GN
2016-02-06,0.003974621212121188,0.47717391304347845,0.028512681159420253,0.016182427536231867,39.20502901353965,21.87878787878788,GN
2016-02-07,0.004427083333333318,0.5153985507246379,0.026641304347826047,0.017486956521739098,37.15079365079365,22.380228136882128,GN
2016-02-08,0.004933712121212104,0.553623188405797,0.03173369565217387,0.01677173913043474,45.365805168986086,26.125954198473284,GN
2016-02-09,0.004531628787878767,0.48605072463768095,0.03529166666666669,0.010869927536231856,55.15109343936382,26.99621212121212,GN
2016-02-10,0.0043181818181817905,0.4813405797101441,0.02190398550724635,0.020723731884057944,33.62823061630219,17.022900763358777,GN
2016-02-11,0.005460505836575856,0.6126865671641785,0.013050373134328323,0.03411902985074621,43.75438596491228,20.73076923076923,GN
2016-02-12,0.004295692883895106,0.5422586520947184,0.018067395264116534,0.02702695810564664,34.93040293040293,18.790076335877863,GN
2016-02-13,0.0035349090909090643,0.5172101449275358,0.015187272727272692,0.02181539855072459,22.667304015296367,12.673228346456693,GN
2016-02-14,0.002743749999999986,0.4396739130434792,0.03064673913043478,0.006783876811594176,20.03076923076923,11.32046332046332,GN
2016-02-15,0.0027325800376647672,0.36561922365989125,0.033192236598890985,0.007478888888888859,24.44296577946768,12.423076923076923,GN
2016-02-16,0.0032700554528650393,0.49482439926062793,0.02903696857670976,0.012502218114602557,33.3308957952468,19.266409266409266,GN
2016-02-17,0.003655263157894717,0.44041353383458737,0.026448210922787173,0.016347216890594984,28.039252336448598,13.377952755905511,GN
2016-02-18,0.004952952029520278,0.5370642201834858,0.023642201834862354,0.02409192660550456,43.27818181818182,20.613636363636363,GN
2016-02-19,0.006367753623188372,0.6838768115942028,0.02428442028985506,0.031039311594202857,59.65217391304348,32.72727272727273,GN
2016-02-20,0.005459239130434751,0.6318840579710153,0.02291847826086959,0.02539963768115939,80.35688405797102,37.98106060606061,GN
2016-02-21,0.003268478260869549,0.40960144927536324,0.03384601449275366,0.010578804347826064,30.320652173913043,13.776515151515152,GN
2016-02-22,0.004698188405797075,0.5394927536231882,0.01823188405797098,0.02534399999999997,42.39492753623188,22.50190114068441,GN
2016-02-23,0.0048954887218044816,0.5821428571428572,0.027402255639097713,0.020264473684210495,73.43947858472998,33.954372623574145,GN
2016-02-24,0.003278244274809139,0.4082061068702296,0.0299599236641221,0.013932313575525785,29.827651515151516,16.338461538461537,GN
2016-02-25,0.0038444852941176316,0.4583486238532117,0.030366972477064214,0.015231192660550423,35.90659340659341,19.381322957198442,GN
2016-02-26,0.005382783882783862,0.6625228519195608,0.026012797074954262,0.029981501831501847,79.18864468864469,47.71102661596958,GN
2016-02-27,0.005634782608695633,0.6885869565217387,0.03421195652173908,0.0269226449275362,103.51272727272728,60.08712121212121,GN
2016-02-28,0.005318478260869548,0.6954710144927553,0.029543478260869525,0.024528079710144906,102.70309653916212,59.39772727272727,GN
2016-02-29,0.003288160291438965,0.4249544626593811,0.03554280510018215,0.00922448210922785,38.11743119266055,21.359848484848484,GN
2016-03-01,0.004003079710144912,0.44180478821362845,0.031069981583793704,0.01414125230202576,36.40181818181818,21.545801526717558,GN
2016-03-02,0.005068738229755154,0.5235404896421852,0.02655722326454033,0.023683050847457605,44.9,24.184615384615384,GN
2016-03-03,0.0050065055762081555,0.5565055762081793,0.02321375464684011,0.027622862453531575,38.795112781954884,18.26615969581749,GN
2016-03-04,0.00403948339483392,0.6411439114391133,0.00727675276752764,0.03472804428044278,36.509328358208954,21.786821705426355,GN
2016-03-05,0.004988224637681136,0.5534420289855077,0.020376811594202873,0.022999637681159407,44.65377532228361,25.1787072243346,GN
2016-03-06,0.0037112318840579494,0.46413043478261035,0.027916666666666645,0.016194021739130388,36.759328358208954,20.03802281368821,GN
2016-03-07,0.0048729927007299025,0.5370437956204378,0.022105839416058377,0.021609671532846698,64.58576642335767,27.33587786259542,GN
2016-03-08,0.00408990654205605,0.4557009345794406,0.022590654205607456,0.020597943925233606,66.4841121495327,25.99236641221374,GN
2016-03-09,0.0030553308823529253,0.3753649635036515,0.028655109489051058,0.014195437956204338,35.565693430656935,16.423664122137403,GN
2016-03-10,0.0031600371747211686,0.3732240437158495,0.029511839708560958,0.012510564663023662,36.215722120658135,16.143939393939394,GN
2016-03-11,0.003416820702402938,0.37767695099818765,0.0319637023593466,0.013011252268602513,34.27605118829982,17.38783269961977,GN
2016-03-12,0.0047896363636363475,0.4327898550724658,0.030336956521739063,0.017846376811594167,52.92962962962963,25.844106463878326,GN
2016-03-13,0.0053179347826086635,0.4896739130434788,0.027744565217391267,0.02195090579710143,63.80474452554745,33.01140684410647,GN
2016-03-14,0.004332536764705862,0.5365808823529412,0.036656249999999974,0.018629963235294082,79.86422018348624,49.770992366412216,GN
2016-03-15,0.003999626865671623,0.5433085501858744,0.029786245353159803,0.02492453531598511,70.26951672862454,44.44672131147541,GN
2016-03-16,0.0062186346863468385,0.5939114391143928,0.03152767527675272,0.03253154981549814,65.81146025878003,38.45783132530121,GN
2016-03-17,0.005335687732341987,0.5726765799256505,0.030553903345724873,0.03232267657992562,62.577358490566034,37.673151750972764,GN
2016-03-18,0.0033561886051080413,0.524150943396226,0.015375722543352548,0.0317243396226415,32.91891891891892,21.55859375,GN
2016-03-19,0.004582352941176441,0.5364130434782604,0.02864583333333333,0.02126268115942025,60.57789855072464,32.48275862068966,GN
2016-03-20,0.0047623106060605816,0.471557971014493,0.03171212121212116,0.014772282608695612,58.27404718693285,27.681818181818183,GN
2016-03-21,0.0037689849624059917,0.40494505494505645,0.03175887850467287,0.016835818181818136,37.51094890510949,19.072243346007603,GN
2016-03-22,0.00482321755027419,0.5166058394160582,0.02758211678832117,0.026643430656934294,49.22992700729927,27.314176245210728,GN
2016-03-23,0.005107358490566007,0.5278504672897195,0.030837383177570114,0.02470523364485978,58.04315196998124,30.876984126984127,GN
2016-03-24,0.00272899628252787,0.34509090909091117,0.03517090909090911,0.011170909090909054,26.939001848428834,15.333333333333334,GN
2016-03-25,0.0034075435203094646,0.36578947368421216,0.028812030075187952,0.016872744360902213,27.792134831460675,16.11023622047244,GN
2016-03-26,0.003263586956521724,0.4092391304347841,0.024916666666666632,0.019993478260869536,36.65036231884058,22.25378787878788,GN
2016-03-27,0.003312862318840561,0.4277173913043494,0.03857065217391304,0.014926811594202866,49.64461247637051,31.450413223140497,GN
2016-03-28,0.004311636363636338,0.4985454545454537,0.04026277372262774,0.02226003649635036,59.149253731343286,34.072,GN
2016-03-29,0.005000550458715573,0.585688073394495,0.04445504587155959,0.024089357798165123,79.60516605166052,43.732824427480914,GN
2016-03-30,0.005523861566484492,0.5041894353369754,0.04676138433515484,0.02152659380692164,64.67592592592592,33.871212121212125,GN
2016-03-31,0.007043656716417887,0.6155555555555549,0.03260998151571163,0.03488277777777773,92.74860335195531,51.90874524714829,GN
2016-04-01,0.006429304029304004,0.6211832061068694,0.03786996336996337,0.030981501831501834,92.29831144465291,53.984674329501914,GN
2016-04-02,0.00652681159420287,0.5892045454545457,0.03488043478260867,0.026874275362318803,73.41818181818182,44.77946768060836,GN
2016-04-03,0.00400778985507244,0.5183712121212104,0.026335144927536216,0.018779347826086923,39.60473588342441,27.197718631178706,GN
2016-04-04,0.002685955056179768,0.4636186770428019,0.03092007434944235,0.01660762081784383,16.09902912621359,9.091269841269842,GN
2016-04-05,0.004387499999999972,0.46635160680529364,0.025888059701492466,0.02175708955223877,36.34146341463415,20.06513409961686,GN
2016-04-06,0.005549521988527701,0.5318681318681311,0.0321247706422018,0.02827582417582417,56.95802919708029,30.735632183908045,GN
2016-04-07,0.0028406551059730104,0.45093632958801605,0.03269475655430709,0.019018164794007454,16.2568093385214,9.094827586206897,GN
2016-04-08,0.004001102941176448,0.5128676470588234,0.02649999999999997,0.025262499999999983,53.015037593984964,23.737903225806452,GN
2016-04-09,0.005975181159420263,0.57336956521739,0.03947549909255898,0.02802300724637677,106.01660516605166,39.7148288973384,GN
2016-04-10,0.00525561594202896,0.5481884057971002,0.04349456521739135,0.019878260869565175,120.02014652014653,47.321969696969695,GN
2016-04-11,0.003240925925925906,0.3831481481481503,0.036628942486085295,0.014700740740740709,51.10112359550562,23.5,GN
2016-04-12,0.004660110294117631,0.3816176470588254,0.03128860294117646,0.022644301470588206,40.547970479704794,22.167315175097276,GN
2016-04-13,0.003494384057970997,0.4123188405797119,0.02413949275362318,0.021915217391304326,30.738656987295826,18.470588235294116,GN
2016-04-14,0.0026686131386861192,0.41080586080586273,0.036768248175182434,0.01405457875457872,55.23076923076923,22.82375478927203,GN
2016-04-15,0.003642572463768093,0.43170289855072597,0.039907608695652116,0.016803079710144893,48.05072463768116,23.33712121212121,GN
2016-04-16,0.0038442028985507075,0.45253623188405895,0.03173550724637673,0.020509074410163322,45.71272727272727,23.869731800766285,GN
2016-04-17,0.0023108695652173813,0.3666666666666685,0.04845108695652164,0.005562799263351717,30.92222222222222,11.806949806949808,GN
2016-04-18,0.003363853211009153,0.41167883211678963,0.04456021897810211,0.013822794117647023,46.83302752293578,18.713740458015266,GN
2016-04-19,0.0037472998137802406,0.4081936685288661,0.048852886405958966,0.013664990689013019,43.090056285178235,21.976284584980238,GN
2016-04-20,0.004715559772295994,0.45180265654649043,0.04122201138519921,0.02055920303605314,44.3776493256262,24.004115226337447,GN
2016-04-21,0.003372149532710266,0.42276119402985207,0.031427238805970134,0.018216604477611923,25.591439688715955,15.384920634920634,GN
2016-04-22,0.004622568807339422,0.4994495412844038,0.029376146788990816,0.019822018348623825,40.018621973929235,20.968379446640316,GN
2016-04-23,0.00474130434782607,0.5224637681159423,0.030947463768115906,0.02233061594202894,170.1923774954628,51.60655737704918,GN
2016-04-24,0.004579891304347808,0.43659420289855194,0.04089311594202901,0.015188768115941997,164.42934782608697,41.23481781376518,GN
2016-04-25,0.004987681159420266,0.4177536231884068,0.03465447897623396,0.022545108695652138,94.15173674588665,28.484848484848484,GN
2016-04-26,0.005765760869565196,0.43931159420289995,0.035842391304347826,0.024461775362318815,69.84745762711864,25.242424242424242,GN
2016-04-27,0.0024676524953789187,0.3722735674676543,0.03949628252788103,0.011535489833641364,27.204280155642024,16.346613545816734,GN
2016-04-28,0.0032136029411764556,0.3575367647058833,0.03997426470588237,0.01384999999999997,27.25186567164179,14.91566265060241,GN
2016-04-29,0.004237384898710842,0.3871086556169444,0.03693258426966287,0.01774235727440146,44.101476014760145,22.796875,GN
2016-04-30,0.005040398550724628,0.4110507246376826,0.04924621212121216,0.01523586956521735,55.13454545454545,27.325757575757574,GN
2016-05-01,0.004682246376811571,0.41105072463768283,0.05425,0.012862267657992536,49.46666666666667,24.708333333333332,GN
2016-05-02,0.004112593984962391,0.37838345864661865,0.030545977011494214,0.014938374291115287,42.19207920792079,23.60546875,GN
2016-05-03,0.0035645640074211354,0.32273567467652553,0.04187286527514233,0.0076386321626616925,26.120754716981132,11.4765625,GN
2016-05-04,0.0038683426443202823,0.3597765363128496,0.04894847328244277,0.010402979515828643,56.47490347490348,15.776923076923078,GN
2016-05-05,0.004815036231884038,0.40688405797101634,0.04438949275362315,0.01868957952468003,40.193430656934304,17.69961977186312,GN
2016-05-06,0.005541485507246357,0.3675724637681182,0.04260727272727274,0.014548007246376766,33.257197696737045,20.450592885375492,GN
2016-05-07,0.0036809782608695457,0.3719202898550735,0.04042753623188406,0.01244094202898548,142.63940520446096,38.43346007604563,GN
2016-05-08,0.004080762250453705,0.35880217785843993,0.03913974591651534,0.014891288566243168,80.83364839319471,24.011406844106464,GN
2016-05-09,0.006149236641221355,0.3916824196597357,0.028649621212121154,0.025067107750472564,58.94757281553398,24.36904761904762,GN
2016-05-10,0.004138827838827819,0.3981684981684992,0.02859816513761466,0.016768131868131825,37.195933456561924,24.607843137254903,GN
2016-05-11,0.003328996282527862,0.33085501858736205,0.03864126394052044,0.012870074349442338,20.390334572490705,11.75968992248062,GN
2016-05-12,0.0044368421052631436,0.3773139745916533,0.03760435571687839,0.015952641165755867,31.911654135338345,17.718631178707223,GN
2016-05-13,0.004266848816029129,0.4098360655737714,0.040143897996356995,0.015776502732240405,37.57169459962756,22.199233716475096,GN
2016-05-14,0.004687681159420272,0.40090579710145113,0.041367753623188376,0.013417210144927498,35.39492753623188,19.390151515151516,GN
2016-05-15,0.0052603260869564985,0.3521739130434798,0.028162661737523065,0.011917028985507205,35.81718464351005,20.022813688212928,GN
2016-05-16,0.0027257769652650685,0.3524680073126153,0.03610986964618248,0.011141088180112549,29.057728119180634,14.55,GN
2016-05-17,0.0050646840148698725,0.4271375464684031,0.0387342007434944,0.02147367424242423,40.791271347248575,19.266666666666666,GN
2016-05-18,0.006261948529411736,0.4851102941176471,0.04463419117647053,0.02927555147058821,54.855822550831796,31.463320463320464,GN
2016-05-19,0.007287661141804752,0.47016574585635446,0.03904788213627989,0.03001381215469614,50.84375,29.613026819923373,GN
2016-05-20,0.005138745387453849,0.42854511970534215,0.04239226519337017,0.023229650092081028,44.06261510128913,25.81226053639847,GN
2016-05-21,0.004187499999999975,0.432246376811595,0.04750724637681162,0.016852355072463743,45.94192377495463,29.37121212121212,GN
2016-05-22,0.005473863636363607,0.45507246376811683,0.053065217391304376,0.013992753623188385,49.34,33.57954545454545,GN
2016-05-23,0.0064083643122676255,0.46479128856624363,0.04539201451905625,0.021665154264972748,56.51183970856102,36.54545454545455,GN
2016-05-24,0.0037842007434943994,0.38886861313868826,0.03215875912408756,0.016882504604051544,34.239089184060724,20.845559845559844,GN
2016-05-25,0.004464522058823505,0.5003676470588229,0.048652573529411755,0.01736874999999997,52.8595825426945,33.13026819923372,GN
2016-05-26,0.0054038888888888565,0.5794444444444441,0.05200552486187847,0.022102592592592563,80.47428571428571,54.67704280155642,GN
2016-05-27,0.004380621572212038,0.5195255474452544,0.05619343065693435,0.01843058608058603,82.57875457875458,55.09469696969697,GN
2016-05-28,0.005429710144927519,0.5509057971014493,0.05252536231884062,0.019457088846880875,82.7114337568058,57.361216730038024,GN
2016-05-29,0.003748369565217371,0.49057971014492774,0.043971014492753646,0.015074909090909062,57.55797101449275,39.50570342205323,GN
2016-05-30,0.005440983606557355,0.5030965391621125,0.05726642335766424,0.018432058287795965,65.22018348623853,37.63984674329502,GN
2016-05-31,0.006042622950819638,0.5701275045537341,0.05417850637522764,0.021748633879781393,70.63227016885554,44.17624521072797,GN
2016-06-01,0.00472739212007502,0.4426666666666685,0.04895036764705883,0.01378248587570619,51.025735294117645,27.455598455598455,GN
2016-06-02,0.0039055555555555384,0.36299810246679526,0.03868391866913123,0.01499778597785973,30.688766114180478,15.076628352490422,GN
2016-06-03,0.004546082089552215,0.4165441176470606,0.04477205882352938,0.019153492647058793,41.68876611418048,23.26254826254826,GN
2016-06-04,0.004356628787878765,0.3980072463768134,0.0332119565217391,0.017139522058823485,40.54528985507246,25.231060606060606,GN
2016-06-05,0.0025342803030302917,0.3092391304347827,0.04555253623188399,0.005817077798861455,23.907103825136613,13.551330798479087,GN
2016-06-06,0.002208256880733937,0.3508226691042068,0.03803473491773305,0.008776819923371613,27.047531992687386,17.749019607843138,GN
2016-06-07,0.0037425818882466026,0.384393063583817,0.029431599229287057,0.014586836935166948,38.39651837524178,24.755274261603375,GN
2016-06-08,0.006410291262135892,0.47252964426877475,0.027271844660194118,0.021405048543689298,61.08064516129032,40.48497854077253,GN
2016-06-09,0.004515976331360924,0.44989858012170425,0.03226232741617353,0.01892830578512392,63.91097308488613,43.135802469135804,GN
2016-06-10,0.0044052941176470385,0.41156862745098105,0.03594921874999996,0.018516188524590124,56.83299798792756,39.742063492063494,GN
2016-06-11,0.005660326086956498,0.36678966789668016,0.027029357798165104,0.014185795454545427,47.66061705989111,30.883268482490273,GN
2016-06-12,0.004663949275362294,0.3560606060606067,0.013874999999999957,0.01607038461538459,39.40036231884058,24.834615384615386,GN
2016-06-13,0.004448587570621446,0.3962192816635178,0.026702127659574446,0.015725296442687723,47.35969868173258,31.193675889328063,GN
2016-06-14,0.0057275247524752266,0.39940594059406126,0.03400595238095237,0.01676782077393073,46.83232323232323,30.08130081300813,GN
2016-06-15,0.0036217391304347608,0.35217391304347967,0.031163021868787263,0.012250592885375475,40.5553235908142,25.374517374517374,GN
2016-06-16,0.0031135902636916695,0.3791666666666679,0.04012058212058208,0.01242692307692305,32.98979591836735,17.428571428571427,GN
2016-06-17,0.003944999999999981,0.41407129455910047,0.051633644859813074,0.015487647058823493,35.708955223880594,21.41923076923077,GN
2016-06-18,0.004304166666666647,0.46648550724637755,0.04635934664246824,0.015138825757575738,45.301818181818184,30.303846153846155,GN
2016-06-19,0.0038264116575591756,0.43532608695652303,0.040648288973384045,0.010312878787878763,34.969202898550726,21.06949806949807,GN
2016-06-20,0.004729467680608334,0.48754789272030763,0.035392504930966455,0.017581474103585633,53.19318181818182,35.17829457364341,GN
2016-06-21,0.003863442940038661,0.4280943025540281,0.02805058365758752,0.018060940695296505,41.215415019762844,26.98780487804878,GN
2016-06-22,0.003992485549132927,0.39788053949903773,0.02257996146435449,0.01922442105263155,45.722986247544206,29.91497975708502,GN
2016-06-23,0.003968901303538155,0.37318435754190055,0.03329608938547485,0.013876608187134471,32.740518962075846,18.817073170731707,GN
2016-06-24,0.003406273062730614,0.4016605166051673,0.021576709796672776,0.01804884169884166,30.371647509578544,16.90874524714829,GN
2016-06-25,0.0035205454545454355,0.34347826086956584,0.04423550724637682,0.011134280303030266,30.631481481481483,15.053231939163497,GN
2016-06-26,0.0034239130434782408,0.37844202898550805,0.04841123188405795,0.010954990215264153,37.86594202898551,22.231939163498097,GN
2016-06-27,0.00362872727272725,0.469565217391305,0.03258287795992709,0.019228087649402373,59.083333333333336,40.03846153846154,GN
2016-06-28,0.0038243396226414865,0.4109433962264156,0.03036781609195396,0.017537759336099582,50.75660377358491,34.066390041493776,GN
2016-06-29,0.0037938104448742467,0.35976789168278606,0.030396518375241748,0.017982663847780096,38.588349514563106,25.635555555555555,GN
2016-06-30,0.004504933586337738,0.3614800759013288,0.02843702290076331,0.01612877551020406,33.87837837837838,21.049180327868854,GN
2016-07-01,0.003014634146341451,0.23498168498168506,0.020355212355212333,0.010350479846449103,21.219281663516067,10.357723577235772,GN
2016-07-02,0.003101704545454534,0.26642468239564354,0.021132673267326683,0.010467172675521785,20.016822429906544,8.06425702811245,GN
2016-07-03,0.0032998106060605926,0.32021857923497377,0.024859126984126942,0.012806818181818155,26.256363636363638,14.073359073359073,GN
2016-07-04,0.004158582089552213,0.3354014598540143,0.012274853801169546,0.018163339731285977,27.686626746506985,15.46215139442231,GN
2016-07-05,0.003706554307116081,0.25749063670411915,0.01158614232209735,0.011606358381502858,21.746534653465346,11.701244813278008,GN
2016-07-06,0.0032019455252918104,0.23132295719844362,0.011773359840954248,0.008806420233463012,19.94904458598726,9.194444444444445,GN
2016-07-07,0.005750297029702941,0.2897029702970287,0.019069306930693045,0.016224554455445503,32.54545454545455,18.841201716738198,GN
2016-07-08,0.0042045889101338125,0.2812260536398457,0.015130268199233687,0.01564780114722751,31.01359223300971,16.793248945147678,GN
2016-07-09,0.005160956175298781,0.2711729622266395,0.025808300395256892,0.014287154150197618,29.064315352697097,16.430962343096233,GN
2016-07-10,0.006823684210526285,0.39687500000000003,0.041384920634920615,0.01603194444444441,41.39148936170213,27.219409282700422,GN
2016-07-11,0.005882318271119804,0.3598377281947258,0.020019493177387878,0.017715399610136413,41.57231404958678,28.02991452991453,GN
2016-07-12,0.004382666666666642,0.2848076923076916,0.015089523809523765,0.015095411089866121,22.006147540983605,12.358407079646017,GN
2016-07-13,0.004766666666666644,0.39575289575289696,0.0327027027027027,0.016783976833976796,33.18613861386139,18.22077922077922,GN
2016-07-14,0.004060162601625991,0.41948310139165124,0.03219681908548705,0.015104008016032034,43.55416666666667,25.655172413793103,GN
2016-07-15,0.004824899598393545,0.32429718875502117,0.03374089068825908,0.013649799196787119,27.232604373757454,13.331932773109244,GN
2016-07-16,0.003365909090909076,0.31212121212121224,0.018511363636363604,0.014711026615969557,25.47148288973384,11.891666666666667,GN
2016-07-17,0.003847916666666649,0.4024621212121213,0.03582765151515153,0.01195496183206103,35.07007575757576,17.6218487394958,GN
2016-07-18,0.0049421568627450625,0.4260784313725498,0.033027504911591316,0.017628431372548978,43.99609375,26.214285714285715,GN
2016-07-19,0.006210179640718544,0.38962075848303473,0.036089820359281405,0.01830989898989897,50.512,29.66046511627907,GN
2016-07-20,0.00431333333333331,0.3081510934393647,0.03295219123505973,0.016398196392785534,34.10978043912176,18.861471861471863,GN
2016-07-21,0.0046806249999999765,0.2901209677419355,0.030746478873239412,0.015487246963562724,28.676171079429736,15.36936936936937,GN
2016-07-22,0.005122526315789451,0.2905930470347648,0.02710450819672126,0.01621475409836063,30.96516393442623,16.115384615384617,GN
2016-07-23,0.005753124999999983,0.2962890624999998,0.031380859375000014,0.015702343749999972,34.448140900195696,18.39189189189189,GN
2016-07-24,0.004818700787401549,0.2984848484848476,0.028255681818181784,0.011967045454545421,35.893738140417454,22.548117154811717,GN
2016-07-25,0.004173505976095598,0.3307392996108949,0.023283757338551817,0.015069649805447444,36.13178294573643,22.470588235294116,GN
2016-07-26,0.003546843177189395,0.29918699186991854,0.020383534136546137,0.011591767068273062,32.104,17.42543859649123,GN
2016-07-27,0.0035328031809144958,0.2710891089108908,0.021615841584158375,0.00942475247524749,26.471512770137526,13.124444444444444,GN
2016-07-28,0.0031859099804305113,0.26940726577437807,0.027111324376199585,0.008859847036328831,35.022944550669216,19.523012552301257,GN
2016-07-29,0.003622891566265038,0.2974806201550378,0.028294573643410852,0.010128875968992227,40.408477842003855,25.160337552742615,GN
2016-07-30,0.004722916666666642,0.34393939393939466,0.03214393939393937,0.011242234848484807,35.84387351778656,22.351464435146443,GN
2016-07-31,0.0030643968871595325,0.3363813229572,0.044540856031128416,0.009447665369649777,31.689300411522634,21.395454545454545,GN
2016-08-01,0.0034312373225152087,0.3807302231237331,0.03857809330628799,0.012895943204868117,39.28242677824268,28.23076923076923,GN
2016-08-02,0.0030798755186721948,0.36473029045643257,0.033327122153209085,0.013658713692946037,36.33052631578948,23.324742268041238,GN
2016-08-03,0.002958449304174944,0.3314115308151102,0.02910323886639673,0.012324850894632186,34.70445344129555,21.337899543378995,GN
2016-08-04,0.0038632183908045765,0.33313840155945507,0.026529069767441796,0.012204518664047115,38.26628352490422,23.45299145299145,GN
2016-08-05,0.004050950570342181,0.3335922330097099,0.027784615384615328,0.012890836653386431,35.09904761904762,19.801724137931036,GN
2016-08-06,0.004335465116279045,0.34166666666666745,0.030868217054263535,0.013310772357723549,37.76086956521739,21.467811158798284,GN
2016-08-07,0.00454781746031744,0.31329365079365146,0.02938095238095237,0.010583958333333303,37.50905432595574,23.51931330472103,GN
2016-08-08,0.0035206412825651164,0.3741482965931864,0.03495600000000001,0.015964999999999976,43.460743801652896,28.565217391304348,GN
2016-08-09,0.0034370656370656194,0.3511583011583021,0.03375387596899223,0.014096787148594338,42.210629921259844,23.656521739130437,GN
2016-08-10,0.00467528957528955,0.35772200772200824,0.04263953488372094,0.01648378378378377,41.95463510848126,22.662393162393162,GN
2016-08-11,0.005618007662835229,0.4357692307692306,0.053732313575525804,0.015351730769230739,52.814531548757174,34.92340425531915,GN
2016-08-12,0.005466349809885911,0.5053231939163486,0.06390613026819922,0.015165451055662152,62.07414448669201,40.43162393162393,GN
2016-08-13,0.0057155303030302805,0.4732954545454551,0.058886939571150085,0.015307386363636344,54.43726235741445,34.780590717299575,GN
2016-08-14,0.004330871212121192,0.3878787878787882,0.051335227272727234,0.012031249999999969,44.6875,29.363636363636363,GN
2016-08-15,0.003823863636363615,0.3670454545454548,0.03949621212121213,0.011582575757575727,43.083333333333336,28.574468085106382,GN
2016-08-16,0.004010271317829433,0.3736434108527141,0.03432558139534879,0.014059727626459106,42.01937984496124,25.45814977973568,GN
2016-08-17,0.004055212355212333,0.35328185328185474,0.03557142857142851,0.015144980694980664,35.64854368932039,20.810344827586206,GN
2016-08-18,0.004457743785850841,0.32543021032504976,0.03596711798839453,0.01351204588910132,33.788167938931295,18.794642857142858,GN
2016-08-19,0.004922562141491371,0.3131274131274149,0.035136452241715375,0.014593690248565933,32.77376425855513,15.769874476987448,GN
2016-08-20,0.003795454545454521,0.30213178294573767,0.03542424242424237,0.011046022727272706,29.398481973434535,13.776371308016877,GN
2016-08-21,0.0031901515151515005,0.2986742424242432,0.032914772727272744,0.007641666666666629,24.656546489563567,11.030434782608696,GN
2016-08-22,0.004151730769230749,0.3438461538461554,0.034173076923076896,0.011279230769230732,29.744230769230768,14.094420600858369,GN
2016-08-23,0.004422884615384593,0.29730769230769355,0.031676923076923075,0.012762499999999965,27.066666666666666,12.383333333333333,GN
2016-08-24,0.0038098455598455363,0.2876447876447886,0.038231660231660185,0.01327393822393819,24.794820717131476,10.423580786026202,GN
2016-08-25,0.004640116279069743,0.324031007751939,0.03573062015503874,0.016036240310077485,31.084942084942085,15.7875,GN
2016-08-26,0.003671128107074551,0.35525812619503017,0.022780114722753306,0.013691013384321177,31.240847784200387,16.847457627118644,GN
2016-08-27,0.003027083333333324,0.24526515151515216,0.03027083333333332,0.008097727272727244,23.131178707224336,7.729957805907173,GN
2016-08-28,0.002804356060606048,0.242992424242425,0.027331439393939384,0.006951136363636332,12.49119373776908,4.6,GN
2016-08-29,0.002849810606060594,0.24810606060606136,0.025114942528735605,0.01040321969696966,15.321153846153846,5.489082969432315,GN
2016-08-30,0.0032005802707930236,0.2900000000000008,0.030232741617356958,0.012551538461538428,28.404296875,10.403361344537815,GN
2016-08-31,0.0037815738963531513,0.34184261036468444,0.052955854126679545,0.00874548944337811,41.75442043222004,15.134782608695652,GN
2016-09-01,0.004466666666666641,0.4307550644567232,0.0769101338432123,0.011600936329587974,62.587242026266416,32.11284046692607,GN
2016-09-02,0.0024287545787545777,0.3554945054945069,0.04124908424908424,0.015263553113553081,23.89097744360902,14.305555555555555,GN
2016-09-03,0.002987681159420279,0.3880434782608706,0.025050724637681113,0.015552355072463742,21.849442379182157,11.5703125,GN
2016-09-04,0.0028599637681159334,0.38695652173913164,0.02004528985507242,0.010613224637681117,35.64638783269962,20.90494296577947,GN
2016-09-05,0.0032638733705772647,0.40223463687150973,0.01703512014787428,0.0158705772811918,33.94307400379507,19.421455938697317,GN
2016-09-06,0.0034348747591522004,0.43403441682600424,0.02316697588126158,0.02057988505747125,51.849162011173185,33.33461538461538,GN
2016-09-07,0.0037865698729582275,0.5203266787658803,0.02519237749546277,0.024127472527472507,69.99092558983666,41.73764258555133,GN
2016-09-08,0.0036154411764705682,0.40919117647058983,0.04723161764705882,0.01634738805970148,45.318098720292504,27.977099236641223,GN
2016-09-09,0.00416350364963501,0.46678832116788266,0.03958029197080289,0.01913583180987201,57.48757170172084,37.45075757575758,GN
2016-09-10,0.003308695652173892,0.420652173913044,0.03005072463768111,0.0164978260869565,53.15904572564612,35.252873563218394,GN
2016-09-11,0.002966123188405778,0.32355072463768314,0.028123188405797063,0.010580978260869534,35.713717693836976,21.78787878787879,GN
2016-09-12,0.002454460966542735,0.32100371747212053,0.02706890130353814,0.014253457943925187,28.29559748427673,17.182926829268293,GN
2016-09-13,0.003010326086956507,0.31467391304347997,0.033445652173913015,0.013243297101449236,28.186507936507937,14.83203125,GN
2016-09-14,0.0034068840579709906,0.3045289855072476,0.03023369565217386,0.0110101449275362,27.292246520874752,15.083969465648854,GN
2016-09-15,0.003755797101449245,0.29257246376811746,0.0310923913043478,0.009697463768115915,32.25049701789264,18.984790874524716,GN
2016-09-16,0.003149999999999978,0.3211956521739146,0.02376992753623185,0.010196557971014462,38.25396825396825,24.61596958174905,GN
2016-09-17,0.0024269927536231767,0.2880733944954142,0.029103260869565183,0.009420471014492714,17.875776397515526,10.092,GN
2016-09-18,0.0025123636363636216,0.27680608365019044,0.030123636363636335,0.007313454545454518,15.039583333333333,7.677551020408163,GN
2016-09-19,0.002537667304015283,0.2619047619047625,0.030351778656126458,0.00806386233269596,21.568181818181817,9.2834008097166,GN
2016-09-20,0.002388059701492526,0.23507462686567251,0.03463846153846153,0.008942350746268615,25.291836734693877,10.444,GN
2016-09-21,0.002485424354243533,0.31014760147601567,0.03005166051660512,0.013080811808118044,37.068825910931174,21.914728682170544,GN
2016-09-22,0.0027194085027726286,0.36451016635859634,0.02785767097966727,0.014417560073937113,43.125,27.53231939163498,GN
2016-09-23,0.00316471663619742,0.3661818181818197,0.0263672727272727,0.01558363636363633,38.73461538461538,24.76153846153846,GN
2016-09-24,0.0038969202898550396,0.3387681159420299,0.027184782608695637,0.01594999999999997,34.80072463768116,21.362595419847327,GN
2016-09-25,0.0038757246376811276,0.3550724637681167,0.02507246376811591,0.016632897196261674,32.28804347826087,19.733590733590734,GN
2016-09-26,0.004278442028985471,0.4106884057971028,0.017548913043478213,0.02166486988847582,45.981884057971016,29.631178707224336,GN
2016-09-27,0.0044883636363636,0.4018115942028998,0.015673913043478212,0.019317636363636335,47.30783242258652,31.572519083969464,GN
2016-09-28,0.0031893186003683093,0.35801104972375897,0.012419889502762392,0.016530386740331457,31.904315196998123,20.138339920948617,GN
2016-09-29,0.0025451851851851846,0.3354898336414067,0.022693160813308657,0.011731053604436197,22.0278293135436,10.747081712062256,GN
2016-09-30,0.00260872727272727,0.32400000000000073,0.015041894353369714,0.014740545454545426,21.474545454545453,10.813229571984436,GN
2016-10-01,0.0028704710144927485,0.3721014492753637,0.01526992753623184,0.015882608695652133,30.13611615245009,18.057251908396946,GN
2016-10-02,0.0033717391304347653,0.3826086956521753,0.019884057971014456,0.01258224637681156,33.19927536231884,20.04669260700389,GN
2016-10-03,0.0034128623188405625,0.32572463768116033,0.01600543478260866,0.011094384057970969,31.310909090909092,16.841698841698843,GN
2016-10-04,0.0031361216730037902,0.3349146110056938,0.028738140417457293,0.01094378585086038,33.946666666666665,16.626506024096386,GN
2016-10-05,0.0027575581395348787,0.31744186046511685,0.028424951267056537,0.00927189922480616,22.11899791231733,9.66183574879227,GN
2016-10-06,0.003402020202020193,0.35277777777777863,0.026756435643564325,0.015330495049504908,37.912524850894634,19.932692307692307,GN
2016-10-07,0.0033103792415169492,0.32808764940239266,0.02691245136186767,0.01378832684824899,34.083333333333336,16.679324894514767,GN
2016-10-08,0.0030498188405796997,0.37934782608695716,0.016543478260869528,0.015232608695652149,24.01633393829401,14.76639344262295,GN
2016-10-09,0.002852717391304337,0.3416666666666683,0.03197826086956518,0.009834420289855036,24.522686025408348,11.97338403041825,GN
2016-10-10,0.0030936920222634414,0.3450834879406321,0.022569573283858984,0.014883302411873795,27.186219739292365,12.82730923694779,GN
2016-10-11,0.0030905123339658317,0.3500948766603431,0.015492395437262331,0.017261859582542675,30.746666666666666,15.680497925311203,GN
2016-10-12,0.00388409961685822,0.45153256704980915,0.031482692307692295,0.020883141762452075,54.98054474708171,31.017094017094017,GN
2016-10-13,0.0034445506692160387,0.4323754789272035,0.02031992337164748,0.022204597701149395,53.42063492063492,30.217021276595744,GN
2016-10-14,0.0038318867924528074,0.4350943396226419,0.026726415094339626,0.024715660377358437,55.4572564612326,34.365145228215766,GN
2016-10-15,0.004401630434782575,0.49130434782608695,0.031298913043478246,0.023429710144927503,68.74810606060606,43.84942084942085,GN
2016-10-16,0.0028259057971014396,0.3914855072463778,0.022605072463768066,0.01583949275362316,40.065384615384616,25.49411764705882,GN
2016-10-17,0.0028272727272727178,0.3983050847457639,0.020043396226415044,0.01630998116760827,23.30255402750491,12.65677966101695,GN
2016-10-18,0.003265810276679832,0.4193050193050201,0.02620077972709549,0.018119305019304994,51.656976744186046,31.50632911392405,GN
2016-10-19,0.002951816443594633,0.43957934990439784,0.02315976331360945,0.019470745697896707,51.66795366795367,30.46058091286307,GN
2016-10-20,0.0033313840155945263,0.47017543859649147,0.030469785575048737,0.020105458089668588,61.63582677165354,34.57872340425532,GN
2016-10-21,0.0031343511450381556,0.32800000000000185,0.03416571428571431,0.013167428571428524,48.78095238095238,23.46718146718147,GN
2016-10-22,0.0028105461393596837,0.32554347826087116,0.027951086956521685,0.013166485507246344,33.96350364963504,15.772727272727273,GN
2016-10-23,0.002463825757575747,0.31630434782608835,0.03370833333333335,0.007826449275362293,27.20856610800745,11.791666666666666,GN
2016-10-24,0.003297876447876432,0.2911153119092631,0.030081285444234402,0.013497920604914889,25.7431906614786,10.648854961832061,GN
2016-10-25,0.003703250478011449,0.41743295019157123,0.01743594646271507,0.020685086042064992,29.026209677419356,13.16988416988417,GN
2016-10-26,0.0026667304015296203,0.4247148288973392,0.01883650190114065,0.018281749049429617,33.60271317829457,17.900763358778626,GN
2016-10-27,0.0035548571428571226,0.3872380952380967,0.02196952380952378,0.017325714285714257,43.39312977099237,21.46969696969697,GN
2016-10-28,0.0027320754716981055,0.32283018867924657,0.023713207547169792,0.014201886792452802,21.54459203036053,10.413127413127413,GN
2016-10-29,0.0025293478260869488,0.3804347826086966,0.0248260869565217,0.014613043478260836,40.61721611721612,21.58712121212121,GN
2016-10-30,0.002564492753623182,0.35778985507246486,0.02201449275362317,0.014660144927536199,36.411764705882355,20.304182509505704,GN
2016-10-31,0.003263516068052912,0.40338345864661695,0.009613207547169765,0.0233268796992481,37.83366336633664,18.50763358778626,GN
2016-11-01,0.002444230769230766,0.3167307692307694,0.026682692307692265,0.01375980769230767,30.892644135188867,15.374501992031872,GN
2016-11-02,0.002534435797665366,0.346407766990292,0.02443689320388348,0.018202912621359185,31.326,15.627802690582959,GN
2016-11-03,0.00432011494252871,0.5693486590038306,0.019042065009560197,0.027426628352490396,59.75822050290135,32.0,GN
2016-11-04,0.004892571428571401,0.635999999999999,0.020234615384615372,0.030942285714285696,67.21915285451198,40.0763358778626,GN
2016-11-05,0.003963768115941998,0.5963768115942025,0.022846296296296285,0.027051630434782592,56.927536231884055,34.19391634980989,GN
2016-11-06,0.002477717391304343,0.4461682242990675,0.02478442028985508,0.014603079710144908,44.039855072463766,26.867424242424242,GN
2016-11-07,0.002835381750465536,0.43702290076336003,0.022843575418994413,0.020896089385474836,45.86802973977695,27.066929133858267,GN
2016-11-08,0.002854379562043779,0.4600364963503658,0.025144160583941557,0.019582299270072948,43.58165137614679,28.27027027027027,GN
2016-11-09,0.0026359633027522845,0.39926605504587376,0.026673394495412867,0.018789174311926584,47.43518518518518,30.238493723849373,GN
2016-11-10,0.0030688311688311536,0.3814814814814836,0.017270370370370325,0.023376296296296246,38.23428571428571,21.032921810699587,GN
2016-11-11,0.00324442413162704,0.4714808043875704,0.018857404021937803,0.023006581352833625,51.330798479087456,23.76356589147287,GN
2016-11-12,0.003777173913043458,0.5545289855072447,0.019302536231884042,0.02810942028985504,70.59375,33.55681818181818,GN
2016-11-13,0.004399275362318815,0.6786231884057964,0.011967391304347784,0.03039057971014496,70.99242424242425,38.640151515151516,GN
2016-11-14,0.003471794871794848,0.5657509157509155,0.0106734317343173,0.025586446886446852,50.94197292069632,30.862595419847327,GN
2016-11-15,0.0030652573529411542,0.4415441176470603,0.021272222222222224,0.020658823529411726,42.71266540642722,21.56923076923077,GN
2016-11-16,0.003684703632887166,0.4736137667304026,0.013664107485604567,0.02989923371647505,49.25621414913958,24.057692307692307,GN
2016-11-17,0.0051569316081330595,0.6194085027726438,0.02113284132841326,0.03258059149722733,85.37362637362638,45.19847328244275,GN
2016-11-18,0.004149818840579684,0.6201086956521737,0.015175724637681102,0.033947826086956526,82.0018115942029,50.60836501901141,GN
2016-11-19,0.004213768115942004,0.6681159420289852,0.013124999999999961,0.026539311594202884,49.544464609800364,35.275862068965516,GN
2016-11-20,0.003432789855072443,0.6208333333333332,0.017746376811594168,0.019078623188405728,38.544464609800364,25.176923076923078,GN
2016-11-21,0.0032534798534798346,0.5353479853479852,0.014269230769230727,0.024262454212454165,49.22040072859745,28.232824427480917,GN
2016-11-22,0.003092349726775939,0.5052823315118407,0.01663934426229504,0.018933333333333285,45.73260073260073,27.310606060606062,GN
2016-11-23,0.002771272727272713,0.3343636363636387,0.02177818181818179,0.01544799999999996,27.685454545454544,13.803846153846154,GN
2016-11-24,0.002698529411764693,0.29889705882353135,0.028402573529411702,0.011551762523191065,23.56801470588235,11.16078431372549,GN
2016-11-25,0.0032236190476190307,0.3872380952380971,0.023691428571428523,0.0190605714285714,32.76,19.642023346303503,GN
2016-11-26,0.003339811320754697,0.5379245283018862,0.009407547169811268,0.030304716981132053,55.16129032258065,36.02734375,GN
2016-11-27,0.002963883847549892,0.4784420289855075,0.01950362318840576,0.021036050724637635,47.59165154264973,32.2007722007722,GN
2016-11-28,0.003254446460980019,0.5905797101449284,0.019023550724637652,0.02382651515151509,73.64673913043478,39.96590909090909,GN
2016-11-29,0.00297417582417581,0.4255898366606189,0.019647272727272697,0.022321150278293105,35.66424682395644,19.9921875,GN
2016-11-30,0.0033045289855072194,0.518478260869565,0.008467272727272683,0.030517210144927524,41.07259528130672,24.595419847328245,GN
2016-12-01,0.0032642725598526533,0.4817679558011052,0.024544061302681983,0.018193922651933668,48.73431734317343,28.118110236220474,GN
2016-12-02,0.0036108655616942697,0.45966850828729455,0.020152091254752844,0.0225381215469613,31.52670349907919,15.51937984496124,GN
2016-12-03,0.004561231884057961,0.6144927536231886,0.010199275362318804,0.03366684782608693,46.73018867924528,25.44106463878327,GN
2016-12-04,0.00556358695652171,0.7945652173913043,0.007985507246376755,0.03378677536231878,51.48197343453511,29.87121212121212,GN
2016-12-05,0.0056190388170055125,0.8859519408502768,0.018134935304990708,0.03408576709796668,91.14393939393939,55.238461538461536,GN
2016-12-06,0.0031206959706959574,0.396697247706424,0.02751009174311927,0.017134065934065898,40.30642201834863,20.44921875,GN
2016-12-07,0.004661070110701091,0.6230627306273069,0.008622920517560027,0.03414280442804429,50.119485294117645,26.60536398467433,GN
2016-12-08,0.005738775510204054,0.7632653061224487,0.011309833024118723,0.03550185528756957,76.12569316081331,43.52509652509652,GN
2016-12-09,0.00471816513761466,0.6280733944954127,0.024099082568807335,0.02485951035781541,61.88503649635037,36.11538461538461,GN
2016-12-10,0.002953079710144911,0.3992753623188426,0.0228351449275362,0.017532007575757545,27.852994555353902,16.290697674418606,GN
2016-12-11,0.003042391304347811,0.44619565217391477,0.017344202898550685,0.02238806818181816,30.605072463768117,17.18217054263566,GN
2016-12-12,0.004951371115173656,0.6386446886446877,0.006773308957952424,0.0364377570093458,55.64835164835165,30.054901960784314,GN
2016-12-13,0.004527898550724622,0.6161231884057962,0.008666666666666618,0.033107789855072435,57.23411978221416,31.719367588932805,GN
2016-12-14,0.003407183364839299,0.5345935727788274,0.01723960396039601,0.02254933837429111,54.70075757575758,35.52123552123552,GN
2016-12-15,0.002561580882352938,0.3737430167597781,0.025947467166979328,0.01332633517495395,39.472693032015066,22.435146443514643,GN
2016-12-16,0.002701268115942021,0.3271375464684031,0.025735507246376747,0.013613586956521697,24.694756554307116,11.241803278688524,GN
2016-12-17,0.003511413043478245,0.5202898550724653,0.01680253623188403,0.024454528985507196,40.56805807622504,21.163424124513618,GN
2016-12-18,0.0037411231884057717,0.6545289855072465,0.011512681159420224,0.027713586956521725,49.63405797101449,28.836575875486382,GN
2016-12-19,0.004126168224299035,0.7773831775700931,0.005091588785046668,0.032869906542056036,57.93135435992579,39.788,GN
2016-12-20,0.003271561338289944,0.5923791821561337,0.010013157894736786,0.026974163568773246,53.785185185185185,35.23412698412698,GN
2016-12-21,0.003567153284671507,0.6102189781021892,0.007989051094890454,0.02560273722627736,50.96863468634686,32.24901185770751,GN
2016-12-22,0.002815934065934045,0.43096539162113023,0.02633151183970856,0.011012932604735862,16.950757575757574,8.899598393574298,GN
2016-12-23,0.002172212065813524,0.3409420289855091,0.03125362318840575,0.008170220588235275,23.474169741697416,13.31764705882353,GN
2016-12-24,0.0027378623188405674,0.44981884057971117,0.020444234404536864,0.014696557971014462,41.83876811594203,26.73846153846154,GN
2016-12-25,0.0028773550724637527,0.570652173913043,0.013155303030302979,0.02118749999999997,51.45652173913044,31.582329317269075,GN
2016-12-26,0.003209306569343042,0.5799999999999992,0.009543761638733652,0.024453999999999962,38.81204379562044,22.595744680851062,GN
2016-12-27,0.002779014598540131,0.3638838475499107,0.027609800362976392,0.011187658802177824,26.388278388278387,14.681102362204724,GN
2016-12-28,0.0033962825278810193,0.406921675774136,0.016978142076502705,0.02028412408759118,31.32783882783883,15.63921568627451,GN
2016-12-29,0.0036086956521738933,0.41793478260869726,0.02075362318840574,0.018214492753623145,34.14519056261343,17.708333333333332,GN
2016-12-30,0.003486948529411743,0.39562043795620566,0.018593065693430635,0.019585766423357624,27.860294117647058,12.639846743295019,GN
2016-12-31,0.00354130434782606,0.5215579710144927,0.016670289855072427,0.021807246376811536,39.41132075471698,22.293893129770993,GN
2017-01-01,0.002647826086956523,0.6130434782608696,0.009130434782608698,0.0266304347826087,46.40909090909091,28.90909090909091,GN
2016-01-01,0.004054347826086959,0.8247826086956529,0.019113043478260823,0.01905086956521739,55.85526315789474,48.78861788617886,GW
2016-01-02,0.004746249999999994,0.7512499999999995,0.02516666666666662,0.017353749999999998,49.25560538116592,41.429577464788736,GW
2016-01-03,0.006368333333333325,1.0562500000000006,0.023987499999999964,0.019637499999999995,67.02127659574468,55.87323943661972,GW
2016-01-04,0.0053658333333333275,0.8210084033613443,0.031154166666666663,0.018188333333333317,76.15,60.416666666666664,GW
2016-01-05,0.0036885964912280753,0.5276315789473686,0.02385964912280696,0.01485877192982455,26.819383259911895,17.4,GW
2016-01-06,0.004604035874439469,0.6381165919282512,0.0199417040358744,0.017605092592592592,44.411764705882355,30.235294117647058,GW
2016-01-07,0.004373529411764709,0.6567226890756298,0.01969747899159661,0.01868240740740741,47.67916666666667,34.70629370629371,GW
2016-01-08,0.004312500000000001,0.5862500000000004,0.020641666666666638,0.01663893805309734,36.79497907949791,23.604166666666668,GW
2016-01-09,0.004154583333333335,0.5783333333333339,0.02327916666666662,0.015300833333333328,36.760504201680675,25.21527777777778,GW
2016-01-10,0.005341249999999996,0.6400000000000005,0.027133333333333308,0.01496583333333332,33.82083333333333,24.195652173913043,GW
2016-01-11,0.004561016949152537,0.6363247863247872,0.024334745762711846,0.016230508474576258,33.2125,23.194244604316548,GW
2016-01-12,0.004022566371681418,0.6237068965517248,0.018982300884955706,0.019728318584070786,38.170833333333334,26.57857142857143,GW
2016-01-13,0.003645116279069767,0.5136363636363643,0.022810185185185166,0.017282325581395332,37.45851528384279,25.366906474820144,GW
2016-01-14,0.004100881057268723,0.484976525821597,0.027308370044052864,0.01460704845814978,33.84513274336283,23.08888888888889,GW
2016-01-15,0.004595416666666668,0.6295833333333335,0.01896249999999999,0.02339416666666668,45.983122362869196,38.13286713286713,GW
2016-01-16,0.005575833333333323,0.7720833333333331,0.019904166666666608,0.022012083333333328,57.020833333333336,48.72027972027972,GW
2016-01-17,0.005719999999999991,0.9133333333333333,0.017420833333333288,0.02283416666666665,66.73333333333333,58.60839160839161,GW
2016-01-18,0.0037000000000000023,0.6331932773109249,0.024308333333333307,0.015163749999999991,54.824786324786324,39.0863309352518,GW
2016-01-19,0.003057456140350876,0.3552631578947369,0.030302631578947338,0.007962719298245607,31.41628959276018,14.462686567164178,GW
2016-01-20,0.003605217391304348,0.5439130434782611,0.021173913043478237,0.015171739130434781,38.86026200873363,27.251851851851853,GW
2016-01-21,0.004565531914893616,0.7314893617021274,0.015225531914893588,0.023079574468085104,49.714285714285715,37.80714285714286,GW
2016-01-22,0.0041114406779661035,0.7436440677966097,0.018440677966101673,0.02229364406779662,48.483333333333334,37.81294964028777,GW
2016-01-23,0.0035079166666666674,0.4700000000000003,0.029524999999999947,0.01052499999999999,33.90717299578059,20.81021897810219,GW
2016-01-24,0.004328333333333335,0.5187499999999994,0.029362499999999982,0.008355833333333328,36.83613445378151,25.0625,GW
2016-01-25,0.004271428571428576,0.6703389830508469,0.019894495412844018,0.01832815126050418,44.705882352941174,29.435714285714287,GW
2016-01-26,0.005086249999999993,0.7879166666666659,0.020425925925925896,0.022266249999999987,56.71129707112971,37.770833333333336,GW
2016-01-27,0.007548695652173906,1.026521739130434,0.024385321100917415,0.02349173913043477,70.94782608695652,55.736111111111114,GW
2016-01-28,0.00698898305084745,1.020338983050849,0.018745762711864376,0.025537288135593222,65.77118644067797,50.375,GW
2016-01-29,0.006135864978902949,0.907594936708861,0.024037974683544284,0.019488607594936702,40.2625,34.93283582089552,GW
2016-01-30,0.004901249999999997,0.7966666666666674,0.02130416666666663,0.018047499999999984,25.0125,24.589285714285715,GW
2016-01-31,0.00412041666666667,0.7391666666666674,0.022741666666666636,0.017764583333333323,47.80416666666667,35.702127659574465,GW
2016-02-01,0.004290833333333336,0.7067226890756302,0.02238333333333332,0.019434166666666655,44.1625,28.690140845070424,GW
2016-02-02,0.004625108225108224,0.7303030303030307,0.020411255411255377,0.02232467532467532,45.814655172413794,29.2,GW
2016-02-03,0.005244396551724133,0.7956896551724142,0.019827586206896515,0.025368534482758612,53.72727272727273,36.97857142857143,GW
2016-02-04,0.005432882882882875,0.7310810810810805,0.02702702702702697,0.020711261261261247,59.5921052631579,44.46715328467153,GW
2016-02-05,0.00445927601809955,0.5230769230769231,0.027923076923076887,0.016771040723981893,46.7875,28.40277777777778,GW
2016-02-06,0.004794036697247707,0.5949541284403668,0.02956422018348624,0.01452064220183485,44.5875,31.674074074074074,GW
2016-02-07,0.004215740740740741,0.6060185185185188,0.02443055555555554,0.017658796296296294,45.54621848739496,34.921875,GW
2016-02-08,0.004743518518518524,0.5883177570093463,0.031018518518518497,0.014811574074074067,51.42857142857143,39.97826086956522,GW
2016-02-09,0.004468518518518519,0.4486111111111104,0.036703703703703704,0.009054166666666665,50.295833333333334,35.0,GW
2016-02-10,0.00391064814814815,0.5458333333333333,0.025555555555555557,0.013692129629629613,35.166666666666664,23.81118881118881,GW
2016-02-11,0.00562429906542056,0.809345794392524,0.018485981308411194,0.023159813084112146,43.76293103448276,30.2734375,GW
2016-02-12,0.004176303317535546,0.9031818181818178,0.015431279620853035,0.02463818181818181,40.89316239316239,34.34959349593496,GW
2016-02-13,0.004073611111111113,1.074583333333334,0.013935185185185137,0.019378333333333338,28.889830508474578,31.554621848739497,GW
2016-02-14,0.0022689814814814847,0.5316666666666667,0.028370370370370348,0.008872499999999998,19.783898305084747,17.473214285714285,GW
2016-02-15,0.002700438596491229,0.41722689075630265,0.03338157894736839,0.007996249999999991,29.825,15.746376811594203,GW
2016-02-16,0.0036663829787234054,0.4897872340425534,0.030242553191489344,0.011923829787234039,31.241525423728813,21.607142857142858,GW
2016-02-17,0.0042747787610619495,0.5389380530973452,0.026969026548672566,0.014315044247787612,37.16379310344828,18.861313868613138,GW
2016-02-18,0.004991845493562235,0.591845493562233,0.03273819742489268,0.017098283261802568,51.53781512605042,32.32167832167832,GW
2016-02-19,0.005076890756302517,0.6756302521008405,0.031130252100840302,0.017648319327731088,72.36134453781513,43.36363636363637,GW
2016-02-20,0.0042283333333333365,0.6004166666666675,0.02707083333333328,0.014424999999999992,57.82845188284519,30.9375,GW
2016-02-21,0.003756666666666667,0.4316666666666667,0.03484999999999998,0.010340416666666654,31.970833333333335,16.18881118881119,GW
2016-02-22,0.003946250000000002,0.48907563025210116,0.027387499999999964,0.016609583333333323,41.5,22.020833333333332,GW
2016-02-23,0.0037080508474576293,0.4970338983050847,0.029491525423728775,0.016758050847457615,64.73305084745763,35.36805555555556,GW
2016-02-24,0.0031733905579399138,0.4738197424892709,0.028026785714285685,0.013173819742489259,28.219827586206897,20.08130081300813,GW
2016-02-25,0.0040828326180257545,0.5261802575107306,0.030746411483253588,0.014886695278969951,44.167381974248926,30.103703703703705,GW
2016-02-26,0.004727155172413798,0.50316742081448,0.03361538461538459,0.016076724137931032,50.59307359307359,34.76470588235294,GW
2016-02-27,0.003963333333333332,0.5258333333333337,0.032231481481481486,0.017949583333333335,59.51882845188285,45.638297872340424,GW
2016-02-28,0.0038583333333333373,0.645,0.02465277777777776,0.020622916666666657,57.44583333333333,51.083333333333336,GW
2016-02-29,0.0039475000000000005,0.4445378151260516,0.034458333333333334,0.012474166666666666,53.829166666666666,36.4,GW
2016-03-01,0.003461250000000003,0.45000000000000046,0.03157870370370369,0.013925416666666655,45.21338912133891,32.205673758865245,GW
2016-03-02,0.004506410256410258,0.5350427350427355,0.03439726027397255,0.018389316239316226,58.35042735042735,42.06293706293706,GW
2016-03-03,0.00438884120171674,0.5630901287553655,0.03454935622317596,0.02099184549356222,59.2532751091703,41.7887323943662,GW
2016-03-04,0.003955000000000003,0.6433333333333339,0.027316666666666645,0.019077083333333304,65.84583333333333,48.75694444444444,GW
2016-03-05,0.0027295833333333343,0.5850000000000004,0.024789915966386536,0.016932499999999993,39.275,36.848,GW
2016-03-06,0.0027075000000000024,0.5375000000000004,0.029562499999999995,0.014057083333333328,45.2375,22.229007633587788,GW
2016-03-07,0.0035745833333333354,0.5457983193277312,0.021416666666666622,0.018482499999999992,73.9625,27.444444444444443,GW
2016-03-08,0.004165044247787613,0.5688888888888892,0.025897777777777742,0.01894933333333331,72.06666666666666,28.416058394160583,GW
2016-03-09,0.0028217391304347847,0.3613043478260869,0.02940434782608694,0.0128486956521739,39.75,18.454545454545453,GW
2016-03-10,0.0030962184873949586,0.3726890756302516,0.03130672268907561,0.010972268907563013,39.76470588235294,17.674074074074074,GW
2016-03-11,0.003573109243697481,0.40376569037656934,0.033916317991631764,0.012040585774058575,37.575,20.377622377622377,GW
2016-03-12,0.004138333333333337,0.48791666666666694,0.031849999999999976,0.01717708333333331,60.87083333333333,32.680851063829785,GW
2016-03-13,0.004659999999999997,0.6479166666666667,0.03399583333333332,0.01906916666666667,85.51666666666667,65.22695035460993,GW
2016-03-14,0.003126470588235295,0.5919491525423729,0.03257983193277308,0.015852521008403345,64.54583333333333,51.479166666666664,GW
2016-03-15,0.0037124463519313334,0.5905579399141635,0.029244635193133025,0.01966008583690985,59.08403361344538,41.7972027972028,GW
2016-03-16,0.005829074889867842,0.6066079295154188,0.038405286343612316,0.024404405286343592,78.92274678111588,46.34027777777778,GW
2016-03-17,0.00454008438818566,0.5565400843881857,0.03524050632911388,0.023791139240506305,63.075630252100844,43.13986013986014,GW
2016-03-18,0.004169583333333336,0.5758333333333336,0.027937499999999973,0.02349083333333333,54.05042016806723,36.03472222222222,GW
2016-03-19,0.003367500000000002,0.5824267782426784,0.034816666666666655,0.01583916666666666,69.51666666666667,44.21527777777778,GW
2016-03-20,0.0027075000000000024,0.5166666666666667,0.02945833333333332,0.015003749999999986,61.69583333333333,38.923611111111114,GW
2016-03-21,0.002991249999999999,0.5126050420168075,0.03198333333333331,0.016480416666666647,51.49583333333333,31.412587412587413,GW
2016-03-22,0.003925327510917033,0.5475982532751098,0.04688209606986899,0.017370305676855893,71.7872340425532,47.184397163120565,GW
2016-03-23,0.0032571428571428565,0.40606060606060623,0.039870129870129875,0.014475109170305665,46.030434782608694,35.785714285714285,GW
2016-03-24,0.0023530172413793104,0.33189655172413773,0.033374999999999974,0.011386206896551709,27.88888888888889,18.992537313432837,GW
2016-03-25,0.0027025316455696214,0.3957805907172991,0.02865400843881854,0.016217299578059056,35.30672268907563,24.04861111111111,GW
2016-03-26,0.002933333333333335,0.46041666666666675,0.03405416666666665,0.017764999999999986,60.12236286919831,44.15384615384615,GW
2016-03-27,0.003954166666666668,0.5012500000000009,0.04284583333333329,0.016447916666666652,69.74583333333334,48.99305555555556,GW
2016-03-28,0.004749152542372882,0.5517094017094022,0.048720338983050865,0.020212711864406752,72.66101694915254,49.9375,GW
2016-03-29,0.0050525000000000014,0.542083333333334,0.05629166666666661,0.019184166666666655,92.0,55.895833333333336,GW
2016-03-30,0.004074166666666669,0.48333333333333345,0.04904583333333328,0.01725541666666665,85.02083333333333,50.263888888888886,GW
2016-03-31,0.003968333333333335,0.44916666666666644,0.03795833333333331,0.019400416666666653,52.8,23.51388888888889,GW
2016-04-01,0.003748260869565221,0.5008695652173915,0.03983913043478259,0.01873173913043477,61.48695652173913,35.48951048951049,GW
2016-04-02,0.004350833333333337,0.5229166666666669,0.04722083333333331,0.018858749999999983,72.70588235294117,49.9375,GW
2016-04-03,0.0028304166666666677,0.4650000000000004,0.04314166666666665,0.012753749999999987,55.125,41.223021582733814,GW
2016-04-04,0.002333620689655174,0.384347826086957,0.02956465517241374,0.01324913793103447,27.34051724137931,17.7593984962406,GW
2016-04-05,0.0035090476190476217,0.4366666666666672,0.03964285714285713,0.015979999999999994,46.0045871559633,24.387096774193548,GW
2016-04-06,0.004568181818181821,0.5151515151515155,0.04967676767676763,0.018468686868686857,74.0,48.55084745762712,GW
2016-04-07,0.002145812807881774,0.36847290640394037,0.04625123152709358,0.012690640394088657,35.29064039408867,27.305882352941175,GW
2016-04-08,0.0030309523809523837,0.37666666666666626,0.04617142857142853,0.012978095238095224,72.70952380952382,34.07826086956522,GW
2016-04-09,0.0031741666666666693,0.5283333333333334,0.05505000000000001,0.014269166666666657,108.825,63.479166666666664,GW
2016-04-10,0.0027620833333333343,0.4399999999999996,0.05035416666666667,0.00982833333333333,102.025,57.236111111111114,GW
2016-04-11,0.0018758333333333342,0.2718487394957976,0.042616666666666636,0.011159166666666647,34.520833333333336,19.46527777777778,GW
2016-04-12,0.002488333333333335,0.3525,0.03506249999999998,0.01660624999999998,46.0125,25.783216783216783,GW
2016-04-13,0.002595833333333333,0.4504166666666668,0.029158333333333307,0.020732499999999994,45.983333333333334,30.51094890510949,GW
2016-04-14,0.0027349557522123916,0.41460176991150444,0.0356725663716814,0.015887168141592908,58.01310043668122,34.861111111111114,GW
2016-04-15,0.0025641666666666673,0.3724999999999998,0.04048333333333332,0.01617291666666665,44.5625,26.90972222222222,GW
2016-04-16,0.0028783333333333313,0.38125,0.04298749999999998,0.016928749999999982,45.645833333333336,28.880281690140844,GW
2016-04-17,0.0021062500000000022,0.2958333333333329,0.0495583333333333,0.0073854166666666565,31.40084388185654,16.16393442622951,GW
2016-04-18,0.002706926406926408,0.32096069868995597,0.048346320346320346,0.009912987012986998,73.08658008658008,23.083333333333332,GW
2016-04-19,0.0021689814814814822,0.3189814814814809,0.04410185185185181,0.011161111111111099,36.379629629629626,24.224806201550386,GW
2016-04-20,0.0024984771573604066,0.37157360406091344,0.03554822335025379,0.016188324873096422,43.10204081632653,26.25925925925926,GW
2016-04-21,0.0021403940886699528,0.39753694581280774,0.03668965517241379,0.01320886699507387,25.950738916256157,19.762886597938145,GW
2016-04-22,0.002915111111111115,0.5044444444444448,0.05325333333333331,0.012521333333333327,65.79555555555555,45.118110236220474,GW
2016-04-23,0.00238375,0.4133333333333332,0.04269999999999999,0.01317583333333332,173.3,52.145833333333336,GW
2016-04-24,0.002339583333333333,0.33666666666666595,0.03993333333333333,0.010970000000000004,85.47083333333333,24.34722222222222,GW
2016-04-25,0.002954583333333336,0.39201680672268896,0.04292083333333329,0.016597916666666657,65.67083333333333,27.333333333333332,GW
2016-04-26,0.0025920833333333347,0.39666666666666756,0.04766249999999999,0.012649999999999982,71.8625,32.22222222222222,GW
2016-04-27,0.0019893805309734534,0.29734513274336183,0.047358407079645996,0.007643555555555542,44.28695652173913,19.985915492957748,GW
2016-04-28,0.0016974789915966393,0.29831932773109177,0.041588235294117634,0.0086424369747899,39.55416666666667,18.145833333333332,GW
2016-04-29,0.0022133047210300444,0.3639484978540769,0.04590987124463517,0.012940772532188836,43.45106382978724,22.34722222222222,GW
2016-04-30,0.0034841666666666654,0.4945833333333339,0.06599166666666667,0.01366749999999999,81.30092592592592,42.92307692307692,GW
2016-05-01,0.002317500000000002,0.4395833333333336,0.06602916666666662,0.011208749999999998,58.25570776255708,33.895833333333336,GW
2016-05-02,0.001689333333333335,0.37488789237668096,0.04037333333333331,0.014381333333333317,38.42666666666667,23.914893617021278,GW
2016-05-03,0.001565094339622643,0.3103773584905657,0.03734433962264149,0.009155188679245268,23.4375,14.1875,GW
2016-05-04,0.0015459459459459472,0.2572072072072076,0.04876018099547513,0.006269683257918548,48.15525114155251,11.907142857142857,GW
2016-05-05,0.0016858333333333343,0.3099999999999998,0.04322083333333333,0.011714583333333315,40.104166666666664,15.566433566433567,GW
2016-05-06,0.0015541666666666683,0.40083333333333354,0.03879166666666666,0.012972916666666647,44.74583333333333,25.232394366197184,GW
2016-05-07,0.001451250000000001,0.345833333333333,0.04183333333333331,0.009509166666666657,162.8375,43.56944444444444,GW
2016-05-08,0.0015512500000000001,0.3566666666666663,0.039854166666666635,0.011002499999999978,63.24166666666667,25.868055555555557,GW
2016-05-09,0.001952631578947369,0.3888888888888886,0.04068421052631578,0.01506411483253588,64.15789473684211,32.12781954887218,GW
2016-05-10,0.0013457286432160822,0.31407035175879366,0.04401005025125623,0.00830552763819095,26.844221105527637,20.16822429906542,GW
2016-05-11,0.0013872037914691954,0.29241706161137415,0.04463507109004737,0.008261611374407571,26.696682464454977,14.8,GW
2016-05-12,0.0018918367346938787,0.3505102040816321,0.0488112244897959,0.012408673469387751,46.2962962962963,26.26851851851852,GW
2016-05-13,0.001396601941747574,0.3422330097087379,0.05000970873786403,0.009203883495145622,29.90686274509804,17.160714285714285,GW
2016-05-14,0.001465416666666668,0.29583333333333317,0.03482916666666664,0.011949999999999992,24.620833333333334,13.316901408450704,GW
2016-05-15,0.001669166666666668,0.3212499999999994,0.03537499999999998,0.009684999999999987,28.179166666666667,16.474452554744527,GW
2016-05-16,0.001763865546218488,0.3097457627118645,0.045777310924369756,0.008269747899159654,34.35042735042735,19.093023255813954,GW
2016-05-17,0.003335242290748898,0.38539823008849555,0.052555066079295144,0.01392775330396475,47.18222222222222,27.118518518518517,GW
2016-05-18,0.0026223175965665265,0.3991416309012884,0.05304291845493564,0.01522875536480686,44.96120689655172,29.639705882352942,GW
2016-05-19,0.0024427966101694936,0.33177966101694917,0.04949999999999996,0.014955932203389815,36.61440677966102,22.26388888888889,GW
2016-05-20,0.0018837500000000013,0.34375000000000006,0.044441666666666664,0.014858333333333308,36.76987447698745,22.753521126760564,GW
2016-05-21,0.002200000000000001,0.3716666666666664,0.04705416666666664,0.014874999999999979,37.7125,25.622377622377623,GW
2016-05-22,0.002102916666666668,0.3820833333333328,0.04832083333333332,0.01329125,44.62761506276151,32.6231884057971,GW
2016-05-23,0.0022058333333333366,0.41974789915966354,0.046775,0.014439166666666654,48.72083333333333,33.90277777777778,GW
2016-05-24,0.001872649572649574,0.4162393162393159,0.04978205128205127,0.01214700854700853,39.2375,32.260504201680675,GW
2016-05-25,0.002049568965517243,0.47758620689655257,0.05748275862068963,0.011549568965517239,62.83898305084746,45.121428571428574,GW
2016-05-26,0.002217167381974249,0.5738197424892698,0.057347639484978535,0.014037339055793978,93.6695278969957,71.45833333333333,GW
2016-05-27,0.0019932773109243708,0.4794117647058822,0.05043277310924366,0.012719327731092415,66.82773109243698,47.292857142857144,GW
2016-05-28,0.002172083333333334,0.4358333333333334,0.05727083333333333,0.015204583333333322,56.825,40.40972222222222,GW
2016-05-29,0.0024829166666666684,0.4341666666666668,0.058541666666666624,0.014119166666666653,58.90416666666667,40.263888888888886,GW
2016-05-30,0.0022982905982906004,0.4482758620689661,0.05771367521367518,0.01363589743589742,61.072649572649574,40.54347826086956,GW
2016-05-31,0.0027301310043668136,0.4803493449781664,0.06500873362445414,0.01262620087336244,69.34497816593887,47.39393939393939,GW
2016-06-01,0.0017902542372881364,0.3250000000000002,0.04463135593220336,0.010255084745762701,39.294871794871796,22.979166666666668,GW
2016-06-02,0.0020177215189873436,0.30126582278481,0.03972573839662445,0.013607594936708847,25.31779661016949,13.078014184397164,GW
2016-06-03,0.00260913043478261,0.3574561403508771,0.05687391304347827,0.015953043478260855,43.93913043478261,24.875,GW
2016-06-04,0.002256410256410258,0.36837606837606807,0.05162820512820511,0.01623589743589741,42.10344827586207,28.622222222222224,GW
2016-06-05,0.0018500000000000018,0.3258333333333334,0.04941666666666669,0.009469999999999982,37.99166666666667,25.854166666666668,GW
2016-06-06,0.001753333333333335,0.30042016806722693,0.04238749999999998,0.009206249999999994,30.633333333333333,19.097902097902097,GW
2016-06-07,0.0016413793103448278,0.3133333333333335,0.03845258620689653,0.00994655172413792,33.72384937238494,22.363636363636363,GW
2016-06-08,0.0018103286384976542,0.36069868995633203,0.040220657276995295,0.011128638497652566,44.8771186440678,34.36496350364963,GW
2016-06-09,0.0015512931034482773,0.348275862068966,0.038120689655172395,0.011047413793103443,39.33050847457627,27.916083916083917,GW
2016-06-10,0.001857500000000001,0.3629166666666673,0.045720833333333356,0.012784166666666657,42.35,29.11111111111111,GW
2016-06-11,0.002134166666666667,0.406666666666667,0.045191666666666616,0.01368791666666665,53.15,40.75352112676056,GW
2016-06-12,0.001567916666666667,0.3145833333333333,0.02936666666666665,0.009597916666666645,33.64016736401673,26.297101449275363,GW
2016-06-13,0.001528991596638656,0.29533898305084744,0.03623109243697476,0.007516386554621847,27.560669456066947,19.827067669172934,GW
2016-06-14,0.002276068376068376,0.3371794871794872,0.03626068376068377,0.010557264957264941,35.22649572649573,27.175182481751825,GW
2016-06-15,0.0019417777777777788,0.39022222222222214,0.02759999999999997,0.01170177777777777,39.89333333333333,30.06153846153846,GW
2016-06-16,0.002022457627118645,0.3754237288135597,0.043381355932203366,0.009663983050847452,32.575630252100844,22.13986013986014,GW
2016-06-17,0.002497478991596641,0.4294117647058829,0.06508403361344534,0.009932773109243688,47.869198312236286,32.098591549295776,GW
2016-06-18,0.002513025210084033,0.43891213389121414,0.06551464435146444,0.010707531380753131,58.029411764705884,39.99300699300699,GW
2016-06-19,0.002030833333333336,0.3887500000000007,0.05279583333333331,0.009148535564853542,48.30416666666667,36.58156028368794,GW
2016-06-20,0.0022750000000000023,0.3701680672268919,0.04552083333333334,0.010220416666666657,43.21666666666667,31.506944444444443,GW
2016-06-21,0.0022385593220339006,0.35805084745762783,0.04398728813559318,0.011544491525423719,43.371308016877634,30.636363636363637,GW
2016-06-22,0.001914893617021278,0.3753191489361707,0.03239574468085107,0.011452765957446803,36.54468085106383,27.927007299270073,GW
2016-06-23,0.0019901709401709423,0.34017094017094035,0.03459401709401709,0.008498717948717937,30.93212669683258,20.228571428571428,GW
2016-06-24,0.0018385281385281402,0.3238095238095231,0.037709956709956687,0.009369696969696955,30.42924528301887,22.94160583941606,GW
2016-06-25,0.0019429166666666685,0.2808333333333332,0.040658333333333324,0.009282916666666653,29.23148148148148,17.848920863309353,GW
2016-06-26,0.0021166666666666686,0.30749999999999933,0.040833333333333326,0.008617916666666663,33.75925925925926,21.366197183098592,GW
2016-06-27,0.002288284518828454,0.30378151260504116,0.038395833333333296,0.011817916666666655,35.61574074074074,21.416666666666668,GW
2016-06-28,0.0020746666666666687,0.33199999999999963,0.0402222222222222,0.009888181818181813,37.891891891891895,25.525925925925925,GW
2016-06-29,0.002030769230769232,0.3205128205128198,0.04157692307692306,0.009150236966824637,29.795744680851065,21.198529411764707,GW
2016-06-30,0.001923275862068967,0.37241379310344813,0.03895258620689654,0.011165865384615368,31.637931034482758,20.12142857142857,GW
2016-07-01,0.0016216666666666693,0.3191666666666665,0.029279166666666617,0.011200925925925911,28.08823529411765,17.9765625,GW
2016-07-02,0.001682916666666668,0.2766666666666663,0.04037083333333333,0.008028703703703685,18.374468085106383,11.695652173913043,GW
2016-07-03,0.001867500000000001,0.28958333333333247,0.031741666666666654,0.008748611111111098,29.171548117154813,19.94927536231884,GW
2016-07-04,0.0015506382978723412,0.30042918454935547,0.0304042553191489,0.01056880733944952,21.425531914893618,15.289256198347108,GW
2016-07-05,0.0015220833333333338,0.2629166666666669,0.027291666666666638,0.007847083333333315,12.378151260504202,6.872549019607843,GW
2016-07-06,0.0016075000000000024,0.23250000000000048,0.030524999999999983,0.007344999999999986,16.06276150627615,10.056,GW
2016-07-07,0.0018915611814346008,0.2873417721518987,0.027514767932489432,0.008880168776371293,28.303797468354432,19.814285714285713,GW
2016-07-08,0.0017808333333333344,0.3358333333333331,0.031045833333333307,0.010039583333333317,34.86666666666667,22.46808510638298,GW
2016-07-09,0.002031645569620255,0.31054852320675114,0.033004219409282644,0.009785654008438808,32.08474576271186,20.916666666666668,GW
2016-07-10,0.002076666666666668,0.2879166666666668,0.03919166666666664,0.008073749999999985,37.55,24.5625,GW
2016-07-11,0.0018495833333333348,0.3025210084033613,0.03939166666666668,0.008878749999999989,38.125,26.957142857142856,GW
2016-07-12,0.001574122807017545,0.30087719298245635,0.032206140350877176,0.00866754385964911,33.2695652173913,25.96923076923077,GW
2016-07-13,0.001744104803493452,0.3545851528384285,0.02703930131004365,0.009820087336244532,33.55021834061135,23.46564885496183,GW
2016-07-14,0.001619915254237291,0.34237288135593225,0.027902542372881322,0.00879025423728812,23.63135593220339,14.82442748091603,GW
2016-07-15,0.001486403508771931,0.32324561403508745,0.02496929824561401,0.007661261261261251,21.374468085106383,11.6,GW
2016-07-16,0.001467083333333336,0.29958333333333226,0.02185833333333331,0.0069137499999999885,14.436974789915967,10.457142857142857,GW
2016-07-17,0.0014579166666666694,0.31124999999999997,0.02086666666666664,0.006765416666666657,13.548117154811715,9.718181818181819,GW
2016-07-18,0.0015413502109704663,0.31404255319148905,0.02221097046413499,0.0072405063291139165,19.1125,12.604477611940299,GW
2016-07-19,0.001591627906976746,0.37302325581395407,0.02463255813953485,0.00875534883720929,26.165137614678898,16.65277777777778,GW
2016-07-20,0.0014112612612612635,0.3472972972972975,0.02787387387387385,0.008572935779816503,23.47345132743363,14.904411764705882,GW
2016-07-21,0.0015382222222222238,0.35777777777777814,0.022297777777777746,0.009801333333333329,22.964912280701753,13.441176470588236,GW
2016-07-22,0.0015526548672566386,0.33982300884955724,0.026008849557522088,0.009336283185840703,23.51769911504425,13.816176470588236,GW
2016-07-23,0.0015920833333333349,0.35833333333333334,0.02482499999999998,0.009687499999999984,28.170833333333334,16.633802816901408,GW
2016-07-24,0.0015525000000000024,0.33333333333333287,0.022470833333333315,0.008379999999999986,29.841666666666665,18.529850746268657,GW
2016-07-25,0.0015130630630630652,0.34479638009049773,0.023108108108108077,0.008840990990990982,33.0337552742616,21.834645669291337,GW
2016-07-26,0.0015530172413793116,0.3116379310344824,0.024818965517241345,0.00907112068965516,35.61038961038961,22.310077519379846,GW
2016-07-27,0.0015828326180257525,0.29527896995708036,0.01932618025751069,0.010237768240343333,31.38362068965517,17.955223880597014,GW
2016-07-28,0.0017270042194092836,0.3983122362869199,0.043210970464135,0.009983544303797451,42.610169491525426,27.88111888111888,GW
2016-07-29,0.0017591666666666682,0.5129166666666667,0.032299999999999975,0.012199999999999989,47.8375,36.97857142857143,GW
2016-07-30,0.001770416666666668,0.4354166666666674,0.03243333333333331,0.009652083333333322,41.65690376569037,27.52517985611511,GW
2016-07-31,0.0016766949152542375,0.3911016949152549,0.033038135593220316,0.007061016949152531,39.8125,29.912408759124087,GW
2016-08-01,0.0015974683544303803,0.3612765957446808,0.026291139240506287,0.00879620253164556,33.351694915254235,22.884057971014492,GW
2016-08-02,0.001367965367965369,0.3385281385281386,0.02246320346320343,0.008557575757575746,31.604255319148937,21.138461538461538,GW
2016-08-03,0.001421367521367523,0.3239316239316237,0.02248290598290595,0.007335897435897426,26.91561181434599,16.139705882352942,GW
2016-08-04,0.0014576923076923091,0.37350427350427445,0.023457264957264926,0.007698717948717942,26.840336134453782,17.866666666666667,GW
2016-08-05,0.0017079166666666686,0.3812500000000007,0.026983333333333318,0.008110833333333324,27.204166666666666,16.841726618705035,GW
2016-08-06,0.001887083333333335,0.3902953586497898,0.03092083333333329,0.008357083333333322,29.208333333333332,18.818181818181817,GW
2016-08-07,0.0017612500000000015,0.43416666666666776,0.04050416666666665,0.008404166666666655,37.6125,27.471014492753625,GW
2016-08-08,0.00168534482758621,0.3891304347826092,0.032931034482758616,0.00679482758620689,34.91379310344828,24.96212121212121,GW
2016-08-09,0.0013866666666666682,0.3379166666666666,0.033958333333333306,0.005928749999999992,22.933333333333334,13.5625,GW
2016-08-10,0.0017583333333333344,0.4460526315789484,0.03484649122807017,0.010049561403508768,39.21491228070175,26.12878787878788,GW
2016-08-11,0.0016221739130434802,0.38565217391304374,0.036652173913043457,0.009573913043478247,40.1,28.05925925925926,GW
2016-08-12,0.0016504166666666685,0.3506276150627619,0.034199999999999973,0.00964541666666665,34.26637554585153,22.09090909090909,GW
2016-08-13,0.001765833333333335,0.3475,0.036533333333333286,0.009588333333333325,38.330357142857146,26.389705882352942,GW
2016-08-14,0.0016529166666666697,0.3412499999999999,0.030070833333333283,0.0074354166666666536,33.270833333333336,24.274193548387096,GW
2016-08-15,0.0015120833333333355,0.33949579831932813,0.028129166666666636,0.005697489539748955,30.479166666666668,20.4,GW
2016-08-16,0.0015945833333333346,0.36958333333333343,0.03498333333333332,0.007352083333333327,31.375,22.404411764705884,GW
2016-08-17,0.0013799145299145316,0.3376068376068373,0.029879828326180222,0.007089316239316236,25.40343347639485,15.825757575757576,GW
2016-08-18,0.001585775862068967,0.38232758620689683,0.030198275862068944,0.00876238938053097,30.119148936170212,19.070422535211268,GW
2016-08-19,0.0015950000000000011,0.40083333333333326,0.028987499999999986,0.008725833333333323,31.720833333333335,19.521428571428572,GW
2016-08-20,0.0015245833333333348,0.34875000000000017,0.029108333333333312,0.006977499999999993,23.754166666666666,14.318181818181818,GW
2016-08-21,0.0014633333333333347,0.3104166666666667,0.027512499999999974,0.005654166666666663,18.067510548523206,10.692913385826772,GW
2016-08-22,0.0014883333333333354,0.31050420168067216,0.0289458333333333,0.00643083333333333,19.2875,12.923728813559322,GW
2016-08-23,0.0014912500000000006,0.26999999999999974,0.028262499999999982,0.006453749999999997,17.3625,10.347107438016529,GW
2016-08-24,0.0016076923076923093,0.3098290598290595,0.028072649572649534,0.008881623931623926,20.256410256410255,11.589147286821705,GW
2016-08-25,0.0018891402714932152,0.3692307692307694,0.03812217194570135,0.00963891402714931,27.68141592920354,15.345588235294118,GW
2016-08-26,0.0015483333333333354,0.27666666666666545,0.0326833333333333,0.005584166666666666,17.914163090128756,6.647540983606557,GW
2016-08-27,0.0016329166666666694,0.25208333333333277,0.02616666666666665,0.005687500000000001,17.979166666666668,6.072463768115942,GW
2016-08-28,0.0016357142857142885,0.2621848739495792,0.02602100840336131,0.00423655462184874,13.51931330472103,5.557377049180328,GW
2016-08-29,0.001615811965811969,0.27198275862068894,0.022491452991452946,0.005583261802575112,15.72340425531915,6.892561983471074,GW
2016-08-30,0.0019204166666666688,0.3099999999999996,0.021695833333333293,0.008736666666666655,21.647058823529413,11.291970802919709,GW
2016-08-31,0.0019243478260869583,0.2695652173913036,0.027778260869565197,0.005613478260869569,14.146666666666667,7.4766355140186915,GW
2016-09-01,0.0024465437788018457,0.48110599078340976,0.053820276497695864,0.012187557603686621,55.714285714285715,31.8125,GW
2016-09-02,0.0018972093023255831,0.49860465116279085,0.03553023255813951,0.011840465116279055,43.199052132701425,31.021897810218977,GW
2016-09-03,0.0018087962962962973,0.39768518518518553,0.03621759259259256,0.007467129629629617,21.189814814814813,12.90625,GW
2016-09-04,0.0018254629629629645,0.4027777777777779,0.02548611111111108,0.005307870370370372,20.546296296296298,11.114503816793894,GW
2016-09-05,0.0017726851851851868,0.37850467289719597,0.027546296296296267,0.006657870370370368,22.35185185185185,11.903225806451612,GW
2016-09-06,0.002104950495049507,0.5113861386138608,0.029658415841584154,0.012602475247524737,43.89108910891089,27.293233082706767,GW
2016-09-07,0.002225728155339807,0.48980582524271876,0.036567961165048526,0.011045145631067949,56.83495145631068,43.49264705882353,GW
2016-09-08,0.002140740740740744,0.4018518518518521,0.03532407407407404,0.009950925925925913,39.44444444444444,28.746478873239436,GW
2016-09-09,0.001967592592592595,0.3490740740740737,0.0327824074074074,0.009794444444444437,31.449074074074073,21.0,GW
2016-09-10,0.0017824074074074098,0.34259259259259217,0.02989814814814812,0.009389814814814813,31.22222222222222,20.66187050359712,GW
2016-09-11,0.0018490740740740765,0.31759259259259215,0.02681018518518516,0.008340277777777771,26.11574074074074,15.333333333333334,GW
2016-09-12,0.001681308411214955,0.2830188679245279,0.023869158878504656,0.008253271028037377,21.602803738317757,11.822222222222223,GW
2016-09-13,0.001672115384615386,0.27163461538461514,0.02384615384615383,0.008066826923076914,17.590243902439024,8.317829457364342,GW
2016-09-14,0.0017773148148148169,0.28981481481481464,0.024902777777777767,0.008214814814814807,22.89252336448598,12.036764705882353,GW
2016-09-15,0.001832407407407409,0.3634259259259262,0.02978240740740737,0.008083796296296285,34.041666666666664,22.92248062015504,GW
2016-09-16,0.0019064814814814832,0.36435185185185215,0.02999537037037035,0.010156944444444429,34.63425925925926,24.161016949152543,GW
2016-09-17,0.0018231481481481501,0.3249999999999997,0.030884259259259247,0.00827962962962962,27.48611111111111,18.25,GW
2016-09-18,0.001807407407407409,0.2523148148148146,0.033060185185185165,0.004956018518518522,23.590697674418603,13.26086956521739,GW
2016-09-19,0.0017444976076555047,0.21352657004830936,0.0259710144927536,0.005749760765550237,19.514150943396228,9.837037037037037,GW
2016-09-20,0.0017820754716981145,0.2490566037735847,0.026820754716981112,0.007304716981132065,24.367924528301888,14.5,GW
2016-09-21,0.0017280952380952395,0.3157142857142851,0.027314285714285687,0.009130952380952378,37.217592592592595,25.192857142857143,GW
2016-09-22,0.0016144859813084131,0.3789719626168224,0.02836448598130838,0.009938785046728963,43.742990654205606,31.728571428571428,GW
2016-09-23,0.0018125000000000016,0.4138888888888892,0.026222222222222195,0.012531481481481465,41.101851851851855,29.1056338028169,GW
2016-09-24,0.0018152777777777798,0.4194444444444451,0.031541666666666635,0.012341666666666647,38.5787037037037,25.609929078014183,GW
2016-09-25,0.0019046296296296313,0.45925925925925987,0.03234259259259258,0.012837499999999981,40.013953488372096,28.064285714285713,GW
2016-09-26,0.0019188679245283036,0.5004761904761906,0.02116431924882627,0.015731603773584894,42.70283018867924,29.845070422535212,GW
2016-09-27,0.0017592233009708766,0.5135922330097095,0.015101941747572773,0.01408058252427183,37.51219512195122,28.753846153846155,GW
2016-09-28,0.0018601941747572839,0.39854368932038814,0.024213592233009673,0.008988349514563095,27.135922330097088,16.704545454545453,GW
2016-09-29,0.0020046296296296322,0.29722222222222155,0.02382407407407404,0.008347685185185173,17.99537037037037,6.880597014925373,GW
2016-09-30,0.002147222222222225,0.37638888888888905,0.016574074074074043,0.012231481481481473,26.421296296296298,13.44927536231884,GW
2016-10-01,0.002123148148148149,0.4287037037037041,0.017240740740740706,0.01266018518518517,32.754629629629626,20.514084507042252,GW
2016-10-02,0.002194444444444446,0.408796296296297,0.01916666666666664,0.011712037037037028,28.911214953271028,18.27338129496403,GW
2016-10-03,0.0021125000000000024,0.3383177570093458,0.03006018518518516,0.009721759259259244,19.66046511627907,12.819672131147541,GW
2016-10-04,0.002114485981308414,0.3523364485981314,0.025163551401869138,0.010317289719626168,27.88785046728972,15.404255319148936,GW
2016-10-05,0.002114814814814817,0.3773148148148156,0.02189814814814813,0.010836279069767425,21.325581395348838,11.916666666666666,GW
2016-10-06,0.002271497584541065,0.43671497584541036,0.022666666666666634,0.01169516908212559,37.009661835748794,22.680851063829788,GW
2016-10-07,0.002095370370370373,0.39861111111111114,0.020777777777777742,0.012462499999999994,27.626168224299064,15.145985401459853,GW
2016-10-08,0.002204629629629632,0.36342592592592554,0.03253240740740737,0.009884722222222217,20.652582159624412,12.582608695652175,GW
2016-10-09,0.0023032407407407415,0.33657407407407375,0.0282083333333333,0.006826388888888885,23.12037037037037,12.967479674796747,GW
2016-10-10,0.002296279069767443,0.3422535211267608,0.02132558139534881,0.010730697674418593,24.22429906542056,14.053435114503817,GW
2016-10-11,0.0027753623188405785,0.42270531400966177,0.023801932367149743,0.015738164251207713,36.58454106280193,20.584615384615386,GW
2016-10-12,0.0024745192307692324,0.45769230769230695,0.02542307692307689,0.01416442307692306,47.1256038647343,31.147058823529413,GW
2016-10-13,0.002432710280373833,0.4219626168224294,0.022705607476635498,0.015027570093457938,37.906976744186046,23.98611111111111,GW
2016-10-14,0.003087962962962963,0.5694444444444441,0.03078240740740739,0.018902314814814813,64.18604651162791,42.69718309859155,GW
2016-10-15,0.0028939814814814818,0.6504629629629625,0.03223611111111108,0.018108333333333313,69.19444444444444,53.03472222222222,GW
2016-10-16,0.0024888888888888907,0.5824074074074073,0.01995370370370368,0.017520833333333322,48.181395348837206,35.255319148936174,GW
2016-10-17,0.0023138888888888914,0.49672897196261623,0.0256296296296296,0.014856481481481472,39.31018518518518,28.217054263565892,GW
2016-10-18,0.002220657276995307,0.46478873239436574,0.023070422535211212,0.014029577464788725,45.375586854460096,30.02158273381295,GW
2016-10-19,0.0023772093023255833,0.48651162790697605,0.0257395348837209,0.014969302325581385,40.93023255813954,27.77304964539007,GW
2016-10-20,0.0024387850467289737,0.528504672897195,0.032761682242990614,0.013941588785046727,50.06542056074766,35.57553956834533,GW
2016-10-21,0.0022203703703703725,0.48333333333333334,0.025444444444444422,0.013403240740740731,27.27777777777778,16.174825174825173,GW
2016-10-22,0.002404166666666668,0.4606481481481478,0.02377314814814814,0.012540277777777765,28.935185185185187,18.369565217391305,GW
2016-10-23,0.002189351851851854,0.3953703703703705,0.029356481481481424,0.007607870370370362,18.401869158878505,12.02608695652174,GW
2016-10-24,0.0023402777777777797,0.45607476635514005,0.019657407407407373,0.011986111111111093,21.39814814814815,11.242424242424242,GW
2016-10-25,0.0023373205741626813,0.5177033492822971,0.017564593301435373,0.015318181818181807,17.78743961352657,11.871559633027523,GW
2016-10-26,0.0024674641148325384,0.513875598086124,0.016086124401913843,0.013876555023923428,28.435406698564595,17.65625,GW
2016-10-27,0.002417289719626169,0.48691588785046663,0.01899065420560744,0.013752336448598123,35.92788461538461,19.965034965034967,GW
2016-10-28,0.002735046728971965,0.5084112149532708,0.01807943925233641,0.015728504672897176,34.03738317757009,19.368794326241133,GW
2016-10-29,0.0028120370370370387,0.4606481481481481,0.023185185185185152,0.012721296296296281,34.93055555555556,22.271428571428572,GW
2016-10-30,0.0027480769230769243,0.46923076923076923,0.02024038461538458,0.013549519230769226,33.720588235294116,22.55944055944056,GW
2016-10-31,0.0034291666666666698,0.5439252336448597,0.01768055555555553,0.018685648148148142,36.639810426540286,25.246376811594203,GW
2016-11-01,0.0027048309178743955,0.44879227053140097,0.024082125603864704,0.013312565445026165,26.151219512195123,16.383458646616543,GW
2016-11-02,0.0030485714285714313,0.5266666666666664,0.021961722488038255,0.017609473684210522,33.476851851851855,22.919117647058822,GW
2016-11-03,0.0033423809523809547,0.5966666666666665,0.022134715025906686,0.019437185929648226,45.370370370370374,35.778625954198475,GW
2016-11-04,0.003545581395348839,0.683720930232558,0.02859595959595955,0.021118139534883718,62.46296296296296,42.520833333333336,GW
2016-11-05,0.0034106481481481483,0.6662037037037031,0.04271759259259257,0.01843349514563106,66.76388888888889,46.75524475524475,GW
2016-11-06,0.0016972222222222234,0.4949074074074079,0.027698564593301413,0.00988720379146919,28.590697674418603,24.27480916030534,GW
2016-11-07,0.0021655502392344513,0.5528846153846159,0.02143540669856456,0.015440669856459328,34.66826923076923,23.975806451612904,GW
2016-11-08,0.0020341346153846165,0.5216346153846145,0.027489898989898977,0.011699038461538448,42.0,35.40157480314961,GW
2016-11-09,0.0026578703703703725,0.4685185185185181,0.02065740740740738,0.014585185185185177,45.083333333333336,33.68840579710145,GW
2016-11-10,0.0031629629629629664,0.5708333333333329,0.014893518518518467,0.01983333333333331,41.38317757009346,31.42222222222222,GW
2016-11-11,0.003056132075471699,0.5919811320754718,0.019995260663507097,0.018644339622641497,44.64563106796116,27.734848484848484,GW
2016-11-12,0.0038736111111111146,0.6495370370370367,0.022837962962962907,0.019544444444444434,64.93953488372092,32.17482517482517,GW
2016-11-13,0.0037592592592592625,0.762037037037036,0.022337962962962917,0.0198787037037037,67.07407407407408,39.28671328671329,GW
2016-11-14,0.0030112676056338055,0.7156398104265408,0.01451643192488257,0.019781690140845066,45.30046948356807,31.401408450704224,GW
2016-11-15,0.0029173708920187803,0.4943661971830985,0.02346478873239433,0.015058685446009383,54.76525821596244,26.53846153846154,GW
2016-11-16,0.0033731132075471744,0.5962264150943395,0.016919811320754676,0.020551886792452827,51.62735849056604,28.5,GW
2016-11-17,0.003960287081339714,0.7349282296650723,0.02056937799043058,0.019028708133971284,65.22115384615384,42.56390977443609,GW
2016-11-18,0.005106190476190478,0.9780952380952388,0.018499999999999937,0.02695142857142857,80.99521531100478,55.528985507246375,GW
2016-11-19,0.003585648148148149,0.7791666666666667,0.022365740740740686,0.01974768518518517,52.10648148148148,40.92253521126761,GW
2016-11-20,0.0030143518518518523,0.7032407407407412,0.027944444444444414,0.013878703703703687,41.43518518518518,29.33093525179856,GW
2016-11-21,0.0038089622641509445,0.8547619047619056,0.016367924528301825,0.020920754716981117,57.00471698113208,35.236111111111114,GW
2016-11-22,0.0031071770334928266,0.62775119617225,0.021387559808612407,0.014814354066985634,38.72596153846154,25.946969696969695,GW
2016-11-23,0.003133333333333335,0.4409523809523812,0.020299999999999988,0.013491904761904762,34.45933014354067,19.96124031007752,GW
2016-11-24,0.0032075117370892058,0.41126760563380244,0.022474178403755835,0.013037558685445996,31.68867924528302,17.45774647887324,GW
2016-11-25,0.0039679611650485485,0.5518867924528299,0.01971226415094337,0.017937735849056592,41.06132075471698,25.54609929078014,GW
2016-11-26,0.004072222222222226,0.7050925925925929,0.015217592592592555,0.02054629629629627,48.8287037037037,36.95652173913044,GW
2016-11-27,0.004297685185185188,0.7666666666666669,0.018685185185185162,0.017493518518518505,55.300925925925924,44.099236641221374,GW
2016-11-28,0.003697685185185189,0.7280373831775709,0.019921296296296274,0.017657870370370365,86.74619289340102,53.223021582733814,GW
2016-11-29,0.004142592592592598,0.6791666666666663,0.017287037037037007,0.01863888888888888,49.736111111111114,33.7972027972028,GW
2016-11-30,0.004210747663551402,0.7411214953271025,0.012434579439252295,0.020778504672897196,41.0607476635514,28.381294964028775,GW
2016-12-01,0.0036643776824034353,0.5240343347639483,0.029158798283261785,0.011464806866952768,55.36480686695279,30.90909090909091,GW
2016-12-02,0.0038320346320346336,0.6051948051948044,0.02096536796536794,0.015341991341991332,34.58874458874459,19.435714285714287,GW
2016-12-03,0.0046587499999999945,0.7945833333333339,0.016174999999999974,0.020390416666666644,48.619909502262445,29.104895104895103,GW
2016-12-04,0.004943333333333337,0.9179166666666664,0.016445833333333302,0.021868749999999992,53.204166666666666,38.829787234042556,GW
2016-12-05,0.004968220338983052,0.8889361702127656,0.024725738396624425,0.019426582278480993,84.46808510638297,63.11188811188811,GW
2016-12-06,0.0034304166666666676,0.5416666666666664,0.023466666666666646,0.013257916666666654,34.4875,21.3006993006993,GW
2016-12-07,0.003926068376068377,0.680769230769231,0.015072649572649546,0.020878632478632482,46.766666666666666,32.436619718309856,GW
2016-12-08,0.004078969957081546,0.6952789699570813,0.014613733905579348,0.022349356223175947,59.54468085106383,43.13475177304964,GW
2016-12-09,0.0037375000000000012,0.601339285714286,0.019575892857142802,0.01836576576576576,45.901785714285715,35.51111111111111,GW
2016-12-10,0.0033170833333333364,0.50375,0.02003333333333331,0.014042083333333313,36.270833333333336,27.82962962962963,GW
2016-12-11,0.003329166666666669,0.5295833333333336,0.018891666666666636,0.014575416666666664,33.77916666666667,26.30597014925373,GW
2016-12-12,0.005274166666666657,0.7890756302521005,0.011583333333333301,0.023882916666666646,47.09166666666667,33.514084507042256,GW
2016-12-13,0.005103004291845494,0.805579399141631,0.017223175965665197,0.02000085836909869,47.88841201716738,35.88235294117647,GW
2016-12-14,0.003305333333333332,0.6279999999999996,0.01654222222222216,0.018468,38.07111111111111,36.79661016949152,GW
2016-12-15,0.0028745833333333336,0.4716666666666666,0.01962499999999996,0.016695416666666654,38.395833333333336,26.970149253731343,GW
2016-12-16,0.0032890756302521008,0.5100840336134453,0.01990295358649786,0.01579621848739495,39.09012875536481,23.97872340425532,GW
2016-12-17,0.005567117117117115,0.7183333333333334,0.020029166666666636,0.01988166666666667,53.2375,37.60839160839161,GW
2016-12-18,0.005078750000000002,0.8650000000000007,0.018020833333333285,0.01854708333333332,54.34309623430963,45.7421875,GW
2016-12-19,0.004634632034632039,0.7707423580786029,0.014376623376623338,0.019143290043290035,42.37391304347826,32.785714285714285,GW
2016-12-20,0.004370258620689658,0.7612068965517244,0.013267241379310296,0.017074999999999993,43.52360515021459,36.67164179104478,GW
2016-12-21,0.00379700854700855,0.6764957264957264,0.012628205128205085,0.01813547008547008,44.34334763948498,33.86619718309859,GW
2016-12-22,0.0023129166666666693,0.5666666666666667,0.02151249999999998,0.013327916666666658,13.133891213389122,11.4,GW
2016-12-23,0.0023672268907562995,0.5042016806722698,0.023705882352941143,0.009907391304347818,40.2,31.279411764705884,GW
2016-12-24,0.002992083333333334,0.62125,0.01704999999999997,0.012863888888888887,52.25416666666667,41.1578947368421,GW
2016-12-25,0.00378875,0.7683333333333338,0.01298749999999998,0.01571435185185184,43.27615062761506,39.25581395348837,GW
2016-12-26,0.003855982905982907,0.700862068965517,0.014145299145299108,0.016600454545454536,34.02916666666667,29.647058823529413,GW
2016-12-27,0.002617094017094016,0.49102564102564117,0.020628205128205086,0.014406837606837586,29.244725738396625,27.5,GW
2016-12-28,0.003072340425531914,0.45744680851063807,0.018272340425531865,0.01685957446808509,37.24034334763949,29.067226890756302,GW
2016-12-29,0.0035546610169491506,0.4055084745762707,0.020872881355932155,0.017649787234042542,41.983050847457626,24.868613138686133,GW
2016-12-30,0.0034179166666666646,0.44875000000000015,0.01963749999999995,0.015358749999999984,36.016877637130804,22.496503496503497,GW
2016-12-31,0.004444999999999997,0.6408333333333343,0.020566666666666615,0.018144583333333342,48.916666666666664,39.6764705882353,GW
2017-01-01,0.005559999999999999,0.89,0.0163,0.02151,66.2,59.333333333333336,GW
2016-01-01,0.006955486542443034,1.0306418219461693,0.013482401656314655,0.03556161825726141,62.516597510373444,46.44705882352941,IC
2016-01-02,0.006798011928429393,0.6783300198807155,0.019163021868787235,0.026153093812375218,49.45617529880478,36.2,IC
2016-01-03,0.0075296222664015654,1.034990059642147,0.017789264413518843,0.034542031872509926,88.5019920318725,68.72340425531915,IC
2016-01-04,0.006915306122448951,0.7847560975609762,0.025036734693877533,0.021175460122699344,75.38809034907598,56.3954802259887,IC
2016-01-05,0.00693032128514052,0.4949799196787163,0.020869477911646554,0.017792570281124465,34.406882591093115,15.065217391304348,IC
2016-01-06,0.007849695740365084,0.6993914807302238,0.012539553752535458,0.030607551020408158,53.38412017167382,30.79787234042553,IC
2016-01-07,0.006927845528455257,0.5548780487804881,0.020528455284552813,0.01825894308943085,38.144396551724135,19.240837696335078,IC
2016-01-08,0.007368346774193524,0.5556451612903224,0.01800806451612898,0.02240786290322577,33.80212765957447,16.735135135135135,IC
2016-01-09,0.007020079522862788,0.5333996023856863,0.01934791252485083,0.02086003976143135,35.331236897274636,18.727272727272727,IC
2016-01-10,0.0074423459244532504,0.5423459244532801,0.02363220675944332,0.01798071570576539,36.34309623430963,22.375661375661377,IC
2016-01-11,0.007097379032258029,0.5364185110663987,0.021766129032258056,0.019294556451612866,38.17659574468085,19.58421052631579,IC
2016-01-12,0.0067951020408162964,0.5179324894514771,0.022069387755102008,0.019116182572614077,38.752155172413794,18.08743169398907,IC
2016-01-13,0.006561354581673269,0.6008333333333336,0.018840637450199142,0.02255504032258061,34.49894736842105,18.135416666666668,IC
2016-01-14,0.008116701030927808,0.6299349240780908,0.01620824742268036,0.02805216494845358,41.72345132743363,21.387978142076502,IC
2016-01-15,0.007999183673469362,0.8032188841201717,0.010969387755101983,0.04104173553719001,50.19181034482759,32.026455026455025,IC
2016-01-16,0.007735912698412666,0.9877083333333315,0.007874999999999957,0.046527833001988116,72.7092050209205,53.546875,IC
2016-01-17,0.007050793650793614,0.9802083333333325,0.008019841269841213,0.04034391217564868,76.03125,59.770833333333336,IC
2016-01-18,0.005940119760479007,0.6115226337448574,0.024662674650698598,0.01616447105788421,51.62634989200864,31.888297872340427,IC
2016-01-19,0.005377593360995815,0.3745098039215692,0.02605590062111797,0.01139399585921322,26.306976744186045,10.236263736263735,IC
2016-01-20,0.006058536585365823,0.4850427350427348,0.02088211382113819,0.02044369918699182,32.66219239373602,19.154255319148938,IC
2016-01-21,0.006501207243460732,0.592857142857142,0.02009236947791163,0.023933534136546135,42.38805970149254,26.35483870967742,IC
2016-01-22,0.006782329317269035,0.5432989690721645,0.02358433734939754,0.02076686746987948,39.09207708779443,20.773684210526316,IC
2016-01-23,0.005768055555555531,0.4246031746031755,0.027591269841269812,0.011279761904761878,28.379166666666666,12.475935828877006,IC
2016-01-24,0.0058176470588234925,0.46085192697768845,0.026259634888438105,0.011125557809330593,31.922594142259413,16.502645502645503,IC
2016-01-25,0.006281914893616984,0.5641188959660294,0.020680851063829775,0.022335106382978698,52.38510638297873,15.069148936170214,IC
2016-01-26,0.008761894736842073,0.8048421052631577,0.014058947368421011,0.03585684210526317,73.00421052631579,37.42631578947368,IC
2016-01-27,0.008144798301486175,0.8987261146496824,0.020640256959314728,0.031172186836518095,60.41416309012875,32.2620320855615,IC
2016-01-28,0.006931289640591938,1.0587473002159835,0.013186147186147128,0.04437309322033897,55.004264392324096,32.287234042553195,IC
2016-01-29,0.007212883435582793,0.724731182795699,0.017298568507157434,0.03108647540983603,56.64754098360656,32.340314136125656,IC
2016-01-30,0.006535714285714242,0.6541666666666669,0.018460317460317396,0.026174404761904725,37.701402805611224,22.357894736842105,IC
2016-01-31,0.005932936507936474,0.4752083333333348,0.028990079365079306,0.013704373757455235,36.573412698412696,18.643979057591622,IC
2016-02-01,0.0062066398390341684,0.5146881287726364,0.026963855421686705,0.01740903614457829,34.46997929606625,15.145833333333334,IC
2016-02-02,0.007185569105691025,0.6148760330578499,0.02356997971602431,0.026202636916835696,40.44467213114754,20.523560209424083,IC
2016-02-03,0.008199399999999966,0.8894957983193273,0.018241999999999974,0.03985359999999993,51.44488977955912,29.179347826086957,IC
2016-02-04,0.008073975409836027,0.9099137931034476,0.021709016393442568,0.03161475409836061,53.302277432712216,33.3551912568306,IC
2016-02-05,0.007859118236472921,0.6576763485477161,0.024178356713426843,0.02731823647294589,45.624242424242425,22.791666666666668,IC
2016-02-06,0.007748111332007934,0.5669980119284289,0.028347912524850853,0.01639701195219121,46.77290836653386,22.48421052631579,IC
2016-02-07,0.006927777777777738,0.5898809523809521,0.023244047619047588,0.022095238095238095,38.165009940357855,21.32460732984293,IC
2016-02-08,0.007842743538767369,0.709741550695824,0.029459244532803137,0.022183665338645395,66.592,46.06842105263158,IC
2016-02-09,0.00683472222222219,0.5404761904761901,0.030878727634194796,0.014208928571428537,54.22420634920635,27.291666666666668,IC
2016-02-10,0.007799801587301555,0.829365079365079,0.01579761904761899,0.035409523809523814,40.736111111111114,25.015625,IC
2016-02-11,0.007820661157024768,0.9502057613168723,0.00918969072164944,0.04962536082474224,56.111111111111114,34.13978494623656,IC
2016-02-12,0.005213387423935068,0.7584178498985801,0.012793032786885197,0.03497606490872207,36.53347732181425,24.522988505747126,IC
2016-02-13,0.005642857142857112,0.885912698412698,0.00664170040485827,0.032572619047619024,21.51167728237792,14.314917127071823,IC
2016-02-14,0.004622817460317437,0.4710317460317475,0.026414682539682512,0.009673015873015847,30.41719077568134,15.61780104712042,IC
2016-02-15,0.004596913580246888,0.42242798353909566,0.029711934156378537,0.011969753086419727,32.666666666666664,9.464088397790055,IC
2016-02-16,0.005527419354838682,0.544556451612904,0.023675403225806385,0.02026129032258061,27.353658536585368,14.894179894179894,IC
2016-02-17,0.005678137651821835,0.5402834008097174,0.023866396761133574,0.02243765182186234,36.96747967479675,12.922651933701658,IC
2016-02-18,0.007957599999999973,0.6139999999999992,0.025069999999999964,0.026849599999999994,46.78915662650602,28.721052631578946,IC
2016-02-19,0.008418016194331955,0.931653225806452,0.013933333333333294,0.034175959595959565,79.90485829959515,42.510416666666664,IC
2016-02-20,0.0061265873015872805,0.5474206349206355,0.024702380952380906,0.02085396825396825,42.135188866799204,15.755208333333334,IC
2016-02-21,0.005134523809523776,0.4752620545073392,0.03133730158730152,0.013571371769383665,26.898608349900595,11.319371727748692,IC
2016-02-22,0.006624798387096737,0.6053719008264449,0.014437499999999959,0.03367076612903228,40.41935483870968,17.71875,IC
2016-02-23,0.005800811359026337,0.521501014198783,0.02347058823529408,0.020358620689655146,50.863821138211385,29.391304347826086,IC
2016-02-24,0.005491886409736279,0.4403651115618674,0.028532653061224485,0.01585253549695737,31.41922290388548,15.0,IC
2016-02-25,0.007952515090543231,0.6523138832997986,0.023877263581488894,0.027296780684104596,50.931174089068826,29.294736842105262,IC
2016-02-26,0.007951411290322556,0.5792338709677425,0.02710483870967738,0.026159274193548396,50.75456389452333,31.09189189189189,IC
2016-02-27,0.00727746478873236,0.607444668008047,0.026016096579476834,0.026874849094567402,62.78968253968254,44.84126984126984,IC
2016-02-28,0.005973333333333304,0.6629166666666664,0.021543749999999966,0.02992729166666663,50.395209580838326,34.03804347826087,IC
2016-02-29,0.005626122448979561,0.4290721649484553,0.03278979591836731,0.013477049180327843,51.55711422845691,26.612565445026178,IC
2016-03-01,0.00501626984126981,0.40853174603174763,0.03256063618290256,0.015129166666666615,28.359026369168358,14.503521126760564,IC
2016-03-02,0.0072202453987729705,0.46734693877551087,0.024151020408163217,0.025603469387755085,36.20168067226891,19.35593220338983,IC
2016-03-03,0.007299794238683091,0.532921810699589,0.02301646090534977,0.031617489711934114,46.809322033898304,26.33093525179856,IC
2016-03-04,0.006616532258064476,0.7106639839034193,0.017571428571428554,0.04164607645875254,70.44171779141104,41.55893536121673,IC
2016-03-05,0.004830158730158713,0.4723658051689873,0.016861111111111073,0.02150119047619046,26.697916666666668,15.352226720647772,IC
2016-03-06,0.0051523809523809265,0.5164682539682554,0.02561904761904761,0.01612519841269839,126.96544715447155,32.0064308681672,IC
2016-03-07,0.0066515873015872825,0.6690476190476188,0.012492063492063455,0.03787250996015933,122.59552845528455,35.18910256410256,IC
2016-03-08,0.005125933609958478,0.4524731182795708,0.028302904564315338,0.016228838174273827,72.14135021097046,22.177852348993287,IC
2016-03-09,0.0049217299578058794,0.42093023255813966,0.028400843881856545,0.013201265822784794,41.196544276457885,12.515570934256056,IC
2016-03-10,0.005398360655737688,0.4245901639344271,0.029764344262295083,0.013686270491803241,34.129629629629626,12.03257328990228,IC
2016-03-11,0.005447520661157003,0.4447478991596656,0.03158264462809914,0.016382644628099154,35.434511434511435,16.78,IC
2016-03-12,0.0062686507936507655,0.4728174603174614,0.028644841269841223,0.02346011904761901,42.86507936507937,19.207792207792206,IC
2016-03-13,0.007545436507936476,0.5742063492063485,0.03267857142857138,0.025404960317460305,58.94234592445328,35.69285714285714,IC
2016-03-14,0.005610547667342772,0.5977732793522262,0.03439350912778902,0.022996356275303623,64.27892561983471,42.89121338912134,IC
2016-03-15,0.007609917355371873,0.5512396694214886,0.027580578512396675,0.031910743801652874,46.26008968609865,24.788590604026847,IC
2016-03-16,0.009016326530612217,0.5228571428571434,0.024079591836734665,0.033539795918367324,50.564935064935064,27.2248322147651,IC
2016-03-17,0.010575409836065553,0.8831643002028406,0.014864097363083103,0.06308472505091652,78.2510729613734,47.993399339933994,IC
2016-03-18,0.009730218687872733,0.8996023856858836,0.021539840637450156,0.05253399602385684,78.37995824634656,52.104918032786884,IC
2016-03-19,0.006577182539682512,0.5710317460317447,0.034101190476190466,0.022340873015873012,70.84759916492693,40.453947368421055,IC
2016-03-20,0.009013346613545782,0.6775793650793648,0.02888888888888886,0.029432341269841254,74.80833333333334,49.38,IC
2016-03-21,0.010393442622950779,0.6837067209775957,0.024018367346938737,0.03652016293279022,76.66810344827586,51.39862542955326,IC
2016-03-22,0.006884072580645139,0.5433467741935485,0.035104838709677344,0.028562096774193507,67.56277056277057,49.82156133828996,IC
2016-03-23,0.005896370967741909,0.4937500000000012,0.03505443548387097,0.020330241935483846,74.0,43.41296928327645,IC
2016-03-24,0.005631199999999977,0.3980000000000022,0.03228399999999995,0.019059199999999967,50.45569620253165,21.565656565656564,IC
2016-03-25,0.00668316221765911,0.5423694779116477,0.02945783132530117,0.030778714859437742,76.0464135021097,41.96393442622951,IC
2016-03-26,0.006072083333333312,0.5103174603174613,0.03456944444444442,0.02739246031746028,62.62970711297071,43.23255813953488,IC
2016-03-27,0.007107708333333301,0.5438492063492072,0.04137103174603171,0.023973412698412685,59.48125,39.722772277227726,IC
2016-03-28,0.009268410041840985,0.5973684210526313,0.03684008097165991,0.03539979757085017,64.71948608137045,41.87707641196013,IC
2016-03-29,0.007920318725099577,0.5970059880239512,0.051239043824701236,0.02513247011952189,92.40631578947368,58.43666666666667,IC
2016-03-30,0.008462096774193514,0.6399201596806385,0.034359281437125716,0.030279041916167655,90.46277665995976,56.83056478405316,IC
2016-03-31,0.010826326530612218,0.7509127789046648,0.021560975609756044,0.05259695740365107,63.70143149284254,35.95986622073578,IC
2016-04-01,0.011329696969696943,0.6727272727272723,0.02808704453441292,0.0520783838383838,70.75403225806451,34.693811074918564,IC
2016-04-02,0.011464182194616953,0.6498973305954813,0.03947433264887064,0.040843360995850626,80.46611909650925,48.508361204013376,IC
2016-04-03,0.005382936507936481,0.5097222222222236,0.028382936507936486,0.023857539682539657,43.767395626242546,24.37627118644068,IC
2016-04-04,0.005829614604462455,0.44501018329939057,0.026085365853658456,0.025801422764227616,40.554192229038854,13.528052805280527,IC
2016-04-05,0.0074511482254697075,0.44312500000000166,0.029736951983298513,0.028326513569937352,56.510504201680675,20.954248366013072,IC
2016-04-06,0.009957786885245873,0.6115384615384617,0.027993927125506027,0.04418417849898573,79.5234215885947,41.880398671096344,IC
2016-04-07,0.005794320486815394,0.5195171026156953,0.036688888888888854,0.024588080808080795,49.05510204081633,29.05673758865248,IC
2016-04-08,0.006059595959595929,0.5094377510040164,0.03682459677419352,0.02232056451612901,50.434869739478955,31.66089965397924,IC
2016-04-09,0.007278769841269816,0.6767857142857153,0.03334523809523805,0.02617738095238095,73.96161616161616,42.91530944625407,IC
2016-04-10,0.006804563492063467,0.8017857142857141,0.04200595238095231,0.021877777777777756,85.90946502057614,47.2891156462585,IC
2016-04-11,0.005114799999999976,0.4654000000000019,0.029913999999999958,0.028393599999999988,59.054325955734406,24.534426229508195,IC
2016-04-12,0.007173939393939372,0.5313131313131326,0.030175757575757575,0.03206626262626261,65.89613034623218,34.52287581699346,IC
2016-04-13,0.007177976190476166,0.5815476190476201,0.02674404761904758,0.03580654761904758,57.55467196819085,34.96345514950166,IC
2016-04-14,0.005242917547568685,0.5063424947145888,0.0313080168776371,0.0240590717299578,34.853191489361706,19.839857651245552,IC
2016-04-15,0.006889743589743563,0.6876332622601274,0.03259615384615382,0.03493717948717948,59.87418655097614,32.50344827586207,IC
2016-04-16,0.006544642857142831,0.6184523809523804,0.027765873015872973,0.03917142857142855,59.882936507936506,28.798045602605864,IC
2016-04-17,0.004866071428571405,0.5178571428571439,0.03959325396825395,0.012707341269841247,52.68302658486708,21.437262357414447,IC
2016-04-18,0.005599190283400793,0.4794354838709692,0.035799595141700384,0.02074109311740889,53.27383367139959,20.106666666666666,IC
2016-04-19,0.005134297520661128,0.43057851239669487,0.03492561983471072,0.02260681818181818,46.391304347826086,19.194805194805195,IC
2016-04-20,0.007614912280701728,0.5799582463465552,0.02424634655532354,0.04035657620041753,62.26724137931034,31.2,IC
2016-04-21,0.004375921908893684,0.49319587628866063,0.02952783505154637,0.02683855670103089,32.61486486486486,16.736263736263737,IC
2016-04-22,0.00578207343412525,0.5630390143737172,0.037607802874743274,0.02414332648870634,58.88741721854305,34.22304832713755,IC
2016-04-23,0.006212778904665292,0.6085657370517932,0.034900398406374496,0.024742231075697216,217.17857142857142,50.41233766233766,IC
2016-04-24,0.005441935483870951,0.5122983870967746,0.032330645161290285,0.025083266129032243,181.98947368421054,32.260450160771704,IC
2016-04-25,0.007240650406504034,0.5327235772357718,0.029879837067209754,0.03790040733197553,85.41791044776119,27.845901639344262,IC
2016-04-26,0.006620247933884262,0.5561983471074384,0.03774173553719005,0.03599710743801652,94.2467248908297,36.65676567656766,IC
2016-04-27,0.005001948051948026,0.4270212765957464,0.03526371308016881,0.02656186440677963,60.81941309255079,20.87457627118644,IC
2016-04-28,0.0056627155172413535,0.4127049180327883,0.03754508196721312,0.02543360655737704,59.53995680345572,21.125850340136054,IC
2016-04-29,0.008138864628820937,0.4931535269709546,0.03488589211618249,0.028114107883817397,73.59691629955947,35.6401384083045,IC
2016-04-30,0.00786231263383295,0.49755600814664025,0.0557026476578412,0.02072199592668022,69.03877551020408,33.78260869565217,IC
2016-05-01,0.006367105263157871,0.41854166666666887,0.05767916666666662,0.017112291666666637,46.43423799582463,21.40418118466899,IC
2016-05-02,0.005104376367614861,0.4582120582120596,0.033981249999999956,0.021262916666666614,45.2646420824295,22.51048951048951,IC
2016-05-03,0.004022929936305706,0.3559595959595965,0.030995959595959532,0.011654545454545426,22.809302325581395,9.136531365313653,IC
2016-05-04,0.004467377398720648,0.34857142857142964,0.04144081632653064,0.014610816326530569,54.288503253796094,13.604651162790697,IC
2016-05-05,0.006306458333333302,0.5591269841269845,0.0336488095238095,0.027909523809523773,53.071278825995805,21.362179487179485,IC
2016-05-06,0.004799583333333311,0.4186507936507956,0.033658730158730166,0.020267063492063475,44.53389830508475,17.712374581939798,IC
2016-05-07,0.005702586206896526,0.45828220858895863,0.03311522633744851,0.01999426229508193,111.47826086956522,22.62171052631579,IC
2016-05-08,0.005935152838427922,0.48141962421712015,0.041459627329192526,0.022383677685950377,53.80306345733042,16.96078431372549,IC
2016-05-09,0.008104721030042892,0.5354077253218894,0.042883673469387734,0.02882469387755099,70.13548387096775,29.5993265993266,IC
2016-05-10,0.004673392461197308,0.42958963282937457,0.035257383966244706,0.021431999999999982,37.30316742081448,14.375912408759124,IC
2016-05-11,0.004675692963752634,0.35000000000000026,0.037851626016260145,0.019113008130081273,29.246753246753247,11.035971223021583,IC
2016-05-12,0.006798953974895377,0.4067460317460327,0.03814484126984126,0.023030952380952374,35.6673640167364,17.740875912408757,IC
2016-05-13,0.004806852248393975,0.4305498981670079,0.041859470468431755,0.01822993890020366,43.784355179704015,18.269784172661872,IC
2016-05-14,0.006635421166306669,0.4484599589322394,0.039513347022587283,0.026593429158110856,44.16701030927835,18.171929824561403,IC
2016-05-15,0.005872025052192031,0.42365805168986204,0.043960238568588425,0.015422067594433366,36.321285140562246,17.63736263736264,IC
2016-05-16,0.006232773109243673,0.4832000000000012,0.044312000000000025,0.016754199999999966,40.25454545454546,19.186311787072242,IC
2016-05-17,0.00992382978723401,0.7004048582995951,0.048593939393939384,0.03070626262626259,77.55804480651732,44.832142857142856,IC
2016-05-18,0.008203640256959289,0.6509278350515462,0.04019591836734694,0.03702953156822806,68.28600823045268,38.232394366197184,IC
2016-05-19,0.0063734649122806734,0.5017543859649125,0.0341270833333333,0.03313208333333331,47.92946058091286,20.10600706713781,IC
2016-05-20,0.008724719101123565,0.5765350877192986,0.049541125541125594,0.03962324093816633,68.22317596566523,38.48301886792453,IC
2016-05-21,0.006707291666666643,0.4906746031746041,0.04446428571428565,0.03724226190476187,56.39720558882235,31.809364548494983,IC
2016-05-22,0.006777916666666641,0.5188492063492077,0.056424603174603113,0.03043253968253966,62.03769841269841,39.46236559139785,IC
2016-05-23,0.008220502092050181,0.5141434262948221,0.05484462151394426,0.031495190380761505,69.93013972055888,45.708771929824564,IC
2016-05-24,0.0049230434782608495,0.41239669421487807,0.045878099173553705,0.016923305084745748,33.66101694915254,19.869731800766285,IC
2016-05-25,0.006529490022172922,0.5637130801687764,0.05319661733615219,0.019647357293868906,77.70967741935483,52.072463768115945,IC
2016-05-26,0.007865086206896518,0.5749999999999995,0.043000000000000003,0.023872131147540963,76.15746421267893,49.841750841750844,IC
2016-05-27,0.006389183222958034,0.5802935010482186,0.04589937106918241,0.02415995807127882,76.44375,44.58657243816254,IC
2016-05-28,0.00713138528138526,0.5357289527720749,0.046523613963039036,0.02346016427104722,71.05070993914808,34.97260273972603,IC
2016-05-29,0.007585624999999979,0.5323412698412712,0.05282142857142852,0.02036111111111109,71.03187250996017,40.185667752442995,IC
2016-05-30,0.007912605042016777,0.6646123260437382,0.056367063492063496,0.024317460317460293,91.094,54.44230769230769,IC
2016-05-31,0.007102869757174365,0.4987315010570835,0.037993710691823855,0.019396016771488438,62.08874458874459,34.804713804713806,IC
2016-06-01,0.004976839826839808,0.44935344827586354,0.04151508620689655,0.022686422413793053,49.779017857142854,22.274247491638796,IC
2016-06-02,0.005982024793388402,0.4252049180327876,0.04585450819672128,0.025513934426229488,50.918200408997954,23.893203883495147,IC
2016-06-03,0.00617684426229506,0.36659836065573737,0.0438668032786885,0.022541598360655717,40.44123711340206,18.627450980392158,IC
2016-06-04,0.005857539682539655,0.4138888888888894,0.03411309523809521,0.02546289682539678,50.166666666666664,22.372990353697748,IC
2016-06-05,0.005282071713147379,0.4279761904761916,0.04890079365079367,0.019815674603174606,53.71769383697813,24.177419354838708,IC
2016-06-06,0.0053613682092555045,0.3486111111111111,0.04298809523809522,0.01947480158730155,35.98393574297189,16.255102040816325,IC
2016-06-07,0.006898585858585832,0.40845360824742216,0.03285656565656562,0.021612727272727263,44.865979381443296,22.409395973154364,IC
2016-06-08,0.004826789366053151,0.3398747390396646,0.029472392638036783,0.01488159509202452,35.2,18.42909090909091,IC
2016-06-09,0.006444374999999987,0.44178794178794195,0.03201039501039499,0.021475259875259816,54.25473684210527,29.231316725978647,IC
2016-06-10,0.007543232323232303,0.49292929292929305,0.03230040322580642,0.024307878787878767,52.25153374233129,29.09655172413793,IC
2016-06-11,0.00580815109343934,0.4143141153081514,0.029278330019880706,0.017098608349900568,47.406060606060606,25.031141868512112,IC
2016-06-12,0.004646230158730133,0.4053677932405559,0.026373015873015836,0.011699007936507907,32.4,16.6875,IC
2016-06-13,0.005462851405622475,0.5618473895582317,0.03830722891566262,0.019502008032128496,57.783400809716596,32.53511705685619,IC
2016-06-14,0.006609110169491498,0.5065677966101709,0.03398305084745759,0.022790042372881326,46.06881720430108,23.869565217391305,IC
2016-06-15,0.004490128755364781,0.41163793103448343,0.030276824034334696,0.017869313304720986,37.808791208791206,17.033834586466167,IC
2016-06-16,0.0046450304259634655,0.4363083164300203,0.04447464503042597,0.014227180527383332,33.33898305084746,15.19718309859155,IC
2016-06-17,0.00585580912863069,0.5395789473684207,0.05217012448132778,0.019878215767634818,53.51143451143451,31.151724137931033,IC
2016-06-18,0.006834791252485061,0.6109126984126969,0.05195238095238093,0.01912361111111108,74.21471172962227,48.79,IC
2016-06-19,0.005079563492063468,0.4600831600831605,0.036886904761904725,0.01581170634920632,45.099391480730226,25.10472972972973,IC
2016-06-20,0.005759634888438109,0.43816631130063943,0.042375253549695686,0.02101034482758618,51.741344195519346,29.516339869281047,IC
2016-06-21,0.005607756813417163,0.5263598326359832,0.03821129707112971,0.026614644351464403,63.33474576271186,33.270270270270274,IC
2016-06-22,0.0062915151515151235,0.583838383838384,0.030672727272727244,0.029235959595959576,67.50517598343686,37.285714285714285,IC
2016-06-23,0.005581341719077548,0.5356394129979036,0.032412997903563924,0.024769811320754696,47.57112526539278,24.716363636363635,IC
2016-06-24,0.004770947368421034,0.5027368421052626,0.03743157894736841,0.020000842105263126,54.67515923566879,30.003521126760564,IC
2016-06-25,0.00520218253968252,0.3994047619047627,0.0420122699386503,0.01370773809523805,36.80241935483871,14.294701986754967,IC
2016-06-26,0.004847817460317445,0.36349206349206425,0.04399791666666667,0.012580158730158698,34.016194331983804,13.681208053691275,IC
2016-06-27,0.008046734693877533,0.44684317718940914,0.03718884120171667,0.02467276422764226,45.6875,23.98310810810811,IC
2016-06-28,0.005678632478632458,0.4598290598290604,0.040344594594594614,0.0185574786324786,58.89737991266376,37.04089219330855,IC
2016-06-29,0.00590426439232407,0.4325630252100842,0.03798043478260867,0.020559453781512572,48.307359307359306,27.67148014440433,IC
2016-06-30,0.004859574468085085,0.35529661016949105,0.02916599190283398,0.015710526315789456,31.995689655172413,15.314606741573034,IC
2016-07-01,0.0046456611570247636,0.3767391304347816,0.021179999999999956,0.017871999999999968,27.726495726495727,11.409883720930232,IC
2016-07-02,0.004684920634920611,0.3414583333333321,0.03132142857142855,0.01203988095238092,19.89937106918239,6.763848396501458,IC
2016-07-03,0.00525158730158728,0.4680170575692973,0.0504880952380952,0.013495238095238069,51.075848303393215,32.4051724137931,IC
2016-07-04,0.004480684104627742,0.47624190064794863,0.019515090543259502,0.024783193277310902,39.24948024948025,21.845481049562682,IC
2016-07-05,0.004286150712830937,0.34261241970021267,0.01615478615071279,0.013391220556745154,17.194570135746606,6.3828125,IC
2016-07-06,0.005091719745222914,0.344880174291938,0.025108280254777036,0.014226398210290796,17.70095693779904,6.216535433070866,IC
2016-07-07,0.006297319587628837,0.4687242798353896,0.02258436213991767,0.024042207792207778,31.097916666666666,16.302839116719245,IC
2016-07-08,0.005886707566462151,0.5646216768916157,0.03608588957055212,0.02514236559139783,52.425,31.0,IC
2016-07-09,0.005970039682539667,0.4827380952380963,0.02626984126984123,0.018140833333333335,42.929577464788736,22.746312684365783,IC
2016-07-10,0.006511904761904744,0.3865079365079354,0.023446428571428538,0.017024583333333294,28.866666666666667,13.86969696969697,IC
2016-07-11,0.009573684210526302,0.511088709677419,0.03309054325955735,0.026531120331950188,48.525667351129364,30.378125,IC
2016-07-12,0.008521721311475392,0.39038854805725914,0.02220491803278684,0.019895491803278684,34.45031712473573,19.924092409240924,IC
2016-07-13,0.005329411764705868,0.32668067226890635,0.017246835443037924,0.014174050632911364,28.955654101995567,14.436305732484076,IC
2016-07-14,0.005404123711340194,0.3678350515463905,0.030939958592132534,0.01701134020618555,33.0974025974026,15.109756097560975,IC
2016-07-15,0.004591546391752547,0.36219008264462754,0.02504526748971191,0.024649278350515443,27.40501043841336,10.990033222591363,IC
2016-07-16,0.003999206349206324,0.368253968253968,0.01837698412698409,0.016220634920634903,17.071748878923767,6.9221789883268485,IC
2016-07-17,0.004177777777777754,0.31805555555555504,0.022244047619047577,0.008781746031745995,13.597107438016529,4.496240601503759,IC
2016-07-18,0.005222132796780668,0.34116465863453743,0.02204225352112674,0.015007243460764557,22.82758620689655,9.985250737463128,IC
2016-07-19,0.005075751503005993,0.4837675350701406,0.03965931863727461,0.024949298597194382,40.345454545454544,22.094182825484765,IC
2016-07-20,0.005797946611909627,0.5613963039014377,0.045198770491803306,0.027818237704918022,55.81275720164609,34.3698224852071,IC
2016-07-21,0.004530309278350494,0.44123711340206284,0.03534845360824739,0.023016907216494843,37.463465553235906,19.9533527696793,IC
2016-07-22,0.005067741935483848,0.4363636363636372,0.0335383064516129,0.0203306451612903,39.38008130081301,22.149425287356323,IC
2016-07-23,0.005952579365079332,0.4043650793650795,0.025900207900207858,0.015929960317460294,34.750499001996005,19.3314447592068,IC
2016-07-24,0.00462003968253966,0.36130952380952325,0.019599999999999954,0.011952806652806633,30.791252485089462,16.63456090651558,IC
2016-07-25,0.004973387096774164,0.3566801619433199,0.018245762711864382,0.014434533898305063,34.57142857142857,21.893203883495147,IC
2016-07-26,0.005487804878048749,0.33360995850622327,0.013871794871794843,0.01466965811965808,32.19753086419753,18.90577507598784,IC
2016-07-27,0.005494780793319393,0.34665127020785125,0.018477223427331848,0.014560879120879099,32.25792811839324,17.107361963190183,IC
2016-07-28,0.0052511111111111,0.5493644067796618,0.03699595959595953,0.014966194331983795,45.03757828810021,30.491329479768787,IC
2016-07-29,0.00524455645161288,0.5830645161290312,0.02546951219512192,0.02333891129032254,40.86008230452675,24.975975975975977,IC
2016-07-30,0.005345039682539662,0.4186507936507928,0.027499999999999962,0.01605089463220675,37.7010101010101,22.987951807228917,IC
2016-07-31,0.005265476190476173,0.35992063492063436,0.015266112266112235,0.010642276422764193,34.21843687374749,22.2996632996633,IC
2016-08-01,0.004723943661971808,0.3650759219088924,0.012016913319238853,0.01099491525423726,26.549382716049383,15.305732484076433,IC
2016-08-02,0.004887096774193527,0.3677350427350414,0.014507070707070678,0.015562663755458502,26.377319587628865,14.078787878787878,IC
2016-08-03,0.005202697095435657,0.45982532751091715,0.027346473029045613,0.023616059957173436,31.763598326359833,14.957142857142857,IC
2016-08-04,0.005369344608879463,0.4878923766816134,0.03284745762711861,0.02122505446623093,40.69432314410481,23.117469879518072,IC
2016-08-05,0.005682470119521891,0.5199570815450637,0.039499999999999945,0.021412499999999994,52.18712273641851,30.645945945945947,IC
2016-08-06,0.005532270916334641,0.5379084967320251,0.03674801587301588,0.0200315476190476,55.538767395626245,33.307277628032345,IC
2016-08-07,0.00541309523809522,0.40847826086956474,0.031293650793650776,0.014325793650793613,31.0,17.908571428571427,IC
2016-08-08,0.005251696606786409,0.46575630252100747,0.026676646706586794,0.016096207584830307,40.73170731707317,23.637931034482758,IC
2016-08-09,0.005065517241379289,0.5269776876267742,0.042089249492900584,0.01814482758620687,38.32786885245902,20.688953488372093,IC
2016-08-10,0.005693234672304423,0.4946351931330478,0.0346237006237006,0.016877572016460864,41.228813559322035,21.860759493670887,IC
2016-08-11,0.004687341772151883,0.4588607594936705,0.02048689956331874,0.014283333333333323,31.782340862423,16.502857142857142,IC
2016-08-12,0.004744276457883352,0.4387029288702934,0.01789848812095029,0.012691666666666645,37.51890756302521,22.923295454545453,IC
2016-08-13,0.004763815789473666,0.42655935613682217,0.01961666666666664,0.011000811359026344,32.818737270875765,20.962209302325583,IC
2016-08-14,0.004323245614035066,0.37379912663755477,0.02157083333333331,0.00962769857433805,34.08163265306123,23.885630498533725,IC
2016-08-15,0.004600213675213659,0.4795407098121099,0.0332082474226804,0.012524701195219094,34.9203187250996,18.843575418994412,IC
2016-08-16,0.005595780590717272,0.5479915433403804,0.036205231388329956,0.018282092555331975,45.002020202020205,22.571428571428573,IC
2016-08-17,0.005402822580645136,0.5452229299363059,0.030939516129032247,0.019148080808080784,50.0020366598778,25.506738544474395,IC
2016-08-18,0.007297570850202402,0.5412863070539425,0.03878296146044623,0.023702222222222208,50.523809523809526,28.453296703296704,IC
2016-08-19,0.007567008196721279,0.5699999999999997,0.046793991416308994,0.025749795918367333,62.99591836734694,41.91525423728814,IC
2016-08-20,0.0050091451292246245,0.5268750000000009,0.04634864300626306,0.022978528827037763,53.81010101010101,33.7814371257485,IC
2016-08-21,0.0050011904761904456,0.4291404612159341,0.04134374999999994,0.015062499999999958,35.78243512974052,18.725,IC
2016-08-22,0.004253112033195003,0.43093220338983096,0.032061983471074376,0.015652795031055874,35.61122661122661,18.071428571428573,IC
2016-08-23,0.0054731313131312805,0.44821052631578967,0.03267070707070704,0.01975111111111108,40.90871369294606,21.34269662921348,IC
2016-08-24,0.005911646586345349,0.4133037694013307,0.03273694779116464,0.018346385542168653,36.5010101010101,20.057534246575344,IC
2016-08-25,0.005291164658634513,0.4082969432314407,0.02819076305220881,0.017356827309236923,29.1,14.075471698113208,IC
2016-08-26,0.004072489959839336,0.3427974947807931,0.026048192771084312,0.015294176706827275,18.75,6.738181818181818,IC
2016-08-27,0.003957738095238077,0.3117296222664019,0.025849206349206292,0.01682301587301585,18.31236897274633,5.138888888888889,IC
2016-08-28,0.0038541832669322503,0.29700598802395195,0.02485059760956171,0.009976693227091608,16.60796645702306,4.953846153846154,IC
2016-08-29,0.005311599999999986,0.31062124248497025,0.02565737051792829,0.012296593186372714,22.20682302771855,6.9393939393939394,IC
2016-08-30,0.004656964656964652,0.3225806451612904,0.027068273092369446,0.010741263157894717,30.04201680672269,8.40625,IC
2016-08-31,0.004060557768924283,0.3366533864541835,0.02473505976095613,0.010680492813141656,22.52742616033755,7.086956521739131,IC
2016-09-01,0.005303206412825631,0.5488977955911823,0.04465931863727451,0.019848897795591174,58.38787878787879,30.768361581920903,IC
2016-09-02,0.004178199999999987,0.48303393213572937,0.04175200000000003,0.01871759999999997,38.04435483870968,21.907738095238095,IC
2016-09-03,0.004507142857142839,0.49761904761904846,0.03734920634920636,0.01781746031746029,22.825049701789265,11.572755417956657,IC
2016-09-04,0.004429166666666655,0.5611111111111119,0.026305555555555523,0.018090476190476157,28.455645161290324,14.831325301204819,IC
2016-09-05,0.004836873747494981,0.5322981366459643,0.024054108216432817,0.017263326653306592,30.334745762711865,14.205357142857142,IC
2016-09-06,0.005917999999999973,0.550420168067228,0.03417799999999998,0.018450599999999966,53.29338842975206,33.400584795321635,IC
2016-09-07,0.005138821138211362,0.6707264957264939,0.038288617886178836,0.017823577235772343,63.704166666666666,44.36363636363637,IC
2016-09-08,0.005886965376782056,0.5952890792291219,0.03405894308943084,0.023836178861788588,50.2678936605317,31.579387186629525,IC
2016-09-09,0.005022064777327915,0.5961702127659575,0.030767206477732765,0.023366801619433157,47.46855983772819,30.20281690140845,IC
2016-09-10,0.004768055555555529,0.5845833333333332,0.03774007936507939,0.023302380952380953,49.36507936507937,30.805333333333333,IC
2016-09-11,0.005282341269841238,0.5489583333333333,0.04205357142857138,0.01625416666666665,44.165009940357855,28.625352112676055,IC
2016-09-12,0.0046317171717171505,0.5149377593361004,0.024943434343434295,0.02396303030303027,41.44834710743802,23.327683615819208,IC
2016-09-13,0.004707157464212655,0.4161554192229033,0.029243353783231042,0.02165869120654394,28.70886075949367,13.928143712574851,IC
2016-09-14,0.004559523809523789,0.4382936507936503,0.035668650793650745,0.016897420634920626,37.118473895582326,22.72112676056338,IC
2016-09-15,0.0043164682539682375,0.45853174603174623,0.03373611111111107,0.01416547619047618,41.461232604373755,26.591666666666665,IC
2016-09-16,0.006575992063492039,0.5186507936507949,0.03766468253968257,0.0158519841269841,47.47609561752988,32.34059945504087,IC
2016-09-17,0.004354671968190828,0.3970238095238102,0.03678769841269841,0.012822619047619017,33.723107569721115,20.205357142857142,IC
2016-09-18,0.003545924453280294,0.36190476190476195,0.03123015873015867,0.012471626984126969,29.51388888888889,14.970350404312669,IC
2016-09-19,0.0036288306451612625,0.3171370967741934,0.02289112903225805,0.01564052419354836,20.690283400809715,6.677611940298507,IC
2016-09-20,0.0035078313253011813,0.2810865191146882,0.026518072289156605,0.016383534136546165,22.020325203252032,8.059171597633137,IC
2016-09-21,0.0036209255533199017,0.3933601609657954,0.02523138832997984,0.024425955734406403,39.867617107942976,23.368279569892472,IC
2016-09-22,0.0040506122448979425,0.43142857142857177,0.027916326530612223,0.026712448979591852,44.84662576687116,27.65753424657534,IC
2016-09-23,0.005953174603174572,0.5392857142857147,0.042021825396825425,0.02837083333333335,56.276553106212425,37.85511363636363,IC
2016-09-24,0.006327976190476159,0.5884920634920633,0.04574801587301583,0.03113214285714285,63.4203187250996,45.71954674220963,IC
2016-09-25,0.005425793650793618,0.5019880715705769,0.03696230158730156,0.023316269841269808,47.08531746031746,32.301169590643276,IC
2016-09-26,0.0046985915492957575,0.5666666666666668,0.021569416498993927,0.03408631790744464,47.21995926680244,27.53954802259887,IC
2016-09-27,0.004418799999999976,0.5983999999999992,0.012365999999999957,0.033954799999999966,43.96774193548387,26.83050847457627,IC
2016-09-28,0.004277272727272712,0.5487603305785123,0.013541322314049543,0.022246265560165953,37.12240663900415,19.4,IC
2016-09-29,0.0038413441955193295,0.4808000000000008,0.01189999999999996,0.01859719999999997,24.963414634146343,8.940828402366863,IC
2016-09-30,0.005173206751054831,0.4851405622489959,0.01557545271629776,0.026479275653923523,33.5,15.471232876712328,IC
2016-10-01,0.006164999999999976,0.6642857142857137,0.018279761904761868,0.037065799999999954,59.54108216432866,35.81462140992167,IC
2016-10-02,0.004436249999999983,0.5698412698412713,0.013918918918918867,0.02632286282306161,44.173737373737374,26.91988950276243,IC
2016-10-03,0.004007499999999983,0.42341269841269885,0.024266666666666645,0.01436528066528064,19.595890410958905,8.0,IC
2016-10-04,0.004145569620253145,0.5018072289156634,0.02420842105263154,0.026874691358024647,37.85386221294363,16.56198347107438,IC
2016-10-05,0.003964731182795688,0.4491735537190095,0.025267241379310308,0.01740481171548115,30.28305785123967,11.91081081081081,IC
2016-10-06,0.004235622317596546,0.441416309012876,0.02712688172043007,0.016726431718061652,35.36382536382536,14.535714285714286,IC
2016-10-07,0.003962745098039202,0.4657205240174678,0.018956331877729195,0.024218663594469985,36.865671641791046,15.151685393258427,IC
2016-10-08,0.003806458333333319,0.4179166666666681,0.03179791666666662,0.013053728070175403,25.322645290581164,11.204419889502763,IC
2016-10-09,0.0035795833333333114,0.3212500000000016,0.028418749999999975,0.010193201754385938,23.3714859437751,8.793478260869565,IC
2016-10-10,0.004378315789473663,0.3873417721518997,0.02160362173038227,0.02125355555555553,32.494929006085194,12.269333333333334,IC
2016-10-11,0.00596499999999997,0.6098290598290601,0.022501022494887512,0.029858558558558537,47.09349593495935,24.13563829787234,IC
2016-10-12,0.004767334669338651,0.5065126050420171,0.029444889779559127,0.017342548596112284,54.60692464358452,28.912087912087912,IC
2016-10-13,0.005122044088176315,0.43494736842105386,0.022585858585858546,0.02403178947368418,44.1237322515213,17.751445086705203,IC
2016-10-14,0.006461122244488948,0.7169772256728792,0.016421810699588445,0.039950315789473695,63.68089430894309,35.06857142857143,IC
2016-10-15,0.005404581673306745,0.742115768463074,0.022393749999999976,0.03421506276150629,72.6312625250501,44.29131652661064,IC
2016-10-16,0.005102976190476156,0.7293650793650809,0.015795833333333294,0.03356979166666669,66.04960317460318,42.628169014084506,IC
2016-10-17,0.005003245436105457,0.657200811359026,0.022950959488272905,0.023762473347547948,56.25406504065041,36.288184438040346,IC
2016-10-18,0.005377991452991429,0.6055201698513802,0.020421978021977986,0.029959417040358725,54.84449244060475,25.477064220183486,IC
2016-10-19,0.006135833333333311,0.7308333333333323,0.02897708333333329,0.03390065789473683,63.28077753779698,35.53932584269663,IC
2016-10-20,0.0054188959660297015,0.7677282377919304,0.02623566878980889,0.036664732142857114,74.87527839643653,43.002906976744185,IC
2016-10-21,0.003814599999999975,0.4630000000000005,0.02111199999999997,0.022709663865546195,31.877755511022045,12.984126984126984,IC
2016-10-22,0.0040182539682539495,0.4597222222222234,0.023916666666666628,0.020725624999999966,34.618290258449306,14.599476439790577,IC
2016-10-23,0.0036031746031745856,0.43154761904762023,0.02043253968253964,0.016512291666666637,21.860557768924302,8.961538461538462,IC
2016-10-24,0.003956300813008109,0.4364372469635639,0.015123732251521253,0.024370276008492547,23.523809523809526,8.706371191135734,IC
2016-10-25,0.003880846774193528,0.4762096774193552,0.019334677419354795,0.020092796610169498,23.0,9.275449101796408,IC
2016-10-26,0.004949098196392765,0.7390781563126251,0.017308617234468904,0.0251854736842105,47.965931863727455,23.559766763848398,IC
2016-10-27,0.0045670731707316845,0.6095334685598378,0.013657200811358995,0.02633880597014921,51.66943866943867,23.55718475073314,IC
2016-10-28,0.004308782435129722,0.5085828343313374,0.02012974051896205,0.022632704402515712,40.58419958419958,17.75284090909091,IC
2016-10-29,0.004237499999999986,0.3799603174603193,0.02772817460317459,0.01438730853391681,39.96207584830339,16.017045454545453,IC
2016-10-30,0.004723658051689838,0.42797619047619134,0.02160714285714282,0.019396450939457174,29.728370221327967,11.441260744985673,IC
2016-10-31,0.004691848906560616,0.5202783300198808,0.015200795228628184,0.024031941544885135,33.186,16.944444444444443,IC
2016-11-01,0.003889292929292905,0.39353535353535474,0.025090909090909063,0.014235845213849251,26.68089430894309,9.916216216216217,IC
2016-11-02,0.005052332657200787,0.5229208924949295,0.01672819472616629,0.025983026584867067,34.608247422680414,14.597260273972603,IC
2016-11-03,0.005931919191919164,0.6258585858585849,0.021844444444444423,0.026233198380566772,46.70286885245902,25.665753424657535,IC
2016-11-04,0.006938999999999966,0.5957999999999983,0.034376000000000004,0.02422975206611568,64.89134808853119,36.51724137931034,IC
2016-11-05,0.006829979879275623,0.6456740442655928,0.041422535211267604,0.021924340770791067,75.54761904761905,44.55613577023499,IC
2016-11-06,0.0043972103004291715,0.5640873015873015,0.02373015873015871,0.018733333333333307,51.610441767068274,28.653116531165313,IC
2016-11-07,0.004407740585774044,0.4997983870967744,0.02290909090909088,0.019345043103448263,40.068041237113405,24.545714285714286,IC
2016-11-08,0.003997772828507777,0.5284552845528449,0.02760365853658537,0.013482226980728018,64.81799591002044,46.65714285714286,IC
2016-11-09,0.004661914893617002,0.4436991869918711,0.022378048780487787,0.018154273504273483,42.13168724279836,23.161473087818695,IC
2016-11-10,0.005916904276985709,0.6615230460921843,0.009092184368737427,0.035902105263157916,59.81653225806452,34.16935483870968,IC
2016-11-11,0.005442430278884438,0.6165338645418317,0.019655378486055756,0.024588702928870262,54.50806451612903,23.461748633879782,IC
2016-11-12,0.00609087301587298,0.6277777777777772,0.024422619047619006,0.028349686847599156,79.514,32.0625,IC
2016-11-13,0.005943849206349178,0.6954365079365078,0.018186507936507904,0.029902320675105485,67.13944223107569,33.35509138381201,IC
2016-11-14,0.005433400402414462,0.6889558232931732,0.01287726358148888,0.032262098501070674,53.584362139917694,28.511049723756905,IC
2016-11-15,0.004741733870967725,0.4580645161290326,0.02522782258064513,0.014610169491525387,58.25760649087221,20.501340482573728,IC
2016-11-16,0.005880566801619402,0.5793522267206475,0.0158218623481781,0.02719468085106381,51.749482401656316,23.509485094850948,IC
2016-11-17,0.006366599999999962,0.7991999999999998,0.014307999999999972,0.03639621052631576,69.16599190283401,35.23218997361477,IC
2016-11-18,0.007256944444444413,1.0699203187250996,0.007793650793650759,0.05131090146750523,97.7944111776447,58.0131926121372,IC
2016-11-19,0.006273611111111085,0.7178571428571432,0.014079365079365025,0.031137916666666668,61.83730158730159,38.759791122715406,IC
2016-11-20,0.004849801587301568,0.649007936507936,0.02317063492063489,0.014718958333333311,41.11553784860558,21.891008174386922,IC
2016-11-21,0.005769261477045883,0.7424302788844613,0.015668662674650655,0.028019238900634236,66.87323943661971,29.46194225721785,IC
2016-11-22,0.004394176706827301,0.473493975903615,0.024700803212851362,0.01272953586497887,41.24116424116424,16.416201117318437,IC
2016-11-23,0.004936734693877535,0.473577235772359,0.02104693877551016,0.014520342612419662,36.84497816593886,12.789017341040463,IC
2016-11-24,0.005419999999999963,0.5178000000000003,0.022959999999999967,0.01579621848739494,29.927505330490405,13.00864553314121,IC
2016-11-25,0.006308216432865697,0.716833667334669,0.013208416833667304,0.033351054852320657,41.64904862579281,20.572237960339944,IC
2016-11-26,0.005869841269841244,0.9320079522862822,0.00611111111111109,0.04305687499999999,60.27916666666667,39.201166180758015,IC
2016-11-27,0.005862698412698387,0.8591269841269837,0.009220238095238049,0.031966874999999964,61.73903966597077,41.76857142857143,IC
2016-11-28,0.0063848303393213195,0.7083665338645411,0.021856573705179246,0.017357142857142828,74.46638655462185,38.60623229461756,IC
2016-11-29,0.007492148760330563,0.6788423153692624,0.015795591182364704,0.02813626609442056,41.40677966101695,21.276162790697676,IC
2016-11-30,0.0073303534303533965,0.8213709677419364,0.008844758064516085,0.036982264957264935,52.52212389380531,30.638968481375358,IC
2016-12-01,0.005595766129032226,0.5851106639839034,0.024381048387096756,0.015192525252525221,51.24353448275862,26.697406340057636,IC
2016-12-02,0.0062083870967741765,0.5942148760330576,0.017090909090909066,0.024431198347107417,37.79281183932347,15.961538461538462,IC
2016-12-03,0.007479385964912245,0.9133611691022966,0.010743749999999951,0.04182041666666663,50.6875,30.516616314199396,IC
2016-12-04,0.009891558441558401,0.9883196721311476,0.00750924024640654,0.04426598360655737,71.532,51.10526315789474,IC
2016-12-05,0.007242127659574436,0.7742914979757085,0.017661943319838027,0.027754048582995922,73.32661290322581,50.26740947075209,IC
2016-12-06,0.005231645569620228,0.4620481927710853,0.020427710843373442,0.017383098591549268,25.60813704496788,11.429824561403509,IC
2016-12-07,0.007885924369747868,0.6647999999999996,0.009437999999999969,0.03398960000000001,44.82888888888889,23.908333333333335,IC
2016-12-08,0.006676796714579022,0.7407630522088349,0.01460040160642566,0.029900000000000013,46.593258426966294,27.735135135135135,IC
2016-12-09,0.005208982035928119,0.6111776447105777,0.02282035928143707,0.01655169660678641,34.68596881959911,21.251497005988025,IC
2016-12-10,0.005420039682539655,0.5265873015873007,0.022450396825396804,0.016513673469387733,33.916666666666664,18.568364611260055,IC
2016-12-11,0.005984126984126947,0.6488095238095231,0.017591269841269817,0.023751313131313106,34.574561403508774,19.88186813186813,IC
2016-12-12,0.006545661157024766,0.9446938775510205,0.007182194616977189,0.04082899786780382,52.211009174311926,31.224376731301938,IC
2016-12-13,0.0066158316633266245,0.8382765531062132,0.01621242484969935,0.025756713426853668,54.32731376975169,34.09803921568628,IC
2016-12-14,0.0061522088353413275,0.6036144578313233,0.018287148594377467,0.018467901234567864,48.029017857142854,24.664021164021165,IC
2016-12-15,0.005301414141414113,0.4690909090909094,0.022563636363636314,0.01366929292929289,29.64651162790698,14.158045977011493,IC
2016-12-16,0.005387272727272696,0.51959595959596,0.019228282828282796,0.020020808080808063,29.87864077669903,15.364705882352942,IC
2016-12-17,0.008133928571428547,0.8091269841269845,0.013700396825396777,0.03525257936507935,59.492990654205606,36.08498583569405,IC
2016-12-18,0.0073463073852295105,0.644353182751541,0.01483499005964209,0.02827912524850894,42.78132678132678,26.707386363636363,IC
2016-12-19,0.005773346693386738,0.7202404809619241,0.007139999999999963,0.037634999999999974,41.97877358490566,25.13529411764706,IC
2016-12-20,0.005865151515151486,0.812655601659751,0.01171221532091091,0.03067489626556016,48.885441527446304,31.024316109422493,IC
2016-12-21,0.005359498956158642,0.8880753138075309,0.006802966101694866,0.03717209302325584,48.54214123006834,29.548104956268222,IC
2016-12-22,0.004107900207900188,0.6696465696465693,0.018478170478170453,0.01572104166666664,34.83920704845815,23.217665615141957,IC
2016-12-23,0.004799999999999977,0.5856249999999985,0.020477137176938328,0.013673877551020373,52.41317365269461,33.49602122015915,IC
2016-12-24,0.005373611111111077,0.7564612326043733,0.016946428571428546,0.022337896825396806,66.43149284253579,49.049586776859506,IC
2016-12-25,0.004800793650793628,0.8833333333333339,0.009337301587301545,0.028071428571428546,58.328542094455855,42.635327635327634,IC
2016-12-26,0.005446428571428546,0.8910714285714292,0.010908730158730109,0.030340476190476133,53.67857142857143,34.830555555555556,IC
2016-12-27,0.0049303212851405315,0.5407630522088351,0.023437751004016037,0.014044742268041194,38.554655870445345,22.22714681440443,IC
2016-12-28,0.0056003984063744735,0.614741035856573,0.016872509960159314,0.024366866267465048,41.92872570194385,21.742705570291776,IC
2016-12-29,0.005093089430894294,0.573577235772358,0.01838821138211377,0.020015040650406487,34.39393939393939,15.855978260869565,IC
2016-12-30,0.006662499999999971,0.7740079365079365,0.011396825396825374,0.032233333333333274,38.99365750528541,23.301837270341206,IC
2016-12-31,0.007342708333333305,1.0512922465208747,0.008811507936507887,0.04117857142857138,54.22559652928417,38.962765957446805,IC
2017-01-01,0.006320000000000002,1.2714285714285718,0.009200000000000002,0.0435857142857143,68.57894736842105,50.5,IC
2016-01-01,0.0035899182561307777,0.6491847826086962,0.016188405797101412,0.019334510869565197,62.50681198910082,49.03409090909091,JB
2016-01-02,0.0036104278074866217,0.5840000000000006,0.02376068376068375,0.017939466666666654,54.965333333333334,38.96842105263158,JB
2016-01-03,0.0037277777777777656,0.733055555555556,0.019738095238095214,0.020868055555555525,67.94722222222222,57.13333333333333,JB
2016-01-04,0.005504999999999979,0.7186111111111111,0.024172727272727266,0.022439166666666635,100.89722222222223,75.47126436781609,JB
2016-01-05,0.004979558011049707,0.4712707182320448,0.018147928994082803,0.0181088397790055,35.63812154696133,19.548387096774192,JB
2016-01-06,0.005704232804232788,0.6107894736842097,0.012095505617977504,0.026342631578947343,61.502631578947366,39.73684210526316,JB
2016-01-07,0.005244791666666648,0.48802083333333335,0.02036388888888888,0.015805468749999985,50.515625,30.291666666666668,JB
2016-01-08,0.004423298429319358,0.42617801047120457,0.01976815642458099,0.01534895287958112,34.6282722513089,22.633333333333333,JB
2016-01-09,0.004568749999999981,0.45677083333333335,0.019494444444444405,0.017356510416666634,37.369791666666664,23.902173913043477,JB
2016-01-10,0.0057992187499999745,0.63984375,0.02337499999999996,0.017729947916666648,68.046875,51.739583333333336,JB
2016-01-11,0.005746614583333315,0.5361979166666669,0.021438888888888858,0.017510937499999976,48.674479166666664,29.979166666666668,JB
2016-01-12,0.005258311345646418,0.5144736842105262,0.021176966292134787,0.01734605263157891,40.766937669376695,24.9468085106383,JB
2016-01-13,0.003990616621983896,0.437700534759359,0.021662857142857105,0.01603315508021387,31.617728531855956,22.15730337078652,JB
2016-01-14,0.003965263157894722,0.4419525065963064,0.0238016759776536,0.016128157894736813,34.75526315789474,23.957894736842107,JB
2016-01-15,0.0048831578947368245,0.6281578947368416,0.01742134831460671,0.02484157894736837,66.01574803149606,54.375,JB
2016-01-16,0.004694531249999985,0.7164490861618809,0.01689722222222219,0.026923437499999984,88.96614583333333,74.91011235955057,JB
2016-01-17,0.004162760416666657,0.708854166666666,0.01219166666666665,0.026814062499999968,84.50260416666667,78.28735632183908,JB
2016-01-18,0.004570312499999984,0.4498687664041995,0.027797222222222192,0.012213802083333301,41.3828125,26.555555555555557,JB
2016-01-19,0.0043411458333333175,0.3911458333333339,0.0284833333333333,0.009052083333333308,22.361979166666668,12.38888888888889,JB
2016-01-20,0.004180052493438309,0.5046997389033938,0.020038997214484648,0.019954569190600503,37.315926892950394,30.776470588235295,JB
2016-01-21,0.004979473684210504,0.578421052631578,0.015311797752808973,0.02481105263157892,52.87862796833773,47.0945945945946,JB
2016-01-22,0.004825925925925909,0.5910052910052919,0.016774011299435003,0.025780952380952345,48.52116402116402,36.78260869565217,JB
2016-01-23,0.00488689839572191,0.42620320855615007,0.02749142857142853,0.011369786096256655,29.975935828877006,19.961038961038962,JB
2016-01-24,0.004471111111111099,0.4166666666666671,0.028437499999999952,0.010156666666666645,25.369444444444444,18.149253731343283,JB
2016-01-25,0.004282561307901894,0.5887096774193548,0.018060344827586183,0.026074731182795685,59.725806451612904,39.451219512195124,JB
2016-01-26,0.005047708894878687,0.6226562499999991,0.018680555555555534,0.027535156249999988,69.70833333333333,46.770833333333336,JB
2016-01-27,0.006054569892473096,0.8491935483870978,0.020154285714285687,0.03477311827956986,86.53351206434316,66.28421052631579,JB
2016-01-28,0.005354838709677397,0.8989361702127663,0.011707386363636342,0.03950531914893617,102.512,87.33707865168539,JB
2016-01-29,0.004450892857142845,0.6293193717277497,0.018555865921787672,0.025706806282722486,45.03125,35.77647058823529,JB
2016-01-30,0.004616571428571408,0.6073107049608354,0.01649999999999998,0.023207031249999982,49.145833333333336,40.593023255813954,JB
2016-01-31,0.005303333333333312,0.48619791666666723,0.026472222222222182,0.014492187499999956,42.111979166666664,24.19148936170213,JB
2016-02-01,0.005556666666666646,0.4239583333333348,0.02924444444444445,0.01343671874999997,34.953125,19.45263157894737,JB
2016-02-02,0.005393036211699147,0.5271540469973892,0.023364902506963745,0.020802610966057424,43.527415143603136,28.19148936170213,JB
2016-02-03,0.0053375358166188975,0.6100543478260869,0.02048546511627904,0.027030434782608668,59.889487870619945,41.83695652173913,JB
2016-02-04,0.005621409921671001,0.6720626631853781,0.02264623955431751,0.028242297650130536,70.0313315926893,51.58695652173913,JB
2016-02-05,0.005302864583333313,0.5583333333333336,0.022811111111111084,0.02533906249999993,52.51958224543081,33.8,JB
2016-02-06,0.005364322916666653,0.43750000000000006,0.026308333333333295,0.017976562499999973,45.864583333333336,25.875,JB
2016-02-07,0.0043502617801047016,0.4493472584856399,0.02324166666666663,0.017990885416666647,41.973958333333336,27.79787234042553,JB
2016-02-08,0.005757291666666651,0.4846354166666665,0.03757222222222218,0.013033854166666622,64.1328125,43.5531914893617,JB
2016-02-09,0.005729999999999978,0.48072916666666626,0.0322083333333333,0.013720052083333309,72.65274151436032,38.145833333333336,JB
2016-02-10,0.004789444444444429,0.5002604166666662,0.020433333333333307,0.022258593749999972,51.33942558746736,32.364583333333336,JB
2016-02-11,0.007282621082621057,0.517241379310344,0.030412921348314595,0.019626259946949564,51.56117021276596,31.802083333333332,JB
2016-02-12,0.005081058495821712,0.45093333333333385,0.026937321937321942,0.020466666666666633,25.88268156424581,16.564705882352943,JB
2016-02-13,0.003998955613577004,0.44921875,0.020061111111111078,0.016668489583333317,17.13573407202216,10.647727272727273,JB
2016-02-14,0.004064490861618781,0.3533854166666665,0.03049444444444444,0.0060062499999999725,35.7,19.104166666666668,JB
2016-02-15,0.004753580901856741,0.3468586387434556,0.033343575418994395,0.00867146596858635,36.031413612565444,13.34375,JB
2016-02-16,0.004440833333333315,0.4250000000000005,0.031347222222222214,0.010789322916666635,36.30263157894737,16.479166666666668,JB
2016-02-17,0.004128571428571414,0.4257217847769029,0.025374301675977623,0.01683795811518321,32.034120734908136,14.864583333333334,JB
2016-02-18,0.004085593220338964,0.43611859838274913,0.031184438040345812,0.01665390835579512,39.12849162011173,22.589473684210525,JB
2016-02-19,0.004855672823218982,0.6667546174142478,0.0221408450704225,0.025732717678100234,79.80211081794195,45.65263157894737,JB
2016-02-20,0.005157291666666646,0.5424479166666668,0.02134999999999996,0.023112760416666617,74.58854166666667,33.66315789473684,JB
2016-02-21,0.004440104166666652,0.4203125000000005,0.03126388888888888,0.012524999999999972,33.434895833333336,15.010416666666666,JB
2016-02-22,0.0044360335195530575,0.5495934959349593,0.018491329479768753,0.0254512195121951,52.98663101604278,33.680851063829785,JB
2016-02-23,0.004958888888888864,0.5348958333333339,0.02561666666666662,0.02003098958333329,78.69010416666667,44.09574468085106,JB
2016-02-24,0.004685100286532938,0.37801608579088436,0.032056818181818166,0.012057219251336872,31.38235294117647,15.73404255319149,JB
2016-02-25,0.004173033707865153,0.446052631578948,0.02881179775280897,0.018364210526315754,45.60263157894737,26.833333333333332,JB
2016-02-26,0.0035308781869688266,0.5455026455026458,0.029501416430594878,0.02100238095238093,69.750656167979,55.119565217391305,JB
2016-02-27,0.00507027777777776,0.5609375000000002,0.03867222222222219,0.018575781249999965,91.21989528795811,62.119565217391305,JB
2016-02-28,0.00434305555555554,0.6067708333333325,0.02664166666666663,0.0205013020833333,82.36096256684492,71.52272727272727,JB
2016-02-29,0.004725555555555536,0.3653645833333334,0.03634722222222219,0.010058593749999975,45.391644908616186,21.80851063829787,JB
2016-03-01,0.004162140992167088,0.391666666666667,0.030916426512968293,0.014465624999999977,39.635416666666664,24.833333333333332,JB
2016-03-02,0.0034145833333333237,0.36901041666666673,0.029321428571428578,0.016118749999999977,32.888020833333336,21.072916666666668,JB
2016-03-03,0.0037873684210526204,0.43315789473684263,0.027696428571428528,0.02206657894736838,46.89153439153439,28.46875,JB
2016-03-04,0.0037023746701846795,0.5044854881266493,0.016271186440677918,0.025843271767810018,46.03430079155673,38.36470588235294,JB
2016-03-05,0.003522656249999982,0.367708333333333,0.029499999999999957,0.013067708333333315,28.018567639257295,15.88888888888889,JB
2016-03-06,0.0037523437499999792,0.48020833333333285,0.024955555555555523,0.015114322916666624,68.6544502617801,35.14473684210526,JB
2016-03-07,0.004569393139841667,0.5268421052631572,0.01884788732394361,0.022297631578947336,98.12368421052632,37.30555555555556,JB
2016-03-08,0.005440837696335056,0.4332460732984296,0.02089106145251392,0.02113036649214657,88.24671916010499,30.11842105263158,JB
2016-03-09,0.005500543478260845,0.3701086956521746,0.02878197674418601,0.013066576086956496,50.113207547169814,16.95744680851064,JB
2016-03-10,0.004830729166666648,0.3324607329842935,0.03301117318435751,0.0106489583333333,35.705729166666664,13.145833333333334,JB
2016-03-11,0.0043098958333333175,0.38072916666666706,0.0308333333333333,0.014215364583333308,38.8359375,18.65625,JB
2016-03-12,0.004601822916666645,0.4148437500000004,0.030688888888888856,0.01806770833333331,60.098958333333336,26.135416666666668,JB
2016-03-13,0.00500416666666665,0.4929687500000002,0.033922222222222194,0.019096874999999982,82.76041666666667,49.28125,JB
2016-03-14,0.004930989583333307,0.6010416666666663,0.03575833333333332,0.021402343749999966,96.31770833333333,71.17708333333333,JB
2016-03-15,0.005456770833333307,0.5450520833333342,0.0297583333333333,0.02462447916666664,81.0703125,50.20879120879121,JB
2016-03-16,0.00496106666666665,0.5061333333333333,0.03077966101694913,0.02629786666666665,75.14893617021276,45.59036144578313,JB
2016-03-17,0.004402666666666646,0.5215425531914898,0.02624999999999997,0.026734574468085096,71.33684210526316,54.645833333333336,JB
2016-03-18,0.003563020833333319,0.5080729166666672,0.01842777777777775,0.024440104166666643,45.84375,38.78125,JB
2016-03-19,0.003957031249999982,0.5059895833333345,0.029832869080779915,0.018411197916666632,72.75,49.802083333333336,JB
2016-03-20,0.003720833333333314,0.49375000000000097,0.034894444444444415,0.013764322916666643,68.71614583333333,39.34375,JB
2016-03-21,0.003728608923884496,0.4960629921259851,0.0308347338935574,0.01914304461942254,59.08157894736842,40.175824175824175,JB
2016-03-22,0.004265885416666647,0.5111979166666681,0.036663888888888885,0.02065130208333332,64.21614583333333,46.25,JB
2016-03-23,0.004565508021390361,0.45534759358288796,0.03941714285714284,0.015165240641711214,77.6931216931217,48.63157894736842,JB
2016-03-24,0.004178215223097095,0.37978436657681935,0.03119047619047616,0.015639370078740132,52.37566137566137,26.84375,JB
2016-03-25,0.004112303664921449,0.39999999999999974,0.03681232492997198,0.01621496062992122,64.47643979057591,36.3125,JB
2016-03-26,0.0037406249999999796,0.40208333333333307,0.04186388888888883,0.014392447916666632,63.55874673629243,44.09375,JB
2016-03-27,0.004610156249999975,0.41927083333333354,0.04342777777777778,0.015058333333333307,61.846354166666664,43.572916666666664,JB
2016-03-28,0.004828645833333312,0.5020833333333333,0.04655833333333331,0.020931675392670133,78.34114583333333,57.791666666666664,JB
2016-03-29,0.004481599999999984,0.5074666666666672,0.05653954802259884,0.017068533333333292,93.015625,60.354166666666664,JB
2016-03-30,0.004245623342175052,0.4697802197802196,0.04576553672316385,0.01942989417989416,73.02105263157895,47.526315789473685,JB
2016-03-31,0.004928198433420353,0.5155988857938716,0.03284958217270193,0.02587676240208876,80.17015706806282,52.421052631578945,JB
2016-04-01,0.0059797900262467014,0.5208108108108118,0.03701960784313723,0.02887611548556428,92.25984251968504,55.06060606060606,JB
2016-04-02,0.005116406249999985,0.5059895833333339,0.04907222222222221,0.02380833333333329,91.27604166666667,58.32142857142857,JB
2016-04-03,0.004346093749999985,0.505208333333334,0.044155555555555524,0.01754687499999997,99.74934036939314,75.0297619047619,JB
2016-04-04,0.0037194225721784656,0.4078740157480318,0.034859943977591006,0.01475013123359577,41.6388140161725,30.339622641509433,JB
2016-04-05,0.004407368421052615,0.34789473684210487,0.03396910112359549,0.016647105263157866,46.736147757255935,21.029761904761905,JB
2016-04-06,0.0044239583333333145,0.4182291666666667,0.033472222222222195,0.021775260416666633,58.91534391534392,30.089285714285715,JB
2016-04-07,0.0035722527472527347,0.376901408450704,0.043623529411764686,0.013783241758241737,26.4,15.55483870967742,JB
2016-04-08,0.0037739583333333167,0.4032085561497328,0.040613888888888866,0.01486484374999998,67.65,27.97005988023952,JB
2016-04-09,0.004228906249999983,0.47213541666666603,0.04075000000000001,0.016906249999999966,148.30104712041884,39.04761904761905,JB
2016-04-10,0.004580989583333314,0.5460937499999995,0.04795555555555552,0.014595052083333311,142.17150395778364,52.67261904761905,JB
2016-04-11,0.003997395833333314,0.598697916666667,0.04530277777777776,0.014495572916666638,99.0,58.785714285714285,JB
2016-04-12,0.004270496083550891,0.4128272251308894,0.03921169916434539,0.015343080939947755,57.25,32.589285714285715,JB
2016-04-13,0.0036749999999999786,0.39453125000000017,0.033961111111111074,0.013460677083333317,29.73611111111111,18.36144578313253,JB
2016-04-14,0.003925526315789461,0.4065789473684206,0.03737921348314602,0.013811842105263117,40.26086956521739,22.56547619047619,JB
2016-04-15,0.003885561497326188,0.46085790884718386,0.03959374999999999,0.01547700534759356,57.086253369272235,34.82634730538922,JB
2016-04-16,0.004395833333333313,0.456249999999999,0.03924166666666663,0.015407812499999972,50.43967828418231,29.68944099378882,JB
2016-04-17,0.004788020833333303,0.4272251308900517,0.0478111111111111,0.008459635416666634,52.826558265582655,22.20886075949367,JB
2016-04-18,0.004096614583333317,0.4460937499999997,0.043872222222222215,0.01177968749999995,51.729658792650916,26.785714285714285,JB
2016-04-19,0.004020105820105808,0.43227513227513237,0.042265536723163834,0.014367724867724828,45.120879120879124,27.214285714285715,JB
2016-04-20,0.004252278820375319,0.47533512064343136,0.03348710601719196,0.021293565683646088,54.28378378378378,31.87012987012987,JB
2016-04-21,0.0037149333333333125,0.4309333333333328,0.03541595441595441,0.01561306666666664,30.629850746268655,21.192307692307693,JB
2016-04-22,0.0038760526315789307,0.5031578947368416,0.05457584269662915,0.011506052631578917,63.010958904109586,39.392857142857146,JB
2016-04-23,0.004478906249999978,0.5664062499999996,0.04359722222222222,0.016022764227642237,177.68146214099218,67.10714285714286,JB
2016-04-24,0.005279687499999978,0.46145833333333236,0.03894444444444444,0.015446388888888864,182.33854166666666,38.69047619047619,JB
2016-04-25,0.005249197860962542,0.4772727272727263,0.04277714285714285,0.02088694444444441,122.04545454545455,38.04761904761905,JB
2016-04-26,0.006445714285714259,0.5401129943502808,0.04353172205438065,0.02680563380281686,100.74444444444444,44.220238095238095,JB
2016-04-27,0.0037419263456090466,0.4161931818181818,0.03808459214501512,0.014455807365439064,43.1890243902439,24.87878787878788,JB
2016-04-28,0.0042748633879781195,0.37624309392265143,0.038330409356725104,0.014832513661202152,33.82122905027933,18.284848484848485,JB
2016-04-29,0.005067018469656978,0.4129287598944587,0.03998591549295772,0.015262532981530316,57.98412698412698,30.98787878787879,JB
2016-04-30,0.004172656249999985,0.4317708333333327,0.05416388888888886,0.014573697916666637,58.910994764397905,29.36904761904762,JB
2016-05-01,0.0036005291005290875,0.390575916230366,0.05874301675977653,0.01114738219895285,45.440104166666664,19.305676855895197,JB
2016-05-02,0.003343681318681304,0.3583106267029968,0.04083620689655171,0.010312162162162122,41.541333333333334,16.612068965517242,JB
2016-05-03,0.0034699186991869724,0.3532608695652176,0.04302890173410402,0.006632336956521714,18.040697674418606,8.474285714285715,JB
2016-05-04,0.005318970189701875,0.47100271002710015,0.0530608695652174,0.012598102981029778,62.37127371273713,23.284444444444443,JB
2016-05-05,0.004329947916666645,0.4841145833333334,0.05023055555555556,0.012383072916666625,55.73753280839895,27.094827586206897,JB
2016-05-06,0.003720052083333312,0.37890625,0.051988888888888855,0.00801249999999998,26.591511936339522,13.708542713567839,JB
2016-05-07,0.004588541666666643,0.39635416666666706,0.043738888888888876,0.011696614583333292,140.80729166666666,32.35146443514645,JB
2016-05-08,0.004074479166666644,0.39973958333333354,0.04253333333333334,0.013220052083333295,57.56613756613756,20.661087866108787,JB
2016-05-09,0.004985416666666642,0.44739583333333277,0.044447222222222194,0.01782708333333331,70.51174934725849,28.095833333333335,JB
2016-05-10,0.003636745406824134,0.42440944881889714,0.0375238095238095,0.013745406824146954,36.02578796561605,22.377777777777776,JB
2016-05-11,0.0037548387096774014,0.34758064516128984,0.04284726224783858,0.01242499999999998,24.566901408450704,11.584070796460177,JB
2016-05-12,0.003248509485094835,0.37398373983739847,0.041933717579250664,0.012809214092140891,31.183150183150182,19.287128712871286,JB
2016-05-13,0.0033263020833333157,0.4531250000000004,0.049597222222222244,0.013175520833333296,42.19814241486068,25.852564102564102,JB
2016-05-14,0.0035359374999999814,0.4367187500000013,0.047423728813559295,0.013421614583333297,41.630208333333336,26.254545454545454,JB
2016-05-15,0.003608854166666648,0.3981770833333342,0.041589285714285676,0.008128906249999969,37.80474934036939,24.46766169154229,JB
2016-05-16,0.004579166666666642,0.4190104166666672,0.04730654761904763,0.011651562499999968,32.88172043010753,19.408653846153847,JB
2016-05-17,0.004434048257372634,0.4824657534246583,0.04888607594936709,0.016081593406593382,53.17426273458445,32.68493150684932,JB
2016-05-18,0.004601891891891867,0.4997134670487108,0.053099337748344376,0.019533333333333295,62.48913043478261,40.31627906976744,JB
2016-05-19,0.004695312499999978,0.49427083333333405,0.05761011904761902,0.019715364583333304,67.44791666666667,46.50230414746544,JB
2016-05-20,0.004523670212765937,0.43510638297872417,0.05999397590361443,0.017754787234042526,60.80748663101604,41.63084112149533,JB
2016-05-21,0.004080468749999986,0.39895833333333375,0.057047619047619055,0.016230208333333315,49.395833333333336,34.056603773584904,JB
2016-05-22,0.0037674479166666477,0.3994708994709006,0.059300595238095326,0.012697395833333307,52.5703125,37.91244239631337,JB
2016-05-23,0.004481052631578925,0.4232240437158479,0.06072672672672671,0.015141052631578918,57.51587301587302,40.53636363636364,JB
2016-05-24,0.003375260416666652,0.361979166666667,0.04998511904761906,0.010603385416666637,26.4750656167979,19.597989949748744,JB
2016-05-25,0.0038691489361702,0.46329787234042624,0.05022796352583583,0.013687798408488046,62.72559366754617,44.75111111111111,JB
2016-05-26,0.004166395663956618,0.5154471544715447,0.05461261261261259,0.014969565217391272,93.828418230563,69.56277056277057,JB
2016-05-27,0.005252864583333301,0.5013020833333328,0.057262569832402195,0.01682760416666665,101.6005291005291,68.97457627118644,JB
2016-05-28,0.005789322916666631,0.4369791666666672,0.06498055555555556,0.015323177083333292,73.13802083333333,42.44166666666667,JB
2016-05-29,0.004913020833333301,0.4145833333333342,0.05987499999999997,0.013020312499999959,71.5234375,44.30801687763713,JB
2016-05-30,0.0052619791666666344,0.4877604166666667,0.06160833333333332,0.0159763020833333,89.484375,59.72457627118644,JB
2016-05-31,0.004635156249999974,0.44088541666666664,0.05346944444444441,0.0153294270833333,77.23177083333333,49.983122362869196,JB
2016-06-01,0.004692797783933501,0.40651041666666726,0.054943661971831044,0.013935416666666646,70.5859375,46.61087866108787,JB
2016-06-02,0.0045116147308781746,0.4111405835543771,0.06009090909090909,0.014012732095490683,71.36074270557029,49.291304347826085,JB
2016-06-03,0.0041426183844010984,0.3832898172323766,0.0596901408450704,0.015317754569190566,66.77604166666667,39.5375,JB
2016-06-04,0.003866944444444432,0.3541666666666668,0.03724999999999993,0.01678203124999997,50.231770833333336,32.97787610619469,JB
2016-06-05,0.004230277777777764,0.37838541666666675,0.04883055555555554,0.01349479166666664,54.7037037037037,40.81372549019608,JB
2016-06-06,0.0035855555555555437,0.334895833333333,0.04609444444444443,0.012419791666666626,47.18010752688172,34.613861386138616,JB
2016-06-07,0.00391388888888888,0.3424479166666666,0.043858333333333326,0.01286354166666663,50.61842105263158,36.586021505376344,JB
2016-06-08,0.004563218390804582,0.305675675675675,0.03326011560693637,0.013525945945945922,44.799457994579946,28.481283422459892,JB
2016-06-09,0.004358119658119643,0.36168478260869563,0.039223188405797076,0.01380244565217388,55.683646112600535,38.27014218009479,JB
2016-06-10,0.004501666666666653,0.48206521739130515,0.05394476744186047,0.014549728260869532,71.94550408719346,51.810344827586206,JB
2016-06-11,0.003878333333333324,0.3763020833333341,0.03375277777777777,0.011312760416666632,52.77284595300261,37.11946902654867,JB
2016-06-12,0.0033827777777777693,0.2939473684210529,0.01959077809798266,0.009422309711286062,34.04010695187166,21.813725490196077,JB
2016-06-13,0.004045833333333324,0.41015625000000094,0.04583333333333334,0.011678645833333308,50.669333333333334,36.14090909090909,JB
2016-06-14,0.00389194444444444,0.4151041666666678,0.040460641399416894,0.011791927083333301,53.33420365535248,37.376106194690266,JB
2016-06-15,0.003471111111111107,0.32708333333333334,0.03265277777777777,0.011092968749999968,37.12228260869565,23.883248730964468,JB
2016-06-16,0.003962784090909089,0.3545212765957443,0.05060511363636362,0.01003457446808508,31.96866096866097,20.34010152284264,JB
2016-06-17,0.00332072829131652,0.3981627296587933,0.05605882352941172,0.010760892388451411,44.039370078740156,29.38888888888889,JB
2016-06-18,0.003266111111111107,0.44921875000000117,0.05246666666666666,0.010417708333333301,54.71465968586387,40.674418604651166,JB
2016-06-19,0.003167130919220051,0.39347258485639686,0.04988857938718663,0.007786684073107026,41.99728997289973,29.903381642512077,JB
2016-06-20,0.0029838440111420576,0.3556135770234989,0.03901114206128131,0.010519582245430774,42.0,30.782608695652176,JB
2016-06-21,0.003785632183908047,0.3513089005235595,0.04206515580736545,0.01201439790575912,45.376,32.338235294117645,JB
2016-06-22,0.0037966257668711595,0.41709401709401783,0.036081249999999995,0.012834399999999963,52.23249299719888,38.65482233502538,JB
2016-06-23,0.003585454545454539,0.39463276836158084,0.03947305389221553,0.011547578347578323,42.51724137931034,30.033653846153847,JB
2016-06-24,0.003764776119402978,0.3935393258426963,0.042131578947368395,0.011083557951482451,33.44940476190476,22.831683168316832,JB
2016-06-25,0.00501755952380951,0.35260115606936393,0.05689166666666669,0.0093083333333333,37.59416445623342,18.34375,JB
2016-06-26,0.004291964285714277,0.40444444444444444,0.05851666666666659,0.009118749999999972,39.473404255319146,24.053333333333335,JB
2016-06-27,0.004123511904761896,0.39249999999999946,0.03654722222222222,0.015551041666666635,39.170798898071624,24.623893805309734,JB
2016-06-28,0.004326785714285706,0.43166666666666603,0.04477777777777778,0.013014322916666638,54.571045576407506,39.39737991266376,JB
2016-06-29,0.0039066066066066035,0.41547277936962695,0.03935714285714284,0.011514973262032048,33.362116991643454,24.44607843137255,JB
2016-06-30,0.003174107142857137,0.3340909090909089,0.035040752351097174,0.009112394366197155,23.47878787878788,14.644549763033176,JB
2016-07-01,0.00301352112676056,0.2701449275362311,0.026787096774193525,0.007826988636363606,13.55621301775148,7.319767441860465,JB
2016-07-02,0.0031972144846796604,0.27960893854748575,0.03759523809523809,0.008249700598802368,14.58308157099698,7.790322580645161,JB
2016-07-03,0.003069075144508663,0.30972222222222245,0.034092261904761924,0.008809821428571396,25.41899441340782,16.677083333333332,JB
2016-07-04,0.00303534743202417,0.32022792022792024,0.02488685015290515,0.01165205882352938,16.142857142857142,10.193370165745856,JB
2016-07-05,0.0028465116279069776,0.24676470588235258,0.017207831325301196,0.007095942028985479,15.99438202247191,6.752747252747253,JB
2016-07-06,0.0031091185410334343,0.2585227272727273,0.026018292682926814,0.010871965317919043,18.05157593123209,10.676923076923076,JB
2016-07-07,0.002965671641791046,0.249303621169916,0.02325525525525522,0.011371587743732555,22.43820224719101,12.785365853658536,JB
2016-07-08,0.0036509146341463347,0.2880813953488366,0.03561890243902433,0.012068285714285686,27.291428571428572,16.014705882352942,JB
2016-07-09,0.003942996742671003,0.3807339449541291,0.046717948717948675,0.012909821428571392,46.157738095238095,31.724489795918366,JB
2016-07-10,0.004486805555555551,0.33895705521472463,0.033647435897435886,0.011899702380952342,43.00903614457831,28.21,JB
2016-07-11,0.004215960912052111,0.33450292397660847,0.029888198757763943,0.014298265895953738,39.3757225433526,27.517073170731706,JB
2016-07-12,0.003296978851963748,0.32056338028168974,0.02622356495468276,0.011009014084507017,27.96358543417367,18.723300970873787,JB
2016-07-13,0.004243710691823898,0.3704477611940298,0.03062658227848096,0.012697653958944254,39.36443148688047,27.382653061224488,JB
2016-07-14,0.003960307692307684,0.31150442477876034,0.0383667711598746,0.0106676470588235,26.017543859649123,15.323383084577115,JB
2016-07-15,0.003645125348189411,0.38133704735376095,0.03535416666666664,0.01306796657381613,27.92757660167131,16.232142857142858,JB
2016-07-16,0.003442499999999992,0.3583333333333335,0.036855384615384595,0.008691666666666634,21.554621848739497,13.066350710900474,JB
2016-07-17,0.0030969444444444425,0.2994444444444437,0.036927272727272725,0.00637194444444442,14.750700280112046,6.885714285714286,JB
2016-07-18,0.003568465909090899,0.3096590909090903,0.029338983050847443,0.010515297450424902,19.988857938718663,11.303921568627452,JB
2016-07-19,0.004235632183908031,0.4678160919540244,0.044392026578073084,0.0135372492836676,40.28279883381924,28.24770642201835,JB
2016-07-20,0.003879999999999993,0.43928571428571467,0.046092948717948654,0.011254999999999973,40.559766763848394,29.841346153846153,JB
2016-07-21,0.004189442815249245,0.36911314984709453,0.04463174603174602,0.011101709401709368,35.890243902439025,24.444976076555022,JB
2016-07-22,0.0043083333333333185,0.37619047619047663,0.04418749999999999,0.010311944444444415,36.75142857142857,25.742081447963802,JB
2016-07-23,0.004261011904761884,0.37053571428571425,0.04441666666666668,0.009347222222222203,37.852367688022284,26.385365853658538,JB
2016-07-24,0.0031809523809523807,0.26785714285714207,0.03168674698795178,0.006596078431372535,27.783333333333335,17.624413145539908,JB
2016-07-25,0.003319047619047619,0.2583333333333326,0.029621538461538463,0.008353333333333317,29.008356545961004,17.643192488262912,JB
2016-07-26,0.0031912650602409654,0.26084337349397496,0.02368072289156624,0.008769101123595482,24.963483146067414,14.542857142857143,JB
2016-07-27,0.0030100609756097594,0.2645833333333323,0.025760606060606043,0.007454829545454528,26.00280112044818,14.804651162790698,JB
2016-07-28,0.0027410334346504588,0.39620991253644294,0.043873015873015855,0.00966401179941001,44.959537572254334,32.38693467336683,JB
2016-07-29,0.002584523809523813,0.37232142857142864,0.032732919254658384,0.010866763005780319,46.1859756097561,30.922018348623855,JB
2016-07-30,0.0027038690476190517,0.27261904761904704,0.024928571428571404,0.00763760445682449,28.98050139275766,18.042857142857144,JB
2016-07-31,0.0030732142857142863,0.2541666666666658,0.02462202380952377,0.00691944444444442,27.98546511627907,18.057291666666668,JB
2016-08-01,0.0034034883720930223,0.26117318435754144,0.023014925373134293,0.01041727019498604,29.58092485549133,18.829596412556054,JB
2016-08-02,0.0032966292134831423,0.2974789915966381,0.02505988023952094,0.01233631284916198,34.773743016759774,22.445414847161572,JB
2016-08-03,0.002731908831908835,0.296848137535816,0.030805471124620034,0.011446175637393747,27.813753581661892,16.46153846153846,JB
2016-08-04,0.00303267605633803,0.37154929577464796,0.039975830815709955,0.011503380281690116,37.17548746518106,25.049107142857142,JB
2016-08-05,0.003444692737430156,0.41117318435754313,0.048374251497005936,0.010835474860335162,48.32212885154062,34.44298245614035,JB
2016-08-06,0.003205555555555555,0.40833333333333466,0.04659638554216866,0.010433333333333305,47.76750700280112,33.74107142857143,JB
2016-08-07,0.003678409090909081,0.4176136363636379,0.042240131578947356,0.008911965811965787,40.12250712250712,28.712962962962962,JB
2016-08-08,0.003499999999999997,0.3916666666666669,0.03949305555555553,0.012267857142857105,38.94345238095238,25.695652173913043,JB
2016-08-09,0.003649704142011826,0.4221574344023327,0.044176271186440665,0.012690087463556828,43.90087463556851,30.600877192982455,JB
2016-08-10,0.0033407303370786485,0.41713483146067554,0.04061612903225803,0.010913764044943793,45.00557103064067,32.90497737556561,JB
2016-08-11,0.0042082595870206315,0.37050561797752796,0.034097402597402564,0.013496067415730308,37.71388888888889,24.713636363636365,JB
2016-08-12,0.00418356545961001,0.3566666666666666,0.032673076923076916,0.012946388888888858,37.53631284916201,24.475555555555555,JB
2016-08-13,0.004025633802816883,0.32083333333333325,0.027365384615384594,0.010263333333333308,35.38655462184874,23.490654205607477,JB
2016-08-14,0.0036339031339031203,0.320277777777778,0.025580128205128193,0.007846666666666646,36.513966480446925,25.606635071090047,JB
2016-08-15,0.0036754335260115512,0.38555555555555526,0.0338076923076923,0.009457541899441316,35.71666666666667,24.38860103626943,JB
2016-08-16,0.003684023668639043,0.4642651296829986,0.0415581395348837,0.011996253602305447,37.298850574712645,20.795348837209303,JB
2016-08-17,0.00390837988826814,0.49693593314763373,0.04373870967741933,0.012775208913648995,43.94692737430167,27.00943396226415,JB
2016-08-18,0.0035575070821529608,0.46129943502825077,0.044710097719869696,0.013330790960451954,42.81120943952802,28.934010152284262,JB
2016-08-19,0.0034367977528089776,0.441736694677873,0.04378640776699026,0.013387114845938351,38.16763005780347,24.6,JB
2016-08-20,0.0036074999999999814,0.4488888888888904,0.046717948717948724,0.012315277777777744,43.105555555555554,27.717391304347824,JB
2016-08-21,0.003622005571030624,0.3969444444444436,0.045012820512820476,0.009806944444444412,37.140449438202246,23.7688679245283,JB
2016-08-22,0.0038656249999999798,0.4305949008498591,0.04221451104100944,0.014008215297450393,43.187134502923975,27.884615384615383,JB
2016-08-23,0.0031630555555555513,0.3966666666666664,0.03544311377245507,0.011154444444444413,38.79827089337176,24.430493273542602,JB
2016-08-24,0.0035042016806722536,0.3904761904761904,0.03866366366366364,0.010739775910364121,33.7185628742515,20.057142857142857,JB
2016-08-25,0.004042151162790683,0.4260869565217402,0.045752321981424156,0.012759710144927505,39.74923547400611,25.1390134529148,JB
2016-08-26,0.0032394444444444376,0.35111111111111126,0.02494642857142854,0.012902499999999976,28.215686274509803,17.72300469483568,JB
2016-08-27,0.002866944444444442,0.28249999999999936,0.029175595238095216,0.009307777777777755,19.374647887323945,8.856502242152466,JB
2016-08-28,0.002855307262569831,0.27194444444444404,0.02641071428571427,0.007339444444444427,16.712290502793294,8.586666666666666,JB
2016-08-29,0.0035455555555555457,0.2927777777777775,0.028806547619047603,0.009600277777777748,21.43888888888889,8.81858407079646,JB
2016-08-30,0.0038610644257702923,0.3131652661064419,0.03578378378378377,0.009411647727272703,38.2752808988764,14.379166666666666,JB
2016-08-31,0.004330833333333309,0.39000000000000024,0.05211309523809524,0.007980357142857126,53.044444444444444,19.870833333333334,JB
2016-09-01,0.004060277777777768,0.4869444444444467,0.08467065868263479,0.009556547619047598,69.9888888888889,40.43514644351465,JB
2016-09-02,0.0028117977528089905,0.36994382022471917,0.04707165109034267,0.009896793002915419,24.391812865497077,15.754545454545454,JB
2016-09-03,0.00309555555555555,0.36722222222222267,0.03894871794871794,0.010238333333333304,19.853107344632768,12.0,JB
2016-09-04,0.0036783333333333212,0.4130555555555571,0.040125000000000015,0.011818333333333311,36.35195530726257,24.714953271028037,JB
2016-09-05,0.003803910614525123,0.44822888283378926,0.03964890282131657,0.012635967302452289,48.19887955182073,35.41206030150754,JB
2016-09-06,0.0038316939890710197,0.40338541666666905,0.03016071428571425,0.014604166666666632,44.65738161559889,33.54867256637168,JB
2016-09-07,0.004249315068493135,0.491246684350134,0.035396501457725944,0.01480875331564984,62.16711590296496,47.39224137931034,JB
2016-09-08,0.003670798898071616,0.4860962566844937,0.03979829545454541,0.01216747311827953,47.8972972972973,34.013333333333335,JB
2016-09-09,0.003469496021220151,0.45105263157895,0.044668539325842686,0.012271578947368383,46.4112676056338,33.35909090909091,JB
2016-09-10,0.004075654450261761,0.5119791666666681,0.0418743016759776,0.014187760416666648,51.559888579387184,38.731818181818184,JB
2016-09-11,0.0032881578947368327,0.44166666666667015,0.03977222222222221,0.010705729166666638,40.58571428571429,30.178571428571427,JB
2016-09-12,0.0033002638522427346,0.41984334203655616,0.030735376044568226,0.01366553524804175,42.61764705882353,31.317757009345794,JB
2016-09-13,0.0035235135135135037,0.38247978436657737,0.0386109510086455,0.014515363881401594,41.1631419939577,29.29694323144105,JB
2016-09-14,0.0037888020833333137,0.4223958333333368,0.04545098039215685,0.011207031249999977,53.098314606741575,41.65777777777778,JB
2016-09-15,0.00348645833333332,0.3911458333333346,0.035436111111111085,0.010732031249999968,44.84357541899441,35.037974683544306,JB
2016-09-16,0.0030468749999999906,0.4049479166666688,0.026069444444444416,0.012071614583333307,46.09243697478992,37.12605042016807,JB
2016-09-17,0.0027591145833333317,0.278067885117493,0.024341666666666616,0.008077864583333311,13.248571428571429,9.336322869955158,JB
2016-09-18,0.002725520833333333,0.27676240208877223,0.02936388888888887,0.007798697916666636,11.521613832853026,7.565789473684211,JB
2016-09-19,0.0028575916230366453,0.280839895013123,0.025330532212885122,0.009501049868766374,21.264044943820224,10.247899159663865,JB
2016-09-20,0.0029110512129380014,0.2745205479452049,0.029433908045976967,0.011620967741935457,21.008797653958943,10.907488986784141,JB
2016-09-21,0.0031105405405405353,0.33891891891891873,0.02987861271676302,0.013914594594594565,35.60344827586207,21.885106382978723,JB
2016-09-22,0.003297097625329806,0.3611111111111119,0.03398324022346365,0.013711873350923462,41.35511363636363,26.36051502145923,JB
2016-09-23,0.003696874999999983,0.37682291666666806,0.035413888888888884,0.01590078124999997,44.85795454545455,28.9017094017094,JB
2016-09-24,0.003989583333333312,0.40416666666666895,0.039474999999999955,0.01599062499999997,49.87709497206704,34.05857740585774,JB
2016-09-25,0.0036682291666666495,0.46640625000000235,0.03127222222222216,0.014992187499999976,60.18994413407821,45.204255319148935,JB
2016-09-26,0.003488541666666656,0.43515625000000213,0.02153611111111109,0.0166458333333333,47.13725490196079,33.56903765690377,JB
2016-09-27,0.003521164021164011,0.36587301587301596,0.01674011299435026,0.011652116402116369,28.286931818181817,18.48945147679325,JB
2016-09-28,0.0037807291666666475,0.39713541666666785,0.026136111111111103,0.014542968749999977,41.90502793296089,28.28813559322034,JB
2016-09-29,0.0036072972972972872,0.4562500000000016,0.01647499999999997,0.01216718749999997,44.14804469273743,31.346320346320347,JB
2016-09-30,0.003388219178082186,0.3736979166666665,0.012761904761904728,0.015051562499999964,24.428571428571427,14.188284518828452,JB
2016-10-01,0.00330992167101827,0.4013020833333341,0.008731428571428534,0.016289196675900248,24.140449438202246,15.6,JB
2016-10-02,0.0034236979166666574,0.38151041666666635,0.01498888888888887,0.010703888888888862,22.814606741573034,13.914893617021276,JB
2016-10-03,0.003562760416666658,0.3271540469973888,0.021402777777777757,0.009970555555555536,22.782122905027933,14.225,JB
2016-10-04,0.0034086720867208607,0.371273712737127,0.02950741839762608,0.012948305084745728,35.18421052631579,20.935344827586206,JB
2016-10-05,0.0034275675675675622,0.3367292225201068,0.031317142857142835,0.010509239130434759,26.669540229885058,13.369565217391305,JB
2016-10-06,0.004275916230366473,0.4170157068062855,0.03215921787709496,0.014464397905759131,39.957142857142856,19.907563025210084,JB
2016-10-07,0.0034802083333333226,0.41171875000000124,0.021399999999999943,0.016979687499999976,36.57909604519774,20.567226890756302,JB
2016-10-08,0.003969791666666647,0.37708333333333427,0.03246666666666668,0.011652864583333306,22.542857142857144,12.526548672566372,JB
2016-10-09,0.003978645833333314,0.3453124999999993,0.0328444444444444,0.010082552083333302,25.76750700280112,11.878661087866108,JB
2016-10-10,0.003823177083333317,0.4106770833333355,0.01931111111111108,0.018549739583333325,38.342696629213485,19.30672268907563,JB
2016-10-11,0.003879356568364596,0.4522788203753375,0.015028653295128907,0.021865147453083086,46.112391930835734,25.867521367521366,JB
2016-10-12,0.003894214876033047,0.43305785123967067,0.023023598820058968,0.019207438016528886,53.445103857566764,31.141592920353983,JB
2016-10-13,0.0036999999999999924,0.4148760330578529,0.017116959064327447,0.02287548209366388,53.585585585585584,29.269058295964125,JB
2016-10-14,0.00405947368421051,0.503149606299214,0.028154061624649847,0.024533070866141725,76.9533527696793,48.70338983050848,JB
2016-10-15,0.003916406249999984,0.5877777777777774,0.03247353760445678,0.024340364583333305,96.73020527859238,67.58898305084746,JB
2016-10-16,0.0031900783289817176,0.4275000000000008,0.027292479108635057,0.014623958333333307,50.72514619883041,35.62447257383966,JB
2016-10-17,0.003473796791443844,0.4071839080459775,0.026914285714285693,0.014465775401069494,34.201166180758015,22.259414225941423,JB
2016-10-18,0.003606552706552702,0.5276470588235297,0.021611620795106996,0.020097159090909075,62.006493506493506,37.26521739130435,JB
2016-10-19,0.0034424324324324254,0.5248648648648657,0.025104651162790658,0.020065945945945924,64.41284403669725,39.449074074074076,JB
2016-10-20,0.0032172506738544432,0.5442048517520218,0.023182890855457192,0.023055795148247942,71.16326530612245,47.373873873873876,JB
2016-10-21,0.0030852054794520503,0.4213698630137008,0.025480362537764326,0.016370958904109563,57.064516129032256,32.82127659574468,JB
2016-10-22,0.00382526041666665,0.36875000000000063,0.02323579545454541,0.016692968749999967,44.869942196531795,23.395833333333332,JB
2016-10-23,0.0033945312499999904,0.3424479166666667,0.023935672514619866,0.011855989583333322,33.00306748466258,18.425,JB
2016-10-24,0.0032484126984126944,0.3177248677248677,0.022135593220338944,0.014032275132275101,25.693009118541035,10.7125,JB
2016-10-25,0.003885677083333316,0.3640625000000006,0.029828488372092964,0.0135997395833333,26.514588859416445,11.804166666666667,JB
2016-10-26,0.0037754010695187023,0.44456521739130644,0.018673529411764672,0.01972807486631013,40.26229508196721,23.94468085106383,JB
2016-10-27,0.0036163588390501237,0.5339522546419094,0.010095238095238053,0.026605540897097598,62.06233062330623,40.17672413793103,JB
2016-10-28,0.0035445312499999874,0.3554347826086954,0.02390555555555552,0.01507760416666664,35.09162303664922,18.126050420168067,JB
2016-10-29,0.004239583333333317,0.3434895833333333,0.030924999999999942,0.013040364583333318,40.03448275862069,18.620833333333334,JB
2016-10-30,0.0033884816753926607,0.34479166666666644,0.02501944444444442,0.013728906249999971,37.3315649867374,16.919148936170213,JB
2016-10-31,0.0038503916449086043,0.43203125000000137,0.012286111111111086,0.02180885416666664,44.57294429708223,25.675105485232066,JB
2016-11-01,0.0039877384196185086,0.3128065395095365,0.029921282798833798,0.01150871934604901,28.253731343283583,14.795833333333333,JB
2016-11-02,0.0038784702549574984,0.4228813559322034,0.021566666666666626,0.018913841807909566,39.518181818181816,24.762114537444933,JB
2016-11-03,0.004360893854748587,0.5483516483516486,0.02310882352941173,0.0224557692307692,66.28882833787466,43.7982062780269,JB
2016-11-04,0.0038675438596491155,0.5295081967213119,0.028754385964912244,0.02191092896174863,74.48870056497175,55.88151658767772,JB
2016-11-05,0.003688055555555549,0.4567708333333345,0.03715406162464981,0.01887187499999997,67.19623655913979,51.13389121338912,JB
2016-11-06,0.003342896935933138,0.46588541666666816,0.027686111111111057,0.015361718749999967,63.78763440860215,49.96551724137931,JB
2016-11-07,0.0035186991869918627,0.41096605744125475,0.02728969359331473,0.0164344647519582,53.65013054830287,36.7563025210084,JB
2016-11-08,0.0043919270833333085,0.4218750000000011,0.03199166666666661,0.011860416666666651,55.744791666666664,43.025,JB
2016-11-09,0.0036607843137254794,0.38333333333333397,0.024693877551020357,0.016159400544959096,48.51902173913044,32.831932773109244,JB
2016-11-10,0.003599704142011828,0.46532951289398405,0.009728658536585328,0.027671999999999954,52.10818713450293,40.46818181818182,JB
2016-11-11,0.0036048648648648557,0.46819407008086344,0.022706051873198834,0.019940700808625304,65.9207650273224,32.375586854460096,JB
2016-11-12,0.004099999999999985,0.5471354166666677,0.02320949720670387,0.022512499999999987,76.52864583333333,34.670833333333334,JB
2016-11-13,0.0035406249999999887,0.5013020833333354,0.02546742209631726,0.018436979166666638,60.479166666666664,33.175,JB
2016-11-14,0.0038026041666666508,0.4721354166666678,0.021652777777777757,0.01754739583333332,38.9700272479564,24.529166666666665,JB
2016-11-15,0.0050472067039105915,0.4265363128491624,0.028754491017964044,0.014313407821229043,59.175,26.109649122807017,JB
2016-11-16,0.004068194842406865,0.5351428571428565,0.012634969325153346,0.025096571428571413,52.8419540229885,31.668161434977577,JB
2016-11-17,0.004543697478991579,0.6607843137254893,0.01599699699699697,0.031194957983193262,92.03672316384181,57.97021276595745,JB
2016-11-18,0.0040043956043955935,0.7410614525139673,0.011299999999999968,0.03307369863013698,103.14324324324325,75.32352941176471,JB
2016-11-19,0.0032328124999999905,0.5839393939393945,0.0107881355932203,0.023833333333333293,57.40208877284595,47.73303167420814,JB
2016-11-20,0.0037934895833333115,0.5967948717948718,0.023977777777777737,0.016280468749999978,52.2257217847769,36.62916666666667,JB
2016-11-21,0.0035302083333333153,0.6090062111801242,0.008729344729344687,0.026270572916666648,59.510471204188484,40.50833333333333,JB
2016-11-22,0.004458854166666635,0.4089855072463771,0.022420168067226864,0.017008333333333302,42.51315789473684,23.633333333333333,JB
2016-11-23,0.00455170603674538,0.38766404199475085,0.0229719887955182,0.013356430446194186,32.945169712793735,15.029166666666667,JB
2016-11-24,0.004229649595687315,0.384366576819407,0.02540114613180514,0.012867654986522883,30.453804347826086,16.9873417721519,JB
2016-11-25,0.003906005221932099,0.477284595300262,0.016702777777777747,0.02188749999999998,44.38743455497382,29.456066945606693,JB
2016-11-26,0.0037742187499999864,0.6183246073298426,0.007962962962962936,0.028055208333333314,59.34203655352481,47.59825327510917,JB
2016-11-27,0.003719628647214842,0.6036458333333334,0.013161559888579344,0.021567362924281974,51.442708333333336,36.57142857142857,JB
2016-11-28,0.00452630208333332,0.6018229166666665,0.021069444444444408,0.019097135416666636,80.546875,44.05833333333333,JB
2016-11-29,0.004383550913838098,0.5450520833333329,0.013909859154929536,0.024060835509138366,43.655352480417754,27.347280334728033,JB
2016-11-30,0.004142587601078152,0.5815217391304345,0.006342182890855429,0.02823800539083554,51.68478260869565,37.44444444444444,JB
2016-12-01,0.00417787114845937,0.5325842696629216,0.022038690476190444,0.019003047091412723,57.77903682719547,34.72549019607843,JB
2016-12-02,0.004326229508196698,0.49808219178082264,0.017315942028985468,0.020578319783197793,41.13315217391305,23.337620578778136,JB
2016-12-03,0.004229947916666651,0.6704188481675387,0.011558333333333308,0.026099999999999967,60.778645833333336,42.46864686468647,JB
2016-12-04,0.0045432291666666486,0.7817708333333333,0.008241666666666645,0.027890624999999978,79.74083769633508,64.17763157894737,JB
2016-12-05,0.00533723958333331,0.775718015665796,0.028908333333333303,0.01994140624999997,115.8848167539267,82.14802631578948,JB
2016-12-06,0.0045162666666666495,0.4394666666666668,0.02519373219373218,0.015961333333333303,33.77211796246649,17.023102310231025,JB
2016-12-07,0.004466939890710369,0.5846575342465755,0.016199404761904727,0.025103825136611975,59.84097035040431,38.097972972972975,JB
2016-12-08,0.004009065155807353,0.7250720461095105,0.017801223241590183,0.022909915014164284,77.46306818181819,52.91166077738516,JB
2016-12-09,0.005180758807588051,0.6351274787535405,0.027607250755287,0.016480821917808204,54.97027027027027,37.58041958041958,JB
2016-12-10,0.004813802083333316,0.5613333333333326,0.018583333333333302,0.019141114058355415,35.889763779527556,23.523131672597867,JB
2016-12-11,0.004179112271540451,0.5785714285714277,0.017662952646239512,0.01961798941798939,38.047120418848166,26.133333333333333,JB
2016-12-12,0.004624739583333312,0.6686684073107041,0.009871866295264596,0.028104947916666647,53.703125,36.33680555555556,JB
2016-12-13,0.005297499999999973,0.7149584487534629,0.010155688622754469,0.028789722222222206,64.3342541436464,48.24542124542125,JB
2016-12-14,0.004798826979472123,0.5404692082111433,0.02292628205128203,0.017486486486486465,40.55907780979827,24.196428571428573,JB
2016-12-15,0.004395698924731164,0.4640540540540542,0.023632716049382697,0.015676854599406497,35.5420054200542,22.2248322147651,JB
2016-12-16,0.004357031249999979,0.43984375000000026,0.02328285714285713,0.017114285714285686,31.379310344827587,18.416083916083917,JB
2016-12-17,0.0037742187499999855,0.5114583333333328,0.0210694444444444,0.020830989583333317,41.7421875,27.246478873239436,JB
2016-12-18,0.003326822916666661,0.5458333333333331,0.017588888888888845,0.0207333333333333,44.263020833333336,33.67247386759582,JB
2016-12-19,0.0034776041666666536,0.5960937500000004,0.01262849162011169,0.022635677083333295,37.78590078328982,30.76595744680851,JB
2016-12-20,0.0036887399463806855,0.6137466307277625,0.019699140401146082,0.024036997319034834,62.00810810810811,49.47727272727273,JB
2016-12-21,0.003550797872340417,0.6404255319148939,0.013152112676056309,0.022240691489361676,49.59416445623342,38.97254901960784,JB
2016-12-22,0.0040805263157894555,0.5259259259259261,0.028308988764044907,0.011749210526315754,29.734584450402146,19.369175627240143,JB
2016-12-23,0.003815885416666645,0.44390243902438975,0.028894150417827273,0.010067187499999967,30.804177545691907,20.433566433566433,JB
2016-12-24,0.004605729166666647,0.5505208333333326,0.024877777777777717,0.014042968749999966,53.12565445026178,40.489583333333336,JB
2016-12-25,0.004014843749999981,0.7554687500000004,0.010641666666666633,0.02389348958333332,78.50391644908616,66.66058394160584,JB
2016-12-26,0.0038380577427821394,0.6729658792650918,0.009770308123249258,0.025318110236220444,50.14921465968586,46.37777777777778,JB
2016-12-27,0.005289322916666635,0.4617647058823525,0.028269444444444423,0.012805989583333307,37.020833333333336,23.71875,JB
2016-12-28,0.005040374331550774,0.5433962264150943,0.01799428571428568,0.02018743315508017,40.42741935483871,24.2140350877193,JB
2016-12-29,0.004624869109947623,0.505249343832021,0.017905027932960865,0.019614136125654425,44.301587301587304,26.771929824561404,JB
2016-12-30,0.004191406249999983,0.559114583333333,0.01430277777777774,0.0231669270833333,40.10182767624021,25.744755244755243,JB
2016-12-31,0.0037419270833333198,0.5893229166666664,0.011858333333333304,0.023498437499999986,47.86614173228347,36.47222222222222,JB
2017-01-01,0.0030437500000000004,0.7062499999999999,0.0072000000000000015,0.023850000000000003,51.0625,43.333333333333336,JB
2016-01-01,0.0014516483516483524,0.4615384615384613,0.031032608695652154,0.009522826086956525,52.59782608695652,36.864197530864196,JJ
2016-01-02,0.002141666666666667,0.42947368421052556,0.026999999999999982,0.013927083333333319,44.43157894736842,30.333333333333332,JJ
2016-01-03,0.0030447916666666713,0.47894736842105257,0.03399999999999999,0.01389895833333333,58.691489361702125,43.44927536231884,JJ
2016-01-04,0.00396666666666667,0.6884210526315792,0.04275,0.015534374999999987,119.11827956989248,88.87837837837837,JJ
2016-01-05,0.003036458333333335,0.3926315789473679,0.02585416666666665,0.015572916666666664,43.43157894736842,28.96842105263158,JJ
2016-01-06,0.0030284210526315804,0.40851063829787215,0.024526315789473677,0.012517894736842113,44.88297872340426,27.71578947368421,JJ
2016-01-07,0.003352631578947371,0.3840425531914893,0.030073684210526284,0.008493684210526322,45.27368421052632,28.063157894736843,JJ
2016-01-08,0.0028052083333333345,0.2789473684210525,0.028104166666666656,0.007648958333333337,28.634408602150536,17.054347826086957,JJ
2016-01-09,0.0025802083333333332,0.3473684210526316,0.026145833333333323,0.011229166666666658,34.463157894736845,20.57894736842105,JJ
2016-01-10,0.003325000000000001,0.3842105263157894,0.031229166666666672,0.010463541666666673,43.92553191489362,29.364583333333332,JJ
2016-01-11,0.0035166666666666697,0.36526315789473685,0.030229166666666658,0.010803125000000005,43.59340659340659,26.9375,JJ
2016-01-12,0.0026291666666666703,0.24210526315789463,0.03023958333333332,0.007303125000000005,25.20212765957447,11.770833333333334,JJ
2016-01-13,0.0034166666666666685,0.3178947368421051,0.02798958333333332,0.007687500000000007,31.1123595505618,18.479166666666668,JJ
2016-01-14,0.004120000000000003,0.42021276595744633,0.02879999999999999,0.01146526315789474,54.470588235294116,33.065934065934066,JJ
2016-01-15,0.004161458333333336,0.4284210526315782,0.02954166666666666,0.015519791666666663,61.888888888888886,42.25,JJ
2016-01-16,0.004170833333333336,0.407368421052631,0.03217708333333332,0.013956249999999991,56.31868131868132,39.5,JJ
2016-01-17,0.004539583333333338,0.3978947368421046,0.030416666666666647,0.010948958333333344,41.09574468085106,29.197802197802197,JJ
2016-01-18,0.003167391304347829,0.32842105263157895,0.03508333333333332,0.006591860465116281,43.78021978021978,25.568421052631578,JJ
2016-01-19,0.0018510416666666675,0.24631578947368415,0.031156249999999983,0.005552564102564108,27.68421052631579,12.10752688172043,JJ
2016-01-20,0.001233333333333334,0.23548387096774184,0.02930851063829785,0.009091489361702133,24.827956989247312,12.89247311827957,JJ
2016-01-21,0.0015663157894736843,0.24842105263157882,0.027656250000000007,0.01091666666666667,25.978021978021978,15.887640449438202,JJ
2016-01-22,0.001674157303370788,0.25473684210526304,0.030562499999999982,0.010098958333333337,27.347368421052632,14.621951219512194,JJ
2016-01-23,0.0021555555555555573,0.30631578947368415,0.029229166666666664,0.00825729166666667,31.866666666666667,19.518987341772153,JJ
2016-01-24,0.0023479166666666687,0.2010526315789472,0.03240625,0.004214583333333337,25.303797468354432,9.393258426966293,JJ
2016-01-25,0.0021031250000000004,0.27263157894736867,0.03001041666666665,0.008505208333333339,30.25,17.950617283950617,JJ
2016-01-26,0.0032155555555555587,0.312359550561798,0.03226666666666664,0.014182222222222225,55.23157894736842,31.757894736842104,JJ
2016-01-27,0.0029562500000000027,0.38631578947368395,0.03430208333333332,0.02159375,63.86666666666667,34.28125,JJ
2016-01-28,0.002133695652173914,0.3402173913043477,0.026053763440860193,0.019370786516853946,26.192307692307693,15.065934065934066,JJ
2016-01-29,0.0022670588235294137,0.30430107526881733,0.02825806451612902,0.012280555555555564,12.927536231884059,6.614457831325301,JJ
2016-01-30,0.0014632352941176489,0.3094736842105264,0.02718749999999999,0.011888235294117653,25.673684210526314,14.717391304347826,JJ
2016-01-31,0.0023930555555555563,0.34842105263157874,0.039260416666666666,0.010350000000000003,59.31578947368421,35.333333333333336,JJ
2016-02-01,0.0007819672131147544,0.20111111111111085,0.03705376344086019,0.009040243902439023,29.5531914893617,15.83157894736842,JJ
2016-02-02,0.0007861111111111113,0.2252631578947366,0.03761458333333333,0.009458333333333341,27.979166666666668,14.127659574468085,JJ
2016-02-03,0.0019461538461538475,0.2946808510638296,0.041284210526315764,0.012872631578947377,37.37894736842105,20.210526315789473,JJ
2016-02-04,0.005001041666666669,0.5494736842105267,0.04585416666666666,0.01803124999999999,91.67032967032966,61.31868131868132,JJ
2016-02-05,0.002687500000000001,0.4010638297872336,0.04102105263157894,0.016586315789473696,49.92631578947368,28.71578947368421,JJ
2016-02-06,0.0021854166666666667,0.2610526315789472,0.03932291666666666,0.008130208333333337,34.97872340425532,17.978947368421053,JJ
2016-02-07,0.0019393617021276604,0.22765957446808494,0.03736842105263158,0.008651578947368429,26.71276595744681,14.326315789473684,JJ
2016-02-08,0.0036812500000000022,0.32631578947368406,0.05276041666666667,0.009331250000000004,66.86458333333333,36.17894736842105,JJ
2016-02-09,0.0027041666666666685,0.30421052631578943,0.04146874999999999,0.011642708333333333,64.90526315789474,32.875,JJ
2016-02-10,0.002694736842105265,0.30319148936170204,0.038063157894736833,0.014641052631578957,47.642105263157895,23.389473684210525,JJ
2016-02-11,0.002586458333333335,0.30842105263157893,0.04747916666666665,0.014069791666666666,58.72043010752688,30.072916666666668,JJ
2016-02-12,0.0022833333333333343,0.23789473684210533,0.03707291666666666,0.010263541666666678,24.8,12.246913580246913,JJ
2016-02-13,0.0026906250000000025,0.31473684210526304,0.02528124999999998,0.01268333333333334,21.607142857142858,12.494505494505495,JJ
2016-02-14,0.0013031578947368442,0.26276595744680825,0.03288421052631579,0.005456842105263164,42.54320987654321,18.23913043478261,JJ
2016-02-15,0.000753658536585366,0.20109890109890083,0.039473684210526314,0.006103157894736843,24.816901408450704,11.615384615384615,JJ
2016-02-16,0.0014947368421052648,0.2589473684210525,0.03914583333333332,0.008216666666666669,45.266666666666666,23.702380952380953,JJ
2016-02-17,0.001284375000000001,0.24421052631578943,0.03820833333333333,0.009886458333333343,38.29213483146067,14.833333333333334,JJ
2016-02-18,0.001335555555555557,0.2550561797752808,0.03939999999999999,0.013855555555555557,28.13095238095238,13.362637362637363,JJ
2016-02-19,0.0027105263157894753,0.4393617021276594,0.04556842105263156,0.02088631578947368,87.45054945054945,54.34736842105263,JJ
2016-02-20,0.0019421052631578963,0.2946808510638297,0.04185263157894735,0.012272631578947372,55.9468085106383,27.2,JJ
2016-02-21,0.001865625000000002,0.24315789473684202,0.04473958333333333,0.008388541666666671,52.10752688172043,19.927083333333332,JJ
2016-02-22,0.0013642857142857152,0.2684210526315789,0.03342708333333332,0.01652795698924732,39.26966292134831,19.129032258064516,JJ
2016-02-23,0.0012691358024691363,0.3368421052631577,0.04117708333333334,0.013976041666666668,80.55,32.02173913043478,JJ
2016-02-24,0.0005907894736842105,0.24642857142857125,0.040604166666666656,0.007707291666666668,27.511363636363637,11.541666666666666,JJ
2016-02-25,0.0013517647058823537,0.26304347826086955,0.04228723404255318,0.00942105263157895,34.62637362637363,17.5,JJ
2016-02-26,0.002125000000000002,0.35274725274725277,0.04703225806451612,0.014098913043478278,73.7032967032967,41.354166666666664,JJ
2016-02-27,0.0014531250000000028,0.3305263157894737,0.04738541666666667,0.010798958333333343,85.70652173913044,37.59375,JJ
2016-02-28,0.001293750000000001,0.3463157894736839,0.04443750000000001,0.011548958333333338,86.23157894736842,37.052083333333336,JJ
2016-02-29,0.0006828947368421057,0.23894736842105266,0.042270833333333334,0.00519479166666667,44.8876404494382,19.9247311827957,JJ
2016-03-01,0.0003585106382978727,0.17578947368421036,0.03970833333333334,0.006465957446808508,23.691358024691358,10.877777777777778,JJ
2016-03-02,0.0011410958904109595,0.22043010752688175,0.03538297872340424,0.012317021276595761,23.5375,9.617021276595745,JJ
2016-03-03,0.0010612903225806455,0.2631578947368423,0.032739583333333315,0.01603936170212767,32.833333333333336,14.40625,JJ
2016-03-04,0.0011255319148936191,0.27553191489361695,0.034863157894736846,0.01218631578947369,48.38947368421053,18.010526315789473,JJ
2016-03-05,0.0008843750000000019,0.26000000000000023,0.034125,0.007776041666666671,29.736842105263158,13.442105263157895,JJ
2016-03-06,0.0014870129870129874,0.4031914893617019,0.02949999999999999,0.011132631578947378,48.52127659574468,26.522222222222222,JJ
2016-03-07,0.0019987654320987682,0.4357894736842098,0.03101041666666665,0.015014583333333333,90.46666666666667,42.69565217391305,JJ
2016-03-08,0.002206250000000003,0.34,0.03293749999999998,0.011748958333333342,75.74468085106383,32.854166666666664,JJ
2016-03-09,0.0019218750000000024,0.23684210526315777,0.03767708333333334,0.007287234042553195,36.54736842105263,14.157894736842104,JJ
2016-03-10,0.0017532608695652193,0.21978021978021964,0.03656521739130434,0.0075734939759036154,32.28735632183908,11.368421052631579,JJ
2016-03-11,0.0019093750000000011,0.23999999999999996,0.03847916666666664,0.007631250000000005,30.11578947368421,11.71875,JJ
2016-03-12,0.002569791666666669,0.2547368421052631,0.04082291666666666,0.009894791666666672,47.854166666666664,16.0,JJ
2016-03-13,0.0019734042553191506,0.2634408602150538,0.039106382978723396,0.012221276595744686,32.59574468085106,18.43010752688172,JJ
2016-03-14,0.002773958333333336,0.35894736842105257,0.04839583333333333,0.01150937500000001,67.46236559139786,40.567567567567565,JJ
2016-03-15,0.002795454545454547,0.3789473684210525,0.04208333333333333,0.01735,62.645833333333336,38.40625,JJ
2016-03-16,0.0028094117647058845,0.34468085106383,0.04633684210526314,0.017746315789473676,53.98947368421052,34.01063829787234,JJ
2016-03-17,0.0022822916666666673,0.29578947368421044,0.040885416666666674,0.015108333333333328,35.46875,21.210526315789473,JJ
2016-03-18,0.0021557894736842134,0.34042553191489344,0.026526315789473686,0.014524210526315787,23.31578947368421,14.209302325581396,JJ
2016-03-19,0.002303157894736845,0.36170212765957416,0.040957894736842096,0.01140947368421053,52.1578947368421,31.130434782608695,JJ
2016-03-20,0.0021937500000000026,0.3863157894736841,0.04382291666666666,0.010982291666666673,70.76041666666667,33.614583333333336,JJ
2016-03-21,0.002152083333333336,0.32736842105263164,0.04556249999999998,0.010325000000000004,55.096774193548384,29.43010752688172,JJ
2016-03-22,0.0020063157894736868,0.3053191489361703,0.04593684210526314,0.010903157894736846,46.31395348837209,25.326315789473686,JJ
2016-03-23,0.0019505263157894744,0.30957446808510636,0.047431578947368415,0.010297894736842107,52.53012048192771,29.610526315789475,JJ
2016-03-24,0.0013478723404255328,0.2537634408602151,0.04450526315789473,0.007783157894736845,51.308510638297875,21.793478260869566,JJ
2016-03-25,0.0014755555555555561,0.2629213483146067,0.04687777777777777,0.010683333333333336,46.48351648351648,25.049382716049383,JJ
2016-03-26,0.0023760869565217398,0.2296703296703297,0.052467391304347806,0.009552173913043485,48.975,29.73404255319149,JJ
2016-03-27,0.0032670212765957486,0.27956989247311825,0.05703191489361702,0.011273118279569899,62.732394366197184,36.37234042553192,JJ
2016-03-28,0.0035833333333333372,0.3452631578947366,0.05761458333333332,0.015027083333333337,75.92857142857143,46.34375,JJ
2016-03-29,0.0031789473684210555,0.30319148936170226,0.06609473684210528,0.011466315789473689,69.56470588235294,38.70967741935484,JJ
2016-03-30,0.0034978494623655997,0.3326086956521738,0.04556989247311825,0.01915161290322581,64.375,39.94186046511628,JJ
2016-03-31,0.0037884210526315863,0.43297872340425475,0.0332736842105263,0.02238315789473684,85.7605633802817,64.87368421052632,JJ
2016-04-01,0.0042968750000000056,0.4768421052631578,0.049854166666666665,0.022636842105263164,95.4875,72.97872340425532,JJ
2016-04-02,0.003301041666666671,0.3126315789473683,0.050833333333333335,0.017315624999999994,65.73958333333333,38.447916666666664,JJ
2016-04-03,0.003212195121951218,0.2925925925925926,0.027231707317073157,0.01973658536585366,38.648648648648646,26.536585365853657,JJ
2016-04-04,0.0021012500000000024,0.28860759493670907,0.03702500000000001,0.013836250000000008,41.63235294117647,25.154761904761905,JJ
2016-04-05,0.0024947368421052653,0.21153846153846148,0.03422916666666666,0.014268750000000009,42.05494505494506,22.208333333333332,JJ
2016-04-06,0.0020625000000000014,0.19999999999999982,0.034124999999999996,0.014288541666666668,34.87951807228916,17.235955056179776,JJ
2016-04-07,0.002081250000000003,0.25789473684210523,0.030125,0.012907291666666668,25.269662921348313,13.195402298850574,JJ
2016-04-08,0.002057471264367819,0.27325581395348836,0.03549999999999999,0.018756321839080464,40.0,21.305882352941175,JJ
2016-04-09,0.0032479166666666698,0.26526315789473665,0.03467708333333332,0.018665625,62.927083333333336,22.885416666666668,JJ
2016-04-10,0.0034906250000000024,0.24526315789473666,0.032552083333333315,0.018534375000000006,74.06315789473685,28.197916666666668,JJ
2016-04-11,0.002206250000000001,0.2736842105263157,0.04696874999999998,0.013594791666666675,84.6421052631579,40.125,JJ
2016-04-12,0.002081250000000002,0.22210526315789456,0.04411458333333331,0.012184375000000002,51.935483870967744,24.557894736842105,JJ
2016-04-13,0.002195833333333336,0.2494736842105262,0.03958333333333332,0.015379166666666675,34.09473684210526,21.023529411764706,JJ
2016-04-14,0.0022166666666666693,0.27999999999999997,0.03732291666666666,0.0186125,41.89473684210526,23.181818181818183,JJ
2016-04-15,0.0019860215053763464,0.26105263157894737,0.049708333333333334,0.011689583333333338,67.2872340425532,30.319148936170212,JJ
2016-04-16,0.002430208333333336,0.2326315789473684,0.048124999999999994,0.009864583333333338,51.21978021978022,22.6,JJ
2016-04-17,0.0024548780487804902,0.30000000000000016,0.05429268292682929,0.00860365853658537,58.22222222222222,29.714285714285715,JJ
2016-04-18,0.0027518072289156653,0.2719512195121952,0.04696842105263157,0.0121421686746988,50.58064516129032,21.621052631578948,JJ
2016-04-19,0.003248936170212769,0.2666666666666666,0.05089247311827959,0.01440425531914895,51.5625,24.77659574468085,JJ
2016-04-20,0.0027419354838709694,0.28369565217391285,0.050945652173913065,0.014886021505376342,70.27160493827161,37.94285714285714,JJ
2016-04-21,0.002112087912087914,0.28313253012048173,0.039648351648351655,0.010751648351648355,22.945945945945947,12.272727272727273,JJ
2016-04-22,0.0027625000000000024,0.41075268817204263,0.04969148936170213,0.01630833333333333,72.19318181818181,39.734042553191486,JJ
2016-04-23,0.003215116279069772,0.47714285714285715,0.051453488372093,0.02025232558139534,88.32530120481928,65.75294117647059,JJ
2016-04-24,0.003267708333333338,0.33086419753086416,0.04959374999999999,0.015540625000000008,139.64583333333334,46.802083333333336,JJ
2016-04-25,0.002891666666666672,0.24210526315789485,0.053260416666666664,0.012074418604651173,109.26041666666667,27.28125,JJ
2016-04-26,0.003128125000000003,0.2894736842105261,0.04450000000000001,0.010703125000000003,55.18518518518518,20.829268292682926,JJ
2016-04-27,0.002407777777777779,0.264044943820225,0.04430000000000001,0.007076666666666673,13.413333333333334,7.509090909090909,JJ
2016-04-28,0.0023916666666666674,0.2747368421052632,0.03621874999999999,0.012413541666666666,18.16842105263158,10.545454545454545,JJ
2016-04-29,0.0031273684210526335,0.2978947368421053,0.04928124999999997,0.012825000000000008,66.09574468085107,29.104166666666668,JJ
2016-04-30,0.0035968750000000024,0.2642105263157895,0.05146875,0.01651770833333334,55.159574468085104,23.645833333333332,JJ
2016-05-01,0.004013541666666668,0.2768421052631579,0.051281249999999994,0.012480208333333338,45.589473684210525,22.489583333333332,JJ
2016-05-02,0.00275833333333334,0.2621052631578948,0.03405208333333332,0.011619791666666662,37.879120879120876,18.414893617021278,JJ
2016-05-03,0.002738541666666672,0.2747368421052632,0.04220833333333333,0.006236458333333338,49.40659340659341,23.333333333333332,JJ
2016-05-04,0.0036905263157894757,0.2627659574468086,0.06152631578947371,0.00861368421052632,75.94736842105263,26.83157894736842,JJ
2016-05-05,0.003286458333333337,0.2440476190476191,0.05012499999999998,0.012472916666666674,55.1578947368421,24.697916666666668,JJ
2016-05-06,0.0026062500000000005,0.2629213483146067,0.041708333333333326,0.009672916666666672,23.670212765957448,13.068181818181818,JJ
2016-05-07,0.002573958333333334,0.2422535211267606,0.045927083333333334,0.008513541666666671,138.59574468085106,35.51063829787234,JJ
2016-05-08,0.002683333333333335,0.20749999999999985,0.046968750000000004,0.007669791666666669,87.63541666666667,25.947916666666668,JJ
2016-05-09,0.002811702127659582,0.23763440860215043,0.04388297872340425,0.010834042553191491,40.08888888888889,20.439560439560438,JJ
2016-05-10,0.00254468085106383,0.2838709677419355,0.04041489361702127,0.012070212765957454,27.333333333333332,17.566265060240966,JJ
2016-05-11,0.003179787234042558,0.253763440860215,0.04194680851063829,0.011127659574468094,37.44444444444444,24.318181818181817,JJ
2016-05-12,0.002919791666666673,0.23894736842105266,0.04202083333333334,0.010438541666666674,29.5,18.355555555555554,JJ
2016-05-13,0.002697916666666672,0.2840425531914893,0.045083333333333336,0.011113541666666676,38.27368421052632,23.69148936170213,JJ
2016-05-14,0.0022729166666666683,0.2663157894736844,0.04705208333333331,0.00772604166666667,50.36842105263158,26.604166666666668,JJ
2016-05-15,0.002925000000000007,0.22065217391304365,0.02876041666666665,0.008119791666666671,32.82608695652174,16.51086956521739,JJ
2016-05-16,0.002802105263157899,0.2851063829787233,0.04542105263157895,0.00904947368421053,34.411764705882355,19.64367816091954,JJ
2016-05-17,0.003109574468085109,0.27956989247311836,0.05662765957446807,0.011057954545454553,49.56976744186046,25.159574468085108,JJ
2016-05-18,0.004954545454545458,0.3540229885057473,0.05276136363636363,0.02205227272727273,54.74444444444445,30.946236559139784,JJ
2016-05-19,0.00450444444444445,0.30449438202247187,0.051719101123595485,0.017680000000000008,47.19101123595506,27.19753086419753,JJ
2016-05-20,0.003995789473684214,0.2840425531914894,0.0572,0.010436842105263163,46.04494382022472,24.460526315789473,JJ
2016-05-21,0.0025642105263157912,0.26170212765957435,0.060010526315789486,0.0072263157894736875,45.53932584269663,23.310344827586206,JJ
2016-05-22,0.0028484210526315795,0.28510638297872337,0.058336842105263166,0.0082821052631579,50.120879120879124,31.43617021276596,JJ
2016-05-23,0.0032375000000000025,0.2789473684210527,0.0539375,0.010670833333333343,43.85263157894737,23.698924731182796,JJ
2016-05-24,0.002647368421052631,0.32872340425531926,0.042326315789473684,0.011889473684210535,26.9875,15.98876404494382,JJ
2016-05-25,0.003721111111111111,0.39325842696629215,0.05184090909090908,0.014649438202247199,50.16470588235294,32.65882352941176,JJ
2016-05-26,0.0041630434782608736,0.46263736263736216,0.05822826086956522,0.015331521739130436,81.27659574468085,61.71739130434783,JJ
2016-05-27,0.0036135416666666716,0.4431578947368416,0.053520833333333316,0.014845833333333343,78.22222222222223,61.764044943820224,JJ
2016-05-28,0.0033447916666666648,0.3410526315789473,0.056819277108433694,0.009803125000000005,45.632183908045974,35.872093023255815,JJ
2016-05-29,0.00319583333333333,0.34105263157894744,0.050649999999999994,0.009833333333333338,44.337078651685395,34.3,JJ
2016-05-30,0.003488541666666669,0.3821052631578946,0.054404494382022446,0.012112500000000007,64.40697674418605,44.077777777777776,JJ
2016-05-31,0.003884210526315793,0.34574468085106386,0.05222105263157895,0.013855789473684222,55.863157894736844,34.87234042553192,JJ
2016-06-01,0.003139361702127661,0.31827956989247314,0.04459574468085108,0.010238297872340433,56.57446808510638,31.49367088607595,JJ
2016-06-02,0.0034150537634408647,0.23804347826086938,0.04248314606741572,0.008686021505376347,31.431818181818183,11.23076923076923,JJ
2016-06-03,0.0032221052631578964,0.25106382978723396,0.04405263157894736,0.010203157894736848,31.842105263157894,13.263157894736842,JJ
2016-06-04,0.0027505263157894763,0.24574468085106374,0.04630526315789472,0.005489473684210529,20.333333333333332,8.877777777777778,JJ
2016-06-05,0.003287500000000001,0.2642105263157894,0.046322916666666665,0.0058104166666666695,25.02127659574468,13.35483870967742,JJ
2016-06-06,0.002747368421052636,0.27446808510638293,0.038210526315789466,0.007768421052631583,21.74712643678161,12.156626506024097,JJ
2016-06-07,0.0038652631578947436,0.31808510638297866,0.023631578947368403,0.01377368421052632,36.07692307692308,23.626373626373628,JJ
2016-06-08,0.003566666666666669,0.3336842105263156,0.02609374999999999,0.013893749999999996,36.958333333333336,24.572916666666668,JJ
2016-06-09,0.004194736842105266,0.3095744680851063,0.025789473684210515,0.013229473684210532,38.61052631578947,25.244444444444444,JJ
2016-06-10,0.003295833333333337,0.326315789473684,0.031687499999999987,0.010406250000000004,46.276595744680854,30.627659574468087,JJ
2016-06-11,0.003512500000000004,0.29578947368421077,0.02205208333333332,0.011143750000000015,37.276595744680854,23.428571428571427,JJ
2016-06-12,0.003299999999999997,0.2726315789473687,0.012623655913978496,0.011915625000000006,28.191011235955056,17.622222222222224,JJ
2016-06-13,0.003187912087912089,0.30736842105263185,0.024413043478260864,0.00991041666666667,31.0,18.6,JJ
2016-06-14,0.003313541666666669,0.3210526315789473,0.03469791666666665,0.008058333333333337,38.096774193548384,24.043478260869566,JJ
2016-06-15,0.004721348314606743,0.28977272727272757,0.024033707865168535,0.012016853932584282,32.09090909090909,18.433333333333334,JJ
2016-06-16,0.003142105263157897,0.37340425531914867,0.04085263157894737,0.008934736842105266,35.03529411764706,22.0561797752809,JJ
2016-06-17,0.0033239583333333354,0.42471910112359523,0.04801041666666667,0.00910729166666667,40.869565217391305,27.402298850574713,JJ
2016-06-18,0.0034979166666666683,0.42526315789473645,0.04045833333333331,0.011418750000000004,47.83695652173913,35.01149425287356,JJ
2016-06-19,0.004963541666666669,0.28947368421052627,0.02777083333333333,0.011091666666666668,28.01123595505618,15.337209302325581,JJ
2016-06-20,0.0033686046511627933,0.2957894736842107,0.022468749999999985,0.01079583333333334,31.318681318681318,21.17105263157895,JJ
2016-06-21,0.002878160919540232,0.29473684210526313,0.02407446808510637,0.009967708333333339,18.146067415730336,9.422222222222222,JJ
2016-06-22,0.0024178947368421093,0.31382978723404253,0.020199999999999992,0.01238842105263158,17.29268292682927,10.45,JJ
2016-06-23,0.002482291666666669,0.31368421052631573,0.023989583333333325,0.008493750000000007,20.175,14.228915662650602,JJ
2016-06-24,0.0022329411764705903,0.34578313253012033,0.03196470588235294,0.008645238095238098,32.657534246575345,22.246376811594203,JJ
2016-06-25,0.0017312500000000012,0.34,0.04651041666666666,0.006865625000000004,40.82222222222222,28.579545454545453,JJ
2016-06-26,0.0016947916666666674,0.5031578947368424,0.053270833333333344,0.007114583333333335,76.41758241758242,56.61842105263158,JJ
2016-06-27,0.0016343750000000013,0.35263157894736863,0.03668749999999999,0.010765625000000006,50.08139534883721,36.76744186046512,JJ
2016-06-28,0.0017827586206896572,0.29534883720930233,0.037329411764705875,0.010611494252873565,17.746835443037973,9.98876404494382,JJ
2016-06-29,0.002130666666666669,0.35714285714285715,0.020406593406593402,0.015364130434782604,20.52238805970149,9.146666666666667,JJ
2016-06-30,0.0025805555555555573,0.28315789473684266,0.024083333333333314,0.011472916666666671,22.68918918918919,11.61111111111111,JJ
2016-07-01,0.001595000000000002,0.2578947368421055,0.015447916666666658,0.006895833333333336,16.170454545454547,6.433734939759036,JJ
2016-07-02,0.001455208333333337,0.2768421052631582,0.018694736842105254,0.006413541666666672,15.78494623655914,7.075949367088608,JJ
2016-07-03,0.0019916666666666702,0.30315789473684224,0.020326315789473675,0.009945833333333341,17.666666666666668,8.829545454545455,JJ
2016-07-04,0.0014541176470588238,0.30000000000000054,0.013303797468354438,0.007164705882352944,16.5125,7.691358024691358,JJ
2016-07-05,0.0011,0.27578947368421086,0.009089743589743597,0.004662500000000003,14.105882352941176,5.846153846153846,JJ
2016-07-06,0.0014125000000000038,0.27473684210526345,0.008229166666666673,0.005141666666666671,18.375,6.655913978494624,JJ
2016-07-07,0.0020768421052631617,0.27978723404255357,0.008821052631578953,0.005567368421052634,23.24137931034483,11.144444444444444,JJ
2016-07-08,0.0014677083333333367,0.2631578947368425,0.009593750000000007,0.004755208333333336,21.710843373493976,10.644444444444444,JJ
2016-07-09,0.0028187500000000014,0.267368421052632,0.017726315789473673,0.006559375000000003,26.72093023255814,15.042553191489361,JJ
2016-07-10,0.002385416666666668,0.28842105263157936,0.011906250000000002,0.007563541666666669,27.488095238095237,17.24390243902439,JJ
2016-07-11,0.0018927083333333348,0.29789473684210566,0.01089583333333334,0.006898958333333336,20.035714285714285,11.235294117647058,JJ
2016-07-12,0.0017270833333333372,0.30842105263157926,0.01949999999999999,0.007304166666666673,18.593023255813954,8.276315789473685,JJ
2016-07-13,0.0015791666666666706,0.33516483516483525,0.023708333333333314,0.0054624999999999995,33.96629213483146,20.577464788732396,JJ
2016-07-14,0.0014968750000000036,0.30421052631578993,0.030906249999999996,0.004639583333333337,28.07777777777778,16.55294117647059,JJ
2016-07-15,0.0015000000000000011,0.2947368421052635,0.032114583333333314,0.005543750000000003,27.873684210526317,14.053191489361701,JJ
2016-07-16,0.001466666666666669,0.3378947368421055,0.03223958333333333,0.004468750000000005,26.877777777777776,12.5,JJ
2016-07-17,0.0016031250000000002,0.41999999999999926,0.05346875000000001,0.0038062500000000023,54.57446808510638,35.9125,JJ
2016-07-18,0.002932222222222223,0.4043010752688172,0.03534042553191488,0.009443617021276598,49.5,30.904109589041095,JJ
2016-07-19,0.0013385416666666682,0.3536842105263158,0.027437499999999986,0.005621875000000003,36.10666666666667,22.8,JJ
2016-07-20,0.0013144578313253022,0.279347826086957,0.02551612903225805,0.005375268817204306,27.22340425531915,12.150537634408602,JJ
2016-07-21,0.0017077922077922089,0.2675000000000003,0.020215909090909073,0.007167045454545457,28.227272727272727,9.775280898876405,JJ
2016-07-22,0.0019101123595505632,0.2936170212765958,0.019915789473684196,0.005738947368421053,27.872340425531913,12.0,JJ
2016-07-23,0.0025750000000000013,0.2852631578947373,0.01942708333333332,0.00498229166666667,28.904255319148938,10.166666666666666,JJ
2016-07-24,0.0023437500000000016,0.28105263157894783,0.020406249999999983,0.004622826086956524,28.4,11.625,JJ
2016-07-25,0.0035520833333333355,0.2915789473684213,0.018906249999999982,0.006132291666666665,25.98701298701299,11.666666666666666,JJ
2016-07-26,0.0033958333333333353,0.3000000000000001,0.017666666666666653,0.005214583333333335,25.670731707317074,9.506493506493506,JJ
2016-07-27,0.003968750000000003,0.30421052631578954,0.015197916666666663,0.0055729166666666635,28.085714285714285,10.204545454545455,JJ
2016-07-28,0.0031041666666666687,0.3199999999999999,0.02306249999999999,0.005924999999999999,38.1125,19.76829268292683,JJ
2016-07-29,0.003041666666666668,0.326315789473684,0.029177083333333326,0.004513253012048195,34.319148936170215,19.252747252747252,JJ
2016-07-30,0.0026979166666666683,0.2989473684210527,0.02231249999999999,0.0025305555555555576,25.885057471264368,13.559139784946236,JJ
2016-07-31,0.003114583333333335,0.26842105263157945,0.020364583333333325,0.0027222222222222235,22.523809523809526,11.13953488372093,JJ
2016-08-01,0.002575280898876405,0.2847826086956526,0.021720430107526868,0.0028445945945945964,29.012820512820515,19.01298701298701,JJ
2016-08-02,0.0022041666666666663,0.26947368421052686,0.017208333333333322,0.0038490566037735867,25.294117647058822,11.595744680851064,JJ
2016-08-03,0.002266666666666668,0.3191011235955058,0.010277777777777785,0.008456962025316463,20.078651685393258,9.277777777777779,JJ
2016-08-04,0.0008750000000000007,0.27157894736842153,0.013833333333333328,0.0034156250000000016,18.644444444444446,7.4787234042553195,JJ
2016-08-05,0.001084375000000001,0.33894736842105244,0.029833333333333323,0.0033416666666666677,33.903225806451616,19.58888888888889,JJ
2016-08-06,0.0016375,0.3536842105263156,0.028229166666666642,0.004831250000000002,38.787234042553195,24.269662921348313,JJ
2016-08-07,0.002763541666666666,0.2800000000000005,0.015385416666666658,0.004261458333333337,24.02173913043478,10.866666666666667,JJ
2016-08-08,0.002702083333333333,0.275789473684211,0.016333333333333328,0.00525416666666667,26.53488372093023,11.826086956521738,JJ
2016-08-09,0.0013854166666666676,0.32631578947368406,0.028885416666666653,0.00422604166666667,35.45652173913044,20.31578947368421,JJ
2016-08-10,0.0014447916666666665,0.3452631578947366,0.026468749999999985,0.004568750000000002,30.882978723404257,13.357894736842105,JJ
2016-08-11,0.0024124999999999997,0.3452631578947366,0.029354166666666664,0.006453125000000003,29.415730337078653,16.33684210526316,JJ
2016-08-12,0.0015364583333333326,0.34842105263157874,0.03261458333333333,0.005139583333333337,30.5531914893617,17.12087912087912,JJ
2016-08-13,0.0012489583333333348,0.31368421052631573,0.02706249999999998,0.004218750000000005,27.92391304347826,16.910112359550563,JJ
2016-08-14,0.0011979166666666679,0.316842105263158,0.02390624999999999,0.003018750000000001,28.755555555555556,17.238636363636363,JJ
2016-08-15,0.0013484210526315801,0.29574468085106415,0.02586315789473683,0.0032694736842105287,29.2,17.430232558139537,JJ
2016-08-16,0.0016536842105263146,0.4155555555555556,0.042063157894736844,0.004121052631578951,37.36842105263158,16.526881720430108,JJ
2016-08-17,0.0015625000000000005,0.39027777777777756,0.03730681818181816,0.004875000000000005,31.145833333333332,12.552083333333334,JJ
2016-08-18,0.0015936170212765995,0.34939759036144563,0.032968085106382966,0.003773404255319153,28.630434782608695,12.364583333333334,JJ
2016-08-19,0.001725000000000004,0.3378947368421051,0.027635416666666638,0.005728125000000003,27.6,13.277777777777779,JJ
2016-08-20,0.0013406250000000015,0.3315789473684209,0.02815624999999999,0.00446354166666667,28.703296703296704,14.744444444444444,JJ
2016-08-21,0.0021375000000000027,0.3052631578947369,0.035177083333333324,0.0033177083333333357,26.78125,10.541666666666666,JJ
2016-08-22,0.0026031250000000013,0.3484210526315787,0.03710416666666665,0.005175000000000003,32.635416666666664,18.92391304347826,JJ
2016-08-23,0.0014931818181818193,0.3033707865168538,0.0329431818181818,0.005306818181818187,31.589473684210525,15.069767441860465,JJ
2016-08-24,0.0009797872340425533,0.25376344086021485,0.03720212765957446,0.006293617021276602,28.963414634146343,10.444444444444445,JJ
2016-08-25,0.002289361702127661,0.2684210526315788,0.03818749999999999,0.009109677419354844,33.275,15.09375,JJ
2016-08-26,0.0014052083333333336,0.26333333333333314,0.04174999999999998,0.005851162790697677,29.817204301075268,17.813186813186814,JJ
2016-08-27,0.0009020833333333333,0.224468085106383,0.030260416666666654,0.004090625000000001,26.414893617021278,9.65625,JJ
2016-08-28,0.0014131868131868148,0.1947368421052632,0.03186458333333333,0.00440729166666667,14.46987951807229,6.925531914893617,JJ
2016-08-29,0.001414583333333337,0.1730337078651683,0.030937499999999996,0.004989583333333336,23.94047619047619,8.6,JJ
2016-08-30,0.00161666666666667,0.19361702127659566,0.042374999999999996,0.005082795698924736,42.87096774193548,14.09375,JJ
2016-08-31,0.0023916666666666695,0.34074074074074057,0.06012790697674419,0.0057552941176470624,61.56521739130435,25.902173913043477,JJ
2016-09-01,0.0017541666666666686,0.3431578947368423,0.06303124999999994,0.0068861702127659625,52.01052631578948,31.170212765957448,JJ
2016-09-02,0.0013852631578947395,0.3117021276595744,0.03908421052631577,0.00896526315789474,20.622222222222224,14.707317073170731,JJ
2016-09-03,0.002606250000000004,0.36421052631578926,0.03151041666666666,0.009900000000000004,24.43010752688172,15.445652173913043,JJ
2016-09-04,0.0028452631578947396,0.32947368421052636,0.03435416666666665,0.007177083333333338,36.61702127659574,23.863636363636363,JJ
2016-09-05,0.0026250000000000023,0.3705263157894734,0.04077083333333333,0.01041458333333334,42.93333333333333,30.382022471910112,JJ
2016-09-06,0.0027354166666666677,0.35473684210526313,0.03213541666666665,0.014819791666666665,49.41489361702128,31.904109589041095,JJ
2016-09-07,0.0021520833333333344,0.4347368421052626,0.038281249999999996,0.013517708333333335,58.8936170212766,44.2,JJ
2016-09-08,0.0019000000000000004,0.4031578947368417,0.043520833333333335,0.009586458333333337,46.340425531914896,31.829545454545453,JJ
2016-09-09,0.0015010416666666677,0.3877777777777776,0.052791666666666674,0.007592708333333336,52.89010989010989,34.808510638297875,JJ
2016-09-10,0.002465625000000002,0.3402173913043481,0.04296874999999999,0.010020833333333342,47.84615384615385,29.229166666666668,JJ
2016-09-11,0.0016885416666666678,0.2680851063829786,0.03771875,0.005992708333333337,44.02150537634409,25.4468085106383,JJ
2016-09-12,0.0013197916666666677,0.24421052631578938,0.040458333333333325,0.006706250000000007,32.701298701298704,17.347368421052632,JJ
2016-09-13,0.002213829787234043,0.2872340425531916,0.0416,0.00776631578947369,30.51948051948052,14.074468085106384,JJ
2016-09-14,0.0012621052631578953,0.20210526315789454,0.03745833333333334,0.005078125000000002,28.166666666666668,11.147368421052631,JJ
2016-09-15,0.0013218750000000012,0.19368421052631565,0.03716666666666663,0.003730526315789477,28.52173913043478,12.5,JJ
2016-09-16,0.001297916666666667,0.18526315789473694,0.029979166666666657,0.0035372340425531934,25.367088607594937,10.895833333333334,JJ
2016-09-17,0.0015118279569892512,0.20860215053763467,0.013562499999999998,0.004405434782608699,22.359550561797754,8.86046511627907,JJ
2016-09-18,0.0015430107526881757,0.22736842105263155,0.02719791666666664,0.004663541666666669,26.274725274725274,10.893617021276595,JJ
2016-09-19,0.0015000000000000035,0.2139784946236557,0.02822340425531913,0.0053127659574468125,24.037974683544302,8.328358208955224,JJ
2016-09-20,0.0015500000000000002,0.17472527472527447,0.032614583333333315,0.005992708333333339,29.602739726027398,9.61111111111111,JJ
2016-09-21,0.0013175824175824188,0.19647058823529395,0.039505494505494496,0.007100000000000002,41.14473684210526,21.025974025974026,JJ
2016-09-22,0.0023484210526315804,0.2797872340425534,0.03981052631578948,0.011196842105263166,44.12987012987013,26.354166666666668,JJ
2016-09-23,0.001348913043478262,0.2505263157894736,0.04076041666666667,0.009059375000000005,41.62686567164179,24.17391304347826,JJ
2016-09-24,0.0016120879120879157,0.22631578947368394,0.03988541666666667,0.007231250000000005,37.048780487804876,21.790123456790123,JJ
2016-09-25,0.0018281250000000031,0.24526315789473666,0.03910416666666666,0.006303125000000004,43.25925925925926,22.727272727272727,JJ
2016-09-26,0.0020364583333333367,0.2936842105263157,0.022624999999999982,0.00746041666666667,50.855421686746986,29.548780487804876,JJ
2016-09-27,0.0017250000000000028,0.26043956043956057,0.013380434782608695,0.009045977011494255,32.078947368421055,18.805194805194805,JJ
2016-09-28,0.0015078947368421052,0.257142857142857,0.012094117647058832,0.009241558441558448,24.164383561643834,14.597014925373134,JJ
2016-09-29,0.0011204545454545456,0.31170212765957456,0.026252631578947357,0.004940476190476193,20.756410256410255,9.858823529411765,JJ
2016-09-30,0.001141666666666667,0.2631578947368419,0.02642708333333331,0.005609375000000004,18.73015873015873,8.069767441860465,JJ
2016-10-01,0.0010270833333333334,0.2989473684210525,0.027291666666666648,0.005622105263157897,21.571428571428573,10.382022471910112,JJ
2016-10-02,0.0015914893617021315,0.2795698924731184,0.014851063829787228,0.006638297872340427,28.616438356164384,11.048192771084338,JJ
2016-10-03,0.00218947368421053,0.24255319148936189,0.01473684210526316,0.006966315789473687,27.67391304347826,10.704225352112676,JJ
2016-10-04,0.0017602150537634437,0.27391304347826084,0.021811111111111097,0.0066044444444444475,36.839080459770116,17.25974025974026,JJ
2016-10-05,0.0020525641025641067,0.28777777777777785,0.03972222222222222,0.00652916666666667,29.294117647058822,16.842105263157894,JJ
2016-10-06,0.002298795180722895,0.33369565217391317,0.042977272727272704,0.00906818181818182,44.75,21.625,JJ
2016-10-07,0.0014337209302325586,0.2557894736842104,0.03788541666666666,0.007098958333333333,50.824561403508774,19.041666666666668,JJ
2016-10-08,0.0017875000000000041,0.2715789473684212,0.029034883720930237,0.007753846153846151,30.338028169014084,12.651515151515152,JJ
2016-10-09,0.0015604166666666702,0.22043010752688144,0.036215909090909076,0.005817391304347831,30.5,9.777777777777779,JJ
2016-10-10,0.002343750000000002,0.2527472527472527,0.03580208333333334,0.008365625000000003,31.49230769230769,11.444444444444445,JJ
2016-10-11,0.0021357894736842124,0.2542553191489362,0.027536842105263144,0.011272631578947374,33.45454545454545,11.873239436619718,JJ
2016-10-12,0.0030218750000000007,0.32210526315789473,0.04229032258064515,0.013400000000000002,56.11594202898551,30.61111111111111,JJ
2016-10-13,0.0025366666666666662,0.319101123595506,0.043788888888888884,0.011222222222222229,66.98484848484848,35.303030303030305,JJ
2016-10-14,0.0020336842105263156,0.20744680851063815,0.0375157894736842,0.007373684210526318,42.83098591549296,17.814285714285713,JJ
2016-10-15,0.001753125000000002,0.1978947368421051,0.04194791666666667,0.005832291666666667,50.774647887323944,21.23611111111111,JJ
2016-10-16,0.0019812500000000034,0.2152173913043478,0.02867708333333333,0.009916666666666673,35.044117647058826,14.125,JJ
2016-10-17,0.001567032967032971,0.31999999999999995,0.04278409090909092,0.00685824175824176,38.971830985915496,19.5,JJ
2016-10-18,0.002183333333333336,0.3610526315789471,0.04733333333333333,0.010056250000000006,56.44444444444444,33.75,JJ
2016-10-19,0.0016484210526315818,0.3442105263157896,0.03932291666666665,0.012510416666666668,61.929577464788736,33.333333333333336,JJ
2016-10-20,0.002046875000000003,0.3484210526315792,0.035562499999999976,0.0159875,63.70422535211268,35.583333333333336,JJ
2016-10-21,0.001009375,0.2726315789473684,0.041802083333333316,0.006254166666666669,52.65277777777778,23.09722222222222,JJ
2016-10-22,0.0011937500000000001,0.23052631578947355,0.033489583333333316,0.007170833333333337,24.26984126984127,11.805555555555555,JJ
2016-10-23,0.001433333333333337,0.1936842105263156,0.03591666666666666,0.004397916666666669,37.542857142857144,13.069444444444445,JJ
2016-10-24,0.001350000000000002,0.18631578947368393,0.033593750000000006,0.0063093750000000025,39.43055555555556,10.794117647058824,JJ
2016-10-25,0.0015101123595505648,0.3056818181818182,0.030146067415730317,0.010764044943820232,30.971830985915492,9.422535211267606,JJ
2016-10-26,0.0014031578947368444,0.27142857142857146,0.032452631578947365,0.009761052631578953,29.15714285714286,12.43661971830986,JJ
2016-10-27,0.0015400000000000004,0.2494505494505494,0.03296739130434781,0.0069817204301075315,45.31645569620253,15.75,JJ
2016-10-28,0.001443333333333335,0.3208791208791208,0.030380434782608694,0.009615217391304354,36.247191011235955,12.27659574468085,JJ
2016-10-29,0.0011875000000000008,0.2263157894736838,0.03554166666666667,0.00718541666666667,39.604166666666664,13.5,JJ
2016-10-30,0.001254320987654322,0.16842105263157864,0.03370833333333332,0.006892708333333334,25.729166666666668,9.126315789473685,JJ
2016-10-31,0.0015840909090909098,0.22315789473684186,0.02897916666666665,0.014385416666666664,27.150537634408604,10.542553191489361,JJ
2016-11-01,0.0013769230769230779,0.18829787234042522,0.03319999999999999,0.006938947368421055,31.89010989010989,12.094736842105263,JJ
2016-11-02,0.0015193181818181816,0.18705882352941156,0.03411827956989245,0.008683870967741942,24.703703703703702,9.73611111111111,JJ
2016-11-03,0.002647252747252748,0.3577777777777776,0.03636666666666665,0.014107692307692312,59.858823529411765,36.15384615384615,JJ
2016-11-04,0.0026125000000000015,0.34210526315789475,0.03969791666666666,0.012696874999999995,56.824175824175825,36.294736842105266,JJ
2016-11-05,0.0021225806451612905,0.254736842105263,0.041177083333333316,0.010714583333333328,36.70652173913044,19.319148936170212,JJ
2016-11-06,0.002048958333333334,0.2589473684210525,0.046083333333333316,0.007091666666666671,42.333333333333336,23.925531914893618,JJ
2016-11-07,0.0016365591397849483,0.23052631578947352,0.038125,0.007262500000000001,36.45977011494253,18.5,JJ
2016-11-08,0.0016958333333333372,0.314736842105263,0.03209375,0.010115625000000005,38.17204301075269,21.84375,JJ
2016-11-09,0.001782926829268295,0.19135802469135793,0.035695121951219516,0.009482278481012662,26.5,13.382978723404255,JJ
2016-11-10,0.0022094594594594605,0.2776315789473686,0.026921052631578946,0.015243421052631578,25.615384615384617,13.416666666666666,JJ
2016-11-11,0.0020416666666666678,0.283157894736842,0.03805208333333333,0.011852083333333341,57.141176470588235,24.3953488372093,JJ
2016-11-12,0.0026578947368421087,0.30425531914893617,0.03717894736842103,0.01687578947368421,56.83870967741935,22.567901234567902,JJ
2016-11-13,0.0016697916666666684,0.30105263157894724,0.03387499999999998,0.01444166666666667,41.04545454545455,20.296703296703296,JJ
2016-11-14,0.0018354166666666666,0.28333333333333327,0.029447916666666633,0.010423958333333337,22.564705882352943,9.454545454545455,JJ
2016-11-15,0.0018010416666666678,0.27157894736842114,0.0326770833333333,0.009686458333333337,49.276595744680854,19.021052631578947,JJ
2016-11-16,0.0023864583333333346,0.2631578947368421,0.030885416666666637,0.01678229166666667,37.291666666666664,15.510416666666666,JJ
2016-11-17,0.002875000000000001,0.3505263157894735,0.036645833333333315,0.016232291666666666,57.61290322580645,28.135416666666668,JJ
2016-11-18,0.0024458333333333354,0.33578947368421064,0.040927083333333315,0.01358437500000001,52.819148936170215,23.697916666666668,JJ
2016-11-19,0.0017833333333333332,0.4473684210526313,0.03296874999999999,0.01026458333333334,34.544444444444444,18.739583333333332,JJ
2016-11-20,0.0020333333333333336,0.44736842105263114,0.03765624999999998,0.010116666666666671,37.12359550561798,20.104166666666668,JJ
2016-11-21,0.0014961038961038954,0.37763157894736843,0.03261038961038958,0.010564935064935074,36.66216216216216,20.25,JJ
2016-11-22,0.0012843749999999988,0.28412698412698406,0.04537499999999997,0.007609375000000003,35.84375,19.571428571428573,JJ
2016-11-23,0.001758536585365853,0.17160493827160467,0.03910975609756098,0.005708536585365855,26.571428571428573,9.3125,JJ
2016-11-24,0.00166829268292683,0.19756097560975583,0.03468292682926829,0.0069536585365853705,24.658536585365855,10.627906976744185,JJ
2016-11-25,0.001685416666666669,0.23789473684210521,0.03235416666666667,0.01155208333333334,27.93548387096774,15.732558139534884,JJ
2016-11-26,0.002310465116279072,0.2968421052631579,0.02497916666666665,0.014859375000000003,34.38297872340426,21.717391304347824,JJ
2016-11-27,0.0023354166666666692,0.2652631578947368,0.038260416666666665,0.00908333333333334,34.166666666666664,17.032258064516128,JJ
2016-11-28,0.0020062500000000015,0.3031578947368421,0.03448958333333333,0.010305208333333338,79.63541666666667,30.40625,JJ
2016-11-29,0.0017063157894736864,0.16808510638297855,0.03275789473684209,0.01098526315789474,20.193181818181817,7.863636363636363,JJ
2016-11-30,0.0018843750000000039,0.24210526315789457,0.028041666666666663,0.013529166666666667,27.126582278481013,13.368421052631579,JJ
2016-12-01,0.002435789473684214,0.27789473684210514,0.042541666666666665,0.008620833333333343,51.88732394366197,26.358695652173914,JJ
2016-12-02,0.0016357894736842135,0.1957894736842108,0.03211458333333333,0.012608333333333341,23.677083333333332,10.375,JJ
2016-12-03,0.002590625000000002,0.24631578947368413,0.02583333333333333,0.017896875000000003,28.543478260869566,15.96808510638298,JJ
2016-12-04,0.002213541666666671,0.21789473684210542,0.0326,0.013375000000000005,23.72043010752688,15.233333333333333,JJ
2016-12-05,0.004031250000000004,0.5852631578947373,0.05043373493975902,0.017666666666666674,129.59375,82.12765957446808,JJ
2016-12-06,0.00187692307692308,0.2177777777777779,0.034761363636363625,0.010035164835164843,43.170212765957444,19.094736842105263,JJ
2016-12-07,0.002067708333333336,0.2747368421052631,0.03516666666666667,0.013458333333333336,39.20652173913044,20.74736842105263,JJ
2016-12-08,0.003086315789473686,0.41276595744680805,0.04018947368421051,0.01743473684210526,75.48421052631579,42.765957446808514,JJ
2016-12-09,0.0033656250000000023,0.4494736842105264,0.04512499999999999,0.012837500000000003,82.11458333333333,49.270833333333336,JJ
2016-12-10,0.0018600000000000016,0.23085106382978704,0.029252631578947363,0.014476842105263158,21.956521739130434,10.638297872340425,JJ
2016-12-11,0.0021147368421052647,0.22340425531914876,0.029652631578947347,0.012695789473684218,19.533333333333335,11.242105263157894,JJ
2016-12-12,0.0022000000000000027,0.2926315789473682,0.022374999999999992,0.023693749999999996,26.21590909090909,12.945652173913043,JJ
2016-12-13,0.002820833333333338,0.3305263157894736,0.022614583333333327,0.018560416666666666,37.95652173913044,21.229166666666668,JJ
2016-12-14,0.0016979166666666696,0.19999999999999982,0.03804166666666665,0.0073999999999999995,35.294736842105266,15.364583333333334,JJ
2016-12-15,0.0015673684210526322,0.19894736842105243,0.036635416666666656,0.006542708333333338,23.642857142857142,11.635416666666666,JJ
2016-12-16,0.0014500000000000025,0.21473684210526303,0.03464583333333333,0.009165625000000005,24.191011235955056,11.666666666666666,JJ
2016-12-17,0.0016840425531914926,0.24842105263157874,0.027687499999999976,0.013713541666666676,24.956521739130434,14.114583333333334,JJ
2016-12-18,0.0019431578947368463,0.24842105263157874,0.02852083333333333,0.015732291666666665,22.620689655172413,13.463157894736842,JJ
2016-12-19,0.002208510638297873,0.3357894736842104,0.02330208333333331,0.021528124999999995,27.813953488372093,12.945652173913043,JJ
2016-12-20,0.002233684210526316,0.3336842105263158,0.028447916666666653,0.01589166666666667,36.0,25.924050632911392,JJ
2016-12-21,0.0019520833333333337,0.2968421052631579,0.026718749999999982,0.013826041666666672,24.88135593220339,12.227272727272727,JJ
2016-12-22,0.0016978260869565216,0.31978021978022,0.03366304347826087,0.007356521739130435,22.685185185185187,11.220588235294118,JJ
2016-12-23,0.0014747252747252771,0.30315789473684207,0.03689583333333333,0.006307291666666666,37.542857142857144,23.56338028169014,JJ
2016-12-24,0.00120375,0.16736842105263133,0.035011235955056154,0.008142708333333337,27.72463768115942,15.422535211267606,JJ
2016-12-25,0.0018458333333333356,0.23473684210526313,0.029416666666666657,0.011085416666666674,32.05769230769231,22.029411764705884,JJ
2016-12-26,0.001663541666666669,0.27922077922077926,0.027791666666666655,0.012963541666666668,16.473684210526315,12.868852459016393,JJ
2016-12-27,0.0014568421052631579,0.17160493827160467,0.03685263157894738,0.005324210526315797,26.732394366197184,13.35820895522388,JJ
2016-12-28,0.0014905263157894758,0.1516483516483514,0.031958333333333325,0.010167708333333343,20.557142857142857,8.942857142857143,JJ
2016-12-29,0.001518750000000002,0.19368421052631554,0.03643749999999999,0.0071770833333333365,27.73134328358209,14.366197183098592,JJ
2016-12-30,0.0013156250000000008,0.1873684210526313,0.029083333333333326,0.011556250000000002,23.52173913043478,9.985915492957746,JJ
2016-12-31,0.001341052631578949,0.1894736842105261,0.02888541666666666,0.012599999999999998,23.313432835820894,14.373134328358208,JJ
2017-01-01,0.0011,0.2,0.028999999999999998,0.011850000000000001,26.333333333333332,17.666666666666668,JJ
2016-01-01,0.005415938303341883,0.684575835475577,0.022999999999999944,0.017714206128133708,51.55968169761273,40.126126126126124,JN
2016-01-02,0.005094362745098022,0.693382352941175,0.017232843137254837,0.024912436548223327,49.56930693069307,40.37837837837838,JN
2016-01-03,0.005001225490196061,0.7460784313725466,0.01839705882352937,0.02213149999999996,51.127450980392155,38.779661016949156,JN
2016-01-04,0.006059068627450946,0.7142156862745102,0.036499999999999956,0.01779873417721514,82.65601965601965,57.327586206896555,JN
2016-01-05,0.004992039800995004,0.5345771144278619,0.01826368159203978,0.02220822281167105,29.91044776119403,21.40928270042194,JN
2016-01-06,0.005196296296296272,0.5582716049382723,0.02244691358024689,0.01571788413098235,34.65835411471322,23.0982905982906,JN
2016-01-07,0.003943950617283932,0.5071604938271607,0.026375308641975275,0.009797461928933986,33.080882352941174,22.079166666666666,JN
2016-01-08,0.0036124069478907983,0.4777777777777789,0.025992555831265474,0.009411111111111084,22.671679197994987,16.451882845188283,JN
2016-01-09,0.004356019656019638,0.4894607843137274,0.02375245098039214,0.011986732186732164,25.508905852417303,19.1255230125523,JN
2016-01-10,0.0057583333333333,0.5877450980392158,0.029325980392156836,0.012445073891625578,41.75555555555555,29.7,JN
2016-01-11,0.005498511166253086,0.5528535980148895,0.02604714640198511,0.014305955334987554,38.25125628140704,26.763948497854077,JN
2016-01-12,0.004889655172413776,0.46477832512315437,0.02428078817733988,0.012802709359605884,25.21356783919598,16.358333333333334,JN
2016-01-13,0.0038920595533498584,0.5225806451612908,0.02836972704714639,0.008947890818858531,24.46851385390428,17.37552742616034,JN
2016-01-14,0.004106281407035158,0.5384422110552768,0.02497487437185925,0.01378371501272261,31.773936170212767,20.421940928270043,JN
2016-01-15,0.0065321782178217585,0.7483870967741933,0.01655198019801974,0.027398191214470263,56.92913385826772,39.0,JN
2016-01-16,0.006993366093366071,0.7946078431372549,0.01870588235294112,0.02611568627450976,68.53299492385787,49.80416666666667,JN
2016-01-17,0.005967321867321855,0.6875000000000007,0.023759803921568578,0.01741764705882351,51.72774869109948,41.00420168067227,JN
2016-01-18,0.003818765432098748,0.5296296296296303,0.03159012345679013,0.008397283950617255,27.704260651629074,19.894957983193276,JN
2016-01-19,0.003056708860759487,0.4238461538461551,0.031270886075949376,0.004990463917525764,16.989556135770236,8.178260869565218,JN
2016-01-20,0.003918717948717934,0.4875647668393794,0.028795396419437347,0.009057800511508928,24.13953488372093,16.426160337552744,JN
2016-01-21,0.004553989361702115,0.5158602150537651,0.025712765957446773,0.013455053191489336,26.219638242894057,20.41592920353982,JN
2016-01-22,0.005038630136986291,0.4956164383561658,0.026219178082191742,0.014958082191780792,21.984536082474225,15.982608695652173,JN
2016-01-23,0.0044776349614395715,0.4460154241645253,0.029786632390745478,0.008584061696658065,25.271604938271604,18.97907949790795,JN
2016-01-24,0.0038739557739557616,0.3960687960687964,0.031882063882063875,0.005123587223587208,19.254950495049506,12.734177215189874,JN
2016-01-25,0.0046556962025316355,0.46045340050377837,0.02971898734177211,0.009424999999999963,25.58269720101781,15.942477876106194,JN
2016-01-26,0.006132031249999999,0.565624999999999,0.029578124999999966,0.014346093749999964,42.95300261096606,29.316964285714285,JN
2016-01-27,0.006952467532467516,0.6706493506493497,0.026511688311688278,0.025530389610389573,62.56349206349206,45.242553191489364,JN
2016-01-28,0.0063524752475247435,0.681188118811881,0.01881683168316828,0.031394554455445554,59.19948186528497,46.24561403508772,JN
2016-01-29,0.004149499999999992,0.5113300492610843,0.024768472906403886,0.016059605911330026,16.07940446650124,13.719148936170212,JN
2016-01-30,0.005080098280098273,0.5406862745098043,0.022134803921568604,0.015683578431372525,18.854320987654322,14.882845188284518,JN
2016-01-31,0.005172303921568615,0.48112745098039345,0.0302598039215686,0.01012279411764703,32.35049019607843,24.430962343096233,JN
2016-02-01,0.003942297650130539,0.4155172413793104,0.033246305418719195,0.008377748691099451,22.655172413793103,15.217777777777778,JN
2016-02-02,0.004656735751295326,0.45580246913580313,0.032701234567901215,0.012030446194225691,23.638613861386137,15.279661016949152,JN
2016-02-03,0.0059453865336658125,0.5497512437810947,0.031389027431421405,0.017495225464190956,36.41542288557214,25.77433628318584,JN
2016-02-04,0.0067475935828876735,0.6064102564102556,0.03625984251968498,0.017208556149732577,51.13846153846154,38.415929203539825,JN
2016-02-05,0.005031513647642663,0.4197007481296768,0.03464705882352939,0.01329248120300748,30.818627450980394,21.553648068669528,JN
2016-02-06,0.004349509803921548,0.38186274509804036,0.03342821782178216,0.009966493506493476,27.275184275184277,19.382978723404257,JN
2016-02-07,0.005784520884520873,0.3985294117647069,0.031601965601965556,0.010662915601022989,27.07598039215686,18.82894736842105,JN
2016-02-08,0.006581527093596034,0.4580882352941188,0.040237745098039186,0.010497506234413933,43.088235294117645,32.200934579439256,JN
2016-02-09,0.004899999999999978,0.43185185185185215,0.037985257985257925,0.008375844155844133,52.056372549019606,33.00438596491228,JN
2016-02-10,0.007518114143920565,0.515288220551379,0.02402985074626862,0.018830904522613028,35.72456575682382,22.773504273504273,JN
2016-02-11,0.010185974025973998,0.6335164835164839,0.02345187165775398,0.022960465116279055,34.961139896373055,22.650442477876105,JN
2016-02-12,0.007016971279373346,0.5271505376344102,0.025499999999999974,0.018381585677749328,24.575,16.443438914027148,JN
2016-02-13,0.005635960591132986,0.6026455026455035,0.016120098039215637,0.019464950980392123,16.535626535626534,11.81081081081081,JN
2016-02-14,0.0026901856763925746,0.373284313725491,0.030857142857142868,0.00563453038674032,20.269607843137255,13.088888888888889,JN
2016-02-15,0.0027459595959595947,0.324415584415585,0.03670157068062826,0.005681401617250655,22.120689655172413,12.414847161572052,JN
2016-02-16,0.003250260416666659,0.40052631578947434,0.03422506393861892,0.008058994708994675,29.027295285359802,17.513274336283185,JN
2016-02-17,0.0038962406015037475,0.37853403141361414,0.0316857855361596,0.009512249999999974,24.263157894736842,14.004366812227074,JN
2016-02-18,0.0044781094527363095,0.3962962962962975,0.03149874686716788,0.015518656716417875,28.248756218905474,18.36322869955157,JN
2016-02-19,0.0068694235588972075,0.6108527131782945,0.028444999999999988,0.023996499999999973,63.27832512315271,42.58849557522124,JN
2016-02-20,0.006322999999999978,0.5684615384615389,0.026004950495049493,0.02037945544554451,59.8014888337469,35.794871794871796,JN
2016-02-21,0.003638235294117632,0.39387254901960933,0.03621078431372547,0.008165196078431344,25.24815724815725,13.680851063829786,JN
2016-02-22,0.0068140306122448716,0.5698979591836744,0.026410714285714267,0.01880280612244896,32.34936708860759,19.43946188340807,JN
2016-02-23,0.004121108179419512,0.5015789473684218,0.03520263157894736,0.012638057742782139,62.02917771883289,30.72429906542056,JN
2016-02-24,0.0030349162011173146,0.354061624649859,0.03530167597765361,0.0073592178770949465,21.911357340720222,14.502392344497608,JN
2016-02-25,0.0035207792207792125,0.4041558441558454,0.03507272727272728,0.012253506493506471,31.33678756476684,20.410138248847925,JN
2016-02-26,0.004316543209876526,0.5698765432098767,0.03210370370370368,0.02316246913580243,70.90841584158416,51.472103004291846,JN
2016-02-27,0.005055198019801957,0.6174019607843126,0.042213235294117635,0.022065686274509756,99.86486486486487,66.16883116883118,JN
2016-02-28,0.005217936117936095,0.5997549019607842,0.03310539215686272,0.02263382352941173,87.48774509803921,57.84415584415584,JN
2016-02-29,0.002856019656019653,0.38968058968059077,0.038117936117936096,0.007285749385749359,33.712530712530715,20.05579399141631,JN
2016-03-01,0.003111274509803912,0.39828431372549145,0.037132352941176436,0.008476470588235268,27.068627450980394,18.82456140350877,JN
2016-03-02,0.0037517241379310265,0.43995098039215824,0.03111764705882352,0.01661274509803919,24.389705882352942,17.395652173913042,JN
2016-03-03,0.005185677083333318,0.43600000000000105,0.024786458333333292,0.023151697127937305,28.40561224489796,18.94090909090909,JN
2016-03-04,0.006907481296758087,0.5992518703241909,0.011824607329842874,0.029350872817955065,29.900510204081634,23.013452914798208,JN
2016-03-05,0.005809558823529387,0.48210784313725596,0.024724815724815677,0.016954901960784273,34.55172413793103,20.079166666666666,JN
2016-03-06,0.0037455665024630443,0.4401515151515156,0.027870967741935444,0.014059950859950834,43.66997518610422,20.407894736842106,JN
2016-03-07,0.00623374384236451,0.5562653562653564,0.02136790123456787,0.02144766584766581,65.67241379310344,32.36666666666667,JN
2016-03-08,0.004417060367454057,0.4034120734908146,0.02979057591623036,0.015303403141361213,59.78974358974359,22.637130801687764,JN
2016-03-09,0.004155813953488357,0.3790697674418611,0.03052072538860101,0.011740051679586545,30.21025641025641,15.529661016949152,JN
2016-03-10,0.003540909090909073,0.3285353535353537,0.03410327455919394,0.0092232323232323,28.16915422885572,12.76271186440678,JN
2016-03-11,0.003281617647058808,0.34264705882353036,0.036289215686274474,0.009190931372548993,28.355392156862745,17.602564102564102,JN
2016-03-12,0.006644852941176441,0.45514705882353024,0.034781862745098015,0.016036029411764678,43.806372549019606,23.063025210084035,JN
2016-03-13,0.006993627450980364,0.5242647058823537,0.03265196078431369,0.018401225490196037,52.13759213759214,32.6764705882353,JN
2016-03-14,0.005336029411764693,0.5436274509803919,0.03924999999999998,0.017288725490196055,65.90441176470588,49.685344827586206,JN
2016-03-15,0.0068686419753086125,0.6004901960784317,0.03892892156862744,0.021899264705882368,65.25980392156863,49.625,JN
2016-03-16,0.00483830845771142,0.505721393034827,0.03947014925373132,0.02267860696517411,53.069651741293534,39.61304347826087,JN
2016-03-17,0.006564231738035237,0.5438596491228075,0.03247117794486213,0.027724060150375908,49.900249376558605,36.706896551724135,JN
2016-03-18,0.00494586466165412,0.520448877805488,0.024430025445292564,0.022482044887780522,22.3510101010101,17.816239316239315,JN
2016-03-19,0.006297542997542977,0.5867647058823532,0.03483538083538084,0.02014509803921566,51.123456790123456,31.982608695652175,JN
2016-03-20,0.004925490196078409,0.4914215686274521,0.035696078431372534,0.015102450980392127,54.759803921568626,30.8375,JN
2016-03-21,0.005458333333333316,0.48358585858586,0.03391161616161616,0.016775193798449585,40.49620253164557,26.262008733624455,JN
2016-03-22,0.004171199999999996,0.45729442970822337,0.039198412698412705,0.015353314917127043,38.849604221635886,27.995283018867923,JN
2016-03-23,0.004601583113456452,0.46464379947229656,0.04811345646437991,0.014042105263157863,49.50802139037433,33.413145539906104,JN
2016-03-24,0.004223218997361463,0.3910526315789483,0.03874736842105262,0.011726842105263122,35.33862433862434,20.934272300469484,JN
2016-03-25,0.0049616797900262286,0.39921259842519735,0.034753280839894964,0.01499396325459315,31.355844155844157,21.81651376146789,JN
2016-03-26,0.004612499999999986,0.39166666666666755,0.043389705882352914,0.01316985294117643,44.10294117647059,30.453389830508474,JN
2016-03-27,0.004134313725490181,0.4080882352941182,0.05018872549019607,0.01189632352941173,46.78186274509804,35.016806722689076,JN
2016-03-28,0.005441206030150729,0.4995049504950497,0.05129702970297026,0.018340346534653433,56.37531486146096,38.96186440677966,JN
2016-03-29,0.004430221130221106,0.5110294117647065,0.054454545454545505,0.01861887254901957,67.97051597051598,45.13559322033898,JN
2016-03-30,0.006319402985074599,0.5425373134328363,0.04717456359102243,0.022326119402985033,61.35588972431078,39.62978723404255,JN
2016-03-31,0.008647642679900713,0.5866004962779148,0.03636790123456791,0.027754320987654305,78.0482233502538,52.39565217391304,JN
2016-04-01,0.00864649350649348,0.6864321608040189,0.04388442211055276,0.030707537688442154,78.53470437017995,52.65665236051502,JN
2016-04-02,0.008495760598503705,0.571712158808934,0.04157213930348255,0.02535632754342427,64.03598971722366,47.3974358974359,JN
2016-04-03,0.005400252525252504,0.5224747474747484,0.026729797979797968,0.02001085858585855,36.094147582697204,26.182648401826484,JN
2016-04-04,0.003637346437346423,0.49213759213759267,0.03560442260442257,0.014702457002456967,18.083544303797467,12.261061946902656,JN
2016-04-05,0.0038081081081081034,0.4019656019656032,0.03613759213759211,0.014852825552825516,26.685503685503686,15.051063829787234,JN
2016-04-06,0.0072379396984924415,0.4806532663316601,0.03491959798994972,0.02350628140703514,38.18341708542714,22.533333333333335,JN
2016-04-07,0.005163480392156852,0.5399509803921583,0.036561274509803926,0.01808765432098762,16.03291139240506,11.660714285714286,JN
2016-04-08,0.006032581453634055,0.4770000000000016,0.036588972431077685,0.01927199999999998,44.37150127226463,22.582978723404256,JN
2016-04-09,0.00587346437346434,0.4887254901960785,0.04305896805896802,0.019731127450980348,127.2741116751269,40.17226890756302,JN
2016-04-10,0.006492401960784295,0.5480392156862749,0.043926470588235275,0.017809558823529383,121.47117794486215,45.8125,JN
2016-04-11,0.005201225490196058,0.44019607843137293,0.036289215686274474,0.014113480392156824,60.443627450980394,30.95,JN
2016-04-12,0.006494486215538828,0.3658354114713229,0.04071072319201993,0.013357107231920158,35.079800498753116,22.17948717948718,JN
2016-04-13,0.006013499999999984,0.45125000000000043,0.027250626566416004,0.016917499999999978,22.98511166253102,17.266094420600858,JN
2016-04-14,0.004528753180661565,0.46948717948718005,0.03873417721518985,0.012400253164556925,44.31347150259067,19.166666666666668,JN
2016-04-15,0.0060791563275434035,0.4555831265508695,0.04011910669975184,0.016643176178660016,44.32835820895522,24.24878048780488,JN
2016-04-16,0.006555882352941147,0.4848039215686288,0.034480392156862695,0.017704411764705847,37.81701030927835,21.060747663551403,JN
2016-04-17,0.0034985294117646994,0.4022058823529419,0.049919117647058746,0.006650370370370352,33.809895833333336,14.666666666666666,JN
2016-04-18,0.004628009828009815,0.3960784313725495,0.047632352941176445,0.01056127450980389,39.06060606060606,19.356521739130436,JN
2016-04-19,0.005205432098765397,0.47192118226601004,0.04988177339901471,0.012951351351351309,39.283251231527096,24.403361344537814,JN
2016-04-20,0.008216129032258034,0.578660049627791,0.04284367245657562,0.020039205955334954,41.88206388206388,28.682008368200837,JN
2016-04-21,0.005209660574412511,0.503875968992248,0.038367875647668366,0.013848186528497381,20.70646766169154,14.484581497797357,JN
2016-04-22,0.004540999999999973,0.48029925187032396,0.04565087281795512,0.014230174563590993,39.740554156171285,25.875,JN
2016-04-23,0.005217647058823497,0.5512254901960779,0.04477941176470591,0.017532598039215648,128.44334975369458,51.24583333333333,JN
2016-04-24,0.005654166666666643,0.45294117647058896,0.04502941176470588,0.01478602941176467,146.98507462686567,32.82083333333333,JN
2016-04-25,0.00784702970297027,0.4915841584158422,0.04422029702970295,0.02225148514851481,103.02992518703242,29.68936170212766,JN
2016-04-26,0.00927506234413962,0.5446384039900253,0.03621446384039899,0.0256361596009975,60.905236907730675,26.076271186440678,JN
2016-04-27,0.004077641277641263,0.38768472906404083,0.04189189189189183,0.013161179361179338,19.566831683168317,12.037974683544304,JN
2016-04-28,0.004388999999999995,0.3962500000000012,0.037952618453865314,0.013863840399002467,17.188442211055275,11.039647577092511,JN
2016-04-29,0.006352763819095447,0.38618090452261455,0.03894221105527638,0.01615351758793967,40.26535626535627,22.891666666666666,JN
2016-04-30,0.00401116625310172,0.3725925925925935,0.05007901234567902,0.014060987654320952,42.90594059405941,25.046413502109704,JN
2016-05-01,0.004373529411764679,0.3840686274509817,0.053995098039215664,0.012472794117647014,38.495098039215684,23.6625,JN
2016-05-02,0.006935162094763062,0.4585607940446661,0.027913151364764247,0.017188833746898214,39.067669172932334,24.358649789029535,JN
2016-05-03,0.005395012468827907,0.3816377171215894,0.04172952853598013,0.009034749999999968,24.27386934673367,13.106837606837606,JN
2016-05-04,0.007011838790931975,0.38542713567839276,0.054571788413098246,0.01198354755784058,59.461728395061726,22.379166666666666,JN
2016-05-05,0.010556435643564318,0.5982843137254897,0.05148395061728392,0.02056617647058818,51.497549019607845,27.225,JN
2016-05-06,0.006673955773955741,0.4637254901960797,0.04478921568627451,0.013548039215686241,27.68380462724936,18.639830508474578,JN
2016-05-07,0.005368304668304649,0.3950859950859955,0.045341523341523346,0.011155773955773919,151.05555555555554,28.07563025210084,JN
2016-05-08,0.006642647058823507,0.3870098039215695,0.044588235294117665,0.016186764705882335,64.28186274509804,17.819327731092436,JN
2016-05-09,0.006252579852579834,0.42678132678132813,0.03274677002583977,0.020559950859950823,43.4938574938575,16.225,JN
2016-05-10,0.004754299754299737,0.47051597051597144,0.030370757180156607,0.01737027027027023,24.156565656565657,16.021834061135372,JN
2016-05-11,0.004694458438287138,0.38211586901763367,0.041267015706806257,0.014175818639798457,15.174025974025975,10.201793721973095,JN
2016-05-12,0.004689800995024852,0.3609452736318409,0.04384825870646762,0.013304477611940264,22.4325,15.41150442477876,JN
2016-05-13,0.005224479166666653,0.4051948051948055,0.048701298701298655,0.01307700258397931,29.35427135678392,20.167381974248926,JN
2016-05-14,0.006254433497536923,0.45049019607843294,0.045058823529411714,0.015368627450980355,33.29556650246305,21.15,JN
2016-05-15,0.006734152334152308,0.4002450980392176,0.0298897058823529,0.013821447028423736,32.00246305418719,20.319148936170212,JN
2016-05-16,0.003714567901234546,0.33802469135802504,0.044399999999999995,0.00918688946015421,23.325925925925926,14.123931623931623,JN
2016-05-17,0.006829675810473778,0.4778894472361812,0.04805940594059407,0.018423762376237593,41.5358024691358,24.923728813559322,JN
2016-05-18,0.01056616161616157,0.6053571428571423,0.05137309644670048,0.026541999999999982,50.957070707070706,35.56086956521739,JN
2016-05-19,0.010673697270471447,0.5329207920792084,0.05265346534653466,0.026020049504950477,50.02493765586035,36.297872340425535,JN
2016-05-20,0.00810924999999997,0.43734335839599014,0.05277999999999999,0.021809249999999968,39.44,27.365546218487395,JN
2016-05-21,0.007850735294117613,0.4110294117647064,0.051277641277641256,0.02094362745098036,39.26208651399491,27.692307692307693,JN
2016-05-22,0.007912285012284982,0.43144963144963183,0.05817241379310343,0.01745012285012283,47.995024875621894,37.13025210084034,JN
2016-05-23,0.007585499999999986,0.4287500000000001,0.05100505050505047,0.019978249999999975,48.41831683168317,36.88559322033898,JN
2016-05-24,0.005372029702970271,0.3871287128712869,0.03754455445544554,0.01310099009900988,22.73067331670823,16.484581497797357,JN
2016-05-25,0.006549004975124338,0.4682382133995038,0.04964851485148514,0.016907673267326704,46.39356435643565,34.69327731092437,JN
2016-05-26,0.006911499999999955,0.5648379052369079,0.04922670025188911,0.018171321695760582,66.865,50.89451476793249,JN
2016-05-27,0.0048769035532994715,0.4961928934010151,0.05792620865139948,0.013985025380710623,71.49376558603491,55.936974789915965,JN
2016-05-28,0.005867602040816275,0.5743073047858935,0.053373737373737365,0.015794710327455903,66.58717948717948,50.43171806167401,JN
2016-05-29,0.006283072916666647,0.6341145833333338,0.04907310704960832,0.014607291666666635,58.75197889182058,43.17289719626168,JN
2016-05-30,0.00588736842105261,0.45837696335078554,0.05880104712041885,0.01618219895287955,53.166666666666664,36.25714285714286,JN
2016-05-31,0.006300791556728198,0.5073684210526316,0.056760526315789456,0.015384736842105243,58.71010638297872,40.63380281690141,JN
2016-06-01,0.006154330708661398,0.41096605744125425,0.0521201044386423,0.013088250652741471,47.839572192513366,30.134883720930233,JN
2016-06-02,0.006543501326259923,0.3801061007957571,0.043771276595744674,0.015239257294429669,35.412234042553195,22.239436619718308,JN
2016-06-03,0.007406382978723369,0.43846153846154007,0.04874666666666667,0.018196551724137925,40.57217847769029,29.587677725118482,JN
2016-06-04,0.00577127937336814,0.39583333333333454,0.034059895833333305,0.015388802083333307,28.214285714285715,21.961904761904762,JN
2016-06-05,0.004538802083333321,0.3440104166666666,0.041591145833333294,0.011395312499999975,23.195710455764075,16.730392156862745,JN
2016-06-06,0.0033053619302949,0.3466145833333331,0.039429687499999984,0.009505729166666642,20.32069970845481,16.04433497536946,JN
2016-06-07,0.005756410256410235,0.481413612565446,0.030994871794871776,0.013859487179487144,26.87335092348285,21.47641509433962,JN
2016-06-08,0.004874009900990063,0.43044554455445533,0.028819306930693036,0.01334480198019798,36.204244031830235,27.86864406779661,JN
2016-06-09,0.007010126582278443,0.4420253164556965,0.0359010152284264,0.015114824120602985,42.66084788029925,32.819383259911895,JN
2016-06-10,0.0072171717171716715,0.47095959595959674,0.043096446700507614,0.013799244332493662,55.8676844783715,43.2991452991453,JN
2016-06-11,0.007410784313725462,0.40171568627450954,0.02737851662404089,0.013330886075949335,42.4468085106383,33.265116279069765,JN
2016-06-12,0.007452205882352919,0.4281862745098029,0.01384367245657565,0.013896323529411732,36.17574257425743,26.930131004366814,JN
2016-06-13,0.006275980392156814,0.43897058823529395,0.029825980392156837,0.011279656862745058,36.84367245657568,28.394736842105264,JN
2016-06-14,0.005521568627450952,0.3581280788177348,0.03682107843137256,0.010008823529411718,35.235588972431074,27.09051724137931,JN
2016-06-15,0.005471501272264602,0.3422391857506353,0.03091094147582695,0.009823409669211159,32.311053984575835,23.783549783549784,JN
2016-06-16,0.0035018970189701812,0.37822580645161225,0.04252173913043477,0.007227688172042991,22.82702702702703,16.44090909090909,JN
2016-06-17,0.004654473684210507,0.43808290155440427,0.05260621761658022,0.010232453825857484,32.858666666666664,24.765765765765767,JN
2016-06-18,0.005216751269035506,0.5122850122850123,0.04523095823095819,0.010787469287469258,40.9825,32.14468085106383,JN
2016-06-19,0.004652864583333309,0.49460784313725575,0.03537745098039213,0.008813480392156832,24.893300248138956,18.924107142857142,JN
2016-06-20,0.004901041666666643,0.47818627450980417,0.034928571428571406,0.013359558823529375,30.440886699507388,23.29310344827586,JN
2016-06-21,0.004624661246612453,0.43104325699745594,0.03029516539440202,0.011797201017811685,27.23469387755102,20.25,JN
2016-06-22,0.004799999999999985,0.40831168831168807,0.02899218749999995,0.012956989247311798,24.975935828877006,18.73913043478261,JN
2016-06-23,0.005996286472148506,0.4398416886543535,0.02819628647214852,0.01326860158311342,27.00261780104712,18.366812227074234,JN
2016-06-24,0.0046115089514066334,0.4501278772378523,0.029018087855297144,0.011986734693877501,21.417098445595855,14.947136563876652,JN
2016-06-25,0.00551030150753768,0.32965686274509765,0.05110784313725484,0.006887745098039183,25.233830845771145,15.483050847457626,JN
2016-06-26,0.004186387434554964,0.38137254901960915,0.055375,0.006750735294117623,33.61290322580645,23.21276595744681,JN
2016-06-27,0.005042999999999985,0.43391521197007477,0.035664999999999954,0.013680299251870278,40.28421052631579,29.286919831223628,JN
2016-06-28,0.006460150375939825,0.41180904522613115,0.03458897243107765,0.014203258145363372,35.73834196891192,27.5,JN
2016-06-29,0.0045220297029702795,0.358415841584159,0.03588118811881186,0.01187054455445541,24.73551637279597,19.217777777777776,JN
2016-06-30,0.0038474747474747354,0.3171717171717173,0.028497474747474716,0.010248737373737337,20.00526315789474,14.401709401709402,JN
2016-07-01,0.0036915816326530387,0.32780612244898033,0.01815831134564642,0.009368475452196354,19.023746701846967,11.987068965517242,JN
2016-07-02,0.0032249999999999796,0.33186274509803937,0.02336979166666663,0.009110294117647024,16.253968253968253,9.447368421052632,JN
2016-07-03,0.0036407862407862213,0.3428211586901764,0.02948437499999998,0.008992401960784284,14.418367346938776,9.306306306306306,JN
2016-07-04,0.004988220551378426,0.445340050377834,0.014772020725388583,0.01310050125313281,22.507772020725387,16.210762331838566,JN
2016-07-05,0.003298771498771481,0.3167487684729071,0.01294629156010228,0.006820935960591095,18.98987341772152,11.928888888888888,JN
2016-07-06,0.003683743842364504,0.28796068796068836,0.01395812807881771,0.0066131513647642364,18.878481012658227,11.012765957446808,JN
2016-07-07,0.0057969849246230784,0.3097112860892385,0.013109090909090884,0.009769346733668305,22.28020565552699,13.535087719298245,JN
2016-07-08,0.006526329113924024,0.3701799485861181,0.018515957446808486,0.01194860759493667,27.689473684210526,18.41743119266055,JN
2016-07-09,0.007628186274509765,0.4281862745098039,0.03134536082474223,0.013149509803921548,35.695767195767196,27.602678571428573,JN
2016-07-10,0.006707107843137217,0.4962406015037601,0.0345098039215686,0.012335049019607804,38.20460358056266,32.30316742081448,JN
2016-07-11,0.00629259259259257,0.44987654320987724,0.020696296296296265,0.013656683168316796,35.541333333333334,28.618834080717487,JN
2016-07-12,0.003912499999999993,0.3549019607843128,0.020198529411764685,0.010602696078431346,18.373655913978496,13.510729613733906,JN
2016-07-13,0.004835749999999984,0.4332499999999994,0.02379699248120298,0.011574249999999954,20.084656084656086,12.921739130434782,JN
2016-07-14,0.00410307692307692,0.32583120204603633,0.038667519181585674,0.007969250645994798,25.34656084656085,19.441860465116278,JN
2016-07-15,0.006641012658227822,0.35580808080808135,0.03541919191919189,0.012160353535353514,23.1747311827957,14.666666666666666,JN
2016-07-16,0.005218627450980377,0.40955882352941253,0.02483578431372546,0.011337254901960744,17.32070707070707,11.402877697841726,JN
2016-07-17,0.0047032019704433435,0.3812499999999999,0.04367401960784311,0.006853921568627428,23.931472081218274,18.6,JN
2016-07-18,0.006599746835443002,0.4196473551637274,0.030516372795969755,0.013110831234256893,19.95263157894737,12.512987012987013,JN
2016-07-19,0.00784987593052106,0.4513647642679904,0.033702233250620335,0.01484119106699749,29.853994490358126,23.867021276595743,JN
2016-07-20,0.006468304668304649,0.4012285012285015,0.036429975429975406,0.01226068796068793,25.676392572944298,22.431654676258994,JN
2016-07-21,0.0072727941176470344,0.39215686274509826,0.034764705882352906,0.012767647058823495,23.77179487179487,19.333333333333332,JN
2016-07-22,0.00719246231155776,0.3814720812182741,0.032384422110552764,0.013136868686868645,26.81958762886598,22.259493670886076,JN
2016-07-23,0.007274754901960744,0.44036458333333384,0.027747549019607833,0.011295343137254861,24.56958762886598,17.60747663551402,JN
2016-07-24,0.005376225490196058,0.3612987012987002,0.022164215686274483,0.00946176470588232,27.554123711340207,19.951351351351352,JN
2016-07-25,0.0035541666666666486,0.3687192118226592,0.021485294117647057,0.00812794117647056,27.963483146067414,19.75824175824176,JN
2016-07-26,0.0037514705882352797,0.3788029925187023,0.021325980392156857,0.008419607843137226,23.949101796407184,16.95336787564767,JN
2016-07-27,0.003276623376623373,0.36954177897574053,0.018403598971722324,0.0074469849246230815,22.006968641114984,15.468354430379748,JN
2016-07-28,0.003398579545454542,0.3679775280898875,0.026311977715877448,0.008510899182561276,35.11832061068702,25.810185185185187,JN
2016-07-29,0.003838399999999991,0.356883116883116,0.02311688311688309,0.008741558441558406,33.26315789473684,26.431924882629108,JN
2016-07-30,0.004072058823529387,0.36519607843137214,0.018681372549019592,0.008392156862745062,26.597864768683273,20.138248847926267,JN
2016-07-31,0.0060046568627450895,0.4384803921568618,0.02942260442260441,0.011503676470588208,31.375,20.782805429864254,JN
2016-08-01,0.008068341708542688,0.5997493734335831,0.029848866498740523,0.01631328320802002,38.33536585365854,28.397196261682243,JN
2016-08-02,0.0074221606648199245,0.6179687499999996,0.02974064171122991,0.015349999999999963,44.28787878787879,36.49484536082474,JN
2016-08-03,0.006478873239436603,0.4984168865435353,0.02922010869565215,0.013554617414247983,34.523415977961434,27.00502512562814,JN
2016-08-04,0.005303703703703672,0.4758974358974363,0.027572890025575426,0.011228388746803033,35.18055555555556,27.786363636363635,JN
2016-08-05,0.006255837563451749,0.4910941475826968,0.02839340101522839,0.011836132315521592,29.504373177842567,22.331818181818182,JN
2016-08-06,0.006098039215686245,0.4938725490196075,0.03368137254901961,0.01143333333333331,35.062893081761004,27.032258064516128,JN
2016-08-07,0.006481518987341746,0.5350490196078422,0.027946078431372486,0.010270588235294092,35.440514469453376,28.954128440366972,JN
2016-08-08,0.007265847665847632,0.6281862745098042,0.038917705735660835,0.013960539215686248,36.07395498392283,28.261061946902654,JN
2016-08-09,0.005135606060606035,0.5376262626262622,0.0381272727272727,0.01163181818181814,35.31046931407942,28.914027149321267,JN
2016-08-10,0.006813989637305677,0.5567357512953367,0.04177604166666665,0.013492727272727236,42.51985559566787,32.985849056603776,JN
2016-08-11,0.00629925925925923,0.5348148148148139,0.04371990171990171,0.013946798029556617,51.755627009646304,39.572052401746724,JN
2016-08-12,0.006225757575757546,0.5159090909090905,0.0412323232323232,0.013147979797979756,44.130548302872064,34.15909090909091,JN
2016-08-13,0.004893580246913549,0.38943488943488874,0.03264778325123148,0.012172235872235843,33.70161290322581,26.563025210084035,JN
2016-08-14,0.0051203931203930965,0.4210784313725486,0.030225490196078397,0.01047745098039212,33.16032608695652,27.17511520737327,JN
2016-08-15,0.00375511221945135,0.36593137254901914,0.02406372549019605,0.008176049382716025,29.73841961852861,24.47826086956522,JN
2016-08-16,0.004902116402116376,0.5024813895781632,0.038503722084367274,0.01073815461346631,33.20779220779221,22.814655172413794,JN
2016-08-17,0.004893540051679563,0.4726130653266328,0.03640201005025123,0.01235778894472358,32.10079575596817,24.371681415929203,JN
2016-08-18,0.004991708542713546,0.4648241206030153,0.03366161616161615,0.012305012531328291,30.0,21.631067961165048,JN
2016-08-19,0.005310621761658005,0.4221354166666666,0.03276227390180878,0.012314470284237688,28.30079155672823,19.22748815165877,JN
2016-08-20,0.004798774509803897,0.42720588235294116,0.0343504901960784,0.011142156862745075,28.86294416243655,19.686192468619247,JN
2016-08-21,0.004755637254901946,0.43190954773869333,0.03391176470588231,0.009034558823529389,26.98714652956298,19.476394849785407,JN
2016-08-22,0.005589460784313691,0.43948051948051914,0.03362842892768074,0.011390441176470553,32.018229166666664,22.904761904761905,JN
2016-08-23,0.0052084999999999805,0.41697612732095535,0.02955437665782491,0.012157107231920171,26.019390581717452,17.798283261802574,JN
2016-08-24,0.005522251308900497,0.3494623655913981,0.03887331536388139,0.012727225130890016,24.01123595505618,15.266094420600858,JN
2016-08-25,0.006400248138957784,0.41754385964912377,0.04036815920398008,0.014014392059553312,29.047120418848166,19.89316239316239,JN
2016-08-26,0.004722278481012645,0.39113924050633025,0.03161012658227846,0.012274430379746808,25.72658227848101,18.658008658008658,JN
2016-08-27,0.004425490196078414,0.3115196078431374,0.030223039215686243,0.00903161764705879,18.80493827160494,9.691983122362869,JN
2016-08-28,0.004965686274509798,0.37321867321867336,0.02564950980392151,0.00877573529411762,12.182044887780549,6.777272727272727,JN
2016-08-29,0.003269999999999985,0.281795511221945,0.02730673316708227,0.008548628428927663,14.345268542199488,7.665254237288136,JN
2016-08-30,0.004161481481481465,0.30318627450980373,0.035524509803921536,0.007427205882352922,26.81094527363184,11.594142259414227,JN
2016-08-31,0.006448110831234238,0.39681372549019694,0.0550686274509804,0.007524754901960759,42.75369458128079,21.2875,JN
2016-09-01,0.003630606860158295,0.4717333333333327,0.06581002638522422,0.009278627968337694,52.70866141732284,35.50627615062761,JN
2016-09-02,0.0038914893617021124,0.41105121293800667,0.04031117021276593,0.010476861702127643,14.864864864864865,11.400862068965518,JN
2016-09-03,0.005830548302872052,0.5583333333333341,0.027723958333333312,0.010932812499999965,16.431266846361186,11.217948717948717,JN
2016-09-04,0.005563707571801558,0.5247395833333354,0.021947916666666636,0.008934114583333312,25.962566844919785,17.210084033613445,JN
2016-09-05,0.0058377604166666595,0.5317708333333332,0.025746073298429276,0.011473177083333301,32.285714285714285,22.906779661016948,JN
2016-09-06,0.006146684350132612,0.6294429708222815,0.028491712707182298,0.014636074270556992,48.47027027027027,35.01702127659574,JN
2016-09-07,0.00662804232804232,0.6319148936170205,0.02736411609498678,0.015469393139841655,55.98395721925134,41.125,JN
2016-09-08,0.00493458445040213,0.5013297872340419,0.04008288770053477,0.01288502673796788,40.54545454545455,29.29113924050633,JN
2016-09-09,0.005188397790055239,0.5149584487534619,0.040564738292011,0.013438292011019261,43.73756906077348,32.865800865800864,JN
2016-09-10,0.005163541666666642,0.5164062499999994,0.037348958333333314,0.012658333333333304,44.53580901856764,34.21008403361345,JN
2016-09-11,0.004468229166666649,0.45364583333333375,0.02560937499999996,0.009952864583333308,34.5378590078329,25.384937238493723,JN
2016-09-12,0.004314360313315915,0.40520833333333406,0.02819999999999996,0.010468489583333308,26.034666666666666,18.891304347826086,JN
2016-09-13,0.00504530831099194,0.42106666666666775,0.03072701949860721,0.01184373333333331,24.61904761904762,15.658333333333333,JN
2016-09-14,0.004701827676240189,0.4460937500000007,0.03347916666666665,0.009747135416666634,28.87434554973822,20.297071129707113,JN
2016-09-15,0.005933420365535238,0.5122395833333339,0.03411488250652738,0.00960781249999996,34.020997375328086,24.740585774058577,JN
2016-09-16,0.003924999999999994,0.43463541666666683,0.02698177083333331,0.008194010416666649,30.416445623342174,22.573221757322177,JN
2016-09-17,0.0033445312499999903,0.3661458333333336,0.02598177083333329,0.007155468749999978,12.413333333333334,8.117647058823529,JN
2016-09-18,0.0033437673130193896,0.34036458333333314,0.025994791666666645,0.005360937499999988,9.842245989304812,5.815668202764977,JN
2016-09-19,0.003852887537993919,0.3196286472148534,0.02701061007957554,0.006372105263157874,16.701570680628272,7.8354430379746836,JN
2016-09-20,0.004020552147239254,0.2945121951219511,0.029724795640326988,0.007498387096774173,19.317333333333334,9.673728813559322,JN
2016-09-21,0.004593521126760554,0.3571428571428571,0.029228260869565204,0.00987499999999997,31.52861035422343,21.604444444444443,JN
2016-09-22,0.00469403794037939,0.4346883468834695,0.025292682926829246,0.013039942528735618,35.87431693989071,25.808035714285715,JN
2016-09-23,0.0046060941828254655,0.44357541899441394,0.02744086021505376,0.013074285714285691,33.37203166226913,23.311004784688997,JN
2016-09-24,0.004903794037940356,0.4393854748603357,0.03053524804177542,0.013420277777777757,33.075916230366495,23.10326086956522,JN
2016-09-25,0.0052624020887728305,0.44673913043478314,0.02739947780678852,0.013986072423398312,32.419786096256686,22.563157894736843,JN
2016-09-26,0.005833421052631566,0.4729658792650916,0.021884514435695526,0.014932777777777755,37.18586387434555,27.128712871287128,JN
2016-09-27,0.006684168865435334,0.541114058355437,0.015740157480314904,0.014526446280991716,34.12698412698413,22.94871794871795,JN
2016-09-28,0.0045498630136986224,0.38923884514435664,0.012558823529411737,0.013421522309711253,25.78306878306878,17.05701754385965,JN
2016-09-29,0.0037322404371584643,0.378590785907859,0.017172701949860685,0.010763143631436295,19.361930294906166,11.0,JN
2016-09-30,0.0035288571428571413,0.34985835694050965,0.018907185628742485,0.011967138810198268,15.397333333333334,7.685446009389671,JN
2016-10-01,0.0040791666666666546,0.3911227154046997,0.01700804289544233,0.013085937499999978,18.526315789473685,10.607142857142858,JN
2016-10-02,0.005018749999999984,0.44374999999999937,0.01882031249999997,0.012685677083333312,24.748010610079575,14.826839826839826,JN
2016-10-03,0.004032545931758526,0.35984251968503883,0.010805774278215186,0.010322572178477664,23.857519788918207,13.356223175965665,JN
2016-10-04,0.0043674540682414635,0.3679790026246722,0.02740419947506562,0.010241578947368404,27.74406332453826,13.693965517241379,JN
2016-10-05,0.0030519021739130454,0.31798941798941793,0.026716180371352764,0.00701931216931214,15.989071038251366,9.123287671232877,JN
2016-10-06,0.005421671018276754,0.44464751958224547,0.03268929503916449,0.014957702349869411,35.89736842105263,20.06382978723404,JN
2016-10-07,0.0037678378378378304,0.3651351351351352,0.0260489130434782,0.013036756756756732,28.153846153846153,15.294871794871796,JN
2016-10-08,0.004078590078328975,0.4335937500000002,0.02384374999999997,0.012296093749999957,20.8268156424581,12.514893617021277,JN
2016-10-09,0.004002343749999994,0.36354166666666665,0.029755208333333324,0.009070572916666644,19.612732095490717,10.39406779661017,JN
2016-10-10,0.003898944591029008,0.376963350785341,0.02420418848167537,0.01303455497382197,21.254010695187166,11.519480519480519,JN
2016-10-11,0.004939577836411598,0.4198412698412702,0.015315789473684178,0.016390526315789453,24.056497175141242,14.177777777777777,JN
2016-10-12,0.0066720867208672,0.5718157181571819,0.03205962059620593,0.0198392953929539,43.95492957746479,27.799086757990867,JN
2016-10-13,0.0050527932960893725,0.5220670391061457,0.02475070821529743,0.020817597765363106,44.99162011173184,30.369158878504674,JN
2016-10-14,0.004725722543352585,0.5257225433526014,0.030168115942028968,0.02187283236994218,47.72727272727273,33.60633484162896,JN
2016-10-15,0.005146825396825379,0.5632275132275129,0.03808730158730158,0.020595767195767174,61.63270777479893,44.16129032258065,JN
2016-10-16,0.004145833333333317,0.4247395833333338,0.02660937499999993,0.013892187499999965,26.262569832402235,18.651162790697676,JN
2016-10-17,0.005044647519582227,0.5798955613577024,0.021566579634464733,0.016358485639686646,18.59090909090909,12.96244131455399,JN
2016-10-18,0.00498989361702126,0.5109042553191491,0.02808776595744679,0.01696808510638295,37.888888888888886,23.16317991631799,JN
2016-10-19,0.004712195121951203,0.5430517711171655,0.0270813008130081,0.01851192411924118,44.67362924281984,28.196652719665273,JN
2016-10-20,0.004733604336043348,0.5325203252032512,0.027205962059620576,0.020221409214092118,46.2109375,28.804166666666667,JN
2016-10-21,0.0035163588390501243,0.393139841688655,0.03195514511873346,0.011244327176780979,46.047120418848166,25.966666666666665,JN
2016-10-22,0.004256510416666655,0.37356020942408413,0.02626562499999997,0.011846874999999995,28.486979166666668,15.575,JN
2016-10-23,0.0032947916666666594,0.34843750000000084,0.029116094986807357,0.0068455729166666405,23.652519893899203,13.698744769874477,JN
2016-10-24,0.0040229729729729545,0.3373684210526314,0.028863157894736837,0.010212368421052605,22.073684210526316,10.724576271186441,JN
2016-10-25,0.0043374670184696444,0.44063324538258614,0.022358839050131897,0.015020844327176756,20.058047493403695,10.600840336134453,JN
2016-10-26,0.005474594594594587,0.53054054054054,0.01998378378378375,0.015911111111111074,23.201612903225808,13.88655462184874,JN
2016-10-27,0.003857352941176465,0.4065527065527071,0.021820588235294085,0.013255270655270634,34.44034090909091,18.801724137931036,JN
2016-10-28,0.0036523668639053186,0.39806629834254165,0.02712759643916912,0.010935875706214668,18.96969696969697,11.030973451327434,JN
2016-10-29,0.003924999999999994,0.3846354166666666,0.029091666666666623,0.01140416666666664,30.07068062827225,16.09623430962343,JN
2016-10-30,0.005584856396866835,0.4664062499999999,0.023211111111111085,0.015096354166666647,28.639473684210525,16.628691983122362,JN
2016-10-31,0.005461741424802106,0.47282321899736207,0.013169014084507012,0.022311345646437965,26.552560646900268,16.16521739130435,JN
2016-11-01,0.003321093749999995,0.34263959390862886,0.03142972972972968,0.009212944162436535,22.063291139240505,12.34841628959276,JN
2016-11-02,0.004323924731182786,0.42682926829268375,0.02810057471264363,0.013516666666666647,24.375675675675677,15.140096618357488,JN
2016-11-03,0.004327176781002627,0.5330687830687827,0.02410526315789469,0.0199749340369393,45.84574468085106,32.405797101449274,JN
2016-11-04,0.005201876675603206,0.6128571428571418,0.02637499999999998,0.023902949061662175,56.26005361930295,41.69377990430622,JN
2016-11-05,0.004397860962566838,0.4597855227882045,0.026076086956521725,0.020604509283819614,40.048,30.154929577464788,JN
2016-11-06,0.0041026109660574255,0.4306666666666672,0.02674598930481282,0.014037597911227138,38.14882506527415,26.19811320754717,JN
2016-11-07,0.004491326530612221,0.45449871465295677,0.027982142857142848,0.015136224489795888,37.40979381443299,26.45945945945946,JN
2016-11-08,0.003238916256157624,0.4348484848484852,0.029957711442786018,0.01058472906403937,37.30272952853598,29.545045045045047,JN
2016-11-09,0.004399244332493692,0.385405405405406,0.026447999999999968,0.014891999999999982,30.040506329113924,21.39189189189189,JN
2016-11-10,0.004397536945812796,0.39973890339425683,0.022342318059299142,0.01754293059125963,26.881481481481483,18.714893617021275,JN
2016-11-11,0.004114427860696506,0.4800000000000002,0.02327249357326476,0.016513399503722062,46.80493827160494,22.474137931034484,JN
2016-11-12,0.006040203562340952,0.6140306122448979,0.021465295629820018,0.024593384223918564,61.651399491094146,29.698744769874477,JN
2016-11-13,0.006939312039312021,0.6852579852579855,0.02067088607594933,0.021141523341523322,51.614250614250615,29.338912133891213,JN
2016-11-14,0.005018136020151109,0.5829516539440208,0.02067002518891685,0.015217884130982334,19.969620253164557,13.89237668161435,JN
2016-11-15,0.004480597014925354,0.4844059405940594,0.028178217821782134,0.012217574257425716,38.89655172413793,18.1125,JN
2016-11-16,0.007523999999999987,0.6574999999999999,0.016078680203045682,0.023708020050125306,31.560794044665013,17.85531914893617,JN
2016-11-17,0.007859125964010267,0.7748071979434451,0.020484536082474195,0.03006529562982002,68.85051546391753,39.34322033898305,JN
2016-11-18,0.006591048593350367,0.6793281653746767,0.02013421052631576,0.026646035805626578,62.7020202020202,41.81012658227848,JN
2016-11-19,0.005617892156862728,0.6158024691358025,0.016995098039215624,0.019690931372548997,22.788029925187033,18.449152542372882,JN
2016-11-20,0.005146517412935304,0.5770935960591127,0.024590686274509777,0.01506838235294114,26.4,19.114406779661017,JN
2016-11-21,0.005485279187817244,0.581472081218273,0.016068601583113417,0.021890609137055816,39.544117647058826,24.925,JN
2016-11-22,0.0041188725490195945,0.4467980295566498,0.020931203931203905,0.014203431372548985,32.2,19.91213389121339,JN
2016-11-23,0.004804433497536931,0.3738805970149259,0.023142857142857097,0.011466502463054149,19.411027568922307,10.160337552742616,JN
2016-11-24,0.0034905472636815827,0.3438596491228077,0.027883084577114386,0.00858802992518701,19.95115681233933,11.206896551724139,JN
2016-11-25,0.005453417721518972,0.4883419689119182,0.022443037974683503,0.016235751295336748,26.10379746835443,17.93243243243243,JN
2016-11-26,0.0067871287128712715,0.6381773399014783,0.011322660098522126,0.024241432225063895,35.742574257425744,27.978991596638654,JN
2016-11-27,0.00610615763546797,0.5713235294117648,0.022019607843137216,0.015622303921568596,32.8128078817734,22.055555555555557,JN
2016-11-28,0.004093872549019593,0.48300492610837387,0.027881773399014754,0.012189950980392123,62.495098039215684,30.725,JN
2016-11-29,0.006228715365239287,0.437878787878789,0.02066331658291454,0.019234987593052075,21.592039800995025,14.046808510638298,JN
2016-11-30,0.006656716417910429,0.575062972292192,0.010295918367346902,0.026192326732673226,28.303482587064675,20.127118644067796,JN
2016-12-01,0.0043343283582089375,0.4307125307125309,0.02798284313725485,0.01337549019607841,46.38725490196079,27.223938223938223,JN
2016-12-02,0.0055104591836734615,0.4502577319587641,0.021666666666666647,0.018149489795918346,22.65743073047859,13.115384615384615,JN
2016-12-03,0.00949777777777776,0.7770202020202026,0.012240786240786204,0.02940245700245698,35.51231527093596,24.15209125475285,JN
2016-12-04,0.005494334975369441,0.632352941176471,0.012115196078431333,0.023277450980392134,33.475247524752476,26.22178988326848,JN
2016-12-05,0.005172952853597999,0.672345679012346,0.027366336633663342,0.02078292079207917,83.28678304239402,54.34901960784314,JN
2016-12-06,0.0035891625615763457,0.3647783251231536,0.02739901477832512,0.012062068965517207,24.8009828009828,12.80408163265306,JN
2016-12-07,0.0059525925925925744,0.5138271604938274,0.016822222222222197,0.023919999999999966,40.565432098765434,25.945945945945947,JN
2016-12-08,0.004975186104218345,0.6171215880893295,0.017551980198019772,0.02437004950495047,60.48009950248756,39.31640625,JN
2016-12-09,0.004341265822784792,0.5419191919191911,0.028717171717171672,0.014293686868686845,47.8927680798005,31.569767441860463,JN
2016-12-10,0.005937499999999992,0.4497549019607846,0.022009803921568597,0.01652573529411762,20.8925,14.238095238095237,JN
2016-12-11,0.007775980392156841,0.6338235294117647,0.01639705882352939,0.02182843137254899,23.60545905707196,16.971887550200805,JN
2016-12-12,0.009288480392156835,0.7137254901960781,0.00801470588235291,0.030737499999999977,31.784313725490197,21.347490347490346,JN
2016-12-13,0.006531999999999989,0.6717499999999998,0.011774999999999971,0.02336199999999996,32.14713216957606,22.992156862745098,JN
2016-12-14,0.0035386138613861208,0.42747524752475297,0.028638613861386056,0.010022524752475233,29.497524752475247,20.089068825910932,JN
2016-12-15,0.0032745501285346952,0.39717223650385686,0.03002570694087399,0.007021850899742906,23.089285714285715,13.518367346938776,JN
2016-12-16,0.003148749999999994,0.33065326633165804,0.029086633663366317,0.0075948019801979905,18.4475,10.200757575757576,JN
2016-12-17,0.004865879265091855,0.4737745098039219,0.022166666666666616,0.01633112745098036,28.54074074074074,19.66147859922179,JN
2016-12-18,0.004489062499999987,0.5340686274509797,0.014772058823529369,0.02358210784313723,33.1990171990172,24.420233463035018,JN
2016-12-19,0.007319582245430791,0.7400491400491386,0.007138586956521717,0.02903316953316949,31.98280098280098,25.95402298850575,JN
2016-12-20,0.00634807197943443,0.6593052109181146,0.015989717223650377,0.022832754342431774,32.559193954659946,23.217391304347824,JN
2016-12-21,0.006507843137254882,0.5901960784313727,0.014308823529411718,0.023418137254901928,31.671604938271606,21.4251968503937,JN
2016-12-22,0.004520792079207904,0.511330049261084,0.025128078817733965,0.010705172413793065,17.281407035175878,11.184738955823294,JN
2016-12-23,0.0032821608040200915,0.43040201005025186,0.029361809045226075,0.0064889447236180665,21.788413098236777,15.422310756972111,JN
2016-12-24,0.00515857843137254,0.5147058823529415,0.024563725490196028,0.012467647058823497,32.24570024570025,23.250950570342205,JN
2016-12-25,0.006422549019607818,0.6676470588235294,0.01457598039215682,0.022308088235294104,38.36543209876543,30.362595419847327,JN
2016-12-26,0.005870854271356776,0.6203517587939701,0.015108040201004987,0.021957286432160793,21.94962216624685,17.552742616033754,JN
2016-12-27,0.003345974025974015,0.4023376623376625,0.02954285714285708,0.007737402597402565,22.974293059125966,13.991416309012875,JN
2016-12-28,0.005998987341772142,0.4450632911392407,0.02069696969696965,0.015342171717171699,20.301507537688444,11.927125506072874,JN
2016-12-29,0.0045152709359605765,0.38300492610837517,0.02516009852216746,0.010425862068965487,23.285359801488834,13.471264367816092,JN
2016-12-30,0.005455802469135793,0.4516049382716064,0.02151851851851849,0.01581111111111109,19.841975308641974,11.488,JN
2016-12-31,0.005216421568627429,0.5723039215686281,0.016661764705882317,0.02036078431372544,31.889434889434888,22.41106719367589,JN
2017-01-01,0.006494117647058824,0.5705882352941177,0.010764705882352942,0.02365882352941177,35.11764705882353,29.09090909090909,JN
2016-01-01,0.00609038901601824,0.9932494279176196,0.005125866050808268,0.049454233409610845,71.13967136150235,44.24094202898551,SU
2016-01-02,0.006096491228070119,0.7269736842105263,0.008590551181102307,0.045744517543859546,52.71655328798186,30.481927710843372,SU
2016-01-03,0.007339912280701702,0.9551648351648343,0.011082207207207182,0.052120614035087665,95.43227326266195,55.67402376910017,SU
2016-01-04,0.0063193370165745225,0.6609182530795068,0.022980963045912624,0.030340331491712665,83.87847222222223,50.134020618556704,SU
2016-01-05,0.006045258620689607,0.4578378378378373,0.0153275862068965,0.02838228941684659,32.75,15.925801011804385,SU
2016-01-06,0.0071978494623655695,0.7049462365591417,0.006403225806451567,0.04468817204301064,56.90829694323144,29.03709949409781,SU
2016-01-07,0.006328587075574988,0.560022148394241,0.01425848849945232,0.030722587719298224,43.397590361445786,21.23580034423408,SU
2016-01-08,0.006476138828633353,0.5552060737527107,0.012922993492407801,0.03363449023861166,35.86199342825849,17.13715277777778,SU
2016-01-09,0.006267100977198645,0.5723427331887196,0.012292841648589991,0.035888407367280606,39.70928961748634,19.63745704467354,SU
2016-01-10,0.006247863247863211,0.5125267665952893,0.01766559829059823,0.03075534188034184,34.50107296137339,18.624373956594322,SU
2016-01-11,0.006235613463626438,0.5388707926167209,0.01577415852334413,0.03241910966340929,40.93913043478261,20.483050847457626,SU
2016-01-12,0.00610683760683757,0.6134615384615386,0.010409188034187996,0.039797008547008496,51.64055793991416,23.85641891891892,SU
2016-01-13,0.005709090909090845,0.5795721925133692,0.01197860962566841,0.036221627408993505,39.50698174006445,19.721943048576215,SU
2016-01-14,0.0065463362068965145,0.594390507011867,0.011202586206896516,0.039600862998921224,47.52324324324324,20.751269035532996,SU
2016-01-15,0.00678839957035442,0.7890470974808331,0.006180451127819499,0.05166702470461861,53.52090032154341,28.723905723905723,SU
2016-01-16,0.006372863247863206,0.8940170940170942,0.00470053475935824,0.052446581196581035,70.98923573735199,42.4679054054054,SU
2016-01-17,0.006025641025640972,0.8725427350427357,0.006502136752136703,0.048903846153846006,72.23717948717949,45.968333333333334,SU
2016-01-18,0.005604978354978297,0.6398268398268379,0.017863636363636342,0.029142857142857085,59.853070175438596,33.63275862068966,SU
2016-01-19,0.005241341991341914,0.3906926406926413,0.022265151515151453,0.018741341991341944,35.891684901531725,12.623063683304647,SU
2016-01-20,0.005526429341963264,0.5444444444444442,0.013079913606911436,0.03425242718446601,40.02903225806452,21.74831081081081,SU
2016-01-21,0.006087378640776654,0.6993456924754635,0.009231441048034885,0.043136314067611745,53.19826652221018,29.550675675675677,SU
2016-01-22,0.006322269807280482,0.6610687022900785,0.012195201744820049,0.03919520174482005,53.59243243243243,28.05546218487395,SU
2016-01-23,0.005792735042734993,0.41465240641711126,0.023432085561497236,0.019962606837606797,33.318824809575624,14.504215851602023,SU
2016-01-24,0.005982905982905931,0.4414529914529905,0.022260683760683693,0.01877136752136749,39.3048128342246,19.23205342237062,SU
2016-01-25,0.005871382636655901,0.5594855305466235,0.013644158628081441,0.03494426580921752,50.90491452991453,16.732441471571907,SU
2016-01-26,0.007963362068965476,0.9494612068965498,0.004828633405639861,0.058256465517241285,80.78165938864629,36.20754716981132,SU
2016-01-27,0.007940732758620664,0.845474137931035,0.01096548004314994,0.05054849137931032,66.9814612868048,31.89864864864865,SU
2016-01-28,0.006638487208008849,1.0064060803474488,0.004920824295010788,0.06004767063921999,61.2247311827957,30.39830508474576,SU
2016-01-29,0.007229922992299181,0.7766233766233777,0.007707081545064314,0.04860645161290312,53.954098360655735,26.9222972972973,SU
2016-01-30,0.006119648737650882,0.8177826564215146,0.007690889370932706,0.0470930481283421,40.9924650161464,23.569023569023567,SU
2016-01-31,0.005763157894736784,0.5018640350877182,0.022944078947368333,0.02521367521367516,41.743589743589745,21.312709030100333,SU
2016-02-01,0.005858416945373413,0.5120575221238924,0.019248329621380823,0.030247826086956465,41.95995550611791,18.355555555555554,SU
2016-02-02,0.006526256983240174,0.6200000000000002,0.013610561056105587,0.041587978142076425,46.80722891566265,21.272260273972602,SU
2016-02-03,0.0073863134657836385,0.9230852211434756,0.008203904555314476,0.0596189956331878,59.12144420131291,30.147512864493997,SU
2016-02-04,0.007104856512141246,0.9077419354838724,0.012634698275862078,0.049643010752688135,58.48726467331119,32.19715808170515,SU
2016-02-05,0.006809050772626895,0.6316129032258067,0.016047362755651218,0.04110752688172042,47.14440825190011,20.511111111111113,SU
2016-02-06,0.006797149122806982,0.5585026737967923,0.022142094017093997,0.02887927350427344,51.345454545454544,24.3338898163606,SU
2016-02-07,0.006091008771929786,0.6257478632478627,0.014111111111111092,0.03673290598290591,48.940106951871655,23.757929883138566,SU
2016-02-08,0.007442982456140317,0.6774331550802168,0.02103098290598286,0.03681196581196575,69.45503211991435,37.49166666666667,SU
2016-02-09,0.00695938529088911,0.4906249999999989,0.025805347593582866,0.02296359743040681,56.527389903329755,28.563333333333333,SU
2016-02-10,0.006256325632563207,0.7883422459893041,0.00810515021459221,0.04935753575357532,43.319057815845824,22.30820770519263,SU
2016-02-11,0.006885082872928141,0.8887554585152857,0.0065559322033897785,0.05738132733408326,49.53671706263499,24.521885521885523,SU
2016-02-12,0.005340172786177037,0.7803225806451615,0.008261388286334024,0.0470495156081808,37.91514500537057,21.506944444444443,SU
2016-02-13,0.005217112299465189,0.7608556149732619,0.004711229946524026,0.03915828877005349,18.11050920910076,10.398290598290599,SU
2016-02-14,0.0045796791443849915,0.42502780867630663,0.020488770053475873,0.017995721925133646,30.176216216216215,16.816498316498315,SU
2016-02-15,0.004558791801510213,0.38383167220376496,0.024146709816612683,0.02241639697950373,34.18102508178844,11.617200674536257,SU
2016-02-16,0.005121343445287046,0.5067328918322282,0.016643553629469086,0.033256771397616396,29.318681318681318,15.07912457912458,SU
2016-02-17,0.00575134553283094,0.5930960086299895,0.013566200215285242,0.040068891280947205,41.05978260869565,15.045840407470289,SU
2016-02-18,0.006403017241379266,0.633728448275862,0.01718230852211433,0.04290409482758622,45.33115468409586,21.11844331641286,SU
2016-02-19,0.007025498891352517,0.9540628385698806,0.008384864864864804,0.04806486486486477,87.12363238512035,41.62900505902192,SU
2016-02-20,0.005868888888888817,0.5999999999999992,0.016845238095238132,0.03699999999999998,51.12814895947426,19.29230769230769,SU
2016-02-21,0.005213891951488364,0.4070663811563156,0.026311229946524007,0.02350053475935828,28.582974137931036,11.617200674536257,SU
2016-02-22,0.0056156424581005025,0.5661092530657746,0.010274701411509206,0.0459500542888164,45.604550379198265,17.011844331641285,SU
2016-02-23,0.005596810933940714,0.5429372197309409,0.017586474501108656,0.034552106430155105,56.99235807860262,27.352040816326532,SU
2016-02-24,0.005061452513966436,0.46501650165016395,0.02085854189336228,0.030477124183006497,35.453763440860214,17.309882747068677,SU
2016-02-25,0.006601111111111067,0.6097192224622032,0.018144708423326113,0.039022678185745036,50.82669537136706,25.533333333333335,SU
2016-02-26,0.006934589800443397,0.6019459459459455,0.020236756756756732,0.04033729729729725,52.88394793926247,27.89358108108108,SU
2016-02-27,0.006364136413641321,0.632867883995705,0.017351554126473698,0.043411575562700894,71.25858369098712,40.98494983277592,SU
2016-02-28,0.005663736263736212,0.666416309012875,0.012649085037674925,0.04636149732620315,49.73225806451613,28.284263959390863,SU
2016-02-29,0.0053002207505518165,0.4559139784946224,0.025579569892473085,0.025364124597207254,57.59251336898396,27.741176470588236,SU
2016-03-01,0.005095394736842056,0.4301003344481595,0.02420756756756752,0.02855555555555549,34.227370689655174,17.474747474747474,SU
2016-03-02,0.0059409761634505705,0.5190148911798385,0.016945856353591138,0.041943708609271456,40.11098779134295,20.256013745704468,SU
2016-03-03,0.0056506447831183495,0.5509918319719936,0.017218928164196127,0.04593956670467499,56.55668934240363,28.29525483304042,SU
2016-03-04,0.005745391705069074,0.6661521499448743,0.01450275633958104,0.052357615894039686,75.01325966850828,37.34121621621622,SU
2016-03-05,0.004568693693693683,0.49903846153846027,0.010763888888888868,0.035291666666666575,25.24,14.085616438356164,SU
2016-03-06,0.004582207207207179,0.4636752136752133,0.021224358974358908,0.02638782051282044,91.2855614973262,21.849498327759196,SU
2016-03-07,0.005365937859608681,0.6742793791574294,0.006684556407447911,0.052823658269441284,112.77862595419847,27.962962962962962,SU
2016-03-08,0.004890995260663476,0.4517241379310341,0.023131968145619998,0.029087499999999968,77.06636155606407,21.080895008605854,SU
2016-03-09,0.005056064073226501,0.42775919732441364,0.024381270903009972,0.02321739130434778,46.527027027027025,15.042444821731749,SU
2016-03-10,0.005193585337915173,0.4218365061590139,0.02615273132664434,0.022952062430323293,36.931537598204265,14.02405498281787,SU
2016-03-11,0.005323462414578524,0.4571106094808111,0.02602882483370282,0.028254988913525486,38.681111111111115,17.258010118043845,SU
2016-03-12,0.005724780701754331,0.5242521367521367,0.020913276231263336,0.037083333333333184,45.551130247578044,18.513333333333332,SU
2016-03-13,0.006169956140350829,0.590170940170941,0.023001068376068377,0.03984401709401704,63.53525641025641,33.637123745819395,SU
2016-03-14,0.0051371237458193355,0.6015283842794762,0.02789142236699239,0.03493376764386534,68.72167216721672,42.79416809605489,SU
2016-03-15,0.006690235690235633,0.6253863134657853,0.018944262295081962,0.050260109289617286,59.606790799561885,27.44137931034483,SU
2016-03-16,0.0081798882681564,0.6505984766050058,0.01843852013057671,0.05617505470459523,66.88048245614036,32.24528301886792,SU
2016-03-17,0.007862457722660627,0.8897802197802204,0.007193370165745813,0.07668763796909492,78.64829106945976,39.11359724612737,SU
2016-03-18,0.0072128603104212536,0.8441304347826089,0.015817086527929947,0.06414222712238155,72.06521739130434,37.30169491525424,SU
2016-03-19,0.005458333333333264,0.604610318331505,0.025534188034188002,0.0403215811965812,78.14116379310344,39.292153589315525,SU
2016-03-20,0.007360745614035036,0.7023026315789483,0.020965811965811945,0.04478952991452985,83.54027926960258,43.22909698996656,SU
2016-03-21,0.007464324917672839,0.7672113289760358,0.01959786096256685,0.055183957219251206,89.56357758620689,48.0016835016835,SU
2016-03-22,0.0064813186813186385,0.614025695931477,0.023353319057815798,0.049908993576017004,74.72629310344827,43.68518518518518,SU
2016-03-23,0.005602876106194613,0.5608225108225109,0.027580086580086517,0.036308189655172386,83.81561822125813,47.49915966386555,SU
2016-03-24,0.0048116740088105315,0.4467811158798283,0.026021459227467757,0.03226824034334758,42.489751887810144,20.89075630252101,SU
2016-03-25,0.005856828193832533,0.5816523605150209,0.020668454935622315,0.046893776824034325,72.77164502164503,35.23938879456706,SU
2016-03-26,0.005683114035087651,0.5955128205128202,0.021944444444444437,0.047427350427350384,68.51895991332611,39.948160535117054,SU
2016-03-27,0.00670614035087714,0.6033119658119657,0.03178205128205128,0.04087286324786318,68.39914163090128,40.52166666666667,SU
2016-03-28,0.007854143646408818,0.6551724137931041,0.02836206896551722,0.05339397201291706,70.59479956663056,39.405042016806725,SU
2016-03-29,0.007786440677966059,0.6661521499448743,0.0420077092511013,0.043090308370044,98.65039727582293,51.288428324697755,SU
2016-03-30,0.006536866359446957,0.5997755331088661,0.028801569506726445,0.04202247191011238,96.49430523917995,48.74576271186441,SU
2016-03-31,0.006880580357142807,0.6714130434782607,0.014365217391304344,0.0613929359823399,54.06768558951965,22.061872909698998,SU
2016-04-01,0.007373015873015851,0.7564356435643574,0.02026321585903084,0.0671395604395604,73.7039911308204,29.97770154373928,SU
2016-04-02,0.008069662921348284,0.7131550802139043,0.03177350427350429,0.058508547008547136,80.86348862405201,39.036458333333336,SU
2016-04-03,0.0047060810810810524,0.5493048128342253,0.024816239316239254,0.03426068376068373,56.74145299145299,33.85204081632653,SU
2016-04-04,0.004739179954441877,0.49045553145336124,0.017774647887323917,0.03834344528710728,31.549510337323177,12.067474048442907,SU
2016-04-05,0.007310305775764399,0.5336590662323553,0.024048335123523064,0.044659505907626164,59.91434689507495,21.26655348047538,SU
2016-04-06,0.007933182332955806,0.6534653465346549,0.022442534908700306,0.057156820622985965,76.31995661605207,35.41582491582491,SU
2016-04-07,0.005006756756756712,0.5363736263736256,0.029374999999999995,0.036443376068376034,46.01933404940924,25.385563380281692,SU
2016-04-08,0.005731073446327633,0.5686338797814203,0.025843515541264725,0.039354769560557355,75.9805615550756,37.77157360406091,SU
2016-04-09,0.0062162162162161475,0.8052575107296123,0.016232085561497286,0.04639102564102553,117.6517094017094,57.79666666666667,SU
2016-04-10,0.006374149659863903,0.8662365591397825,0.03428602150537628,0.03665806451612897,135.07135135135135,67.71016949152542,SU
2016-04-11,0.004423475258918276,0.46357688113413276,0.02810577971646671,0.03580806979280257,49.36004390779363,20.89547038327526,SU
2016-04-12,0.005238479262672757,0.516921397379911,0.025870087336244522,0.04082751091703049,59.212021857923496,26.66110183639399,SU
2016-04-13,0.005060879368658341,0.6400000000000018,0.01788770053475937,0.05062139037433158,60.06089743589744,31.93979933110368,SU
2016-04-14,0.004989737742303268,0.5967532467532469,0.01512432432432434,0.04589945945945937,58.79848320693391,30.58783783783784,SU
2016-04-15,0.005245433789954281,0.6334787350054518,0.02644913419913416,0.04584523809523803,56.776805251641136,27.125,SU
2016-04-16,0.005306306306306253,0.5873931623931623,0.02435149572649574,0.04837713675213668,55.72854077253219,25.3,SU
2016-04-17,0.004460585585585559,0.46068376068376043,0.0370416666666666,0.01887286324786324,46.0,15.939024390243903,SU
2016-04-18,0.005200676437429477,0.49828877005347494,0.030655097613882805,0.030686631016042683,64.25241675617616,22.04102564102564,SU
2016-04-19,0.004544018058690713,0.4663783783783767,0.027614301191765955,0.03507027027027026,47.66377440347072,20.43485617597293,SU
2016-04-20,0.005408277404921645,0.6272527472527487,0.017171023965141634,0.05327131782945723,65.48087431693989,30.263247863247862,SU
2016-04-21,0.004018018018018007,0.49432463110101976,0.024712860310421258,0.036930155210643,30.841638981173865,16.95583038869258,SU
2016-04-22,0.004729281767955778,0.619074492099323,0.028580110497237535,0.03781263858093121,80.38777777777777,45.26118067978533,SU
2016-04-23,0.004548847420417099,0.595718990120747,0.023478070175438553,0.03739775280898879,192.56030701754386,42.557291666666664,SU
2016-04-24,0.004383516483516467,0.501208791208792,0.026900000000000007,0.03665714285714286,158.76813186813186,26.7723292469352,SU
2016-04-25,0.005195364238410544,0.6148558758314873,0.01930132450331124,0.05671081677704185,80.4825253664036,24.184724689165186,SU
2016-04-26,0.00525736095965097,0.6058887677208289,0.029203925845147236,0.05009967141292444,82.58425720620842,28.660311958405547,SU
2016-04-27,0.00417965367965367,0.40595882990249266,0.03907575757575754,0.029797619047619,53.91017316017316,16.699324324324323,SU
2016-04-28,0.004607104413347658,0.45156081808396026,0.031096878363832053,0.0392313513513513,59.016251354279525,19.91736930860034,SU
2016-04-29,0.0052985884907708605,0.49467969598262673,0.03318132464712266,0.040447339847991357,65.71274298056156,26.61590524534687,SU
2016-04-30,0.0072649572649572235,0.5969017094017105,0.048635974304068505,0.03701923076923069,79.08620689655173,35.88,SU
2016-05-01,0.005460470085470009,0.5097222222222217,0.044190170940170956,0.0324358974358974,47.85668103448276,20.646076794657763,SU
2016-05-02,0.00469784946236556,0.5283870967741922,0.025203243243243197,0.037167741935483785,48.78165938864629,23.395229982964224,SU
2016-05-03,0.0037173913043478017,0.36500000000000155,0.02596521739130432,0.019581521739130373,19.800220750551876,9.919156414762742,SU
2016-05-04,0.004208242950108451,0.33671023965141744,0.03694041170097502,0.022107300884955744,52.27850877192982,11.53356890459364,SU
2016-05-05,0.0051698717948717365,0.5789130434782616,0.025575562700964602,0.04232158119658114,56.292391304347824,20.557069846678022,SU
2016-05-06,0.004064171122994638,0.514561027837258,0.01890265486725661,0.03736858974358971,47.678494623655915,21.895093062605753,SU
2016-05-07,0.004990384615384562,0.4704812834224585,0.025464912280701735,0.030874999999999923,121.90277777777777,22.423728813559322,SU
2016-05-08,0.004691978609625635,0.4895299145299144,0.03210781078107811,0.03351282051282047,54.03767491926803,16.497444633730836,SU
2016-05-09,0.005366120218579171,0.5114503816793877,0.03266481069042318,0.041140676117775346,61.286031042128606,20.959114139693355,SU
2016-05-10,0.004116355653128408,0.45883644346871494,0.03141234840132301,0.02939407244785946,35.11725663716814,14.890034364261169,SU
2016-05-11,0.004297475301866069,0.4154774972557626,0.03007456140350875,0.03187252747252745,31.07717750826902,12.579037800687285,SU
2016-05-12,0.00517672886937426,0.485054945054944,0.02846460176991148,0.03809110867178921,31.702407002188185,14.87326388888889,SU
2016-05-13,0.004471657754010676,0.5098501070663787,0.0388983957219251,0.030312299465240618,42.14660831509847,21.35034013605442,SU
2016-05-14,0.004824598930481253,0.5207264957264947,0.0327202572347267,0.03863141025641025,37.70581896551724,18.24914675767918,SU
2016-05-15,0.004806209850107028,0.4697649572649558,0.035291666666666645,0.025709401709401638,36.18660812294182,19.954703832752614,SU
2016-05-16,0.00547578040904193,0.48620689655172294,0.03611302475780409,0.02742734122712595,35.83002207505519,16.556338028169016,SU
2016-05-17,0.007974999999999956,0.6758169934640549,0.03641304347826086,0.04813246471226915,70.3640350877193,36.67581475128645,SU
2016-05-18,0.0063978609625667815,0.6297475301866078,0.027398924731182814,0.05451550802139035,54.85059978189749,28.598305084745764,SU
2016-05-19,0.004864572047670593,0.5445061043285235,0.02725652173913042,0.049934924078091164,42.40499457111835,20.530405405405407,SU
2016-05-20,0.005567276641550002,0.563804347826088,0.03233008658008655,0.05739154013015182,54.12081984897519,28.75337837837838,SU
2016-05-21,0.004323717948717923,0.46252676659528924,0.03561241970021411,0.04560745614035086,41.50754310344828,25.43718592964824,SU
2016-05-22,0.0050299785867237365,0.5163461538461538,0.044178992497320484,0.0428201754385965,56.80603448275862,37.09121621621622,SU
2016-05-23,0.006225080385852038,0.5618435155412645,0.038675268817204275,0.05189398907103813,71.3523600439078,44.93344709897611,SU
2016-05-24,0.004409287257019421,0.4429805615550742,0.03666306695464354,0.031082073434125217,35.645833333333336,23.17361111111111,SU
2016-05-25,0.0053637339055793215,0.5764769065520964,0.045783783783783685,0.03370493562231754,90.3304721030043,59.23529411764706,SU
2016-05-26,0.006817007534983811,0.6793406593406631,0.03393675027262811,0.04546393972012921,109.63616792249731,70.7820945945946,SU
2016-05-27,0.005763383297644463,0.6385714285714315,0.0302173447537473,0.04574411134903632,94.0958605664488,55.470790378006875,SU
2016-05-28,0.0064444444444444,0.5877192982456163,0.03295726495726492,0.04461752136752129,78.92596566523605,39.891122278056955,SU
2016-05-29,0.006967948717948683,0.5730263157894758,0.039340811965811934,0.03948611111111105,82.75731310942578,41.11,SU
2016-05-30,0.006278741865509707,0.6314569536423859,0.043425462459194826,0.04284381778741866,92.5891304347826,52.491610738255034,SU
2016-05-31,0.0063151581243183555,0.5774017467248906,0.03972519083969461,0.03569465648854958,84.30415754923413,48.13400335008375,SU
2016-06-01,0.004398230088495555,0.4349344978165941,0.03251472191930205,0.03346782988004357,44.35274725274725,22.53130287648054,SU
2016-06-02,0.004618421052631552,0.4188803512623484,0.03391885964912276,0.039207236842105225,38.0945945945946,17.611965811965813,SU
2016-06-03,0.0055964912280701065,0.4592755214050476,0.03653289473684206,0.043433114035087685,47.510022271714924,24.40504201680672,SU
2016-06-04,0.004762820512820465,0.5039529914529897,0.02908547008547007,0.04373611111111109,54.03913043478261,27.305,SU
2016-06-05,0.004604700854700819,0.4913461538461536,0.040871794871794875,0.035863247863247856,52.474137931034484,28.277591973244146,SU
2016-06-06,0.004255341880341864,0.36461538461538656,0.03888034188034188,0.027428418803418786,26.40453074433657,13.952542372881355,SU
2016-06-07,0.004870310825294708,0.4523230088495566,0.028808145766345095,0.03560878885316186,42.89010989010989,25.261168384879724,SU
2016-06-08,0.004547311827956965,0.4097480832420592,0.023046236559139777,0.03522389666307856,40.40150699677072,23.82901554404145,SU
2016-06-09,0.004787350054525586,0.48879120879120647,0.023916030534351134,0.04176772082878956,54.53754080522307,30.793624161073826,SU
2016-06-10,0.005928571428571368,0.5613082039911308,0.028499999999999966,0.04852922077922076,61.752992383025024,35.74067796610169,SU
2016-06-11,0.005083333333333266,0.4573464912280683,0.022970085470085416,0.03113995726495718,50.20711974110032,30.55966386554622,SU
2016-06-12,0.00427243589743588,0.38076923076923114,0.02120726495726491,0.021168803418803384,31.32330827067669,20.093696763202725,SU
2016-06-13,0.0043976164680389765,0.568743047830924,0.02758396533044416,0.03344528710725888,65.43634385201305,37.54671280276817,SU
2016-06-14,0.005375672766415433,0.5424972617743701,0.02955150214592271,0.04179184549356216,53.822826086956525,31.118845500848895,SU
2016-06-15,0.004399778516057578,0.41639697950377424,0.02429773462783168,0.0303322545846817,37.98913043478261,22.579037800687285,SU
2016-06-16,0.0044944933920704686,0.4355150214592269,0.03760407725321884,0.027060150375939798,32.33008658008658,18.165811965811965,SU
2016-06-17,0.005221498371335433,0.5645855758880519,0.046682454251883686,0.03438146551724135,55.10021551724138,35.55857385398981,SU
2016-06-18,0.005591201716738108,0.628418803418805,0.04259829059829065,0.03952457264957263,68.6524064171123,45.66218487394958,SU
2016-06-19,0.004607456140350854,0.4934829059829048,0.030936965811965762,0.030832264957264884,42.96367521367522,28.507614213197968,SU
2016-06-20,0.005009944751381162,0.5074353448275847,0.03693218514531751,0.03905711206896553,52.604166666666664,34.328813559322036,SU
2016-06-21,0.0051494002181024625,0.6016094420600866,0.03925858369098717,0.05145278969957073,62.61333333333334,40.932758620689654,SU
2016-06-22,0.005206040992448705,0.6386536373507072,0.029386192017259966,0.048405609492988146,73.44432194046307,49.59369527145359,SU
2016-06-23,0.004742671009771956,0.5334429824561386,0.03166160520607373,0.03691214750542293,44.691973969631235,28.67993079584775,SU
2016-06-24,0.004360132158590295,0.5061946902654856,0.0268711453744493,0.0362004429678848,59.40518256772674,35.79497098646035,SU
2016-06-25,0.004637061403508746,0.40964912280701693,0.03539802631578945,0.02847420417124031,33.585972850678736,17.056140350877193,SU
2016-06-26,0.004740131578947333,0.391228070175439,0.035951754385964846,0.025874999999999915,32.97961494903737,18.24258289703316,SU
2016-06-27,0.006167400881057212,0.4910497237569049,0.028563876651982366,0.04327422907488982,36.01580135440181,20.547703180212014,SU
2016-06-28,0.005206935123042447,0.5154535274356081,0.03457718120805369,0.042826621923937415,62.320670391061455,40.55357142857143,SU
2016-06-29,0.0053656387665197425,0.458121546961325,0.03208940397350995,0.041254405286343554,39.78953229398664,24.546902654867257,SU
2016-06-30,0.004469545957918031,0.4104444444444448,0.024607300884955715,0.029274336283185744,31.106026785714285,19.34,SU
2016-07-01,0.004185349611542728,0.39037372593431596,0.016624581005586565,0.029971175166297073,24.325867861142218,14.3363802559415,SU
2016-07-02,0.0041204954954954945,0.3426636568848776,0.024738148984198544,0.02654166666666663,15.454965357967668,8.637080867850099,SU
2016-07-03,0.004295045045045029,0.4222972972972969,0.03764301801801796,0.024862227324913853,42.0184331797235,27.939670932358318,SU
2016-07-04,0.00390960451977401,0.4353009259259263,0.016668539325842637,0.031464821222606625,25.303099885189436,14.78804347826087,SU
2016-07-05,0.00404966887417218,0.3749715585893068,0.012862857142857094,0.022473981900452456,14.746031746031745,7.511423550087874,SU
2016-07-06,0.00459263271939326,0.40198019801980267,0.02003111111111108,0.029781354051054358,19.283185840707965,9.263431542461005,SU
2016-07-07,0.006046536796536723,0.5476756756756759,0.020458836443468707,0.04407306434023981,41.57860262008734,24.33786078098472,SU
2016-07-08,0.004590662323561317,0.5674594594594601,0.027712719298245612,0.041847732181425464,58.92265795206972,35.95862068965517,SU
2016-07-09,0.004393246187363816,0.47540983606557446,0.02288255033557046,0.032407407407407364,41.03837719298246,23.063865546218487,SU
2016-07-10,0.0052110389610388825,0.4408119658119648,0.027145534729878715,0.03376923076923072,36.064655172413794,21.34966216216216,SU
2016-07-11,0.005332618025751002,0.5607296137339058,0.03367185761957733,0.04543025751072957,55.08794788273616,34.88984509466437,SU
2016-07-12,0.006025806451612836,0.4609071274298043,0.024374857142857136,0.03647419354838709,41.06514657980456,27.706194690265487,SU
2016-07-13,0.004825481798715141,0.36739367502726356,0.012040261153427611,0.029759100642398274,32.183650615901456,17.072413793103447,SU
2016-07-14,0.004454838709677394,0.39244249726177444,0.025293548387096732,0.03097741935483866,31.4082774049217,17.721649484536083,SU
2016-07-15,0.004176598049837479,0.3852334419109682,0.022699891657638107,0.028530877573131042,21.50890868596882,10.095890410958905,SU
2016-07-16,0.00404598930481283,0.37274678111588216,0.01597222222222217,0.021889957264957238,11.4279176201373,5.430508474576271,SU
2016-07-17,0.00473183760683758,0.3781818181818194,0.019301282051281995,0.019527777777777724,15.691704035874439,8.860068259385665,SU
2016-07-18,0.00537987012987005,0.4252164502164502,0.015984848484848435,0.029632034632034565,28.793181818181818,15.941580756013746,SU
2016-07-19,0.004461878453038658,0.512334801762114,0.030557268722466925,0.03866409691629955,38.04090909090909,21.23181049069374,SU
2016-07-20,0.004333333333333322,0.5088300220750523,0.031225512528473845,0.039407938257993325,39.168,22.929310344827588,SU
2016-07-21,0.004462983425414347,0.4292849035187283,0.03074999999999997,0.033689234184239705,32.62954545454546,19.07798960138648,SU
2016-07-22,0.004388157894736829,0.4223728813559323,0.03189120879120876,0.03411725663716813,37.78048780487805,22.532646048109967,SU
2016-07-23,0.004654914529914502,0.4383240223463672,0.023974557522123865,0.03270281995661603,43.65438786565547,27.261824324324323,SU
2016-07-24,0.004423529411764689,0.38148984198645564,0.015071849234393366,0.023860042735042695,38.48756756756757,24.882852292020374,SU
2016-07-25,0.004962203023758053,0.3899999999999995,0.01632563510392608,0.029556756756756696,44.70111111111111,30.70288624787776,SU
2016-07-26,0.004874732334047054,0.37190527448869787,0.012627408993575971,0.024958244111348952,35.29471316085489,23.551236749116608,SU
2016-07-27,0.004738121546961296,0.39385290889132835,0.013566332218506076,0.024543956043955956,35.86159169550173,22.958115183246072,SU
2016-07-28,0.004226415094339612,0.520244716351502,0.03407579185520361,0.028592718998862312,56.2412626832018,36.86842105263158,SU
2016-07-29,0.004117256637168148,0.6213495575221242,0.017720956719817712,0.03824290578887627,48.343537414965986,29.959114139693355,SU
2016-07-30,0.004320512820512803,0.46153846153846173,0.024919956140350835,0.03141557017543859,45.79537953795379,30.580034423407916,SU
2016-07-31,0.004240085744908885,0.3907922912205572,0.015661184210526275,0.021923245614035056,40.07632743362832,27.01530612244898,SU
2016-08-01,0.00417051705170516,0.41028446389496775,0.01228619528619526,0.026970033296337383,35.41077441077441,22.027444253859347,SU
2016-08-02,0.003996696035242287,0.44767699115044357,0.010880225988700563,0.030113839285714282,29.681355932203388,16.755208333333332,SU
2016-08-03,0.0041486784140969115,0.46312849162011294,0.022636058230683067,0.0363490990990991,31.51387347391787,17.205172413793104,SU
2016-08-04,0.004247787610619457,0.4888888888888895,0.02503703703703705,0.03525334821428571,34.86850828729282,20.267605633802816,SU
2016-08-05,0.004221739130434768,0.5509149623250796,0.032211517165005504,0.040179431072210024,43.45102260495156,26.078364565587734,SU
2016-08-06,0.004384785005512665,0.5924507658643324,0.043199551569506764,0.038665909090909105,61.33664459161148,39.45724258289703,SU
2016-08-07,0.004685022026431684,0.45022075055187666,0.03476564277588169,0.02806365740740737,38.64022346368715,25.91364421416235,SU
2016-08-08,0.004310112359550545,0.45627802690582975,0.026979094076655,0.02973745624270707,41.67457627118644,25.68,SU
2016-08-09,0.00401103752759382,0.4734581497797366,0.03009999999999996,0.033755905511811,32.945115257958285,20.72461273666093,SU
2016-08-10,0.004852459016393396,0.5496166484118293,0.0339128959276018,0.038331812998859745,69.28018223234623,45.44582593250444,SU
2016-08-11,0.004406249999999983,0.45245535714285745,0.02341196388261849,0.031316159250585424,34.53543307086614,19.66488413547237,SU
2016-08-12,0.004484649122806988,0.45173572228443537,0.022479048697621736,0.03132209302325577,44.72087912087912,27.708041958041957,SU
2016-08-13,0.004446581196581172,0.39399785637727874,0.01786307519640847,0.024236486486486453,38.11063372717508,24.92241379310345,SU
2016-08-14,0.004065874730021592,0.3661621621621629,0.017841089670828567,0.018395950506186674,37.958149779735685,27.70744680851064,SU
2016-08-15,0.004157725321888402,0.45911542610571704,0.026134615384615378,0.02431359649122802,38.40953412784399,23.325463743676224,SU
2016-08-16,0.0050278969957080945,0.5718582169709984,0.0318916576381365,0.03563215859030833,48.641425389755014,28.480475382003394,SU
2016-08-17,0.004283369803063442,0.5170491803278678,0.02960409924487594,0.03618456375838921,44.666666666666664,25.733676975945016,SU
2016-08-18,0.004939064200217585,0.5763736263736259,0.03547116430903158,0.04400560538116593,56.401982378854626,33.7649063032368,SU
2016-08-19,0.004717514124293748,0.6319907940161119,0.03312655367231632,0.048106382978723335,65.1638418079096,42.522968197879855,SU
2016-08-20,0.004207692307692286,0.4714445688689806,0.03140594059405937,0.03356303418803412,36.45043103448276,21.674657534246574,SU
2016-08-21,0.004238199780461012,0.4027180067950182,0.03786486486486485,0.02545285087719295,29.58695652173913,17.743589743589745,SU
2016-08-22,0.0040839954597048644,0.44351851851851826,0.030916763005780303,0.03370978627671537,31.876696832579185,18.68884892086331,SU
2016-08-23,0.004182130584192419,0.46670493685419123,0.027273672055427238,0.03601129943502826,35.535555555555554,20.461946902654866,SU
2016-08-24,0.0048908489525909095,0.48418141592920294,0.02512765957446807,0.038955898566703465,38.9247546346783,22.95939086294416,SU
2016-08-25,0.004478409090909067,0.45873015873015854,0.02132581736189397,0.03454565952649376,33.60350492880613,18.32185886402754,SU
2016-08-26,0.00394022988505747,0.35000000000000125,0.025151006711409376,0.022129753914988757,16.567383918459797,6.576512455516014,SU
2016-08-27,0.003978579481397967,0.3232845894263231,0.024486338797814155,0.022379234972677575,15.955961331901182,5.102564102564102,SU
2016-08-28,0.0037817982456140203,0.3095499451152581,0.021238247863247833,0.015606645230439389,12.630434782608695,4.555743243243243,SU
2016-08-29,0.004002219755826845,0.36145374449339235,0.017326133909287226,0.02319114470842331,18.646486486486488,6.541737649063032,SU
2016-08-30,0.004179005524861866,0.38775956284153146,0.01807088331515811,0.02287527352297588,30.60529217199559,9.271794871794873,SU
2016-08-31,0.004235555555555532,0.36984478935698617,0.016863636363636355,0.02103444444444442,19.680851063829788,6.659322033898305,SU
2016-09-01,0.004899198167239372,0.6288939051918745,0.03458305084745761,0.03682844243792321,63.135381114903296,31.411149825783973,SU
2016-09-02,0.00420902612826602,0.5067505720823797,0.034074200913242,0.03084210526315784,37.93834080717489,23.924428822495607,SU
2016-09-03,0.0038582417582417434,0.4939102564102559,0.026398504273504226,0.03145299145299139,23.622844827586206,13.06271186440678,SU
2016-09-04,0.0038397365532381895,0.5133547008547001,0.018194444444444437,0.0293237179487179,24.851336898395722,13.296296296296296,SU
2016-09-05,0.0041282608695652,0.5136559139784942,0.01839032258064515,0.03405483870967737,32.74291938997821,16.238013698630137,SU
2016-09-06,0.005402684563758324,0.5963251670378612,0.022888392857142826,0.03875501113585741,58.79682179341657,33.83448275862069,SU
2016-09-07,0.004942567567567517,0.6699324324324342,0.025543918918918874,0.03839527027027029,80.21526195899773,51.93115318416523,SU
2016-09-08,0.005029900332225875,0.6683222958057413,0.01718211920529796,0.04277041942604854,50.62751677852349,30.572413793103447,SU
2016-09-09,0.004421460176991123,0.6206858407079655,0.020972345132743334,0.040789823008849535,45.751937984496124,26.992994746059544,SU
2016-09-10,0.004086538461538444,0.5811965811965807,0.026659188034188017,0.03803418803418799,44.15574650912997,26.464882943143813,SU
2016-09-11,0.004205128205128187,0.5207264957264952,0.0339059829059829,0.02895299145299145,41.31049250535332,26.936026936026938,SU
2016-09-12,0.004049288061336236,0.5126234906695931,0.016248358862144385,0.03336542669584241,33.408251900108574,18.672881355932205,SU
2016-09-13,0.0041196487376509135,0.44829482948294924,0.018230854605993323,0.03241118421052628,20.78877887788779,9.538461538461538,SU
2016-09-14,0.004317987152034231,0.4723290598290603,0.027819078947368393,0.030574786324786274,33.447084233261336,20.286677908937605,SU
2016-09-15,0.004242780748663079,0.5013888888888882,0.02467653508771927,0.029206196581196525,41.90470974808324,26.59731543624161,SU
2016-09-16,0.006431016042780703,0.5478354978354972,0.031778508771929836,0.028873931623931558,52.02036441586281,34.568333333333335,SU
2016-09-17,0.004322649572649544,0.417982456140352,0.032319078947368435,0.01973076923076919,31.626208378088077,20.742424242424242,SU
2016-09-18,0.003617521367521352,0.3580043859649141,0.031502192982456136,0.016512820512820443,25.44516129032258,13.925675675675675,SU
2016-09-19,0.0036718061674008676,0.3386183465458676,0.02316628959276016,0.020171081677704122,15.816742081447964,5.2854671280276815,SU
2016-09-20,0.0037321225879682037,0.3417824074074084,0.02470857142857139,0.023439189189189157,19.667046750285063,8.865724381625443,SU
2016-09-21,0.003770509977827035,0.43254769921436725,0.02156284153005459,0.03253005464480868,35.45305676855895,21.536082474226806,SU
2016-09-22,0.003769060773480648,0.4652714932126702,0.02272466960352421,0.036878854625550635,41.37858719646799,25.712041884816752,SU
2016-09-23,0.004623348017621109,0.5586592178770954,0.02631049723756906,0.04613876651982368,53.20958751393534,32.69081272084806,SU
2016-09-24,0.004933483652762075,0.6146396396396392,0.03532657657657656,0.04968130630630627,63.60698198198198,40.70235934664247,SU
2016-09-25,0.004674549549549507,0.5798423423423427,0.028903043968432844,0.043226351351351354,55.668552036199095,36.908256880733944,SU
2016-09-26,0.0045195402298850215,0.5961893764434179,0.015226436781609197,0.048317241379310275,47.40046029919448,28.488805970149254,SU
2016-09-27,0.004308411214953246,0.6053738317757008,0.006559718969554976,0.04310981308411211,38.463869463869464,23.64245810055866,SU
2016-09-28,0.004068075117370875,0.5594817432273261,0.008740610328638437,0.03484741784037558,36.18009478672986,20.952205882352942,SU
2016-09-29,0.003915995397008038,0.44786620530565313,0.012719217491369344,0.023343896713614996,17.766398158803224,6.492619926199262,SU
2016-09-30,0.004388954171562832,0.4957597173144876,0.010669800235017582,0.035621621621621545,31.240893066980025,13.561111111111112,SU
2016-10-01,0.0044570446735394805,0.6260428410372038,0.010305524239007878,0.04458173618940243,48.25875706214689,25.843636363636364,SU
2016-10-02,0.0040451977401129765,0.5265536723163847,0.009632768361581865,0.03197062146892653,31.516968325791854,17.454713493530498,SU
2016-10-03,0.003989864864864843,0.41149943630214325,0.018186936936936883,0.023977477477477423,18.509714285714285,8.644036697247707,SU
2016-10-04,0.004120866590649921,0.48791079812206656,0.016712328767123277,0.03384606613454955,33.78579610538373,14.97020484171322,SU
2016-10-05,0.004032482598607873,0.4345323741007205,0.021788863109048696,0.027429234338747062,28.138660399529964,11.117760617760618,SU
2016-10-06,0.004234539089848277,0.5294398092967816,0.021876312718786435,0.029736289381563485,41.401368301026224,18.001841620626152,SU
2016-10-07,0.004001166861143512,0.4838596491228074,0.014614668218859116,0.03173108265424906,29.6529933481153,12.346153846153847,SU
2016-10-08,0.003971064814814797,0.4348379629629643,0.02495596755504052,0.023388888888888886,22.771460423634338,10.3922942206655,SU
2016-10-09,0.003743055555555539,0.3556712962962977,0.024729166666666583,0.01704629629629621,19.96132596685083,8.81305114638448,SU
2016-10-10,0.004118764845605681,0.45617577197149695,0.016421615201900205,0.03353681710213769,29.53538812785388,10.870673952641166,SU
2016-10-11,0.005014545454545409,0.6529696969696984,0.011417475728155315,0.04914320388349503,44.599051008303675,20.724719101123597,SU
2016-10-12,0.004294610778443078,0.6094272076372318,0.020142174432497016,0.034494033412887815,59.213793103448275,30.39051094890511,SU
2016-10-13,0.004725513905683159,0.5767835550181382,0.012621065375302679,0.044455864570737545,44.75342465753425,19.448339483394832,SU
2016-10-14,0.005337756332931193,0.8168878166465624,0.010606755126658604,0.0576718938480096,72.80181200453,39.58589511754069,SU
2016-10-15,0.004999999999999955,0.8424999999999999,0.013719904648390955,0.055985714285714125,83.52140504939626,49.104166666666664,SU
2016-10-16,0.004344086021505356,0.6477411477411483,0.010678271308523384,0.04221785714285707,57.4265350877193,36.10590277777778,SU
2016-10-17,0.004262135922330069,0.6199504337050815,0.014648058252427182,0.03867475728155337,53.687982359426684,31.91304347826087,SU
2016-10-18,0.004352499999999971,0.7137546468401487,0.010277571251548913,0.046395291201982616,57.77412031782066,28.347368421052632,SU
2016-10-19,0.005125156445556899,0.7588957055214741,0.01643985419198062,0.05688292682926823,66.90730011587486,35.628975265017665,SU
2016-10-20,0.004699754901960756,0.7421760391198056,0.018944180522565315,0.05107957244655574,69.80656108597285,38.350352112676056,SU
2016-10-21,0.0038436754176610914,0.4298823529411764,0.02074245939675172,0.028307424593967446,25.84633027522936,11.153846153846153,SU
2016-10-22,0.003911184210526298,0.44545454545454527,0.019149572649572597,0.031283119658119606,32.34508547008547,15.073578595317725,SU
2016-10-23,0.003519736842105263,0.33995726495726636,0.02261111111111107,0.01953418803418802,14.469189189189189,6.098305084745762,SU
2016-10-24,0.003820598006644507,0.38964401294498474,0.015611650485436855,0.029545846817691467,19.053087757313108,7.408094435075886,SU
2016-10-25,0.0037701934015927116,0.48335183129855736,0.012184444444444432,0.03194352159468434,18.444570135746606,8.598976109215018,SU
2016-10-26,0.004273660205245127,0.7850627137970365,0.006153846153846096,0.039465038845726885,43.6121546961326,20.809847198641766,SU
2016-10-27,0.0041737668161434755,0.6981069042316257,0.00783406593406589,0.036989977728285,48.4890350877193,22.887394957983194,SU
2016-10-28,0.004062838569880796,0.5070498915401292,0.014521739130434816,0.03300326797385619,39.77899343544858,16.66553480475382,SU
2016-10-29,0.004068376068376044,0.3896367521367529,0.021080128205128123,0.02397807017543856,37.32976445396146,15.879194630872483,SU
2016-10-30,0.004116452991452964,0.44064171122994733,0.013748931623931622,0.03257456140350871,28.437901498929335,11.52901023890785,SU
2016-10-31,0.00470205850487535,0.5711809317443128,0.007507042253521072,0.04009659714599336,32.19068255687974,15.231164383561644,SU
2016-11-01,0.004053097345132729,0.36935840707964745,0.019159292035398207,0.025191371681415886,24.6875,10.218018018018018,SU
2016-11-02,0.004663706992230815,0.5271493212669678,0.009259711431742463,0.043016648168701335,37.60622914349277,15.537366548042705,SU
2016-11-03,0.0053619153674832306,0.6851305334846778,0.01033630289532291,0.048777282850779445,43.566591422121896,22.532608695652176,SU
2016-11-04,0.005676404494381969,0.6422863485016667,0.020165371809100968,0.04622641509433959,62.36958934517203,32.91744840525328,SU
2016-11-05,0.0055371621621621,0.6524122807017547,0.03191995614035085,0.04132502831257072,76.6282894736842,42.6884328358209,SU
2016-11-06,0.003972406181015421,0.49857456140350914,0.019638157894736823,0.02932919954904171,38.57743362831859,21.084684684684685,SU
2016-11-07,0.004332965821389163,0.47905181918412115,0.016635060639470744,0.032929133858267706,35.25675675675676,21.45904761904762,SU
2016-11-08,0.00400889877641823,0.5366666666666668,0.022499445061043212,0.024784753363228638,65.95941375422774,50.04174573055028,SU
2016-11-09,0.0043274139844616845,0.49202657807308825,0.014260243632336654,0.03507394766780427,43.0896017699115,26.73843416370107,SU
2016-11-10,0.004637892376681573,0.6481111111111116,0.003996666666666617,0.04996520763187416,44.95328142380423,25.96028880866426,SU
2016-11-11,0.004531319910514511,0.6235162374020152,0.01280201342281879,0.04071556550951843,50.5356738391846,21.213503649635037,SU
2016-11-12,0.005351351351351288,0.726941176470588,0.013509988249118681,0.04831603773584901,78.44014510278113,30.54669260700389,SU
2016-11-13,0.0048667466986794285,0.6804321728691475,0.011989195678271326,0.04548979591836728,65.24721878862793,29.88293650793651,SU
2016-11-14,0.004730140186915849,0.748027842227381,0.005726218097447746,0.05059675550405557,54.422222222222224,27.46313799621928,SU
2016-11-15,0.004582589285714244,0.4593296089385465,0.018932960893854704,0.027210937499999952,61.75337837837838,21.63859649122807,SU
2016-11-16,0.004969565217391243,0.6913326110509224,0.005786565547128885,0.048668472372697606,56.63665943600868,26.483050847457626,SU
2016-11-17,0.0057041484716156676,0.9097374179431069,0.005776200873362395,0.056657205240174646,74.69018743109152,37.630397236614854,SU
2016-11-18,0.005995661605206034,1.0365217391304347,0.004537960954446803,0.061795010845986965,97.71301446051167,55.09106529209622,SU
2016-11-19,0.005275521405049326,0.7270601336302915,0.00863666300768383,0.04782527472527459,60.98123620309051,34.76398601398601,SU
2016-11-20,0.004366197183098557,0.6395995550611806,0.01722426868905738,0.0279846659364731,44.35698689956332,24.13917525773196,SU
2016-11-21,0.00488202866593158,0.7542600896861005,0.006725468577728714,0.04790167597765354,64.50344827586207,28.194690265486727,SU
2016-11-22,0.004461192350956095,0.47485582468281273,0.017832584269662895,0.024065168539325776,45.295063145809415,19.045620437956206,SU
2016-11-23,0.004854120267260529,0.4785227272727248,0.014322939866369682,0.026853006681514455,40.762068965517244,15.040219378427787,SU
2016-11-24,0.005009793253536392,0.4722095671981767,0.01699891186071813,0.028420652173913003,29.072984749455337,12.32078853046595,SU
2016-11-25,0.0055267260579064,0.7351197263397968,0.0073853006681513745,0.04736971046770584,40.415073115860515,19.32838589981447,SU
2016-11-26,0.0050385438972162105,0.8290889132821078,0.0030993589743589355,0.051220793140407075,56.057877813504824,35.05954465849387,SU
2016-11-27,0.004746781115879775,0.8176211453744492,0.0035413533834586066,0.04367596566523593,71.22832052689353,46.86188811188811,SU
2016-11-28,0.005070252469813323,0.688500563697856,0.013163556531284275,0.032424175824175776,86.96149614961496,41.37389770723104,SU
2016-11-29,0.005642470205850443,0.7481808158765162,0.0068462377317338625,0.04715492957746478,41.79128440366973,21.784172661870503,SU
2016-11-30,0.0067365470852017535,0.8203539823008867,0.002973063973063934,0.05285209713024271,49.05793742757822,27.634234234234235,SU
2016-12-01,0.005496688741721775,0.5497844827586215,0.017304628632938617,0.02835376344086023,54.052451539338655,27.181654676258994,SU
2016-12-02,0.005630410654827909,0.6012972972972962,0.010006528835690927,0.040159999999999973,38.597765363128495,16.098958333333332,SU
2016-12-03,0.0058913282107573624,0.9030042918454947,0.005064102564102526,0.05602265372168269,56.006444683136415,28.92333901192504,SU
2016-12-04,0.006418221734357811,1.0750549450549454,0.0030909090909090574,0.06288436830835112,82.22483940042827,52.38758389261745,SU
2016-12-05,0.006211345939933203,0.8208472686733542,0.011123644251626895,0.043468546637743924,90.94117647058823,57.87979094076655,SU
2016-12-06,0.005078626799556973,0.4518272425249147,0.014059331175836014,0.029380540540540477,27.776795580110498,12.410526315789474,SU
2016-12-07,0.0061351351351350905,0.700000000000001,0.004033477321814212,0.05096108108108094,52.717892425905596,25.98758865248227,SU
2016-12-08,0.005820236813778205,0.8429805615550771,0.004629709364908465,0.05018695652173896,60.44857768052516,34.14680483592401,SU
2016-12-09,0.004839344262295032,0.5740983606557378,0.013085808580858064,0.03244699453551905,36.85164835164835,23.417832167832167,SU
2016-12-10,0.004945454545454477,0.5391630901287549,0.01286483516483511,0.03413626609442057,35.85436893203884,20.375634517766496,SU
2016-12-11,0.005120855614973184,0.6842274678111607,0.009670691547749714,0.04038181818181814,36.652360515021456,21.23993288590604,SU
2016-12-12,0.005526834611171898,0.8504464285714289,0.0031623449830890326,0.05168618784530372,48.25669642857143,28.33102253032929,SU
2016-12-13,0.006332965821389166,0.9532879818594105,0.006785956964892359,0.04961461794019921,64.82508250825083,39.3630017452007,SU
2016-12-14,0.005383849557522059,0.649831649831653,0.006954493742889596,0.03458250276854923,55.2263099219621,30.49203539823009,SU
2016-12-15,0.005058563535911523,0.4736312849161992,0.015539682539682485,0.0269005586592178,37.190211345939936,17.818342151675484,SU
2016-12-16,0.005276548672566286,0.5402439024390226,0.012053409090909052,0.03435079726651477,35.308724832214764,16.388316151202748,SU
2016-12-17,0.006506550218340569,0.9114628820960703,0.004051743532058456,0.05516629955947125,62.860986547085204,33.93587521663778,SU
2016-12-18,0.005271334792122461,0.8922063666300761,0.004981879954699841,0.05040809628008733,53.56714761376249,33.6871704745167,SU
2016-12-19,0.004807982740021518,0.7005422993492425,0.004955406911928601,0.04521035598705494,41.51521739130435,23.521150592216582,SU
2016-12-20,0.005422413793103391,1.0253505933117593,0.004226769911504386,0.052837284482758484,57.05464480874317,33.55366269165247,SU
2016-12-21,0.004852529601722233,0.7874865156418551,0.005085903083700389,0.04347186147186139,45.073752711496745,26.58404074702886,SU
2016-12-22,0.0041006637168141576,0.6318742985409652,0.009947719688542777,0.030266888150609024,27.37401129943503,18.37613019891501,SU
2016-12-23,0.004598262757871831,0.5694840834248087,0.015096774193548336,0.023642391304347782,55.29694323144105,36.491554054054056,SU
2016-12-24,0.004784188034187956,0.7232532751091727,0.009643640350877152,0.032281417830289975,69.82675438596492,50.998307952622675,SU
2016-12-25,0.004446601941747536,0.885963003264416,0.004758582502768495,0.03878199566160517,59.833333333333336,42.0503355704698,SU
2016-12-26,0.004811610076670271,0.9684210526315777,0.003826771653543258,0.045917127071823084,52.214043035107586,33.072390572390574,SU
2016-12-27,0.004993527508090538,0.5468176914778854,0.016959025470653328,0.02385637149028075,44.244612068965516,27.15084745762712,SU
2016-12-28,0.005244324324324248,0.6345355191256833,0.008445444319460017,0.040301639344262286,47.17226435536295,24.920741989881957,SU
2016-12-29,0.004796739130434712,0.5259955752212381,0.012345454545454524,0.03166520787746162,37.472103004291846,15.714285714285714,SU
2016-12-30,0.005664516129032199,0.7759179265658767,0.006036303630362988,0.045256070640176546,44.01286173633441,22.9006734006734,SU
2016-12-31,0.006182692307692272,1.0709539121114686,0.0032127192982455703,0.05590176600441496,59.62593783494105,38.96314907872697,SU
2017-01-01,0.005615384615384619,1.2358974358974355,0.0026052631578947385,0.05644736842105262,72.33333333333333,52.48,SU
2016-01-01,0.005997067448680323,0.7408695652173907,0.01842318840579705,0.02582898550724635,48.75244299674267,36.28695652173913,US
2016-01-02,0.005413888888888869,0.8122222222222206,0.01488888888888885,0.03211666666666667,52.75487465181058,35.71328671328671,US
2016-01-03,0.00948587570621468,1.0056497175141246,0.011723163841807875,0.03895762711864404,60.075,38.88194444444444,US
2016-01-04,0.005912676056338002,0.9777464788732393,0.01859436619718305,0.038529577464788724,75.53651685393258,50.26618705035971,US
2016-01-05,0.004360795454545436,0.5653409090909093,0.01337499999999997,0.03495454545454543,34.98533724340176,13.83453237410072,US
2016-01-06,0.004250704225352093,0.5323943661971832,0.018580281690140817,0.025439436619718276,40.030812324929975,18.4375,US
2016-01-07,0.004528409090909071,0.5948424068767901,0.01975142857142855,0.022559659090909054,45.22443181818182,24.38235294117647,US
2016-01-08,0.0040392156862744995,0.47597765363128464,0.022020231213872817,0.018276536312849128,31.21508379888268,13.683098591549296,US
2016-01-09,0.004255555555555534,0.5622222222222212,0.02186944444444442,0.022766666666666647,32.166666666666664,15.687943262411348,US
2016-01-10,0.00525277777777775,0.6030555555555548,0.01794444444444439,0.02619444444444442,43.969359331476326,25.237762237762237,US
2016-01-11,0.0045305555555555386,0.5000000000000004,0.024736111111111094,0.021477777777777735,36.492753623188406,18.380597014925375,US
2016-01-12,0.004654596100278527,0.5000000000000001,0.017462395543175444,0.026761363636363597,36.45481049562682,15.941605839416058,US
2016-01-13,0.003679775280898861,0.45983146067415687,0.022772471910112328,0.020190058479532133,30.202247191011235,13.258741258741258,US
2016-01-14,0.004394444444444426,0.6277777777777775,0.015497222222222192,0.029420612813370457,38.74166666666667,19.971830985915492,US
2016-01-15,0.006184438040345793,0.7432276657060519,0.01238040345821322,0.037436260623229446,62.00854700854701,36.316901408450704,US
2016-01-16,0.005052777777777755,0.7761111111111112,0.012608333333333286,0.03903333333333333,77.02785515320335,50.55244755244755,US
2016-01-17,0.00504166666666664,0.827222222222221,0.012866666666666636,0.035063888888888874,58.60445682451253,37.61538461538461,US
2016-01-18,0.0039157303370786385,0.4855932203389838,0.029602240896358538,0.014949579831932742,32.68347338935574,21.014388489208635,US
2016-01-19,0.003457386363636355,0.30568181818181867,0.030105113636363656,0.009889204545454512,19.64589235127479,7.577464788732394,US
2016-01-20,0.004231884057970998,0.44704225352112825,0.020923943661971804,0.017797183098591515,33.08757062146893,16.314285714285713,US
2016-01-21,0.004492537313432819,0.46016949152542613,0.016101694915254216,0.02524293785310732,38.13202247191011,20.235714285714284,US
2016-01-22,0.004254901960784297,0.4148459383753515,0.020787114845938343,0.02425490196078428,34.91830985915493,16.822695035460992,US
2016-01-23,0.0047527777777777586,0.46694444444444705,0.025508333333333317,0.017658333333333297,36.06111111111111,19.07638888888889,US
2016-01-24,0.004586111111111093,0.38722222222222286,0.028230555555555575,0.01145277777777775,28.34078212290503,13.212765957446809,US
2016-01-25,0.003971751412429366,0.42627118644067863,0.025776836158192075,0.01790960451977399,33.5819209039548,11.366906474820144,US
2016-01-26,0.004322946175637376,0.5274787535410774,0.0223796033994334,0.026396011396011353,43.54022988505747,20.633093525179856,US
2016-01-27,0.007474431818181782,0.7525568181818184,0.01540909090909089,0.04144318181818179,74.47863247863248,44.10791366906475,US
2016-01-28,0.006463888888888866,0.7524999999999992,0.009052777777777752,0.045058333333333304,72.51666666666667,46.03472222222222,US
2016-01-29,0.003273743016759767,0.5346368715083812,0.02288547486033517,0.023857541899441316,17.681564245810055,9.469696969696969,US
2016-01-30,0.0042916666666666485,0.4541666666666688,0.022461111111111067,0.02040555555555554,17.836111111111112,9.79136690647482,US
2016-01-31,0.0047555555555555355,0.604444444444445,0.02137777777777774,0.02024444444444441,48.59722222222222,31.795774647887324,US
2016-02-01,0.003754335260115599,0.4135838150289027,0.027393063583814978,0.018352601156069324,27.757142857142856,12.287878787878787,US
2016-02-02,0.004501424501424483,0.4333333333333352,0.021368571428571393,0.026264957264957218,36.80736543909349,17.503597122302157,US
2016-02-03,0.004788732394366177,0.5090140845070441,0.02083661971830983,0.029583098591549287,41.89355742296919,21.4822695035461,US
2016-02-04,0.005059829059829033,0.6173789173789178,0.021709401709401666,0.0332450142450142,49.15056818181818,28.036231884057973,US
2016-02-05,0.004873949579831909,0.4655462184873976,0.027103641456582554,0.023173669467787063,32.207282913165265,14.809859154929578,US
2016-02-06,0.005286111111111084,0.5205555555555581,0.031113888888888837,0.017294444444444404,36.35474860335196,19.666666666666668,US
2016-02-07,0.0058888888888888645,0.5041666666666689,0.028011111111111077,0.01764722222222222,32.827777777777776,19.326241134751772,US
2016-02-08,0.005649999999999971,0.46027777777777884,0.03271666666666665,0.01689166666666663,35.08611111111111,20.58450704225352,US
2016-02-09,0.0052555555555555385,0.47305555555555706,0.03463611111111108,0.014458333333333288,46.47899159663866,23.51063829787234,US
2016-02-10,0.006213888888888867,0.5025069637883027,0.025924999999999955,0.021086111111111066,32.46910112359551,14.687943262411348,US
2016-02-11,0.007282420749279512,0.6703170028818449,0.01368786127167628,0.034536023054755026,39.88855421686747,18.79230769230769,US
2016-02-12,0.006715099715099681,0.6293103448275865,0.012803418803418787,0.03143731778425652,38.93181818181818,22.434782608695652,US
2016-02-13,0.007866666666666643,0.5351585014409224,0.014380555555555532,0.025620289855072434,20.733333333333334,13.381679389312977,US
2016-02-14,0.003997222222222198,0.44888888888889,0.029108333333333302,0.01114619883040932,18.515492957746478,11.155555555555555,US
2016-02-15,0.003603448275862059,0.3489614243323446,0.02919142857142857,0.014277286135693184,25.026086956521738,11.471014492753623,US
2016-02-16,0.004228169014084485,0.40647887323943777,0.029597183098591547,0.014338028169014042,26.8,14.122302158273381,US
2016-02-17,0.005563025210084007,0.43053221288515586,0.024100840336134417,0.02138095238095234,28.71590909090909,10.950704225352112,US
2016-02-18,0.005718309859154898,0.5436619718309864,0.018752112676056282,0.030487323943661944,40.91267605633803,20.47517730496454,US
2016-02-19,0.010136871508379854,0.5988826815642463,0.02410614525139661,0.037974860335195544,58.986072423398326,32.36363636363637,US
2016-02-20,0.006399999999999965,0.49083333333333407,0.021886111111111075,0.026719444444444445,61.55,25.17361111111111,US
2016-02-21,0.006099999999999972,0.38166666666666643,0.03233333333333331,0.015822222222222203,33.361111111111114,13.157142857142857,US
2016-02-22,0.007851123595505589,0.4617977528089902,0.016103932584269613,0.032196629213483124,41.82913165266106,20.604166666666668,US
2016-02-23,0.00482122905027931,0.5262569832402249,0.025159217877094915,0.026787709497206675,72.95714285714286,32.52173913043478,US
2016-02-24,0.003802259887005633,0.3581920903954804,0.025528248587570593,0.01925423728813556,30.15909090909091,14.300813008130081,US
2016-02-25,0.004311428571428551,0.4511428571428587,0.02820285714285713,0.020868571428571406,39.68,19.180851063829788,US
2016-02-26,0.006101983002832838,0.6042492917847028,0.026218130311614712,0.030815864022662835,71.9375,44.47872340425532,US
2016-02-27,0.007891666666666625,0.6013888888888884,0.03287222222222221,0.027872222222222215,88.56424581005587,54.96875,US
2016-02-28,0.005430555555555534,0.5861111111111109,0.03312499999999997,0.02031111111111109,78.60724233983287,44.694736842105264,US
2016-02-29,0.003738888888888875,0.40084033613445463,0.03519887955182068,0.013588732394366174,38.243626062322946,23.397849462365592,US
2016-03-01,0.0049805555555555315,0.4794444444444477,0.03091388888888885,0.01687777777777775,36.41620111731844,21.34375,US
2016-03-02,0.007362857142857112,0.4934285714285735,0.029074285714285688,0.027211428571428563,48.10511363636363,25.770833333333332,US
2016-03-03,0.009602272727272694,0.5765536723163855,0.022036723163841757,0.036949008498583576,47.236467236467234,23.847826086956523,US
2016-03-04,0.005096317280453232,0.6733711048158628,0.006756373937677032,0.040294617563739366,37.02670623145401,25.58888888888889,US
2016-03-05,0.0064305555555555245,0.5661111111111113,0.02353333333333329,0.0250833333333333,50.549019607843135,33.29577464788732,US
2016-03-06,0.007330555555555525,0.46305555555555605,0.02818888888888888,0.01742777777777774,30.093220338983052,18.150793650793652,US
2016-03-07,0.007053370786516843,0.5218750000000004,0.0247949438202247,0.02322316384180788,49.86337209302326,19.325757575757574,US
2016-03-08,0.004316666666666645,0.4994428969359345,0.01779999999999995,0.029481586402266235,69.27920227920228,25.931818181818183,US
2016-03-09,0.004445070422535193,0.3665722379603399,0.029887323943661954,0.014867605633802785,30.951704545454547,11.992424242424242,US
2016-03-10,0.004197183098591533,0.4146551724137941,0.025614084507042237,0.018991549295774623,40.505649717514125,18.015037593984964,US
2016-03-11,0.005104815864022642,0.42585227272727355,0.028609065155807353,0.02134560906515576,41.06478873239437,20.294964028776977,US
2016-03-12,0.005391666666666642,0.4883333333333357,0.026780555555555523,0.02488611111111109,49.894444444444446,24.22222222222222,US
2016-03-13,0.0065277777777777435,0.5498607242339834,0.030616666666666646,0.02680277777777773,72.30294117647058,39.535714285714285,US
2016-03-14,0.00501126760563379,0.5415204678362573,0.034684507042253496,0.02307605633802816,74.5768115942029,48.763888888888886,US
2016-03-15,0.006491525423728786,0.5745762711864405,0.026799435028248553,0.030209039548022582,61.440677966101696,37.687943262411345,US
2016-03-16,0.008279661016949116,0.6887005649717515,0.02098022598870051,0.044508474576271204,71.46045197740114,46.19718309859155,US
2016-03-17,0.010974576271186405,0.6629943502824857,0.024966101694915213,0.0419774011299435,69.88418079096046,42.076388888888886,US
2016-03-18,0.006485955056179747,0.5703389830508474,0.014435393258426925,0.035896067415730315,29.282857142857143,22.015625,US
2016-03-19,0.004877777777777759,0.5624999999999996,0.03022222222222219,0.01902777777777774,58.725,32.11594202898551,US
2016-03-20,0.004388888888888867,0.4590504451038581,0.03240555555555555,0.014277777777777728,41.04735376044568,19.6056338028169,US
2016-03-21,0.005263005780346797,0.40348837209302446,0.029315492957746467,0.018419718309859123,27.47159090909091,13.043165467625899,US
2016-03-22,0.010453521126760531,0.6563380281690142,0.020478873239436562,0.036233802816901396,54.45042492917847,30.664285714285715,US
2016-03-23,0.005549295774647866,0.43352112676056453,0.036794366197183105,0.017011331444759165,40.373937677053824,20.30496453900709,US
2016-03-24,0.0045142857142857025,0.3754985754985758,0.03401139601139597,0.013851851851851815,20.528735632183906,11.44,US
2016-03-25,0.004697478991596621,0.3904761904761913,0.02682633053221287,0.0209943977591036,25.122905027932962,12.992753623188406,US
2016-03-26,0.004744444444444428,0.46250000000000113,0.021549999999999958,0.026316666666666617,27.475,19.286821705426355,US
2016-03-27,0.0047333333333333125,0.5544444444444457,0.028977011494252858,0.022908333333333322,48.55833333333333,34.248226950354606,US
2016-03-28,0.006997175141242911,0.6005649717514129,0.04096501457725948,0.02929378531073444,61.05367231638418,38.86029411764706,US
2016-03-29,0.006484593837534984,0.617927170868347,0.040921568627450965,0.030901960784313724,70.60571428571428,42.471830985915496,US
2016-03-30,0.009235955056179735,0.5390449438202253,0.04507022471910111,0.028867977528089842,64.10086455331412,37.64748201438849,US
2016-03-31,0.010388888888888856,0.7155555555555545,0.028224999999999955,0.04057222222222217,88.01944444444445,48.20979020979021,US
2016-04-01,0.008061624649859909,0.6649859943977574,0.03636414565826329,0.03429411764705881,89.47605633802817,54.13986013986014,US
2016-04-02,0.01148746518105848,0.7722222222222227,0.03255833333333331,0.029233333333333295,83.79444444444445,56.86805555555556,US
2016-04-03,0.007952777777777732,0.5348189415041783,0.030072222222222222,0.023286111111111073,37.5933147632312,27.169117647058822,US
2016-04-04,0.0038527777777777653,0.44250000000000067,0.03160555555555552,0.020680555555555518,17.159544159544158,9.008196721311476,US
2016-04-05,0.007692090395480213,0.6033898305084754,0.02074293785310729,0.031977401129943496,44.06460674157304,25.281690140845072,US
2016-04-06,0.009626404494381994,0.6438202247191006,0.036567415730337074,0.033233146067415696,71.61864406779661,38.18571428571428,US
2016-04-07,0.00566106442577028,0.5550561797752814,0.0361456582633053,0.02358263305322126,17.401129943502823,11.796875,US
2016-04-08,0.007349162011173164,0.6106145251396647,0.027106145251396613,0.030016759776536256,60.41388888888889,26.833333333333332,US
2016-04-09,0.010627777777777748,0.6038888888888887,0.032294444444444424,0.036783333333333314,91.28055555555555,35.28472222222222,US
2016-04-10,0.005835195530726226,0.5315642458100559,0.04164804469273738,0.017108938547486012,105.45378151260505,39.479166666666664,US
2016-04-11,0.005663841807909572,0.35112994350282484,0.03672394366197182,0.015980169971671364,37.00857142857143,16.444444444444443,US
2016-04-12,0.009313559322033873,0.5045584045584053,0.026350282485875676,0.026203389830508423,41.32203389830509,21.802816901408452,US
2016-04-13,0.007441666666666642,0.571111111111111,0.0257158774373259,0.02200555555555553,36.40455840455841,22.166666666666668,US
2016-04-14,0.007465116279069745,0.5514534883720931,0.02866569767441857,0.024218658892128254,54.46223564954683,23.84027777777778,US
2016-04-15,0.006711309523809502,0.48125000000000007,0.04187202380952379,0.016806547619047596,47.098214285714285,20.59722222222222,US
2016-04-16,0.010185714285714262,0.6097142857142857,0.02789999999999998,0.02735714285714285,53.710601719197705,29.083916083916083,US
2016-04-17,0.005224999999999978,0.42861111111111266,0.0474735376044568,0.008274285714285692,26.262569832402235,10.141843971631205,US
2016-04-18,0.0068443113772454905,0.4580060422960733,0.04073053892215569,0.01863141993957701,42.37125748502994,16.053846153846155,US
2016-04-19,0.006747663551401851,0.4750778816199384,0.044953271028037374,0.019610591900311496,51.71028037383178,26.860869565217392,US
2016-04-20,0.010120120120120089,0.5555555555555559,0.03426791277258567,0.02957357357357355,50.131736526946106,28.304347826086957,US
2016-04-21,0.008386706948640445,0.5196374622356503,0.032359375000000024,0.02331117824773412,30.0990990990991,20.24390243902439,US
2016-04-22,0.007947214076246302,0.5941520467836253,0.030482456140350875,0.027774853801169567,45.96491228070175,22.992857142857144,US
2016-04-23,0.010660167130919197,0.549166666666666,0.034991666666666664,0.027499999999999962,187.63611111111112,52.1875,US
2016-04-24,0.006830555555555529,0.4572222222222235,0.03565555555555551,0.019524999999999935,148.7277777777778,34.06944444444444,US
2016-04-25,0.01161876832844571,0.4756598240469215,0.02779646017699113,0.03129912023460407,93.89117647058823,26.863636363636363,US
2016-04-26,0.011046012269938616,0.5323170731707324,0.02876265822784809,0.03311890243902434,79.56269113149847,28.27927927927928,US
2016-04-27,0.00620353982300882,0.34058823529411775,0.04046764705882352,0.014738235294117616,24.93491124260355,12.926829268292684,US
2016-04-28,0.00426912181303115,0.4079320113314451,0.039741279069767425,0.01613333333333329,34.12784090909091,14.286764705882353,US
2016-04-29,0.008406249999999978,0.5303977272727279,0.032689149560117266,0.026801136363636315,42.35127478753541,20.858156028368793,US
2016-04-30,0.0075083333333333035,0.47472222222222304,0.04477903682719544,0.024538888888888864,60.580555555555556,29.395833333333332,US
2016-05-01,0.01218055555555551,0.4716666666666683,0.059030555555555586,0.020207715133531118,54.311797752808985,26.32638888888889,US
2016-05-02,0.007207977207977177,0.42592592592592754,0.03403133903133903,0.021345029239766063,43.54,21.244755244755243,US
2016-05-03,0.0077053824362605695,0.37718309859154986,0.04134366197183097,0.011451428571428533,29.163841807909606,11.97080291970803,US
2016-05-04,0.0051823361823361645,0.3182336182336177,0.05149714285714284,0.010663768115942001,53.377521613832855,11.233576642335766,US
2016-05-05,0.007738161559888541,0.380833333333334,0.046419444444444444,0.02100555555555553,38.49860724233983,13.02158273381295,US
2016-05-06,0.011826470588235249,0.42176470588235415,0.04045588235294115,0.01882222222222218,35.114525139664806,20.56737588652482,US
2016-05-07,0.008667605633802774,0.48140845070422705,0.0398901408450704,0.021802816901408423,150.03943661971832,41.10144927536232,US
2016-05-08,0.009080555555555522,0.3980555555555559,0.044130555555555555,0.01733707865168539,135.62290502793297,34.61805555555556,US
2016-05-09,0.01695930232558136,0.4712209302325591,0.02807848837209298,0.03253488372093024,79.82195845697329,30.42361111111111,US
2016-05-10,0.0085379939209726,0.45835866261398256,0.032419452887537954,0.023334346504559254,39.54103343465046,23.774436090225564,US
2016-05-11,0.00817941176470584,0.40882352941176514,0.04413823529411764,0.019373529411764668,24.91715976331361,13.344262295081966,US
2016-05-12,0.00857725947521863,0.4886627906976758,0.03351183431952659,0.026433139534883694,43.589285714285715,23.272727272727273,US
2016-05-13,0.00859882005899702,0.3867256637168145,0.03752958579881656,0.02262831858407078,36.596875,18.86764705882353,US
2016-05-14,0.006056497175141191,0.35416666666666696,0.03450277777777776,0.016272222222222195,28.863095238095237,11.818181818181818,US
2016-05-15,0.008930555555555521,0.35805555555555596,0.02705555555555554,0.015419444444444414,32.930930930930934,18.53146853146853,US
2016-05-16,0.005690962099125351,0.3763848396501457,0.03246587537091985,0.01930320699708452,31.31804281345566,16.78676470588235,US
2016-05-17,0.008723214285714244,0.4348214285714291,0.03735889570552146,0.031619047619047595,42.27242524916944,20.238805970149254,US
2016-05-18,0.013276595744680807,0.5699088145896666,0.03408841463414633,0.043404255319148946,62.15637860082305,34.42635658914729,US
2016-05-19,0.016350609756097506,0.48628048780487837,0.029376623376623348,0.04457621951219512,57.63713080168776,31.40714285714286,US
2016-05-20,0.012179190751445041,0.4765895953757225,0.03692814371257483,0.032239884393063564,53.88817891373802,33.88028169014085,US
2016-05-21,0.006786516853932557,0.5263305322128858,0.04154722222222221,0.02165352112676054,46.49162011173184,30.23404255319149,US
2016-05-22,0.00581845238095237,0.43295774647887403,0.0473111111111111,0.018649425287356285,43.427374301675975,29.34965034965035,US
2016-05-23,0.013456193353474285,0.5568571428571427,0.03644507042253517,0.03081971830985913,58.0819209039548,36.28169014084507,US
2016-05-24,0.0070963855421686435,0.4192878338278937,0.029710674157303326,0.02451404494382019,36.079320113314445,24.070921985815602,US
2016-05-25,0.00800606060606057,0.6079096045197743,0.051016901408450666,0.028175637393767685,52.07887323943662,35.528985507246375,US
2016-05-26,0.009927710843373457,0.6818696883852678,0.04742151162790698,0.037458923512747835,86.0505617977528,61.41843971631206,US
2016-05-27,0.007159159159159139,0.543626062322945,0.0564362606232294,0.024216374269005813,80.14772727272727,53.38405797101449,US
2016-05-28,0.007487031700288155,0.577777777777777,0.04698333333333329,0.030232142857142867,73.12777777777778,51.73426573426573,US
2016-05-29,0.008202985074626813,0.49305555555555597,0.039739376770538216,0.027315476190476157,52.266666666666666,37.81944444444444,US
2016-05-30,0.010991404011461287,0.5952112676056335,0.05241573033707865,0.028075581395348784,64.96056338028168,40.992805755395686,US
2016-05-31,0.009352112676056309,0.5456338028169008,0.05642735042735039,0.03130985915492952,75.1524926686217,50.40298507462686,US
2016-06-01,0.006073239436619688,0.29718309859154896,0.051369014084507045,0.014884180790960422,36.831460674157306,16.014598540145986,US
2016-06-02,0.006349431818181781,0.3108262108262105,0.03619142857142854,0.019133522727272704,26.369318181818183,11.333333333333334,US
2016-06-03,0.009435754189944103,0.43910614525139813,0.0436899441340782,0.030717877094972045,43.89173789173789,23.384615384615383,US
2016-06-04,0.008174999999999972,0.4133333333333349,0.032747222222222205,0.0274583333333333,40.144444444444446,23.514084507042252,US
2016-06-05,0.005594444444444435,0.28083333333333294,0.05304166666666661,0.009661111111111086,20.651810584958216,9.661870503597122,US
2016-06-06,0.005322222222222219,0.33,0.04290724637681158,0.012879888268156392,28.044817927170868,15.27536231884058,US
2016-06-07,0.00979999999999996,0.42685714285714427,0.02605899705014747,0.022879999999999977,40.6980056980057,23.0,US
2016-06-08,0.012383098591549256,0.5211267605633806,0.01987536231884055,0.033098591549295765,59.08426966292135,40.541984732824424,US
2016-06-09,0.00570623145400592,0.5427299703264101,0.026419161676646673,0.021234421364985115,55.26086956521739,37.43939393939394,US
2016-06-10,0.008708588957055162,0.4251533742331299,0.03759815950920244,0.01919018404907971,35.07142857142857,22.625,US
2016-06-11,0.009777777777777736,0.4572222222222242,0.027205555555555528,0.01945555555555552,44.72289156626506,27.888111888111887,US
2016-06-12,0.009841666666666625,0.4700000000000017,0.012586402266288918,0.020658333333333313,35.96716417910448,24.65714285714286,US
2016-06-13,0.005951841359773335,0.4315340909090919,0.024426900584795304,0.018237960339943293,33.02127659574468,21.36842105263158,US
2016-06-14,0.009321212121212084,0.438181818181819,0.033657575757575726,0.02140606060606057,40.10606060606061,25.866666666666667,US
2016-06-15,0.005709969788519612,0.4438066465256803,0.02600906344410874,0.01967499999999997,42.566265060240966,28.20567375886525,US
2016-06-16,0.006149855907780958,0.5054755043227676,0.03526023391812861,0.022401785714285687,34.40294117647059,20.314285714285713,US
2016-06-17,0.00873055555555551,0.48194444444444545,0.051976811594202844,0.0270472222222222,38.391666666666666,23.957142857142856,US
2016-06-18,0.010627777777777746,0.6163888888888889,0.043247222222222235,0.028127777777777772,49.61944444444445,32.929577464788736,US
2016-06-19,0.008708333333333299,0.49416666666666753,0.0406944444444444,0.015969444444444408,29.00557103064067,20.651851851851852,US
2016-06-20,0.017875706214689223,0.6646892655367228,0.03710481586402265,0.03265536723163839,64.46892655367232,45.15827338129496,US
2016-06-21,0.009109374999999972,0.48490566037735855,0.036955835962145085,0.021737499999999972,51.080495356037154,36.93805309734513,US
2016-06-22,0.00787087087087083,0.4249249249249253,0.02748136645962733,0.020795795795795758,43.7962962962963,30.885964912280702,US
2016-06-23,0.007728096676737133,0.4293051359516623,0.03313293051359516,0.016404833836857976,34.146875,20.991150442477878,US
2016-06-24,0.007422619047619013,0.5208333333333345,0.013897590361445753,0.02578571428571427,28.934131736526947,18.291666666666668,US
2016-06-25,0.005872023809523778,0.4065476190476202,0.04016467065868261,0.018366071428571405,29.355223880597016,15.398305084745763,US
2016-06-26,0.008083333333333288,0.4812500000000006,0.04638095238095238,0.02048511904761899,38.38988095238095,22.875,US
2016-06-27,0.010009009009008965,0.5816816816816814,0.02953153153153149,0.031360360360360315,61.29216867469879,41.526785714285715,US
2016-06-28,0.00730573248407639,0.44363057324840816,0.03277316293929711,0.023754777070063685,45.68987341772152,29.141592920353983,US
2016-06-29,0.008115624999999954,0.3987500000000006,0.02755799373040749,0.026390624999999956,33.594339622641506,19.59090909090909,US
2016-06-30,0.009090090090090049,0.5093093093093098,0.027915407854984836,0.02535435435435431,38.60670731707317,23.853211009174313,US
2016-07-01,0.009381381381381327,0.35778443113772423,0.01604191616766462,0.019075528700906313,22.71517027863777,11.504347826086956,US
2016-07-02,0.006723214285714242,0.3669642857142855,0.016806547619047582,0.016386904761904734,18.63095238095238,8.63716814159292,US
2016-07-03,0.006675595238095198,0.4336309523809536,0.022648809523809488,0.018839285714285673,24.476047904191617,14.53448275862069,US
2016-07-04,0.011453172205438032,0.45589123867069564,0.018084592145015083,0.029963746223564947,34.02114803625378,20.64,US
2016-07-05,0.012946428571428501,0.41517857142857145,0.012657738095238066,0.019648809523809495,34.86404833836858,22.073684210526316,US
2016-07-06,0.010501510574018089,0.3589123867069486,0.011081570996978825,0.019096676737160093,26.71556886227545,12.40566037735849,US
2016-07-07,0.024534534534534518,0.49609609609609673,0.015862385321100878,0.030561561561561527,44.58433734939759,28.79090909090909,US
2016-07-08,0.013454810495626784,0.461224489795918,0.015256559766763829,0.022962099125364406,39.642011834319526,24.182608695652174,US
2016-07-09,0.01294444444444441,0.4011111111111112,0.020261111111111053,0.01851388888888885,21.79050279329609,12.83969465648855,US
2016-07-10,0.012686111111111063,0.4772222222222232,0.045741666666666674,0.023288888888888845,39.435754189944134,28.353383458646615,US
2016-07-11,0.01385875706214686,0.4957627118644072,0.0188474576271186,0.025807909604519737,42.00573065902579,29.333333333333332,US
2016-07-12,0.0100196078431372,0.4215686274509804,0.011672268907562997,0.02104761904761901,24.597701149425287,13.1869918699187,US
2016-07-13,0.00924507042253515,0.5033898305084756,0.032394366197183055,0.030943661971830974,38.50561797752809,26.580645161290324,US
2016-07-14,0.005556818181818176,0.46903409090909226,0.0327926136363636,0.01808238636363633,36.39142857142857,23.457142857142856,US
2016-07-15,0.006145251396648014,0.37458100558659285,0.026511173184357518,0.01546648044692734,19.757062146892654,8.81021897810219,US
2016-07-16,0.0064694444444444105,0.3797222222222229,0.01672222222222219,0.01870555555555551,23.38826815642458,12.160839160839162,US
2016-07-17,0.008024999999999973,0.4672222222222234,0.03421666666666665,0.017955555555555516,30.272222222222222,19.661971830985916,US
2016-07-18,0.010733711048158604,0.5240793201133149,0.031776203966005674,0.022076487252124598,40.18079096045198,25.67132867132867,US
2016-07-19,0.005755681818181787,0.3398305084745763,0.03205932203389829,0.015453257790368245,24.728045325779036,14.035460992907801,US
2016-07-20,0.005941340782122861,0.27541899441340834,0.02829050279329605,0.012681564245810026,16.689855072463768,7.124087591240876,US
2016-07-21,0.005247191011235931,0.2853932584269664,0.0226713483146067,0.014207865168539297,18.15536723163842,7.866666666666666,US
2016-07-22,0.005529577464788714,0.2783098591549294,0.020842253521126737,0.013233802816901383,18.99712643678161,7.861313868613139,US
2016-07-23,0.010094444444444392,0.3405555555555561,0.02635833333333335,0.015719444444444414,27.21508379888268,13.62937062937063,US
2016-07-24,0.0075972222222221875,0.41111111111111215,0.02612181303116145,0.01662777777777774,32.95543175487465,20.506944444444443,US
2016-07-25,0.0057195467422096035,0.5526912181303127,0.017130303030303003,0.022541076487252114,34.88695652173913,22.956521739130434,US
2016-07-26,0.00650140845070421,0.5597183098591564,0.02468168168168165,0.018571830985915447,37.44225352112676,22.46853146853147,US
2016-07-27,0.007623229461756351,0.4070821529745041,0.024104815864022612,0.015322946175637366,30.019830028328613,17.725925925925925,US
2016-07-28,0.006869318181818162,0.3784090909090907,0.024141618497109784,0.014789772727272709,34.04584527220631,18.25874125874126,US
2016-07-29,0.007597222222222184,0.4177777777777785,0.030902017291066286,0.018444444444444413,44.72222222222222,27.392857142857142,US
2016-07-30,0.008708333333333297,0.4736111111111118,0.03245999999999997,0.02088888888888887,42.79387186629526,29.14503816793893,US
2016-07-31,0.008147398843930604,0.48930635838150455,0.0487470238095238,0.014910404624277424,35.372093023255815,24.32846715328467,US
2016-08-01,0.0072011661807579895,0.4886567164179116,0.0368597014925373,0.018820895522388036,41.243478260869566,26.547826086956523,US
2016-08-02,0.007853521126760533,0.548450704225353,0.02961126760563378,0.020588732394366174,37.10140845070423,21.22429906542056,US
2016-08-03,0.005014124293785298,0.48050847457627227,0.021671428571428546,0.01631073446327681,34.92112676056338,20.257425742574256,US
2016-08-04,0.0042885714285714124,0.42228571428571543,0.020747692307692255,0.012428571428571405,31.190058479532162,16.544554455445546,US
2016-08-05,0.004950437317784238,0.41224489795918495,0.019952978056426283,0.012107871720116594,27.707831325301203,13.25,US
2016-08-06,0.008649999999999972,0.4318840579710163,0.02569850746268654,0.015397222222222185,30.671348314606742,16.60576923076923,US
2016-08-07,0.008233333333333304,0.4818452380952397,0.031190476190476175,0.015152777777777756,37.36176470588235,23.73913043478261,US
2016-08-08,0.006886111111111083,0.5332378223495705,0.03682670454545453,0.019958333333333304,49.446107784431135,32.80612244897959,US
2016-08-09,0.006121126760563367,0.3898876404494394,0.03398595505617973,0.013575842696629186,31.794642857142858,14.60909090909091,US
2016-08-10,0.011642045454545408,0.46051136363636475,0.03516524216524216,0.02330113636363634,33.720461095100866,12.555555555555555,US
2016-08-11,0.009915730337078606,0.5421348314606744,0.04197421203438392,0.023626404494382,43.36516853932584,24.415254237288135,US
2016-08-12,0.008915730337078617,0.6300561797752798,0.052084985835694,0.023705056179775245,56.76056338028169,37.1025641025641,US
2016-08-13,0.00832590529247907,0.6651810584958211,0.0547922848664688,0.022325905292479072,61.41504178272981,40.05084745762712,US
2016-08-14,0.007363888888888844,0.5780555555555552,0.06151014492753621,0.016286111111111088,49.05,31.54700854700855,US
2016-08-15,0.005213888888888873,0.47944444444444556,0.03920555555555553,0.013830555555555514,38.211699164345404,23.521367521367523,US
2016-08-16,0.004909604519773996,0.39689265536723295,0.029177966101694902,0.01324576271186438,27.019662921348313,12.210526315789474,US
2016-08-17,0.00573389355742295,0.38823529411764834,0.02742178770949717,0.014209631728045286,24.312849162011172,9.233333333333333,US
2016-08-18,0.0055561797752808695,0.35337078651685344,0.025008426966292137,0.012935211267605598,23.99439775910364,8.149122807017545,US
2016-08-19,0.005802259887005623,0.3336158192090391,0.02263841807909602,0.013511560693641598,24.966101694915253,8.925925925925926,US
2016-08-20,0.004933333333333325,0.31472222222222224,0.027027777777777724,0.010675595238095208,22.008426966292134,8.080357142857142,US
2016-08-21,0.005472222222222214,0.3036111111111111,0.030455555555555514,0.00871171171171168,20.744444444444444,6.982456140350878,US
2016-08-22,0.0050985915492957595,0.34597701149425275,0.028225352112676055,0.012196480938416385,23.43943661971831,8.10344827586207,US
2016-08-23,0.006019830028328574,0.32521246458923514,0.026815864022662863,0.013221590909090874,19.703389830508474,6.754716981132075,US
2016-08-24,0.005335195530726237,0.32905027932960906,0.029136871508379857,0.014176966292134803,19.664772727272727,6.933962264150943,US
2016-08-25,0.008452247191011182,0.43697478991596767,0.027602240896358505,0.02081512605042013,28.551820728291318,11.878260869565217,US
2016-08-26,0.004401129943502818,0.43276836158192133,0.023768361581920878,0.01711016949152539,28.91737891737892,14.102564102564102,US
2016-08-27,0.005497222222222208,0.2427777777777775,0.03105277777777778,0.009916201117318417,22.230555555555554,5.243697478991597,US
2016-08-28,0.0037249999999999905,0.3091666666666663,0.031402777777777745,0.009143661971830953,12.755747126436782,4.703703703703703,US
2016-08-29,0.0028356545961002806,0.34066852367688016,0.02622005571030639,0.013163841807909568,13.194610778443113,4.91588785046729,US
2016-08-30,0.0038338028169013984,0.40816901408450745,0.023890140845070382,0.017461971830985884,24.182336182336183,10.478632478632479,US
2016-08-31,0.00570473537604454,0.33621169916434523,0.0467660167130919,0.01352367688022279,36.9768115942029,13.915966386554622,US
2016-09-01,0.007114845938375325,0.5114845938375356,0.0742966101694915,0.016560224089635818,60.3921568627451,34.68376068376068,US
2016-09-02,0.0056488764044943535,0.4516853932584292,0.042949438202247205,0.020640449438202195,31.7090395480226,20.991071428571427,US
2016-09-03,0.007408333333333304,0.5111111111111123,0.029780555555555515,0.019886111111111063,27.8,18.394495412844037,US
2016-09-04,0.005047222222222208,0.5488888888888896,0.020638888888888856,0.012711111111111081,38.69637883008357,24.139130434782608,US
2016-09-05,0.005499999999999986,0.5375000000000004,0.015528409090909056,0.017539772727272685,31.54131054131054,18.75,US
2016-09-06,0.008854651162790666,0.6334302325581394,0.02616279069767441,0.02998837209302326,54.65861027190332,33.96666666666667,US
2016-09-07,0.007971910112359516,0.7561797752808977,0.027457865168539312,0.030455056179775248,76.76770538243626,48.681481481481484,US
2016-09-08,0.005545197740112969,0.49519774011299583,0.04051977401129942,0.019344632768361552,43.26271186440678,26.77304964539007,US
2016-09-09,0.005250704225352091,0.486197183098592,0.02955211267605632,0.0223295774647887,49.220338983050844,30.6993006993007,US
2016-09-10,0.005394444444444419,0.5013888888888893,0.019266666666666637,0.021980555555555538,42.45,25.26388888888889,US
2016-09-11,0.004199999999999985,0.3508333333333336,0.022044943820224688,0.012017595307917855,24.446927374301676,10.333333333333334,US
2016-09-12,0.0035577464788732267,0.4580281690140857,0.023641242937853073,0.019801186943620142,24.521008403361346,12.848920863309353,US
2016-09-13,0.004165266106442562,0.3782122905027942,0.03311173184357538,0.0161253561253561,23.847887323943663,10.257142857142858,US
2016-09-14,0.004502777777777763,0.34722222222222265,0.026480555555555525,0.011598214285714257,21.26388888888889,9.361702127659575,US
2016-09-15,0.005055555555555542,0.3477777777777779,0.025183333333333297,0.009809523809523777,24.52777777777778,12.48951048951049,US
2016-09-16,0.005749999999999977,0.4672222222222234,0.02231388888888885,0.015276785714285677,35.65,22.545454545454547,US
2016-09-17,0.004213888888888877,0.3908333333333343,0.028847222222222187,0.012627976190476155,19.682451253481894,11.872340425531915,US
2016-09-18,0.004941666666666653,0.30277777777777815,0.033763888888888885,0.009800595238095204,17.567335243553007,9.83206106870229,US
2016-09-19,0.00529577464788731,0.2619718309859154,0.029309859154929566,0.011431486880466446,23.426553672316384,8.422535211267606,US
2016-09-20,0.004903954802259879,0.21949152542372927,0.03244632768361583,0.012409604519773968,27.475783475783476,10.410071942446043,US
2016-09-21,0.004413407821229041,0.32541899441340794,0.030787709497206713,0.016596638655462154,40.095774647887325,24.872340425531913,US
2016-09-22,0.0037571428571428482,0.4617142857142862,0.024202857142857134,0.019885714285714246,44.19420289855073,28.082706766917294,US
2016-09-23,0.004891061452513948,0.39301675977653666,0.02420949720670387,0.01773876404494378,36.026162790697676,22.412587412587413,US
2016-09-24,0.00474651810584957,0.34140845070422543,0.022378830083565428,0.01619220055710303,28.69359331476323,16.397163120567377,US
2016-09-25,0.007676880222841193,0.3547222222222223,0.021381766381766355,0.01867499999999997,27.84722222222222,13.840277777777779,US
2016-09-26,0.0063859154929577265,0.46151685393258574,0.012886297376093274,0.02442898550724635,36.22408963585434,20.642857142857142,US
2016-09-27,0.01313081395348833,0.5926136363636356,0.011808823529411733,0.02987058823529412,46.98011363636363,28.25735294117647,US
2016-09-28,0.0054748603351955135,0.517039106145252,0.012380116959064286,0.020868715083798853,32.332361516034986,20.467625899280577,US
2016-09-29,0.006031700288184401,0.331123919308357,0.022729106628242055,0.014804034582132542,24.13529411764706,9.928571428571429,US
2016-09-30,0.0037270114942528697,0.3548850574712648,0.011626436781609174,0.020324712643678144,22.104477611940297,8.846153846153847,US
2016-10-01,0.0030555555555555566,0.3766666666666676,0.015538888888888864,0.01821111111111109,24.146892655367232,11.1875,US
2016-10-02,0.007441666666666634,0.431944444444445,0.021138888888888846,0.01438888888888886,28.54874651810585,15.02836879432624,US
2016-10-03,0.005541666666666647,0.38222222222222313,0.013927777777777749,0.01331388888888887,29.169444444444444,16.384615384615383,US
2016-10-04,0.005053521126760558,0.37408450704225465,0.02675492957746478,0.01393767705382433,35.60112359550562,14.873239436619718,US
2016-10-05,0.005042207792207792,0.3682847896440131,0.02919805194805192,0.013042071197410979,21.813725490196077,9.956521739130435,US
2016-10-06,0.005322147651006696,0.39433333333333365,0.02768999999999998,0.01951999999999995,41.06375838926174,18.353846153846153,US
2016-10-07,0.00635174418604648,0.3391549295774648,0.025718309859154877,0.01762535211267601,36.06432748538012,10.08695652173913,US
2016-10-08,0.004054131054131043,0.3883333333333344,0.01610584958217268,0.019155555555555537,23.197771587743734,11.45,US
2016-10-09,0.003804093567251452,0.3160349854227401,0.02922499999999996,0.011363888888888852,27.55,11.092198581560284,US
2016-10-10,0.004149999999999989,0.31360946745562107,0.018928571428571416,0.01890857142857141,27.26345609065156,8.714285714285714,US
2016-10-11,0.003209090909090905,0.3609090909090914,0.01409090909090906,0.021384848484848444,31.490853658536587,10.677685950413224,US
2016-10-12,0.005176646706586808,0.4293413173652699,0.030583832335329342,0.023889221556886202,56.05120481927711,28.88679245283019,US
2016-10-13,0.0048391812865496925,0.42602339181286614,0.017005847953216323,0.02585380116959063,43.78078078078078,19.428571428571427,US
2016-10-14,0.005567647058823509,0.4812316715542538,0.024451612903225752,0.030211143695014642,54.69616519174041,30.15972222222222,US
2016-10-15,0.005091666666666644,0.510833333333334,0.028166666666666684,0.025524999999999957,61.78888888888889,37.82517482517483,US
2016-10-16,0.003747222222222206,0.48000000000000215,0.019199999999999957,0.021372222222222185,33.65,21.11888111888112,US
2016-10-17,0.005721126760563355,0.48225352112676245,0.018923943661971806,0.02416338028169011,26.20505617977528,14.144,US
2016-10-18,0.005047752808988745,0.4856741573033723,0.028311797752808985,0.021075842696629172,53.28089887640449,33.55,US
2016-10-19,0.005977528089887621,0.5143258426966302,0.023033707865168528,0.023668539325842668,53.12747875354108,28.640845070422536,US
2016-10-20,0.0055083798882681325,0.5502793296089393,0.03265083798882683,0.023606145251396614,70.35474860335195,41.583333333333336,US
2016-10-21,0.007101408450704194,0.2901408450704214,0.033569014084507035,0.016632768361581878,41.96078431372549,16.56737588652482,US
2016-10-22,0.005122222222222205,0.31499999999999956,0.026994444444444404,0.01676666666666662,28.47632311977716,11.713286713286713,US
2016-10-23,0.0064261838440111355,0.2602777777777777,0.03446111111111106,0.010188888888888858,23.866666666666667,10.244755244755245,US
2016-10-24,0.00416338028169012,0.2588732394366202,0.02518873239436614,0.01696056338028167,24.519662921348313,8.908396946564885,US
2016-10-25,0.004884180790960427,0.4494350282485886,0.01602259887005645,0.022887005649717476,28.833333333333332,13.455284552845528,US
2016-10-26,0.005480337078651659,0.4721910112359574,0.018278089887640417,0.0231516853932584,35.96056338028169,20.03174603174603,US
2016-10-27,0.006632768361581903,0.3841807909604518,0.0231101694915254,0.019031073446327658,39.81741573033708,16.79259259259259,US
2016-10-28,0.0043194444444444235,0.3711111111111115,0.022877777777777743,0.017786111111111072,20.670391061452513,8.701492537313433,US
2016-10-29,0.003536111111111098,0.43805555555555775,0.0210694444444444,0.018208333333333288,45.60724233983287,25.62937062937063,US
2016-10-30,0.0037833333333333156,0.3902777777777783,0.02183055555555553,0.017691666666666637,38.51685393258427,21.729166666666668,US
2016-10-31,0.003866666666666651,0.42972222222222356,0.008963888888888858,0.03004999999999999,41.325905292479106,19.190140845070424,US
2016-11-01,0.003309859154929567,0.33446327683615823,0.022056338028168965,0.01887042253521123,31.03943661971831,16.14814814814815,US
2016-11-02,0.0033416666666666547,0.38388888888888884,0.021424999999999972,0.024194444444444397,31.134078212290504,14.866197183098592,US
2016-11-03,0.004417391304347807,0.644788732394368,0.01389295774647885,0.031079096045197707,56.225352112676056,34.34965034965035,US
2016-11-04,0.007104815864022641,0.673937677053824,0.01665722379603396,0.035189801699716715,64.16949152542372,40.34722222222222,US
2016-11-05,0.0058111111111110855,0.7111111111111126,0.019969444444444415,0.033169444444444404,55.35,36.95104895104895,US
2016-11-06,0.005072222222222204,0.44722222222222413,0.026924999999999973,0.016626740947075176,42.083333333333336,28.25,US
2016-11-07,0.0046083333333333115,0.5197222222222238,0.01901111111111108,0.025719444444444396,43.200557103064064,25.91304347826087,US
2016-11-08,0.004425770308123225,0.5285714285714302,0.02345378151260502,0.023214084507042227,44.910364145658264,30.73076923076923,US
2016-11-09,0.004491525423728794,0.41440677966101835,0.021923728813559275,0.022183615819208993,49.475920679886684,33.05072463768116,US
2016-11-10,0.0044333333333333134,0.4438888888888909,0.013858333333333287,0.026601671309192183,28.487465181058496,14.0625,US
2016-11-11,0.00425141242937851,0.5525423728813584,0.015644067796610137,0.026824858757062114,41.78632478632478,21.78723404255319,US
2016-11-12,0.005863888888888866,0.6250000000000001,0.017041666666666636,0.030552777777777748,68.11614730878188,34.625,US
2016-11-13,0.005297222222222196,0.7205555555555541,0.011055555555555516,0.03290277777777775,64.65882352941176,37.31944444444444,US
2016-11-14,0.005654494382022448,0.7109550561797741,0.008047752808988727,0.031772471910112336,54.65588235294118,32.10948905109489,US
2016-11-15,0.005932773109243665,0.5563025210084036,0.021924369747899117,0.023960674157303324,59.16761363636363,28.94573643410853,US
2016-11-16,0.005463483146067385,0.49494382022472116,0.01515730337078647,0.03103089887640447,53.79829545454545,23.446043165467625,US
2016-11-17,0.00648739495798316,0.5980392156862733,0.02169747899159661,0.032019607843137246,79.78309859154929,40.05555555555556,US
2016-11-18,0.00622752808988761,0.6370786516853921,0.01935674157303366,0.031442253521126735,64.65155807365439,37.38028169014085,US
2016-11-19,0.00503055555555553,0.6963888888888885,0.015969444444444408,0.024647222222222185,39.95810055865922,28.23611111111111,US
2016-11-20,0.0060861111111110925,0.627777777777776,0.023611111111111083,0.019230555555555525,39.62116991643454,24.40277777777778,US
2016-11-21,0.005364161849710961,0.5443502824858758,0.018104519774011268,0.02508474576271185,42.396067415730336,19.93006993006993,US
2016-11-22,0.0037916666666666593,0.586363636363636,0.015903409090909044,0.022360795454545425,43.97727272727273,23.136690647482013,US
2016-11-23,0.003498599439775904,0.4025210084033626,0.017378151260504175,0.01887955182072825,32.04507042253521,14.937062937062937,US
2016-11-24,0.0032485875706214635,0.3581196581196578,0.023754237288135565,0.018090395480225945,28.56,10.674074074074074,US
2016-11-25,0.003589887640449429,0.4011235955056189,0.022963483146067363,0.02156460674157301,30.10734463276836,14.81294964028777,US
2016-11-26,0.003949999999999985,0.5952777777777781,0.007541666666666631,0.03379166666666663,57.34722222222222,38.5,US
2016-11-27,0.0038916666666666544,0.5230555555555572,0.022547222222222177,0.02170277777777774,42.134453781512605,28.80141843971631,US
2016-11-28,0.004066666666666655,0.6258333333333332,0.0191083333333333,0.026411111111111083,74.15,42.75,US
2016-11-29,0.004197740112994345,0.44576271186440874,0.018887005649717473,0.024963276836158156,33.25915492957746,15.48936170212766,US
2016-11-30,0.003988795518207267,0.6400560224089639,0.009754929577464752,0.029142857142857113,28.532212885154063,17.013986013986013,US
2016-12-01,0.0038810198300283124,0.558923512747876,0.022229461756373917,0.022705539358600552,43.88352272727273,25.124087591240876,US
2016-12-02,0.003602777777777772,0.41555555555555634,0.021030555555555528,0.023694444444444417,26.64623955431755,10.61111111111111,US
2016-12-03,0.006072222222222201,0.5897222222222235,0.010601671309192161,0.036136111111111126,44.116991643454035,23.265734265734267,US
2016-12-04,0.005733333333333316,0.6747222222222224,0.009705555555555525,0.03380277777777775,44.540389972144844,26.239436619718308,US
2016-12-05,0.00563841807909602,0.7500000000000001,0.021711864406779618,0.03248870056497175,76.00282485875707,47.225352112676056,US
2016-12-06,0.0037805555555555444,0.4402777777777779,0.024124999999999962,0.021413888888888857,42.01966292134831,20.097902097902097,US
2016-12-07,0.004485875706214671,0.5655367231638426,0.012553672316384143,0.032697740112994346,40.69491525423729,20.935714285714287,US
2016-12-08,0.0052619718309858945,0.7428169014084501,0.011487323943661936,0.036698591549295764,71.81460674157303,45.26056338028169,US
2016-12-09,0.00541408450704223,0.656056338028169,0.02189014084507037,0.02962816901408449,58.740112994350284,36.95804195804196,US
2016-12-10,0.00372222222222221,0.42222222222222366,0.021805555555555526,0.02109166666666663,32.04189944134078,16.591549295774648,US
2016-12-11,0.004377777777777768,0.4783333333333344,0.018247222222222206,0.025894444444444432,32.16388888888889,17.08450704225352,US
2016-12-12,0.005949720670391043,0.6441340782122911,0.00909014084507038,0.036620111731843555,42.19005847953216,20.942446043165468,US
2016-12-13,0.004549999999999981,0.6183333333333341,0.012047619047619026,0.03306666666666666,45.866883116883116,24.916030534351144,US
2016-12-14,0.0038240223463686988,0.5997206703910628,0.015821229050279294,0.023432960893854698,46.44409937888199,34.186440677966104,US
2016-12-15,0.003495750708215293,0.49206798866855594,0.02267988668555239,0.0185439093484419,40.97041420118343,25.049295774647888,US
2016-12-16,0.0039915492957746344,0.40197183098591616,0.023087323943661937,0.02000845070422532,25.61473087818697,10.074074074074074,US
2016-12-17,0.0050527777777777585,0.5760932944606418,0.02058600583090376,0.027230555555555504,39.1058495821727,21.161971830985916,US
2016-12-18,0.004080555555555543,0.6783333333333336,0.014108333333333296,0.030169444444444422,40.13333333333333,24.5,US
2016-12-19,0.0060453257790368045,0.8626062322946181,0.006116809116809082,0.04128328611898011,54.556497175141246,36.24460431654676,US
2016-12-20,0.00446944444444443,0.6447222222222225,0.01401111111111108,0.030033333333333297,39.23661971830986,26.091549295774648,US
2016-12-21,0.005103746397694506,0.7446376811594201,0.007481268011527354,0.03326376811594201,42.43390804597701,25.366906474820144,US
2016-12-22,0.004700564971751394,0.592372881355933,0.024042613636363598,0.0163418079096045,17.33810888252149,10.248062015503876,US
2016-12-23,0.0033468208092485487,0.48184438040346045,0.026256484149855906,0.01408645533141207,22.839541547277936,13.49645390070922,US
2016-12-24,0.0032944444444444453,0.6063888888888901,0.01748333333333331,0.019747222222222208,42.37535014005602,31.809859154929576,US
2016-12-25,0.003666666666666662,0.7324999999999992,0.014472222222222188,0.022844444444444424,40.456824512534816,28.363636363636363,US
2016-12-26,0.00370555555555555,0.7188888888888886,0.010194444444444402,0.028433333333333324,35.891061452513966,24.836879432624112,US
2016-12-27,0.0033583333333333304,0.5372222222222238,0.023877777777777748,0.01669166666666665,25.876056338028167,17.1056338028169,US
2016-12-28,0.004377777777777768,0.5264623955431768,0.015586111111111089,0.02542499999999997,32.57541899441341,17.271428571428572,US
2016-12-29,0.003716666666666658,0.5119444444444453,0.021563888888888855,0.021302777777777743,29.325,15.546153846153846,US
2016-12-30,0.003744444444444442,0.45444444444444576,0.01802499999999996,0.024091666666666643,26.633053221288517,10.904,US
2016-12-31,0.003541666666666662,0.5969444444444459,0.02373333333333331,0.019958333333333297,34.42339832869081,22.21527777777778,US
2017-01-01,0.0033333333333333344,0.6133333333333334,0.012933333333333333,0.030266666666666674,40.666666666666664,35.166666666666664,US
