kma_jid,t_max,t_avg,hu,lag1_t_max,lag1_hu,lag1_t_avg,lag2_t_max,lag2_hu,lag2_t_avg,lag3_t_max,lag3_hu,lag3_t_avg,lag4_t_max,lag4_hu,lag4_t_avg,lag5_t_max,lag5_hu,lag5_t_avg,lag6_t_max,lag6_hu,lag6_t_avg,lag7_t_max,lag7_hu,lag7_t_avg,pd_in,date,place,month,day_of_week,day,weekdayname,holiday,isHW,lag1_isHW,lag2_isHW,lag3_isHW,lag4_isHW,lag5_isHW,lag6_isHW,lag7_isHW,HW_diff,lag1_HW_diff,lag2_HW_diff,lag3_HW_diff,lag4_HW_diff,lag5_HW_diff,lag6_HW_diff,lag7_HW_diff,is_first,is_weekend,is_98,SO2,CO,O3,NO2,PM10,PM25
20160601_BS,23.6,20.7,53.5,30.5,55.1,23.8,26.6,62.3,22.4,25.4,75.4,20.0,24.1,65.5,21.0,26.7,52.6,23.0,26.0,61.9,22.1,23.8,71.9,19.9,652,2016-06-01,BS,6,2,1,Wednesday,False,0,0,0,0,0,0,0,0,0.0,0.0,0.0,0.0,0.0,0.0,0.0,0.0,1,False,,0.0052382133995037,0.3485436893203886,0.0542484599589322,0.015004132231404912,44.443991853360494,21.5020325203252
20160601_CB,27.686666666999997,21.88,49.233333333000004,28.313333333000003,58.246666667,21.78,28.893333333,55.246666667,21.426666667,26.6,54.82,20.313333333,27.966666667,52.773333333000004,21.22,28.686666666999997,54.293333333,21.766666667,25.253333333,69.44,20.1,25.2,71.993333333,18.453333333,126,2016-06-01,CB,6,2,1,Wednesday,False,0,0,0,0,0,0,0,0,0.0,0.0,0.0,0.0,0.0,0.0,0.0,0.0,1,False,,0.0031558139534883746,0.30930232558139537,0.0405503875968992,0.01283178294573641,48.49027237354085,29.69098712446352
20160601_CN,28.04375,21.6,68.4125,26.25,76.68125,20.36875,27.96875,72.8625,20.4,26.1125,70.45625,19.7,26.3375,68.175,20.04375,27.9875,69.21875,20.85,24.375,79.8625,19.575,24.1,82.38125,18.58125,287,2016-06-01,CN,6,2,1,Wednesday,False,0,0,0,0,0,0,0,0,0.0,0.0,0.0,0.0,0.0,0.0,0.0,0.0,1,False,,0.003075342465753429,0.42648401826483984,0.0531278538812785,0.017974885844748836,58.8918918918919,29.901408450704228
20160601_DG,25.1,20.6,52.0,30.8,47.1,25.2,32.3,52.9,24.6,28.6,57.8,22.8,29.2,50.6,23.5,29.1,54.6,24.3,28.2,66.1,22.6,28.0,68.0,21.3,281,2016-06-01,DG,6,2,1,Wednesday,False,0,0,0,0,0,0,0,0,0.0,0.0,0.0,0.0,0.0,0.0,0.0,0.0,1,False,,0.002846153846153848,0.28485915492957703,0.05371328671328667,0.008639860139860121,39.97560975609756,17.552083333333332
20160601_DJ,28.4,22.9,59.1,27.9,64.9,22.0,29.4,66.0,22.0,26.9,60.8,21.1,28.0,57.5,22.0,29.1,58.4,22.9,26.4,74.0,21.0,25.5,74.8,19.5,214,2016-06-01,DJ,6,2,1,Wednesday,False,0,0,0,0,0,0,0,0,0.0,0.0,0.0,0.0,0.0,0.0,0.0,0.0,1,False,,0.0022875000000000018,0.3770833333333334,0.05017499999999995,0.016820960698689918,46.189075630252105,24.972222222222218
20160601_GB,25.1,19.75,53.070833333,30.025,53.066666667,22.833333333000002,28.016666667,60.416666667,21.4625,27.6,61.220833333,20.783333332999998,28.783333333,54.375,21.804166666999997,27.3125,57.129166667,21.904166667,27.5625,63.579166666999996,21.220833332999998,27.1375,64.733333333,19.741666667,354,2016-06-01,GB,6,2,1,Wednesday,False,0,0,0,0,0,0,0,0,0.0,0.0,0.0,0.0,0.0,0.0,0.0,0.0,1,False,,0.004463281249999981,0.3953929539295387,0.052041062801932346,0.008388010204081609,34.2,16.035294117647062
20160601_GG,29.20952381,22.602380951999997,54.285714286,27.321428571,71.48095238100001,20.938095238,28.523809524,64.25952381,21.39047619,27.126190475999998,62.530952381000006,20.642857143,27.471428571,63.378571429,20.769047619000002,27.254761905,66.714285714,20.707142857,23.402380951999998,76.397619048,19.319047619000003,24.097619048000002,74.202380952,19.266666667,934,2016-06-01,GG,6,2,1,Wednesday,False,0,0,0,0,0,0,0,0,0.0,0.0,0.0,0.0,0.0,0.0,0.0,0.0,1,False,,0.0038214858364510437,0.4295331161780615,0.03953555555555565,0.02514164859002181,49.0343716433942,24.114391143911444
20160601_GJ,28.8,22.5,66.6,28.6,60.8,22.1,29.9,61.9,22.3,26.7,69.4,20.7,26.9,65.1,21.5,29.6,63.5,23.3,28.4,68.9,21.9,26.9,73.5,20.4,209,2016-06-01,GJ,6,2,1,Wednesday,False,0,0,0,0,0,0,0,0,0.0,0.0,0.0,0.0,0.0,0.0,0.0,0.0,1,False,,0.003961165048543693,0.5276699029126222,0.04908737864077668,0.01929126213592229,69.74162679425838,43.44171779141104
20160601_GN,26.122727273000002,21.304545455,52.23636363600001,30.290909091,58.622727273,22.854545455,31.013636364,60.240909091000006,22.477272727,26.127272726999998,76.231818182,20.195454545,26.459090909,68.58181818199999,20.972727273,28.695454545,56.759090908999994,22.963636364,27.931818181999997,66.518181818,21.395454545,26.736363636,69.89047619,19.871428571,461,2016-06-01,GN,6,2,1,Wednesday,False,0,0,0,0,0,0,0,0,0.0,0.0,0.0,0.0,0.0,0.0,0.0,0.0,1,False,,0.004727392120075021,0.4426666666666685,0.04895036764705883,0.01378248587570619,51.02573529411765,27.455598455598448
20160601_GW,26.033333333,19.861111111,53.772222221999996,27.616666666999997,58.333333333,20.994444444000003,27.122222221999998,64.261111111,19.977777778,27.066666667,61.711111111,20.3,28.833333333000002,54.761111111000005,21.444444444000002,26.038888889000003,63.872222222,19.888888889,23.7,70.133333333,19.705555556,24.983333333,61.055555556,19.6,106,2016-06-01,GW,6,2,1,Wednesday,False,0,0,0,0,0,0,0,0,0.0,0.0,0.0,0.0,0.0,0.0,0.0,0.0,1,False,,0.0017902542372881364,0.3250000000000002,0.04463135593220336,0.0102550847457627,39.294871794871796,22.97916666666667
20160601_IC,27.57,22.35,64.65,23.08,91.33,19.34,24.68,83.85,20.42,24.44,84.47,19.55,23.8,79.01,19.16,24.45,87.64,19.45,20.11,95.39,17.88,21.91,93.02,18.33,170,2016-06-01,IC,6,2,1,Wednesday,False,0,0,0,0,0,0,0,0,0.0,0.0,0.0,0.0,0.0,0.0,0.0,0.0,1,False,,0.004976839826839808,0.4493534482758635,0.04151508620689655,0.022686422413793053,49.77901785714285,22.2742474916388
20160601_JB,27.526666666999997,21.353333333,68.34,26.853333333000002,67.226666667,20.546666667,27.513333333000002,70.313333333,20.193333332999998,25.24,72.21333333300001,19.173333333,26.32,62.546666667,20.046666667,28.806666667,62.013333333,22.006666666999998,26.1,71.66,20.233333333,25.62,74.2,18.686666667,388,2016-06-01,JB,6,2,1,Wednesday,False,0,0,0,0,0,0,0,0,0.0,0.0,0.0,0.0,0.0,0.0,0.0,0.0,1,False,,0.004692797783933501,0.4065104166666673,0.05494366197183104,0.013935416666666645,70.5859375,46.61087866108787
20160601_JJ,22.75,20.4,68.85,25.1,58.7,21.15,25.55,69.55,21.0,19.25,94.15,17.6,22.4,85.45,18.65,22.6,86.1,19.15,23.4,72.5,20.4,22.45,78.05,19.2,29,2016-06-01,JJ,6,2,1,Wednesday,False,0,0,0,0,0,0,0,0,0.0,0.0,0.0,0.0,0.0,0.0,0.0,0.0,1,False,,0.003139361702127661,0.31827956989247314,0.044595744680851084,0.010238297872340431,56.57446808510638,31.49367088607595
20160601_JN,26.845454545,21.768181818000002,66.604545455,27.05,66.0,21.413636364000002,28.827272726999997,67.68636363600001,21.736363636,25.281818182,77.381818182,19.890909090999997,24.75,77.2,20.168181818,27.613636364,71.904545455,22.018181818000002,26.809090909000002,73.577272727,21.054545455,25.763636364,76.327272727,19.686363636,249,2016-06-01,JN,6,2,1,Wednesday,False,0,0,0,0,0,0,0,0,0.0,0.0,0.0,0.0,0.0,0.0,0.0,0.0,1,False,,0.006154330708661397,0.4109660574412543,0.0521201044386423,0.013088250652741471,47.83957219251337,30.134883720930233
20160601_SU,29.9,23.3,45.8,27.6,63.6,21.6,28.9,57.3,22.1,27.6,56.1,21.5,28.0,56.1,21.7,27.1,61.3,20.9,22.9,72.0,19.4,24.4,67.9,19.7,604,2016-06-01,SU,6,2,1,Wednesday,False,0,0,0,0,0,0,0,0,0.0,0.0,0.0,0.0,0.0,0.0,0.0,0.0,1,False,,0.004398230088495555,0.4349344978165941,0.03251472191930205,0.03346782988004357,44.35274725274725,22.53130287648054
20160601_US,21.6,19.1,63.5,30.3,54.3,24.0,26.8,72.5,21.4,26.7,65.8,21.1,26.8,62.9,21.9,25.4,57.1,22.3,27.6,63.9,22.2,25.5,74.0,20.2,138,2016-06-01,US,6,2,1,Wednesday,False,0,0,0,0,0,0,0,0,0.0,0.0,0.0,0.0,0.0,0.0,0.0,0.0,1,False,,0.0060732394366196886,0.29718309859154896,0.05136901408450705,0.014884180790960422,36.831460674157306,16.014598540145982
20160602_BS,24.0,19.8,60.5,23.6,53.5,20.7,30.5,55.1,23.8,26.6,62.3,22.4,25.4,75.4,20.0,24.1,65.5,21.0,26.7,52.6,23.0,26.0,61.9,22.1,84,2016-06-02,BS,6,3,2,Thursday,False,0,0,0,0,0,0,0,0,0.0,0.0,0.0,0.0,0.0,0.0,0.0,0.0,0,False,,0.004172749391727472,0.3328467153284672,0.041424116424116385,0.017754677754677716,27.15637860082305,14.016460905349795
20160602_CB,28.846666666999997,21.5,44.273333333000004,27.686666666999997,49.233333333000004,21.88,28.313333333000003,58.246666667,21.78,28.893333333,55.246666667,21.426666667,26.6,54.82,20.313333333,27.966666667,52.773333333000004,21.22,28.686666666999997,54.293333333,21.766666667,25.253333333,69.44,20.1,28,2016-06-02,CB,6,3,2,Thursday,False,0,0,0,0,0,0,0,0,0.0,0.0,0.0,0.0,0.0,0.0,0.0,0.0,0,False,,0.0030408560311284073,0.2844357976653701,0.041715953307392965,0.015335546874999963,28.267441860465123,11.272340425531914
20160602_CN,27.38125,20.8625,71.0125,28.04375,68.4125,21.6,26.25,76.68125,20.36875,27.96875,72.8625,20.4,26.1125,70.45625,19.7,26.3375,68.175,20.04375,27.9875,69.21875,20.85,24.375,79.8625,19.575,66,2016-06-02,CN,6,3,2,Thursday,False,0,0,0,0,0,0,0,0,0.0,0.0,0.0,0.0,0.0,0.0,0.0,0.0,0,False,,0.0039592274678111605,0.37381974248927,0.05821888412017163,0.015750643776824013,54.27155172413793,29.308823529411764
20160602_DG,28.0,20.8,54.8,25.1,52.0,20.6,30.8,47.1,25.2,32.3,52.9,24.6,28.6,57.8,22.8,29.2,50.6,23.5,29.1,54.6,24.3,28.2,66.1,22.6,49,2016-06-02,DG,6,3,2,Thursday,False,0,0,0,0,0,0,0,0,0.0,0.0,0.0,0.0,0.0,0.0,0.0,0.0,0,False,,0.002625000000000002,0.2946428571428568,0.042596428571428535,0.01512857142857139,29.985964912280703,15.479166666666664
20160602_DJ,29.3,22.5,51.1,28.4,59.1,22.9,27.9,64.9,22.0,29.4,66.0,22.0,26.9,60.8,21.1,28.0,57.5,22.0,29.1,58.4,22.9,26.4,74.0,21.0,39,2016-06-02,DJ,6,3,2,Thursday,False,0,0,0,0,0,0,0,0,0.0,0.0,0.0,0.0,0.0,0.0,0.0,0.0,0,False,,0.0020920502092050225,0.3520833333333328,0.04917499999999998,0.01830833333333331,32.527896995708154,17.51388888888889
20160602_GB,26.875,19.258333333,53.433333333,25.1,53.070833333,19.75,30.025,53.066666667,22.833333333000002,28.016666667,60.416666667,21.4625,27.6,61.220833333,20.783333332999998,28.783333333,54.375,21.804166666999997,27.3125,57.129166667,21.904166667,27.5625,63.579166666999996,21.220833332999998,67,2016-06-02,GB,6,3,2,Thursday,False,0,0,0,0,0,0,0,0,0.0,0.0,0.0,0.0,0.0,0.0,0.0,0.0,0,False,,0.003490526315789463,0.34125326370757075,0.04093967517401391,0.010993069306930676,20.93144208037825,9.055865921787712
20160602_GG,28.788095238,22.416666666999998,47.504761905,29.20952381,54.285714286,22.602380951999997,27.321428571,71.48095238100001,20.938095238,28.523809524,64.25952381,21.39047619,27.126190475999998,62.530952381000006,20.642857143,27.471428571,63.378571429,20.769047619000002,27.254761905,66.714285714,20.707142857,23.402380951999998,76.397619048,19.319047619000003,218,2016-06-02,GG,6,3,2,Thursday,False,0,0,0,0,0,0,0,0,0.0,0.0,0.0,0.0,0.0,0.0,0.0,0.0,0,False,,0.004091132478632422,0.3970810810810741,0.042283176013325936,0.02910527747551696,42.94348762109796,20.48275862068965
20160602_GJ,28.4,22.0,70.8,28.8,66.6,22.5,28.6,60.8,22.1,29.9,61.9,22.3,26.7,69.4,20.7,26.9,65.1,21.5,29.6,63.5,23.3,28.4,68.9,21.9,51,2016-06-02,GJ,6,3,2,Thursday,False,0,0,0,0,0,0,0,0,0.0,0.0,0.0,0.0,0.0,0.0,0.0,0.0,0,False,,0.002468599033816427,0.4570048309178749,0.05792270531400965,0.0163478260869565,68.5885167464115,45.41104294478528
20160602_GN,26.736363636,19.586363635999998,56.240909091000006,26.122727273000002,52.23636363600001,21.304545455,30.290909091,58.622727273,22.854545455,31.013636364,60.240909091000006,22.477272727,26.127272726999998,76.231818182,20.195454545,26.459090909,68.58181818199999,20.972727273,28.695454545,56.759090908999994,22.963636364,27.931818181999997,66.518181818,21.395454545,78,2016-06-02,GN,6,3,2,Thursday,False,0,0,0,0,0,0,0,0,0.0,0.0,0.0,0.0,0.0,0.0,0.0,0.0,0,False,,0.0039055555555555376,0.3629981024667953,0.038683918669131234,0.014997785977859732,30.688766114180478,15.076628352490422
20160602_GW,26.8,19.561111111,51.166666667,26.033333333,53.772222221999996,19.861111111,27.616666666999997,58.333333333,20.994444444000003,27.122222221999998,64.261111111,19.977777778,27.066666667,61.711111111,20.3,28.833333333000002,54.761111111000005,21.444444444000002,26.038888889000003,63.872222222,19.888888889,23.7,70.133333333,19.705555556,39,2016-06-02,GW,6,3,2,Thursday,False,0,0,0,0,0,0,0,0,0.0,0.0,0.0,0.0,0.0,0.0,0.0,0.0,0,False,,0.002017721518987344,0.30126582278481,0.03972573839662445,0.013607594936708848,25.317796610169488,13.078014184397164
20160602_IC,25.49,21.58,66.42,27.57,64.65,22.35,23.08,91.33,19.34,24.68,83.85,20.42,24.44,84.47,19.55,23.8,79.01,19.16,24.45,87.64,19.45,20.11,95.39,17.88,58,2016-06-02,IC,6,3,2,Thursday,False,0,0,0,0,0,0,0,0,0.0,0.0,0.0,0.0,0.0,0.0,0.0,0.0,0,False,,0.005982024793388403,0.4252049180327876,0.04585450819672128,0.025513934426229488,50.918200408997954,23.89320388349515
20160602_JB,27.586666667,20.733333333,67.82,27.526666666999997,68.34,21.353333333,26.853333333000002,67.226666667,20.546666667,27.513333333000002,70.313333333,20.193333332999998,25.24,72.21333333300001,19.173333333,26.32,62.546666667,20.046666667,28.806666667,62.013333333,22.006666666999998,26.1,71.66,20.233333333,100,2016-06-02,JB,6,3,2,Thursday,False,0,0,0,0,0,0,0,0,0.0,0.0,0.0,0.0,0.0,0.0,0.0,0.0,0,False,,0.004511614730878175,0.4111405835543771,0.06009090909090909,0.014012732095490685,71.3607427055703,49.29130434782609
20160602_JJ,24.25,20.7,55.75,22.75,68.85,20.4,25.1,58.7,21.15,25.55,69.55,21.0,19.25,94.15,17.6,22.4,85.45,18.65,22.6,86.1,19.15,23.4,72.5,20.4,19,2016-06-02,JJ,6,3,2,Thursday,False,0,0,0,0,0,0,0,0,0.0,0.0,0.0,0.0,0.0,0.0,0.0,0.0,0,False,,0.0034150537634408647,0.23804347826086936,0.04248314606741572,0.008686021505376347,31.431818181818183,11.230769230769232
20160602_JN,25.940909090999998,20.513636364,69.495454545,26.845454545,66.604545455,21.768181818000002,27.05,66.0,21.413636364000002,28.827272726999997,67.68636363600001,21.736363636,25.281818182,77.381818182,19.890909090999997,24.75,77.2,20.168181818,27.613636364,71.904545455,22.018181818000002,26.809090909000002,73.577272727,21.054545455,68,2016-06-02,JN,6,3,2,Thursday,False,0,0,0,0,0,0,0,0,0.0,0.0,0.0,0.0,0.0,0.0,0.0,0.0,0,False,,0.006543501326259923,0.3801061007957571,0.043771276595744674,0.015239257294429669,35.412234042553195,22.239436619718308
20160602_SU,29.1,23.2,38.3,29.9,45.8,23.3,27.6,63.6,21.6,28.9,57.3,22.1,27.6,56.1,21.5,28.0,56.1,21.7,27.1,61.3,20.9,22.9,72.0,19.4,260,2016-06-02,SU,6,3,2,Thursday,False,0,0,0,0,0,0,0,0,0.0,0.0,0.0,0.0,0.0,0.0,0.0,0.0,0,False,,0.004618421052631552,0.4188803512623484,0.033918859649122765,0.039207236842105225,38.094594594594604,17.611965811965813
20160602_US,23.8,18.7,65.9,21.6,63.5,19.1,30.3,54.3,24.0,26.8,72.5,21.4,26.7,65.8,21.1,26.8,62.9,21.9,25.4,57.1,22.3,27.6,63.9,22.2,12,2016-06-02,US,6,3,2,Thursday,False,0,0,0,0,0,0,0,0,0.0,0.0,0.0,0.0,0.0,0.0,0.0,0.0,0,False,,0.006349431818181781,0.3108262108262105,0.036191428571428534,0.019133522727272704,26.369318181818183,11.333333333333336
20160603_BS,25.7,21.1,49.4,24.0,60.5,19.8,23.6,53.5,20.7,30.5,55.1,23.8,26.6,62.3,22.4,25.4,75.4,20.0,24.1,65.5,21.0,26.7,52.6,23.0,87,2016-06-03,BS,6,4,3,Friday,False,0,0,0,0,0,0,0,0,0.0,0.0,0.0,0.0,0.0,0.0,0.0,0.0,0,False,,0.005829039812646337,0.3941588785046745,0.04078757515030056,0.030444889779559118,38.844621513944226,23.5765407554672
20160603_CB,28.726666666999996,21.78,53.206666667,28.846666666999997,44.273333333000004,21.5,27.686666666999997,49.233333333000004,21.88,28.313333333000003,58.246666667,21.78,28.893333333,55.246666667,21.426666667,26.6,54.82,20.313333333,27.966666667,52.773333333000004,21.22,28.686666666999997,54.293333333,21.766666667,26,2016-06-03,CB,6,4,3,Friday,False,0,0,0,0,0,0,0,0,0.0,0.0,0.0,0.0,0.0,0.0,0.0,0.0,0,False,,0.0035469696969697,0.32651515151515065,0.05104545454545452,0.01626553030303028,50.71863117870723,29.175
20160603_CN,28.01875,21.31875,67.7,27.38125,71.0125,20.8625,28.04375,68.4125,21.6,26.25,76.68125,20.36875,27.96875,72.8625,20.4,26.1125,70.45625,19.7,26.3375,68.175,20.04375,27.9875,69.21875,20.85,56,2016-06-03,CN,6,4,3,Friday,False,0,0,0,0,0,0,0,0,0.0,0.0,0.0,0.0,0.0,0.0,0.0,0.0,0,False,,0.004588235294117649,0.34159663865546164,0.0515504201680672,0.017319747899159646,43.941176470588225,23.11111111111111
20160603_DG,31.2,23.9,44.8,28.0,54.8,20.8,25.1,52.0,20.6,30.8,47.1,25.2,32.3,52.9,24.6,28.6,57.8,22.8,29.2,50.6,23.5,29.1,54.6,24.3,70,2016-06-03,DG,6,4,3,Friday,False,0,0,0,0,0,0,0,0,0.0,0.0,0.0,0.0,0.0,0.0,0.0,0.0,0,False,,0.0029683098591549322,0.2873684210526313,0.04871328671328666,0.018849122807017515,40.745583038869256,23.328125
20160603_DJ,29.0,22.7,60.1,29.3,51.1,22.5,28.4,59.1,22.9,27.9,64.9,22.0,29.4,66.0,22.0,26.9,60.8,21.1,28.0,57.5,22.0,29.1,58.4,22.9,26,2016-06-03,DJ,6,4,3,Friday,False,0,0,0,0,0,0,0,0,0.0,0.0,0.0,0.0,0.0,0.0,0.0,0.0,0,False,,0.003012500000000002,0.3699999999999996,0.06055833333333329,0.017729166666666633,47.39565217391304,25.902777777777782
20160603_GB,29.716666667,21.975,50.833333333,26.875,53.433333333,19.258333333,25.1,53.070833333,19.75,30.025,53.066666667,22.833333333000002,28.016666667,60.416666667,21.4625,27.6,61.220833333,20.783333332999998,28.783333333,54.375,21.804166666999997,27.3125,57.129166667,21.904166667,71,2016-06-03,GB,6,4,3,Friday,False,0,0,0,0,0,0,0,0,0.0,0.0,0.0,0.0,0.0,0.0,0.0,0.0,0,False,,0.003801302083333324,0.3874999999999991,0.056942129629629586,0.013333823529411749,33.98126463700234,18.98882681564245
20160603_GG,27.816666667,21.714285714000003,55.688095238,28.788095238,47.504761905,22.416666666999998,29.20952381,54.285714286,22.602380951999997,27.321428571,71.48095238100001,20.938095238,28.523809524,64.25952381,21.39047619,27.126190475999998,62.530952381000006,20.642857143,27.471428571,63.378571429,20.769047619000002,27.254761905,66.714285714,20.707142857,190,2016-06-03,GG,6,4,3,Friday,False,0,0,0,0,0,0,0,0,0.0,0.0,0.0,0.0,0.0,0.0,0.0,0.0,0,False,,0.005235820895522351,0.41782071926998704,0.04271239669421495,0.030060247444862905,47.80138814735718,23.90316901408451
20160603_GJ,28.6,22.7,61.8,28.4,70.8,22.0,28.8,66.6,22.5,28.6,60.8,22.1,29.9,61.9,22.3,26.7,69.4,20.7,26.9,65.1,21.5,29.6,63.5,23.3,40,2016-06-03,GJ,6,4,3,Friday,False,0,0,0,0,0,0,0,0,0.0,0.0,0.0,0.0,0.0,0.0,0.0,0.0,0,False,,0.002350710900473936,0.4388625592417064,0.05278199052132701,0.019194312796208517,58.43661971830986,37.290909090909096
20160603_GN,28.204545455,21.313636364,55.731818182,26.736363636,56.240909091000006,19.586363635999998,26.122727273000002,52.23636363600001,21.304545455,30.290909091,58.622727273,22.854545455,31.013636364,60.240909091000006,22.477272727,26.127272726999998,76.231818182,20.195454545,26.459090909,68.58181818199999,20.972727273,28.695454545,56.759090908999994,22.963636364,62,2016-06-03,GN,6,4,3,Friday,False,0,0,0,0,0,0,0,0,0.0,0.0,0.0,0.0,0.0,0.0,0.0,0.0,0,False,,0.0045460820895522145,0.4165441176470606,0.04477205882352938,0.019153492647058797,41.688766114180474,23.26254826254826
20160603_GW,28.383333333000003,21.994444444000003,51.105555556000006,26.8,51.166666667,19.561111111,26.033333333,53.772222221999996,19.861111111,27.616666666999997,58.333333333,20.994444444000003,27.122222221999998,64.261111111,19.977777778,27.066666667,61.711111111,20.3,28.833333333000002,54.761111111000005,21.444444444000002,26.038888889000003,63.872222222,19.888888889,42,2016-06-03,GW,6,4,3,Friday,False,0,0,0,0,0,0,0,0,0.0,0.0,0.0,0.0,0.0,0.0,0.0,0.0,0,False,,0.00260913043478261,0.3574561403508771,0.056873913043478275,0.015953043478260855,43.93913043478261,24.875
20160603_IC,24.44,20.21,70.86,25.49,66.42,21.58,27.57,64.65,22.35,23.08,91.33,19.34,24.68,83.85,20.42,24.44,84.47,19.55,23.8,79.01,19.16,24.45,87.64,19.45,49,2016-06-03,IC,6,4,3,Friday,False,0,0,0,0,0,0,0,0,0.0,0.0,0.0,0.0,0.0,0.0,0.0,0.0,0,False,,0.006176844262295061,0.36659836065573737,0.0438668032786885,0.02254159836065572,40.44123711340206,18.62745098039216
20160603_JB,28.433333333,21.786666667,62.186666667,27.586666667,67.82,20.733333333,27.526666666999997,68.34,21.353333333,26.853333333000002,67.226666667,20.546666667,27.513333333000002,70.313333333,20.193333332999998,25.24,72.21333333300001,19.173333333,26.32,62.546666667,20.046666667,28.806666667,62.013333333,22.006666666999998,69,2016-06-03,JB,6,4,3,Friday,False,0,0,0,0,0,0,0,0,0.0,0.0,0.0,0.0,0.0,0.0,0.0,0.0,0,False,,0.004142618384401098,0.3832898172323766,0.0596901408450704,0.015317754569190566,66.77604166666667,39.5375
20160603_JJ,26.75,22.5,58.25,24.25,55.75,20.7,22.75,68.85,20.4,25.1,58.7,21.15,25.55,69.55,21.0,19.25,94.15,17.6,22.4,85.45,18.65,22.6,86.1,19.15,20,2016-06-03,JJ,6,4,3,Friday,False,0,0,0,0,0,0,0,0,0.0,0.0,0.0,0.0,0.0,0.0,0.0,0.0,0,False,,0.0032221052631578964,0.251063829787234,0.044052631578947364,0.010203157894736848,31.842105263157894,13.26315789473684
20160603_JN,26.8,21.204545455,65.654545455,25.940909090999998,69.495454545,20.513636364,26.845454545,66.604545455,21.768181818000002,27.05,66.0,21.413636364000002,28.827272726999997,67.68636363600001,21.736363636,25.281818182,77.381818182,19.890909090999997,24.75,77.2,20.168181818,27.613636364,71.904545455,22.018181818000002,70,2016-06-03,JN,6,4,3,Friday,False,0,0,0,0,0,0,0,0,0.0,0.0,0.0,0.0,0.0,0.0,0.0,0.0,0,False,,0.007406382978723368,0.4384615384615401,0.04874666666666667,0.018196551724137925,40.572178477690294,29.58767772511848
20160603_SU,27.7,22.2,48.1,29.1,38.3,23.2,29.9,45.8,23.3,27.6,63.6,21.6,28.9,57.3,22.1,27.6,56.1,21.5,28.0,56.1,21.7,27.1,61.3,20.9,219,2016-06-03,SU,6,4,3,Friday,False,0,0,0,0,0,0,0,0,0.0,0.0,0.0,0.0,0.0,0.0,0.0,0.0,0,False,,0.0055964912280701065,0.4592755214050476,0.03653289473684206,0.043433114035087685,47.510022271714924,24.405042016806718
20160603_US,28.2,22.3,51.4,23.8,65.9,18.7,21.6,63.5,19.1,30.3,54.3,24.0,26.8,72.5,21.4,26.7,65.8,21.1,26.8,62.9,21.9,25.4,57.1,22.3,10,2016-06-03,US,6,4,3,Friday,False,0,0,0,0,0,0,0,0,0.0,0.0,0.0,0.0,0.0,0.0,0.0,0.0,0,False,,0.009435754189944105,0.4391061452513981,0.0436899441340782,0.030717877094972045,43.89173789173789,23.384615384615387
20160604_BS,23.8,19.7,78.8,25.7,49.4,21.1,24.0,60.5,19.8,23.6,53.5,20.7,30.5,55.1,23.8,26.6,62.3,22.4,25.4,75.4,20.0,24.1,65.5,21.0,14,2016-06-04,BS,6,5,4,Saturday,False,0,0,0,0,0,0,0,0,0.0,0.0,0.0,0.0,0.0,0.0,0.0,0.0,0,True,,0.006666666666666639,0.35115740740740736,0.037999999999999964,0.02462301587301586,36.55666003976143,24.08531746031746
20160604_CB,23.113333333000003,19.706666667,62.273333333000004,28.726666666999996,53.206666667,21.78,28.846666666999997,44.273333333000004,21.5,27.686666666999997,49.233333333000004,21.88,28.313333333000003,58.246666667,21.78,28.893333333,55.246666667,21.426666667,26.6,54.82,20.313333333,27.966666667,52.773333333000004,21.22,8,2016-06-04,CB,6,5,4,Saturday,False,0,0,0,0,0,0,0,0,0.0,0.0,0.0,0.0,0.0,0.0,0.0,0.0,0,True,,0.003806818181818184,0.4049242424242431,0.03367424242424235,0.025563257575757545,62.58712121212121,39.42677824267783
20160604_CN,21.58125,19.05625,79.50625,28.01875,67.7,21.31875,27.38125,71.0125,20.8625,28.04375,68.4125,21.6,26.25,76.68125,20.36875,27.96875,72.8625,20.4,26.1125,70.45625,19.7,26.3375,68.175,20.04375,18,2016-06-04,CN,6,5,4,Saturday,False,0,0,0,0,0,0,0,0,0.0,0.0,0.0,0.0,0.0,0.0,0.0,0.0,0,True,,0.004996249999999996,0.44791666666666696,0.03580833333333333,0.022734166666666642,51.719665271966534,28.902777777777782
20160604_DG,23.0,20.5,71.0,31.2,44.8,23.9,28.0,54.8,20.8,25.1,52.0,20.6,30.8,47.1,25.2,32.3,52.9,24.6,28.6,57.8,22.8,29.2,50.6,23.5,16,2016-06-04,DG,6,5,4,Saturday,False,0,0,0,0,0,0,0,0,0.0,0.0,0.0,0.0,0.0,0.0,0.0,0.0,0,True,,0.004607638888888882,0.3937500000000003,0.027920138888888883,0.02437499999999998,45.98576512455516,29.201058201058203
20160604_DJ,22.0,19.9,77.0,29.0,60.1,22.7,29.3,51.1,22.5,28.4,59.1,22.9,27.9,64.9,22.0,29.4,66.0,22.0,26.9,60.8,21.1,28.0,57.5,22.0,5,2016-06-04,DJ,6,5,4,Saturday,False,0,0,0,0,0,0,0,0,0.0,0.0,0.0,0.0,0.0,0.0,0.0,0.0,0,True,,0.0031673640167364037,0.4566666666666671,0.0250333333333333,0.03082916666666665,58.38766519823788,32.40277777777778
20160604_GB,23.608333333,20.158333332999998,65.3375,29.716666667,50.833333333,21.975,26.875,53.433333333,19.258333333,25.1,53.070833333,19.75,30.025,53.066666667,22.833333333000002,28.016666667,60.416666667,21.4625,27.6,61.220833333,20.783333332999998,28.783333333,54.375,21.804166666999997,24,2016-06-04,GB,6,5,4,Saturday,False,0,0,0,0,0,0,0,0,0.0,0.0,0.0,0.0,0.0,0.0,0.0,0.0,0,True,,0.0042480417754569,0.4442708333333331,0.04248379629629631,0.015274754901960752,37.58139534883721,22.43016759776536
20160604_GG,24.928571429,20.521428570999998,60.611904761999995,27.816666667,55.688095238,21.714285714000003,28.788095238,47.504761905,22.416666666999998,29.20952381,54.285714286,22.602380951999997,27.321428571,71.48095238100001,20.938095238,28.523809524,64.25952381,21.39047619,27.126190475999998,62.530952381000006,20.642857143,27.471428571,63.378571429,20.769047619000002,60,2016-06-04,GG,6,5,4,Saturday,False,0,0,0,0,0,0,0,0,0.0,0.0,0.0,0.0,0.0,0.0,0.0,0.0,0,True,,0.005027397260273912,0.477066666666663,0.02763163656267101,0.037336106666666695,55.84635832004253,27.718260869565214
20160604_GJ,22.2,18.4,86.8,28.6,61.8,22.7,28.4,70.8,22.0,28.8,66.6,22.5,28.6,60.8,22.1,29.9,61.9,22.3,26.7,69.4,20.7,26.9,65.1,21.5,11,2016-06-04,GJ,6,5,4,Saturday,False,0,0,0,0,0,0,0,0,0.0,0.0,0.0,0.0,0.0,0.0,0.0,0.0,0,True,,0.0024120370370370385,0.3662037037037036,0.03525925925925925,0.017652777777777746,29.43518518518519,19.321428571428573
20160604_GN,22.659090909,18.504545455,81.55909090899999,28.204545455,55.731818182,21.313636364,26.736363636,56.240909091000006,19.586363635999998,26.122727273000002,52.23636363600001,21.304545455,30.290909091,58.622727273,22.854545455,31.013636364,60.240909091000006,22.477272727,26.127272726999998,76.231818182,20.195454545,26.459090909,68.58181818199999,20.972727273,28,2016-06-04,GN,6,5,4,Saturday,False,0,0,0,0,0,0,0,0,0.0,0.0,0.0,0.0,0.0,0.0,0.0,0.0,0,True,,0.004356628787878765,0.3980072463768134,0.0332119565217391,0.017139522058823485,40.54528985507246,25.23106060606061
20160604_GW,25.166666666999998,20.038888889000003,57.777777778,28.383333333000003,51.105555556000006,21.994444444000003,26.8,51.166666667,19.561111111,26.033333333,53.772222221999996,19.861111111,27.616666666999997,58.333333333,20.994444444000003,27.122222221999998,64.261111111,19.977777778,27.066666667,61.711111111,20.3,28.833333333000002,54.761111111000005,21.444444444000002,2,2016-06-04,GW,6,5,4,Saturday,False,0,0,0,0,0,0,0,0,0.0,0.0,0.0,0.0,0.0,0.0,0.0,0.0,0,True,,0.002256410256410258,0.3683760683760681,0.05162820512820511,0.01623589743589741,42.10344827586207,28.622222222222227
20160604_IC,23.66,20.15,81.37,24.44,70.86,20.21,25.49,66.42,21.58,27.57,64.65,22.35,23.08,91.33,19.34,24.68,83.85,20.42,24.44,84.47,19.55,23.8,79.01,19.16,17,2016-06-04,IC,6,5,4,Saturday,False,0,0,0,0,0,0,0,0,0.0,0.0,0.0,0.0,0.0,0.0,0.0,0.0,0,True,,0.005857539682539654,0.4138888888888894,0.03411309523809521,0.02546289682539678,50.16666666666666,22.372990353697748
20160604_JB,21.226666667,18.653333333,80.2,28.433333333,62.186666667,21.786666667,27.586666667,67.82,20.733333333,27.526666666999997,68.34,21.353333333,26.853333333000002,67.226666667,20.546666667,27.513333333000002,70.313333333,20.193333332999998,25.24,72.21333333300001,19.173333333,26.32,62.546666667,20.046666667,37,2016-06-04,JB,6,5,4,Saturday,False,0,0,0,0,0,0,0,0,0.0,0.0,0.0,0.0,0.0,0.0,0.0,0.0,0,True,,0.003866944444444432,0.3541666666666668,0.03724999999999993,0.016782031249999968,50.23177083333334,32.97787610619469
20160604_JJ,22.75,18.15,88.55,26.75,58.25,22.5,24.25,55.75,20.7,22.75,68.85,20.4,25.1,58.7,21.15,25.55,69.55,21.0,19.25,94.15,17.6,22.4,85.45,18.65,4,2016-06-04,JJ,6,5,4,Saturday,False,0,0,0,0,0,0,0,0,0.0,0.0,0.0,0.0,0.0,0.0,0.0,0.0,0,True,,0.0027505263157894767,0.2457446808510637,0.04630526315789472,0.005489473684210529,20.33333333333333,8.877777777777778
20160604_JN,21.063636364,18.272727273,89.06363636399999,26.8,65.654545455,21.204545455,25.940909090999998,69.495454545,20.513636364,26.845454545,66.604545455,21.768181818000002,27.05,66.0,21.413636364000002,28.827272726999997,67.68636363600001,21.736363636,25.281818182,77.381818182,19.890909090999997,24.75,77.2,20.168181818,24,2016-06-04,JN,6,5,4,Saturday,False,0,0,0,0,0,0,0,0,0.0,0.0,0.0,0.0,0.0,0.0,0.0,0.0,0,True,,0.00577127937336814,0.39583333333333454,0.034059895833333305,0.015388802083333309,28.214285714285715,21.96190476190476
20160604_SU,26.3,21.2,51.8,27.7,48.1,22.2,29.1,38.3,23.2,29.9,45.8,23.3,27.6,63.6,21.6,28.9,57.3,22.1,27.6,56.1,21.5,28.0,56.1,21.7,47,2016-06-04,SU,6,5,4,Saturday,False,0,0,0,0,0,0,0,0,0.0,0.0,0.0,0.0,0.0,0.0,0.0,0.0,0,True,,0.004762820512820465,0.5039529914529897,0.029085470085470067,0.04373611111111109,54.03913043478261,27.305
20160604_US,23.9,19.4,79.9,28.2,51.4,22.3,23.8,65.9,18.7,21.6,63.5,19.1,30.3,54.3,24.0,26.8,72.5,21.4,26.7,65.8,21.1,26.8,62.9,21.9,4,2016-06-04,US,6,5,4,Saturday,False,0,0,0,0,0,0,0,0,0.0,0.0,0.0,0.0,0.0,0.0,0.0,0.0,0,True,,0.008174999999999972,0.4133333333333349,0.032747222222222205,0.0274583333333333,40.14444444444445,23.514084507042252
20160605_BS,25.1,20.6,73.3,23.8,78.8,19.7,25.7,49.4,21.1,24.0,60.5,19.8,23.6,53.5,20.7,30.5,55.1,23.8,26.6,62.3,22.4,25.4,75.4,20.0,1,2016-06-05,BS,6,6,5,Sunday,False,0,0,0,0,0,0,0,0,0.0,0.0,0.0,0.0,0.0,0.0,0.0,0.0,0,True,,0.0040879629629629426,0.2967592592592589,0.05475498007968119,0.009908730158730143,21.530815109343933,12.677290836653386
20160605_CB,30.146666666999998,22.393333333,51.506666667,23.113333333000003,62.273333333000004,19.706666667,28.726666666999996,53.206666667,21.78,28.846666666999997,44.273333333000004,21.5,27.686666666999997,49.233333333000004,21.88,28.313333333000003,58.246666667,21.78,28.893333333,55.246666667,21.426666667,26.6,54.82,20.313333333,0,2016-06-05,CB,6,6,5,Sunday,False,0,0,0,0,0,0,0,0,0.0,0.0,0.0,0.0,0.0,0.0,0.0,0.0,0,True,,0.0034412878787878818,0.3450757575757582,0.040613636363636366,0.013170833333333307,50.29545454545455,34.00418410041841
20160605_CN,29.675,22.075,66.7,21.58125,79.50625,19.05625,28.01875,67.7,21.31875,27.38125,71.0125,20.8625,28.04375,68.4125,21.6,26.25,76.68125,20.36875,27.96875,72.8625,20.4,26.1125,70.45625,19.7,0,2016-06-05,CN,6,6,5,Sunday,False,0,0,0,0,0,0,0,0,0.0,0.0,0.0,0.0,0.0,0.0,0.0,0.0,0,True,,0.0054595833333333284,0.4149999999999997,0.051262499999999975,0.01692041666666664,50.13389121338912,28.44927536231884
20160605_DG,25.6,20.8,67.8,23.0,71.0,20.5,31.2,44.8,23.9,28.0,54.8,20.8,25.1,52.0,20.6,30.8,47.1,25.2,32.3,52.9,24.6,28.6,57.8,22.8,1,2016-06-05,DG,6,6,5,Sunday,False,0,0,0,0,0,0,0,0,0.0,0.0,0.0,0.0,0.0,0.0,0.0,0.0,0,True,,0.00227777777777778,0.2718750000000005,0.04331250000000002,0.0078090277777777516,26.05944055944056,15.362162162162162
20160605_DJ,30.3,22.9,59.3,22.0,77.0,19.9,29.0,60.1,22.7,29.3,51.1,22.5,28.4,59.1,22.9,27.9,64.9,22.0,29.4,66.0,22.0,26.9,60.8,21.1,0,2016-06-05,DJ,6,6,5,Sunday,False,0,0,0,0,0,0,0,0,0.0,0.0,0.0,0.0,0.0,0.0,0.0,0.0,0,True,,0.002562500000000002,0.3491666666666665,0.040637499999999965,0.016033333333333306,37.84722222222222,25.055555555555557
20160605_GB,26.304166666999997,20.1,65.458333333,23.608333333,65.3375,20.158333332999998,29.716666667,50.833333333,21.975,26.875,53.433333333,19.258333333,25.1,53.070833333,19.75,30.025,53.066666667,22.833333333000002,28.016666667,60.416666667,21.4625,27.6,61.220833333,20.783333332999998,2,2016-06-05,GB,6,6,5,Sunday,False,0,0,0,0,0,0,0,0,0.0,0.0,0.0,0.0,0.0,0.0,0.0,0.0,0,True,,0.005402349869451682,0.4033854166666659,0.04462731481481483,0.009491625615763534,28.388372093023253,15.25766871165644
20160605_GG,31.133333333000003,23.730952380999998,55.019047619,24.928571429,60.611904761999995,20.521428570999998,27.816666667,55.688095238,21.714285714000003,28.788095238,47.504761905,22.416666666999998,29.20952381,54.285714286,22.602380951999997,27.321428571,71.48095238100001,20.938095238,28.523809524,64.25952381,21.39047619,27.126190475999998,62.530952381000006,20.642857143,2,2016-06-05,GG,6,6,5,Sunday,False,0,0,0,0,0,0,0,0,0.0,0.0,0.0,0.0,0.0,0.0,0.0,0.0,0,True,,0.00409671361502341,0.4589012150026358,0.04585434782608701,0.02524164037854897,52.3643006263048,27.346289752650176
20160605_GJ,26.2,21.0,75.5,22.2,86.8,18.4,28.6,61.8,22.7,28.4,70.8,22.0,28.8,66.6,22.5,28.6,60.8,22.1,29.9,61.9,22.3,26.7,69.4,20.7,1,2016-06-05,GJ,6,6,5,Sunday,False,0,0,0,0,0,0,0,0,0.0,0.0,0.0,0.0,0.0,0.0,0.0,0.0,0,True,,0.0020509259259259274,0.373148148148148,0.032185185185185136,0.014430555555555532,28.402777777777782,18.922619047619047
20160605_GN,26.922727273000003,21.172727273,65.977272727,22.659090909,81.55909090899999,18.504545455,28.204545455,55.731818182,21.313636364,26.736363636,56.240909091000006,19.586363635999998,26.122727273000002,52.23636363600001,21.304545455,30.290909091,58.622727273,22.854545455,31.013636364,60.240909091000006,22.477272727,26.127272726999998,76.231818182,20.195454545,3,2016-06-05,GN,6,6,5,Sunday,False,0,0,0,0,0,0,0,0,0.0,0.0,0.0,0.0,0.0,0.0,0.0,0.0,0,True,,0.002534280303030292,0.3092391304347827,0.04555253623188399,0.005817077798861455,23.90710382513661,13.551330798479087
20160605_GW,27.0,20.305555555999998,62.783333333,25.166666666999998,57.777777778,20.038888889000003,28.383333333000003,51.105555556000006,21.994444444000003,26.8,51.166666667,19.561111111,26.033333333,53.772222221999996,19.861111111,27.616666666999997,58.333333333,20.994444444000003,27.122222221999998,64.261111111,19.977777778,27.066666667,61.711111111,20.3,1,2016-06-05,GW,6,6,5,Sunday,False,0,0,0,0,0,0,0,0,0.0,0.0,0.0,0.0,0.0,0.0,0.0,0.0,0,True,,0.0018500000000000016,0.3258333333333334,0.049416666666666685,0.009469999999999982,37.99166666666667,25.85416666666667
20160605_IC,28.75,22.99,66.96,23.66,81.37,20.15,24.44,70.86,20.21,25.49,66.42,21.58,27.57,64.65,22.35,23.08,91.33,19.34,24.68,83.85,20.42,24.44,84.47,19.55,2,2016-06-05,IC,6,6,5,Sunday,False,0,0,0,0,0,0,0,0,0.0,0.0,0.0,0.0,0.0,0.0,0.0,0.0,0,True,,0.005282071713147379,0.4279761904761916,0.04890079365079367,0.01981567460317461,53.71769383697813,24.177419354838708
20160605_JB,28.866666666999997,21.02,67.086666667,21.226666667,80.2,18.653333333,28.433333333,62.186666667,21.786666667,27.586666667,67.82,20.733333333,27.526666666999997,68.34,21.353333333,26.853333333000002,67.226666667,20.546666667,27.513333333000002,70.313333333,20.193333332999998,25.24,72.21333333300001,19.173333333,0,2016-06-05,JB,6,6,5,Sunday,False,0,0,0,0,0,0,0,0,0.0,0.0,0.0,0.0,0.0,0.0,0.0,0.0,0,True,,0.004230277777777764,0.3783854166666668,0.04883055555555554,0.013494791666666641,54.7037037037037,40.81372549019608
20160605_JJ,22.5,19.9,82.45,22.75,88.55,18.15,26.75,58.25,22.5,24.25,55.75,20.7,22.75,68.85,20.4,25.1,58.7,21.15,25.55,69.55,21.0,19.25,94.15,17.6,0,2016-06-05,JJ,6,6,5,Sunday,False,0,0,0,0,0,0,0,0,0.0,0.0,0.0,0.0,0.0,0.0,0.0,0.0,0,True,,0.0032875000000000014,0.2642105263157894,0.046322916666666665,0.00581041666666667,25.02127659574468,13.35483870967742
20160605_JN,24.881818181999996,20.631818182,75.772727273,21.063636364,89.06363636399999,18.272727273,26.8,65.654545455,21.204545455,25.940909090999998,69.495454545,20.513636364,26.845454545,66.604545455,21.768181818000002,27.05,66.0,21.413636364000002,28.827272726999997,67.68636363600001,21.736363636,25.281818182,77.381818182,19.890909090999997,2,2016-06-05,JN,6,6,5,Sunday,False,0,0,0,0,0,0,0,0,0.0,0.0,0.0,0.0,0.0,0.0,0.0,0.0,0,True,,0.004538802083333321,0.3440104166666666,0.041591145833333294,0.011395312499999977,23.195710455764075,16.730392156862745
20160605_SU,32.2,24.7,47.3,26.3,51.8,21.2,27.7,48.1,22.2,29.1,38.3,23.2,29.9,45.8,23.3,27.6,63.6,21.6,28.9,57.3,22.1,27.6,56.1,21.5,5,2016-06-05,SU,6,6,5,Sunday,False,0,0,0,0,0,0,0,0,0.0,0.0,0.0,0.0,0.0,0.0,0.0,0.0,0,True,,0.0046047008547008186,0.4913461538461536,0.04087179487179488,0.035863247863247856,52.47413793103448,28.277591973244142
20160605_US,22.7,19.5,83.1,23.9,79.9,19.4,28.2,51.4,22.3,23.8,65.9,18.7,21.6,63.5,19.1,30.3,54.3,24.0,26.8,72.5,21.4,26.7,65.8,21.1,0,2016-06-05,US,6,6,5,Sunday,False,0,0,0,0,0,0,0,0,0.0,0.0,0.0,0.0,0.0,0.0,0.0,0.0,0,True,,0.005594444444444435,0.2808333333333329,0.05304166666666661,0.009661111111111086,20.651810584958216,9.661870503597124
20160606_BS,20.4,19.3,85.9,25.1,73.3,20.6,23.8,78.8,19.7,25.7,49.4,21.1,24.0,60.5,19.8,23.6,53.5,20.7,30.5,55.1,23.8,26.6,62.3,22.4,11,2016-06-06,BS,6,0,6,Monday,True,0,0,0,0,0,0,0,0,0.0,0.0,0.0,0.0,0.0,0.0,0.0,0.0,0,False,,0.00408816705336425,0.34166666666666673,0.04323658051689857,0.014520874751491022,31.521825396825395,21.52882703777336
20160606_CB,22.726666666999996,19.56,67.406666667,30.146666666999998,51.506666667,22.393333333,23.113333333000003,62.273333333000004,19.706666667,28.726666666999996,53.206666667,21.78,28.846666666999997,44.273333333000004,21.5,27.686666666999997,49.233333333000004,21.88,28.313333333000003,58.246666667,21.78,28.893333333,55.246666667,21.426666667,2,2016-06-06,CB,6,0,6,Monday,True,0,0,0,0,0,0,0,0,0.0,0.0,0.0,0.0,0.0,0.0,0.0,0.0,0,False,,0.002819696969696972,0.2340909090909095,0.039159090909090886,0.008564015151515128,16.73764258555133,8.75
20160606_CN,24.1375,20.15625,78.06875,29.675,66.7,22.075,21.58125,79.50625,19.05625,28.01875,67.7,21.31875,27.38125,71.0125,20.8625,28.04375,68.4125,21.6,26.25,76.68125,20.36875,27.96875,72.8625,20.4,7,2016-06-06,CN,6,0,6,Monday,True,0,0,0,0,0,0,0,0,0.0,0.0,0.0,0.0,0.0,0.0,0.0,0.0,0,False,,0.003048458149779737,0.33259911894273136,0.050101321585903066,0.011212334801762095,33.224669603524234,17.56338028169014
20160606_DG,19.3,18.4,87.4,25.6,67.8,20.8,23.0,71.0,20.5,31.2,44.8,23.9,28.0,54.8,20.8,25.1,52.0,20.6,30.8,47.1,25.2,32.3,52.9,24.6,6,2016-06-06,DG,6,0,6,Monday,True,0,0,0,0,0,0,0,0,0.0,0.0,0.0,0.0,0.0,0.0,0.0,0.0,0,False,,0.0019895833333333345,0.27534722222222224,0.03784375000000001,0.00951388888888886,27.12676056338028,16.6524064171123
20160606_DJ,24.5,20.8,73.8,30.3,59.3,22.9,22.0,77.0,19.9,29.0,60.1,22.7,29.3,51.1,22.5,28.4,59.1,22.9,27.9,64.9,22.0,29.4,66.0,22.0,0,2016-06-06,DJ,6,0,6,Monday,True,0,0,0,0,0,0,0,0,0.0,0.0,0.0,0.0,0.0,0.0,0.0,0.0,0,False,,0.0016958333333333346,0.2879166666666663,0.04770416666666664,0.010033333333333314,15.390697674418604,10.638888888888891
20160606_GB,20.841666667000002,18.170833333,82.56666666699999,26.304166666999997,65.458333333,20.1,23.608333333,65.3375,20.158333332999998,29.716666667,50.833333333,21.975,26.875,53.433333333,19.258333333,25.1,53.070833333,19.75,30.025,53.066666667,22.833333333000002,28.016666667,60.416666667,21.4625,13,2016-06-06,GB,6,0,6,Monday,True,0,0,0,0,0,0,0,0,0.0,0.0,0.0,0.0,0.0,0.0,0.0,0.0,0,False,,0.005084073107049596,0.3825520833333329,0.03827272727272725,0.009556790123456772,23.986078886310906,12.169590643274852
20160606_GG,26.74047619,22.266666667,57.545238095,31.133333333000003,55.019047619,23.730952380999998,24.928571429,60.611904761999995,20.521428570999998,27.816666667,55.688095238,21.714285714000003,28.788095238,47.504761905,22.416666666999998,29.20952381,54.285714286,22.602380951999997,27.321428571,71.48095238100001,20.938095238,28.523809524,64.25952381,21.39047619,17,2016-06-06,GG,6,0,6,Monday,True,0,0,0,0,0,0,0,0,0.0,0.0,0.0,0.0,0.0,0.0,0.0,0.0,0,False,,0.003297685185185134,0.3477580813347215,0.04266702298236242,0.017223234984193928,27.340568475452198,13.722522522522526
20160606_GJ,22.4,20.1,86.6,26.2,75.5,21.0,22.2,86.8,18.4,28.6,61.8,22.7,28.4,70.8,22.0,28.8,66.6,22.5,28.6,60.8,22.1,29.9,61.9,22.3,0,2016-06-06,GJ,6,0,6,Monday,True,0,0,0,0,0,0,0,0,0.0,0.0,0.0,0.0,0.0,0.0,0.0,0.0,0,False,,0.001953703703703705,0.36157407407407394,0.03601388888888885,0.012675925925925912,32.324074074074076,21.386904761904766
20160606_GN,20.195454545,18.868181818,84.35,26.922727273000003,65.977272727,21.172727273,22.659090909,81.55909090899999,18.504545455,28.204545455,55.731818182,21.313636364,26.736363636,56.240909091000006,19.586363635999998,26.122727273000002,52.23636363600001,21.304545455,30.290909091,58.622727273,22.854545455,31.013636364,60.240909091000006,22.477272727,8,2016-06-06,GN,6,0,6,Monday,True,0,0,0,0,0,0,0,0,0.0,0.0,0.0,0.0,0.0,0.0,0.0,0.0,0,False,,0.002208256880733937,0.3508226691042068,0.03803473491773305,0.008776819923371612,27.047531992687386,17.749019607843138
20160606_GW,25.15,19.755555555999997,67.84444444399999,27.0,62.783333333,20.305555555999998,25.166666666999998,57.777777778,20.038888889000003,28.383333333000003,51.105555556000006,21.994444444000003,26.8,51.166666667,19.561111111,26.033333333,53.772222221999996,19.861111111,27.616666666999997,58.333333333,20.994444444000003,27.122222221999998,64.261111111,19.977777778,4,2016-06-06,GW,6,0,6,Monday,True,0,0,0,0,0,0,0,0,0.0,0.0,0.0,0.0,0.0,0.0,0.0,0.0,0,False,,0.001753333333333335,0.3004201680672269,0.04238749999999998,0.009206249999999994,30.63333333333333,19.097902097902093
20160606_IC,25.56,21.93,70.28,28.75,66.96,22.99,23.66,81.37,20.15,24.44,70.86,20.21,25.49,66.42,21.58,27.57,64.65,22.35,23.08,91.33,19.34,24.68,83.85,20.42,5,2016-06-06,IC,6,0,6,Monday,True,0,0,0,0,0,0,0,0,0.0,0.0,0.0,0.0,0.0,0.0,0.0,0.0,0,False,,0.0053613682092555045,0.3486111111111111,0.04298809523809522,0.01947480158730155,35.983935742971894,16.255102040816325
20160606_JB,23.226666666999996,19.813333333,77.606666667,28.866666666999997,67.086666667,21.02,21.226666667,80.2,18.653333333,28.433333333,62.186666667,21.786666667,27.586666667,67.82,20.733333333,27.526666666999997,68.34,21.353333333,26.853333333000002,67.226666667,20.546666667,27.513333333000002,70.313333333,20.193333332999998,10,2016-06-06,JB,6,0,6,Monday,True,0,0,0,0,0,0,0,0,0.0,0.0,0.0,0.0,0.0,0.0,0.0,0.0,0,False,,0.0035855555555555437,0.334895833333333,0.04609444444444443,0.012419791666666626,47.18010752688172,34.613861386138616
20160606_JJ,21.6,19.7,91.85,22.5,82.45,19.9,22.75,88.55,18.15,26.75,58.25,22.5,24.25,55.75,20.7,22.75,68.85,20.4,25.1,58.7,21.15,25.55,69.55,21.0,0,2016-06-06,JJ,6,0,6,Monday,True,0,0,0,0,0,0,0,0,0.0,0.0,0.0,0.0,0.0,0.0,0.0,0.0,0,False,,0.002747368421052636,0.2744680851063829,0.038210526315789466,0.007768421052631582,21.74712643678161,12.156626506024097
20160606_JN,22.072727273,19.972727273,83.927272727,24.881818181999996,75.772727273,20.631818182,21.063636364,89.06363636399999,18.272727273,26.8,65.654545455,21.204545455,25.940909090999998,69.495454545,20.513636364,26.845454545,66.604545455,21.768181818000002,27.05,66.0,21.413636364000002,28.827272726999997,67.68636363600001,21.736363636,6,2016-06-06,JN,6,0,6,Monday,True,0,0,0,0,0,0,0,0,0.0,0.0,0.0,0.0,0.0,0.0,0.0,0.0,0,False,,0.0033053619302949,0.3466145833333331,0.039429687499999984,0.009505729166666642,20.32069970845481,16.04433497536946
20160606_SU,28.4,23.3,49.1,32.2,47.3,24.7,26.3,51.8,21.2,27.7,48.1,22.2,29.1,38.3,23.2,29.9,45.8,23.3,27.6,63.6,21.6,28.9,57.3,22.1,16,2016-06-06,SU,6,0,6,Monday,True,0,0,0,0,0,0,0,0,0.0,0.0,0.0,0.0,0.0,0.0,0.0,0.0,0,False,,0.004255341880341864,0.36461538461538656,0.03888034188034188,0.027428418803418786,26.404530744336572,13.952542372881355
20160606_US,18.9,18.0,96.6,22.7,83.1,19.5,23.9,79.9,19.4,28.2,51.4,22.3,23.8,65.9,18.7,21.6,63.5,19.1,30.3,54.3,24.0,26.8,72.5,21.4,1,2016-06-06,US,6,0,6,Monday,True,0,0,0,0,0,0,0,0,0.0,0.0,0.0,0.0,0.0,0.0,0.0,0.0,0,False,,0.005322222222222219,0.33,0.04290724637681158,0.012879888268156392,28.04481792717087,15.27536231884058
20160607_BS,25.4,20.9,85.4,20.4,85.9,19.3,25.1,73.3,20.6,23.8,78.8,19.7,25.7,49.4,21.1,24.0,60.5,19.8,23.6,53.5,20.7,30.5,55.1,23.8,99,2016-06-07,BS,6,1,7,Tuesday,False,0,0,0,0,0,0,0,0,0.0,0.0,0.0,0.0,0.0,0.0,0.0,0.0,0,False,,0.005726415094339602,0.36501182033097,0.02653549695740361,0.02141176470588233,41.07676767676767,28.373737373737374
20160607_CB,26.766666667,21.56,67.56,22.726666666999996,67.406666667,19.56,30.146666666999998,51.506666667,22.393333333,23.113333333000003,62.273333333000004,19.706666667,28.726666666999996,53.206666667,21.78,28.846666666999997,44.273333333000004,21.5,27.686666666999997,49.233333333000004,21.88,28.313333333000003,58.246666667,21.78,53,2016-06-07,CB,6,1,7,Tuesday,False,0,0,0,0,0,0,0,0,0.0,0.0,0.0,0.0,0.0,0.0,0.0,0.0,0,False,,0.003351550387596902,0.2728682170542633,0.038341085271317785,0.012275968992248034,31.604562737642585,19.432773109243694
20160607_CN,26.325,21.18125,77.1,24.1375,78.06875,20.15625,29.675,66.7,22.075,21.58125,79.50625,19.05625,28.01875,67.7,21.31875,27.38125,71.0125,20.8625,28.04375,68.4125,21.6,26.25,76.68125,20.36875,69,2016-06-07,CN,6,1,7,Tuesday,False,0,0,0,0,0,0,0,0,0.0,0.0,0.0,0.0,0.0,0.0,0.0,0.0,0,False,,0.004494835680751178,0.3469483568075115,0.04258685446009388,0.014009389671361474,35.586854460093896,22.527777777777782
20160607_DG,28.4,22.9,73.6,19.3,87.4,18.4,25.6,67.8,20.8,23.0,71.0,20.5,31.2,44.8,23.9,28.0,54.8,20.8,25.1,52.0,20.6,30.8,47.1,25.2,71,2016-06-07,DG,6,1,7,Tuesday,False,0,0,0,0,0,0,0,0,0.0,0.0,0.0,0.0,0.0,0.0,0.0,0.0,0,False,,0.002489285714285716,0.31,0.031135714285714274,0.014528571428571403,35.43262411347518,21.085561497326204
20160607_DJ,26.7,21.9,75.6,24.5,73.8,20.8,30.3,59.3,22.9,22.0,77.0,19.9,29.0,60.1,22.7,29.3,51.1,22.5,28.4,59.1,22.9,27.9,64.9,22.0,48,2016-06-07,DJ,6,1,7,Tuesday,False,0,0,0,0,0,0,0,0,0.0,0.0,0.0,0.0,0.0,0.0,0.0,0.0,0,False,,0.0020811965811965826,0.34914529914529896,0.03968141592920354,0.0161239316239316,30.39090909090909,19.633802816901408
20160607_GB,26.566666667,21.25,76.025,20.841666667000002,82.56666666699999,18.170833333,26.304166666999997,65.458333333,20.1,23.608333333,65.3375,20.158333332999998,29.716666667,50.833333333,21.975,26.875,53.433333333,19.258333333,25.1,53.070833333,19.75,30.025,53.066666667,22.833333333000002,84,2016-06-07,GB,6,1,7,Tuesday,False,0,0,0,0,0,0,0,0,0.0,0.0,0.0,0.0,0.0,0.0,0.0,0.0,0,False,,0.003246195652173912,0.3886543535620047,0.03049292452830185,0.0102488721804511,24.824644549763036,11.95808383233533
20160607_GG,26.819047619000003,21.771428570999998,72.097619048,26.74047619,57.545238095,22.266666667,31.133333333000003,55.019047619,23.730952380999998,24.928571429,60.611904761999995,20.521428570999998,27.816666667,55.688095238,21.714285714000003,28.788095238,47.504761905,22.416666666999998,29.20952381,54.285714286,22.602380951999997,27.321428571,71.48095238100001,20.938095238,286,2016-06-07,GG,6,1,7,Tuesday,False,0,0,0,0,0,0,0,0,0.0,0.0,0.0,0.0,0.0,0.0,0.0,0.0,0,False,,0.0044722046413501635,0.3978632478632416,0.03814520547945214,0.0215877440347072,40.76870389884088,22.93911439114391
20160607_GJ,25.2,21.4,85.5,22.4,86.6,20.1,26.2,75.5,21.0,22.2,86.8,18.4,28.6,61.8,22.7,28.4,70.8,22.0,28.8,66.6,22.5,28.6,60.8,22.1,67,2016-06-07,GJ,6,1,7,Tuesday,False,0,0,0,0,0,0,0,0,0.0,0.0,0.0,0.0,0.0,0.0,0.0,0.0,0,False,,0.0019768518518518533,0.3944444444444447,0.0266759259259259,0.01663888888888886,23.046296296296298,14.892857142857142
20160607_GN,26.231818181999998,21.35,81.077272727,20.195454545,84.35,18.868181818,26.922727273000003,65.977272727,21.172727273,22.659090909,81.55909090899999,18.504545455,28.204545455,55.731818182,21.313636364,26.736363636,56.240909091000006,19.586363635999998,26.122727273000002,52.23636363600001,21.304545455,30.290909091,58.622727273,22.854545455,92,2016-06-07,GN,6,1,7,Tuesday,False,0,0,0,0,0,0,0,0,0.0,0.0,0.0,0.0,0.0,0.0,0.0,0.0,0,False,,0.003742581888246602,0.38439306358381703,0.029431599229287057,0.014586836935166946,38.39651837524178,24.75527426160337
20160607_GW,25.583333333000002,20.7,74.088888889,25.15,67.84444444399999,19.755555555999997,27.0,62.783333333,20.305555555999998,25.166666666999998,57.777777778,20.038888889000003,28.383333333000003,51.105555556000006,21.994444444000003,26.8,51.166666667,19.561111111,26.033333333,53.772222221999996,19.861111111,27.616666666999997,58.333333333,20.994444444000003,60,2016-06-07,GW,6,1,7,Tuesday,False,0,0,0,0,0,0,0,0,0.0,0.0,0.0,0.0,0.0,0.0,0.0,0.0,0,False,,0.0016413793103448276,0.3133333333333335,0.03845258620689653,0.009946551724137921,33.72384937238494,22.363636363636363
20160607_IC,24.86,20.88,89.55,25.56,70.28,21.93,28.75,66.96,22.99,23.66,81.37,20.15,24.44,70.86,20.21,25.49,66.42,21.58,27.57,64.65,22.35,23.08,91.33,19.34,58,2016-06-07,IC,6,1,7,Tuesday,False,0,0,0,0,0,0,0,0,0.0,0.0,0.0,0.0,0.0,0.0,0.0,0.0,0,False,,0.006898585858585832,0.40845360824742216,0.03285656565656562,0.021612727272727263,44.8659793814433,22.409395973154364
20160607_JB,25.713333333,20.946666667,79.4,23.226666666999996,77.606666667,19.813333333,28.866666666999997,67.086666667,21.02,21.226666667,80.2,18.653333333,28.433333333,62.186666667,21.786666667,27.586666667,67.82,20.733333333,27.526666666999997,68.34,21.353333333,26.853333333000002,67.226666667,20.546666667,101,2016-06-07,JB,6,1,7,Tuesday,False,0,0,0,0,0,0,0,0,0.0,0.0,0.0,0.0,0.0,0.0,0.0,0.0,0,False,,0.00391388888888888,0.3424479166666666,0.043858333333333326,0.012863541666666629,50.618421052631575,36.58602150537634
20160607_JJ,23.35,20.25,93.55,21.6,91.85,19.7,22.5,82.45,19.9,22.75,88.55,18.15,26.75,58.25,22.5,24.25,55.75,20.7,22.75,68.85,20.4,25.1,58.7,21.15,15,2016-06-07,JJ,6,1,7,Tuesday,False,0,0,0,0,0,0,0,0,0.0,0.0,0.0,0.0,0.0,0.0,0.0,0.0,0,False,,0.0038652631578947436,0.31808510638297866,0.023631578947368403,0.01377368421052632,36.07692307692308,23.62637362637363
20160607_JN,24.268181818000002,20.9,86.8,22.072727273,83.927272727,19.972727273,24.881818181999996,75.772727273,20.631818182,21.063636364,89.06363636399999,18.272727273,26.8,65.654545455,21.204545455,25.940909090999998,69.495454545,20.513636364,26.845454545,66.604545455,21.768181818000002,27.05,66.0,21.413636364000002,93,2016-06-07,JN,6,1,7,Tuesday,False,0,0,0,0,0,0,0,0,0.0,0.0,0.0,0.0,0.0,0.0,0.0,0.0,0,False,,0.005756410256410235,0.48141361256544607,0.030994871794871776,0.013859487179487144,26.873350923482853,21.47641509433962
20160607_SU,25.9,21.7,69.5,28.4,49.1,23.3,32.2,47.3,24.7,26.3,51.8,21.2,27.7,48.1,22.2,29.1,38.3,23.2,29.9,45.8,23.3,27.6,63.6,21.6,273,2016-06-07,SU,6,1,7,Tuesday,False,0,0,0,0,0,0,0,0,0.0,0.0,0.0,0.0,0.0,0.0,0.0,0.0,0,False,,0.004870310825294708,0.4523230088495566,0.028808145766345095,0.03560878885316186,42.89010989010989,25.261168384879728
20160607_US,24.4,20.4,90.4,18.9,96.6,18.0,22.7,83.1,19.5,23.9,79.9,19.4,28.2,51.4,22.3,23.8,65.9,18.7,21.6,63.5,19.1,30.3,54.3,24.0,22,2016-06-07,US,6,1,7,Tuesday,False,0,0,0,0,0,0,0,0,0.0,0.0,0.0,0.0,0.0,0.0,0.0,0.0,0,False,,0.00979999999999996,0.42685714285714427,0.02605899705014747,0.022879999999999973,40.6980056980057,23.0
20160608_BS,22.2,20.4,89.1,25.4,85.4,20.9,20.4,85.9,19.3,25.1,73.3,20.6,23.8,78.8,19.7,25.7,49.4,21.1,24.0,60.5,19.8,23.6,53.5,20.7,84,2016-06-08,BS,6,2,8,Wednesday,False,0,0,0,0,0,0,0,0,0.0,0.0,0.0,0.0,0.0,0.0,0.0,0.0,0,False,,0.00954106280193235,0.4172494172494184,0.018342685370741442,0.032693386773547065,51.7789046653144,38.629856850715754
20160608_CB,26.593333333,21.46,65.68,26.766666667,67.56,21.56,22.726666666999996,67.406666667,19.56,30.146666666999998,51.506666667,22.393333333,23.113333333000003,62.273333333000004,19.706666667,28.726666666999996,53.206666667,21.78,28.846666666999997,44.273333333000004,21.5,27.686666666999997,49.233333333000004,21.88,36,2016-06-08,CB,6,2,8,Wednesday,False,0,0,0,0,0,0,0,0,0.0,0.0,0.0,0.0,0.0,0.0,0.0,0.0,0,False,,0.004353100775193789,0.3461240310077518,0.03637984496124028,0.0166581395348837,48.59923664122138,32.75744680851064
20160608_CN,26.05,21.01875,78.8875,26.325,77.1,21.18125,24.1375,78.06875,20.15625,29.675,66.7,22.075,21.58125,79.50625,19.05625,28.01875,67.7,21.31875,27.38125,71.0125,20.8625,28.04375,68.4125,21.6,62,2016-06-08,CN,6,2,8,Wednesday,False,0,0,0,0,0,0,0,0,0.0,0.0,0.0,0.0,0.0,0.0,0.0,0.0,0,False,,0.0038924444444444475,0.33733333333333243,0.034724444444444405,0.012519248826291064,34.88392857142857,22.695652173913047
20160608_DG,24.7,21.9,87.0,28.4,73.6,22.9,19.3,87.4,18.4,25.6,67.8,20.8,23.0,71.0,20.5,31.2,44.8,23.9,28.0,54.8,20.8,25.1,52.0,20.6,75,2016-06-08,DG,6,2,8,Wednesday,False,0,0,0,0,0,0,0,0,0.0,0.0,0.0,0.0,0.0,0.0,0.0,0.0,0,False,,0.0037403508771929844,0.3821052631578942,0.021943859649122783,0.02445263157894735,53.12403100775194,36.06043956043956
20160608_DJ,27.1,22.4,72.1,26.7,75.6,21.9,24.5,73.8,20.8,30.3,59.3,22.9,22.0,77.0,19.9,29.0,60.1,22.7,29.3,51.1,22.5,28.4,59.1,22.9,34,2016-06-08,DJ,6,2,8,Wednesday,False,0,0,0,0,0,0,0,0,0.0,0.0,0.0,0.0,0.0,0.0,0.0,0.0,0,False,,0.0029313304721030058,0.4094420600858365,0.03838755980861245,0.0184635193133047,41.82758620689656,26.257142857142853
20160608_GB,23.979166666999998,20.679166667,84.883333333,26.566666667,76.025,21.25,20.841666667000002,82.56666666699999,18.170833333,26.304166666999997,65.458333333,20.1,23.608333333,65.3375,20.158333332999998,29.716666667,50.833333333,21.975,26.875,53.433333333,19.258333333,25.1,53.070833333,19.75,79,2016-06-08,GB,6,2,8,Wednesday,False,0,0,0,0,0,0,0,0,0.0,0.0,0.0,0.0,0.0,0.0,0.0,0.0,0,False,,0.0046913486005088975,0.498019801980198,0.02332009345794391,0.017655445544554445,47.65492957746479,29.245283018867926
20160608_GG,26.964285714000003,21.471428571,73.704761905,26.819047619000003,72.097619048,21.771428570999998,26.74047619,57.545238095,22.266666667,31.133333333000003,55.019047619,23.730952380999998,24.928571429,60.611904761999995,20.521428570999998,27.816666667,55.688095238,21.714285714000003,28.788095238,47.504761905,22.416666666999998,29.20952381,54.285714286,22.602380951999997,227,2016-06-08,GG,6,2,8,Wednesday,False,0,0,0,0,0,0,0,0,0.0,0.0,0.0,0.0,0.0,0.0,0.0,0.0,0,False,,0.0037482517482517025,0.3707343412526933,0.03238282548476455,0.020724932102118444,37.91490486257928,21.13996316758748
20160608_GJ,26.4,22.5,75.8,25.2,85.5,21.4,22.4,86.6,20.1,26.2,75.5,21.0,22.2,86.8,18.4,28.6,61.8,22.7,28.4,70.8,22.0,28.8,66.6,22.5,31,2016-06-08,GJ,6,2,8,Wednesday,False,0,0,0,0,0,0,0,0,0.0,0.0,0.0,0.0,0.0,0.0,0.0,0.0,0,False,,0.002266666666666669,0.408571428571429,0.028066666666666632,0.018385714285714262,37.8388625592417,24.07926829268293
20160608_GN,24.313636364,21.195454545,86.118181818,26.231818181999998,81.077272727,21.35,20.195454545,84.35,18.868181818,26.922727273000003,65.977272727,21.172727273,22.659090909,81.55909090899999,18.504545455,28.204545455,55.731818182,21.313636364,26.736363636,56.240909091000006,19.586363635999998,26.122727273000002,52.23636363600001,21.304545455,90,2016-06-08,GN,6,2,8,Wednesday,False,0,0,0,0,0,0,0,0,0.0,0.0,0.0,0.0,0.0,0.0,0.0,0.0,0,False,,0.006410291262135892,0.4725296442687748,0.027271844660194118,0.021405048543689298,61.08064516129032,40.48497854077253
20160608_GW,25.227777778000004,20.972222222,74.9,25.583333333000002,74.088888889,20.7,25.15,67.84444444399999,19.755555555999997,27.0,62.783333333,20.305555555999998,25.166666666999998,57.777777778,20.038888889000003,28.383333333000003,51.105555556000006,21.994444444000003,26.8,51.166666667,19.561111111,26.033333333,53.772222221999996,19.861111111,46,2016-06-08,GW,6,2,8,Wednesday,False,0,0,0,0,0,0,0,0,0.0,0.0,0.0,0.0,0.0,0.0,0.0,0.0,0,False,,0.0018103286384976546,0.360698689956332,0.040220657276995295,0.011128638497652566,44.87711864406779,34.36496350364963
20160608_IC,22.75,19.45,95.61,24.86,89.55,20.88,25.56,70.28,21.93,28.75,66.96,22.99,23.66,81.37,20.15,24.44,70.86,20.21,25.49,66.42,21.58,27.57,64.65,22.35,49,2016-06-08,IC,6,2,8,Wednesday,False,0,0,0,0,0,0,0,0,0.0,0.0,0.0,0.0,0.0,0.0,0.0,0.0,0,False,,0.004826789366053151,0.3398747390396646,0.02947239263803678,0.01488159509202452,35.2,18.42909090909091
20160608_JB,25.373333333,21.1,76.18,25.713333333,79.4,20.946666667,23.226666666999996,77.606666667,19.813333333,28.866666666999997,67.086666667,21.02,21.226666667,80.2,18.653333333,28.433333333,62.186666667,21.786666667,27.586666667,67.82,20.733333333,27.526666666999997,68.34,21.353333333,79,2016-06-08,JB,6,2,8,Wednesday,False,0,0,0,0,0,0,0,0,0.0,0.0,0.0,0.0,0.0,0.0,0.0,0.0,0,False,,0.004563218390804582,0.305675675675675,0.03326011560693637,0.013525945945945922,44.799457994579946,28.48128342245989
20160608_JJ,22.05,20.15,92.3,23.35,93.55,20.25,21.6,91.85,19.7,22.5,82.45,19.9,22.75,88.55,18.15,26.75,58.25,22.5,24.25,55.75,20.7,22.75,68.85,20.4,13,2016-06-08,JJ,6,2,8,Wednesday,False,0,0,0,0,0,0,0,0,0.0,0.0,0.0,0.0,0.0,0.0,0.0,0.0,0,False,,0.003566666666666669,0.3336842105263156,0.026093749999999992,0.013893749999999995,36.958333333333336,24.57291666666667
20160608_JN,24.986363636,21.459090909,82.16818181800001,24.268181818000002,86.8,20.9,22.072727273,83.927272727,19.972727273,24.881818181999996,75.772727273,20.631818182,21.063636364,89.06363636399999,18.272727273,26.8,65.654545455,21.204545455,25.940909090999998,69.495454545,20.513636364,26.845454545,66.604545455,21.768181818000002,66,2016-06-08,JN,6,2,8,Wednesday,False,0,0,0,0,0,0,0,0,0.0,0.0,0.0,0.0,0.0,0.0,0.0,0.0,0,False,,0.004874009900990063,0.4304455445544553,0.028819306930693036,0.01334480198019798,36.20424403183024,27.868644067796605
20160608_SU,27.7,22.1,65.9,25.9,69.5,21.7,28.4,49.1,23.3,32.2,47.3,24.7,26.3,51.8,21.2,27.7,48.1,22.2,29.1,38.3,23.2,29.9,45.8,23.3,236,2016-06-08,SU,6,2,8,Wednesday,False,0,0,0,0,0,0,0,0,0.0,0.0,0.0,0.0,0.0,0.0,0.0,0.0,0,False,,0.004547311827956965,0.4097480832420592,0.023046236559139774,0.03522389666307856,40.40150699677072,23.829015544041447
20160608_US,24.2,20.8,93.5,24.4,90.4,20.4,18.9,96.6,18.0,22.7,83.1,19.5,23.9,79.9,19.4,28.2,51.4,22.3,23.8,65.9,18.7,21.6,63.5,19.1,12,2016-06-08,US,6,2,8,Wednesday,False,0,0,0,0,0,0,0,0,0.0,0.0,0.0,0.0,0.0,0.0,0.0,0.0,0,False,,0.012383098591549256,0.5211267605633806,0.01987536231884055,0.033098591549295765,59.08426966292135,40.54198473282442
20160609_BS,26.1,21.9,80.3,22.2,89.1,20.4,25.4,85.4,20.9,20.4,85.9,19.3,25.1,73.3,20.6,23.8,78.8,19.7,25.7,49.4,21.1,24.0,60.5,19.8,71,2016-06-09,BS,6,3,9,Thursday,False,0,0,0,0,0,0,0,0,0.0,0.0,0.0,0.0,0.0,0.0,0.0,0.0,0,False,,0.007659313725490169,0.4439814814814821,0.028496031746031724,0.026902777777777758,60.44715447154472,45.78691983122363
20160609_CB,30.046666666999997,23.0,60.526666667,26.593333333,65.68,21.46,26.766666667,67.56,21.56,22.726666666999996,67.406666667,19.56,30.146666666999998,51.506666667,22.393333333,23.113333333000003,62.273333333000004,19.706666667,28.726666666999996,53.206666667,21.78,28.846666666999997,44.273333333000004,21.5,28,2016-06-09,CB,6,3,9,Thursday,False,0,0,0,0,0,0,0,0,0.0,0.0,0.0,0.0,0.0,0.0,0.0,0.0,0,False,,0.003670722433460079,0.3349809885931549,0.0415019011406844,0.018930418250950543,47.96197718631178,29.97083333333333
20160609_CN,29.29375,22.18125,74.225,26.05,78.8875,21.01875,26.325,77.1,21.18125,24.1375,78.06875,20.15625,29.675,66.7,22.075,21.58125,79.50625,19.05625,28.01875,67.7,21.31875,27.38125,71.0125,20.8625,51,2016-06-09,CN,6,3,9,Thursday,False,0,0,0,0,0,0,0,0,0.0,0.0,0.0,0.0,0.0,0.0,0.0,0.0,0,False,,0.005260833333333328,0.39958333333333335,0.041324999999999966,0.018657826086956517,51.85833333333333,32.80555555555556
20160609_DG,27.4,22.7,75.8,24.7,87.0,21.9,28.4,73.6,22.9,19.3,87.4,18.4,25.6,67.8,20.8,23.0,71.0,20.5,31.2,44.8,23.9,28.0,54.8,20.8,58,2016-06-09,DG,6,3,9,Thursday,False,0,0,0,0,0,0,0,0,0.0,0.0,0.0,0.0,0.0,0.0,0.0,0.0,0,False,,0.002967971530249113,0.3633451957295371,0.02945551601423486,0.01842704626334518,52.180212014134284,34.923497267759565
20160609_DJ,30.2,24.0,65.8,27.1,72.1,22.4,26.7,75.6,21.9,24.5,73.8,20.8,30.3,59.3,22.9,22.0,77.0,19.9,29.0,60.1,22.7,29.3,51.1,22.5,31,2016-06-09,DJ,6,3,9,Thursday,False,0,0,0,0,0,0,0,0,0.0,0.0,0.0,0.0,0.0,0.0,0.0,0.0,0,False,,0.003675000000000003,0.43833333333333296,0.045212962962962934,0.021612499999999986,45.25833333333333,26.875
20160609_GB,27.620833333,22.0,74.704166667,23.979166666999998,84.883333333,20.679166667,26.566666667,76.025,21.25,20.841666667000002,82.56666666699999,18.170833333,26.304166666999997,65.458333333,20.1,23.608333333,65.3375,20.158333332999998,29.716666667,50.833333333,21.975,26.875,53.433333333,19.258333333,64,2016-06-09,GB,6,3,9,Thursday,False,0,0,0,0,0,0,0,0,0.0,0.0,0.0,0.0,0.0,0.0,0.0,0.0,0,False,,0.004693702770780844,0.4469849246231157,0.03256038647342992,0.012759343434343415,41.912322274881525,26.699386503067483
20160609_GG,30.25952381,23.107142857,67.573809524,26.964285714000003,73.704761905,21.471428571,26.819047619000003,72.097619048,21.771428570999998,26.74047619,57.545238095,22.266666667,31.133333333000003,55.019047619,23.730952380999998,24.928571429,60.611904761999995,20.521428570999998,27.816666667,55.688095238,21.714285714000003,28.788095238,47.504761905,22.416666666999998,205,2016-06-09,GG,6,3,9,Thursday,False,0,0,0,0,0,0,0,0,0.0,0.0,0.0,0.0,0.0,0.0,0.0,0.0,0,False,,0.004338230647709261,0.431082529474806,0.03307839912280708,0.028571137339055863,55.085714285714296,29.254512635379058
20160609_GJ,29.6,23.4,75.9,26.4,75.8,22.5,25.2,85.5,21.4,22.4,86.6,20.1,26.2,75.5,21.0,22.2,86.8,18.4,28.6,61.8,22.7,28.4,70.8,22.0,36,2016-06-09,GJ,6,3,9,Thursday,False,0,0,0,0,0,0,0,0,0.0,0.0,0.0,0.0,0.0,0.0,0.0,0.0,0,False,,0.002590243902439026,0.429756097560976,0.03408292682926827,0.017619512195121922,37.533653846153854,25.84567901234568
20160609_GN,27.854545455,22.077272726999997,80.163636364,24.313636364,86.118181818,21.195454545,26.231818181999998,81.077272727,21.35,20.195454545,84.35,18.868181818,26.922727273000003,65.977272727,21.172727273,22.659090909,81.55909090899999,18.504545455,28.204545455,55.731818182,21.313636364,26.736363636,56.240909091000006,19.586363635999998,62,2016-06-09,GN,6,3,9,Thursday,False,0,0,0,0,0,0,0,0,0.0,0.0,0.0,0.0,0.0,0.0,0.0,0.0,0,False,,0.0045159763313609245,0.44989858012170425,0.032262327416173534,0.01892830578512392,63.91097308488613,43.13580246913581
20160609_GW,27.744444444000003,21.561111111,71.733333333,25.227777778000004,74.9,20.972222222,25.583333333000002,74.088888889,20.7,25.15,67.84444444399999,19.755555555999997,27.0,62.783333333,20.305555555999998,25.166666666999998,57.777777778,20.038888889000003,28.383333333000003,51.105555556000006,21.994444444000003,26.8,51.166666667,19.561111111,37,2016-06-09,GW,6,3,9,Thursday,False,0,0,0,0,0,0,0,0,0.0,0.0,0.0,0.0,0.0,0.0,0.0,0.0,0,False,,0.0015512931034482773,0.34827586206896605,0.0381206896551724,0.011047413793103443,39.33050847457627,27.916083916083924
20160609_IC,26.62,21.51,84.4,22.75,95.61,19.45,24.86,89.55,20.88,25.56,70.28,21.93,28.75,66.96,22.99,23.66,81.37,20.15,24.44,70.86,20.21,25.49,66.42,21.58,36,2016-06-09,IC,6,3,9,Thursday,False,0,0,0,0,0,0,0,0,0.0,0.0,0.0,0.0,0.0,0.0,0.0,0.0,0,False,,0.006444374999999987,0.441787941787942,0.03201039501039499,0.021475259875259816,54.254736842105274,29.231316725978647
20160609_JB,29.053333333,22.466666667,73.06666666699999,25.373333333,76.18,21.1,25.713333333,79.4,20.946666667,23.226666666999996,77.606666667,19.813333333,28.866666666999997,67.086666667,21.02,21.226666667,80.2,18.653333333,28.433333333,62.186666667,21.786666667,27.586666667,67.82,20.733333333,87,2016-06-09,JB,6,3,9,Thursday,False,0,0,0,0,0,0,0,0,0.0,0.0,0.0,0.0,0.0,0.0,0.0,0.0,0,False,,0.004358119658119643,0.3616847826086956,0.03922318840579708,0.013802445652173879,55.683646112600535,38.27014218009479
20160609_JJ,23.55,20.6,88.9,22.05,92.3,20.15,23.35,93.55,20.25,21.6,91.85,19.7,22.5,82.45,19.9,22.75,88.55,18.15,26.75,58.25,22.5,24.25,55.75,20.7,9,2016-06-09,JJ,6,3,9,Thursday,False,0,0,0,0,0,0,0,0,0.0,0.0,0.0,0.0,0.0,0.0,0.0,0.0,0,False,,0.004194736842105266,0.3095744680851063,0.025789473684210515,0.01322947368421053,38.61052631578947,25.244444444444447
20160609_JN,27.927272727,22.3,80.754545455,24.986363636,82.16818181800001,21.459090909,24.268181818000002,86.8,20.9,22.072727273,83.927272727,19.972727273,24.881818181999996,75.772727273,20.631818182,21.063636364,89.06363636399999,18.272727273,26.8,65.654545455,21.204545455,25.940909090999998,69.495454545,20.513636364,50,2016-06-09,JN,6,3,9,Thursday,False,0,0,0,0,0,0,0,0,0.0,0.0,0.0,0.0,0.0,0.0,0.0,0.0,0,False,,0.007010126582278443,0.4420253164556965,0.0359010152284264,0.015114824120602985,42.66084788029925,32.81938325991189
20160609_SU,31.3,24.1,59.5,27.7,65.9,22.1,25.9,69.5,21.7,28.4,49.1,23.3,32.2,47.3,24.7,26.3,51.8,21.2,27.7,48.1,22.2,29.1,38.3,23.2,225,2016-06-09,SU,6,3,9,Thursday,False,0,0,0,0,0,0,0,0,0.0,0.0,0.0,0.0,0.0,0.0,0.0,0.0,0,False,,0.0047873500545255855,0.4887912087912065,0.02391603053435113,0.04176772082878956,54.537540805223074,30.793624161073822
20160609_US,24.5,21.4,90.4,24.2,93.5,20.8,24.4,90.4,20.4,18.9,96.6,18.0,22.7,83.1,19.5,23.9,79.9,19.4,28.2,51.4,22.3,23.8,65.9,18.7,7,2016-06-09,US,6,3,9,Thursday,False,0,0,0,0,0,0,0,0,0.0,0.0,0.0,0.0,0.0,0.0,0.0,0.0,0,False,,0.0057062314540059205,0.5427299703264101,0.026419161676646676,0.021234421364985115,55.26086956521739,37.43939393939394
20160610_BS,25.3,22.3,78.0,26.1,80.3,21.9,22.2,89.1,20.4,25.4,85.4,20.9,20.4,85.9,19.3,25.1,73.3,20.6,23.8,78.8,19.7,25.7,49.4,21.1,70,2016-06-10,BS,6,4,10,Friday,False,0,0,0,0,0,0,0,0,0.0,0.0,0.0,0.0,0.0,0.0,0.0,0.0,0,False,,0.00529238329238326,0.3503480278422276,0.03894621513944225,0.016928429423459228,40.91666666666666,30.84297520661157
20160610_CB,31.553333333,24.526666666999997,61.5,30.046666666999997,60.526666667,23.0,26.593333333,65.68,21.46,26.766666667,67.56,21.56,22.726666666999996,67.406666667,19.56,30.146666666999998,51.506666667,22.393333333,23.113333333000003,62.273333333000004,19.706666667,28.726666666999996,53.206666667,21.78,31,2016-06-10,CB,6,4,10,Friday,False,0,0,0,0,0,0,0,0,0.0,0.0,0.0,0.0,0.0,0.0,0.0,0.0,0,False,,0.0034550781250000033,0.3707031249999999,0.04308203124999997,0.0202807086614173,56.130268199233726,34.447698744769866
20160610_CN,28.8375,22.89375,80.315384615,29.29375,74.225,22.18125,26.05,78.8875,21.01875,26.325,77.1,21.18125,24.1375,78.06875,20.15625,29.675,66.7,22.075,21.58125,79.50625,19.05625,28.01875,67.7,21.31875,60,2016-06-10,CN,6,4,10,Friday,False,0,0,0,0,0,0,0,0,0.0,0.0,0.0,0.0,0.0,0.0,0.0,0.0,0,False,,0.004513333333333337,0.4033333333333333,0.04534166666666669,0.01710708333333331,57.2375,30.847222222222218
20160610_DG,32.1,24.5,64.4,27.4,75.8,22.7,24.7,87.0,21.9,28.4,73.6,22.9,19.3,87.4,18.4,25.6,67.8,20.8,23.0,71.0,20.5,31.2,44.8,23.9,52,2016-06-10,DG,6,4,10,Friday,False,0,0,0,0,0,0,0,0,0.0,0.0,0.0,0.0,0.0,0.0,0.0,0.0,0,False,,0.0033006993006993034,0.3723776223776224,0.04852447552447551,0.014129370629370606,52.40070921985816,36.01081081081082
20160610_DJ,31.2,25.3,67.8,30.2,65.8,24.0,27.1,72.1,22.4,26.7,75.6,21.9,24.5,73.8,20.8,30.3,59.3,22.9,22.0,77.0,19.9,29.0,60.1,22.7,30,2016-06-10,DJ,6,4,10,Friday,False,0,0,0,0,0,0,0,0,0.0,0.0,0.0,0.0,0.0,0.0,0.0,0.0,0,False,,0.002400000000000001,0.4587500000000002,0.0608362831858407,0.016612499999999964,58.92083333333333,38.138888888888886
20160610_GB,29.208333333000002,22.883333333000003,70.2125,27.620833333,74.704166667,22.0,23.979166666999998,84.883333333,20.679166667,26.566666667,76.025,21.25,20.841666667000002,82.56666666699999,18.170833333,26.304166666999997,65.458333333,20.1,23.608333333,65.3375,20.158333332999998,29.716666667,50.833333333,21.975,67,2016-06-10,GB,6,4,10,Friday,False,0,0,0,0,0,0,0,0,0.0,0.0,0.0,0.0,0.0,0.0,0.0,0.0,0,False,,0.0035276649746192796,0.42821782178217693,0.04220892018779342,0.011273762376237608,35.83490566037736,23.57516339869281
20160610_GG,30.528571429,23.802380951999996,67.19,30.25952381,67.573809524,23.107142857,26.964285714000003,73.704761905,21.471428571,26.819047619000003,72.097619048,21.771428570999998,26.74047619,57.545238095,22.266666667,31.133333333000003,55.019047619,23.730952380999998,24.928571429,60.611904761999995,20.521428570999998,27.816666667,55.688095238,21.714285714000003,195,2016-06-10,GG,6,4,10,Friday,False,0,0,0,0,0,0,0,0,0.0,0.0,0.0,0.0,0.0,0.0,0.0,0.0,0,False,,0.005402048319327701,0.490614886731388,0.038539092400218716,0.030228746666666743,59.035041841004194,32.75874769797421
20160610_GJ,29.7,23.7,75.6,29.6,75.9,23.4,26.4,75.8,22.5,25.2,85.5,21.4,22.4,86.6,20.1,26.2,75.5,21.0,22.2,86.8,18.4,28.6,61.8,22.7,40,2016-06-10,GJ,6,4,10,Friday,False,0,0,0,0,0,0,0,0,0.0,0.0,0.0,0.0,0.0,0.0,0.0,0.0,0,False,,0.0037523364485981337,0.5074766355140189,0.05296261682242991,0.016976635514018675,62.361111111111114,46.05357142857143
20160610_GN,27.868181818000004,22.695454545,75.495454545,27.854545455,80.163636364,22.077272726999997,24.313636364,86.118181818,21.195454545,26.231818181999998,81.077272727,21.35,20.195454545,84.35,18.868181818,26.922727273000003,65.977272727,21.172727273,22.659090909,81.55909090899999,18.504545455,28.204545455,55.731818182,21.313636364,68,2016-06-10,GN,6,4,10,Friday,False,0,0,0,0,0,0,0,0,0.0,0.0,0.0,0.0,0.0,0.0,0.0,0.0,0,False,,0.004405294117647039,0.41156862745098105,0.03594921874999996,0.018516188524590124,56.83299798792756,39.742063492063494
20160610_GW,29.211111110999997,22.366666666999997,67.133333333,27.744444444000003,71.733333333,21.561111111,25.227777778000004,74.9,20.972222222,25.583333333000002,74.088888889,20.7,25.15,67.84444444399999,19.755555555999997,27.0,62.783333333,20.305555555999998,25.166666666999998,57.777777778,20.038888889000003,28.383333333000003,51.105555556000006,21.994444444000003,48,2016-06-10,GW,6,4,10,Friday,False,0,0,0,0,0,0,0,0,0.0,0.0,0.0,0.0,0.0,0.0,0.0,0.0,0,False,,0.001857500000000001,0.3629166666666673,0.04572083333333336,0.012784166666666655,42.35,29.11111111111111
20160610_IC,26.31,21.76,87.15,26.62,84.4,21.51,22.75,95.61,19.45,24.86,89.55,20.88,25.56,70.28,21.93,28.75,66.96,22.99,23.66,81.37,20.15,24.44,70.86,20.21,43,2016-06-10,IC,6,4,10,Friday,False,0,0,0,0,0,0,0,0,0.0,0.0,0.0,0.0,0.0,0.0,0.0,0.0,0,False,,0.007543232323232303,0.492929292929293,0.03230040322580642,0.024307878787878767,52.25153374233128,29.09655172413793
20160610_JB,29.08,23.006666666999998,75.76,29.053333333,73.06666666699999,22.466666667,25.373333333,76.18,21.1,25.713333333,79.4,20.946666667,23.226666666999996,77.606666667,19.813333333,28.866666666999997,67.086666667,21.02,21.226666667,80.2,18.653333333,28.433333333,62.186666667,21.786666667,70,2016-06-10,JB,6,4,10,Friday,False,0,0,0,0,0,0,0,0,0.0,0.0,0.0,0.0,0.0,0.0,0.0,0.0,0,False,,0.004501666666666653,0.4820652173913052,0.05394476744186047,0.01454972826086953,71.94550408719346,51.81034482758621
20160610_JJ,25.8,22.45,80.9,23.55,88.9,20.6,22.05,92.3,20.15,23.35,93.55,20.25,21.6,91.85,19.7,22.5,82.45,19.9,22.75,88.55,18.15,26.75,58.25,22.5,21,2016-06-10,JJ,6,4,10,Friday,False,0,0,0,0,0,0,0,0,0.0,0.0,0.0,0.0,0.0,0.0,0.0,0.0,0,False,,0.0032958333333333372,0.32631578947368395,0.031687499999999987,0.010406250000000004,46.276595744680854,30.627659574468087
20160610_JN,27.227272727,22.631818181999996,79.977272727,27.927272727,80.754545455,22.3,24.986363636,82.16818181800001,21.459090909,24.268181818000002,86.8,20.9,22.072727273,83.927272727,19.972727273,24.881818181999996,75.772727273,20.631818182,21.063636364,89.06363636399999,18.272727273,26.8,65.654545455,21.204545455,60,2016-06-10,JN,6,4,10,Friday,False,0,0,0,0,0,0,0,0,0.0,0.0,0.0,0.0,0.0,0.0,0.0,0.0,0,False,,0.007217171717171671,0.4709595959595968,0.04309644670050762,0.013799244332493663,55.867684478371494,43.299145299145295
20160610_SU,31.3,24.6,60.9,31.3,59.5,24.1,27.7,65.9,22.1,25.9,69.5,21.7,28.4,49.1,23.3,32.2,47.3,24.7,26.3,51.8,21.2,27.7,48.1,22.2,204,2016-06-10,SU,6,4,10,Friday,False,0,0,0,0,0,0,0,0,0.0,0.0,0.0,0.0,0.0,0.0,0.0,0.0,0,False,,0.005928571428571368,0.5613082039911308,0.02849999999999997,0.04852922077922076,61.752992383025024,35.74067796610169
20160610_US,25.8,21.9,84.6,24.5,90.4,21.4,24.2,93.5,20.8,24.4,90.4,20.4,18.9,96.6,18.0,22.7,83.1,19.5,23.9,79.9,19.4,28.2,51.4,22.3,14,2016-06-10,US,6,4,10,Friday,False,0,0,0,0,0,0,0,0,0.0,0.0,0.0,0.0,0.0,0.0,0.0,0.0,0,False,,0.008708588957055162,0.4251533742331299,0.037598159509202436,0.019190184049079708,35.07142857142857,22.625
20160611_BS,26.6,23.1,80.6,25.3,78.0,22.3,26.1,80.3,21.9,22.2,89.1,20.4,25.4,85.4,20.9,20.4,85.9,19.3,25.1,73.3,20.6,23.8,78.8,19.7,25,2016-06-11,BS,6,5,11,Saturday,False,0,0,0,0,0,0,0,0,0.0,0.0,0.0,0.0,0.0,0.0,0.0,0.0,0,True,,0.007338235294117626,0.3467592592592594,0.024968253968253955,0.021051587301587286,42.88023952095809,30.010245901639344
20160611_CB,30.013333333000002,24.693333333,66.953333333,31.553333333,61.5,24.526666666999997,30.046666666999997,60.526666667,23.0,26.593333333,65.68,21.46,26.766666667,67.56,21.56,22.726666666999996,67.406666667,19.56,30.146666666999998,51.506666667,22.393333333,23.113333333000003,62.273333333000004,19.706666667,10,2016-06-11,CB,6,5,11,Saturday,False,0,0,0,0,0,0,0,0,0.0,0.0,0.0,0.0,0.0,0.0,0.0,0.0,0,True,,0.0034094696969696994,0.3215909090909092,0.03712121212121211,0.012288257575757536,60.399239543726246,38.645833333333336
20160611_CN,28.175,24.0125,81.51875,28.8375,80.315384615,22.89375,29.29375,74.225,22.18125,26.05,78.8875,21.01875,26.325,77.1,21.18125,24.1375,78.06875,20.15625,29.675,66.7,22.075,21.58125,79.50625,19.05625,13,2016-06-11,CN,6,5,11,Saturday,False,0,0,0,0,0,0,0,0,0.0,0.0,0.0,0.0,0.0,0.0,0.0,0.0,0,True,,0.002698333333333336,0.2933333333333329,0.03821249999999998,0.009234166666666654,46.34583333333333,25.544117647058826
20160611_DG,31.6,25.3,64.3,32.1,64.4,24.5,27.4,75.8,22.7,24.7,87.0,21.9,28.4,73.6,22.9,19.3,87.4,18.4,25.6,67.8,20.8,23.0,71.0,20.5,15,2016-06-11,DG,6,5,11,Saturday,False,0,0,0,0,0,0,0,0,0.0,0.0,0.0,0.0,0.0,0.0,0.0,0.0,0,True,,0.003809027777777775,0.269791666666667,0.035996527777777766,0.012562499999999964,45.04895104895105,28.82010582010582
20160611_DJ,29.8,25.6,71.5,31.2,67.8,25.3,30.2,65.8,24.0,27.1,72.1,22.4,26.7,75.6,21.9,24.5,73.8,20.8,30.3,59.3,22.9,22.0,77.0,19.9,12,2016-06-11,DJ,6,5,11,Saturday,False,0,0,0,0,0,0,0,0,0.0,0.0,0.0,0.0,0.0,0.0,0.0,0.0,0,True,,0.002112500000000001,0.35333333333333283,0.043537499999999986,0.009704166666666646,43.8744769874477,27.79166666666667
20160611_GB,30.4,24.104166666999998,71.404166667,29.208333333000002,70.2125,22.883333333000003,27.620833333,74.704166667,22.0,23.979166666999998,84.883333333,20.679166667,26.566666667,76.025,21.25,20.841666667000002,82.56666666699999,18.170833333,26.304166666999997,65.458333333,20.1,23.608333333,65.3375,20.158333332999998,17,2016-06-11,GB,6,5,11,Saturday,False,0,0,0,0,0,0,0,0,0.0,0.0,0.0,0.0,0.0,0.0,0.0,0.0,0,True,,0.0036301470588235188,0.4171568627450978,0.03813221153846155,0.011342014742014718,39.49537037037037,26.097142857142853
20160611_GG,27.971428571,23.64047619,78.245238095,30.528571429,67.19,23.802380951999996,30.25952381,67.573809524,23.107142857,26.964285714000003,73.704761905,21.471428571,26.819047619000003,72.097619048,21.771428570999998,26.74047619,57.545238095,22.266666667,31.133333333000003,55.019047619,23.730952380999998,24.928571429,60.611904761999995,20.521428570999998,61,2016-06-11,GG,6,5,11,Saturday,False,0,0,0,0,0,0,0,0,0.0,0.0,0.0,0.0,0.0,0.0,0.0,0.0,0,True,,0.004168854166666593,0.4141559829059772,0.031801084010840024,0.01899611288604901,49.10844629822732,28.551923076923078
20160611_GJ,29.5,24.3,80.3,29.7,75.6,23.7,29.6,75.9,23.4,26.4,75.8,22.5,25.2,85.5,21.4,22.4,86.6,20.1,26.2,75.5,21.0,22.2,86.8,18.4,11,2016-06-11,GJ,6,5,11,Saturday,False,0,0,0,0,0,0,0,0,0.0,0.0,0.0,0.0,0.0,0.0,0.0,0.0,0,True,,0.0019583333333333354,0.3106481481481474,0.029564814814814808,0.011291666666666656,36.680555555555564,25.55357142857143
20160611_GN,28.331818182,23.345454545,79.181818182,27.868181818000004,75.495454545,22.695454545,27.854545455,80.163636364,22.077272726999997,24.313636364,86.118181818,21.195454545,26.231818181999998,81.077272727,21.35,20.195454545,84.35,18.868181818,26.922727273000003,65.977272727,21.172727273,22.659090909,81.55909090899999,18.504545455,17,2016-06-11,GN,6,5,11,Saturday,False,0,0,0,0,0,0,0,0,0.0,0.0,0.0,0.0,0.0,0.0,0.0,0.0,0,True,,0.005660326086956498,0.36678966789668016,0.027029357798165104,0.014185795454545428,47.66061705989111,30.883268482490273
20160611_GW,28.133333333000003,23.061111111,71.85,29.211111110999997,67.133333333,22.366666666999997,27.744444444000003,71.733333333,21.561111111,25.227777778000004,74.9,20.972222222,25.583333333000002,74.088888889,20.7,25.15,67.84444444399999,19.755555555999997,27.0,62.783333333,20.305555555999998,25.166666666999998,57.777777778,20.038888889000003,7,2016-06-11,GW,6,5,11,Saturday,False,0,0,0,0,0,0,0,0,0.0,0.0,0.0,0.0,0.0,0.0,0.0,0.0,0,True,,0.002134166666666667,0.40666666666666706,0.045191666666666616,0.01368791666666665,53.15,40.75352112676056
20160611_IC,25.61,22.16,94.25,26.31,87.15,21.76,26.62,84.4,21.51,22.75,95.61,19.45,24.86,89.55,20.88,25.56,70.28,21.93,28.75,66.96,22.99,23.66,81.37,20.15,8,2016-06-11,IC,6,5,11,Saturday,False,0,0,0,0,0,0,0,0,0.0,0.0,0.0,0.0,0.0,0.0,0.0,0.0,0,True,,0.00580815109343934,0.4143141153081514,0.029278330019880706,0.017098608349900568,47.40606060606061,25.031141868512112
20160611_JB,28.833333333000002,23.806666667,78.546666667,29.08,75.76,23.006666666999998,29.053333333,73.06666666699999,22.466666667,25.373333333,76.18,21.1,25.713333333,79.4,20.946666667,23.226666666999996,77.606666667,19.813333333,28.866666666999997,67.086666667,21.02,21.226666667,80.2,18.653333333,28,2016-06-11,JB,6,5,11,Saturday,False,0,0,0,0,0,0,0,0,0.0,0.0,0.0,0.0,0.0,0.0,0.0,0.0,0,True,,0.0038783333333333244,0.3763020833333341,0.03375277777777777,0.011312760416666632,52.77284595300261,37.11946902654867
20160611_JJ,26.6,23.65,87.4,25.8,80.9,22.45,23.55,88.9,20.6,22.05,92.3,20.15,23.35,93.55,20.25,21.6,91.85,19.7,22.5,82.45,19.9,22.75,88.55,18.15,4,2016-06-11,JJ,6,5,11,Saturday,False,0,0,0,0,0,0,0,0,0.0,0.0,0.0,0.0,0.0,0.0,0.0,0.0,0,True,,0.003512500000000004,0.2957894736842108,0.02205208333333332,0.011143750000000016,37.276595744680854,23.42857142857143
20160611_JN,27.15,23.163636364000002,84.759090909,27.227272727,79.977272727,22.631818181999996,27.927272727,80.754545455,22.3,24.986363636,82.16818181800001,21.459090909,24.268181818000002,86.8,20.9,22.072727273,83.927272727,19.972727273,24.881818181999996,75.772727273,20.631818182,21.063636364,89.06363636399999,18.272727273,23,2016-06-11,JN,6,5,11,Saturday,False,0,0,0,0,0,0,0,0,0.0,0.0,0.0,0.0,0.0,0.0,0.0,0.0,0,True,,0.007410784313725462,0.4017156862745096,0.02737851662404089,0.013330886075949335,42.4468085106383,33.265116279069765
20160611_SU,26.5,23.5,74.3,31.3,60.9,24.6,31.3,59.5,24.1,27.7,65.9,22.1,25.9,69.5,21.7,28.4,49.1,23.3,32.2,47.3,24.7,26.3,51.8,21.2,51,2016-06-11,SU,6,5,11,Saturday,False,0,0,0,0,0,0,0,0,0.0,0.0,0.0,0.0,0.0,0.0,0.0,0.0,0,True,,0.005083333333333265,0.4573464912280683,0.022970085470085416,0.03113995726495718,50.20711974110032,30.559663865546216
20160611_US,28.6,23.9,79.6,25.8,84.6,21.9,24.5,90.4,21.4,24.2,93.5,20.8,24.4,90.4,20.4,18.9,96.6,18.0,22.7,83.1,19.5,23.9,79.9,19.4,10,2016-06-11,US,6,5,11,Saturday,False,0,0,0,0,0,0,0,0,0.0,0.0,0.0,0.0,0.0,0.0,0.0,0.0,0,True,,0.009777777777777736,0.4572222222222242,0.027205555555555528,0.019455555555555518,44.722891566265055,27.88811188811189
20160612_BS,24.1,22.4,91.9,26.6,80.6,23.1,25.3,78.0,22.3,26.1,80.3,21.9,22.2,89.1,20.4,25.4,85.4,20.9,20.4,85.9,19.3,25.1,73.3,20.6,1,2016-06-12,BS,6,6,12,Sunday,False,0,0,0,0,0,0,0,0,0.0,0.0,0.0,0.0,0.0,0.0,0.0,0.0,0,True,,0.008808353808353785,0.3453703703703705,0.014061507936507898,0.020839285714285696,33.22023809523809,24.3468085106383
20160612_CB,27.306666667,23.926666667,78.48,30.013333333000002,66.953333333,24.693333333,31.553333333,61.5,24.526666666999997,30.046666666999997,60.526666667,23.0,26.593333333,65.68,21.46,26.766666667,67.56,21.56,22.726666666999996,67.406666667,19.56,30.146666666999998,51.506666667,22.393333333,1,2016-06-12,CB,6,6,12,Sunday,False,0,0,0,0,0,0,0,0,0.0,0.0,0.0,0.0,0.0,0.0,0.0,0.0,0,True,,0.0026008196721311497,0.232575757575758,0.02014393939393937,0.008100757575757555,26.37642585551331,14.979166666666664
20160612_CN,26.0625,23.11875,89.225,28.175,81.51875,24.0125,28.8375,80.315384615,22.89375,29.29375,74.225,22.18125,26.05,78.8875,21.01875,26.325,77.1,21.18125,24.1375,78.06875,20.15625,29.675,66.7,22.075,0,2016-06-12,CN,6,6,12,Sunday,False,0,0,0,0,0,0,0,0,0.0,0.0,0.0,0.0,0.0,0.0,0.0,0.0,0,True,,0.002881666666666669,0.2620833333333337,0.025720833333333318,0.00953166666666665,29.341666666666665,18.463768115942027
20160612_DG,26.3,23.9,77.6,31.6,64.3,25.3,32.1,64.4,24.5,27.4,75.8,22.7,24.7,87.0,21.9,28.4,73.6,22.9,19.3,87.4,18.4,25.6,67.8,20.8,0,2016-06-12,DG,6,6,12,Sunday,False,0,0,0,0,0,0,0,0,0.0,0.0,0.0,0.0,0.0,0.0,0.0,0.0,0,True,,0.003621527777777778,0.289236111111111,0.013517361111111077,0.014482638888888863,46.70383275261324,30.367021276595747
20160612_DJ,27.4,24.9,81.1,29.8,71.5,25.6,31.2,67.8,25.3,30.2,65.8,24.0,27.1,72.1,22.4,26.7,75.6,21.9,24.5,73.8,20.8,30.3,59.3,22.9,3,2016-06-12,DJ,6,6,12,Sunday,False,0,0,0,0,0,0,0,0,0.0,0.0,0.0,0.0,0.0,0.0,0.0,0.0,0,True,,0.0016333333333333345,0.2608333333333335,0.024299999999999974,0.007087499999999981,28.025,17.15277777777778
20160612_GB,26.741666666999997,23.254166667,82.6375,30.4,71.404166667,24.104166666999998,29.208333333000002,70.2125,22.883333333000003,27.620833333,74.704166667,22.0,23.979166666999998,84.883333333,20.679166667,26.566666667,76.025,21.25,20.841666667000002,82.56666666699999,18.170833333,26.304166666999997,65.458333333,20.1,0,2016-06-12,GB,6,6,12,Sunday,False,0,0,0,0,0,0,0,0,0.0,0.0,0.0,0.0,0.0,0.0,0.0,0.0,0,True,,0.004146813725490186,0.410864197530864,0.02040875912408755,0.010098039215686245,38.14814814814815,25.847457627118644
20160612_GG,27.485714286,23.454761905,83.95952381,27.971428571,78.245238095,23.64047619,30.528571429,67.19,23.802380951999996,30.25952381,67.573809524,23.107142857,26.964285714000003,73.704761905,21.471428571,26.819047619000003,72.097619048,21.771428570999998,26.74047619,57.545238095,22.266666667,31.133333333000003,55.019047619,23.730952380999998,6,2016-06-12,GG,6,6,12,Sunday,False,0,0,0,0,0,0,0,0,0.0,0.0,0.0,0.0,0.0,0.0,0.0,0.0,0,True,,0.0034139280125195103,0.3656013001083389,0.02631685886875348,0.012886243954863008,28.15916230366492,17.417495029821072
20160612_GJ,26.5,24.1,88.1,29.5,80.3,24.3,29.7,75.6,23.7,29.6,75.9,23.4,26.4,75.8,22.5,25.2,85.5,21.4,22.4,86.6,20.1,26.2,75.5,21.0,1,2016-06-12,GJ,6,6,12,Sunday,False,0,0,0,0,0,0,0,0,0.0,0.0,0.0,0.0,0.0,0.0,0.0,0.0,0,True,,0.0017685185185185195,0.27361111111111025,0.016935185185185154,0.011374999999999979,32.41203703703704,21.58333333333333
20160612_GN,25.590909091,22.622727273000002,89.454545455,28.331818182,79.181818182,23.345454545,27.868181818000004,75.495454545,22.695454545,27.854545455,80.163636364,22.077272726999997,24.313636364,86.118181818,21.195454545,26.231818181999998,81.077272727,21.35,20.195454545,84.35,18.868181818,26.922727273000003,65.977272727,21.172727273,1,2016-06-12,GN,6,6,12,Sunday,False,0,0,0,0,0,0,0,0,0.0,0.0,0.0,0.0,0.0,0.0,0.0,0.0,0,True,,0.004663949275362293,0.3560606060606067,0.013874999999999957,0.01607038461538459,39.40036231884058,24.83461538461539
20160612_GW,28.511111110999998,23.211111110999997,78.894444444,28.133333333000003,71.85,23.061111111,29.211111110999997,67.133333333,22.366666666999997,27.744444444000003,71.733333333,21.561111111,25.227777778000004,74.9,20.972222222,25.583333333000002,74.088888889,20.7,25.15,67.84444444399999,19.755555555999997,27.0,62.783333333,20.305555555999998,1,2016-06-12,GW,6,6,12,Sunday,False,0,0,0,0,0,0,0,0,0.0,0.0,0.0,0.0,0.0,0.0,0.0,0.0,0,True,,0.001567916666666667,0.3145833333333333,0.02936666666666665,0.009597916666666644,33.640167364016726,26.297101449275363
20160612_IC,25.15,21.51,96.64,25.61,94.25,22.16,26.31,87.15,21.76,26.62,84.4,21.51,22.75,95.61,19.45,24.86,89.55,20.88,25.56,70.28,21.93,28.75,66.96,22.99,1,2016-06-12,IC,6,6,12,Sunday,False,0,0,0,0,0,0,0,0,0.0,0.0,0.0,0.0,0.0,0.0,0.0,0.0,0,True,,0.004646230158730133,0.4053677932405559,0.02637301587301584,0.011699007936507909,32.4,16.6875
20160612_JB,25.9,23.126666667,85.726666667,28.833333333000002,78.546666667,23.806666667,29.08,75.76,23.006666666999998,29.053333333,73.06666666699999,22.466666667,25.373333333,76.18,21.1,25.713333333,79.4,20.946666667,23.226666666999996,77.606666667,19.813333333,28.866666666999997,67.086666667,21.02,1,2016-06-12,JB,6,6,12,Sunday,False,0,0,0,0,0,0,0,0,0.0,0.0,0.0,0.0,0.0,0.0,0.0,0.0,0,True,,0.0033827777777777693,0.2939473684210529,0.01959077809798266,0.009422309711286063,34.040106951871664,21.81372549019608
20160612_JJ,24.15,22.5,95.25,26.6,87.4,23.65,25.8,80.9,22.45,23.55,88.9,20.6,22.05,92.3,20.15,23.35,93.55,20.25,21.6,91.85,19.7,22.5,82.45,19.9,0,2016-06-12,JJ,6,6,12,Sunday,False,0,0,0,0,0,0,0,0,0.0,0.0,0.0,0.0,0.0,0.0,0.0,0.0,0,True,,0.003299999999999997,0.2726315789473687,0.012623655913978495,0.011915625000000006,28.191011235955052,17.622222222222227
20160612_JN,25.477272727,23.318181818000003,91.090909091,27.15,84.759090909,23.163636364000002,27.227272727,79.977272727,22.631818181999996,27.927272727,80.754545455,22.3,24.986363636,82.16818181800001,21.459090909,24.268181818000002,86.8,20.9,22.072727273,83.927272727,19.972727273,24.881818181999996,75.772727273,20.631818182,2,2016-06-12,JN,6,6,12,Sunday,False,0,0,0,0,0,0,0,0,0.0,0.0,0.0,0.0,0.0,0.0,0.0,0.0,0,True,,0.007452205882352919,0.4281862745098029,0.01384367245657565,0.013896323529411732,36.175742574257434,26.930131004366807
20160612_SU,26.7,23.5,79.4,26.5,74.3,23.5,31.3,60.9,24.6,31.3,59.5,24.1,27.7,65.9,22.1,25.9,69.5,21.7,28.4,49.1,23.3,32.2,47.3,24.7,2,2016-06-12,SU,6,6,12,Sunday,False,0,0,0,0,0,0,0,0,0.0,0.0,0.0,0.0,0.0,0.0,0.0,0.0,0,True,,0.00427243589743588,0.3807692307692312,0.02120726495726491,0.021168803418803384,31.32330827067669,20.093696763202725
20160612_US,24.6,21.9,95.6,28.6,79.6,23.9,25.8,84.6,21.9,24.5,90.4,21.4,24.2,93.5,20.8,24.4,90.4,20.4,18.9,96.6,18.0,22.7,83.1,19.5,0,2016-06-12,US,6,6,12,Sunday,False,0,0,0,0,0,0,0,0,0.0,0.0,0.0,0.0,0.0,0.0,0.0,0.0,0,True,,0.009841666666666624,0.4700000000000017,0.012586402266288918,0.020658333333333317,35.96716417910448,24.65714285714286
20160613_BS,25.7,21.9,86.4,24.1,91.9,22.4,26.6,80.6,23.1,25.3,78.0,22.3,26.1,80.3,21.9,22.2,89.1,20.4,25.4,85.4,20.9,20.4,85.9,19.3,98,2016-06-13,BS,6,0,13,Monday,False,0,0,0,0,0,0,0,0,0.0,0.0,0.0,0.0,0.0,0.0,0.0,0.0,0,False,,0.00633413461538459,0.4004672897196272,0.021679358717434826,0.021779559118236445,42.872983870967744,29.054108216432862
20160613_CB,29.193333333,23.733333333,67.373333333,27.306666667,78.48,23.926666667,30.013333333000002,66.953333333,24.693333333,31.553333333,61.5,24.526666666999997,30.046666666999997,60.526666667,23.0,26.593333333,65.68,21.46,26.766666667,67.56,21.56,22.726666666999996,67.406666667,19.56,39,2016-06-13,CB,6,0,13,Monday,False,0,0,0,0,0,0,0,0,0.0,0.0,0.0,0.0,0.0,0.0,0.0,0.0,0,False,,0.003077824267782429,0.35589353612167285,0.04028136882129274,0.01298479087452468,47.97727272727273,32.610878661087874
20160613_CN,28.15,22.51875,80.09375,26.0625,89.225,23.11875,28.175,81.51875,24.0125,28.8375,80.315384615,22.89375,29.29375,74.225,22.18125,26.05,78.8875,21.01875,26.325,77.1,21.18125,24.1375,78.06875,20.15625,68,2016-06-13,CN,6,0,13,Monday,False,0,0,0,0,0,0,0,0,0.0,0.0,0.0,0.0,0.0,0.0,0.0,0.0,0,False,,0.0045575000000000025,0.5279166666666668,0.05204999999999997,0.01498416666666665,62.2375,35.458333333333336
20160613_DG,28.3,23.1,74.6,26.3,77.6,23.9,31.6,64.3,25.3,32.1,64.4,24.5,27.4,75.8,22.7,24.7,87.0,21.9,28.4,73.6,22.9,19.3,87.4,18.4,68,2016-06-13,DG,6,0,13,Monday,False,0,0,0,0,0,0,0,0,0.0,0.0,0.0,0.0,0.0,0.0,0.0,0.0,0,False,,0.002711267605633805,0.3221830985915488,0.02542605633802815,0.012883802816901366,45.45263157894736,28.74866310160428
20160613_DJ,29.6,24.6,72.8,27.4,81.1,24.9,29.8,71.5,25.6,31.2,67.8,25.3,30.2,65.8,24.0,27.1,72.1,22.4,26.7,75.6,21.9,24.5,73.8,20.8,41,2016-06-13,DJ,6,0,13,Monday,False,0,0,0,0,0,0,0,0,0.0,0.0,0.0,0.0,0.0,0.0,0.0,0.0,0,False,,0.002042194092827006,0.3531645569620251,0.039295358649789024,0.012278481012658205,40.729957805907176,23.271428571428572
20160613_GB,27.7125,22.35,78.0,26.741666666999997,82.6375,23.254166667,30.4,71.404166667,24.104166666999998,29.208333333000002,70.2125,22.883333333000003,27.620833333,74.704166667,22.0,23.979166666999998,84.883333333,20.679166667,26.566666667,76.025,21.25,20.841666667000002,82.56666666699999,18.170833333,77,2016-06-13,GB,6,0,13,Monday,False,0,0,0,0,0,0,0,0,0.0,0.0,0.0,0.0,0.0,0.0,0.0,0.0,0,False,,0.004546616541353368,0.464661654135337,0.030423940149625912,0.010752777777777762,30.178313253012053,17.73248407643312
20160613_GG,28.980952380999998,22.9,76.07619047600001,27.485714286,83.95952381,23.454761905,27.971428571,78.245238095,23.64047619,30.528571429,67.19,23.802380951999996,30.25952381,67.573809524,23.107142857,26.964285714000003,73.704761905,21.471428571,26.819047619000003,72.097619048,21.771428570999998,26.74047619,57.545238095,22.266666667,221,2016-06-13,GG,6,0,13,Monday,False,0,0,0,0,0,0,0,0,0.0,0.0,0.0,0.0,0.0,0.0,0.0,0.0,0,False,,0.003575174637291727,0.5498340707964612,0.037822222222222215,0.022890717754991984,59.992576882290564,32.37964774951077
20160613_GJ,30.4,24.1,78.5,26.5,88.1,24.1,29.5,80.3,24.3,29.7,75.6,23.7,29.6,75.9,23.4,26.4,75.8,22.5,25.2,85.5,21.4,22.4,86.6,20.1,38,2016-06-13,GJ,6,0,13,Monday,False,0,0,0,0,0,0,0,0,0.0,0.0,0.0,0.0,0.0,0.0,0.0,0.0,0,False,,0.0019444444444444461,0.3124999999999993,0.0344861111111111,0.012449074074074052,25.347222222222218,15.808383233532936
20160613_GN,28.040909091,23.090909091,80.659090909,25.590909091,89.454545455,22.622727273000002,28.331818182,79.181818182,23.345454545,27.868181818000004,75.495454545,22.695454545,27.854545455,80.163636364,22.077272726999997,24.313636364,86.118181818,21.195454545,26.231818181999998,81.077272727,21.35,20.195454545,84.35,18.868181818,79,2016-06-13,GN,6,0,13,Monday,False,0,0,0,0,0,0,0,0,0.0,0.0,0.0,0.0,0.0,0.0,0.0,0.0,0,False,,0.004448587570621446,0.3962192816635178,0.026702127659574446,0.015725296442687726,47.35969868173258,31.193675889328066
20160613_GW,26.761111110999998,21.666666666999998,75.255555556,28.511111110999998,78.894444444,23.211111110999997,28.133333333000003,71.85,23.061111111,29.211111110999997,67.133333333,22.366666666999997,27.744444444000003,71.733333333,21.561111111,25.227777778000004,74.9,20.972222222,25.583333333000002,74.088888889,20.7,25.15,67.84444444399999,19.755555555999997,39,2016-06-13,GW,6,0,13,Monday,False,0,0,0,0,0,0,0,0,0.0,0.0,0.0,0.0,0.0,0.0,0.0,0.0,0,False,,0.001528991596638656,0.29533898305084744,0.03623109243697476,0.007516386554621847,27.560669456066947,19.827067669172934
20160613_IC,25.52,20.64,94.0,25.15,96.64,21.51,25.61,94.25,22.16,26.31,87.15,21.76,26.62,84.4,21.51,22.75,95.61,19.45,24.86,89.55,20.88,25.56,70.28,21.93,45,2016-06-13,IC,6,0,13,Monday,False,0,0,0,0,0,0,0,0,0.0,0.0,0.0,0.0,0.0,0.0,0.0,0.0,0,False,,0.005462851405622475,0.5618473895582317,0.03830722891566262,0.019502008032128496,57.7834008097166,32.535117056856194
20160613_JB,28.213333333,22.346666666999997,78.193333333,25.9,85.726666667,23.126666667,28.833333333000002,78.546666667,23.806666667,29.08,75.76,23.006666666999998,29.053333333,73.06666666699999,22.466666667,25.373333333,76.18,21.1,25.713333333,79.4,20.946666667,23.226666666999996,77.606666667,19.813333333,86,2016-06-13,JB,6,0,13,Monday,False,0,0,0,0,0,0,0,0,0.0,0.0,0.0,0.0,0.0,0.0,0.0,0.0,0,False,,0.004045833333333324,0.41015625000000094,0.04583333333333334,0.011678645833333308,50.66933333333333,36.1409090909091
20160613_JJ,24.75,22.05,89.15,24.15,95.25,22.5,26.6,87.4,23.65,25.8,80.9,22.45,23.55,88.9,20.6,22.05,92.3,20.15,23.35,93.55,20.25,21.6,91.85,19.7,15,2016-06-13,JJ,6,0,13,Monday,False,0,0,0,0,0,0,0,0,0.0,0.0,0.0,0.0,0.0,0.0,0.0,0.0,0,False,,0.0031879120879120893,0.30736842105263185,0.024413043478260864,0.00991041666666667,31.0,18.6
20160613_JN,27.913636364000002,23.118181818000004,82.281818182,25.477272727,91.090909091,23.318181818000003,27.15,84.759090909,23.163636364000002,27.227272727,79.977272727,22.631818181999996,27.927272727,80.754545455,22.3,24.986363636,82.16818181800001,21.459090909,24.268181818000002,86.8,20.9,22.072727273,83.927272727,19.972727273,69,2016-06-13,JN,6,0,13,Monday,False,0,0,0,0,0,0,0,0,0.0,0.0,0.0,0.0,0.0,0.0,0.0,0.0,0,False,,0.006275980392156814,0.438970588235294,0.029825980392156837,0.011279656862745058,36.84367245657568,28.394736842105264
20160613_SU,29.6,23.5,70.5,26.7,79.4,23.5,26.5,74.3,23.5,31.3,60.9,24.6,31.3,59.5,24.1,27.7,65.9,22.1,25.9,69.5,21.7,28.4,49.1,23.3,263,2016-06-13,SU,6,0,13,Monday,False,0,0,0,0,0,0,0,0,0.0,0.0,0.0,0.0,0.0,0.0,0.0,0.0,0,False,,0.004397616468038977,0.568743047830924,0.02758396533044416,0.03344528710725888,65.43634385201304,37.54671280276818
20160613_US,24.1,20.8,93.1,24.6,95.6,21.9,28.6,79.6,23.9,25.8,84.6,21.9,24.5,90.4,21.4,24.2,93.5,20.8,24.4,90.4,20.4,18.9,96.6,18.0,18,2016-06-13,US,6,0,13,Monday,False,0,0,0,0,0,0,0,0,0.0,0.0,0.0,0.0,0.0,0.0,0.0,0.0,0,False,,0.0059518413597733355,0.4315340909090919,0.024426900584795304,0.01823796033994329,33.02127659574468,21.36842105263158
20160614_BS,24.2,21.1,87.3,25.7,86.4,21.9,24.1,91.9,22.4,26.6,80.6,23.1,25.3,78.0,22.3,26.1,80.3,21.9,22.2,89.1,20.4,25.4,85.4,20.9,102,2016-06-14,BS,6,1,14,Tuesday,False,0,0,0,0,0,0,0,0,0.0,0.0,0.0,0.0,0.0,0.0,0.0,0.0,0,False,,0.0072767441860464846,0.3669767441860476,0.029567134268537045,0.02203006012024044,46.87272727272728,33.18436873747495
20160614_CB,29.766666667,23.64,68.293333333,29.193333333,67.373333333,23.733333333,27.306666667,78.48,23.926666667,30.013333333000002,66.953333333,24.693333333,31.553333333,61.5,24.526666666999997,30.046666666999997,60.526666667,23.0,26.593333333,65.68,21.46,26.766666667,67.56,21.56,23,2016-06-14,CB,6,1,14,Tuesday,False,0,0,0,0,0,0,0,0,0.0,0.0,0.0,0.0,0.0,0.0,0.0,0.0,0,False,,0.0033227272727272754,0.3874015748031498,0.040708661417322836,0.015187795275590532,56.23255813953488,37.137931034482754
20160614_CN,27.99375,22.08125,82.3875,28.15,80.09375,22.51875,26.0625,89.225,23.11875,28.175,81.51875,24.0125,28.8375,80.315384615,22.89375,29.29375,74.225,22.18125,26.05,78.8875,21.01875,26.325,77.1,21.18125,56,2016-06-14,CN,6,1,14,Tuesday,False,0,0,0,0,0,0,0,0,0.0,0.0,0.0,0.0,0.0,0.0,0.0,0.0,0,False,,0.0026712500000000017,0.395416666666666,0.046299999999999966,0.011472916666666649,51.15416666666667,28.394366197183103
20160614_DG,28.4,22.6,72.9,28.3,74.6,23.1,26.3,77.6,23.9,31.6,64.3,25.3,32.1,64.4,24.5,27.4,75.8,22.7,24.7,87.0,21.9,28.4,73.6,22.9,67,2016-06-14,DG,6,1,14,Tuesday,False,0,0,0,0,0,0,0,0,0.0,0.0,0.0,0.0,0.0,0.0,0.0,0.0,0,False,,0.0025036496350364984,0.34532374100719393,0.03680645161290317,0.012906474820143862,47.121863799283155,30.547368421052628
20160614_DJ,30.3,24.2,73.9,29.6,72.8,24.6,27.4,81.1,24.9,29.8,71.5,25.6,31.2,67.8,25.3,30.2,65.8,24.0,27.1,72.1,22.4,26.7,75.6,21.9,40,2016-06-14,DJ,6,1,14,Tuesday,False,0,0,0,0,0,0,0,0,0.0,0.0,0.0,0.0,0.0,0.0,0.0,0.0,0,False,,0.002154166666666668,0.4408333333333338,0.04680833333333334,0.01259999999999997,56.19583333333333,33.625
20160614_GB,26.795833333,21.845454545,79.786363636,27.7125,78.0,22.35,26.741666666999997,82.6375,23.254166667,30.4,71.404166667,24.104166666999998,29.208333333000002,70.2125,22.883333333000003,27.620833333,74.704166667,22.0,23.979166666999998,84.883333333,20.679166667,26.566666667,76.025,21.25,58,2016-06-14,GB,6,1,14,Tuesday,False,0,0,0,0,0,0,0,0,0.0,0.0,0.0,0.0,0.0,0.0,0.0,0.0,0,False,,0.003852499999999986,0.429177057356608,0.03781796690307325,0.010577443609022536,32.871536523929464,20.089041095890405
20160614_GG,29.183333333,23.111904761999998,70.930952381,28.980952380999998,76.07619047600001,22.9,27.485714286,83.95952381,23.454761905,27.971428571,78.245238095,23.64047619,30.528571429,67.19,23.802380951999996,30.25952381,67.573809524,23.107142857,26.964285714000003,73.704761905,21.471428571,26.819047619000003,72.097619048,21.771428570999998,241,2016-06-14,GG,6,1,14,Tuesday,False,0,0,0,0,0,0,0,0,0.0,0.0,0.0,0.0,0.0,0.0,0.0,0.0,0,False,,0.004519675562532632,0.4925492283129299,0.037362950996230535,0.025849682875264384,52.528223718280685,28.05996472663139
20160614_GJ,29.9,23.6,73.9,30.4,78.5,24.1,26.5,88.1,24.1,29.5,80.3,24.3,29.7,75.6,23.7,29.6,75.9,23.4,26.4,75.8,22.5,25.2,85.5,21.4,62,2016-06-14,GJ,6,1,14,Tuesday,False,0,0,0,0,0,0,0,0,0.0,0.0,0.0,0.0,0.0,0.0,0.0,0.0,0,False,,0.0018611111111111124,0.3495370370370367,0.03462499999999997,0.01387499999999999,40.268518518518526,27.273809523809533
20160614_GN,26.781818182,22.55,79.140909091,28.040909091,80.659090909,23.090909091,25.590909091,89.454545455,22.622727273000002,28.331818182,79.181818182,23.345454545,27.868181818000004,75.495454545,22.695454545,27.854545455,80.163636364,22.077272726999997,24.313636364,86.118181818,21.195454545,26.231818181999998,81.077272727,21.35,64,2016-06-14,GN,6,1,14,Tuesday,False,0,0,0,0,0,0,0,0,0.0,0.0,0.0,0.0,0.0,0.0,0.0,0.0,0,False,,0.005727524752475226,0.3994059405940613,0.034005952380952366,0.01676782077393073,46.832323232323226,30.081300813008127
20160614_GW,26.627777778000002,21.316666667,75.888888889,26.761111110999998,75.255555556,21.666666666999998,28.511111110999998,78.894444444,23.211111110999997,28.133333333000003,71.85,23.061111111,29.211111110999997,67.133333333,22.366666666999997,27.744444444000003,71.733333333,21.561111111,25.227777778000004,74.9,20.972222222,25.583333333000002,74.088888889,20.7,37,2016-06-14,GW,6,1,14,Tuesday,False,0,0,0,0,0,0,0,0,0.0,0.0,0.0,0.0,0.0,0.0,0.0,0.0,0,False,,0.002276068376068376,0.3371794871794872,0.03626068376068377,0.010557264957264941,35.22649572649573,27.175182481751822
20160614_IC,25.22,21.36,90.38,25.52,94.0,20.64,25.15,96.64,21.51,25.61,94.25,22.16,26.31,87.15,21.76,26.62,84.4,21.51,22.75,95.61,19.45,24.86,89.55,20.88,69,2016-06-14,IC,6,1,14,Tuesday,False,0,0,0,0,0,0,0,0,0.0,0.0,0.0,0.0,0.0,0.0,0.0,0.0,0,False,,0.006609110169491498,0.5065677966101709,0.033983050847457584,0.022790042372881326,46.068817204301084,23.869565217391305
20160614_JB,29.193333333,22.2,76.54,28.213333333,78.193333333,22.346666666999997,25.9,85.726666667,23.126666667,28.833333333000002,78.546666667,23.806666667,29.08,75.76,23.006666666999998,29.053333333,73.06666666699999,22.466666667,25.373333333,76.18,21.1,25.713333333,79.4,20.946666667,78,2016-06-14,JB,6,1,14,Tuesday,False,0,0,0,0,0,0,0,0,0.0,0.0,0.0,0.0,0.0,0.0,0.0,0.0,0,False,,0.0038919444444444396,0.4151041666666678,0.040460641399416894,0.0117919270833333,53.334203655352475,37.376106194690266
20160614_JJ,24.75,21.75,81.45,24.75,89.15,22.05,24.15,95.25,22.5,26.6,87.4,23.65,25.8,80.9,22.45,23.55,88.9,20.6,22.05,92.3,20.15,23.35,93.55,20.25,16,2016-06-14,JJ,6,1,14,Tuesday,False,0,0,0,0,0,0,0,0,0.0,0.0,0.0,0.0,0.0,0.0,0.0,0.0,0,False,,0.003313541666666669,0.3210526315789473,0.03469791666666665,0.008058333333333337,38.096774193548384,24.04347826086957
20160614_JN,27.245454545,22.522727273,79.41818181800001,27.913636364000002,82.281818182,23.118181818000004,25.477272727,91.090909091,23.318181818000003,27.15,84.759090909,23.163636364000002,27.227272727,79.977272727,22.631818181999996,27.927272727,80.754545455,22.3,24.986363636,82.16818181800001,21.459090909,24.268181818000002,86.8,20.9,64,2016-06-14,JN,6,1,14,Tuesday,False,0,0,0,0,0,0,0,0,0.0,0.0,0.0,0.0,0.0,0.0,0.0,0.0,0,False,,0.0055215686274509524,0.3581280788177348,0.03682107843137256,0.01000882352941172,35.23558897243108,27.09051724137931
20160614_SU,29.5,23.8,62.5,29.6,70.5,23.5,26.7,79.4,23.5,26.5,74.3,23.5,31.3,60.9,24.6,31.3,59.5,24.1,27.7,65.9,22.1,25.9,69.5,21.7,248,2016-06-14,SU,6,1,14,Tuesday,False,0,0,0,0,0,0,0,0,0.0,0.0,0.0,0.0,0.0,0.0,0.0,0.0,0,False,,0.005375672766415433,0.5424972617743701,0.029551502145922712,0.041791845493562164,53.82282608695653,31.118845500848888
20160614_US,24.6,20.7,92.8,24.1,93.1,20.8,24.6,95.6,21.9,28.6,79.6,23.9,25.8,84.6,21.9,24.5,90.4,21.4,24.2,93.5,20.8,24.4,90.4,20.4,14,2016-06-14,US,6,1,14,Tuesday,False,0,0,0,0,0,0,0,0,0.0,0.0,0.0,0.0,0.0,0.0,0.0,0.0,0,False,,0.009321212121212084,0.43818181818181895,0.033657575757575726,0.021406060606060567,40.10606060606061,25.86666666666667
20160615_BS,24.2,22.4,85.4,24.2,87.3,21.1,25.7,86.4,21.9,24.1,91.9,22.4,26.6,80.6,23.1,25.3,78.0,22.3,26.1,80.3,21.9,22.2,89.1,20.4,84,2016-06-15,BS,6,2,15,Wednesday,False,0,0,0,0,0,0,0,0,0.0,0.0,0.0,0.0,0.0,0.0,0.0,0.0,0,False,,0.006360849056603735,0.3367924528301888,0.027301619433198344,0.019677618069815148,41.77319587628866,29.73913043478261
20160615_CB,25.94,21.846666666999997,77.62,29.766666667,68.293333333,23.64,29.193333333,67.373333333,23.733333333,27.306666667,78.48,23.926666667,30.013333333000002,66.953333333,24.693333333,31.553333333,61.5,24.526666666999997,30.046666666999997,60.526666667,23.0,26.593333333,65.68,21.46,29,2016-06-15,CB,6,2,15,Wednesday,False,0,0,0,0,0,0,0,0,0.0,0.0,0.0,0.0,0.0,0.0,0.0,0.0,0,False,,0.002747859922178991,0.2879377431906611,0.02763813229571981,0.012328404669260674,39.93385214007782,24.987124463519315
20160615_CN,25.3375,21.19375,87.34375,27.99375,82.3875,22.08125,28.15,80.09375,22.51875,26.0625,89.225,23.11875,28.175,81.51875,24.0125,28.8375,80.315384615,22.89375,29.29375,74.225,22.18125,26.05,78.8875,21.01875,60,2016-06-15,CN,6,2,15,Wednesday,False,0,0,0,0,0,0,0,0,0.0,0.0,0.0,0.0,0.0,0.0,0.0,0.0,0,False,,0.0019110638297872352,0.2961702127659573,0.03987659574468085,0.010203404255319138,35.82173913043478,20.47887323943662
20160615_DG,25.6,23.3,69.1,28.4,72.9,22.6,28.3,74.6,23.1,26.3,77.6,23.9,31.6,64.3,25.3,32.1,64.4,24.5,27.4,75.8,22.7,24.7,87.0,21.9,58,2016-06-15,DG,6,2,15,Wednesday,False,0,0,0,0,0,0,0,0,0.0,0.0,0.0,0.0,0.0,0.0,0.0,0.0,0,False,,0.00280487804878049,0.2459930313588853,0.02908710801393725,0.012059233449477324,36.38078291814945,23.643243243243248
20160615_DJ,26.1,22.3,81.9,30.3,73.9,24.2,29.6,72.8,24.6,27.4,81.1,24.9,29.8,71.5,25.6,31.2,67.8,25.3,30.2,65.8,24.0,27.1,72.1,22.4,34,2016-06-15,DJ,6,2,15,Wednesday,False,0,0,0,0,0,0,0,0,0.0,0.0,0.0,0.0,0.0,0.0,0.0,0.0,0,False,,0.0019666666666666678,0.37083333333333257,0.02795416666666664,0.014737499999999978,34.94092827004219,21.222222222222218
20160615_GB,24.804166666999997,21.929166666999997,79.4,26.795833333,79.786363636,21.845454545,27.7125,78.0,22.35,26.741666666999997,82.6375,23.254166667,30.4,71.404166667,24.104166666999998,29.208333333000002,70.2125,22.883333333000003,27.620833333,74.704166667,22.0,23.979166666999998,84.883333333,20.679166667,64,2016-06-15,GB,6,2,15,Wednesday,False,0,0,0,0,0,0,0,0,0.0,0.0,0.0,0.0,0.0,0.0,0.0,0.0,0,False,,0.0037104738154613366,0.3932835820895515,0.029235849056603737,0.011707462686567138,39.54636591478697,24.593548387096767
20160615_GG,24.95,20.764285714,86.288095238,29.183333333,70.930952381,23.111904761999998,28.980952380999998,76.07619047600001,22.9,27.485714286,83.95952381,23.454761905,27.971428571,78.245238095,23.64047619,30.528571429,67.19,23.802380951999996,30.25952381,67.573809524,23.107142857,26.964285714000003,73.704761905,21.471428571,196,2016-06-15,GG,6,2,15,Wednesday,False,0,0,0,0,0,0,0,0,0.0,0.0,0.0,0.0,0.0,0.0,0.0,0.0,0,False,,0.0033219027705174717,0.3866204690831503,0.028694504310344825,0.01995978947368429,36.852987012987015,20.18231046931408
20160615_GJ,25.3,22.3,84.0,29.9,73.9,23.6,30.4,78.5,24.1,26.5,88.1,24.1,29.5,80.3,24.3,29.7,75.6,23.7,29.6,75.9,23.4,26.4,75.8,22.5,35,2016-06-15,GJ,6,2,15,Wednesday,False,0,0,0,0,0,0,0,0,0.0,0.0,0.0,0.0,0.0,0.0,0.0,0.0,0,False,,0.0018142857142857155,0.28476190476190405,0.03040476190476187,0.012238095238095223,27.739336492890995,18.807228915662648
20160615_GN,25.095454545,22.513636364,82.540909091,26.781818182,79.140909091,22.55,28.040909091,80.659090909,23.090909091,25.590909091,89.454545455,22.622727273000002,28.331818182,79.181818182,23.345454545,27.868181818000004,75.495454545,22.695454545,27.854545455,80.163636364,22.077272726999997,24.313636364,86.118181818,21.195454545,62,2016-06-15,GN,6,2,15,Wednesday,False,0,0,0,0,0,0,0,0,0.0,0.0,0.0,0.0,0.0,0.0,0.0,0.0,0,False,,0.0036217391304347608,0.3521739130434797,0.031163021868787263,0.012250592885375477,40.555323590814204,25.37451737451737
20160615_GW,24.133333333000003,20.077777777999998,87.144444444,26.627777778000002,75.888888889,21.316666667,26.761111110999998,75.255555556,21.666666666999998,28.511111110999998,78.894444444,23.211111110999997,28.133333333000003,71.85,23.061111111,29.211111110999997,67.133333333,22.366666666999997,27.744444444000003,71.733333333,21.561111111,25.227777778000004,74.9,20.972222222,42,2016-06-15,GW,6,2,15,Wednesday,False,0,0,0,0,0,0,0,0,0.0,0.0,0.0,0.0,0.0,0.0,0.0,0.0,0,False,,0.0019417777777777788,0.3902222222222221,0.02759999999999997,0.011701777777777771,39.89333333333333,30.06153846153846
20160615_IC,22.96,19.68,94.65,25.22,90.38,21.36,25.52,94.0,20.64,25.15,96.64,21.51,25.61,94.25,22.16,26.31,87.15,21.76,26.62,84.4,21.51,22.75,95.61,19.45,39,2016-06-15,IC,6,2,15,Wednesday,False,0,0,0,0,0,0,0,0,0.0,0.0,0.0,0.0,0.0,0.0,0.0,0.0,0,False,,0.0044901287553647815,0.4116379310344834,0.030276824034334692,0.017869313304720986,37.80879120879121,17.033834586466167
20160615_JB,25.433333333,21.78,79.04,29.193333333,76.54,22.2,28.213333333,78.193333333,22.346666666999997,25.9,85.726666667,23.126666667,28.833333333000002,78.546666667,23.806666667,29.08,75.76,23.006666666999998,29.053333333,73.06666666699999,22.466666667,25.373333333,76.18,21.1,55,2016-06-15,JB,6,2,15,Wednesday,False,0,0,0,0,0,0,0,0,0.0,0.0,0.0,0.0,0.0,0.0,0.0,0.0,0,False,,0.003471111111111107,0.3270833333333333,0.03265277777777777,0.011092968749999968,37.12228260869565,23.88324873096447
20160615_JJ,25.4,22.9,81.65,24.75,81.45,21.75,24.75,89.15,22.05,24.15,95.25,22.5,26.6,87.4,23.65,25.8,80.9,22.45,23.55,88.9,20.6,22.05,92.3,20.15,13,2016-06-15,JJ,6,2,15,Wednesday,False,0,0,0,0,0,0,0,0,0.0,0.0,0.0,0.0,0.0,0.0,0.0,0.0,0,False,,0.004721348314606743,0.2897727272727276,0.024033707865168532,0.012016853932584282,32.09090909090909,18.433333333333334
20160615_JN,24.813636364,22.136363636,86.05,27.245454545,79.41818181800001,22.522727273,27.913636364000002,82.281818182,23.118181818000004,25.477272727,91.090909091,23.318181818000003,27.15,84.759090909,23.163636364000002,27.227272727,79.977272727,22.631818181999996,27.927272727,80.754545455,22.3,24.986363636,82.16818181800001,21.459090909,50,2016-06-15,JN,6,2,15,Wednesday,False,0,0,0,0,0,0,0,0,0.0,0.0,0.0,0.0,0.0,0.0,0.0,0.0,0,False,,0.0054715012722646025,0.3422391857506353,0.03091094147582695,0.009823409669211159,32.311053984575835,23.783549783549784
20160615_SU,24.5,20.9,81.8,29.5,62.5,23.8,29.6,70.5,23.5,26.7,79.4,23.5,26.5,74.3,23.5,31.3,60.9,24.6,31.3,59.5,24.1,27.7,65.9,22.1,214,2016-06-15,SU,6,2,15,Wednesday,False,0,0,0,0,0,0,0,0,0.0,0.0,0.0,0.0,0.0,0.0,0.0,0.0,0,False,,0.004399778516057578,0.41639697950377424,0.02429773462783168,0.0303322545846817,37.98913043478261,22.579037800687285
20160615_US,25.4,22.6,83.9,24.6,92.8,20.7,24.1,93.1,20.8,24.6,95.6,21.9,28.6,79.6,23.9,25.8,84.6,21.9,24.5,90.4,21.4,24.2,93.5,20.8,12,2016-06-15,US,6,2,15,Wednesday,False,0,0,0,0,0,0,0,0,0.0,0.0,0.0,0.0,0.0,0.0,0.0,0.0,0,False,,0.005709969788519612,0.4438066465256803,0.026009063444108742,0.01967499999999997,42.56626506024097,28.205673758865252
20160616_BS,26.4,23.6,81.4,24.2,85.4,22.4,24.2,87.3,21.1,25.7,86.4,21.9,24.1,91.9,22.4,26.6,80.6,23.1,25.3,78.0,22.3,26.1,80.3,21.9,80,2016-06-16,BS,6,3,16,Thursday,False,0,0,0,0,0,0,0,0,0.0,0.0,0.0,0.0,0.0,0.0,0.0,0.0,0,False,,0.006599999999999972,0.3709523809523808,0.032255623721881385,0.02205219206680581,41.575431034482754,26.66738197424893
20160616_CB,25.346666666999997,21.486666666999998,72.74,25.94,77.62,21.846666666999997,29.766666667,68.293333333,23.64,29.193333333,67.373333333,23.733333333,27.306666667,78.48,23.926666667,30.013333333000002,66.953333333,24.693333333,31.553333333,61.5,24.526666666999997,30.046666666999997,60.526666667,23.0,35,2016-06-16,CB,6,3,16,Thursday,False,0,0,0,0,0,0,0,0,0.0,0.0,0.0,0.0,0.0,0.0,0.0,0.0,0,False,,0.0026452380952380968,0.292063492063492,0.03844799999999999,0.011862301587301564,28.732283464566933,17.414529914529915
20160616_CN,25.0,20.83125,82.96875,25.3375,87.34375,21.19375,27.99375,82.3875,22.08125,28.15,80.09375,22.51875,26.0625,89.225,23.11875,28.175,81.51875,24.0125,28.8375,80.315384615,22.89375,29.29375,74.225,22.18125,57,2016-06-16,CN,6,3,16,Thursday,False,0,0,0,0,0,0,0,0,0.0,0.0,0.0,0.0,0.0,0.0,0.0,0.0,0,False,,0.002576666666666669,0.3629166666666668,0.05431666666666664,0.010359999999999977,27.67083333333333,16.420289855072465
20160616_DG,28.9,24.8,63.1,25.6,69.1,23.3,28.4,72.9,22.6,28.3,74.6,23.1,26.3,77.6,23.9,31.6,64.3,25.3,32.1,64.4,24.5,27.4,75.8,22.7,46,2016-06-16,DG,6,3,16,Thursday,False,0,0,0,0,0,0,0,0,0.0,0.0,0.0,0.0,0.0,0.0,0.0,0.0,0,False,,0.0024545454545454558,0.2430069930069932,0.03626223776223774,0.011772727272727256,29.172161172161175,16.20855614973262
20160616_DJ,25.8,21.7,79.6,26.1,81.9,22.3,30.3,73.9,24.2,29.6,72.8,24.6,27.4,81.1,24.9,29.8,71.5,25.6,31.2,67.8,25.3,30.2,65.8,24.0,34,2016-06-16,DJ,6,3,16,Thursday,False,0,0,0,0,0,0,0,0,0.0,0.0,0.0,0.0,0.0,0.0,0.0,0.0,0,False,,0.0018396624472573851,0.356118143459915,0.04675949367088605,0.011839662447257352,26.07172995780591,14.472222222222221
20160616_GB,27.720833333,23.241666666999997,69.56666666699999,24.804166666999997,79.4,21.929166666999997,26.795833333,79.786363636,21.845454545,27.7125,78.0,22.35,26.741666666999997,82.6375,23.254166667,30.4,71.404166667,24.104166666999998,29.208333333000002,70.2125,22.883333333000003,27.620833333,74.704166667,22.0,61,2016-06-16,GB,6,3,16,Thursday,False,0,0,0,0,0,0,0,0,0.0,0.0,0.0,0.0,0.0,0.0,0.0,0.0,0,False,,0.003066318537859004,0.3738786279683384,0.03763749999999996,0.0095764397905759,26.53968253968254,14.578947368421053
20160616_GG,25.171428571,20.895238095,79.035714286,24.95,86.288095238,20.764285714,29.183333333,70.930952381,23.111904761999998,28.980952380999998,76.07619047600001,22.9,27.485714286,83.95952381,23.454761905,27.971428571,78.245238095,23.64047619,30.528571429,67.19,23.802380951999996,30.25952381,67.573809524,23.107142857,199,2016-06-16,GG,6,3,16,Thursday,False,0,0,0,0,0,0,0,0,0.0,0.0,0.0,0.0,0.0,0.0,0.0,0.0,0,False,,0.0034147549530760737,0.4139497594868995,0.04479426096372521,0.01589587301587304,29.73497124934657,15.921245421245422
20160616_GJ,24.6,21.8,83.4,25.3,84.0,22.3,29.9,73.9,23.6,30.4,78.5,24.1,26.5,88.1,24.1,29.5,80.3,24.3,29.7,75.6,23.7,29.6,75.9,23.4,40,2016-06-16,GJ,6,3,16,Thursday,False,0,0,0,0,0,0,0,0,0.0,0.0,0.0,0.0,0.0,0.0,0.0,0.0,0,False,,0.0019519230769230785,0.3504807692307686,0.04357692307692308,0.013081730769230748,21.585714285714282,13.802469135802466
20160616_GN,28.3,24.072727273,72.995454545,25.095454545,82.540909091,22.513636364,26.781818182,79.140909091,22.55,28.040909091,80.659090909,23.090909091,25.590909091,89.454545455,22.622727273000002,28.331818182,79.181818182,23.345454545,27.868181818000004,75.495454545,22.695454545,27.854545455,80.163636364,22.077272726999997,56,2016-06-16,GN,6,3,16,Thursday,False,0,0,0,0,0,0,0,0,0.0,0.0,0.0,0.0,0.0,0.0,0.0,0.0,0,False,,0.003113590263691669,0.3791666666666679,0.04012058212058208,0.01242692307692305,32.98979591836735,17.428571428571427
20160616_GW,25.094444444,21.244444444000003,73.238888889,24.133333333000003,87.144444444,20.077777777999998,26.627777778000002,75.888888889,21.316666667,26.761111110999998,75.255555556,21.666666666999998,28.511111110999998,78.894444444,23.211111110999997,28.133333333000003,71.85,23.061111111,29.211111110999997,67.133333333,22.366666666999997,27.744444444000003,71.733333333,21.561111111,45,2016-06-16,GW,6,3,16,Thursday,False,0,0,0,0,0,0,0,0,0.0,0.0,0.0,0.0,0.0,0.0,0.0,0.0,0,False,,0.002022457627118645,0.3754237288135597,0.043381355932203366,0.009663983050847452,32.575630252100844,22.13986013986014
20160616_IC,22.65,19.91,95.46,22.96,94.65,19.68,25.22,90.38,21.36,25.52,94.0,20.64,25.15,96.64,21.51,25.61,94.25,22.16,26.31,87.15,21.76,26.62,84.4,21.51,53,2016-06-16,IC,6,3,16,Thursday,False,0,0,0,0,0,0,0,0,0.0,0.0,0.0,0.0,0.0,0.0,0.0,0.0,0,False,,0.0046450304259634655,0.4363083164300203,0.04447464503042597,0.01422718052738333,33.33898305084746,15.197183098591552
20160616_JB,24.46,20.986666667,80.28666666699999,25.433333333,79.04,21.78,29.193333333,76.54,22.2,28.213333333,78.193333333,22.346666666999997,25.9,85.726666667,23.126666667,28.833333333000002,78.546666667,23.806666667,29.08,75.76,23.006666666999998,29.053333333,73.06666666699999,22.466666667,72,2016-06-16,JB,6,3,16,Thursday,False,0,0,0,0,0,0,0,0,0.0,0.0,0.0,0.0,0.0,0.0,0.0,0.0,0,False,,0.003962784090909089,0.3545212765957443,0.05060511363636362,0.01003457446808508,31.96866096866097,20.34010152284264
20160616_JJ,24.9,22.15,82.4,25.4,81.65,22.9,24.75,81.45,21.75,24.75,89.15,22.05,24.15,95.25,22.5,26.6,87.4,23.65,25.8,80.9,22.45,23.55,88.9,20.6,13,2016-06-16,JJ,6,3,16,Thursday,False,0,0,0,0,0,0,0,0,0.0,0.0,0.0,0.0,0.0,0.0,0.0,0.0,0,False,,0.003142105263157897,0.3734042553191487,0.04085263157894737,0.008934736842105266,35.035294117647055,22.0561797752809
20160616_JN,24.445454545,21.768181818000002,82.572727273,24.813636364,86.05,22.136363636,27.245454545,79.41818181800001,22.522727273,27.913636364000002,82.281818182,23.118181818000004,25.477272727,91.090909091,23.318181818000003,27.15,84.759090909,23.163636364000002,27.227272727,79.977272727,22.631818181999996,27.927272727,80.754545455,22.3,59,2016-06-16,JN,6,3,16,Thursday,False,0,0,0,0,0,0,0,0,0.0,0.0,0.0,0.0,0.0,0.0,0.0,0.0,0,False,,0.003501897018970181,0.37822580645161225,0.04252173913043477,0.0072276881720429904,22.82702702702703,16.44090909090909
20160616_SU,24.9,20.9,73.5,24.5,81.8,20.9,29.5,62.5,23.8,29.6,70.5,23.5,26.7,79.4,23.5,26.5,74.3,23.5,31.3,60.9,24.6,31.3,59.5,24.1,241,2016-06-16,SU,6,3,16,Thursday,False,0,0,0,0,0,0,0,0,0.0,0.0,0.0,0.0,0.0,0.0,0.0,0.0,0,False,,0.0044944933920704686,0.4355150214592269,0.037604077253218834,0.0270601503759398,32.33008658008658,18.165811965811965
20160616_US,28.4,24.4,78.0,25.4,83.9,22.6,24.6,92.8,20.7,24.1,93.1,20.8,24.6,95.6,21.9,28.6,79.6,23.9,25.8,84.6,21.9,24.5,90.4,21.4,9,2016-06-16,US,6,3,16,Thursday,False,0,0,0,0,0,0,0,0,0.0,0.0,0.0,0.0,0.0,0.0,0.0,0.0,0,False,,0.006149855907780958,0.5054755043227676,0.03526023391812861,0.022401785714285687,34.40294117647059,20.314285714285713
20160617_BS,28.6,22.9,67.6,26.4,81.4,23.6,24.2,85.4,22.4,24.2,87.3,21.1,25.7,86.4,21.9,24.1,91.9,22.4,26.6,80.6,23.1,25.3,78.0,22.3,86,2016-06-17,BS,6,4,17,Friday,False,0,0,0,0,0,0,0,0,0.0,0.0,0.0,0.0,0.0,0.0,0.0,0.0,0,False,,0.0046802168021680005,0.3745257452574525,0.051424036281179065,0.02124943310657593,37.33975903614458,24.696969696969692
20160617_CB,29.053333333,22.913333333,61.44,25.346666666999997,72.74,21.486666666999998,25.94,77.62,21.846666666999997,29.766666667,68.293333333,23.64,29.193333333,67.373333333,23.733333333,27.306666667,78.48,23.926666667,30.013333333000002,66.953333333,24.693333333,31.553333333,61.5,24.526666666999997,34,2016-06-17,CB,6,4,17,Friday,False,0,0,0,0,0,0,0,0,0.0,0.0,0.0,0.0,0.0,0.0,0.0,0.0,0,False,,0.0023178294573643426,0.35620155038759743,0.05818992248062015,0.012464609053497923,48.51004016064257,30.429184549356226
20160617_CN,27.66875,21.9875,76.40625,25.0,82.96875,20.83125,25.3375,87.34375,21.19375,27.99375,82.3875,22.08125,28.15,80.09375,22.51875,26.0625,89.225,23.11875,28.175,81.51875,24.0125,28.8375,80.315384615,22.89375,55,2016-06-17,CN,6,4,17,Friday,False,0,0,0,0,0,0,0,0,0.0,0.0,0.0,0.0,0.0,0.0,0.0,0.0,0,False,,0.0021554166666666683,0.4308333333333337,0.06476250000000001,0.010002499999999984,45.655462184873954,27.33333333333333
20160617_DG,32.0,25.3,51.0,28.9,63.1,24.8,25.6,69.1,23.3,28.4,72.9,22.6,28.3,74.6,23.1,26.3,77.6,23.9,31.6,64.3,25.3,32.1,64.4,24.5,58,2016-06-17,DG,6,4,17,Friday,False,0,0,0,0,0,0,0,0,0.0,0.0,0.0,0.0,0.0,0.0,0.0,0.0,0,False,,0.0028194444444444465,0.31736111111111065,0.05649305555555554,0.015975694444444417,39.908127208480565,24.87958115183246
20160617_DJ,29.3,23.3,67.3,25.8,79.6,21.7,26.1,81.9,22.3,30.3,73.9,24.2,29.6,72.8,24.6,27.4,81.1,24.9,29.8,71.5,25.6,31.2,67.8,25.3,32,2016-06-17,DJ,6,4,17,Friday,False,0,0,0,0,0,0,0,0,0.0,0.0,0.0,0.0,0.0,0.0,0.0,0.0,0,False,,0.002383333333333335,0.4445833333333334,0.06344166666666669,0.014320833333333312,39.86666666666667,25.305555555555557
20160617_GB,30.641666667,24.0875,57.829166666999996,27.720833333,69.56666666699999,23.241666666999997,24.804166666999997,79.4,21.929166666999997,26.795833333,79.786363636,21.845454545,27.7125,78.0,22.35,26.741666666999997,82.6375,23.254166667,30.4,71.404166667,24.104166666999998,29.208333333000002,70.2125,22.883333333000003,69,2016-06-17,GB,6,4,17,Friday,False,0,0,0,0,0,0,0,0,0.0,0.0,0.0,0.0,0.0,0.0,0.0,0.0,0,False,,0.003262564102564092,0.4315384615384617,0.061711286089238836,0.009915641025640999,36.24,21.87058823529412
20160617_GG,28.873809524000002,23.24047619,68.985714286,25.171428571,79.035714286,20.895238095,24.95,86.288095238,20.764285714,29.183333333,70.930952381,23.111904761999998,28.980952380999998,76.07619047600001,22.9,27.485714286,83.95952381,23.454761905,27.971428571,78.245238095,23.64047619,30.528571429,67.19,23.802380951999996,168,2016-06-17,GG,6,4,17,Friday,False,0,0,0,0,0,0,0,0,0.0,0.0,0.0,0.0,0.0,0.0,0.0,0.0,0,False,,0.0046069394096322535,0.5242295430393192,0.055339784946236634,0.021472046413502182,52.16363636363637,30.788150807899466
20160617_GJ,30.4,23.6,69.6,24.6,83.4,21.8,25.3,84.0,22.3,29.9,73.9,23.6,30.4,78.5,24.1,26.5,88.1,24.1,29.5,80.3,24.3,29.7,75.6,23.7,26,2016-06-17,GJ,6,4,17,Friday,False,0,0,0,0,0,0,0,0,0.0,0.0,0.0,0.0,0.0,0.0,0.0,0.0,0,False,,0.0023207547169811337,0.4188679245283016,0.05020754716981125,0.018636792452830182,39.49302325581395,26.209580838323355
20160617_GN,30.659090909,23.359090909000003,64.536363636,28.3,72.995454545,24.072727273,25.095454545,82.540909091,22.513636364,26.781818182,79.140909091,22.55,28.040909091,80.659090909,23.090909091,25.590909091,89.454545455,22.622727273000002,28.331818182,79.181818182,23.345454545,27.868181818000004,75.495454545,22.695454545,61,2016-06-17,GN,6,4,17,Friday,False,0,0,0,0,0,0,0,0,0.0,0.0,0.0,0.0,0.0,0.0,0.0,0.0,0,False,,0.0039449999999999815,0.4140712945591005,0.051633644859813074,0.015487647058823491,35.708955223880594,21.41923076923077
20160617_GW,29.255555555999997,23.9,58.5,25.094444444,73.238888889,21.244444444000003,24.133333333000003,87.144444444,20.077777777999998,26.627777778000002,75.888888889,21.316666667,26.761111110999998,75.255555556,21.666666666999998,28.511111110999998,78.894444444,23.211111110999997,28.133333333000003,71.85,23.061111111,29.211111110999997,67.133333333,22.366666666999997,37,2016-06-17,GW,6,4,17,Friday,False,0,0,0,0,0,0,0,0,0.0,0.0,0.0,0.0,0.0,0.0,0.0,0.0,0,False,,0.002497478991596641,0.4294117647058829,0.06508403361344534,0.009932773109243688,47.86919831223629,32.098591549295776
20160617_IC,26.07,22.12,87.87,22.65,95.46,19.91,22.96,94.65,19.68,25.22,90.38,21.36,25.52,94.0,20.64,25.15,96.64,21.51,25.61,94.25,22.16,26.31,87.15,21.76,38,2016-06-17,IC,6,4,17,Friday,False,0,0,0,0,0,0,0,0,0.0,0.0,0.0,0.0,0.0,0.0,0.0,0.0,0,False,,0.0058558091286306894,0.5395789473684207,0.05217012448132778,0.019878215767634815,53.51143451143451,31.151724137931037
20160617_JB,29.653333333000003,22.726666666999996,69.226666667,24.46,80.28666666699999,20.986666667,25.433333333,79.04,21.78,29.193333333,76.54,22.2,28.213333333,78.193333333,22.346666666999997,25.9,85.726666667,23.126666667,28.833333333000002,78.546666667,23.806666667,29.08,75.76,23.006666666999998,80,2016-06-17,JB,6,4,17,Friday,False,0,0,0,0,0,0,0,0,0.0,0.0,0.0,0.0,0.0,0.0,0.0,0.0,0,False,,0.0033207282913165197,0.3981627296587933,0.05605882352941172,0.010760892388451413,44.039370078740156,29.38888888888889
20160617_JJ,25.15,21.8,81.5,24.9,82.4,22.15,25.4,81.65,22.9,24.75,81.45,21.75,24.75,89.15,22.05,24.15,95.25,22.5,26.6,87.4,23.65,25.8,80.9,22.45,14,2016-06-17,JJ,6,4,17,Friday,False,0,0,0,0,0,0,0,0,0.0,0.0,0.0,0.0,0.0,0.0,0.0,0.0,0,False,,0.0033239583333333354,0.4247191011235952,0.048010416666666667,0.00910729166666667,40.869565217391305,27.402298850574713
20160617_JN,28.55,22.472727273,74.759090909,24.445454545,82.572727273,21.768181818000002,24.813636364,86.05,22.136363636,27.245454545,79.41818181800001,22.522727273,27.913636364000002,82.281818182,23.118181818000004,25.477272727,91.090909091,23.318181818000003,27.15,84.759090909,23.163636364000002,27.227272727,79.977272727,22.631818181999996,47,2016-06-17,JN,6,4,17,Friday,False,0,0,0,0,0,0,0,0,0.0,0.0,0.0,0.0,0.0,0.0,0.0,0.0,0,False,,0.004654473684210507,0.43808290155440427,0.05260621761658022,0.010232453825857484,32.858666666666664,24.76576576576577
20160617_SU,29.1,23.8,63.1,24.9,73.5,20.9,24.5,81.8,20.9,29.5,62.5,23.8,29.6,70.5,23.5,26.7,79.4,23.5,26.5,74.3,23.5,31.3,60.9,24.6,187,2016-06-17,SU,6,4,17,Friday,False,0,0,0,0,0,0,0,0,0.0,0.0,0.0,0.0,0.0,0.0,0.0,0.0,0,False,,0.005221498371335433,0.5645855758880519,0.046682454251883686,0.03438146551724135,55.10021551724138,35.55857385398981
20160617_US,30.8,24.0,63.5,28.4,78.0,24.4,25.4,83.9,22.6,24.6,92.8,20.7,24.1,93.1,20.8,24.6,95.6,21.9,28.6,79.6,23.9,25.8,84.6,21.9,14,2016-06-17,US,6,4,17,Friday,False,0,0,0,0,0,0,0,0,0.0,0.0,0.0,0.0,0.0,0.0,0.0,0.0,0,False,,0.008730555555555509,0.4819444444444455,0.05197681159420285,0.0270472222222222,38.391666666666666,23.957142857142852
20160618_BS,25.5,22.4,80.5,28.6,67.6,22.9,26.4,81.4,23.6,24.2,85.4,22.4,24.2,87.3,21.1,25.7,86.4,21.9,24.1,91.9,22.4,26.6,80.6,23.1,22,2016-06-18,BS,6,5,18,Saturday,False,0,0,0,0,0,0,0,0,0.0,0.0,0.0,0.0,0.0,0.0,0.0,0.0,0,True,,0.0061696428571428345,0.3877976190476184,0.045105392156862704,0.021579081632653048,43.13020833333334,31.20347394540943
20160618_CB,31.233333333,24.466666667,60.26,29.053333333,61.44,22.913333333,25.346666666999997,72.74,21.486666666999998,25.94,77.62,21.846666666999997,29.766666667,68.293333333,23.64,29.193333333,67.373333333,23.733333333,27.306666667,78.48,23.926666667,30.013333333000002,66.953333333,24.693333333,8,2016-06-18,CB,6,5,18,Saturday,False,0,0,0,0,0,0,0,0,0.0,0.0,0.0,0.0,0.0,0.0,0.0,0.0,0,True,,0.0017685606060606075,0.3935606060606061,0.04970229007633585,0.015834999999999964,49.07604562737642,30.425
20160618_CN,29.0625,23.0,76.34375,27.66875,76.40625,21.9875,25.0,82.96875,20.83125,25.3375,87.34375,21.19375,27.99375,82.3875,22.08125,28.15,80.09375,22.51875,26.0625,89.225,23.11875,28.175,81.51875,24.0125,16,2016-06-18,CN,6,5,18,Saturday,False,0,0,0,0,0,0,0,0,0.0,0.0,0.0,0.0,0.0,0.0,0.0,0.0,0,True,,0.0027204166666666713,0.4754166666666672,0.06131250000000004,0.01266791666666664,56.45416666666666,36.225352112676056
20160618_DG,33.5,26.3,52.3,32.0,51.0,25.3,28.9,63.1,24.8,25.6,69.1,23.3,28.4,72.9,22.6,28.3,74.6,23.1,26.3,77.6,23.9,31.6,64.3,25.3,16,2016-06-18,DG,6,5,18,Saturday,False,1,0,0,0,0,0,0,0,0.5,0.0,0.0,0.0,0.0,0.0,0.0,0.0,0,True,,0.005124999999999985,0.44722222222222224,0.05233680555555557,0.01746180555555552,50.5298245614035,32.510416666666664
20160618_DJ,31.0,25.1,66.6,29.3,67.3,23.3,25.8,79.6,21.7,26.1,81.9,22.3,30.3,73.9,24.2,29.6,72.8,24.6,27.4,81.1,24.9,29.8,71.5,25.6,14,2016-06-18,DJ,6,5,18,Saturday,False,0,0,0,0,0,0,0,0,0.0,0.0,0.0,0.0,0.0,0.0,0.0,0.0,0,True,,0.0023625000000000018,0.4620833333333329,0.05428750000000001,0.016441666666666632,43.00416666666667,27.66666666666667
20160618_GB,31.616666666999997,24.841666667,58.870833333,30.641666667,57.829166666999996,24.0875,27.720833333,69.56666666699999,23.241666666999997,24.804166666999997,79.4,21.929166666999997,26.795833333,79.786363636,21.845454545,27.7125,78.0,22.35,26.741666666999997,82.6375,23.254166667,30.4,71.404166667,24.104166666999998,22,2016-06-18,GB,6,5,18,Saturday,False,0,0,0,0,0,0,0,0,0.0,0.0,0.0,0.0,0.0,0.0,0.0,0.0,0,True,,0.0043041769041768894,0.4863979848866512,0.05998191214470285,0.012698529411764678,44.22843822843822,28.795698924731184
20160618_GG,29.445238095,23.776190476,67.488095238,28.873809524000002,68.985714286,23.24047619,25.171428571,79.035714286,20.895238095,24.95,86.288095238,20.764285714,29.183333333,70.930952381,23.111904761999998,28.980952380999998,76.07619047600001,22.9,27.485714286,83.95952381,23.454761905,27.971428571,78.245238095,23.64047619,51,2016-06-18,GG,6,5,18,Saturday,False,0,0,0,0,0,0,0,0,0.0,0.0,0.0,0.0,0.0,0.0,0.0,0.0,0,True,,0.004779979413278365,0.5731256599788829,0.05021592731159817,0.02577103738809906,65.91317829457364,43.02300884955752
20160618_GJ,30.3,23.9,74.5,30.4,69.6,23.6,24.6,83.4,21.8,25.3,84.0,22.3,29.9,73.9,23.6,30.4,78.5,24.1,26.5,88.1,24.1,29.5,80.3,24.3,9,2016-06-18,GJ,6,5,18,Saturday,False,0,0,0,0,0,0,0,0,0.0,0.0,0.0,0.0,0.0,0.0,0.0,0.0,0,True,,0.0021157407407407427,0.43611111111111106,0.04529166666666668,0.013699074074074058,39.555555555555564,29.08333333333333
20160618_GN,28.831818182,23.027272727,74.618181818,30.659090909,64.536363636,23.359090909000003,28.3,72.995454545,24.072727273,25.095454545,82.540909091,22.513636364,26.781818182,79.140909091,22.55,28.040909091,80.659090909,23.090909091,25.590909091,89.454545455,22.622727273000002,28.331818182,79.181818182,23.345454545,27,2016-06-18,GN,6,5,18,Saturday,False,0,0,0,0,0,0,0,0,0.0,0.0,0.0,0.0,0.0,0.0,0.0,0.0,0,True,,0.004304166666666647,0.4664855072463776,0.046359346642468234,0.015138825757575738,45.30181818181818,30.303846153846155
20160618_GW,30.411111111,23.983333333,63.061111111,29.255555555999997,58.5,23.9,25.094444444,73.238888889,21.244444444000003,24.133333333000003,87.144444444,20.077777777999998,26.627777778000002,75.888888889,21.316666667,26.761111110999998,75.255555556,21.666666666999998,28.511111110999998,78.894444444,23.211111110999997,28.133333333000003,71.85,23.061111111,7,2016-06-18,GW,6,5,18,Saturday,False,0,0,0,0,0,0,0,0,0.0,0.0,0.0,0.0,0.0,0.0,0.0,0.0,0,True,,0.002513025210084033,0.4389121338912141,0.06551464435146444,0.010707531380753131,58.029411764705884,39.99300699300699
20160618_IC,24.57,21.65,91.42,26.07,87.87,22.12,22.65,95.46,19.91,22.96,94.65,19.68,25.22,90.38,21.36,25.52,94.0,20.64,25.15,96.64,21.51,25.61,94.25,22.16,19,2016-06-18,IC,6,5,18,Saturday,False,0,0,0,0,0,0,0,0,0.0,0.0,0.0,0.0,0.0,0.0,0.0,0.0,0,True,,0.006834791252485061,0.6109126984126969,0.05195238095238093,0.01912361111111108,74.21471172962227,48.79
20160618_JB,30.28,23.633333333000003,69.54,29.653333333000003,69.226666667,22.726666666999996,24.46,80.28666666699999,20.986666667,25.433333333,79.04,21.78,29.193333333,76.54,22.2,28.213333333,78.193333333,22.346666666999997,25.9,85.726666667,23.126666667,28.833333333000002,78.546666667,23.806666667,19,2016-06-18,JB,6,5,18,Saturday,False,0,0,0,0,0,0,0,0,0.0,0.0,0.0,0.0,0.0,0.0,0.0,0.0,0,True,,0.0032661111111111072,0.4492187500000012,0.05246666666666666,0.0104177083333333,54.714659685863865,40.67441860465117
20160618_JJ,24.6,22.45,85.45,25.15,81.5,21.8,24.9,82.4,22.15,25.4,81.65,22.9,24.75,81.45,21.75,24.75,89.15,22.05,24.15,95.25,22.5,26.6,87.4,23.65,2,2016-06-18,JJ,6,5,18,Saturday,False,0,0,0,0,0,0,0,0,0.0,0.0,0.0,0.0,0.0,0.0,0.0,0.0,0,True,,0.0034979166666666683,0.4252631578947365,0.04045833333333331,0.011418750000000005,47.83695652173913,35.01149425287356
20160618_JN,27.945454545,22.690909090999998,81.01363636399999,28.55,74.759090909,22.472727273,24.445454545,82.572727273,21.768181818000002,24.813636364,86.05,22.136363636,27.245454545,79.41818181800001,22.522727273,27.913636364000002,82.281818182,23.118181818000004,25.477272727,91.090909091,23.318181818000003,27.15,84.759090909,23.163636364000002,16,2016-06-18,JN,6,5,18,Saturday,False,0,0,0,0,0,0,0,0,0.0,0.0,0.0,0.0,0.0,0.0,0.0,0.0,0,True,,0.005216751269035506,0.5122850122850123,0.045230958230958185,0.010787469287469258,40.9825,32.14468085106383
20160618_SU,29.9,24.5,58.0,29.1,63.1,23.8,24.9,73.5,20.9,24.5,81.8,20.9,29.5,62.5,23.8,29.6,70.5,23.5,26.7,79.4,23.5,26.5,74.3,23.5,56,2016-06-18,SU,6,5,18,Saturday,False,0,0,0,0,0,0,0,0,0.0,0.0,0.0,0.0,0.0,0.0,0.0,0.0,0,True,,0.005591201716738108,0.6284188034188051,0.04259829059829065,0.03952457264957263,68.65240641711229,45.66218487394958
20160618_US,29.0,24.7,67.4,30.8,63.5,24.0,28.4,78.0,24.4,25.4,83.9,22.6,24.6,92.8,20.7,24.1,93.1,20.8,24.6,95.6,21.9,28.6,79.6,23.9,4,2016-06-18,US,6,5,18,Saturday,False,0,0,0,0,0,0,0,0,0.0,0.0,0.0,0.0,0.0,0.0,0.0,0.0,0,True,,0.010627777777777745,0.6163888888888889,0.043247222222222235,0.02812777777777777,49.619444444444454,32.929577464788736
20160619_BS,28.6,23.9,88.4,25.5,80.5,22.4,28.6,67.6,22.9,26.4,81.4,23.6,24.2,85.4,22.4,24.2,87.3,21.1,25.7,86.4,21.9,24.1,91.9,22.4,1,2016-06-19,BS,6,6,19,Sunday,False,0,0,0,0,0,0,0,0,0.0,0.0,0.0,0.0,0.0,0.0,0.0,0.0,0,True,,0.005873595505617956,0.32865168539325873,0.03804672897196258,0.016316831683168286,29.605670103092784,20.32920792079208
20160619_CB,30.186666666999997,24.513333333000002,60.893333333,31.233333333,60.26,24.466666667,29.053333333,61.44,22.913333333,25.346666666999997,72.74,21.486666666999998,25.94,77.62,21.846666666999997,29.766666667,68.293333333,23.64,29.193333333,67.373333333,23.733333333,27.306666667,78.48,23.926666667,0,2016-06-19,CB,6,6,19,Sunday,False,0,0,0,0,0,0,0,0,0.0,0.0,0.0,0.0,0.0,0.0,0.0,0.0,0,True,,0.0020428030303030315,0.36515151515151534,0.05105681818181815,0.011476666666666644,50.319391634980995,34.84583333333333
20160619_CN,28.44375,23.6875,77.5875,29.0625,76.34375,23.0,27.66875,76.40625,21.9875,25.0,82.96875,20.83125,25.3375,87.34375,21.19375,27.99375,82.3875,22.08125,28.15,80.09375,22.51875,26.0625,89.225,23.11875,1,2016-06-19,CN,6,6,19,Sunday,False,0,0,0,0,0,0,0,0,0.0,0.0,0.0,0.0,0.0,0.0,0.0,0.0,0,True,,0.003975000000000002,0.4166666666666669,0.04940416666666663,0.01375166666666665,49.35,29.70833333333333
20160619_DG,32.6,25.8,59.6,33.5,52.3,26.3,32.0,51.0,25.3,28.9,63.1,24.8,25.6,69.1,23.3,28.4,72.9,22.6,28.3,74.6,23.1,26.3,77.6,23.9,1,2016-06-19,DG,6,6,19,Sunday,False,0,1,0,0,0,0,0,0,0.0,0.5,0.0,0.0,0.0,0.0,0.0,0.0,0,True,,0.002024305555555557,0.3180555555555553,0.043159722222222224,0.00981944444444442,32.842293906810035,20.983783783783785
20160619_DJ,30.1,25.7,63.8,31.0,66.6,25.1,29.3,67.3,23.3,25.8,79.6,21.7,26.1,81.9,22.3,30.3,73.9,24.2,29.6,72.8,24.6,27.4,81.1,24.9,0,2016-06-19,DJ,6,6,19,Sunday,False,0,0,0,0,0,0,0,0,0.0,0.0,0.0,0.0,0.0,0.0,0.0,0.0,0,True,,0.0025791666666666684,0.4279166666666666,0.05749583333333332,0.010483333333333306,41.06666666666667,28.125
20160619_GB,30.066666667,23.825,68.125,31.616666666999997,58.870833333,24.841666667,30.641666667,57.829166666999996,24.0875,27.720833333,69.56666666699999,23.241666666999997,24.804166666999997,79.4,21.929166666999997,26.795833333,79.786363636,21.845454545,27.7125,78.0,22.35,26.741666666999997,82.6375,23.254166667,2,2016-06-19,GB,6,6,19,Sunday,False,0,0,0,0,0,0,0,0,0.0,0.0,0.0,0.0,0.0,0.0,0.0,0.0,0,True,,0.00456911764705881,0.4874999999999998,0.049497500000000035,0.009037745098039202,31.91435185185185,21.685393258426966
20160619_GG,29.071428571,23.876190475999998,70.930952381,29.445238095,67.488095238,23.776190476,28.873809524000002,68.985714286,23.24047619,25.171428571,79.035714286,20.895238095,24.95,86.288095238,20.764285714,29.183333333,70.930952381,23.111904761999998,28.980952380999998,76.07619047600001,22.9,27.485714286,83.95952381,23.454761905,10,2016-06-19,GG,6,6,19,Sunday,False,0,0,0,0,0,0,0,0,0.0,0.0,0.0,0.0,0.0,0.0,0.0,0.0,0,True,,0.003804732510288021,0.4790501319261185,0.03682211538461545,0.02135762711864413,43.139546858908346,26.975970425138637
20160619_GJ,31.5,25.8,75.9,30.3,74.5,23.9,30.4,69.6,23.6,24.6,83.4,21.8,25.3,84.0,22.3,29.9,73.9,23.6,30.4,78.5,24.1,26.5,88.1,24.1,0,2016-06-19,GJ,6,6,19,Sunday,False,0,0,0,0,0,0,0,0,0.0,0.0,0.0,0.0,0.0,0.0,0.0,0.0,0,True,,0.0019074074074074087,0.3782407407407405,0.04418518518518515,0.01048148148148147,28.537037037037038,19.99404761904762
20160619_GN,30.509090909,24.713636364,79.077272727,28.831818182,74.618181818,23.027272727,30.659090909,64.536363636,23.359090909000003,28.3,72.995454545,24.072727273,25.095454545,82.540909091,22.513636364,26.781818182,79.140909091,22.55,28.040909091,80.659090909,23.090909091,25.590909091,89.454545455,22.622727273000002,1,2016-06-19,GN,6,6,19,Sunday,False,0,0,0,0,0,0,0,0,0.0,0.0,0.0,0.0,0.0,0.0,0.0,0.0,0,True,,0.003826411657559176,0.43532608695652303,0.04064828897338405,0.010312878787878763,34.969202898550726,21.06949806949807
20160619_GW,26.966666667,22.0,72.661111111,30.411111111,63.061111111,23.983333333,29.255555555999997,58.5,23.9,25.094444444,73.238888889,21.244444444000003,24.133333333000003,87.144444444,20.077777777999998,26.627777778000002,75.888888889,21.316666667,26.761111110999998,75.255555556,21.666666666999998,28.511111110999998,78.894444444,23.211111110999997,2,2016-06-19,GW,6,6,19,Sunday,False,0,0,0,0,0,0,0,0,0.0,0.0,0.0,0.0,0.0,0.0,0.0,0.0,0,True,,0.002030833333333336,0.3887500000000007,0.05279583333333331,0.009148535564853542,48.30416666666667,36.58156028368794
20160619_IC,26.69,22.65,91.38,24.57,91.42,21.65,26.07,87.87,22.12,22.65,95.46,19.91,22.96,94.65,19.68,25.22,90.38,21.36,25.52,94.0,20.64,25.15,96.64,21.51,0,2016-06-19,IC,6,6,19,Sunday,False,0,0,0,0,0,0,0,0,0.0,0.0,0.0,0.0,0.0,0.0,0.0,0.0,0,True,,0.005079563492063468,0.4600831600831605,0.036886904761904725,0.01581170634920632,45.099391480730226,25.10472972972973
20160619_JB,29.133333333000003,24.04,74.1,30.28,69.54,23.633333333000003,29.653333333000003,69.226666667,22.726666666999996,24.46,80.28666666699999,20.986666667,25.433333333,79.04,21.78,29.193333333,76.54,22.2,28.213333333,78.193333333,22.346666666999997,25.9,85.726666667,23.126666667,2,2016-06-19,JB,6,6,19,Sunday,False,0,0,0,0,0,0,0,0,0.0,0.0,0.0,0.0,0.0,0.0,0.0,0.0,0,True,,0.003167130919220051,0.3934725848563969,0.04988857938718663,0.007786684073107027,41.99728997289973,29.903381642512077
20160619_JJ,27.0,23.95,90.25,24.6,85.45,22.45,25.15,81.5,21.8,24.9,82.4,22.15,25.4,81.65,22.9,24.75,81.45,21.75,24.75,89.15,22.05,24.15,95.25,22.5,0,2016-06-19,JJ,6,6,19,Sunday,False,0,0,0,0,0,0,0,0,0.0,0.0,0.0,0.0,0.0,0.0,0.0,0.0,0,True,,0.004963541666666669,0.2894736842105263,0.02777083333333333,0.011091666666666668,28.011235955056183,15.33720930232558
20160619_JN,29.459090909,24.586363635999998,83.4,27.945454545,81.01363636399999,22.690909090999998,28.55,74.759090909,22.472727273,24.445454545,82.572727273,21.768181818000002,24.813636364,86.05,22.136363636,27.245454545,79.41818181800001,22.522727273,27.913636364000002,82.281818182,23.118181818000004,25.477272727,91.090909091,23.318181818000003,2,2016-06-19,JN,6,6,19,Sunday,False,0,0,0,0,0,0,0,0,0.0,0.0,0.0,0.0,0.0,0.0,0.0,0.0,0,True,,0.004652864583333309,0.4946078431372558,0.03537745098039213,0.008813480392156832,24.89330024813896,18.924107142857142
20160619_SU,29.3,24.1,64.5,29.9,58.0,24.5,29.1,63.1,23.8,24.9,73.5,20.9,24.5,81.8,20.9,29.5,62.5,23.8,29.6,70.5,23.5,26.7,79.4,23.5,10,2016-06-19,SU,6,6,19,Sunday,False,0,0,0,0,0,0,0,0,0.0,0.0,0.0,0.0,0.0,0.0,0.0,0.0,0,True,,0.0046074561403508536,0.4934829059829048,0.030936965811965762,0.03083226495726488,42.963675213675224,28.50761421319797
20160619_US,31.0,25.0,76.8,29.0,67.4,24.7,30.8,63.5,24.0,28.4,78.0,24.4,25.4,83.9,22.6,24.6,92.8,20.7,24.1,93.1,20.8,24.6,95.6,21.9,0,2016-06-19,US,6,6,19,Sunday,False,0,0,0,0,0,0,0,0,0.0,0.0,0.0,0.0,0.0,0.0,0.0,0.0,0,True,,0.008708333333333299,0.4941666666666675,0.0406944444444444,0.015969444444444408,29.005571030640674,20.65185185185185
20160620_BS,28.7,23.9,88.1,28.6,88.4,23.9,25.5,80.5,22.4,28.6,67.6,22.9,26.4,81.4,23.6,24.2,85.4,22.4,24.2,87.3,21.1,25.7,86.4,21.9,77,2016-06-20,BS,6,0,20,Monday,False,0,0,0,0,0,0,0,0,0.0,0.0,0.0,0.0,0.0,0.0,0.0,0.0,0,False,,0.0063829787234042324,0.3925531914893625,0.03595535714285713,0.024164009111617247,50.51781472684085,38.02298850574713
20160620_CB,30.433333333,24.173333333000002,65.22,30.186666666999997,60.893333333,24.513333333000002,31.233333333,60.26,24.466666667,29.053333333,61.44,22.913333333,25.346666666999997,72.74,21.486666666999998,25.94,77.62,21.846666666999997,29.766666667,68.293333333,23.64,29.193333333,67.373333333,23.733333333,32,2016-06-20,CB,6,0,20,Monday,False,0,0,0,0,0,0,0,0,0.0,0.0,0.0,0.0,0.0,0.0,0.0,0.0,0,False,,0.0017299610894941644,0.3509727626459142,0.04649805447470818,0.014587295081967181,47.79467680608365,31.124463519313306
20160620_CN,29.16875,23.125,82.80625,28.44375,77.5875,23.6875,29.0625,76.34375,23.0,27.66875,76.40625,21.9875,25.0,82.96875,20.83125,25.3375,87.34375,21.19375,27.99375,82.3875,22.08125,28.15,80.09375,22.51875,64,2016-06-20,CN,6,0,20,Monday,False,0,0,0,0,0,0,0,0,0.0,0.0,0.0,0.0,0.0,0.0,0.0,0.0,0,False,,0.003674893617021281,0.3838297872340428,0.05049787234042555,0.017229361702127625,51.48728813559321,32.875
20160620_DG,31.5,25.1,61.9,32.6,59.6,25.8,33.5,52.3,26.3,32.0,51.0,25.3,28.9,63.1,24.8,25.6,69.1,23.3,28.4,72.9,22.6,28.3,74.6,23.1,69,2016-06-20,DG,6,0,20,Monday,False,0,0,1,0,0,0,0,0,0.0,0.0,0.5,0.0,0.0,0.0,0.0,0.0,0,False,,0.002961267605633805,0.3735915492957748,0.035228873239436576,0.022119718309859145,49.66549295774648,31.873684210526317
20160620_DJ,29.5,24.2,77.4,30.1,63.8,25.7,31.0,66.6,25.1,29.3,67.3,23.3,25.8,79.6,21.7,26.1,81.9,22.3,30.3,73.9,24.2,29.6,72.8,24.6,38,2016-06-20,DJ,6,0,20,Monday,False,0,0,0,0,0,0,0,0,0.0,0.0,0.0,0.0,0.0,0.0,0.0,0.0,0,False,,0.002062500000000001,0.4045833333333336,0.050187499999999975,0.01322083333333331,43.32083333333333,28.70833333333333
20160620_GB,30.658333333,23.8625,69.054166667,30.066666667,68.125,23.825,31.616666666999997,58.870833333,24.841666667,30.641666667,57.829166666999996,24.0875,27.720833333,69.56666666699999,23.241666666999997,24.804166666999997,79.4,21.929166666999997,26.795833333,79.786363636,21.845454545,27.7125,78.0,22.35,82,2016-06-20,GB,6,0,20,Monday,False,0,0,0,0,0,0,0,0,0.0,0.0,0.0,0.0,0.0,0.0,0.0,0.0,0,False,,0.004348066298342533,0.5281501340482583,0.04921319796954315,0.013997164948453588,44.17171717171718,28.23428571428572
20160620_GG,30.219047619,24.471428571,70.32619047600001,29.071428571,70.930952381,23.876190475999998,29.445238095,67.488095238,23.776190476,28.873809524000002,68.985714286,23.24047619,25.171428571,79.035714286,20.895238095,24.95,86.288095238,20.764285714,29.183333333,70.930952381,23.111904761999998,28.980952380999998,76.07619047600001,22.9,217,2016-06-20,GG,6,0,20,Monday,False,0,0,0,0,0,0,0,0,0.0,0.0,0.0,0.0,0.0,0.0,0.0,0.0,0,False,,0.0045074712643677715,0.4954328199681323,0.04467967479674804,0.02676414790996806,54.70942408376963,31.78148148148148
20160620_GJ,24.4,22.9,97.1,31.5,75.9,25.8,30.3,74.5,23.9,30.4,69.6,23.6,24.6,83.4,21.8,25.3,84.0,22.3,29.9,73.9,23.6,30.4,78.5,24.1,40,2016-06-20,GJ,6,0,20,Monday,False,0,0,0,0,0,0,0,0,0.0,0.0,0.0,0.0,0.0,0.0,0.0,0.0,0,False,,0.0019715639810426555,0.4066350710900474,0.02532701421800945,0.01858293838862557,33.5962441314554,24.33939393939394
20160620_GN,27.527272727,23.231818181999998,87.554545455,30.509090909,79.077272727,24.713636364,28.831818182,74.618181818,23.027272727,30.659090909,64.536363636,23.359090909000003,28.3,72.995454545,24.072727273,25.095454545,82.540909091,22.513636364,26.781818182,79.140909091,22.55,28.040909091,80.659090909,23.090909091,85,2016-06-20,GN,6,0,20,Monday,False,0,0,0,0,0,0,0,0,0.0,0.0,0.0,0.0,0.0,0.0,0.0,0.0,0,False,,0.004729467680608335,0.4875478927203076,0.03539250493096645,0.017581474103585633,53.19318181818182,35.178294573643406
20160620_GW,27.677777778000003,22.505555555999997,72.016666667,26.966666667,72.661111111,22.0,30.411111111,63.061111111,23.983333333,29.255555555999997,58.5,23.9,25.094444444,73.238888889,21.244444444000003,24.133333333000003,87.144444444,20.077777777999998,26.627777778000002,75.888888889,21.316666667,26.761111110999998,75.255555556,21.666666666999998,34,2016-06-20,GW,6,0,20,Monday,False,0,0,0,0,0,0,0,0,0.0,0.0,0.0,0.0,0.0,0.0,0.0,0.0,0,False,,0.0022750000000000023,0.3701680672268919,0.04552083333333334,0.010220416666666655,43.21666666666667,31.506944444444446
20160620_IC,26.77,23.0,90.88,26.69,91.38,22.65,24.57,91.42,21.65,26.07,87.87,22.12,22.65,95.46,19.91,22.96,94.65,19.68,25.22,90.38,21.36,25.52,94.0,20.64,51,2016-06-20,IC,6,0,20,Monday,False,0,0,0,0,0,0,0,0,0.0,0.0,0.0,0.0,0.0,0.0,0.0,0.0,0,False,,0.005759634888438109,0.4381663113006394,0.042375253549695686,0.02101034482758618,51.74134419551935,29.516339869281047
20160620_JB,26.426666667,21.853333333000002,87.24,29.133333333000003,74.1,24.04,30.28,69.54,23.633333333000003,29.653333333000003,69.226666667,22.726666666999996,24.46,80.28666666699999,20.986666667,25.433333333,79.04,21.78,29.193333333,76.54,22.2,28.213333333,78.193333333,22.346666666999997,120,2016-06-20,JB,6,0,20,Monday,False,0,0,0,0,0,0,0,0,0.0,0.0,0.0,0.0,0.0,0.0,0.0,0.0,0,False,,0.0029838440111420576,0.3556135770234989,0.03901114206128131,0.010519582245430774,42.0,30.782608695652176
20160620_JJ,26.3,23.5,94.15,27.0,90.25,23.95,24.6,85.45,22.45,25.15,81.5,21.8,24.9,82.4,22.15,25.4,81.65,22.9,24.75,81.45,21.75,24.75,89.15,22.05,11,2016-06-20,JJ,6,0,20,Monday,False,0,0,0,0,0,0,0,0,0.0,0.0,0.0,0.0,0.0,0.0,0.0,0.0,0,False,,0.003368604651162793,0.2957894736842107,0.022468749999999985,0.010795833333333341,31.31868131868132,21.17105263157895
20160620_JN,24.622727273000002,22.713636364,94.054545455,29.459090909,83.4,24.586363635999998,27.945454545,81.01363636399999,22.690909090999998,28.55,74.759090909,22.472727273,24.445454545,82.572727273,21.768181818000002,24.813636364,86.05,22.136363636,27.245454545,79.41818181800001,22.522727273,27.913636364000002,82.281818182,23.118181818000004,74,2016-06-20,JN,6,0,20,Monday,False,0,0,0,0,0,0,0,0,0.0,0.0,0.0,0.0,0.0,0.0,0.0,0.0,0,False,,0.004901041666666643,0.4781862745098042,0.034928571428571406,0.013359558823529377,30.440886699507388,23.29310344827586
20160620_SU,30.7,24.7,66.0,29.3,64.5,24.1,29.9,58.0,24.5,29.1,63.1,23.8,24.9,73.5,20.9,24.5,81.8,20.9,29.5,62.5,23.8,29.6,70.5,23.5,214,2016-06-20,SU,6,0,20,Monday,False,0,0,0,0,0,0,0,0,0.0,0.0,0.0,0.0,0.0,0.0,0.0,0.0,0,False,,0.005009944751381162,0.5074353448275847,0.036932185145317514,0.03905711206896553,52.60416666666666,34.328813559322036
20160620_US,31.3,24.7,82.1,31.0,76.8,25.0,29.0,67.4,24.7,30.8,63.5,24.0,28.4,78.0,24.4,25.4,83.9,22.6,24.6,92.8,20.7,24.1,93.1,20.8,26,2016-06-20,US,6,0,20,Monday,False,0,0,0,0,0,0,0,0,0.0,0.0,0.0,0.0,0.0,0.0,0.0,0.0,0,False,,0.017875706214689226,0.6646892655367228,0.03710481586402265,0.03265536723163839,64.46892655367232,45.158273381294954
20160621_BS,24.6,22.4,89.6,28.7,88.1,23.9,28.6,88.4,23.9,25.5,80.5,22.4,28.6,67.6,22.9,26.4,81.4,23.6,24.2,85.4,22.4,24.2,87.3,21.1,71,2016-06-21,BS,6,1,21,Tuesday,False,0,0,0,0,0,0,0,0,0.0,0.0,0.0,0.0,0.0,0.0,0.0,0.0,0,False,,0.005453124999999978,0.37291666666666695,0.03339254385964908,0.02182894736842101,37.87252747252747,28.00902934537246
20160621_CB,31.28,25.233333333,63.76,30.433333333,65.22,24.173333333000002,30.186666666999997,60.893333333,24.513333333000002,31.233333333,60.26,24.466666667,29.053333333,61.44,22.913333333,25.346666666999997,72.74,21.486666666999998,25.94,77.62,21.846666666999997,29.766666667,68.293333333,23.64,36,2016-06-21,CB,6,1,21,Tuesday,False,0,0,0,0,0,0,0,0,0.0,0.0,0.0,0.0,0.0,0.0,0.0,0.0,0,False,,0.0018215517241379324,0.3344827586206893,0.04894805194805196,0.01647456896551721,45.168103448275865,28.75113122171945
20160621_CN,30.3625,24.24375,79.79375,29.16875,82.80625,23.125,28.44375,77.5875,23.6875,29.0625,76.34375,23.0,27.66875,76.40625,21.9875,25.0,82.96875,20.83125,25.3375,87.34375,21.19375,27.99375,82.3875,22.08125,54,2016-06-21,CN,6,1,21,Tuesday,False,0,0,0,0,0,0,0,0,0.0,0.0,0.0,0.0,0.0,0.0,0.0,0.0,0,False,,0.004752083333333329,0.3783333333333329,0.05524166666666668,0.019542499999999983,60.275,36.54285714285713
20160621_DG,25.3,23.3,74.0,31.5,61.9,25.1,32.6,59.6,25.8,33.5,52.3,26.3,32.0,51.0,25.3,28.9,63.1,24.8,25.6,69.1,23.3,28.4,72.9,22.6,66,2016-06-21,DG,6,1,21,Tuesday,False,0,0,0,1,0,0,0,0,0.0,0.0,0.0,0.5,0.0,0.0,0.0,0.0,0,False,,0.002737410071942448,0.4061151079136693,0.04644244604316545,0.012694244604316509,53.613240418118465,36.98421052631579
20160621_DJ,32.0,26.1,72.3,29.5,77.4,24.2,30.1,63.8,25.7,31.0,66.6,25.1,29.3,67.3,23.3,25.8,79.6,21.7,26.1,81.9,22.3,30.3,73.9,24.2,26,2016-06-21,DJ,6,1,21,Tuesday,False,0,0,0,0,0,0,0,0,0.0,0.0,0.0,0.0,0.0,0.0,0.0,0.0,0,False,,0.0021666666666666683,0.3925000000000001,0.048104166666666635,0.01665800865800864,37.70168067226891,21.33333333333333
20160621_GB,26.683333333,22.820833333000003,78.295833333,30.658333333,69.054166667,23.8625,30.066666667,68.125,23.825,31.616666666999997,58.870833333,24.841666667,30.641666667,57.829166666999996,24.0875,27.720833333,69.56666666699999,23.241666666999997,24.804166666999997,79.4,21.929166666999997,26.795833333,79.786363636,21.845454545,60,2016-06-21,GB,6,1,21,Tuesday,False,0,0,0,0,0,0,0,0,0.0,0.0,0.0,0.0,0.0,0.0,0.0,0.0,0,False,,0.0046281767955800935,0.4947890818858569,0.04623887587822015,0.010868101265822746,44.75878220140515,29.99411764705882
20160621_GG,30.871428571,25.264285714,68.983333333,30.219047619,70.32619047600001,24.471428571,29.071428571,70.930952381,23.876190475999998,29.445238095,67.488095238,23.776190476,28.873809524000002,68.985714286,23.24047619,25.171428571,79.035714286,20.895238095,24.95,86.288095238,20.764285714,29.183333333,70.930952381,23.111904761999998,199,2016-06-21,GG,6,1,21,Tuesday,False,0,0,0,0,0,0,0,0,0.0,0.0,0.0,0.0,0.0,0.0,0.0,0.0,0,False,,0.004930015633142213,0.559155672823219,0.047438007579859234,0.03480675531914898,63.377742946708466,38.66725663716815
20160621_GJ,30.9,25.4,84.3,24.4,97.1,22.9,31.5,75.9,25.8,30.3,74.5,23.9,30.4,69.6,23.6,24.6,83.4,21.8,25.3,84.0,22.3,29.9,73.9,23.6,49,2016-06-21,GJ,6,1,21,Tuesday,False,0,0,0,0,0,0,0,0,0.0,0.0,0.0,0.0,0.0,0.0,0.0,0.0,0,False,,0.0021298076923076943,0.3793269230769227,0.029629807692307664,0.015221153846153829,32.85377358490566,21.867469879518076
20160621_GN,25.140909090999997,22.686363636,89.85,27.527272727,87.554545455,23.231818181999998,30.509090909,79.077272727,24.713636364,28.831818182,74.618181818,23.027272727,30.659090909,64.536363636,23.359090909000003,28.3,72.995454545,24.072727273,25.095454545,82.540909091,22.513636364,26.781818182,79.140909091,22.55,74,2016-06-21,GN,6,1,21,Tuesday,False,0,0,0,0,0,0,0,0,0.0,0.0,0.0,0.0,0.0,0.0,0.0,0.0,0,False,,0.003863442940038661,0.4280943025540281,0.02805058365758752,0.018060940695296502,41.21541501976285,26.98780487804878
20160621_GW,28.638888889,23.133333333000003,70.65555555600001,27.677777778000003,72.016666667,22.505555555999997,26.966666667,72.661111111,22.0,30.411111111,63.061111111,23.983333333,29.255555555999997,58.5,23.9,25.094444444,73.238888889,21.244444444000003,24.133333333000003,87.144444444,20.077777777999998,26.627777778000002,75.888888889,21.316666667,44,2016-06-21,GW,6,1,21,Tuesday,False,0,0,0,0,0,0,0,0,0.0,0.0,0.0,0.0,0.0,0.0,0.0,0.0,0,False,,0.0022385593220339006,0.35805084745762783,0.04398728813559318,0.01154449152542372,43.371308016877634,30.63636363636364
20160621_IC,27.27,23.78,91.5,26.77,90.88,23.0,26.69,91.38,22.65,24.57,91.42,21.65,26.07,87.87,22.12,22.65,95.46,19.91,22.96,94.65,19.68,25.22,90.38,21.36,53,2016-06-21,IC,6,1,21,Tuesday,False,0,0,0,0,0,0,0,0,0.0,0.0,0.0,0.0,0.0,0.0,0.0,0.0,0,False,,0.005607756813417164,0.5263598326359832,0.03821129707112971,0.026614644351464403,63.33474576271186,33.270270270270274
20160621_JB,29.8,24.233333333,79.893333333,26.426666667,87.24,21.853333333000002,29.133333333000003,74.1,24.04,30.28,69.54,23.633333333000003,29.653333333000003,69.226666667,22.726666666999996,24.46,80.28666666699999,20.986666667,25.433333333,79.04,21.78,29.193333333,76.54,22.2,96,2016-06-21,JB,6,1,21,Tuesday,False,0,0,0,0,0,0,0,0,0.0,0.0,0.0,0.0,0.0,0.0,0.0,0.0,0,False,,0.003785632183908047,0.3513089005235595,0.04206515580736545,0.01201439790575912,45.376000000000005,32.338235294117645
20160621_JJ,26.6,23.35,90.55,26.3,94.15,23.5,27.0,90.25,23.95,24.6,85.45,22.45,25.15,81.5,21.8,24.9,82.4,22.15,25.4,81.65,22.9,24.75,81.45,21.75,23,2016-06-21,JJ,6,1,21,Tuesday,False,0,0,0,0,0,0,0,0,0.0,0.0,0.0,0.0,0.0,0.0,0.0,0.0,0,False,,0.002878160919540232,0.29473684210526313,0.024074468085106368,0.00996770833333334,18.146067415730336,9.422222222222222
20160621_JN,28.518181818000002,24.109090909000003,87.345454545,24.622727273000002,94.054545455,22.713636364,29.459090909,83.4,24.586363635999998,27.945454545,81.01363636399999,22.690909090999998,28.55,74.759090909,22.472727273,24.445454545,82.572727273,21.768181818000002,24.813636364,86.05,22.136363636,27.245454545,79.41818181800001,22.522727273,57,2016-06-21,JN,6,1,21,Tuesday,False,0,0,0,0,0,0,0,0,0.0,0.0,0.0,0.0,0.0,0.0,0.0,0.0,0,False,,0.004624661246612453,0.431043256997456,0.03029516539440202,0.011797201017811685,27.23469387755102,20.25
20160621_SU,31.3,26.0,60.1,30.7,66.0,24.7,29.3,64.5,24.1,29.9,58.0,24.5,29.1,63.1,23.8,24.9,73.5,20.9,24.5,81.8,20.9,29.5,62.5,23.8,192,2016-06-21,SU,6,1,21,Tuesday,False,0,0,0,0,0,0,0,0,0.0,0.0,0.0,0.0,0.0,0.0,0.0,0.0,0,False,,0.005149400218102463,0.6016094420600866,0.03925858369098717,0.05145278969957073,62.61333333333334,40.93275862068965
20160621_US,24.3,21.9,92.0,31.3,82.1,24.7,31.0,76.8,25.0,29.0,67.4,24.7,30.8,63.5,24.0,28.4,78.0,24.4,25.4,83.9,22.6,24.6,92.8,20.7,11,2016-06-21,US,6,1,21,Tuesday,False,0,0,0,0,0,0,0,0,0.0,0.0,0.0,0.0,0.0,0.0,0.0,0.0,0,False,,0.009109374999999972,0.4849056603773586,0.036955835962145085,0.02173749999999997,51.08049535603715,36.93805309734513
20160622_BS,23.3,21.9,93.8,24.6,89.6,22.4,28.7,88.1,23.9,28.6,88.4,23.9,25.5,80.5,22.4,28.6,67.6,22.9,26.4,81.4,23.6,24.2,85.4,22.4,74,2016-06-22,BS,6,2,22,Wednesday,False,0,0,0,0,0,0,0,0,0.0,0.0,0.0,0.0,0.0,0.0,0.0,0.0,0,False,,0.004304461942257201,0.3582677165354332,0.02881898454746135,0.019426048565121375,40.16972477064221,29.62251655629139
20160622_CB,30.12,24.993333333000002,68.193333333,31.28,63.76,25.233333333,30.433333333,65.22,24.173333333000002,30.186666666999997,60.893333333,24.513333333000002,31.233333333,60.26,24.466666667,29.053333333,61.44,22.913333333,25.346666666999997,72.74,21.486666666999998,25.94,77.62,21.846666666999997,34,2016-06-22,CB,6,2,22,Wednesday,False,0,0,0,0,0,0,0,0,0.0,0.0,0.0,0.0,0.0,0.0,0.0,0.0,0,False,,0.0015560344827586221,0.3248927038626603,0.041257510729613735,0.012748927038626592,37.38095238095238,22.502092050209207
20160622_CN,30.19375,24.35,84.6375,30.3625,79.79375,24.24375,29.16875,82.80625,23.125,28.44375,77.5875,23.6875,29.0625,76.34375,23.0,27.66875,76.40625,21.9875,25.0,82.96875,20.83125,25.3375,87.34375,21.19375,58,2016-06-22,CN,6,2,22,Wednesday,False,0,0,0,0,0,0,0,0,0.0,0.0,0.0,0.0,0.0,0.0,0.0,0.0,0,False,,0.0036896103896103907,0.41601731601731656,0.04873160173160168,0.018679326923076903,69.43722943722943,41.3235294117647
20160622_DG,25.5,22.8,79.1,25.3,74.0,23.3,31.5,61.9,25.1,32.6,59.6,25.8,33.5,52.3,26.3,32.0,51.0,25.3,28.9,63.1,24.8,25.6,69.1,23.3,71,2016-06-22,DG,6,2,22,Wednesday,False,0,0,0,0,1,0,0,0,0.0,0.0,0.0,0.0,0.5,0.0,0.0,0.0,0,False,,0.003035211267605636,0.3563380281690145,0.025774647887323927,0.01352112676056335,47.53873239436621,30.813829787234038
20160622_DJ,31.1,25.4,79.5,32.0,72.3,26.1,29.5,77.4,24.2,30.1,63.8,25.7,31.0,66.6,25.1,29.3,67.3,23.3,25.8,79.6,21.7,26.1,81.9,22.3,37,2016-06-22,DJ,6,2,22,Wednesday,False,0,0,0,0,0,0,0,0,0.0,0.0,0.0,0.0,0.0,0.0,0.0,0.0,0,False,,0.001891666666666668,0.4137500000000008,0.03642916666666665,0.015576419213973772,35.18828451882845,22.819444444444446
20160622_GB,26.354166666999998,22.541666666999998,82.1,26.683333333,78.295833333,22.820833333000003,30.658333333,69.054166667,23.8625,30.066666667,68.125,23.825,31.616666666999997,58.870833333,24.841666667,30.641666667,57.829166666999996,24.0875,27.720833333,69.56666666699999,23.241666666999997,24.804166666999997,79.4,21.929166666999997,67,2016-06-22,GB,6,2,22,Wednesday,False,0,0,0,0,0,0,0,0,0.0,0.0,0.0,0.0,0.0,0.0,0.0,0.0,0,False,,0.003698387096774184,0.4572151898734186,0.032679334916864616,0.010337368421052616,38.454761904761895,27.2603550295858
20160622_GG,30.202380952,24.419047619,78.34047619,30.871428571,68.983333333,25.264285714,30.219047619,70.32619047600001,24.471428571,29.071428571,70.930952381,23.876190475999998,29.445238095,67.488095238,23.776190476,28.873809524000002,68.985714286,23.24047619,25.171428571,79.035714286,20.895238095,24.95,86.288095238,20.764285714,171,2016-06-22,GG,6,2,22,Wednesday,False,0,0,0,0,0,0,0,0,0.0,0.0,0.0,0.0,0.0,0.0,0.0,0.0,0,False,,0.004466242713301485,0.5608579088471851,0.0377722007722008,0.03175533980582525,65.21099947117925,42.65573770491803
20160622_GJ,24.9,22.8,93.4,30.9,84.3,25.4,24.4,97.1,22.9,31.5,75.9,25.8,30.3,74.5,23.9,30.4,69.6,23.6,24.6,83.4,21.8,25.3,84.0,22.3,23,2016-06-22,GJ,6,2,22,Wednesday,False,0,0,0,0,0,0,0,0,0.0,0.0,0.0,0.0,0.0,0.0,0.0,0.0,0,False,,0.003497652582159627,0.4558685446009394,0.02810328638497651,0.017107981220657268,28.176744186046516,21.508982035928145
20160622_GN,23.368181818000004,21.9,92.85,25.140909090999997,89.85,22.686363636,27.527272727,87.554545455,23.231818181999998,30.509090909,79.077272727,24.713636364,28.831818182,74.618181818,23.027272727,30.659090909,64.536363636,23.359090909000003,28.3,72.995454545,24.072727273,25.095454545,82.540909091,22.513636364,47,2016-06-22,GN,6,2,22,Wednesday,False,0,0,0,0,0,0,0,0,0.0,0.0,0.0,0.0,0.0,0.0,0.0,0.0,0,False,,0.003992485549132927,0.3978805394990377,0.02257996146435449,0.01922442105263155,45.72298624754421,29.914979757085018
20160622_GW,27.411111111,21.85,81.222222222,28.638888889,70.65555555600001,23.133333333000003,27.677777778000003,72.016666667,22.505555555999997,26.966666667,72.661111111,22.0,30.411111111,63.061111111,23.983333333,29.255555555999997,58.5,23.9,25.094444444,73.238888889,21.244444444000003,24.133333333000003,87.144444444,20.077777777999998,33,2016-06-22,GW,6,2,22,Wednesday,False,0,0,0,0,0,0,0,0,0.0,0.0,0.0,0.0,0.0,0.0,0.0,0.0,0,False,,0.0019148936170212782,0.3753191489361707,0.03239574468085107,0.011452765957446804,36.54468085106383,27.927007299270073
20160622_IC,27.12,23.77,93.12,27.27,91.5,23.78,26.77,90.88,23.0,26.69,91.38,22.65,24.57,91.42,21.65,26.07,87.87,22.12,22.65,95.46,19.91,22.96,94.65,19.68,51,2016-06-22,IC,6,2,22,Wednesday,False,0,0,0,0,0,0,0,0,0.0,0.0,0.0,0.0,0.0,0.0,0.0,0.0,0,False,,0.006291515151515124,0.583838383838384,0.030672727272727244,0.029235959595959576,67.50517598343686,37.285714285714285
20160622_JB,27.066666667,23.566666667,83.633333333,29.8,79.893333333,24.233333333,26.426666667,87.24,21.853333333000002,29.133333333000003,74.1,24.04,30.28,69.54,23.633333333000003,29.653333333000003,69.226666667,22.726666666999996,24.46,80.28666666699999,20.986666667,25.433333333,79.04,21.78,83,2016-06-22,JB,6,2,22,Wednesday,False,0,0,0,0,0,0,0,0,0.0,0.0,0.0,0.0,0.0,0.0,0.0,0.0,0,False,,0.00379662576687116,0.4170940170940178,0.03608125,0.012834399999999965,52.23249299719889,38.65482233502538
20160622_JJ,25.4,23.35,97.75,26.6,90.55,23.35,26.3,94.15,23.5,27.0,90.25,23.95,24.6,85.45,22.45,25.15,81.5,21.8,24.9,82.4,22.15,25.4,81.65,22.9,10,2016-06-22,JJ,6,2,22,Wednesday,False,0,0,0,0,0,0,0,0,0.0,0.0,0.0,0.0,0.0,0.0,0.0,0.0,0,False,,0.002417894736842109,0.3138297872340425,0.020199999999999992,0.01238842105263158,17.29268292682927,10.45
20160622_JN,23.445454545,22.204545455,93.295454545,28.518181818000002,87.345454545,24.109090909000003,24.622727273000002,94.054545455,22.713636364,29.459090909,83.4,24.586363635999998,27.945454545,81.01363636399999,22.690909090999998,28.55,74.759090909,22.472727273,24.445454545,82.572727273,21.768181818000002,24.813636364,86.05,22.136363636,40,2016-06-22,JN,6,2,22,Wednesday,False,0,0,0,0,0,0,0,0,0.0,0.0,0.0,0.0,0.0,0.0,0.0,0.0,0,False,,0.004799999999999985,0.4083116883116881,0.02899218749999995,0.012956989247311798,24.97593582887701,18.73913043478261
20160622_SU,30.2,24.3,75.1,31.3,60.1,26.0,30.7,66.0,24.7,29.3,64.5,24.1,29.9,58.0,24.5,29.1,63.1,23.8,24.9,73.5,20.9,24.5,81.8,20.9,188,2016-06-22,SU,6,2,22,Wednesday,False,0,0,0,0,0,0,0,0,0.0,0.0,0.0,0.0,0.0,0.0,0.0,0.0,0,False,,0.005206040992448704,0.6386536373507072,0.02938619201725997,0.04840560949298815,73.44432194046307,49.59369527145359
20160622_US,23.1,21.7,96.1,24.3,92.0,21.9,31.3,82.1,24.7,31.0,76.8,25.0,29.0,67.4,24.7,30.8,63.5,24.0,28.4,78.0,24.4,25.4,83.9,22.6,19,2016-06-22,US,6,2,22,Wednesday,False,0,0,0,0,0,0,0,0,0.0,0.0,0.0,0.0,0.0,0.0,0.0,0.0,0,False,,0.007870870870870829,0.4249249249249253,0.027481366459627333,0.020795795795795758,43.7962962962963,30.885964912280702
20160623_BS,26.6,23.5,79.3,23.3,93.8,21.9,24.6,89.6,22.4,28.7,88.1,23.9,28.6,88.4,23.9,25.5,80.5,22.4,28.6,67.6,22.9,26.4,81.4,23.6,69,2016-06-23,BS,6,3,23,Thursday,False,0,0,0,0,0,0,0,0,0.0,0.0,0.0,0.0,0.0,0.0,0.0,0.0,0,False,,0.004986876640419922,0.35404699738903384,0.0326747787610619,0.01632087912087909,36.779545454545456,23.524886877828056
20160623_CB,31.713333333,25.633333333000003,65.413333333,30.12,68.193333333,24.993333333000002,31.28,63.76,25.233333333,30.433333333,65.22,24.173333333000002,30.186666666999997,60.893333333,24.513333333000002,31.233333333,60.26,24.466666667,29.053333333,61.44,22.913333333,25.346666666999997,72.74,21.486666666999998,32,2016-06-23,CB,6,3,23,Thursday,False,0,0,0,0,0,0,0,0,0.0,0.0,0.0,0.0,0.0,0.0,0.0,0.0,0,False,,0.0017693181818181829,0.3037878787878787,0.04526893939393937,0.01352196969696967,28.44274809160305,16.217573221757323
20160623_CN,29.6125,24.4125,83.125,30.19375,84.6375,24.35,30.3625,79.79375,24.24375,29.16875,82.80625,23.125,28.44375,77.5875,23.6875,29.0625,76.34375,23.0,27.66875,76.40625,21.9875,25.0,82.96875,20.83125,47,2016-06-23,CN,6,3,23,Thursday,False,0,0,0,0,0,0,0,0,0.0,0.0,0.0,0.0,0.0,0.0,0.0,0.0,0,False,,0.0028236111111111127,0.41898148148148207,0.04525462962962961,0.015100520833333303,51.19248826291079,29.58208955223881
20160623_DG,32.7,26.2,60.1,25.5,79.1,22.8,25.3,74.0,23.3,31.5,61.9,25.1,32.6,59.6,25.8,33.5,52.3,26.3,32.0,51.0,25.3,28.9,63.1,24.8,71,2016-06-23,DG,6,3,23,Thursday,False,0,0,0,0,0,1,0,0,0.0,0.0,0.0,0.0,0.0,0.5,0.0,0.0,0,False,,0.0023636363636363646,0.2534965034965037,0.04560839160839161,0.010199300699300676,25.960714285714282,14.048128342245992
20160623_DJ,31.7,26.2,72.8,31.1,79.5,25.4,32.0,72.3,26.1,29.5,77.4,24.2,30.1,63.8,25.7,31.0,66.6,25.1,29.3,67.3,23.3,25.8,79.6,21.7,34,2016-06-23,DJ,6,3,23,Thursday,False,0,0,0,0,0,0,0,0,0.0,0.0,0.0,0.0,0.0,0.0,0.0,0.0,0,False,,0.0019458333333333348,0.3662500000000001,0.0442958333333333,0.013745833333333308,32.95045045045045,18.73611111111111
20160623_GB,30.066666667,24.516666667,70.05,26.354166666999998,82.1,22.541666666999998,26.683333333,78.295833333,22.820833333000003,30.658333333,69.054166667,23.8625,30.066666667,68.125,23.825,31.616666666999997,58.870833333,24.841666667,30.641666667,57.829166666999996,24.0875,27.720833333,69.56666666699999,23.241666666999997,52,2016-06-23,GB,6,3,23,Thursday,False,0,0,0,0,0,0,0,0,0.0,0.0,0.0,0.0,0.0,0.0,0.0,0.0,0,False,,0.004218548387096758,0.42481012658227824,0.036992857142857084,0.009761111111111085,23.059952038369303,12.348314606741571
20160623_GG,30.288095238,24.564285714,76.616666667,30.202380952,78.34047619,24.419047619,30.871428571,68.983333333,25.264285714,30.219047619,70.32619047600001,24.471428571,29.071428571,70.930952381,23.876190475999998,29.445238095,67.488095238,23.776190476,28.873809524000002,68.985714286,23.24047619,25.171428571,79.035714286,20.895238095,176,2016-06-23,GG,6,3,23,Thursday,False,0,0,0,0,0,0,0,0,0.0,0.0,0.0,0.0,0.0,0.0,0.0,0.0,0,False,,0.0039530987394957385,0.4789054197662018,0.038612144420131334,0.02429973614775737,42.60042395336514,26.438979963570127
20160623_GJ,30.3,25.2,84.6,24.9,93.4,22.8,30.9,84.3,25.4,24.4,97.1,22.9,31.5,75.9,25.8,30.3,74.5,23.9,30.4,69.6,23.6,24.6,83.4,21.8,34,2016-06-23,GJ,6,3,23,Thursday,False,0,0,0,0,0,0,0,0,0.0,0.0,0.0,0.0,0.0,0.0,0.0,0.0,0,False,,0.0020740740740740763,0.3754629629629625,0.028504629629629605,0.015064814814814784,22.796296296296298,13.303571428571427
20160623_GN,28.918181818,24.018181818000002,75.759090909,23.368181818000004,92.85,21.9,25.140909090999997,89.85,22.686363636,27.527272727,87.554545455,23.231818181999998,30.509090909,79.077272727,24.713636364,28.831818182,74.618181818,23.027272727,30.659090909,64.536363636,23.359090909000003,28.3,72.995454545,24.072727273,63,2016-06-23,GN,6,3,23,Thursday,False,0,0,0,0,0,0,0,0,0.0,0.0,0.0,0.0,0.0,0.0,0.0,0.0,0,False,,0.003968901303538155,0.37318435754190055,0.03329608938547485,0.013876608187134471,32.74051896207585,18.817073170731707
20160623_GW,28.322222221999997,23.133333333000003,76.15555555600001,27.411111111,81.222222222,21.85,28.638888889,70.65555555600001,23.133333333000003,27.677777778000003,72.016666667,22.505555555999997,26.966666667,72.661111111,22.0,30.411111111,63.061111111,23.983333333,29.255555555999997,58.5,23.9,25.094444444,73.238888889,21.244444444000003,32,2016-06-23,GW,6,3,23,Thursday,False,0,0,0,0,0,0,0,0,0.0,0.0,0.0,0.0,0.0,0.0,0.0,0.0,0,False,,0.0019901709401709427,0.34017094017094035,0.03459401709401709,0.008498717948717937,30.932126696832576,20.228571428571428
20160623_IC,28.02,23.29,93.45,27.12,93.12,23.77,27.27,91.5,23.78,26.77,90.88,23.0,26.69,91.38,22.65,24.57,91.42,21.65,26.07,87.87,22.12,22.65,95.46,19.91,57,2016-06-23,IC,6,3,23,Thursday,False,0,0,0,0,0,0,0,0,0.0,0.0,0.0,0.0,0.0,0.0,0.0,0.0,0,False,,0.005581341719077548,0.5356394129979036,0.032412997903563924,0.024769811320754696,47.57112526539278,24.716363636363635
20160623_JB,29.9,24.666666666999998,78.14,27.066666667,83.633333333,23.566666667,29.8,79.893333333,24.233333333,26.426666667,87.24,21.853333333000002,29.133333333000003,74.1,24.04,30.28,69.54,23.633333333000003,29.653333333000003,69.226666667,22.726666666999996,24.46,80.28666666699999,20.986666667,78,2016-06-23,JB,6,3,23,Thursday,False,0,0,0,0,0,0,0,0,0.0,0.0,0.0,0.0,0.0,0.0,0.0,0.0,0,False,,0.0035854545454545392,0.3946327683615808,0.03947305389221553,0.011547578347578323,42.51724137931035,30.03365384615385
20160623_JJ,27.3,23.85,89.6,25.4,97.75,23.35,26.6,90.55,23.35,26.3,94.15,23.5,27.0,90.25,23.95,24.6,85.45,22.45,25.15,81.5,21.8,24.9,82.4,22.15,13,2016-06-23,JJ,6,3,23,Thursday,False,0,0,0,0,0,0,0,0,0.0,0.0,0.0,0.0,0.0,0.0,0.0,0.0,0,False,,0.002482291666666669,0.3136842105263157,0.023989583333333325,0.008493750000000007,20.175,14.228915662650602
20160623_JN,28.413636364000002,24.131818181999996,84.995454545,23.445454545,93.295454545,22.204545455,28.518181818000002,87.345454545,24.109090909000003,24.622727273000002,94.054545455,22.713636364,29.459090909,83.4,24.586363635999998,27.945454545,81.01363636399999,22.690909090999998,28.55,74.759090909,22.472727273,24.445454545,82.572727273,21.768181818000002,70,2016-06-23,JN,6,3,23,Thursday,False,0,0,0,0,0,0,0,0,0.0,0.0,0.0,0.0,0.0,0.0,0.0,0.0,0,False,,0.005996286472148506,0.4398416886543535,0.02819628647214852,0.01326860158311342,27.00261780104712,18.366812227074234
20160623_SU,29.4,24.7,71.0,30.2,75.1,24.3,31.3,60.1,26.0,30.7,66.0,24.7,29.3,64.5,24.1,29.9,58.0,24.5,29.1,63.1,23.8,24.9,73.5,20.9,200,2016-06-23,SU,6,3,23,Thursday,False,0,0,0,0,0,0,0,0,0.0,0.0,0.0,0.0,0.0,0.0,0.0,0.0,0,False,,0.004742671009771956,0.5334429824561386,0.03166160520607373,0.03691214750542293,44.69197396963124,28.67993079584775
20160623_US,27.4,22.9,82.1,23.1,96.1,21.7,24.3,92.0,21.9,31.3,82.1,24.7,31.0,76.8,25.0,29.0,67.4,24.7,30.8,63.5,24.0,28.4,78.0,24.4,11,2016-06-23,US,6,3,23,Thursday,False,0,0,0,0,0,0,0,0,0.0,0.0,0.0,0.0,0.0,0.0,0.0,0.0,0,False,,0.007728096676737133,0.4293051359516623,0.033132930513595164,0.016404833836857976,34.146875,20.99115044247788
20160624_BS,24.2,22.6,92.9,26.6,79.3,23.5,23.3,93.8,21.9,24.6,89.6,22.4,28.7,88.1,23.9,28.6,88.4,23.9,25.5,80.5,22.4,28.6,67.6,22.9,57,2016-06-24,BS,6,4,24,Friday,False,0,0,0,0,0,0,0,0,0.0,0.0,0.0,0.0,0.0,0.0,0.0,0.0,0,False,,0.005156164383561621,0.3534210526315789,0.01846744186046509,0.02248444444444441,34.46666666666667,22.180555555555557
20160624_CB,24.96,21.633333333000003,85.16,31.713333333,65.413333333,25.633333333000003,30.12,68.193333333,24.993333333000002,31.28,63.76,25.233333333,30.433333333,65.22,24.173333333000002,30.186666666999997,60.893333333,24.513333333000002,31.233333333,60.26,24.466666667,29.053333333,61.44,22.913333333,35,2016-06-24,CB,6,4,24,Friday,False,0,0,0,0,0,0,0,0,0.0,0.0,0.0,0.0,0.0,0.0,0.0,0.0,0,False,,0.001858593750000001,0.3136718749999997,0.04533203125,0.013132812499999976,35.62692307692308,23.995798319327733
20160624_CN,25.54375,21.61875,90.86875,29.6125,83.125,24.4125,30.19375,84.6375,24.35,30.3625,79.79375,24.24375,29.16875,82.80625,23.125,28.44375,77.5875,23.6875,29.0625,76.34375,23.0,27.66875,76.40625,21.9875,53,2016-06-24,CN,6,4,24,Friday,False,0,0,0,0,0,0,0,0,0.0,0.0,0.0,0.0,0.0,0.0,0.0,0.0,0,False,,0.0029572687224669624,0.4052863436123352,0.050083700440528615,0.014140886699507369,36.06167400881057,24.448275862068964
20160624_DG,25.5,22.7,81.0,32.7,60.1,26.2,25.5,79.1,22.8,25.3,74.0,23.3,31.5,61.9,25.1,32.6,59.6,25.8,33.5,52.3,26.3,32.0,51.0,25.3,56,2016-06-24,DG,6,4,24,Friday,False,0,0,0,0,0,0,1,0,0.0,0.0,0.0,0.0,0.0,0.0,0.5,0.0,0,False,,0.0024055944055944075,0.2909090909090909,0.024860139860139838,0.01768181818181816,26.485915492957748,15.222826086956523
20160624_DJ,24.8,22.2,90.6,31.7,72.8,26.2,31.1,79.5,25.4,32.0,72.3,26.1,29.5,77.4,24.2,30.1,63.8,25.7,31.0,66.6,25.1,29.3,67.3,23.3,19,2016-06-24,DJ,6,4,24,Friday,False,0,0,0,0,0,0,0,0,0.0,0.0,0.0,0.0,0.0,0.0,0.0,0.0,0,False,,0.0018958333333333349,0.40666666666666695,0.04127916666666665,0.01522077922077919,33.906976744186046,18.694444444444443
20160624_GB,24.758333333000003,21.766666667,87.64166666700001,30.066666667,70.05,24.516666667,26.354166666999998,82.1,22.541666666999998,26.683333333,78.295833333,22.820833333000003,30.658333333,69.054166667,23.8625,30.066666667,68.125,23.825,31.616666666999997,58.870833333,24.841666667,30.641666667,57.829166666999996,24.0875,73,2016-06-24,GB,6,4,24,Friday,False,0,0,0,0,0,0,0,0,0.0,0.0,0.0,0.0,0.0,0.0,0.0,0.0,0,False,,0.003455227882037525,0.4316582914572868,0.03030120481927706,0.011678140703517557,22.27710843373494,14.410256410256409
20160624_GG,26.180952380999997,22.545238095,83.94047619,30.288095238,76.616666667,24.564285714,30.202380952,78.34047619,24.419047619,30.871428571,68.983333333,25.264285714,30.219047619,70.32619047600001,24.471428571,29.071428571,70.930952381,23.876190475999998,29.445238095,67.488095238,23.776190476,28.873809524000002,68.985714286,23.24047619,163,2016-06-24,GG,6,4,24,Friday,False,0,0,0,0,0,0,0,0,0.0,0.0,0.0,0.0,0.0,0.0,0.0,0.0,0,False,,0.0035569270833332852,0.4603803486529282,0.03533333333333319,0.02431431578947378,47.46659707724425,28.469111969111967
20160624_GJ,25.6,22.2,92.4,30.3,84.6,25.2,24.9,93.4,22.8,30.9,84.3,25.4,24.4,97.1,22.9,31.5,75.9,25.8,30.3,74.5,23.9,30.4,69.6,23.6,28,2016-06-24,GJ,6,4,24,Friday,False,0,0,0,0,0,0,0,0,0.0,0.0,0.0,0.0,0.0,0.0,0.0,0.0,0,False,,0.0018564814814814828,0.3263888888888881,0.03373611111111108,0.01375462962962961,15.537037037037035,9.898809523809524
20160624_GN,26.290909091,22.595454545,87.140909091,28.918181818,75.759090909,24.018181818000002,23.368181818000004,92.85,21.9,25.140909090999997,89.85,22.686363636,27.527272727,87.554545455,23.231818181999998,30.509090909,79.077272727,24.713636364,28.831818182,74.618181818,23.027272727,30.659090909,64.536363636,23.359090909000003,42,2016-06-24,GN,6,4,24,Friday,False,0,0,0,0,0,0,0,0,0.0,0.0,0.0,0.0,0.0,0.0,0.0,0.0,0,False,,0.003406273062730614,0.4016605166051673,0.021576709796672776,0.018048841698841658,30.371647509578548,16.90874524714829
20160624_GW,23.488888889000002,20.705555556,87.29444444399999,28.322222221999997,76.15555555600001,23.133333333000003,27.411111111,81.222222222,21.85,28.638888889,70.65555555600001,23.133333333000003,27.677777778000003,72.016666667,22.505555555999997,26.966666667,72.661111111,22.0,30.411111111,63.061111111,23.983333333,29.255555555999997,58.5,23.9,35,2016-06-24,GW,6,4,24,Friday,False,0,0,0,0,0,0,0,0,0.0,0.0,0.0,0.0,0.0,0.0,0.0,0.0,0,False,,0.0018385281385281398,0.3238095238095231,0.037709956709956687,0.009369696969696957,30.42924528301887,22.94160583941606
20160624_IC,25.6,22.46,91.6,28.02,93.45,23.29,27.12,93.12,23.77,27.27,91.5,23.78,26.77,90.88,23.0,26.69,91.38,22.65,24.57,91.42,21.65,26.07,87.87,22.12,33,2016-06-24,IC,6,4,24,Friday,False,0,0,0,0,0,0,0,0,0.0,0.0,0.0,0.0,0.0,0.0,0.0,0.0,0,False,,0.004770947368421034,0.5027368421052626,0.03743157894736841,0.02000084210526313,54.675159235668794,30.003521126760567
20160624_JB,24.553333333,21.573333333,88.84,29.9,78.14,24.666666666999998,27.066666667,83.633333333,23.566666667,29.8,79.893333333,24.233333333,26.426666667,87.24,21.853333333000002,29.133333333000003,74.1,24.04,30.28,69.54,23.633333333000003,29.653333333000003,69.226666667,22.726666666999996,81,2016-06-24,JB,6,4,24,Friday,False,0,0,0,0,0,0,0,0,0.0,0.0,0.0,0.0,0.0,0.0,0.0,0.0,0,False,,0.003764776119402978,0.3935393258426963,0.0421315789473684,0.011083557951482451,33.44940476190476,22.831683168316825
20160624_JJ,30.0,24.55,86.95,27.3,89.6,23.85,25.4,97.75,23.35,26.6,90.55,23.35,26.3,94.15,23.5,27.0,90.25,23.95,24.6,85.45,22.45,25.15,81.5,21.8,15,2016-06-24,JJ,6,4,24,Friday,False,0,0,0,0,0,0,0,0,0.0,0.0,0.0,0.0,0.0,0.0,0.0,0.0,0,False,,0.0022329411764705908,0.34578313253012033,0.03196470588235294,0.008645238095238098,32.657534246575345,22.246376811594207
20160624_JN,25.559090909000002,22.486363636,90.322727273,28.413636364000002,84.995454545,24.131818181999996,23.445454545,93.295454545,22.204545455,28.518181818000002,87.345454545,24.109090909000003,24.622727273000002,94.054545455,22.713636364,29.459090909,83.4,24.586363635999998,27.945454545,81.01363636399999,22.690909090999998,28.55,74.759090909,22.472727273,56,2016-06-24,JN,6,4,24,Friday,False,0,0,0,0,0,0,0,0,0.0,0.0,0.0,0.0,0.0,0.0,0.0,0.0,0,False,,0.004611508951406634,0.4501278772378523,0.029018087855297144,0.0119867346938775,21.41709844559585,14.947136563876652
20160624_SU,25.7,23.1,75.8,29.4,71.0,24.7,30.2,75.1,24.3,31.3,60.1,26.0,30.7,66.0,24.7,29.3,64.5,24.1,29.9,58.0,24.5,29.1,63.1,23.8,169,2016-06-24,SU,6,4,24,Friday,False,0,0,0,0,0,0,0,0,0.0,0.0,0.0,0.0,0.0,0.0,0.0,0.0,0,False,,0.0043601321585902955,0.5061946902654856,0.0268711453744493,0.0362004429678848,59.40518256772675,35.79497098646035
20160624_US,24.7,22.2,93.8,27.4,82.1,22.9,23.1,96.1,21.7,24.3,92.0,21.9,31.3,82.1,24.7,31.0,76.8,25.0,29.0,67.4,24.7,30.8,63.5,24.0,7,2016-06-24,US,6,4,24,Friday,False,0,0,0,0,0,0,0,0,0.0,0.0,0.0,0.0,0.0,0.0,0.0,0.0,0,False,,0.007422619047619012,0.5208333333333345,0.013897590361445751,0.02578571428571427,28.934131736526947,18.291666666666668
20160625_BS,25.7,22.7,67.6,24.2,92.9,22.6,26.6,79.3,23.5,23.3,93.8,21.9,24.6,89.6,22.4,28.7,88.1,23.9,28.6,88.4,23.9,25.5,80.5,22.4,28,2016-06-25,BS,6,5,25,Saturday,False,0,0,0,0,0,0,0,0,0.0,0.0,0.0,0.0,0.0,0.0,0.0,0.0,0,True,,0.005366492146596836,0.3359375,0.04655787037037035,0.016741228070175418,32.27546296296296,18.682017543859647
20160625_CB,27.813333333000003,22.42,60.306666666999995,24.96,85.16,21.633333333000003,31.713333333,65.413333333,25.633333333000003,30.12,68.193333333,24.993333333000002,31.28,63.76,25.233333333,30.433333333,65.22,24.173333333000002,30.186666666999997,60.893333333,24.513333333000002,31.233333333,60.26,24.466666667,5,2016-06-25,CB,6,5,25,Saturday,False,0,0,0,0,0,0,0,0,0.0,0.0,0.0,0.0,0.0,0.0,0.0,0.0,0,True,,0.002379457364341087,0.24263565891472794,0.04847286821705425,0.009885271317829429,26.31178707224334,12.548117154811713
20160625_CN,26.75625,22.075,75.5125,25.54375,90.86875,21.61875,29.6125,83.125,24.4125,30.19375,84.6375,24.35,30.3625,79.79375,24.24375,29.16875,82.80625,23.125,28.44375,77.5875,23.6875,29.0625,76.34375,23.0,22,2016-06-25,CN,6,5,25,Saturday,False,0,0,0,0,0,0,0,0,0.0,0.0,0.0,0.0,0.0,0.0,0.0,0.0,0,True,,0.0033250000000000016,0.3574999999999991,0.0563375,0.009470370370370351,32.8,16.18840579710145
20160625_DG,29.6,24.9,47.4,25.5,81.0,22.7,32.7,60.1,26.2,25.5,79.1,22.8,25.3,74.0,23.3,31.5,61.9,25.1,32.6,59.6,25.8,33.5,52.3,26.3,15,2016-06-25,DG,6,5,25,Saturday,False,0,0,0,0,0,0,0,1,0.0,0.0,0.0,0.0,0.0,0.0,0.0,0.5,0,True,,0.00230902777777778,0.20208333333333345,0.043714801444043314,0.01096527777777775,25.460992907801423,12.724867724867725
20160625_DJ,27.7,22.9,69.4,24.8,90.6,22.2,31.7,72.8,26.2,31.1,79.5,25.4,32.0,72.3,26.1,29.5,77.4,24.2,30.1,63.8,25.7,31.0,66.6,25.1,9,2016-06-25,DJ,6,5,25,Saturday,False,0,0,0,0,0,0,0,0,0.0,0.0,0.0,0.0,0.0,0.0,0.0,0.0,0,True,,0.0026833333333333357,0.3174999999999997,0.05460833333333336,0.010726851851851828,28.48148148148148,12.583333333333336
20160625_GB,28.133333333000003,23.058333333,57.529166667,24.758333333000003,87.64166666700001,21.766666667,30.066666667,70.05,24.516666667,26.354166666999998,82.1,22.541666666999998,26.683333333,78.295833333,22.820833333000003,30.658333333,69.054166667,23.8625,30.066666667,68.125,23.825,31.616666666999997,58.870833333,24.841666667,19,2016-06-25,GB,6,5,25,Saturday,False,0,0,0,0,0,0,0,0,0.0,0.0,0.0,0.0,0.0,0.0,0.0,0.0,0,True,,0.0031929687499999923,0.3611675126903549,0.051650462962962974,0.00712573529411763,21.74299065420561,9.543010752688172
20160625_GG,27.002380952,22.380952381,68.319047619,26.180952380999997,83.94047619,22.545238095,30.288095238,76.616666667,24.564285714,30.202380952,78.34047619,24.419047619,30.871428571,68.983333333,25.264285714,30.219047619,70.32619047600001,24.471428571,29.071428571,70.930952381,23.876190475999998,29.445238095,67.488095238,23.776190476,57,2016-06-25,GG,6,5,25,Saturday,False,0,0,0,0,0,0,0,0,0.0,0.0,0.0,0.0,0.0,0.0,0.0,0.0,0,True,,0.004112860082304474,0.38703215603584096,0.043299679487179575,0.01627382690302402,31.28909952606635,14.515901060070671
20160625_GJ,28.0,23.2,75.3,25.6,92.4,22.2,30.3,84.6,25.2,24.9,93.4,22.8,30.9,84.3,25.4,24.4,97.1,22.9,31.5,75.9,25.8,30.3,74.5,23.9,10,2016-06-25,GJ,6,5,25,Saturday,False,0,0,0,0,0,0,0,0,0.0,0.0,0.0,0.0,0.0,0.0,0.0,0.0,0,True,,0.002634259259259261,0.29398148148148073,0.04839814814814815,0.011819444444444431,28.26851851851852,14.488095238095234
20160625_GN,27.4,23.068181818000003,64.681818182,26.290909091,87.140909091,22.595454545,28.918181818,75.759090909,24.018181818000002,23.368181818000004,92.85,21.9,25.140909090999997,89.85,22.686363636,27.527272727,87.554545455,23.231818181999998,30.509090909,79.077272727,24.713636364,28.831818182,74.618181818,23.027272727,26,2016-06-25,GN,6,5,25,Saturday,False,0,0,0,0,0,0,0,0,0.0,0.0,0.0,0.0,0.0,0.0,0.0,0.0,0,True,,0.003520545454545435,0.34347826086956584,0.04423550724637682,0.011134280303030266,30.631481481481487,15.053231939163494
20160625_GW,26.005555555999997,21.644444444,62.233333333000004,23.488888889000002,87.29444444399999,20.705555556,28.322222221999997,76.15555555600001,23.133333333000003,27.411111111,81.222222222,21.85,28.638888889,70.65555555600001,23.133333333000003,27.677777778000003,72.016666667,22.505555555999997,26.966666667,72.661111111,22.0,30.411111111,63.061111111,23.983333333,8,2016-06-25,GW,6,5,25,Saturday,False,0,0,0,0,0,0,0,0,0.0,0.0,0.0,0.0,0.0,0.0,0.0,0.0,0,True,,0.0019429166666666683,0.2808333333333332,0.040658333333333324,0.009282916666666651,29.23148148148148,17.848920863309353
20160625_IC,25.39,22.41,83.59,25.6,91.6,22.46,28.02,93.45,23.29,27.12,93.12,23.77,27.27,91.5,23.78,26.77,90.88,23.0,26.69,91.38,22.65,24.57,91.42,21.65,15,2016-06-25,IC,6,5,25,Saturday,False,0,0,0,0,0,0,0,0,0.0,0.0,0.0,0.0,0.0,0.0,0.0,0.0,0,True,,0.0052021825396825205,0.3994047619047627,0.0420122699386503,0.01370773809523805,36.80241935483871,14.294701986754966
20160625_JB,26.686666666999997,22.36,72.406666667,24.553333333,88.84,21.573333333,29.9,78.14,24.666666666999998,27.066666667,83.633333333,23.566666667,29.8,79.893333333,24.233333333,26.426666667,87.24,21.853333333000002,29.133333333000003,74.1,24.04,30.28,69.54,23.633333333000003,18,2016-06-25,JB,6,5,25,Saturday,False,0,0,0,0,0,0,0,0,0.0,0.0,0.0,0.0,0.0,0.0,0.0,0.0,0,True,,0.00501755952380951,0.35260115606936393,0.05689166666666669,0.0093083333333333,37.59416445623342,18.34375
20160625_JJ,25.45,22.6,81.45,30.0,86.95,24.55,27.3,89.6,23.85,25.4,97.75,23.35,26.6,90.55,23.35,26.3,94.15,23.5,27.0,90.25,23.95,24.6,85.45,22.45,4,2016-06-25,JJ,6,5,25,Saturday,False,0,0,0,0,0,0,0,0,0.0,0.0,0.0,0.0,0.0,0.0,0.0,0.0,0,True,,0.0017312500000000012,0.34,0.046510416666666665,0.006865625000000004,40.822222222222216,28.57954545454545
20160625_JN,27.063636364,22.809090909000002,72.372727273,25.559090909000002,90.322727273,22.486363636,28.413636364000002,84.995454545,24.131818181999996,23.445454545,93.295454545,22.204545455,28.518181818000002,87.345454545,24.109090909000003,24.622727273000002,94.054545455,22.713636364,29.459090909,83.4,24.586363635999998,27.945454545,81.01363636399999,22.690909090999998,24,2016-06-25,JN,6,5,25,Saturday,False,0,0,0,0,0,0,0,0,0.0,0.0,0.0,0.0,0.0,0.0,0.0,0.0,0,True,,0.00551030150753768,0.32965686274509765,0.05110784313725484,0.0068877450980391825,25.233830845771145,15.483050847457626
20160625_SU,26.7,22.8,63.1,25.7,75.8,23.1,29.4,71.0,24.7,30.2,75.1,24.3,31.3,60.1,26.0,30.7,66.0,24.7,29.3,64.5,24.1,29.9,58.0,24.5,51,2016-06-25,SU,6,5,25,Saturday,False,0,0,0,0,0,0,0,0,0.0,0.0,0.0,0.0,0.0,0.0,0.0,0.0,0,True,,0.004637061403508746,0.4096491228070169,0.03539802631578945,0.028474204171240313,33.585972850678736,17.056140350877193
20160625_US,27.3,23.3,66.6,24.7,93.8,22.2,27.4,82.1,22.9,23.1,96.1,21.7,24.3,92.0,21.9,31.3,82.1,24.7,31.0,76.8,25.0,29.0,67.4,24.7,5,2016-06-25,US,6,5,25,Saturday,False,0,0,0,0,0,0,0,0,0.0,0.0,0.0,0.0,0.0,0.0,0.0,0.0,0,True,,0.005872023809523778,0.4065476190476202,0.040164670658682615,0.018366071428571402,29.355223880597013,15.398305084745765
20160626_BS,28.6,23.3,70.9,25.7,67.6,22.7,24.2,92.9,22.6,26.6,79.3,23.5,23.3,93.8,21.9,24.6,89.6,22.4,28.7,88.1,23.9,28.6,88.4,23.9,4,2016-06-26,BS,6,6,26,Sunday,False,0,0,0,0,0,0,0,0,0.0,0.0,0.0,0.0,0.0,0.0,0.0,0.0,0,True,,0.006033333333333315,0.3635416666666668,0.053587962962962976,0.016353070175438578,41.136574074074076,26.415384615384607
20160626_CB,29.713333333,23.12,60.426666667,27.813333333000003,60.306666666999995,22.42,24.96,85.16,21.633333333000003,31.713333333,65.413333333,25.633333333000003,30.12,68.193333333,24.993333333000002,31.28,63.76,25.233333333,30.433333333,65.22,24.173333333000002,30.186666666999997,60.893333333,24.513333333000002,2,2016-06-26,CB,6,6,26,Sunday,False,0,0,0,0,0,0,0,0,0.0,0.0,0.0,0.0,0.0,0.0,0.0,0.0,0,True,,0.0025357414448669217,0.2733840304182502,0.051030418250950574,0.010902399999999977,27.13257575757576,15.0375
20160626_CN,28.94375,22.5875,76.21875,26.75625,75.5125,22.075,25.54375,90.86875,21.61875,29.6125,83.125,24.4125,30.19375,84.6375,24.35,30.3625,79.79375,24.24375,29.16875,82.80625,23.125,28.44375,77.5875,23.6875,1,2016-06-26,CN,6,6,26,Sunday,False,0,0,0,0,0,0,0,0,0.0,0.0,0.0,0.0,0.0,0.0,0.0,0.0,0,True,,0.003834583333333336,0.3508333333333332,0.054279166666666684,0.0101810185185185,30.034334763948497,15.871428571428574
20160626_DG,30.9,24.8,53.3,29.6,47.4,24.9,25.5,81.0,22.7,32.7,60.1,26.2,25.5,79.1,22.8,25.3,74.0,23.3,31.5,61.9,25.1,32.6,59.6,25.8,2,2016-06-26,DG,6,6,26,Sunday,False,0,0,0,0,0,0,0,0,0.0,0.0,0.0,0.0,0.0,0.0,0.0,0.0,0,True,,0.0020000000000000013,0.2291666666666667,0.044774305555555546,0.012111111111111095,28.617021276595747,16.773684210526312
20160626_DJ,30.0,23.9,71.0,27.7,69.4,22.9,24.8,90.6,22.2,31.7,72.8,26.2,31.1,79.5,25.4,32.0,72.3,26.1,29.5,77.4,24.2,30.1,63.8,25.7,2,2016-06-26,DJ,6,6,26,Sunday,False,0,0,0,0,0,0,0,0,0.0,0.0,0.0,0.0,0.0,0.0,0.0,0.0,0,True,,0.002370833333333335,0.3837499999999997,0.059308333333333366,0.009482456140350858,30.483253588516746,16.944444444444443
20160626_GB,29.495833333,23.2375,62.029166667,28.133333333000003,57.529166667,23.058333333,24.758333333000003,87.64166666700001,21.766666667,30.066666667,70.05,24.516666667,26.354166666999998,82.1,22.541666666999998,26.683333333,78.295833333,22.820833333000003,30.658333333,69.054166667,23.8625,30.066666667,68.125,23.825,1,2016-06-26,GB,6,6,26,Sunday,False,0,0,0,0,0,0,0,0,0.0,0.0,0.0,0.0,0.0,0.0,0.0,0.0,0,True,,0.0036437333333333224,0.3892030848329038,0.0503806146572104,0.00888124999999999,25.33886255924171,13.573684210526313
20160626_GG,30.326190476,23.692857143,66.292857143,27.002380952,68.319047619,22.380952381,26.180952380999997,83.94047619,22.545238095,30.288095238,76.616666667,24.564285714,30.202380952,78.34047619,24.419047619,30.871428571,68.983333333,25.264285714,30.219047619,70.32619047600001,24.471428571,29.071428571,70.930952381,23.876190475999998,4,2016-06-26,GG,6,6,26,Sunday,False,0,0,0,0,0,0,0,0,0.0,0.0,0.0,0.0,0.0,0.0,0.0,0.0,0,True,,0.004037570766855332,0.3839135021097021,0.042814003206841415,0.015413445378151284,31.591911764705888,16.086021505376348
20160626_GJ,29.7,24.1,70.9,28.0,75.3,23.2,25.6,92.4,22.2,30.3,84.6,25.2,24.9,93.4,22.8,30.9,84.3,25.4,24.4,97.1,22.9,31.5,75.9,25.8,1,2016-06-26,GJ,6,6,26,Sunday,False,0,0,0,0,0,0,0,0,0.0,0.0,0.0,0.0,0.0,0.0,0.0,0.0,0,True,,0.0023657407407407425,0.3592592592592587,0.0549583333333333,0.011305555555555546,34.282407407407405,21.166666666666668
20160626_GN,29.909090909,23.731818181999998,67.01363636399999,27.4,64.681818182,23.068181818000003,26.290909091,87.140909091,22.595454545,28.918181818,75.759090909,24.018181818000002,23.368181818000004,92.85,21.9,25.140909090999997,89.85,22.686363636,27.527272727,87.554545455,23.231818181999998,30.509090909,79.077272727,24.713636364,2,2016-06-26,GN,6,6,26,Sunday,False,0,0,0,0,0,0,0,0,0.0,0.0,0.0,0.0,0.0,0.0,0.0,0.0,0,True,,0.003423913043478241,0.3784420289855081,0.04841123188405795,0.010954990215264152,37.86594202898551,22.23193916349809
20160626_GW,29.111111111,22.638888889,63.533333333,26.005555555999997,62.233333333000004,21.644444444,23.488888889000002,87.29444444399999,20.705555556,28.322222221999997,76.15555555600001,23.133333333000003,27.411111111,81.222222222,21.85,28.638888889,70.65555555600001,23.133333333000003,27.677777778000003,72.016666667,22.505555555999997,26.966666667,72.661111111,22.0,2,2016-06-26,GW,6,6,26,Sunday,False,0,0,0,0,0,0,0,0,0.0,0.0,0.0,0.0,0.0,0.0,0.0,0.0,0,True,,0.0021166666666666686,0.3074999999999993,0.040833333333333326,0.008617916666666663,33.75925925925926,21.366197183098592
20160626_IC,27.39,23.23,84.41,25.39,83.59,22.41,25.6,91.6,22.46,28.02,93.45,23.29,27.12,93.12,23.77,27.27,91.5,23.78,26.77,90.88,23.0,26.69,91.38,22.65,2,2016-06-26,IC,6,6,26,Sunday,False,0,0,0,0,0,0,0,0,0.0,0.0,0.0,0.0,0.0,0.0,0.0,0.0,0,True,,0.0048478174603174455,0.36349206349206425,0.04399791666666667,0.012580158730158698,34.016194331983804,13.681208053691275
20160626_JB,28.453333333000003,22.54,71.726666667,26.686666666999997,72.406666667,22.36,24.553333333,88.84,21.573333333,29.9,78.14,24.666666666999998,27.066666667,83.633333333,23.566666667,29.8,79.893333333,24.233333333,26.426666667,87.24,21.853333333000002,29.133333333000003,74.1,24.04,2,2016-06-26,JB,6,6,26,Sunday,False,0,0,0,0,0,0,0,0,0.0,0.0,0.0,0.0,0.0,0.0,0.0,0.0,0,True,,0.004291964285714277,0.4044444444444445,0.058516666666666585,0.009118749999999972,39.473404255319146,24.05333333333333
20160626_JJ,27.6,23.3,81.15,25.45,81.45,22.6,30.0,86.95,24.55,27.3,89.6,23.85,25.4,97.75,23.35,26.6,90.55,23.35,26.3,94.15,23.5,27.0,90.25,23.95,0,2016-06-26,JJ,6,6,26,Sunday,False,0,0,0,0,0,0,0,0,0.0,0.0,0.0,0.0,0.0,0.0,0.0,0.0,0,True,,0.0016947916666666676,0.5031578947368424,0.053270833333333344,0.007114583333333335,76.41758241758242,56.618421052631575
20160626_JN,28.990909091,23.381818181999996,74.55,27.063636364,72.372727273,22.809090909000002,25.559090909000002,90.322727273,22.486363636,28.413636364000002,84.995454545,24.131818181999996,23.445454545,93.295454545,22.204545455,28.518181818000002,87.345454545,24.109090909000003,24.622727273000002,94.054545455,22.713636364,29.459090909,83.4,24.586363635999998,0,2016-06-26,JN,6,6,26,Sunday,False,0,0,0,0,0,0,0,0,0.0,0.0,0.0,0.0,0.0,0.0,0.0,0.0,0,True,,0.004186387434554964,0.3813725490196092,0.055375,0.0067507352941176225,33.61290322580645,23.21276595744681
20160626_SU,30.3,24.4,58.4,26.7,63.1,22.8,25.7,75.8,23.1,29.4,71.0,24.7,30.2,75.1,24.3,31.3,60.1,26.0,30.7,66.0,24.7,29.3,64.5,24.1,4,2016-06-26,SU,6,6,26,Sunday,False,0,0,0,0,0,0,0,0,0.0,0.0,0.0,0.0,0.0,0.0,0.0,0.0,0,True,,0.004740131578947333,0.391228070175439,0.03595175438596485,0.025874999999999915,32.97961494903737,18.24258289703316
20160626_US,28.7,23.3,69.4,27.3,66.6,23.3,24.7,93.8,22.2,27.4,82.1,22.9,23.1,96.1,21.7,24.3,92.0,21.9,31.3,82.1,24.7,31.0,76.8,25.0,0,2016-06-26,US,6,6,26,Sunday,False,0,0,0,0,0,0,0,0,0.0,0.0,0.0,0.0,0.0,0.0,0.0,0.0,0,True,,0.008083333333333288,0.4812500000000006,0.046380952380952384,0.02048511904761899,38.389880952380956,22.875
20160627_BS,23.4,20.5,93.0,28.6,70.9,23.3,25.7,67.6,22.7,24.2,92.9,22.6,26.6,79.3,23.5,23.3,93.8,21.9,24.6,89.6,22.4,28.7,88.1,23.9,103,2016-06-27,BS,6,0,27,Monday,False,0,0,0,0,0,0,0,0,0.0,0.0,0.0,0.0,0.0,0.0,0.0,0.0,0,False,,0.007175487465181025,0.4634464751958231,0.03142334096109836,0.03072828507795101,74.0,55.40835266821346
20160627_CB,28.773333333000004,23.046666666999997,63.913333333000004,29.713333333,60.426666667,23.12,27.813333333000003,60.306666666999995,22.42,24.96,85.16,21.633333333000003,31.713333333,65.413333333,25.633333333000003,30.12,68.193333333,24.993333333000002,31.28,63.76,25.233333333,30.433333333,65.22,24.173333333000002,46,2016-06-27,CB,6,0,27,Monday,False,0,0,0,0,0,0,0,0,0.0,0.0,0.0,0.0,0.0,0.0,0.0,0.0,0,False,,0.0022034090909090927,0.2749999999999995,0.03721590909090906,0.017751515151515126,29.61742424242424,15.479166666666664
20160627_CN,28.5125,22.54375,76.89375,28.94375,76.21875,22.5875,26.75625,75.5125,22.075,25.54375,90.86875,21.61875,29.6125,83.125,24.4125,30.19375,84.6375,24.35,30.3625,79.79375,24.24375,29.16875,82.80625,23.125,62,2016-06-27,CN,6,0,27,Monday,False,0,0,0,0,0,0,0,0,0.0,0.0,0.0,0.0,0.0,0.0,0.0,0.0,0,False,,0.0032961864406779663,0.3228813559322032,0.04528389830508476,0.013835849056603755,34.190677966101696,18.774193548387093
20160627_DG,27.8,22.6,72.9,30.9,53.3,24.8,29.6,47.4,24.9,25.5,81.0,22.7,32.7,60.1,26.2,25.5,79.1,22.8,25.3,74.0,23.3,31.5,61.9,25.1,75,2016-06-27,DG,6,0,27,Monday,False,0,0,0,0,0,0,0,0,0.0,0.0,0.0,0.0,0.0,0.0,0.0,0.0,0,False,,0.0028958333333333358,0.32118055555555564,0.02677083333333333,0.02599999999999998,42.106382978723396,26.12105263157895
20160627_DJ,28.3,23.3,72.5,30.0,71.0,23.9,27.7,69.4,22.9,24.8,90.6,22.2,31.7,72.8,26.2,31.1,79.5,25.4,32.0,72.3,26.1,29.5,77.4,24.2,45,2016-06-27,DJ,6,0,27,Monday,False,0,0,0,0,0,0,0,0,0.0,0.0,0.0,0.0,0.0,0.0,0.0,0.0,0,False,,0.0020333333333333353,0.3837499999999999,0.03953333333333329,0.017920833333333306,27.526785714285715,15.152777777777779
20160627_GB,28.133333333000003,22.779166667,70.0375,29.495833333,62.029166667,23.2375,28.133333333000003,57.529166667,23.058333333,24.758333333000003,87.64166666700001,21.766666667,30.066666667,70.05,24.516666667,26.354166666999998,82.1,22.541666666999998,26.683333333,78.295833333,22.820833333000003,30.658333333,69.054166667,23.8625,99,2016-06-27,GB,6,0,27,Monday,False,0,0,0,0,0,0,0,0,0.0,0.0,0.0,0.0,0.0,0.0,0.0,0.0,0,False,,0.0041541554959785435,0.4292929292929287,0.0421900237529691,0.014208060453400484,33.31666666666667,21.37037037037037
20160627_GG,29.380952381,23.79047619,65.585714286,30.326190476,66.292857143,23.692857143,27.002380952,68.319047619,22.380952381,26.180952380999997,83.94047619,22.545238095,30.288095238,76.616666667,24.564285714,30.202380952,78.34047619,24.419047619,30.871428571,68.983333333,25.264285714,30.219047619,70.32619047600001,24.471428571,256,2016-06-27,GG,6,0,27,Monday,False,0,0,0,0,0,0,0,0,0.0,0.0,0.0,0.0,0.0,0.0,0.0,0.0,0,False,,0.005921013727560686,0.4455858747993533,0.03403220524017469,0.029768371112282605,37.22967265047519,20.021660649819495
20160627_GJ,25.7,22.3,78.6,29.7,70.9,24.1,28.0,75.3,23.2,25.6,92.4,22.2,30.3,84.6,25.2,24.9,93.4,22.8,30.9,84.3,25.4,24.4,97.1,22.9,48,2016-06-27,GJ,6,0,27,Monday,False,0,0,0,0,0,0,0,0,0.0,0.0,0.0,0.0,0.0,0.0,0.0,0.0,0,False,,0.0033110047846889976,0.4344497607655503,0.030210526315789462,0.020473684210526297,35.322274881516584,24.03030303030303
20160627_GN,24.977272727,21.1,85.80909090899999,29.909090909,67.01363636399999,23.731818181999998,27.4,64.681818182,23.068181818000003,26.290909091,87.140909091,22.595454545,28.918181818,75.759090909,24.018181818000002,23.368181818000004,92.85,21.9,25.140909090999997,89.85,22.686363636,27.527272727,87.554545455,23.231818181999998,92,2016-06-27,GN,6,0,27,Monday,False,0,0,0,0,0,0,0,0,0.0,0.0,0.0,0.0,0.0,0.0,0.0,0.0,0,False,,0.00362872727272725,0.46956521739130497,0.032582877959927085,0.019228087649402373,59.08333333333334,40.03846153846154
20160627_GW,27.55,21.933333333,70.505555556,29.111111111,63.533333333,22.638888889,26.005555555999997,62.233333333000004,21.644444444,23.488888889000002,87.29444444399999,20.705555556,28.322222221999997,76.15555555600001,23.133333333000003,27.411111111,81.222222222,21.85,28.638888889,70.65555555600001,23.133333333000003,27.677777778000003,72.016666667,22.505555555999997,44,2016-06-27,GW,6,0,27,Monday,False,0,0,0,0,0,0,0,0,0.0,0.0,0.0,0.0,0.0,0.0,0.0,0.0,0,False,,0.002288284518828454,0.3037815126050412,0.038395833333333296,0.011817916666666655,35.61574074074074,21.416666666666668
20160627_IC,27.67,23.27,80.21,27.39,84.41,23.23,25.39,83.59,22.41,25.6,91.6,22.46,28.02,93.45,23.29,27.12,93.12,23.77,27.27,91.5,23.78,26.77,90.88,23.0,54,2016-06-27,IC,6,0,27,Monday,False,0,0,0,0,0,0,0,0,0.0,0.0,0.0,0.0,0.0,0.0,0.0,0.0,0,False,,0.008046734693877533,0.4468431771894091,0.03718884120171667,0.02467276422764226,45.6875,23.98310810810811
20160627_JB,26.746666667,21.473333333,77.833333333,28.453333333000003,71.726666667,22.54,26.686666666999997,72.406666667,22.36,24.553333333,88.84,21.573333333,29.9,78.14,24.666666666999998,27.066666667,83.633333333,23.566666667,29.8,79.893333333,24.233333333,26.426666667,87.24,21.853333333000002,98,2016-06-27,JB,6,0,27,Monday,False,0,0,0,0,0,0,0,0,0.0,0.0,0.0,0.0,0.0,0.0,0.0,0.0,0,False,,0.004123511904761896,0.39249999999999946,0.03654722222222222,0.015551041666666637,39.17079889807162,24.62389380530973
20160627_JJ,22.1,19.6,85.2,27.6,81.15,23.3,25.45,81.45,22.6,30.0,86.95,24.55,27.3,89.6,23.85,25.4,97.75,23.35,26.6,90.55,23.35,26.3,94.15,23.5,13,2016-06-27,JJ,6,0,27,Monday,False,0,0,0,0,0,0,0,0,0.0,0.0,0.0,0.0,0.0,0.0,0.0,0.0,0,False,,0.0016343750000000013,0.35263157894736863,0.03668749999999999,0.010765625000000006,50.08139534883721,36.76744186046512
20160627_JN,24.127272726999998,20.990909091,85.886363636,28.990909091,74.55,23.381818181999996,27.063636364,72.372727273,22.809090909000002,25.559090909000002,90.322727273,22.486363636,28.413636364000002,84.995454545,24.131818181999996,23.445454545,93.295454545,22.204545455,28.518181818000002,87.345454545,24.109090909000003,24.622727273000002,94.054545455,22.713636364,77,2016-06-27,JN,6,0,27,Monday,False,0,0,0,0,0,0,0,0,0.0,0.0,0.0,0.0,0.0,0.0,0.0,0.0,0,False,,0.005042999999999985,0.4339152119700748,0.035664999999999954,0.013680299251870278,40.28421052631579,29.28691983122363
20160627_SU,29.5,24.4,55.5,30.3,58.4,24.4,26.7,63.1,22.8,25.7,75.8,23.1,29.4,71.0,24.7,30.2,75.1,24.3,31.3,60.1,26.0,30.7,66.0,24.7,291,2016-06-27,SU,6,0,27,Monday,False,0,0,0,0,0,0,0,0,0.0,0.0,0.0,0.0,0.0,0.0,0.0,0.0,0,False,,0.0061674008810572115,0.4910497237569049,0.02856387665198237,0.04327422907488982,36.015801354401816,20.54770318021201
20160627_US,27.0,22.0,85.4,28.7,69.4,23.3,27.3,66.6,23.3,24.7,93.8,22.2,27.4,82.1,22.9,23.1,96.1,21.7,24.3,92.0,21.9,31.3,82.1,24.7,20,2016-06-27,US,6,0,27,Monday,False,0,0,0,0,0,0,0,0,0.0,0.0,0.0,0.0,0.0,0.0,0.0,0.0,0,False,,0.010009009009008965,0.5816816816816814,0.02953153153153149,0.03136036036036032,61.29216867469879,41.526785714285715
20160628_BS,25.3,22.1,72.6,23.4,93.0,20.5,28.6,70.9,23.3,25.7,67.6,22.7,24.2,92.9,22.6,26.6,79.3,23.5,23.3,93.8,21.9,24.6,89.6,22.4,92,2016-06-28,BS,6,1,28,Tuesday,False,0,0,0,0,0,0,0,0,0.0,0.0,0.0,0.0,0.0,0.0,0.0,0.0,0,False,,0.005413888888888872,0.3697916666666671,0.03480263157894737,0.0208706140350877,46.32882882882882,34.39302325581395
20160628_CB,29.773333333000004,23.46,63.013333333,28.773333333000004,63.913333333000004,23.046666666999997,29.713333333,60.426666667,23.12,27.813333333000003,60.306666666999995,22.42,24.96,85.16,21.633333333000003,31.713333333,65.413333333,25.633333333000003,30.12,68.193333333,24.993333333000002,31.28,63.76,25.233333333,31,2016-06-28,CB,6,1,28,Tuesday,False,0,0,0,0,0,0,0,0,0.0,0.0,0.0,0.0,0.0,0.0,0.0,0.0,0,False,,0.0022634453781512627,0.29411764705882265,0.04412605042016804,0.015579411764705843,36.81512605042017,22.241228070175442
20160628_CN,29.73125,23.1,76.98125,28.5125,76.89375,22.54375,28.94375,76.21875,22.5875,26.75625,75.5125,22.075,25.54375,90.86875,21.61875,29.6125,83.125,24.4125,30.19375,84.6375,24.35,30.3625,79.79375,24.24375,81,2016-06-28,CN,6,1,28,Tuesday,False,0,0,0,0,0,0,0,0,0.0,0.0,0.0,0.0,0.0,0.0,0.0,0.0,0,False,,0.004339075630252104,0.3848739495798311,0.04761344537815128,0.013395327102803728,49.66244725738397,32.17391304347826
20160628_DG,27.8,23.0,68.8,27.8,72.9,22.6,30.9,53.3,24.8,29.6,47.4,24.9,25.5,81.0,22.7,32.7,60.1,26.2,25.5,79.1,22.8,25.3,74.0,23.3,64,2016-06-28,DG,6,1,28,Tuesday,False,0,0,0,0,0,0,0,0,0.0,0.0,0.0,0.0,0.0,0.0,0.0,0.0,0,False,,0.002631205673758867,0.3003533568904589,0.03433922261484098,0.0166007067137809,46.2226148409894,30.157894736842106
20160628_DJ,30.1,24.0,74.3,28.3,72.5,23.3,30.0,71.0,23.9,27.7,69.4,22.9,24.8,90.6,22.2,31.7,72.8,26.2,31.1,79.5,25.4,32.0,72.3,26.1,43,2016-06-28,DJ,6,1,28,Tuesday,False,0,0,0,0,0,0,0,0,0.0,0.0,0.0,0.0,0.0,0.0,0.0,0.0,0,False,,0.002350000000000002,0.3929166666666673,0.048958333333333305,0.015666666666666645,34.7125,21.125
20160628_GB,27.975,22.320833333000003,71.575,28.133333333000003,70.0375,22.779166667,29.495833333,62.029166667,23.2375,28.133333333000003,57.529166667,23.058333333,24.758333333000003,87.64166666700001,21.766666667,30.066666667,70.05,24.516666667,26.354166666999998,82.1,22.541666666999998,26.683333333,78.295833333,22.820833333000003,70,2016-06-28,GB,6,1,28,Tuesday,False,0,0,0,0,0,0,0,0,0.0,0.0,0.0,0.0,0.0,0.0,0.0,0.0,0,False,,0.0039999999999999905,0.4341645885286773,0.0408708920187793,0.011673134328358169,37.502347417840376,28.216216216216218
20160628_GG,30.0,24.276190476,67.028571429,29.380952381,65.585714286,23.79047619,30.326190476,66.292857143,23.692857143,27.002380952,68.319047619,22.380952381,26.180952380999997,83.94047619,22.545238095,30.288095238,76.616666667,24.564285714,30.202380952,78.34047619,24.419047619,30.871428571,68.983333333,25.264285714,223,2016-06-28,GG,6,1,28,Tuesday,False,0,0,0,0,0,0,0,0,0.0,0.0,0.0,0.0,0.0,0.0,0.0,0.0,0,False,,0.004924294086307883,0.4663806970509336,0.04536674008810578,0.02519074468085112,56.173219978746005,35.87992831541219
20160628_GJ,26.0,22.9,77.4,25.7,78.6,22.3,29.7,70.9,24.1,28.0,75.3,23.2,25.6,92.4,22.2,30.3,84.6,25.2,24.9,93.4,22.8,30.9,84.3,25.4,36,2016-06-28,GJ,6,1,28,Tuesday,False,0,0,0,0,0,0,0,0,0.0,0.0,0.0,0.0,0.0,0.0,0.0,0.0,0,False,,0.004985645933014356,0.5296650717703354,0.03666507177033493,0.01885645933014351,42.81516587677725,31.539877300613494
20160628_GN,25.963636364,21.840909091,76.268181818,24.977272727,85.80909090899999,21.1,29.909090909,67.01363636399999,23.731818181999998,27.4,64.681818182,23.068181818000003,26.290909091,87.140909091,22.595454545,28.918181818,75.759090909,24.018181818000002,23.368181818000004,92.85,21.9,25.140909090999997,89.85,22.686363636,65,2016-06-28,GN,6,1,28,Tuesday,False,0,0,0,0,0,0,0,0,0.0,0.0,0.0,0.0,0.0,0.0,0.0,0.0,0,False,,0.003824339622641487,0.4109433962264156,0.030367816091953964,0.017537759336099582,50.75660377358491,34.066390041493776
20160628_GW,28.172222222,22.166666666999998,71.84444444399999,27.55,70.505555556,21.933333333,29.111111111,63.533333333,22.638888889,26.005555555999997,62.233333333000004,21.644444444,23.488888889000002,87.29444444399999,20.705555556,28.322222221999997,76.15555555600001,23.133333333000003,27.411111111,81.222222222,21.85,28.638888889,70.65555555600001,23.133333333000003,39,2016-06-28,GW,6,1,28,Tuesday,False,0,0,0,0,0,0,0,0,0.0,0.0,0.0,0.0,0.0,0.0,0.0,0.0,0,False,,0.0020746666666666687,0.33199999999999963,0.0402222222222222,0.009888181818181813,37.8918918918919,25.52592592592593
20160628_IC,26.58,22.67,90.07,27.67,80.21,23.27,27.39,84.41,23.23,25.39,83.59,22.41,25.6,91.6,22.46,28.02,93.45,23.29,27.12,93.12,23.77,27.27,91.5,23.78,53,2016-06-28,IC,6,1,28,Tuesday,False,0,0,0,0,0,0,0,0,0.0,0.0,0.0,0.0,0.0,0.0,0.0,0.0,0,False,,0.005678632478632458,0.4598290598290604,0.04034459459459461,0.0185574786324786,58.89737991266376,37.04089219330855
20160628_JB,27.22,22.266666667,78.653333333,26.746666667,77.833333333,21.473333333,28.453333333000003,71.726666667,22.54,26.686666666999997,72.406666667,22.36,24.553333333,88.84,21.573333333,29.9,78.14,24.666666666999998,27.066666667,83.633333333,23.566666667,29.8,79.893333333,24.233333333,89,2016-06-28,JB,6,1,28,Tuesday,False,0,0,0,0,0,0,0,0,0.0,0.0,0.0,0.0,0.0,0.0,0.0,0.0,0,False,,0.004326785714285707,0.431666666666666,0.044777777777777784,0.013014322916666637,54.571045576407506,39.39737991266376
20160628_JJ,22.3,20.45,90.45,22.1,85.2,19.6,27.6,81.15,23.3,25.45,81.45,22.6,30.0,86.95,24.55,27.3,89.6,23.85,25.4,97.75,23.35,26.6,90.55,23.35,10,2016-06-28,JJ,6,1,28,Tuesday,False,0,0,0,0,0,0,0,0,0.0,0.0,0.0,0.0,0.0,0.0,0.0,0.0,0,False,,0.0017827586206896574,0.29534883720930233,0.03732941176470588,0.010611494252873563,17.746835443037973,9.98876404494382
20160628_JN,24.595454545,21.759090909,81.44090909100001,24.127272726999998,85.886363636,20.990909091,28.990909091,74.55,23.381818181999996,27.063636364,72.372727273,22.809090909000002,25.559090909000002,90.322727273,22.486363636,28.413636364000002,84.995454545,24.131818181999996,23.445454545,93.295454545,22.204545455,28.518181818000002,87.345454545,24.109090909000003,75,2016-06-28,JN,6,1,28,Tuesday,False,0,0,0,0,0,0,0,0,0.0,0.0,0.0,0.0,0.0,0.0,0.0,0.0,0,False,,0.006460150375939825,0.4118090452261312,0.03458897243107765,0.014203258145363372,35.73834196891192,27.5
20160628_SU,29.7,24.7,61.1,29.5,55.5,24.4,30.3,58.4,24.4,26.7,63.1,22.8,25.7,75.8,23.1,29.4,71.0,24.7,30.2,75.1,24.3,31.3,60.1,26.0,259,2016-06-28,SU,6,1,28,Tuesday,False,0,0,0,0,0,0,0,0,0.0,0.0,0.0,0.0,0.0,0.0,0.0,0.0,0,False,,0.005206935123042447,0.5154535274356081,0.03457718120805369,0.04282662192393742,62.32067039106146,40.55357142857143
20160628_US,26.1,21.7,77.5,27.0,85.4,22.0,28.7,69.4,23.3,27.3,66.6,23.3,24.7,93.8,22.2,27.4,82.1,22.9,23.1,96.1,21.7,24.3,92.0,21.9,22,2016-06-28,US,6,1,28,Tuesday,False,0,0,0,0,0,0,0,0,0.0,0.0,0.0,0.0,0.0,0.0,0.0,0.0,0,False,,0.007305732484076391,0.44363057324840816,0.032773162939297114,0.023754777070063685,45.68987341772152,29.141592920353986
20160629_BS,25.1,21.8,86.3,25.3,72.6,22.1,23.4,93.0,20.5,28.6,70.9,23.3,25.7,67.6,22.7,24.2,92.9,22.6,26.6,79.3,23.5,23.3,93.8,21.9,77,2016-06-29,BS,6,2,29,Wednesday,False,0,0,0,0,0,0,0,0,0.0,0.0,0.0,0.0,0.0,0.0,0.0,0.0,0,False,,0.0064931129476583785,0.33736842105263176,0.0317522123893805,0.023661504424778757,34.957683741648104,24.55773955773956
20160629_CB,28.173333333000002,23.833333333000002,65.0,29.773333333000004,63.013333333,23.46,28.773333333000004,63.913333333000004,23.046666666999997,29.713333333,60.426666667,23.12,27.813333333000003,60.306666666999995,22.42,24.96,85.16,21.633333333000003,31.713333333,65.413333333,25.633333333000003,30.12,68.193333333,24.993333333000002,32,2016-06-29,CB,6,2,29,Wednesday,False,0,0,0,0,0,0,0,0,0.0,0.0,0.0,0.0,0.0,0.0,0.0,0.0,0,False,,0.002259360730593609,0.2694063926940633,0.04340639269406391,0.01297625570776253,26.71559633027523,13.941704035874439
20160629_CN,27.2125,23.41875,82.425,29.73125,76.98125,23.1,28.5125,76.89375,22.54375,28.94375,76.21875,22.5875,26.75625,75.5125,22.075,25.54375,90.86875,21.61875,29.6125,83.125,24.4125,30.19375,84.6375,24.35,54,2016-06-29,CN,6,2,29,Wednesday,False,0,0,0,0,0,0,0,0,0.0,0.0,0.0,0.0,0.0,0.0,0.0,0.0,0,False,,0.003093333333333336,0.31874999999999964,0.041158333333333325,0.011809134615384595,38.675,23.47761194029851
20160629_DG,26.6,23.2,71.5,27.8,68.8,23.0,27.8,72.9,22.6,30.9,53.3,24.8,29.6,47.4,24.9,25.5,81.0,22.7,32.7,60.1,26.2,25.5,79.1,22.8,56,2016-06-29,DG,6,2,29,Wednesday,False,0,0,0,0,0,0,0,0,0.0,0.0,0.0,0.0,0.0,0.0,0.0,0.0,0,False,,0.0025949820788530487,0.25857142857142884,0.037701067615658314,0.014451957295373631,35.2992700729927,22.75661375661376
20160629_DJ,28.2,24.8,74.0,30.1,74.3,24.0,28.3,72.5,23.3,30.0,71.0,23.9,27.7,69.4,22.9,24.8,90.6,22.2,31.7,72.8,26.2,31.1,79.5,25.4,40,2016-06-29,DJ,6,2,29,Wednesday,False,0,0,0,0,0,0,0,0,0.0,0.0,0.0,0.0,0.0,0.0,0.0,0.0,0,False,,0.002370833333333335,0.3558333333333329,0.04598749999999998,0.014008333333333308,28.508403361344534,18.86111111111111
20160629_GB,26.6125,22.520833333000002,74.545833333,27.975,71.575,22.320833333000003,28.133333333000003,70.0375,22.779166667,29.495833333,62.029166667,23.2375,28.133333333000003,57.529166667,23.058333333,24.758333333000003,87.64166666700001,21.766666667,30.066666667,70.05,24.516666667,26.354166666999998,82.1,22.541666666999998,76,2016-06-29,GB,6,2,29,Wednesday,False,0,0,0,0,0,0,0,0,0.0,0.0,0.0,0.0,0.0,0.0,0.0,0.0,0,False,,0.004209114583333322,0.42697201017811626,0.038990719257540586,0.011432843137254884,27.581560283687946,18.59322033898305
20160629_GG,29.435714286,24.738095238000003,67.471428571,30.0,67.028571429,24.276190476,29.380952381,65.585714286,23.79047619,30.326190476,66.292857143,23.692857143,27.002380952,68.319047619,22.380952381,26.180952380999997,83.94047619,22.545238095,30.288095238,76.616666667,24.564285714,30.202380952,78.34047619,24.419047619,219,2016-06-29,GG,6,2,29,Wednesday,False,0,0,0,0,0,0,0,0,0.0,0.0,0.0,0.0,0.0,0.0,0.0,0.0,0,False,,0.0048944886062532575,0.4308847184986538,0.040195592286501367,0.024493998937865174,40.972958642629905,25.17204301075269
20160629_GJ,25.8,23.0,85.4,26.0,77.4,22.9,25.7,78.6,22.3,29.7,70.9,24.1,28.0,75.3,23.2,25.6,92.4,22.2,30.3,84.6,25.2,24.9,93.4,22.8,38,2016-06-29,GJ,6,2,29,Wednesday,False,0,0,0,0,0,0,0,0,0.0,0.0,0.0,0.0,0.0,0.0,0.0,0.0,0,False,,0.00391981132075472,0.4349056603773585,0.033221698113207535,0.015499999999999972,26.214953271028037,19.94578313253012
20160629_GN,25.468181818,21.881818181999996,84.231818182,25.963636364,76.268181818,21.840909091,24.977272727,85.80909090899999,21.1,29.909090909,67.01363636399999,23.731818181999998,27.4,64.681818182,23.068181818000003,26.290909091,87.140909091,22.595454545,28.918181818,75.759090909,24.018181818000002,23.368181818000004,92.85,21.9,66,2016-06-29,GN,6,2,29,Wednesday,False,0,0,0,0,0,0,0,0,0.0,0.0,0.0,0.0,0.0,0.0,0.0,0.0,0,False,,0.0037938104448742467,0.3597678916827861,0.03039651837524175,0.017982663847780096,38.588349514563106,25.635555555555552
20160629_GW,28.3,23.0,71.411111111,28.172222222,71.84444444399999,22.166666666999998,27.55,70.505555556,21.933333333,29.111111111,63.533333333,22.638888889,26.005555555999997,62.233333333000004,21.644444444,23.488888889000002,87.29444444399999,20.705555556,28.322222221999997,76.15555555600001,23.133333333000003,27.411111111,81.222222222,21.85,42,2016-06-29,GW,6,2,29,Wednesday,False,0,0,0,0,0,0,0,0,0.0,0.0,0.0,0.0,0.0,0.0,0.0,0.0,0,False,,0.002030769230769232,0.3205128205128198,0.04157692307692306,0.009150236966824637,29.79574468085107,21.198529411764707
20160629_IC,28.16,23.69,86.28,26.58,90.07,22.67,27.67,80.21,23.27,27.39,84.41,23.23,25.39,83.59,22.41,25.6,91.6,22.46,28.02,93.45,23.29,27.12,93.12,23.77,62,2016-06-29,IC,6,2,29,Wednesday,False,0,0,0,0,0,0,0,0,0.0,0.0,0.0,0.0,0.0,0.0,0.0,0.0,0,False,,0.00590426439232407,0.4325630252100842,0.037980434782608666,0.02055945378151257,48.30735930735929,27.67148014440433
20160629_JB,26.806666667,23.106666667,77.74,27.22,78.653333333,22.266666667,26.746666667,77.833333333,21.473333333,28.453333333000003,71.726666667,22.54,26.686666666999997,72.406666667,22.36,24.553333333,88.84,21.573333333,29.9,78.14,24.666666666999998,27.066666667,83.633333333,23.566666667,71,2016-06-29,JB,6,2,29,Wednesday,False,0,0,0,0,0,0,0,0,0.0,0.0,0.0,0.0,0.0,0.0,0.0,0.0,0,False,,0.003906606606606604,0.41547277936962695,0.03935714285714284,0.011514973262032048,33.36211699164345,24.446078431372552
20160629_JJ,24.25,22.15,96.3,22.3,90.45,20.45,22.1,85.2,19.6,27.6,81.15,23.3,25.45,81.45,22.6,30.0,86.95,24.55,27.3,89.6,23.85,25.4,97.75,23.35,13,2016-06-29,JJ,6,2,29,Wednesday,False,0,0,0,0,0,0,0,0,0.0,0.0,0.0,0.0,0.0,0.0,0.0,0.0,0,False,,0.002130666666666669,0.35714285714285715,0.0204065934065934,0.015364130434782602,20.522388059701488,9.146666666666668
20160629_JN,24.377272726999998,22.045454545,87.9,24.595454545,81.44090909100001,21.759090909,24.127272726999998,85.886363636,20.990909091,28.990909091,74.55,23.381818181999996,27.063636364,72.372727273,22.809090909000002,25.559090909000002,90.322727273,22.486363636,28.413636364000002,84.995454545,24.131818181999996,23.445454545,93.295454545,22.204545455,59,2016-06-29,JN,6,2,29,Wednesday,False,0,0,0,0,0,0,0,0,0.0,0.0,0.0,0.0,0.0,0.0,0.0,0.0,0,False,,0.0045220297029702795,0.358415841584159,0.035881188118811864,0.011870544554455409,24.735516372795967,19.217777777777773
20160629_SU,30.2,25.3,58.0,29.7,61.1,24.7,29.5,55.5,24.4,30.3,58.4,24.4,26.7,63.1,22.8,25.7,75.8,23.1,29.4,71.0,24.7,30.2,75.1,24.3,245,2016-06-29,SU,6,2,29,Wednesday,False,0,0,0,0,0,0,0,0,0.0,0.0,0.0,0.0,0.0,0.0,0.0,0.0,0,False,,0.005365638766519743,0.458121546961325,0.03208940397350995,0.04125440528634355,39.78953229398664,24.546902654867253
20160629_US,25.0,21.8,89.4,26.1,77.5,21.7,27.0,85.4,22.0,28.7,69.4,23.3,27.3,66.6,23.3,24.7,93.8,22.2,27.4,82.1,22.9,23.1,96.1,21.7,17,2016-06-29,US,6,2,29,Wednesday,False,0,0,0,0,0,0,0,0,0.0,0.0,0.0,0.0,0.0,0.0,0.0,0.0,0,False,,0.008115624999999954,0.3987500000000006,0.02755799373040749,0.02639062499999996,33.594339622641506,19.59090909090909
20160630_BS,27.2,23.3,84.0,25.1,86.3,21.8,25.3,72.6,22.1,23.4,93.0,20.5,28.6,70.9,23.3,25.7,67.6,22.7,24.2,92.9,22.6,26.6,79.3,23.5,59,2016-06-30,BS,6,3,30,Thursday,False,0,0,0,0,0,0,0,0,0.0,0.0,0.0,0.0,0.0,0.0,0.0,0.0,0,False,,0.00731199999999997,0.3258666666666669,0.025328089887640428,0.02438202247191008,31.55377574370709,20.4987714987715
20160630_CB,29.433333333,25.02,74.153333333,28.173333333000002,65.0,23.833333333000002,29.773333333000004,63.013333333,23.46,28.773333333000004,63.913333333000004,23.046666666999997,29.713333333,60.426666667,23.12,27.813333333000003,60.306666666999995,22.42,24.96,85.16,21.633333333000003,31.713333333,65.413333333,25.633333333000003,36,2016-06-30,CB,6,3,30,Thursday,False,0,0,0,0,0,0,0,0,0.0,0.0,0.0,0.0,0.0,0.0,0.0,0.0,0,False,,0.0018208333333333347,0.24208333333333334,0.031233333333333318,0.012999999999999966,21.73949579831933,9.841666666666667
20160630_CN,27.58125,24.4625,86.98125,27.2125,82.425,23.41875,29.73125,76.98125,23.1,28.5125,76.89375,22.54375,28.94375,76.21875,22.5875,26.75625,75.5125,22.075,25.54375,90.86875,21.61875,29.6125,83.125,24.4125,53,2016-06-30,CN,6,3,30,Thursday,False,0,0,0,0,0,0,0,0,0.0,0.0,0.0,0.0,0.0,0.0,0.0,0.0,0,False,,0.0015854166666666664,0.2412500000000001,0.03681250000000001,0.0063979166666666715,22.85470085470085,12.78125
20160630_DG,32.3,25.8,70.3,26.6,71.5,23.2,27.8,68.8,23.0,27.8,72.9,22.6,30.9,53.3,24.8,29.6,47.4,24.9,25.5,81.0,22.7,32.7,60.1,26.2,46,2016-06-30,DG,6,3,30,Thursday,False,0,0,0,0,0,0,0,0,0.0,0.0,0.0,0.0,0.0,0.0,0.0,0.0,0,False,,0.003570921985815605,0.33085106382978724,0.031843971631205635,0.01443262411347516,39.86832740213522,25.585106382978722
20160630_DJ,29.2,25.5,82.1,28.2,74.0,24.8,30.1,74.3,24.0,28.3,72.5,23.3,30.0,71.0,23.9,27.7,69.4,22.9,24.8,90.6,22.2,31.7,72.8,26.2,38,2016-06-30,DJ,6,3,30,Thursday,False,0,0,0,0,0,0,0,0,0.0,0.0,0.0,0.0,0.0,0.0,0.0,0.0,0,False,,0.0020666666666666685,0.32583333333333325,0.03486249999999995,0.012404166666666631,22.253164556962027,12.375
20160630_GB,31.216666667,24.870833333,73.920833333,26.6125,74.545833333,22.520833333000002,27.975,71.575,22.320833333000003,28.133333333000003,70.0375,22.779166667,29.495833333,62.029166667,23.2375,28.133333333000003,57.529166667,23.058333333,24.758333333000003,87.64166666700001,21.766666667,30.066666667,70.05,24.516666667,49,2016-06-30,GB,6,3,30,Thursday,False,0,0,0,0,0,0,0,0,0.0,0.0,0.0,0.0,0.0,0.0,0.0,0.0,0,False,,0.0033786096256684423,0.4523809523809523,0.03786524822695033,0.01077749999999999,31.21090047393365,20.74175824175824
20160630_GG,28.064285714,24.673809524,82.642857143,29.435714286,67.471428571,24.738095238000003,30.0,67.028571429,24.276190476,29.380952381,65.585714286,23.79047619,30.326190476,66.292857143,23.692857143,27.002380952,68.319047619,22.380952381,26.180952380999997,83.94047619,22.545238095,30.288095238,76.616666667,24.564285714,182,2016-06-30,GG,6,3,30,Thursday,False,0,0,0,0,0,0,0,0,0.0,0.0,0.0,0.0,0.0,0.0,0.0,0.0,0,False,,0.003721285791464026,0.3762582056892749,0.030578503095104032,0.017408794788273577,26.90336590662324,15.268339768339768
20160630_GJ,29.6,24.8,87.5,25.8,85.4,23.0,26.0,77.4,22.9,25.7,78.6,22.3,29.7,70.9,24.1,28.0,75.3,23.2,25.6,92.4,22.2,30.3,84.6,25.2,37,2016-06-30,GJ,6,3,30,Thursday,False,0,0,0,0,0,0,0,0,0.0,0.0,0.0,0.0,0.0,0.0,0.0,0.0,0,False,,0.001828703703703705,0.2879629629629622,0.028759259259259224,0.012143518518518494,14.097222222222221,8.130952380952381
20160630_GN,28.663636364000002,23.836363635999998,83.5,25.468181818,84.231818182,21.881818181999996,25.963636364,76.268181818,21.840909091,24.977272727,85.80909090899999,21.1,29.909090909,67.01363636399999,23.731818181999998,27.4,64.681818182,23.068181818000003,26.290909091,87.140909091,22.595454545,28.918181818,75.759090909,24.018181818000002,66,2016-06-30,GN,6,3,30,Thursday,False,0,0,0,0,0,0,0,0,0.0,0.0,0.0,0.0,0.0,0.0,0.0,0.0,0,False,,0.004504933586337738,0.3614800759013288,0.028437022900763314,0.01612877551020406,33.87837837837838,21.049180327868854
20160630_GW,28.75,24.116666666999997,76.055555556,28.3,71.411111111,23.0,28.172222222,71.84444444399999,22.166666666999998,27.55,70.505555556,21.933333333,29.111111111,63.533333333,22.638888889,26.005555555999997,62.233333333000004,21.644444444,23.488888889000002,87.29444444399999,20.705555556,28.322222221999997,76.15555555600001,23.133333333000003,28,2016-06-30,GW,6,3,30,Thursday,False,0,0,0,0,0,0,0,0,0.0,0.0,0.0,0.0,0.0,0.0,0.0,0.0,0,False,,0.001923275862068967,0.3724137931034481,0.03895258620689654,0.01116586538461537,31.63793103448276,20.12142857142857
20160630_IC,25.02,22.95,96.63,28.16,86.28,23.69,26.58,90.07,22.67,27.67,80.21,23.27,27.39,84.41,23.23,25.39,83.59,22.41,25.6,91.6,22.46,28.02,93.45,23.29,50,2016-06-30,IC,6,3,30,Thursday,False,0,0,0,0,0,0,0,0,0.0,0.0,0.0,0.0,0.0,0.0,0.0,0.0,0,False,,0.004859574468085085,0.35529661016949105,0.02916599190283398,0.015710526315789456,31.99568965517241,15.314606741573035
20160630_JB,29.946666667,24.94,78.57333333300001,26.806666667,77.74,23.106666667,27.22,78.653333333,22.266666667,26.746666667,77.833333333,21.473333333,28.453333333000003,71.726666667,22.54,26.686666666999997,72.406666667,22.36,24.553333333,88.84,21.573333333,29.9,78.14,24.666666666999998,88,2016-06-30,JB,6,3,30,Thursday,False,0,0,0,0,0,0,0,0,0.0,0.0,0.0,0.0,0.0,0.0,0.0,0.0,0,False,,0.003174107142857137,0.3340909090909089,0.035040752351097174,0.009112394366197157,23.47878787878788,14.644549763033176
20160630_JJ,27.0,24.05,89.0,24.25,96.3,22.15,22.3,90.45,20.45,22.1,85.2,19.6,27.6,81.15,23.3,25.45,81.45,22.6,30.0,86.95,24.55,27.3,89.6,23.85,14,2016-06-30,JJ,6,3,30,Thursday,False,0,0,0,0,0,0,0,0,0.0,0.0,0.0,0.0,0.0,0.0,0.0,0.0,0,False,,0.002580555555555557,0.28315789473684266,0.024083333333333314,0.011472916666666671,22.68918918918919,11.611111111111109
20160630_JN,27.804545455,23.8,88.709090909,24.377272726999998,87.9,22.045454545,24.595454545,81.44090909100001,21.759090909,24.127272726999998,85.886363636,20.990909091,28.990909091,74.55,23.381818181999996,27.063636364,72.372727273,22.809090909000002,25.559090909000002,90.322727273,22.486363636,28.413636364000002,84.995454545,24.131818181999996,61,2016-06-30,JN,6,3,30,Thursday,False,0,0,0,0,0,0,0,0,0.0,0.0,0.0,0.0,0.0,0.0,0.0,0.0,0,False,,0.003847474747474736,0.3171717171717173,0.02849747474747472,0.010248737373737335,20.00526315789474,14.401709401709402
20160630_SU,26.9,24.6,78.1,30.2,58.0,25.3,29.7,61.1,24.7,29.5,55.5,24.4,30.3,58.4,24.4,26.7,63.1,22.8,25.7,75.8,23.1,29.4,71.0,24.7,209,2016-06-30,SU,6,3,30,Thursday,False,0,0,0,0,0,0,0,0,0.0,0.0,0.0,0.0,0.0,0.0,0.0,0.0,0,False,,0.0044695459579180315,0.4104444444444448,0.024607300884955715,0.029274336283185744,31.106026785714285,19.34
20160630_US,30.0,24.9,80.4,25.0,89.4,21.8,26.1,77.5,21.7,27.0,85.4,22.0,28.7,69.4,23.3,27.3,66.6,23.3,24.7,93.8,22.2,27.4,82.1,22.9,11,2016-06-30,US,6,3,30,Thursday,False,0,0,0,0,0,0,0,0,0.0,0.0,0.0,0.0,0.0,0.0,0.0,0.0,0,False,,0.009090090090090049,0.5093093093093098,0.02791540785498484,0.02535435435435431,38.60670731707317,23.85321100917432
20160701_BS,24.0,23.0,94.9,27.2,84.0,23.3,25.1,86.3,21.8,25.3,72.6,22.1,23.4,93.0,20.5,28.6,70.9,23.3,25.7,67.6,22.7,24.2,92.9,22.6,639,2016-07-01,BS,7,4,1,Friday,False,0,0,0,0,0,0,0,0,0.0,0.0,0.0,0.0,0.0,0.0,0.0,0.0,1,False,,0.00556135770234984,0.2590078328981721,0.01873127753303962,0.017202643171806118,22.41333333333333,11.916114790286976
20160701_CB,28.98,24.353333333000002,84.646666667,29.433333333,74.153333333,25.02,28.173333333000002,65.0,23.833333333000002,29.773333333000004,63.013333333,23.46,28.773333333000004,63.913333333000004,23.046666666999997,29.713333333,60.426666667,23.12,27.813333333000003,60.306666666999995,22.42,24.96,85.16,21.633333333000003,116,2016-07-01,CB,7,4,1,Friday,False,0,0,0,0,0,0,0,0,0.0,0.0,0.0,0.0,0.0,0.0,0.0,0.0,1,False,,0.0017807407407407422,0.21925925925925974,0.02041481481481478,0.012405597014925343,15.289473684210524,6.07662835249042
20160701_CN,28.2875,24.55625,91.3375,27.58125,86.98125,24.4625,27.2125,82.425,23.41875,29.73125,76.98125,23.1,28.5125,76.89375,22.54375,28.94375,76.21875,22.5875,26.75625,75.5125,22.075,25.54375,90.86875,21.61875,273,2016-07-01,CN,7,4,1,Friday,False,0,0,0,0,0,0,0,0,0.0,0.0,0.0,0.0,0.0,0.0,0.0,0.0,1,False,,0.0017075000000000011,0.2120833333333335,0.028608333333333326,0.007625000000000003,17.357142857142858,9.776119402985074
20160701_DG,28.5,25.4,79.5,32.3,70.3,25.8,26.6,71.5,23.2,27.8,68.8,23.0,27.8,72.9,22.6,30.9,53.3,24.8,29.6,47.4,24.9,25.5,81.0,22.7,289,2016-07-01,DG,7,4,1,Friday,False,0,0,0,0,0,0,0,0,0.0,0.0,0.0,0.0,0.0,0.0,0.0,0.0,1,False,,0.002947916666666669,0.25104166666666683,0.016098591549295733,0.011996527777777757,24.523636363636363,15.18032786885246
20160701_DJ,29.8,25.0,89.1,29.2,82.1,25.5,28.2,74.0,24.8,30.1,74.3,24.0,28.3,72.5,23.3,30.0,71.0,23.9,27.7,69.4,22.9,24.8,90.6,22.2,204,2016-07-01,DJ,7,4,1,Friday,False,0,0,0,0,0,0,0,0,0.0,0.0,0.0,0.0,0.0,0.0,0.0,0.0,1,False,,0.0017958333333333344,0.2450000000000004,0.022083333333333312,0.012983333333333302,14.025531914893618,6.805084745762713
20160701_GB,28.620833333,24.295833333,85.87916666699999,31.216666667,73.920833333,24.870833333,26.6125,74.545833333,22.520833333000002,27.975,71.575,22.320833333000003,28.133333333000003,70.0375,22.779166667,29.495833333,62.029166667,23.2375,28.133333333000003,57.529166667,23.058333333,24.758333333000003,87.64166666700001,21.766666667,354,2016-07-01,GB,7,4,1,Friday,False,0,0,0,0,0,0,0,0,0.0,0.0,0.0,0.0,0.0,0.0,0.0,0.0,1,False,,0.003330706521739124,0.3726098191214465,0.0218376470588235,0.009182793017456338,20.718670076726344,12.822085889570554
20160701_GG,27.302380951999996,24.035714285999997,90.492857143,28.064285714,82.642857143,24.673809524,29.435714286,67.471428571,24.738095238000003,30.0,67.028571429,24.276190476,29.380952381,65.585714286,23.79047619,30.326190476,66.292857143,23.692857143,27.002380952,68.319047619,22.380952381,26.180952380999997,83.94047619,22.545238095,897,2016-07-01,GG,7,4,1,Friday,False,0,0,0,0,0,0,0,0,0.0,0.0,0.0,0.0,0.0,0.0,0.0,0.0,1,False,,0.0034014618299945355,0.34448710916072395,0.020921778277996614,0.0189537874659401,20.9654210819855,12.430501930501931
20160701_GJ,27.0,24.7,93.8,29.6,87.5,24.8,25.8,85.4,23.0,26.0,77.4,22.9,25.7,78.6,22.3,29.7,70.9,24.1,28.0,75.3,23.2,25.6,92.4,22.2,209,2016-07-01,GJ,7,4,1,Friday,False,0,0,0,0,0,0,0,0,0.0,0.0,0.0,0.0,0.0,0.0,0.0,0.0,1,False,,0.0018518518518518528,0.2388888888888887,0.01992592592592591,0.010606481481481463,10.296296296296298,6.0059523809523805
20160701_GN,25.931818181999997,24.177272727,90.81363636399999,28.663636364000002,83.5,23.836363635999998,25.468181818,84.231818182,21.881818181999996,25.963636364,76.268181818,21.840909091,24.977272727,85.80909090899999,21.1,29.909090909,67.01363636399999,23.731818181999998,27.4,64.681818182,23.068181818000003,26.290909091,87.140909091,22.595454545,465,2016-07-01,GN,7,4,1,Friday,False,0,0,0,0,0,0,0,0,0.0,0.0,0.0,0.0,0.0,0.0,0.0,0.0,1,False,,0.003014634146341451,0.23498168498168506,0.020355212355212333,0.010350479846449104,21.219281663516067,10.357723577235774
20160701_GW,28.2,23.411111111,84.96111111100001,28.75,76.055555556,24.116666666999997,28.3,71.411111111,23.0,28.172222222,71.84444444399999,22.166666666999998,27.55,70.505555556,21.933333333,29.111111111,63.533333333,22.638888889,26.005555555999997,62.233333333000004,21.644444444,23.488888889000002,87.29444444399999,20.705555556,95,2016-07-01,GW,7,4,1,Friday,False,0,0,0,0,0,0,0,0,0.0,0.0,0.0,0.0,0.0,0.0,0.0,0.0,1,False,,0.0016216666666666693,0.3191666666666665,0.02927916666666662,0.011200925925925913,28.088235294117645,17.9765625
20160701_IC,26.07,23.45,96.73,25.02,96.63,22.95,28.16,86.28,23.69,26.58,90.07,22.67,27.67,80.21,23.27,27.39,84.41,23.23,25.39,83.59,22.41,25.6,91.6,22.46,162,2016-07-01,IC,7,4,1,Friday,False,0,0,0,0,0,0,0,0,0.0,0.0,0.0,0.0,0.0,0.0,0.0,0.0,1,False,,0.004645661157024764,0.3767391304347816,0.02117999999999996,0.017871999999999968,27.726495726495727,11.409883720930234
20160701_JB,28.446666667,24.793333333000003,84.2,29.946666667,78.57333333300001,24.94,26.806666667,77.74,23.106666667,27.22,78.653333333,22.266666667,26.746666667,77.833333333,21.473333333,28.453333333000003,71.726666667,22.54,26.686666666999997,72.406666667,22.36,24.553333333,88.84,21.573333333,398,2016-07-01,JB,7,4,1,Friday,False,0,0,0,0,0,0,0,0,0.0,0.0,0.0,0.0,0.0,0.0,0.0,0.0,1,False,,0.0030135211267605603,0.2701449275362311,0.026787096774193525,0.007826988636363606,13.556213017751482,7.319767441860465
20160701_JJ,27.15,25.45,88.05,27.0,89.0,24.05,24.25,96.3,22.15,22.3,90.45,20.45,22.1,85.2,19.6,27.6,81.15,23.3,25.45,81.45,22.6,30.0,86.95,24.55,29,2016-07-01,JJ,7,4,1,Friday,False,0,0,0,0,0,0,0,0,0.0,0.0,0.0,0.0,0.0,0.0,0.0,0.0,1,False,,0.001595000000000002,0.2578947368421055,0.01544791666666666,0.006895833333333336,16.170454545454547,6.433734939759036
20160701_JN,26.477272727,24.313636364,92.55909090899999,27.804545455,88.709090909,23.8,24.377272726999998,87.9,22.045454545,24.595454545,81.44090909100001,21.759090909,24.127272726999998,85.886363636,20.990909091,28.990909091,74.55,23.381818181999996,27.063636364,72.372727273,22.809090909000002,25.559090909000002,90.322727273,22.486363636,284,2016-07-01,JN,7,4,1,Friday,False,0,0,0,0,0,0,0,0,0.0,0.0,0.0,0.0,0.0,0.0,0.0,0.0,1,False,,0.003691581632653039,0.32780612244898033,0.018158311345646418,0.009368475452196354,19.02374670184697,11.987068965517242
20160701_SU,26.6,24.0,86.5,26.9,78.1,24.6,30.2,58.0,25.3,29.7,61.1,24.7,29.5,55.5,24.4,30.3,58.4,24.4,26.7,63.1,22.8,25.7,75.8,23.1,554,2016-07-01,SU,7,4,1,Friday,False,0,0,0,0,0,0,0,0,0.0,0.0,0.0,0.0,0.0,0.0,0.0,0.0,1,False,,0.0041853496115427284,0.390373725934316,0.016624581005586562,0.029971175166297076,24.325867861142214,14.336380255941501
20160701_US,26.1,23.9,94.8,30.0,80.4,24.9,25.0,89.4,21.8,26.1,77.5,21.7,27.0,85.4,22.0,28.7,69.4,23.3,27.3,66.6,23.3,24.7,93.8,22.2,137,2016-07-01,US,7,4,1,Friday,False,0,0,0,0,0,0,0,0,0.0,0.0,0.0,0.0,0.0,0.0,0.0,0.0,1,False,,0.009381381381381329,0.35778443113772423,0.016041916167664618,0.019075528700906317,22.71517027863777,11.504347826086954
20160702_BS,24.4,23.1,94.9,24.0,94.9,23.0,27.2,84.0,23.3,25.1,86.3,21.8,25.3,72.6,22.1,23.4,93.0,20.5,28.6,70.9,23.3,25.7,67.6,22.7,20,2016-07-02,BS,7,5,2,Saturday,False,0,0,0,0,0,0,0,0,0.0,0.0,0.0,0.0,0.0,0.0,0.0,0.0,0,True,,0.004554687499999979,0.2786458333333334,0.0178771929824561,0.015997807017543816,21.272527472527468,9.627906976744184
20160702_CB,28.166666666999998,24.02,80.206666667,28.98,84.646666667,24.353333333000002,29.433333333,74.153333333,25.02,28.173333333000002,65.0,23.833333333000002,29.773333333000004,63.013333333,23.46,28.773333333000004,63.913333333000004,23.046666666999997,29.713333333,60.426666667,23.12,27.813333333000003,60.306666666999995,22.42,12,2016-07-02,CB,7,5,2,Saturday,False,0,0,0,0,0,0,0,0,0.0,0.0,0.0,0.0,0.0,0.0,0.0,0.0,0,True,,0.0019506944444444452,0.22152777777777835,0.03285069444444444,0.00828315412186378,9.358885017421603,3.128787878787879
20160702_CN,27.71875,23.55625,89.275,28.2875,91.3375,24.55625,27.58125,86.98125,24.4625,27.2125,82.425,23.41875,29.73125,76.98125,23.1,28.5125,76.89375,22.54375,28.94375,76.21875,22.5875,26.75625,75.5125,22.075,23,2016-07-02,CN,7,5,2,Saturday,False,0,0,0,0,0,0,0,0,0.0,0.0,0.0,0.0,0.0,0.0,0.0,0.0,0,True,,0.002695833333333334,0.20603448275862105,0.03683749999999997,0.008243229166666656,15.41350210970464,9.209677419354838
20160702_DG,28.3,25.1,81.6,28.5,79.5,25.4,32.3,70.3,25.8,26.6,71.5,23.2,27.8,68.8,23.0,27.8,72.9,22.6,30.9,53.3,24.8,29.6,47.4,24.9,19,2016-07-02,DG,7,5,2,Saturday,False,0,0,0,0,0,0,0,0,0.0,0.0,0.0,0.0,0.0,0.0,0.0,0.0,0,True,,0.0022361111111111128,0.2375000000000003,0.01934982332155475,0.010565972222222195,15.77112676056338,8.668571428571429
20160702_DJ,28.0,24.5,86.8,29.8,89.1,25.0,29.2,82.1,25.5,28.2,74.0,24.8,30.1,74.3,24.0,28.3,72.5,23.3,30.0,71.0,23.9,27.7,69.4,22.9,11,2016-07-02,DJ,7,5,2,Saturday,False,0,0,0,0,0,0,0,0,0.0,0.0,0.0,0.0,0.0,0.0,0.0,0.0,0,True,,0.0015250000000000012,0.2312500000000005,0.03988333333333336,0.008891666666666643,13.8375,5.416666666666668
20160702_GB,27.841666667,24.4125,85.008333333,28.620833333,85.87916666699999,24.295833333,31.216666667,73.920833333,24.870833333,26.6125,74.545833333,22.520833333000002,27.975,71.575,22.320833333000003,28.133333333000003,70.0375,22.779166667,29.495833333,62.029166667,23.2375,28.133333333000003,57.529166667,23.058333333,22,2016-07-02,GB,7,5,2,Saturday,False,0,0,0,0,0,0,0,0,0.0,0.0,0.0,0.0,0.0,0.0,0.0,0.0,0,True,,0.0028555555555555548,0.3374999999999994,0.02439534883720932,0.007145679012345658,10.951566951566953,5.394957983193279
20160702_GG,27.452380952,23.50952381,84.976190476,27.302380951999996,90.492857143,24.035714285999997,28.064285714,82.642857143,24.673809524,29.435714286,67.471428571,24.738095238000003,30.0,67.028571429,24.276190476,29.380952381,65.585714286,23.79047619,30.326190476,66.292857143,23.692857143,27.002380952,68.319047619,22.380952381,63,2016-07-02,GG,7,5,2,Saturday,False,0,0,0,0,0,0,0,0,0.0,0.0,0.0,0.0,0.0,0.0,0.0,0.0,0,True,,0.003403705664372625,0.32735042735042785,0.033219846491228035,0.013722816304923259,14.57312925170068,8.396995708154506
20160702_GJ,25.0,23.0,98.6,27.0,93.8,24.7,29.6,87.5,24.8,25.8,85.4,23.0,26.0,77.4,22.9,25.7,78.6,22.3,29.7,70.9,24.1,28.0,75.3,23.2,13,2016-07-02,GJ,7,5,2,Saturday,False,0,0,0,0,0,0,0,0,0.0,0.0,0.0,0.0,0.0,0.0,0.0,0.0,0,True,,0.0018240740740740754,0.2884259259259252,0.02317592592592588,0.013203703703703686,7.976851851851853,4.244047619047619
20160702_GN,26.363636364,23.9,90.92272727299999,25.931818181999997,90.81363636399999,24.177272727,28.663636364000002,83.5,23.836363635999998,25.468181818,84.231818182,21.881818181999996,25.963636364,76.268181818,21.840909091,24.977272727,85.80909090899999,21.1,29.909090909,67.01363636399999,23.731818181999998,27.4,64.681818182,23.068181818000003,24,2016-07-02,GN,7,5,2,Saturday,False,0,0,0,0,0,0,0,0,0.0,0.0,0.0,0.0,0.0,0.0,0.0,0.0,0,True,,0.003101704545454534,0.26642468239564354,0.021132673267326683,0.010467172675521785,20.016822429906547,8.064257028112449
20160702_GW,26.588888889,22.85,82.216666667,28.2,84.96111111100001,23.411111111,28.75,76.055555556,24.116666666999997,28.3,71.411111111,23.0,28.172222222,71.84444444399999,22.166666666999998,27.55,70.505555556,21.933333333,29.111111111,63.533333333,22.638888889,26.005555555999997,62.233333333000004,21.644444444,8,2016-07-02,GW,7,5,2,Saturday,False,0,0,0,0,0,0,0,0,0.0,0.0,0.0,0.0,0.0,0.0,0.0,0.0,0,True,,0.001682916666666668,0.2766666666666663,0.04037083333333333,0.008028703703703684,18.374468085106386,11.695652173913045
20160702_IC,25.5,22.58,95.76,26.07,96.73,23.45,25.02,96.63,22.95,28.16,86.28,23.69,26.58,90.07,22.67,27.67,80.21,23.27,27.39,84.41,23.23,25.39,83.59,22.41,12,2016-07-02,IC,7,5,2,Saturday,False,0,0,0,0,0,0,0,0,0.0,0.0,0.0,0.0,0.0,0.0,0.0,0.0,0,True,,0.004684920634920611,0.3414583333333321,0.03132142857142855,0.01203988095238092,19.89937106918239,6.763848396501457
20160702_JB,26.7,23.24,89.973333333,28.446666667,84.2,24.793333333000003,29.946666667,78.57333333300001,24.94,26.806666667,77.74,23.106666667,27.22,78.653333333,22.266666667,26.746666667,77.833333333,21.473333333,28.453333333000003,71.726666667,22.54,26.686666666999997,72.406666667,22.36,30,2016-07-02,JB,7,5,2,Saturday,False,0,0,0,0,0,0,0,0,0.0,0.0,0.0,0.0,0.0,0.0,0.0,0.0,0,True,,0.0031972144846796604,0.2796089385474857,0.037595238095238084,0.00824970059880237,14.583081570996981,7.790322580645161
20160702_JJ,26.7,23.75,94.2,27.15,88.05,25.45,27.0,89.0,24.05,24.25,96.3,22.15,22.3,90.45,20.45,22.1,85.2,19.6,27.6,81.15,23.3,25.45,81.45,22.6,6,2016-07-02,JJ,7,5,2,Saturday,False,0,0,0,0,0,0,0,0,0.0,0.0,0.0,0.0,0.0,0.0,0.0,0.0,0,True,,0.001455208333333337,0.2768421052631582,0.018694736842105254,0.0064135416666666716,15.78494623655914,7.075949367088607
20160702_JN,25.236363636,22.868181818000004,94.93636363600001,26.477272727,92.55909090899999,24.313636364,27.804545455,88.709090909,23.8,24.377272726999998,87.9,22.045454545,24.595454545,81.44090909100001,21.759090909,24.127272726999998,85.886363636,20.990909091,28.990909091,74.55,23.381818181999996,27.063636364,72.372727273,22.809090909000002,18,2016-07-02,JN,7,5,2,Saturday,False,0,0,0,0,0,0,0,0,0.0,0.0,0.0,0.0,0.0,0.0,0.0,0.0,0,True,,0.00322499999999998,0.33186274509803937,0.023369791666666632,0.009110294117647024,16.253968253968253,9.447368421052632
20160702_SU,27.7,23.5,81.4,26.6,86.5,24.0,26.9,78.1,24.6,30.2,58.0,25.3,29.7,61.1,24.7,29.5,55.5,24.4,30.3,58.4,24.4,26.7,63.1,22.8,55,2016-07-02,SU,7,5,2,Saturday,False,0,0,0,0,0,0,0,0,0.0,0.0,0.0,0.0,0.0,0.0,0.0,0.0,0,True,,0.004120495495495495,0.3426636568848776,0.024738148984198544,0.02654166666666663,15.454965357967668,8.637080867850099
20160702_US,27.3,25.2,88.6,26.1,94.8,23.9,30.0,80.4,24.9,25.0,89.4,21.8,26.1,77.5,21.7,27.0,85.4,22.0,28.7,69.4,23.3,27.3,66.6,23.3,2,2016-07-02,US,7,5,2,Saturday,False,0,0,0,0,0,0,0,0,0.0,0.0,0.0,0.0,0.0,0.0,0.0,0.0,0,True,,0.006723214285714242,0.3669642857142855,0.016806547619047582,0.016386904761904734,18.63095238095238,8.63716814159292
20160703_BS,24.7,22.1,94.5,24.4,94.9,23.1,24.0,94.9,23.0,27.2,84.0,23.3,25.1,86.3,21.8,25.3,72.6,22.1,23.4,93.0,20.5,28.6,70.9,23.3,0,2016-07-03,BS,7,6,3,Sunday,False,0,0,0,0,0,0,0,0,0.0,0.0,0.0,0.0,0.0,0.0,0.0,0.0,0,True,,0.0065442708333333,0.3354166666666665,0.0248179824561403,0.019997807017543844,29.753846153846155,19.851508120649648
20160703_CB,25.266666667,22.553333333,80.833333333,28.166666666999998,80.206666667,24.02,28.98,84.646666667,24.353333333000002,29.433333333,74.153333333,25.02,28.173333333000002,65.0,23.833333333000002,29.773333333000004,63.013333333,23.46,28.773333333000004,63.913333333000004,23.046666666999997,29.713333333,60.426666667,23.12,0,2016-07-03,CB,7,6,3,Sunday,False,0,0,0,0,0,0,0,0,0.0,0.0,0.0,0.0,0.0,0.0,0.0,0.0,0,True,,0.0021479166666666678,0.2541666666666673,0.02709027777777777,0.00935069930069927,23.03146853146853,12.083333333333336
20160703_CN,24.7375,22.30625,92.4375,27.71875,89.275,23.55625,28.2875,91.3375,24.55625,27.58125,86.98125,24.4625,27.2125,82.425,23.41875,29.73125,76.98125,23.1,28.5125,76.89375,22.54375,28.94375,76.21875,22.5875,2,2016-07-03,CN,7,6,3,Sunday,False,0,0,0,0,0,0,0,0,0.0,0.0,0.0,0.0,0.0,0.0,0.0,0.0,0,True,,0.0029516666666666697,0.26388888888888884,0.033416666666666636,0.009519791666666656,29.067226890756306,18.52112676056338
20160703_DG,26.7,22.8,88.0,28.3,81.6,25.1,28.5,79.5,25.4,32.3,70.3,25.8,26.6,71.5,23.2,27.8,68.8,23.0,27.8,72.9,22.6,30.9,53.3,24.8,2,2016-07-03,DG,7,6,3,Sunday,False,0,0,0,0,0,0,0,0,0.0,0.0,0.0,0.0,0.0,0.0,0.0,0.0,0,True,,0.0017951388888888902,0.27534722222222274,0.025006944444444443,0.010697916666666649,26.482142857142854,16.06451612903226
20160703_DJ,24.4,22.7,91.0,28.0,86.8,24.5,29.8,89.1,25.0,29.2,82.1,25.5,28.2,74.0,24.8,30.1,74.3,24.0,28.3,72.5,23.3,30.0,71.0,23.9,1,2016-07-03,DJ,7,6,3,Sunday,False,0,0,0,0,0,0,0,0,0.0,0.0,0.0,0.0,0.0,0.0,0.0,0.0,0,True,,0.0015791666666666675,0.28208333333333285,0.032929166666666634,0.009716666666666644,26.64583333333333,13.541666666666664
20160703_GB,26.475,22.845833333,86.004166667,27.841666667,85.008333333,24.4125,28.620833333,85.87916666699999,24.295833333,31.216666667,73.920833333,24.870833333,26.6125,74.545833333,22.520833333000002,27.975,71.575,22.320833333000003,28.133333333000003,70.0375,22.779166667,29.495833333,62.029166667,23.2375,0,2016-07-03,GB,7,6,3,Sunday,False,0,0,0,0,0,0,0,0,0.0,0.0,0.0,0.0,0.0,0.0,0.0,0.0,0,True,,0.00283530997304582,0.3905000000000005,0.029541666666666643,0.008717121588089313,23.207594936708865,12.56896551724138
20160703_GG,26.316666667,23.097619048000002,79.24047619,27.452380952,84.976190476,23.50952381,27.302380951999996,90.492857143,24.035714285999997,28.064285714,82.642857143,24.673809524,29.435714286,67.471428571,24.738095238000003,30.0,67.028571429,24.276190476,29.380952381,65.585714286,23.79047619,30.326190476,66.292857143,23.692857143,6,2016-07-03,GG,7,6,3,Sunday,False,0,0,0,0,0,0,0,0,0.0,0.0,0.0,0.0,0.0,0.0,0.0,0.0,0,True,,0.003871100427350368,0.4272435897435871,0.04136019736842115,0.015322222222222253,39.99097574732093,25.18604651162791
20160703_GJ,23.1,21.9,99.0,25.0,98.6,23.0,27.0,93.8,24.7,29.6,87.5,24.8,25.8,85.4,23.0,26.0,77.4,22.9,25.7,78.6,22.3,29.7,70.9,24.1,0,2016-07-03,GJ,7,6,3,Sunday,False,0,0,0,0,0,0,0,0,0.0,0.0,0.0,0.0,0.0,0.0,0.0,0.0,0,True,,0.0017824074074074085,0.32222222222222136,0.026134259259259208,0.013671296296296277,12.61574074074074,7.583333333333332
20160703_GN,24.654545455,22.031818182,94.081818182,26.363636364,90.92272727299999,23.9,25.931818181999997,90.81363636399999,24.177272727,28.663636364000002,83.5,23.836363635999998,25.468181818,84.231818182,21.881818181999996,25.963636364,76.268181818,21.840909091,24.977272727,85.80909090899999,21.1,29.909090909,67.01363636399999,23.731818181999998,2,2016-07-03,GN,7,6,3,Sunday,False,0,0,0,0,0,0,0,0,0.0,0.0,0.0,0.0,0.0,0.0,0.0,0.0,0,True,,0.003299810606060593,0.32021857923497377,0.024859126984126945,0.012806818181818157,26.25636363636364,14.073359073359072
20160703_GW,26.705555556,22.911111111,78.516666667,26.588888889,82.216666667,22.85,28.2,84.96111111100001,23.411111111,28.75,76.055555556,24.116666666999997,28.3,71.411111111,23.0,28.172222222,71.84444444399999,22.166666666999998,27.55,70.505555556,21.933333333,29.111111111,63.533333333,22.638888889,1,2016-07-03,GW,7,6,3,Sunday,False,0,0,0,0,0,0,0,0,0.0,0.0,0.0,0.0,0.0,0.0,0.0,0.0,0,True,,0.001867500000000001,0.2895833333333325,0.03174166666666665,0.008748611111111098,29.171548117154806,19.94927536231884
20160703_IC,25.36,22.31,94.1,25.5,95.76,22.58,26.07,96.73,23.45,25.02,96.63,22.95,28.16,86.28,23.69,26.58,90.07,22.67,27.67,80.21,23.27,27.39,84.41,23.23,1,2016-07-03,IC,7,6,3,Sunday,False,0,0,0,0,0,0,0,0,0.0,0.0,0.0,0.0,0.0,0.0,0.0,0.0,0,True,,0.00525158730158728,0.4680170575692973,0.0504880952380952,0.013495238095238069,51.07584830339322,32.4051724137931
20160703_JB,23.973333333000003,21.773333333000004,93.76,26.7,89.973333333,23.24,28.446666667,84.2,24.793333333000003,29.946666667,78.57333333300001,24.94,26.806666667,77.74,23.106666667,27.22,78.653333333,22.266666667,26.746666667,77.833333333,21.473333333,28.453333333000003,71.726666667,22.54,1,2016-07-03,JB,7,6,3,Sunday,False,0,0,0,0,0,0,0,0,0.0,0.0,0.0,0.0,0.0,0.0,0.0,0.0,0,True,,0.003069075144508663,0.30972222222222245,0.034092261904761924,0.008809821428571396,25.418994413407823,16.677083333333332
20160703_JJ,26.9,23.45,96.4,26.7,94.2,23.75,27.15,88.05,25.45,27.0,89.0,24.05,24.25,96.3,22.15,22.3,90.45,20.45,22.1,85.2,19.6,27.6,81.15,23.3,0,2016-07-03,JJ,7,6,3,Sunday,False,0,0,0,0,0,0,0,0,0.0,0.0,0.0,0.0,0.0,0.0,0.0,0.0,0,True,,0.0019916666666666702,0.30315789473684224,0.020326315789473675,0.009945833333333341,17.666666666666668,8.829545454545455
20160703_JN,23.013636364,21.577272726999997,95.954545455,25.236363636,94.93636363600001,22.868181818000004,26.477272727,92.55909090899999,24.313636364,27.804545455,88.709090909,23.8,24.377272726999998,87.9,22.045454545,24.595454545,81.44090909100001,21.759090909,24.127272726999998,85.886363636,20.990909091,28.990909091,74.55,23.381818181999996,0,2016-07-03,JN,7,6,3,Sunday,False,0,0,0,0,0,0,0,0,0.0,0.0,0.0,0.0,0.0,0.0,0.0,0.0,0,True,,0.0036407862407862213,0.3428211586901764,0.029484374999999983,0.008992401960784284,14.418367346938775,9.306306306306306
20160703_SU,26.8,23.5,70.4,27.7,81.4,23.5,26.6,86.5,24.0,26.9,78.1,24.6,30.2,58.0,25.3,29.7,61.1,24.7,29.5,55.5,24.4,30.3,58.4,24.4,4,2016-07-03,SU,7,6,3,Sunday,False,0,0,0,0,0,0,0,0,0.0,0.0,0.0,0.0,0.0,0.0,0.0,0.0,0,True,,0.004295045045045029,0.4222972972972969,0.03764301801801796,0.024862227324913853,42.0184331797235,27.93967093235832
20160703_US,26.0,22.3,97.9,27.3,88.6,25.2,26.1,94.8,23.9,30.0,80.4,24.9,25.0,89.4,21.8,26.1,77.5,21.7,27.0,85.4,22.0,28.7,69.4,23.3,0,2016-07-03,US,7,6,3,Sunday,False,0,0,0,0,0,0,0,0,0.0,0.0,0.0,0.0,0.0,0.0,0.0,0.0,0,True,,0.0066755952380951975,0.4336309523809536,0.022648809523809488,0.018839285714285676,24.476047904191613,14.534482758620689
20160704_BS,22.1,21.0,99.1,24.7,94.5,22.1,24.4,94.9,23.1,24.0,94.9,23.0,27.2,84.0,23.3,25.1,86.3,21.8,25.3,72.6,22.1,23.4,93.0,20.5,88,2016-07-04,BS,7,0,4,Monday,False,0,0,0,0,0,0,0,0,0.0,0.0,0.0,0.0,0.0,0.0,0.0,0.0,0,False,,0.006485436893203869,0.3800970873786418,0.016022869022868987,0.029330561330561312,24.42299349240781,17.777777777777782
20160704_CB,23.573333333,21.233333333,95.18666666700001,25.266666667,80.833333333,22.553333333,28.166666666999998,80.206666667,24.02,28.98,84.646666667,24.353333333000002,29.433333333,74.153333333,25.02,28.173333333000002,65.0,23.833333333000002,29.773333333000004,63.013333333,23.46,28.773333333000004,63.913333333000004,23.046666666999997,43,2016-07-04,CB,7,0,4,Monday,False,0,0,0,0,0,0,0,0,0.0,0.0,0.0,0.0,0.0,0.0,0.0,0.0,0,False,,0.0017463157894736854,0.3094736842105265,0.01993090909090907,0.016509824561403482,9.017543859649123,3.629770992366412
20160704_CN,25.49375,22.6,97.60625,24.7375,92.4375,22.30625,27.71875,89.275,23.55625,28.2875,91.3375,24.55625,27.58125,86.98125,24.4625,27.2125,82.425,23.41875,29.73125,76.98125,23.1,28.5125,76.89375,22.54375,64,2016-07-04,CN,7,0,4,Monday,False,0,0,0,0,0,0,0,0,0.0,0.0,0.0,0.0,0.0,0.0,0.0,0.0,0,False,,0.0021342222222222227,0.2756218905472634,0.02496888888888888,0.01073837837837836,19.683257918552037,10.380952380952381
20160704_DG,23.0,21.4,90.9,26.7,88.0,22.8,28.3,81.6,25.1,28.5,79.5,25.4,32.3,70.3,25.8,26.6,71.5,23.2,27.8,68.8,23.0,27.8,72.9,22.6,71,2016-07-04,DG,7,0,4,Monday,False,0,0,0,0,0,0,0,0,0.0,0.0,0.0,0.0,0.0,0.0,0.0,0.0,0,False,,0.002253521126760565,0.3834507042253519,0.021031690140845043,0.01438380281690136,27.687943262411352,17.711229946524067
20160704_DJ,24.6,22.1,97.0,24.4,91.0,22.7,28.0,86.8,24.5,29.8,89.1,25.0,29.2,82.1,25.5,28.2,74.0,24.8,30.1,74.3,24.0,28.3,72.5,23.3,38,2016-07-04,DJ,7,0,4,Monday,False,0,0,0,0,0,0,0,0,0.0,0.0,0.0,0.0,0.0,0.0,0.0,0.0,0,False,,0.0015508474576271195,0.3694915254237292,0.02117796610169489,0.018385593220338958,9.838983050847462,3.8333333333333335
20160704_GB,21.9625,20.525,96.025,26.475,86.004166667,22.845833333,27.841666667,85.008333333,24.4125,28.620833333,85.87916666699999,24.295833333,31.216666667,73.920833333,24.870833333,26.6125,74.545833333,22.520833333000002,27.975,71.575,22.320833333000003,28.133333333000003,70.0375,22.779166667,85,2016-07-04,GB,7,0,4,Monday,False,0,0,0,0,0,0,0,0,0.0,0.0,0.0,0.0,0.0,0.0,0.0,0.0,0,False,,0.0035313513513513385,0.4370558375634517,0.032968899521531064,0.011958883248730949,14.415512465373961,7.871212121212121
20160704_GG,23.9,21.79047619,91.564285714,26.316666667,79.24047619,23.097619048000002,27.452380952,84.976190476,23.50952381,27.302380951999996,90.492857143,24.035714285999997,28.064285714,82.642857143,24.673809524,29.435714286,67.471428571,24.738095238000003,30.0,67.028571429,24.276190476,29.380952381,65.585714286,23.79047619,231,2016-07-04,GG,7,0,4,Monday,False,0,0,0,0,0,0,0,0,0.0,0.0,0.0,0.0,0.0,0.0,0.0,0.0,0,False,,0.0030149245689654555,0.40070308274742666,0.01823622047244097,0.023752544188537957,24.165227403569368,14.4362292051756
20160704_GJ,28.2,25.7,98.0,23.1,99.0,21.9,25.0,98.6,23.0,27.0,93.8,24.7,29.6,87.5,24.8,25.8,85.4,23.0,26.0,77.4,22.9,25.7,78.6,22.3,37,2016-07-04,GJ,7,0,4,Monday,False,0,0,0,0,0,0,0,0,0.0,0.0,0.0,0.0,0.0,0.0,0.0,0.0,0,False,,0.0018151658767772522,0.3165876777251179,0.013421800947867258,0.013767772511848322,14.661971830985912,9.133333333333333
20160704_GN,26.513636364,23.436363636,94.195454545,24.654545455,94.081818182,22.031818182,26.363636364,90.92272727299999,23.9,25.931818181999997,90.81363636399999,24.177272727,28.663636364000002,83.5,23.836363635999998,25.468181818,84.231818182,21.881818181999996,25.963636364,76.268181818,21.840909091,24.977272727,85.80909090899999,21.1,77,2016-07-04,GN,7,0,4,Monday,False,0,0,0,0,0,0,0,0,0.0,0.0,0.0,0.0,0.0,0.0,0.0,0.0,0,False,,0.004158582089552213,0.3354014598540143,0.012274853801169546,0.018163339731285973,27.686626746506988,15.462151394422309
20160704_GW,22.272222221999996,20.1,92.46666666700001,26.705555556,78.516666667,22.911111111,26.588888889,82.216666667,22.85,28.2,84.96111111100001,23.411111111,28.75,76.055555556,24.116666666999997,28.3,71.411111111,23.0,28.172222222,71.84444444399999,22.166666666999998,27.55,70.505555556,21.933333333,33,2016-07-04,GW,7,0,4,Monday,False,0,0,0,0,0,0,0,0,0.0,0.0,0.0,0.0,0.0,0.0,0.0,0.0,0,False,,0.0015506382978723412,0.3004291845493555,0.0304042553191489,0.01056880733944952,21.425531914893615,15.289256198347108
20160704_IC,24.27,22.09,95.66,25.36,94.1,22.31,25.5,95.76,22.58,26.07,96.73,23.45,25.02,96.63,22.95,28.16,86.28,23.69,26.58,90.07,22.67,27.67,80.21,23.27,45,2016-07-04,IC,7,0,4,Monday,False,0,0,0,0,0,0,0,0,0.0,0.0,0.0,0.0,0.0,0.0,0.0,0.0,0,False,,0.004480684104627742,0.4762419006479486,0.019515090543259502,0.024783193277310902,39.24948024948025,21.84548104956268
20160704_JB,27.96,24.46,91.353333333,23.973333333000003,93.76,21.773333333000004,26.7,89.973333333,23.24,28.446666667,84.2,24.793333333000003,29.946666667,78.57333333300001,24.94,26.806666667,77.74,23.106666667,27.22,78.653333333,22.266666667,26.746666667,77.833333333,21.473333333,101,2016-07-04,JB,7,0,4,Monday,False,0,0,0,0,0,0,0,0,0.0,0.0,0.0,0.0,0.0,0.0,0.0,0.0,0,False,,0.0030353474320241698,0.32022792022792024,0.02488685015290515,0.01165205882352938,16.142857142857142,10.193370165745856
20160704_JJ,30.35,26.95,86.55,26.9,96.4,23.45,26.7,94.2,23.75,27.15,88.05,25.45,27.0,89.0,24.05,24.25,96.3,22.15,22.3,90.45,20.45,22.1,85.2,19.6,24,2016-07-04,JJ,7,0,4,Monday,False,0,0,0,0,0,0,0,0,0.0,0.0,0.0,0.0,0.0,0.0,0.0,0.0,0,False,,0.0014541176470588238,0.3000000000000005,0.013303797468354438,0.007164705882352944,16.5125,7.6913580246913575
20160704_JN,27.440909090999998,24.927272727,94.9,23.013636364,95.954545455,21.577272726999997,25.236363636,94.93636363600001,22.868181818000004,26.477272727,92.55909090899999,24.313636364,27.804545455,88.709090909,23.8,24.377272726999998,87.9,22.045454545,24.595454545,81.44090909100001,21.759090909,24.127272726999998,85.886363636,20.990909091,71,2016-07-04,JN,7,0,4,Monday,False,0,0,0,0,0,0,0,0,0.0,0.0,0.0,0.0,0.0,0.0,0.0,0.0,0,False,,0.004988220551378425,0.445340050377834,0.014772020725388585,0.013100501253132809,22.507772020725387,16.210762331838566
20160704_SU,24.1,21.8,85.1,26.8,70.4,23.5,27.7,81.4,23.5,26.6,86.5,24.0,26.9,78.1,24.6,30.2,58.0,25.3,29.7,61.1,24.7,29.5,55.5,24.4,238,2016-07-04,SU,7,0,4,Monday,False,0,0,0,0,0,0,0,0,0.0,0.0,0.0,0.0,0.0,0.0,0.0,0.0,0,False,,0.00390960451977401,0.4353009259259263,0.016668539325842637,0.031464821222606625,25.303099885189443,14.78804347826087
20160704_US,22.8,21.1,98.0,26.0,97.9,22.3,27.3,88.6,25.2,26.1,94.8,23.9,30.0,80.4,24.9,25.0,89.4,21.8,26.1,77.5,21.7,27.0,85.4,22.0,17,2016-07-04,US,7,0,4,Monday,False,0,0,0,0,0,0,0,0,0.0,0.0,0.0,0.0,0.0,0.0,0.0,0.0,0,False,,0.01145317220543803,0.4558912386706957,0.018084592145015083,0.02996374622356495,34.021148036253784,20.64
20160705_BS,26.1,23.5,98.3,22.1,99.1,21.0,24.7,94.5,22.1,24.4,94.9,23.1,24.0,94.9,23.0,27.2,84.0,23.3,25.1,86.3,21.8,25.3,72.6,22.1,92,2016-07-05,BS,7,1,5,Tuesday,False,0,0,0,0,0,0,0,0,0.0,0.0,0.0,0.0,0.0,0.0,0.0,0.0,0,False,,0.006566084788029893,0.32493765586034906,0.012993212669683231,0.01920930232558137,24.0989010989011,13.731019522776572
20160705_CB,29.82,25.306666667,85.166666667,23.573333333,95.18666666700001,21.233333333,25.266666667,80.833333333,22.553333333,28.166666666999998,80.206666667,24.02,28.98,84.646666667,24.353333333000002,29.433333333,74.153333333,25.02,28.173333333000002,65.0,23.833333333000002,29.773333333000004,63.013333333,23.46,29,2016-07-05,CB,7,1,5,Tuesday,False,0,0,0,0,0,0,0,0,0.0,0.0,0.0,0.0,0.0,0.0,0.0,0.0,0,False,,0.0017837398373983754,0.27539062500000033,0.013057522123893786,0.01227035573122526,9.107279693486591,1.5864978902953586
20160705_CN,28.65625,25.18125,92.7,25.49375,97.60625,22.6,24.7375,92.4375,22.30625,27.71875,89.275,23.55625,28.2875,91.3375,24.55625,27.58125,86.98125,24.4625,27.2125,82.425,23.41875,29.73125,76.98125,23.1,59,2016-07-05,CN,7,1,5,Tuesday,False,0,0,0,0,0,0,0,0,0.0,0.0,0.0,0.0,0.0,0.0,0.0,0.0,0,False,,0.0016406542056074766,0.1942105263157898,0.018598130841121475,0.0048863157894736865,13.2,7.563380281690142
20160705_DG,32.6,27.1,72.3,23.0,90.9,21.4,26.7,88.0,22.8,28.3,81.6,25.1,28.5,79.5,25.4,32.3,70.3,25.8,26.6,71.5,23.2,27.8,68.8,23.0,69,2016-07-05,DG,7,1,5,Tuesday,False,0,0,0,0,0,0,0,0,0.0,0.0,0.0,0.0,0.0,0.0,0.0,0.0,0,False,,0.0025818815331010467,0.2916376306620209,0.014581749049429629,0.009742160278745622,27.58245614035088,16.394736842105264
20160705_DJ,30.4,25.8,90.0,24.6,97.0,22.1,24.4,91.0,22.7,28.0,86.8,24.5,29.8,89.1,25.0,29.2,82.1,25.5,28.2,74.0,24.8,30.1,74.3,24.0,30,2016-07-05,DJ,7,1,5,Tuesday,False,0,0,0,0,0,0,0,0,0.0,0.0,0.0,0.0,0.0,0.0,0.0,0.0,0,False,,0.0015659574468085116,0.27787234042553177,0.014138528138528103,0.010540425531914864,13.072340425531914,3.635593220338983
20160705_GB,30.991666666999997,25.1375,82.970833333,21.9625,96.025,20.525,26.475,86.004166667,22.845833333,27.841666667,85.008333333,24.4125,28.620833333,85.87916666699999,24.295833333,31.216666667,73.920833333,24.870833333,26.6125,74.545833333,22.520833333000002,27.975,71.575,22.320833333000003,77,2016-07-05,GB,7,1,5,Tuesday,False,0,0,0,0,0,0,0,0,0.0,0.0,0.0,0.0,0.0,0.0,0.0,0.0,0,False,,0.0036202156334231702,0.3764556962025309,0.022897129186602843,0.00851999999999997,17.152588555858312,8.471830985915492
20160705_GG,25.54047619,23.111904761999998,95.807142857,23.9,91.564285714,21.79047619,26.316666667,79.24047619,23.097619048000002,27.452380952,84.976190476,23.50952381,27.302380951999996,90.492857143,24.035714285999997,28.064285714,82.642857143,24.673809524,29.435714286,67.471428571,24.738095238000003,30.0,67.028571429,24.276190476,191,2016-07-05,GG,7,1,5,Tuesday,False,0,0,0,0,0,0,0,0,0.0,0.0,0.0,0.0,0.0,0.0,0.0,0.0,0,False,,0.003030574959699021,0.33242655059847825,0.01478502552467383,0.014250458221024281,12.256038647342994,7.594360086767896
20160705_GJ,30.9,26.9,92.6,28.2,98.0,25.7,23.1,99.0,21.9,25.0,98.6,23.0,27.0,93.8,24.7,29.6,87.5,24.8,25.8,85.4,23.0,26.0,77.4,22.9,42,2016-07-05,GJ,7,1,5,Tuesday,False,0,0,0,0,0,0,0,0,0.0,0.0,0.0,0.0,0.0,0.0,0.0,0.0,0,False,,0.0017081339712918676,0.25215311004784685,0.012325358851674616,0.007397129186602862,11.539906103286386,5.114457831325301
20160705_GN,28.963636364,26.05,87.790909091,26.513636364,94.195454545,23.436363636,24.654545455,94.081818182,22.031818182,26.363636364,90.92272727299999,23.9,25.931818181999997,90.81363636399999,24.177272727,28.663636364000002,83.5,23.836363635999998,25.468181818,84.231818182,21.881818181999996,25.963636364,76.268181818,21.840909091,49,2016-07-05,GN,7,1,5,Tuesday,False,0,0,0,0,0,0,0,0,0.0,0.0,0.0,0.0,0.0,0.0,0.0,0.0,0,False,,0.003706554307116081,0.25749063670411915,0.01158614232209735,0.011606358381502858,21.746534653465343,11.701244813278008
20160705_GW,23.355555556,20.666666667,91.488888889,22.272222221999996,92.46666666700001,20.1,26.705555556,78.516666667,22.911111111,26.588888889,82.216666667,22.85,28.2,84.96111111100001,23.411111111,28.75,76.055555556,24.116666666999997,28.3,71.411111111,23.0,28.172222222,71.84444444399999,22.166666666999998,40,2016-07-05,GW,7,1,5,Tuesday,False,0,0,0,0,0,0,0,0,0.0,0.0,0.0,0.0,0.0,0.0,0.0,0.0,0,False,,0.0015220833333333338,0.2629166666666669,0.02729166666666664,0.007847083333333315,12.378151260504202,6.872549019607844
20160705_IC,24.03,22.52,97.1,24.27,95.66,22.09,25.36,94.1,22.31,25.5,95.76,22.58,26.07,96.73,23.45,25.02,96.63,22.95,28.16,86.28,23.69,26.58,90.07,22.67,43,2016-07-05,IC,7,1,5,Tuesday,False,0,0,0,0,0,0,0,0,0.0,0.0,0.0,0.0,0.0,0.0,0.0,0.0,0,False,,0.0042861507128309365,0.3426124197002127,0.01615478615071279,0.013391220556745154,17.194570135746606,6.3828125
20160705_JB,30.973333333000003,27.1,80.266666667,27.96,91.353333333,24.46,23.973333333000003,93.76,21.773333333000004,26.7,89.973333333,23.24,28.446666667,84.2,24.793333333000003,29.946666667,78.57333333300001,24.94,26.806666667,77.74,23.106666667,27.22,78.653333333,22.266666667,101,2016-07-05,JB,7,1,5,Tuesday,False,0,0,0,0,0,0,0,0,0.0,0.0,0.0,0.0,0.0,0.0,0.0,0.0,0,False,,0.002846511627906977,0.24676470588235255,0.017207831325301196,0.00709594202898548,15.994382022471909,6.752747252747253
20160705_JJ,30.45,28.0,80.75,30.35,86.55,26.95,26.9,96.4,23.45,26.7,94.2,23.75,27.15,88.05,25.45,27.0,89.0,24.05,24.25,96.3,22.15,22.3,90.45,20.45,17,2016-07-05,JJ,7,1,5,Tuesday,False,0,0,0,0,0,0,0,0,0.0,0.0,0.0,0.0,0.0,0.0,0.0,0.0,0,False,,0.0011,0.2757894736842109,0.009089743589743595,0.0046625000000000034,14.105882352941176,5.846153846153847
20160705_JN,29.277272727,26.527272727,90.831818182,27.440909090999998,94.9,24.927272727,23.013636364,95.954545455,21.577272726999997,25.236363636,94.93636363600001,22.868181818000004,26.477272727,92.55909090899999,24.313636364,27.804545455,88.709090909,23.8,24.377272726999998,87.9,22.045454545,24.595454545,81.44090909100001,21.759090909,59,2016-07-05,JN,7,1,5,Tuesday,False,0,0,0,0,0,0,0,0,0.0,0.0,0.0,0.0,0.0,0.0,0.0,0.0,0,False,,0.003298771498771481,0.3167487684729071,0.01294629156010228,0.006820935960591096,18.98987341772152,11.928888888888887
20160705_SU,24.8,23.1,93.6,24.1,85.1,21.8,26.8,70.4,23.5,27.7,81.4,23.5,26.6,86.5,24.0,26.9,78.1,24.6,30.2,58.0,25.3,29.7,61.1,24.7,215,2016-07-05,SU,7,1,5,Tuesday,False,0,0,0,0,0,0,0,0,0.0,0.0,0.0,0.0,0.0,0.0,0.0,0.0,0,False,,0.004049668874172179,0.3749715585893068,0.012862857142857094,0.022473981900452456,14.746031746031745,7.511423550087874
20160705_US,29.9,25.6,89.3,22.8,98.0,21.1,26.0,97.9,22.3,27.3,88.6,25.2,26.1,94.8,23.9,30.0,80.4,24.9,25.0,89.4,21.8,26.1,77.5,21.7,16,2016-07-05,US,7,1,5,Tuesday,False,0,0,0,0,0,0,0,0,0.0,0.0,0.0,0.0,0.0,0.0,0.0,0.0,0,False,,0.0129464285714285,0.41517857142857145,0.012657738095238066,0.019648809523809492,34.864048338368576,22.07368421052632
20160706_BS,29.2,25.0,90.6,26.1,98.3,23.5,22.1,99.1,21.0,24.7,94.5,22.1,24.4,94.9,23.1,24.0,94.9,23.0,27.2,84.0,23.3,25.1,86.3,21.8,70,2016-07-06,BS,7,2,6,Wednesday,False,0,0,0,0,0,0,0,0,0.0,0.0,0.0,0.0,0.0,0.0,0.0,0.0,0,False,,0.006160401002506234,0.2867970660146695,0.011082774049216962,0.014710416666666632,22.529535864978904,11.76391982182628
20160706_CB,28.546666666999997,23.893333333,89.9,29.82,85.166666667,25.306666667,23.573333333,95.18666666700001,21.233333333,25.266666667,80.833333333,22.553333333,28.166666666999998,80.206666667,24.02,28.98,84.646666667,24.353333333000002,29.433333333,74.153333333,25.02,28.173333333000002,65.0,23.833333333000002,36,2016-07-06,CB,7,2,6,Wednesday,False,0,0,0,0,0,0,0,0,0.0,0.0,0.0,0.0,0.0,0.0,0.0,0.0,0,False,,0.0019207048458149798,0.2847389558232933,0.029274261603375495,0.014150819672131129,15.424603174603176,6.546255506607928
20160706_CN,27.5875,23.39375,93.48125,28.65625,92.7,25.18125,25.49375,97.60625,22.6,24.7375,92.4375,22.30625,27.71875,89.275,23.55625,28.2875,91.3375,24.55625,27.58125,86.98125,24.4625,27.2125,82.425,23.41875,55,2016-07-06,CN,7,2,6,Wednesday,False,0,0,0,0,0,0,0,0,0.0,0.0,0.0,0.0,0.0,0.0,0.0,0.0,0,False,,0.0034838565022421533,0.26231155778894466,0.030062780269058287,0.01022964824120602,18.340807174887885,9.409090909090908
20160706_DG,31.0,24.3,88.4,32.6,72.3,27.1,23.0,90.9,21.4,26.7,88.0,22.8,28.3,81.6,25.1,28.5,79.5,25.4,32.3,70.3,25.8,26.6,71.5,23.2,55,2016-07-06,DG,7,2,6,Wednesday,False,0,0,0,0,0,0,0,0,0.0,0.0,0.0,0.0,0.0,0.0,0.0,0.0,0,False,,0.0022261484098939945,0.2325088339222615,0.010797047970479676,0.01314487632508831,19.20849420849421,10.66120218579235
20160706_DJ,27.1,24.3,94.5,30.4,90.0,25.8,24.6,97.0,22.1,24.4,91.0,22.7,28.0,86.8,24.5,29.8,89.1,25.0,29.2,82.1,25.5,28.2,74.0,24.8,26,2016-07-06,DJ,7,2,6,Wednesday,False,0,0,0,0,0,0,0,0,0.0,0.0,0.0,0.0,0.0,0.0,0.0,0.0,0,False,,0.0015541666666666679,0.3108333333333328,0.02404166666666663,0.014199999999999978,15.731277533039648,7.966666666666668
20160706_GB,26.008333333000003,22.625,93.2375,30.991666666999997,82.970833333,25.1375,21.9625,96.025,20.525,26.475,86.004166667,22.845833333,27.841666667,85.008333333,24.4125,28.620833333,85.87916666699999,24.295833333,31.216666667,73.920833333,24.870833333,26.6125,74.545833333,22.520833333000002,69,2016-07-06,GB,7,2,6,Wednesday,False,0,0,0,0,0,0,0,0,0.0,0.0,0.0,0.0,0.0,0.0,0.0,0.0,0,False,,0.003859840425531903,0.37277353689567344,0.01950943396226411,0.0102691919191919,11.74937343358396,5.7727272727272725
20160706_GG,26.880952381,22.40952381,84.516666667,25.54047619,95.807142857,23.111904761999998,23.9,91.564285714,21.79047619,26.316666667,79.24047619,23.097619048000002,27.452380952,84.976190476,23.50952381,27.302380951999996,90.492857143,24.035714285999997,28.064285714,82.642857143,24.673809524,29.435714286,67.471428571,24.738095238000003,217,2016-07-06,GG,7,2,6,Wednesday,False,0,0,0,0,0,0,0,0,0.0,0.0,0.0,0.0,0.0,0.0,0.0,0.0,0,False,,0.003871839999999958,0.3617837837837821,0.026961240310077586,0.01809001068376069,18.79511918274688,9.678819444444443
20160706_GJ,29.4,26.5,97.4,30.9,92.6,26.9,28.2,98.0,25.7,23.1,99.0,21.9,25.0,98.6,23.0,27.0,93.8,24.7,29.6,87.5,24.8,25.8,85.4,23.0,33,2016-07-06,GJ,7,2,6,Wednesday,False,0,0,0,0,0,0,0,0,0.0,0.0,0.0,0.0,0.0,0.0,0.0,0.0,0,False,,0.001615023474178405,0.25586854460093883,0.014178403755868518,0.008464788732394354,11.753488372093024,6.065868263473054
20160706_GN,30.286363636,26.168181818,87.859090909,28.963636364,87.790909091,26.05,26.513636364,94.195454545,23.436363636,24.654545455,94.081818182,22.031818182,26.363636364,90.92272727299999,23.9,25.931818181999997,90.81363636399999,24.177272727,28.663636364000002,83.5,23.836363635999998,25.468181818,84.231818182,21.881818181999996,67,2016-07-06,GN,7,2,6,Wednesday,False,0,0,0,0,0,0,0,0,0.0,0.0,0.0,0.0,0.0,0.0,0.0,0.0,0,False,,0.0032019455252918104,0.2313229571984436,0.011773359840954248,0.008806420233463012,19.949044585987263,9.194444444444443
20160706_GW,24.25,20.55,88.255555556,23.355555556,91.488888889,20.666666667,22.272222221999996,92.46666666700001,20.1,26.705555556,78.516666667,22.911111111,26.588888889,82.216666667,22.85,28.2,84.96111111100001,23.411111111,28.75,76.055555556,24.116666666999997,28.3,71.411111111,23.0,32,2016-07-06,GW,7,2,6,Wednesday,False,0,0,0,0,0,0,0,0,0.0,0.0,0.0,0.0,0.0,0.0,0.0,0.0,0,False,,0.0016075000000000026,0.2325000000000005,0.030524999999999983,0.007344999999999986,16.06276150627615,10.056000000000001
20160706_IC,24.47,21.34,95.9,24.03,97.1,22.52,24.27,95.66,22.09,25.36,94.1,22.31,25.5,95.76,22.58,26.07,96.73,23.45,25.02,96.63,22.95,28.16,86.28,23.69,37,2016-07-06,IC,7,2,6,Wednesday,False,0,0,0,0,0,0,0,0,0.0,0.0,0.0,0.0,0.0,0.0,0.0,0.0,0,False,,0.005091719745222914,0.344880174291938,0.02510828025477704,0.014226398210290796,17.700956937799038,6.216535433070866
20160706_JB,27.94,24.773333333000004,91.333333333,30.973333333000003,80.266666667,27.1,27.96,91.353333333,24.46,23.973333333000003,93.76,21.773333333000004,26.7,89.973333333,23.24,28.446666667,84.2,24.793333333000003,29.946666667,78.57333333300001,24.94,26.806666667,77.74,23.106666667,60,2016-07-06,JB,7,2,6,Wednesday,False,0,0,0,0,0,0,0,0,0.0,0.0,0.0,0.0,0.0,0.0,0.0,0.0,0,False,,0.0031091185410334343,0.2585227272727273,0.026018292682926814,0.010871965317919044,18.05157593123209,10.676923076923076
20160706_JJ,30.75,27.1,85.9,30.45,80.75,28.0,30.35,86.55,26.95,26.9,96.4,23.45,26.7,94.2,23.75,27.15,88.05,25.45,27.0,89.0,24.05,24.25,96.3,22.15,18,2016-07-06,JJ,7,2,6,Wednesday,False,0,0,0,0,0,0,0,0,0.0,0.0,0.0,0.0,0.0,0.0,0.0,0.0,0,False,,0.0014125000000000038,0.27473684210526345,0.008229166666666673,0.005141666666666671,18.375,6.655913978494624
20160706_JN,28.854545455,26.136363636,93.3,29.277272727,90.831818182,26.527272727,27.440909090999998,94.9,24.927272727,23.013636364,95.954545455,21.577272726999997,25.236363636,94.93636363600001,22.868181818000004,26.477272727,92.55909090899999,24.313636364,27.804545455,88.709090909,23.8,24.377272726999998,87.9,22.045454545,44,2016-07-06,JN,7,2,6,Wednesday,False,0,0,0,0,0,0,0,0,0.0,0.0,0.0,0.0,0.0,0.0,0.0,0.0,0,False,,0.003683743842364504,0.2879606879606884,0.01395812807881771,0.0066131513647642364,18.878481012658227,11.012765957446806
20160706_SU,26.9,22.9,74.0,24.8,93.6,23.1,24.1,85.1,21.8,26.8,70.4,23.5,27.7,81.4,23.5,26.6,86.5,24.0,26.9,78.1,24.6,30.2,58.0,25.3,241,2016-07-06,SU,7,2,6,Wednesday,False,0,0,0,0,0,0,0,0,0.0,0.0,0.0,0.0,0.0,0.0,0.0,0.0,0,False,,0.00459263271939326,0.40198019801980267,0.020031111111111083,0.02978135405105436,19.283185840707965,9.263431542461005
20160706_US,30.0,24.3,91.0,29.9,89.3,25.6,22.8,98.0,21.1,26.0,97.9,22.3,27.3,88.6,25.2,26.1,94.8,23.9,30.0,80.4,24.9,25.0,89.4,21.8,10,2016-07-06,US,7,2,6,Wednesday,False,0,0,0,0,0,0,0,0,0.0,0.0,0.0,0.0,0.0,0.0,0.0,0.0,0,False,,0.010501510574018087,0.3589123867069486,0.011081570996978823,0.01909667673716009,26.715568862275447,12.405660377358492
20160707_BS,27.6,23.7,89.9,29.2,90.6,25.0,26.1,98.3,23.5,22.1,99.1,21.0,24.7,94.5,22.1,24.4,94.9,23.1,24.0,94.9,23.0,27.2,84.0,23.3,83,2016-07-07,BS,7,3,7,Thursday,False,0,0,0,0,0,0,0,0,0.0,0.0,0.0,0.0,0.0,0.0,0.0,0.0,0,False,,0.00811910669975184,0.3063529411764704,0.01431707317073166,0.02120481927710842,32.40890688259109,17.647302904564317
20160707_CB,29.026666666999997,24.94,82.913333333,28.546666666999997,89.9,23.893333333,29.82,85.166666667,25.306666667,23.573333333,95.18666666700001,21.233333333,25.266666667,80.833333333,22.553333333,28.166666666999998,80.206666667,24.02,28.98,84.646666667,24.353333333000002,29.433333333,74.153333333,25.02,26,2016-07-07,CB,7,3,7,Thursday,False,0,0,0,0,0,0,0,0,0.0,0.0,0.0,0.0,0.0,0.0,0.0,0.0,0,False,,0.0023069852941176488,0.3836236933797907,0.0267839721254355,0.01635818815331007,34.261324041811854,19.770161290322577
20160707_CN,28.325,24.3625,90.09375,27.5875,93.48125,23.39375,28.65625,92.7,25.18125,25.49375,97.60625,22.6,24.7375,92.4375,22.30625,27.71875,89.275,23.55625,28.2875,91.3375,24.55625,27.58125,86.98125,24.4625,54,2016-07-07,CN,7,3,7,Thursday,False,0,0,0,0,0,0,0,0,0.0,0.0,0.0,0.0,0.0,0.0,0.0,0.0,0,False,,0.003966386554621853,0.3343612334801759,0.023357142857142816,0.014559009009008991,30.51476793248945,15.647887323943662
20160707_DG,32.6,24.3,76.3,31.0,88.4,24.3,32.6,72.3,27.1,23.0,90.9,21.4,26.7,88.0,22.8,28.3,81.6,25.1,28.5,79.5,25.4,32.3,70.3,25.8,62,2016-07-07,DG,7,3,7,Thursday,False,0,0,0,0,0,0,0,0,0.0,0.0,0.0,0.0,0.0,0.0,0.0,0.0,0,False,,0.002390151515151517,0.3292592592592592,0.021490774907749036,0.01472118959107804,28.071969696969692,17.0
20160707_DJ,30.3,25.7,87.0,27.1,94.5,24.3,30.4,90.0,25.8,24.6,97.0,22.1,24.4,91.0,22.7,28.0,86.8,24.5,29.8,89.1,25.0,29.2,82.1,25.5,34,2016-07-07,DJ,7,3,7,Thursday,False,0,0,0,0,0,0,0,0,0.0,0.0,0.0,0.0,0.0,0.0,0.0,0.0,0,False,,0.0015666666666666678,0.26083333333333303,0.02529583333333331,0.01164583333333331,17.20940170940171,7.833333333333332
20160707_GB,29.066666667,23.247826086999996,87.139130435,26.008333333000003,93.2375,22.625,30.991666666999997,82.970833333,25.1375,21.9625,96.025,20.525,26.475,86.004166667,22.845833333,27.841666667,85.008333333,24.4125,28.620833333,85.87916666699999,24.295833333,31.216666667,73.920833333,24.870833333,67,2016-07-07,GB,7,3,7,Thursday,False,0,0,0,0,0,0,0,0,0.0,0.0,0.0,0.0,0.0,0.0,0.0,0.0,0,False,,0.004729971988795504,0.4435114503816788,0.024918660287081302,0.01091928934010149,25.640703517587944,13.651898734177214
20160707_GG,28.247619048,23.60952381,79.8,26.880952381,84.516666667,22.40952381,25.54047619,95.807142857,23.111904761999998,23.9,91.564285714,21.79047619,26.316666667,79.24047619,23.097619048000002,27.452380952,84.976190476,23.50952381,27.302380951999996,90.492857143,24.035714285999997,28.064285714,82.642857143,24.673809524,186,2016-07-07,GG,7,3,7,Thursday,False,0,0,0,0,0,0,0,0,0.0,0.0,0.0,0.0,0.0,0.0,0.0,0.0,0,False,,0.00530459211237165,0.474384236453198,0.02368637387387391,0.028268899782135187,38.23769574944072,22.85492227979275
20160707_GJ,31.8,26.6,89.9,29.4,97.4,26.5,30.9,92.6,26.9,28.2,98.0,25.7,23.1,99.0,21.9,25.0,98.6,23.0,27.0,93.8,24.7,29.6,87.5,24.8,32,2016-07-07,GJ,7,3,7,Thursday,False,0,0,0,0,0,0,0,0,0.0,0.0,0.0,0.0,0.0,0.0,0.0,0.0,0,False,,0.0016481481481481495,0.27962962962962945,0.0171759259259259,0.012055555555555538,13.592592592592592,6.642857142857142
20160707_GN,30.822727273,25.477272727,84.859090909,30.286363636,87.859090909,26.168181818,28.963636364,87.790909091,26.05,26.513636364,94.195454545,23.436363636,24.654545455,94.081818182,22.031818182,26.363636364,90.92272727299999,23.9,25.931818181999997,90.81363636399999,24.177272727,28.663636364000002,83.5,23.836363635999998,64,2016-07-07,GN,7,3,7,Thursday,False,0,0,0,0,0,0,0,0,0.0,0.0,0.0,0.0,0.0,0.0,0.0,0.0,0,False,,0.00575029702970294,0.2897029702970287,0.019069306930693045,0.016224554455445503,32.54545454545455,18.8412017167382
20160707_GW,25.744444444000003,21.916666666999998,83.561111111,24.25,88.255555556,20.55,23.355555556,91.488888889,20.666666667,22.272222221999996,92.46666666700001,20.1,26.705555556,78.516666667,22.911111111,26.588888889,82.216666667,22.85,28.2,84.96111111100001,23.411111111,28.75,76.055555556,24.116666666999997,41,2016-07-07,GW,7,3,7,Thursday,False,0,0,0,0,0,0,0,0,0.0,0.0,0.0,0.0,0.0,0.0,0.0,0.0,0,False,,0.0018915611814346008,0.2873417721518987,0.027514767932489432,0.008880168776371294,28.30379746835443,19.814285714285713
20160707_IC,26.73,23.02,89.45,24.47,95.9,21.34,24.03,97.1,22.52,24.27,95.66,22.09,25.36,94.1,22.31,25.5,95.76,22.58,26.07,96.73,23.45,25.02,96.63,22.95,39,2016-07-07,IC,7,3,7,Thursday,False,0,0,0,0,0,0,0,0,0.0,0.0,0.0,0.0,0.0,0.0,0.0,0.0,0,False,,0.006297319587628837,0.4687242798353896,0.022584362139917668,0.024042207792207775,31.097916666666666,16.302839116719245
20160707_JB,30.066666667,25.08,86.40666666700001,27.94,91.333333333,24.773333333000004,30.973333333000003,80.266666667,27.1,27.96,91.353333333,24.46,23.973333333000003,93.76,21.773333333000004,26.7,89.973333333,23.24,28.446666667,84.2,24.793333333000003,29.946666667,78.57333333300001,24.94,70,2016-07-07,JB,7,3,7,Thursday,False,0,0,0,0,0,0,0,0,0.0,0.0,0.0,0.0,0.0,0.0,0.0,0.0,0,False,,0.002965671641791046,0.24930362116991603,0.02325525525525522,0.011371587743732555,22.43820224719101,12.785365853658535
20160707_JJ,30.55,26.5,82.6,30.75,85.9,27.1,30.45,80.75,28.0,30.35,86.55,26.95,26.9,96.4,23.45,26.7,94.2,23.75,27.15,88.05,25.45,27.0,89.0,24.05,9,2016-07-07,JJ,7,3,7,Thursday,False,0,0,0,0,0,0,0,0,0.0,0.0,0.0,0.0,0.0,0.0,0.0,0.0,0,False,,0.0020768421052631612,0.2797872340425536,0.008821052631578953,0.005567368421052634,23.24137931034483,11.144444444444444
20160707_JN,30.268181818000002,25.904545455,88.131818182,28.854545455,93.3,26.136363636,29.277272727,90.831818182,26.527272727,27.440909090999998,94.9,24.927272727,23.013636364,95.954545455,21.577272726999997,25.236363636,94.93636363600001,22.868181818000004,26.477272727,92.55909090899999,24.313636364,27.804545455,88.709090909,23.8,61,2016-07-07,JN,7,3,7,Thursday,False,0,0,0,0,0,0,0,0,0.0,0.0,0.0,0.0,0.0,0.0,0.0,0.0,0,False,,0.0057969849246230784,0.3097112860892385,0.013109090909090884,0.009769346733668305,22.280205655526988,13.535087719298243
20160707_SU,28.5,24.0,71.6,26.9,74.0,22.9,24.8,93.6,23.1,24.1,85.1,21.8,26.8,70.4,23.5,27.7,81.4,23.5,26.6,86.5,24.0,26.9,78.1,24.6,247,2016-07-07,SU,7,3,7,Thursday,False,0,0,0,0,0,0,0,0,0.0,0.0,0.0,0.0,0.0,0.0,0.0,0.0,0,False,,0.006046536796536723,0.5476756756756759,0.02045883644346871,0.04407306434023981,41.578602620087345,24.337860780984716
20160707_US,27.7,23.4,93.4,30.0,91.0,24.3,29.9,89.3,25.6,22.8,98.0,21.1,26.0,97.9,22.3,27.3,88.6,25.2,26.1,94.8,23.9,30.0,80.4,24.9,10,2016-07-07,US,7,3,7,Thursday,False,0,0,0,0,0,0,0,0,0.0,0.0,0.0,0.0,0.0,0.0,0.0,0.0,0,False,,0.024534534534534518,0.4960960960960967,0.015862385321100878,0.030561561561561524,44.58433734939759,28.79090909090909
20160708_BS,30.4,24.9,86.6,27.6,89.9,23.7,29.2,90.6,25.0,26.1,98.3,23.5,22.1,99.1,21.0,24.7,94.5,22.1,24.4,94.9,23.1,24.0,94.9,23.0,73,2016-07-08,BS,7,4,8,Friday,False,0,0,0,0,0,0,0,0,0.0,0.0,0.0,0.0,0.0,0.0,0.0,0.0,0,False,,0.005631840796019879,0.3152744630071596,0.01567137096774187,0.017141129032258024,28.43487394957983,16.50939457202505
20160708_CB,32.766666666999996,26.4,71.793333333,29.026666666999997,82.913333333,24.94,28.546666666999997,89.9,23.893333333,29.82,85.166666667,25.306666667,23.573333333,95.18666666700001,21.233333333,25.266666667,80.833333333,22.553333333,28.166666666999998,80.206666667,24.02,28.98,84.646666667,24.353333333000002,26,2016-07-08,CB,7,4,8,Friday,False,0,0,0,0,0,0,0,0,0.0,0.0,0.0,0.0,0.0,0.0,0.0,0.0,0,False,,0.0021902777777777797,0.33020833333333344,0.027520833333333328,0.017526041666666634,29.609154929577464,14.437262357414449
20160708_CN,32.30625,26.21875,79.26875,28.325,90.09375,24.3625,27.5875,93.48125,23.39375,28.65625,92.7,25.18125,25.49375,97.60625,22.6,24.7375,92.4375,22.30625,27.71875,89.275,23.55625,28.2875,91.3375,24.55625,55,2016-07-08,CN,7,4,8,Friday,False,0,0,0,0,0,0,0,0,0.0,0.0,0.0,0.0,0.0,0.0,0.0,0.0,0,False,,0.004835416666666671,0.4458333333333335,0.049633333333333335,0.01816916666666665,51.96666666666667,28.73611111111111
20160708_DG,31.7,25.8,70.5,32.6,76.3,24.3,31.0,88.4,24.3,32.6,72.3,27.1,23.0,90.9,21.4,26.7,88.0,22.8,28.3,81.6,25.1,28.5,79.5,25.4,73,2016-07-08,DG,7,4,8,Friday,False,0,0,0,0,0,0,0,0,0.0,0.0,0.0,0.0,0.0,0.0,0.0,0.0,0,False,,0.002632352941176473,0.2261029411764704,0.02359926470588234,0.0163455882352941,29.84132841328413,17.39887640449438
20160708_DJ,32.6,26.9,77.4,30.3,87.0,25.7,27.1,94.5,24.3,30.4,90.0,25.8,24.6,97.0,22.1,24.4,91.0,22.7,28.0,86.8,24.5,29.8,89.1,25.0,37,2016-07-08,DJ,7,4,8,Friday,False,0,0,0,0,0,0,0,0,0.0,0.0,0.0,0.0,0.0,0.0,0.0,0.0,0,False,,0.0017375000000000016,0.29749999999999943,0.02958695652173914,0.016154166666666643,21.04602510460251,6.825
20160708_GB,31.045833333,24.95,78.75,29.066666667,87.139130435,23.247826086999996,26.008333333000003,93.2375,22.625,30.991666666999997,82.970833333,25.1375,21.9625,96.025,20.525,26.475,86.004166667,22.845833333,27.841666667,85.008333333,24.4125,28.620833333,85.87916666699999,24.295833333,61,2016-07-08,GB,7,4,8,Friday,False,0,0,0,0,0,0,0,0,0.0,0.0,0.0,0.0,0.0,0.0,0.0,0.0,0,False,,0.004141193181818171,0.36049999999999893,0.02626463700234189,0.011228109452736286,24.93364928909953,14.183431952662726
20160708_GG,32.716666667,26.59047619,73.311904762,28.247619048,79.8,23.60952381,26.880952381,84.516666667,22.40952381,25.54047619,95.807142857,23.111904761999998,23.9,91.564285714,21.79047619,26.316666667,79.24047619,23.097619048000002,27.452380952,84.976190476,23.50952381,27.302380951999996,90.492857143,24.035714285999997,155,2016-07-08,GG,7,4,8,Friday,False,0,0,0,0,0,0,0,0,0.0,0.0,0.0,0.0,0.0,0.0,0.0,0.0,0,False,,0.004138490364025644,0.529191535539878,0.03409574468085114,0.03118871574422357,52.313147845062744,32.74285714285714
20160708_GJ,31.5,26.6,86.3,31.8,89.9,26.6,29.4,97.4,26.5,30.9,92.6,26.9,28.2,98.0,25.7,23.1,99.0,21.9,25.0,98.6,23.0,27.0,93.8,24.7,40,2016-07-08,GJ,7,4,8,Friday,False,0,0,0,0,0,0,0,0,0.0,0.0,0.0,0.0,0.0,0.0,0.0,0.0,0,False,,0.0025879629629629647,0.3768518518518515,0.01940740740740738,0.016583333333333304,22.134259259259263,12.410714285714285
20160708_GN,30.540909091,25.127272726999998,83.527272727,30.822727273,84.859090909,25.477272727,30.286363636,87.859090909,26.168181818,28.963636364,87.790909091,26.05,26.513636364,94.195454545,23.436363636,24.654545455,94.081818182,22.031818182,26.363636364,90.92272727299999,23.9,25.931818181999997,90.81363636399999,24.177272727,68,2016-07-08,GN,7,4,8,Friday,False,0,0,0,0,0,0,0,0,0.0,0.0,0.0,0.0,0.0,0.0,0.0,0.0,0,False,,0.004204588910133813,0.2812260536398457,0.015130268199233687,0.01564780114722751,31.01359223300971,16.793248945147678
20160708_GW,30.4,23.85,79.361111111,25.744444444000003,83.561111111,21.916666666999998,24.25,88.255555556,20.55,23.355555556,91.488888889,20.666666667,22.272222221999996,92.46666666700001,20.1,26.705555556,78.516666667,22.911111111,26.588888889,82.216666667,22.85,28.2,84.96111111100001,23.411111111,39,2016-07-08,GW,7,4,8,Friday,False,0,0,0,0,0,0,0,0,0.0,0.0,0.0,0.0,0.0,0.0,0.0,0.0,0,False,,0.0017808333333333344,0.3358333333333331,0.031045833333333307,0.010039583333333315,34.86666666666667,22.46808510638298
20160708_IC,30.42,25.65,88.5,26.73,89.45,23.02,24.47,95.9,21.34,24.03,97.1,22.52,24.27,95.66,22.09,25.36,94.1,22.31,25.5,95.76,22.58,26.07,96.73,23.45,47,2016-07-08,IC,7,4,8,Friday,False,0,0,0,0,0,0,0,0,0.0,0.0,0.0,0.0,0.0,0.0,0.0,0.0,0,False,,0.005886707566462151,0.5646216768916157,0.036085889570552115,0.02514236559139783,52.425,31.0
20160708_JB,32.013333333,25.82,79.333333333,30.066666667,86.40666666700001,25.08,27.94,91.333333333,24.773333333000004,30.973333333000003,80.266666667,27.1,27.96,91.353333333,24.46,23.973333333000003,93.76,21.773333333000004,26.7,89.973333333,23.24,28.446666667,84.2,24.793333333000003,71,2016-07-08,JB,7,4,8,Friday,False,0,0,0,0,0,0,0,0,0.0,0.0,0.0,0.0,0.0,0.0,0.0,0.0,0,False,,0.003650914634146335,0.2880813953488366,0.03561890243902433,0.012068285714285686,27.291428571428572,16.014705882352942
20160708_JJ,28.4,25.95,85.65,30.55,82.6,26.5,30.75,85.9,27.1,30.45,80.75,28.0,30.35,86.55,26.95,26.9,96.4,23.45,26.7,94.2,23.75,27.15,88.05,25.45,17,2016-07-08,JJ,7,4,8,Friday,False,0,0,0,0,0,0,0,0,0.0,0.0,0.0,0.0,0.0,0.0,0.0,0.0,0,False,,0.0014677083333333367,0.2631578947368425,0.009593750000000009,0.004755208333333336,21.710843373493976,10.644444444444442
20160708_JN,30.304545455,25.890909090999997,85.431818182,30.268181818000002,88.131818182,25.904545455,28.854545455,93.3,26.136363636,29.277272727,90.831818182,26.527272727,27.440909090999998,94.9,24.927272727,23.013636364,95.954545455,21.577272726999997,25.236363636,94.93636363600001,22.868181818000004,26.477272727,92.55909090899999,24.313636364,55,2016-07-08,JN,7,4,8,Friday,False,0,0,0,0,0,0,0,0,0.0,0.0,0.0,0.0,0.0,0.0,0.0,0.0,0,False,,0.006526329113924024,0.3701799485861181,0.01851595744680849,0.011948607594936671,27.68947368421053,18.41743119266055
20160708_SU,32.4,27.3,66.5,28.5,71.6,24.0,26.9,74.0,22.9,24.8,93.6,23.1,24.1,85.1,21.8,26.8,70.4,23.5,27.7,81.4,23.5,26.6,86.5,24.0,204,2016-07-08,SU,7,4,8,Friday,False,0,0,0,0,0,0,0,0,0.0,0.0,0.0,0.0,0.0,0.0,0.0,0.0,0,False,,0.004590662323561317,0.5674594594594601,0.02771271929824561,0.04184773218142546,58.92265795206972,35.95862068965517
20160708_US,30.5,24.6,90.0,27.7,93.4,23.4,30.0,91.0,24.3,29.9,89.3,25.6,22.8,98.0,21.1,26.0,97.9,22.3,27.3,88.6,25.2,26.1,94.8,23.9,10,2016-07-08,US,7,4,8,Friday,False,0,0,0,0,0,0,0,0,0.0,0.0,0.0,0.0,0.0,0.0,0.0,0.0,0,False,,0.013454810495626784,0.46122448979591796,0.015256559766763829,0.02296209912536441,39.64201183431953,24.18260869565217
20160709_BS,29.0,25.6,78.6,30.4,86.6,24.9,27.6,89.9,23.7,29.2,90.6,25.0,26.1,98.3,23.5,22.1,99.1,21.0,24.7,94.5,22.1,24.4,94.9,23.1,26,2016-07-09,BS,7,5,9,Saturday,False,0,0,0,0,0,0,0,0,0.0,0.0,0.0,0.0,0.0,0.0,0.0,0.0,0,True,,0.006276960784313702,0.2810185185185183,0.016914682539682497,0.0140257936507936,17.17871485943775,8.118852459016392
20160709_CB,32.966666667,26.653333333000003,66.72,32.766666666999996,71.793333333,26.4,29.026666666999997,82.913333333,24.94,28.546666666999997,89.9,23.893333333,29.82,85.166666667,25.306666667,23.573333333,95.18666666700001,21.233333333,25.266666667,80.833333333,22.553333333,28.166666666999998,80.206666667,24.02,6,2016-07-09,CB,7,5,9,Saturday,False,0,0,0,0,0,0,0,0,0.0,0.0,0.0,0.0,0.0,0.0,0.0,0.0,0,True,,0.002601736111111113,0.3885416666666664,0.03897569444444445,0.019389930555555542,41.96875,23.15648854961832
20160709_CN,32.3125,26.10625,80.06875,32.30625,79.26875,26.21875,28.325,90.09375,24.3625,27.5875,93.48125,23.39375,28.65625,92.7,25.18125,25.49375,97.60625,22.6,24.7375,92.4375,22.30625,27.71875,89.275,23.55625,22,2016-07-09,CN,7,5,9,Saturday,False,0,0,0,0,0,0,0,0,0.0,0.0,0.0,0.0,0.0,0.0,0.0,0.0,0,True,,0.0047166666666666685,0.3974999999999999,0.03294999999999998,0.016129999999999974,45.6875,23.338028169014088
20160709_DG,33.9,27.9,67.9,31.7,70.5,25.8,32.6,76.3,24.3,31.0,88.4,24.3,32.6,72.3,27.1,23.0,90.9,21.4,26.7,88.0,22.8,28.3,81.6,25.1,14,2016-07-09,DG,7,5,9,Saturday,False,1,0,0,0,0,0,0,0,0.8999999999999986,0.0,0.0,0.0,0.0,0.0,0.0,0.0,0,True,,0.003225694444444447,0.27326388888888925,0.041288194444444405,0.016534722222222204,41.2135231316726,28.465968586387433
20160709_DJ,33.1,27.5,75.8,32.6,77.4,26.9,30.3,87.0,25.7,27.1,94.5,24.3,30.4,90.0,25.8,24.6,97.0,22.1,24.4,91.0,22.7,28.0,86.8,24.5,9,2016-07-09,DJ,7,5,9,Saturday,False,1,0,0,0,0,0,0,0,0.10000000000000142,0.0,0.0,0.0,0.0,0.0,0.0,0.0,0,True,,0.002900000000000002,0.4629166666666664,0.04424999999999999,0.01952499999999996,45.87763713080169,23.091666666666665
20160709_GB,32.7125,26.170833333,74.4625,31.045833333,78.75,24.95,29.066666667,87.139130435,23.247826086999996,26.008333333000003,93.2375,22.625,30.991666666999997,82.970833333,25.1375,21.9625,96.025,20.525,26.475,86.004166667,22.845833333,27.841666667,85.008333333,24.4125,22,2016-07-09,GB,7,5,9,Saturday,False,0,0,0,0,0,0,0,0,0.0,0.0,0.0,0.0,0.0,0.0,0.0,0.0,0,True,,0.004972777777777764,0.3997542997542991,0.029800925925925894,0.010547794117647051,28.198067632850247,15.717391304347824
20160709_GG,32.695238095,26.878571429,71.892857143,32.716666667,73.311904762,26.59047619,28.247619048,79.8,23.60952381,26.880952381,84.516666667,22.40952381,25.54047619,95.807142857,23.111904761999998,23.9,91.564285714,21.79047619,26.316666667,79.24047619,23.097619048000002,27.452380952,84.976190476,23.50952381,62,2016-07-09,GG,7,5,9,Saturday,False,0,0,0,0,0,0,0,0,0.0,0.0,0.0,0.0,0.0,0.0,0.0,0.0,0,True,,0.004303874345549694,0.4757928118393189,0.02804846796657388,0.024381358609794682,42.93458445040214,23.64250411861614
20160709_GJ,33.8,27.8,81.3,31.5,86.3,26.6,31.8,89.9,26.6,29.4,97.4,26.5,30.9,92.6,26.9,28.2,98.0,25.7,23.1,99.0,21.9,25.0,98.6,23.0,9,2016-07-09,GJ,7,5,9,Saturday,False,1,0,0,0,0,0,0,0,0.7999999999999972,0.0,0.0,0.0,0.0,0.0,0.0,0.0,0,True,,0.0020509259259259274,0.3648148148148143,0.037671296296296265,0.0144259259259259,35.39814814814815,24.5
20160709_GN,31.872727273000002,26.031818182,78.509090909,30.540909091,83.527272727,25.127272726999998,30.822727273,84.859090909,25.477272727,30.286363636,87.859090909,26.168181818,28.963636364,87.790909091,26.05,26.513636364,94.195454545,23.436363636,24.654545455,94.081818182,22.031818182,26.363636364,90.92272727299999,23.9,27,2016-07-09,GN,7,5,9,Saturday,False,0,0,0,0,0,0,0,0,0.0,0.0,0.0,0.0,0.0,0.0,0.0,0.0,0,True,,0.005160956175298781,0.2711729622266395,0.02580830039525689,0.014287154150197618,29.064315352697097,16.430962343096233
20160709_GW,31.366666666999997,25.088888889,75.03888888899999,30.4,79.361111111,23.85,25.744444444000003,83.561111111,21.916666666999998,24.25,88.255555556,20.55,23.355555556,91.488888889,20.666666667,22.272222221999996,92.46666666700001,20.1,26.705555556,78.516666667,22.911111111,26.588888889,82.216666667,22.85,8,2016-07-09,GW,7,5,9,Saturday,False,0,0,0,0,0,0,0,0,0.0,0.0,0.0,0.0,0.0,0.0,0.0,0.0,0,True,,0.002031645569620255,0.31054852320675114,0.033004219409282644,0.009785654008438808,32.08474576271186,20.916666666666668
20160709_IC,30.59,26.09,87.43,30.42,88.5,25.65,26.73,89.45,23.02,24.47,95.9,21.34,24.03,97.1,22.52,24.27,95.66,22.09,25.36,94.1,22.31,25.5,95.76,22.58,17,2016-07-09,IC,7,5,9,Saturday,False,0,0,0,0,0,0,0,0,0.0,0.0,0.0,0.0,0.0,0.0,0.0,0.0,0,True,,0.005970039682539667,0.4827380952380963,0.02626984126984123,0.01814083333333333,42.929577464788736,22.746312684365787
20160709_JB,32.493333333,26.32,79.146666667,32.013333333,79.333333333,25.82,30.066666667,86.40666666700001,25.08,27.94,91.333333333,24.773333333000004,30.973333333000003,80.266666667,27.1,27.96,91.353333333,24.46,23.973333333000003,93.76,21.773333333000004,26.7,89.973333333,23.24,24,2016-07-09,JB,7,5,9,Saturday,False,0,0,0,0,0,0,0,0,0.0,0.0,0.0,0.0,0.0,0.0,0.0,0.0,0,True,,0.0039429967426710035,0.3807339449541291,0.04671794871794868,0.012909821428571392,46.1577380952381,31.72448979591837
20160709_JJ,28.65,24.95,86.05,28.4,85.65,25.95,30.55,82.6,26.5,30.75,85.9,27.1,30.45,80.75,28.0,30.35,86.55,26.95,26.9,96.4,23.45,26.7,94.2,23.75,3,2016-07-09,JJ,7,5,9,Saturday,False,0,0,0,0,0,0,0,0,0.0,0.0,0.0,0.0,0.0,0.0,0.0,0.0,0,True,,0.0028187500000000014,0.267368421052632,0.017726315789473673,0.006559375000000003,26.72093023255814,15.042553191489361
20160709_JN,31.354545455,26.195454545,84.272727273,30.304545455,85.431818182,25.890909090999997,30.268181818000002,88.131818182,25.904545455,28.854545455,93.3,26.136363636,29.277272727,90.831818182,26.527272727,27.440909090999998,94.9,24.927272727,23.013636364,95.954545455,21.577272726999997,25.236363636,94.93636363600001,22.868181818000004,32,2016-07-09,JN,7,5,9,Saturday,False,0,0,0,0,0,0,0,0,0.0,0.0,0.0,0.0,0.0,0.0,0.0,0.0,0,True,,0.007628186274509766,0.4281862745098039,0.03134536082474223,0.013149509803921548,35.6957671957672,27.60267857142857
20160709_SU,32.7,27.7,64.8,32.4,66.5,27.3,28.5,71.6,24.0,26.9,74.0,22.9,24.8,93.6,23.1,24.1,85.1,21.8,26.8,70.4,23.5,27.7,81.4,23.5,54,2016-07-09,SU,7,5,9,Saturday,False,0,0,0,0,0,0,0,0,0.0,0.0,0.0,0.0,0.0,0.0,0.0,0.0,0,True,,0.004393246187363815,0.4754098360655745,0.02288255033557046,0.032407407407407364,41.03837719298246,23.06386554621849
20160709_US,30.1,25.4,84.5,30.5,90.0,24.6,27.7,93.4,23.4,30.0,91.0,24.3,29.9,89.3,25.6,22.8,98.0,21.1,26.0,97.9,22.3,27.3,88.6,25.2,3,2016-07-09,US,7,5,9,Saturday,False,0,0,0,0,0,0,0,0,0.0,0.0,0.0,0.0,0.0,0.0,0.0,0.0,0,True,,0.01294444444444441,0.4011111111111112,0.020261111111111053,0.01851388888888885,21.79050279329609,12.83969465648855
20160710_BS,29.3,25.4,83.6,29.0,78.6,25.6,30.4,86.6,24.9,27.6,89.9,23.7,29.2,90.6,25.0,26.1,98.3,23.5,22.1,99.1,21.0,24.7,94.5,22.1,1,2016-07-10,BS,7,6,10,Sunday,False,0,0,0,0,0,0,0,0,0.0,0.0,0.0,0.0,0.0,0.0,0.0,0.0,0,True,,0.01000260416666664,0.38063725490196093,0.03199584199584196,0.025029535864978872,37.177083333333336,23.495744680851068
20160710_CB,31.966666667,26.246666667,69.346666667,32.966666667,66.72,26.653333333000003,32.766666666999996,71.793333333,26.4,29.026666666999997,82.913333333,24.94,28.546666666999997,89.9,23.893333333,29.82,85.166666667,25.306666667,23.573333333,95.18666666700001,21.233333333,25.266666667,80.833333333,22.553333333,0,2016-07-10,CB,7,6,10,Sunday,False,0,0,0,0,0,0,0,0,0.0,0.0,0.0,0.0,0.0,0.0,0.0,0.0,0,True,,0.0030579861111111138,0.3718749999999994,0.03434027777777775,0.016749652777777756,33.12937062937063,17.435606060606062
20160710_CN,31.4,25.48125,81.1125,32.3125,80.06875,26.10625,32.30625,79.26875,26.21875,28.325,90.09375,24.3625,27.5875,93.48125,23.39375,28.65625,92.7,25.18125,25.49375,97.60625,22.6,24.7375,92.4375,22.30625,0,2016-07-10,CN,7,6,10,Sunday,False,0,0,0,0,0,0,0,0,0.0,0.0,0.0,0.0,0.0,0.0,0.0,0.0,0,True,,0.005519999999999995,0.3387499999999999,0.024170833333333308,0.014452083333333325,28.949790794979076,16.253521126760564
20160710_DG,33.5,28.6,59.1,33.9,67.9,27.9,31.7,70.5,25.8,32.6,76.3,24.3,31.0,88.4,24.3,32.6,72.3,27.1,23.0,90.9,21.4,26.7,88.0,22.8,1,2016-07-10,DG,7,6,10,Sunday,False,1,1,0,0,0,0,0,0,0.5,0.8999999999999986,0.0,0.0,0.0,0.0,0.0,0.0,0,True,,0.002763888888888891,0.26631944444444433,0.04453472222222219,0.011468749999999974,35.978647686832744,25.52631578947368
20160710_DJ,32.0,27.2,75.5,33.1,75.8,27.5,32.6,77.4,26.9,30.3,87.0,25.7,27.1,94.5,24.3,30.4,90.0,25.8,24.6,97.0,22.1,24.4,91.0,22.7,1,2016-07-10,DJ,7,6,10,Sunday,False,0,1,0,0,0,0,0,0,0.0,0.10000000000000142,0.0,0.0,0.0,0.0,0.0,0.0,0,True,,0.003058333333333336,0.4787499999999999,0.03452499999999998,0.016079166666666634,31.941666666666666,15.625
20160710_GB,32.054166667,26.145833333000002,74.475,32.7125,74.4625,26.170833333,31.045833333,78.75,24.95,29.066666667,87.139130435,23.247826086999996,26.008333333000003,93.2375,22.625,30.991666666999997,82.970833333,25.1375,21.9625,96.025,20.525,26.475,86.004166667,22.845833333,1,2016-07-10,GB,7,6,10,Sunday,False,0,0,0,0,0,0,0,0,0.0,0.0,0.0,0.0,0.0,0.0,0.0,0.0,0,True,,0.004774444444444428,0.436117936117936,0.04068055555555551,0.010019607843137228,31.197149643705462,17.559139784946233
20160710_GG,32.802380952,26.788095238,72.302380952,32.695238095,71.892857143,26.878571429,32.716666667,73.311904762,26.59047619,28.247619048,79.8,23.60952381,26.880952381,84.516666667,22.40952381,25.54047619,95.807142857,23.111904761999998,23.9,91.564285714,21.79047619,26.316666667,79.24047619,23.097619048000002,9,2016-07-10,GG,7,6,10,Sunday,False,0,0,0,0,0,0,0,0,0.0,0.0,0.0,0.0,0.0,0.0,0.0,0.0,0,True,,0.004877082228116681,0.4055851063829752,0.029585243152599288,0.020252976515565308,32.617283950617285,18.554276315789476
20160710_GJ,31.2,27.4,84.8,33.8,81.3,27.8,31.5,86.3,26.6,31.8,89.9,26.6,29.4,97.4,26.5,30.9,92.6,26.9,28.2,98.0,25.7,23.1,99.0,21.9,1,2016-07-10,GJ,7,6,10,Sunday,False,0,1,0,0,0,0,0,0,0.0,0.7999999999999972,0.0,0.0,0.0,0.0,0.0,0.0,0,True,,0.002180555555555557,0.39166666666666616,0.03629629629629627,0.013305555555555536,43.375,29.720238095238088
20160710_GN,31.572727273,26.486363636,81.2,31.872727273000002,78.509090909,26.031818182,30.540909091,83.527272727,25.127272726999998,30.822727273,84.859090909,25.477272727,30.286363636,87.859090909,26.168181818,28.963636364,87.790909091,26.05,26.513636364,94.195454545,23.436363636,24.654545455,94.081818182,22.031818182,0,2016-07-10,GN,7,6,10,Sunday,False,0,0,0,0,0,0,0,0,0.0,0.0,0.0,0.0,0.0,0.0,0.0,0.0,0,True,,0.006823684210526285,0.396875,0.04138492063492062,0.016031944444444408,41.391489361702135,27.219409282700425
20160710_GW,31.061111111,25.505555555999997,74.486666667,31.366666666999997,75.03888888899999,25.088888889,30.4,79.361111111,23.85,25.744444444000003,83.561111111,21.916666666999998,24.25,88.255555556,20.55,23.355555556,91.488888889,20.666666667,22.272222221999996,92.46666666700001,20.1,26.705555556,78.516666667,22.911111111,3,2016-07-10,GW,7,6,10,Sunday,False,0,0,0,0,0,0,0,0,0.0,0.0,0.0,0.0,0.0,0.0,0.0,0.0,0,True,,0.002076666666666668,0.2879166666666668,0.03919166666666664,0.008073749999999984,37.55,24.5625
20160710_IC,29.79,25.57,91.06,30.59,87.43,26.09,30.42,88.5,25.65,26.73,89.45,23.02,24.47,95.9,21.34,24.03,97.1,22.52,24.27,95.66,22.09,25.36,94.1,22.31,0,2016-07-10,IC,7,6,10,Sunday,False,0,0,0,0,0,0,0,0,0.0,0.0,0.0,0.0,0.0,0.0,0.0,0.0,0,True,,0.006511904761904744,0.3865079365079354,0.023446428571428538,0.017024583333333294,28.86666666666667,13.86969696969697
20160710_JB,31.026666666999997,25.82,79.28666666699999,32.493333333,79.146666667,26.32,32.013333333,79.333333333,25.82,30.066666667,86.40666666700001,25.08,27.94,91.333333333,24.773333333000004,30.973333333000003,80.266666667,27.1,27.96,91.353333333,24.46,23.973333333000003,93.76,21.773333333000004,1,2016-07-10,JB,7,6,10,Sunday,False,0,0,0,0,0,0,0,0,0.0,0.0,0.0,0.0,0.0,0.0,0.0,0.0,0,True,,0.004486805555555551,0.33895705521472463,0.033647435897435886,0.011899702380952342,43.00903614457832,28.21
20160710_JJ,25.55,23.95,91.0,28.65,86.05,24.95,28.4,85.65,25.95,30.55,82.6,26.5,30.75,85.9,27.1,30.45,80.75,28.0,30.35,86.55,26.95,26.9,96.4,23.45,0,2016-07-10,JJ,7,6,10,Sunday,False,0,0,0,0,0,0,0,0,0.0,0.0,0.0,0.0,0.0,0.0,0.0,0.0,0,True,,0.002385416666666668,0.28842105263157936,0.011906250000000002,0.007563541666666669,27.48809523809524,17.243902439024392
20160710_JN,28.922727273000003,25.613636364,88.318181818,31.354545455,84.272727273,26.195454545,30.304545455,85.431818182,25.890909090999997,30.268181818000002,88.131818182,25.904545455,28.854545455,93.3,26.136363636,29.277272727,90.831818182,26.527272727,27.440909090999998,94.9,24.927272727,23.013636364,95.954545455,21.577272726999997,2,2016-07-10,JN,7,6,10,Sunday,False,0,0,0,0,0,0,0,0,0.0,0.0,0.0,0.0,0.0,0.0,0.0,0.0,0,True,,0.0067071078431372175,0.4962406015037601,0.0345098039215686,0.012335049019607804,38.20460358056266,32.30316742081448
20160710_SU,33.1,27.9,64.4,32.7,64.8,27.7,32.4,66.5,27.3,28.5,71.6,24.0,26.9,74.0,22.9,24.8,93.6,23.1,24.1,85.1,21.8,26.8,70.4,23.5,7,2016-07-10,SU,7,6,10,Sunday,False,1,0,0,0,0,0,0,0,0.10000000000000142,0.0,0.0,0.0,0.0,0.0,0.0,0.0,0,True,,0.0052110389610388825,0.4408119658119648,0.027145534729878715,0.03376923076923072,36.06465517241379,21.34966216216216
20160710_US,32.3,27.0,79.6,30.1,84.5,25.4,30.5,90.0,24.6,27.7,93.4,23.4,30.0,91.0,24.3,29.9,89.3,25.6,22.8,98.0,21.1,26.0,97.9,22.3,0,2016-07-10,US,7,6,10,Sunday,False,0,0,0,0,0,0,0,0,0.0,0.0,0.0,0.0,0.0,0.0,0.0,0.0,0,True,,0.012686111111111065,0.4772222222222232,0.045741666666666674,0.023288888888888845,39.435754189944134,28.353383458646608
20160711_BS,27.0,24.7,92.3,29.3,83.6,25.4,29.0,78.6,25.6,30.4,86.6,24.9,27.6,89.9,23.7,29.2,90.6,25.0,26.1,98.3,23.5,22.1,99.1,21.0,90,2016-07-11,BS,7,0,11,Monday,False,0,0,0,0,0,0,0,0,0.0,0.0,0.0,0.0,0.0,0.0,0.0,0.0,0,False,,0.008656084656084629,0.3454094292803967,0.013380129589632802,0.02194526315789469,30.52991452991453,19.728813559322035
20160711_CB,32.626666666999995,26.646666666999998,70.92666666699999,31.966666667,69.346666667,26.246666667,32.966666667,66.72,26.653333333000003,32.766666666999996,71.793333333,26.4,29.026666666999997,82.913333333,24.94,28.546666666999997,89.9,23.893333333,29.82,85.166666667,25.306666667,23.573333333,95.18666666700001,21.233333333,38,2016-07-11,CB,7,0,11,Monday,False,0,0,0,0,0,0,0,0,0.0,0.0,0.0,0.0,0.0,0.0,0.0,0.0,0,False,,0.0029125000000000023,0.3954861111111109,0.031652777777777724,0.019111458333333317,36.07665505226481,20.37121212121212
20160711_CN,31.9375,25.94375,82.49375,31.4,81.1125,25.48125,32.3125,80.06875,26.10625,32.30625,79.26875,26.21875,28.325,90.09375,24.3625,27.5875,93.48125,23.39375,28.65625,92.7,25.18125,25.49375,97.60625,22.6,75,2016-07-11,CN,7,0,11,Monday,False,0,0,0,0,0,0,0,0,0.0,0.0,0.0,0.0,0.0,0.0,0.0,0.0,0,False,,0.005663333333333332,0.3575,0.033920833333333296,0.016740416666666647,41.19583333333333,24.08333333333333
20160711_DG,29.9,26.0,78.3,33.5,59.1,28.6,33.9,67.9,27.9,31.7,70.5,25.8,32.6,76.3,24.3,31.0,88.4,24.3,32.6,72.3,27.1,23.0,90.9,21.4,75,2016-07-11,DG,7,0,11,Monday,False,0,1,1,0,0,0,0,0,0.0,0.5,0.8999999999999986,0.0,0.0,0.0,0.0,0.0,0,False,,0.003500000000000003,0.4397163120567372,0.03608510638297871,0.01881205673758861,53.0565371024735,36.854838709677416
20160711_DJ,32.9,27.1,78.9,32.0,75.5,27.2,33.1,75.8,27.5,32.6,77.4,26.9,30.3,87.0,25.7,27.1,94.5,24.3,30.4,90.0,25.8,24.6,97.0,22.1,40,2016-07-11,DJ,7,0,11,Monday,False,0,0,1,0,0,0,0,0,0.0,0.0,0.10000000000000142,0.0,0.0,0.0,0.0,0.0,0,False,,0.0030889830508474595,0.4495762711864407,0.03066101694915252,0.018830508474576218,37.357446808510645,21.01694915254237
20160711_GB,29.9875,25.408333333,83.391666667,32.054166667,74.475,26.145833333000002,32.7125,74.4625,26.170833333,31.045833333,78.75,24.95,29.066666667,87.139130435,23.247826086999996,26.008333333000003,93.2375,22.625,30.991666666999997,82.970833333,25.1375,21.9625,96.025,20.525,62,2016-07-11,GB,7,0,11,Monday,False,0,0,0,0,0,0,0,0,0.0,0.0,0.0,0.0,0.0,0.0,0.0,0.0,0,False,,0.005623863636363624,0.5339240506329106,0.03279901960784312,0.012201262626262605,41.40147783251231,26.93296089385475
20160711_GG,33.55,27.780952381,71.14047619,32.802380952,72.302380952,26.788095238,32.695238095,71.892857143,26.878571429,32.716666667,73.311904762,26.59047619,28.247619048,79.8,23.60952381,26.880952381,84.516666667,22.40952381,25.54047619,95.807142857,23.111904761999998,23.9,91.564285714,21.79047619,229,2016-07-11,GG,7,0,11,Monday,False,1,0,0,0,0,0,0,0,0.5499999999999972,0.0,0.0,0.0,0.0,0.0,0.0,0.0,0,False,,0.005663515016685197,0.4922865013774067,0.03799434069043583,0.028649386160714368,47.3124306326304,29.935153583617748
20160711_GJ,30.1,26.5,90.5,31.2,84.8,27.4,33.8,81.3,27.8,31.5,86.3,26.6,31.8,89.9,26.6,29.4,97.4,26.5,30.9,92.6,26.9,28.2,98.0,25.7,30,2016-07-11,GJ,7,0,11,Monday,False,0,0,1,0,0,0,0,0,0.0,0.0,0.7999999999999972,0.0,0.0,0.0,0.0,0.0,0,False,,0.00282775119617225,0.4215311004784688,0.02549760765550237,0.01736842105263156,41.849056603773576,29.57926829268293
20160711_GN,27.677272727,24.827272726999997,90.77272727299999,31.572727273,81.2,26.486363636,31.872727273000002,78.509090909,26.031818182,30.540909091,83.527272727,25.127272726999998,30.822727273,84.859090909,25.477272727,30.286363636,87.859090909,26.168181818,28.963636364,87.790909091,26.05,26.513636364,94.195454545,23.436363636,81,2016-07-11,GN,7,0,11,Monday,False,0,0,0,0,0,0,0,0,0.0,0.0,0.0,0.0,0.0,0.0,0.0,0.0,0,False,,0.005882318271119804,0.3598377281947258,0.02001949317738788,0.017715399610136413,41.57231404958678,28.02991452991453
20160711_GW,31.25,25.833333333000002,75.661111111,31.061111111,74.486666667,25.505555555999997,31.366666666999997,75.03888888899999,25.088888889,30.4,79.361111111,23.85,25.744444444000003,83.561111111,21.916666666999998,24.25,88.255555556,20.55,23.355555556,91.488888889,20.666666667,22.272222221999996,92.46666666700001,20.1,39,2016-07-11,GW,7,0,11,Monday,False,0,0,0,0,0,0,0,0,0.0,0.0,0.0,0.0,0.0,0.0,0.0,0.0,0,False,,0.0018495833333333348,0.3025210084033613,0.03939166666666668,0.008878749999999989,38.125,26.957142857142852
20160711_IC,31.41,26.45,87.14,29.79,91.06,25.57,30.59,87.43,26.09,30.42,88.5,25.65,26.73,89.45,23.02,24.47,95.9,21.34,24.03,97.1,22.52,24.27,95.66,22.09,68,2016-07-11,IC,7,0,11,Monday,False,0,0,0,0,0,0,0,0,0.0,0.0,0.0,0.0,0.0,0.0,0.0,0.0,0,False,,0.009573684210526302,0.511088709677419,0.03309054325955735,0.026531120331950188,48.52566735112936,30.378125
20160711_JB,30.153333333000003,25.14,86.213333333,31.026666666999997,79.28666666699999,25.82,32.493333333,79.146666667,26.32,32.013333333,79.333333333,25.82,30.066666667,86.40666666700001,25.08,27.94,91.333333333,24.773333333000004,30.973333333000003,80.266666667,27.1,27.96,91.353333333,24.46,82,2016-07-11,JB,7,0,11,Monday,False,0,0,0,0,0,0,0,0,0.0,0.0,0.0,0.0,0.0,0.0,0.0,0.0,0,False,,0.004215960912052111,0.3345029239766085,0.029888198757763943,0.014298265895953738,39.3757225433526,27.517073170731702
20160711_JJ,24.85,23.8,95.65,25.55,91.0,23.95,28.65,86.05,24.95,28.4,85.65,25.95,30.55,82.6,26.5,30.75,85.9,27.1,30.45,80.75,28.0,30.35,86.55,26.95,15,2016-07-11,JJ,7,0,11,Monday,False,0,0,0,0,0,0,0,0,0.0,0.0,0.0,0.0,0.0,0.0,0.0,0.0,0,False,,0.0018927083333333348,0.2978947368421057,0.01089583333333334,0.006898958333333336,20.035714285714285,11.235294117647056
20160711_JN,28.409090909,25.109090909000003,90.78181818200001,28.922727273000003,88.318181818,25.613636364,31.354545455,84.272727273,26.195454545,30.304545455,85.431818182,25.890909090999997,30.268181818000002,88.131818182,25.904545455,28.854545455,93.3,26.136363636,29.277272727,90.831818182,26.527272727,27.440909090999998,94.9,24.927272727,78,2016-07-11,JN,7,0,11,Monday,False,0,0,0,0,0,0,0,0,0.0,0.0,0.0,0.0,0.0,0.0,0.0,0.0,0,False,,0.00629259259259257,0.4498765432098773,0.02069629629629626,0.013656683168316796,35.54133333333333,28.618834080717487
20160711_SU,33.4,28.4,67.4,33.1,64.4,27.9,32.7,64.8,27.7,32.4,66.5,27.3,28.5,71.6,24.0,26.9,74.0,22.9,24.8,93.6,23.1,24.1,85.1,21.8,267,2016-07-11,SU,7,0,11,Monday,False,1,1,0,0,0,0,0,0,0.3999999999999986,0.10000000000000142,0.0,0.0,0.0,0.0,0.0,0.0,0,False,,0.005332618025751002,0.5607296137339058,0.03367185761957733,0.04543025751072957,55.08794788273616,34.88984509466437
20160711_US,28.7,25.0,93.6,32.3,79.6,27.0,30.1,84.5,25.4,30.5,90.0,24.6,27.7,93.4,23.4,30.0,91.0,24.3,29.9,89.3,25.6,22.8,98.0,21.1,13,2016-07-11,US,7,0,11,Monday,False,0,0,0,0,0,0,0,0,0.0,0.0,0.0,0.0,0.0,0.0,0.0,0.0,0,False,,0.01385875706214686,0.4957627118644072,0.0188474576271186,0.025807909604519737,42.00573065902579,29.33333333333333
20160712_BS,25.2,24.0,95.8,27.0,92.3,24.7,29.3,83.6,25.4,29.0,78.6,25.6,30.4,86.6,24.9,27.6,89.9,23.7,29.2,90.6,25.0,26.1,98.3,23.5,81,2016-07-12,BS,7,1,12,Tuesday,False,0,0,0,0,0,0,0,0,0.0,0.0,0.0,0.0,0.0,0.0,0.0,0.0,0,False,,0.0063599999999999724,0.34571428571428553,0.012579831932773084,0.022175510204081598,20.448347107438018,11.317697228144992
20160712_CB,28.68,24.813333333000003,82.98,32.626666666999995,70.92666666699999,26.646666666999998,31.966666667,69.346666667,26.246666667,32.966666667,66.72,26.653333333000003,32.766666666999996,71.793333333,26.4,29.026666666999997,82.913333333,24.94,28.546666666999997,89.9,23.893333333,29.82,85.166666667,25.306666667,35,2016-07-12,CB,7,1,12,Tuesday,False,0,0,0,0,0,0,0,0,0.0,0.0,0.0,0.0,0.0,0.0,0.0,0.0,0,False,,0.0027429133858267733,0.30748031496063,0.034972440944881875,0.013401574803149584,22.173076923076927,13.465863453815262
20160712_CN,28.71875,24.875,88.38125,31.9375,82.49375,25.94375,31.4,81.1125,25.48125,32.3125,80.06875,26.10625,32.30625,79.26875,26.21875,28.325,90.09375,24.3625,27.5875,93.48125,23.39375,28.65625,92.7,25.18125,58,2016-07-12,CN,7,1,12,Tuesday,False,0,0,0,0,0,0,0,0,0.0,0.0,0.0,0.0,0.0,0.0,0.0,0.0,0,False,,0.003957983193277313,0.2756302521008404,0.03413445378151257,0.011095378151260476,32.236286919831215,21.176470588235293
20160712_DG,29.7,26.5,77.6,29.9,78.3,26.0,33.5,59.1,28.6,33.9,67.9,27.9,31.7,70.5,25.8,32.6,76.3,24.3,31.0,88.4,24.3,32.6,72.3,27.1,59,2016-07-12,DG,7,1,12,Tuesday,False,0,0,1,1,0,0,0,0,0.0,0.0,0.5,0.8999999999999986,0.0,0.0,0.0,0.0,0,False,,0.003185314685314688,0.3426573426573422,0.01715034965034961,0.015185314685314647,34.942238267148014,22.510638297872337
20160712_DJ,28.4,25.7,86.9,32.9,78.9,27.1,32.0,75.5,27.2,33.1,75.8,27.5,32.6,77.4,26.9,30.3,87.0,25.7,27.1,94.5,24.3,30.4,90.0,25.8,36,2016-07-12,DJ,7,1,12,Tuesday,False,0,0,0,1,0,0,0,0,0.0,0.0,0.0,0.10000000000000142,0.0,0.0,0.0,0.0,0,False,,0.0017692307692307703,0.34658119658119635,0.030260683760683738,0.014534188034188003,27.149572649572647,14.405172413793107
20160712_GB,29.795833333,25.379166667,86.46666666700001,29.9875,83.391666667,25.408333333,32.054166667,74.475,26.145833333000002,32.7125,74.4625,26.170833333,31.045833333,78.75,24.95,29.066666667,87.139130435,23.247826086999996,26.008333333000003,93.2375,22.625,30.991666666999997,82.970833333,25.1375,67,2016-07-12,GB,7,1,12,Tuesday,False,0,0,0,0,0,0,0,0,0.0,0.0,0.0,0.0,0.0,0.0,0.0,0.0,0,False,,0.0038909604519773906,0.4010899182561302,0.024632152588555837,0.010031062670299714,24.937853107344637,14.438356164383562
20160712_GG,30.171428571,25.611904761999998,77.021428571,33.55,71.14047619,27.780952381,32.802380952,72.302380952,26.788095238,32.695238095,71.892857143,26.878571429,32.716666667,73.311904762,26.59047619,28.247619048,79.8,23.60952381,26.880952381,84.516666667,22.40952381,25.54047619,95.807142857,23.111904761999998,204,2016-07-12,GG,7,1,12,Tuesday,False,0,1,0,0,0,0,0,0,0.0,0.5499999999999972,0.0,0.0,0.0,0.0,0.0,0.0,0,False,,0.0057094401756311655,0.4318951392681567,0.02957757644394118,0.023950081389039674,39.00662983425414,25.964412811387906
20160712_GJ,27.2,24.5,96.6,30.1,90.5,26.5,31.2,84.8,27.4,33.8,81.3,27.8,31.5,86.3,26.6,31.8,89.9,26.6,29.4,97.4,26.5,30.9,92.6,26.9,50,2016-07-12,GJ,7,1,12,Tuesday,False,0,0,0,1,0,0,0,0,0.0,0.0,0.0,0.7999999999999972,0.0,0.0,0.0,0.0,0,False,,0.0017971014492753636,0.3403846153846147,0.01932499999999997,0.015581730769230747,17.169811320754718,10.439024390243905
20160712_GN,27.154545455,24.518181818000002,91.94090909100001,27.677272727,90.77272727299999,24.827272726999997,31.572727273,81.2,26.486363636,31.872727273000002,78.509090909,26.031818182,30.540909091,83.527272727,25.127272726999998,30.822727273,84.859090909,25.477272727,30.286363636,87.859090909,26.168181818,28.963636364,87.790909091,26.05,66,2016-07-12,GN,7,1,12,Tuesday,False,0,0,0,0,0,0,0,0,0.0,0.0,0.0,0.0,0.0,0.0,0.0,0.0,0,False,,0.004382666666666642,0.2848076923076916,0.015089523809523763,0.01509541108986612,22.006147540983605,12.358407079646016
20160712_GW,26.772222221999996,23.905555556,87.577777778,31.25,75.661111111,25.833333333000002,31.061111111,74.486666667,25.505555555999997,31.366666666999997,75.03888888899999,25.088888889,30.4,79.361111111,23.85,25.744444444000003,83.561111111,21.916666666999998,24.25,88.255555556,20.55,23.355555556,91.488888889,20.666666667,56,2016-07-12,GW,7,1,12,Tuesday,False,0,0,0,0,0,0,0,0,0.0,0.0,0.0,0.0,0.0,0.0,0.0,0.0,0,False,,0.0015741228070175449,0.30087719298245635,0.032206140350877176,0.008667543859649109,33.2695652173913,25.96923076923077
20160712_IC,28.3,24.97,84.6,31.41,87.14,26.45,29.79,91.06,25.57,30.59,87.43,26.09,30.42,88.5,25.65,26.73,89.45,23.02,24.47,95.9,21.34,24.03,97.1,22.52,52,2016-07-12,IC,7,1,12,Tuesday,False,0,0,0,0,0,0,0,0,0.0,0.0,0.0,0.0,0.0,0.0,0.0,0.0,0,False,,0.008521721311475392,0.3903885480572592,0.02220491803278684,0.019895491803278684,34.45031712473573,19.924092409240924
20160712_JB,27.88,24.613333333000003,87.66,30.153333333000003,86.213333333,25.14,31.026666666999997,79.28666666699999,25.82,32.493333333,79.146666667,26.32,32.013333333,79.333333333,25.82,30.066666667,86.40666666700001,25.08,27.94,91.333333333,24.773333333000004,30.973333333000003,80.266666667,27.1,78,2016-07-12,JB,7,1,12,Tuesday,False,0,0,0,0,0,0,0,0,0.0,0.0,0.0,0.0,0.0,0.0,0.0,0.0,0,False,,0.003296978851963748,0.3205633802816897,0.026223564954682758,0.011009014084507015,27.96358543417367,18.72330097087379
20160712_JJ,26.35,24.7,97.0,24.85,95.65,23.8,25.55,91.0,23.95,28.65,86.05,24.95,28.4,85.65,25.95,30.55,82.6,26.5,30.75,85.9,27.1,30.45,80.75,28.0,15,2016-07-12,JJ,7,1,12,Tuesday,False,0,0,0,0,0,0,0,0,0.0,0.0,0.0,0.0,0.0,0.0,0.0,0.0,0,False,,0.0017270833333333374,0.3084210526315793,0.01949999999999999,0.007304166666666673,18.593023255813954,8.276315789473685
20160712_JN,25.513636364,23.668181818,94.98636363600001,28.409090909,90.78181818200001,25.109090909000003,28.922727273000003,88.318181818,25.613636364,31.354545455,84.272727273,26.195454545,30.304545455,85.431818182,25.890909090999997,30.268181818000002,88.131818182,25.904545455,28.854545455,93.3,26.136363636,29.277272727,90.831818182,26.527272727,66,2016-07-12,JN,7,1,12,Tuesday,False,0,0,0,0,0,0,0,0,0.0,0.0,0.0,0.0,0.0,0.0,0.0,0.0,0,False,,0.003912499999999993,0.3549019607843128,0.020198529411764685,0.010602696078431345,18.373655913978496,13.510729613733904
20160712_SU,30.9,26.3,65.5,33.4,67.4,28.4,33.1,64.4,27.9,32.7,64.8,27.7,32.4,66.5,27.3,28.5,71.6,24.0,26.9,74.0,22.9,24.8,93.6,23.1,269,2016-07-12,SU,7,1,12,Tuesday,False,0,1,1,0,0,0,0,0,0.0,0.3999999999999986,0.10000000000000142,0.0,0.0,0.0,0.0,0.0,0,False,,0.0060258064516128355,0.4609071274298043,0.02437485714285714,0.03647419354838709,41.06514657980456,27.706194690265487
20160712_US,28.9,25.4,92.8,28.7,93.6,25.0,32.3,79.6,27.0,30.1,84.5,25.4,30.5,90.0,24.6,27.7,93.4,23.4,30.0,91.0,24.3,29.9,89.3,25.6,12,2016-07-12,US,7,1,12,Tuesday,False,0,0,0,0,0,0,0,0,0.0,0.0,0.0,0.0,0.0,0.0,0.0,0.0,0,False,,0.0100196078431372,0.4215686274509804,0.011672268907562995,0.02104761904761901,24.597701149425287,13.1869918699187
20160713_BS,29.5,25.9,86.5,25.2,95.8,24.0,27.0,92.3,24.7,29.3,83.6,25.4,29.0,78.6,25.6,30.4,86.6,24.9,27.6,89.9,23.7,29.2,90.6,25.0,72,2016-07-13,BS,7,2,13,Wednesday,False,0,0,0,0,0,0,0,0,0.0,0.0,0.0,0.0,0.0,0.0,0.0,0.0,0,False,,0.006345088161209053,0.433254156769597,0.02977484787018252,0.027146044624746436,36.33119658119658,23.110416666666666
20160713_CB,29.753333333,25.48,71.833333333,28.68,82.98,24.813333333000003,32.626666666999995,70.92666666699999,26.646666666999998,31.966666667,69.346666667,26.246666667,32.966666667,66.72,26.653333333000003,32.766666666999996,71.793333333,26.4,29.026666666999997,82.913333333,24.94,28.546666666999997,89.9,23.893333333,27,2016-07-13,CB,7,2,13,Wednesday,False,0,0,0,0,0,0,0,0,0.0,0.0,0.0,0.0,0.0,0.0,0.0,0.0,0,False,,0.004438461538461535,0.3788461538461535,0.029246153846153814,0.019026538461538442,38.14230769230769,25.108
20160713_CN,29.76875,24.98125,84.36875,28.71875,88.38125,24.875,31.9375,82.49375,25.94375,31.4,81.1125,25.48125,32.3125,80.06875,26.10625,32.30625,79.26875,26.21875,28.325,90.09375,24.3625,27.5875,93.48125,23.39375,58,2016-07-13,CN,7,2,13,Wednesday,False,0,0,0,0,0,0,0,0,0.0,0.0,0.0,0.0,0.0,0.0,0.0,0.0,0,False,,0.005423305084745757,0.2817796610169489,0.02223728813559318,0.014574999999999982,27.9017094017094,18.267605633802816
20160713_DG,32.4,28.1,65.4,29.7,77.6,26.5,29.9,78.3,26.0,33.5,59.1,28.6,33.9,67.9,27.9,31.7,70.5,25.8,32.6,76.3,24.3,31.0,88.4,24.3,77,2016-07-13,DG,7,2,13,Wednesday,False,0,0,0,1,1,0,0,0,0.0,0.0,0.0,0.5,0.8999999999999986,0.0,0.0,0.0,0,False,,0.002640845070422537,0.3387323943661973,0.0421859649122807,0.015422535211267581,38.784946236559136,26.259459459459464
20160713_DJ,30.4,26.3,79.3,28.4,86.9,25.7,32.9,78.9,27.1,32.0,75.5,27.2,33.1,75.8,27.5,32.6,77.4,26.9,30.3,87.0,25.7,27.1,94.5,24.3,27,2016-07-13,DJ,7,2,13,Wednesday,False,0,0,0,0,1,0,0,0,0.0,0.0,0.0,0.0,0.10000000000000142,0.0,0.0,0.0,0,False,,0.003733333333333336,0.4137500000000007,0.03370416666666664,0.01697083333333332,38.85,22.141666666666666
20160713_GB,30.879166667,26.333333333000002,75.31666666699999,29.795833333,86.46666666700001,25.379166667,29.9875,83.391666667,25.408333333,32.054166667,74.475,26.145833333000002,32.7125,74.4625,26.170833333,31.045833333,78.75,24.95,29.066666667,87.139130435,23.247826086999996,26.008333333000003,93.2375,22.625,62,2016-07-13,GB,7,2,13,Wednesday,False,0,0,0,0,0,0,0,0,0.0,0.0,0.0,0.0,0.0,0.0,0.0,0.0,0,False,,0.00355184275184274,0.44117647058823495,0.039740196078431364,0.010343872549019577,34.555837563451774,20.787709497206702
20160713_GG,29.292857143000003,25.535714285999997,77.488095238,30.171428571,77.021428571,25.611904761999998,33.55,71.14047619,27.780952381,32.802380952,72.302380952,26.788095238,32.695238095,71.892857143,26.878571429,32.716666667,73.311904762,26.59047619,28.247619048,79.8,23.60952381,26.880952381,84.516666667,22.40952381,209,2016-07-13,GG,7,2,13,Wednesday,False,0,0,1,0,0,0,0,0,0.0,0.0,0.5499999999999972,0.0,0.0,0.0,0.0,0.0,0,False,,0.0040810622317595975,0.3698317959848079,0.015185332575326857,0.021530474649406738,30.923076923076927,17.948504983388702
20160713_GJ,31.2,26.6,85.9,27.2,96.6,24.5,30.1,90.5,26.5,31.2,84.8,27.4,33.8,81.3,27.8,31.5,86.3,26.6,31.8,89.9,26.6,29.4,97.4,26.5,31,2016-07-13,GJ,7,2,13,Wednesday,False,0,0,0,0,1,0,0,0,0.0,0.0,0.0,0.0,0.7999999999999972,0.0,0.0,0.0,0,False,,0.0019811320754717,0.38113207547169736,0.027788944723618064,0.017292452830188657,21.2688679245283,12.180722891566264
20160713_GN,30.763636364,26.336363635999998,84.25,27.154545455,91.94090909100001,24.518181818000002,27.677272727,90.77272727299999,24.827272726999997,31.572727273,81.2,26.486363636,31.872727273000002,78.509090909,26.031818182,30.540909091,83.527272727,25.127272726999998,30.822727273,84.859090909,25.477272727,30.286363636,87.859090909,26.168181818,56,2016-07-13,GN,7,2,13,Wednesday,False,0,0,0,0,0,0,0,0,0.0,0.0,0.0,0.0,0.0,0.0,0.0,0.0,0,False,,0.004766666666666644,0.39575289575289696,0.0327027027027027,0.016783976833976796,33.18613861386139,18.220779220779217
20160713_GW,28.511111110999998,24.572222221999997,80.427777778,26.772222221999996,87.577777778,23.905555556,31.25,75.661111111,25.833333333000002,31.061111111,74.486666667,25.505555555999997,31.366666666999997,75.03888888899999,25.088888889,30.4,79.361111111,23.85,25.744444444000003,83.561111111,21.916666666999998,24.25,88.255555556,20.55,39,2016-07-13,GW,7,2,13,Wednesday,False,0,0,0,0,0,0,0,0,0.0,0.0,0.0,0.0,0.0,0.0,0.0,0.0,0,False,,0.001744104803493452,0.3545851528384285,0.02703930131004365,0.00982008733624453,33.55021834061135,23.46564885496183
20160713_IC,27.29,24.69,95.11,28.3,84.6,24.97,31.41,87.14,26.45,29.79,91.06,25.57,30.59,87.43,26.09,30.42,88.5,25.65,26.73,89.45,23.02,24.47,95.9,21.34,45,2016-07-13,IC,7,2,13,Wednesday,False,0,0,0,0,0,0,0,0,0.0,0.0,0.0,0.0,0.0,0.0,0.0,0.0,0,False,,0.005329411764705868,0.32668067226890635,0.017246835443037924,0.014174050632911363,28.955654101995567,14.436305732484074
20160713_JB,30.026666666999997,25.3,83.18,27.88,87.66,24.613333333000003,30.153333333000003,86.213333333,25.14,31.026666666999997,79.28666666699999,25.82,32.493333333,79.146666667,26.32,32.013333333,79.333333333,25.82,30.066666667,86.40666666700001,25.08,27.94,91.333333333,24.773333333000004,91,2016-07-13,JB,7,2,13,Wednesday,False,0,0,0,0,0,0,0,0,0.0,0.0,0.0,0.0,0.0,0.0,0.0,0.0,0,False,,0.004243710691823898,0.3704477611940298,0.030626582278480963,0.012697653958944255,39.36443148688047,27.382653061224488
20160713_JJ,28.6,25.9,95.75,26.35,97.0,24.7,24.85,95.65,23.8,25.55,91.0,23.95,28.65,86.05,24.95,28.4,85.65,25.95,30.55,82.6,26.5,30.75,85.9,27.1,14,2016-07-13,JJ,7,2,13,Wednesday,False,0,0,0,0,0,0,0,0,0.0,0.0,0.0,0.0,0.0,0.0,0.0,0.0,0,False,,0.0015791666666666706,0.33516483516483525,0.023708333333333314,0.0054625,33.96629213483146,20.577464788732396
20160713_JN,29.472727273,25.618181818000004,88.26818181799999,25.513636364,94.98636363600001,23.668181818,28.409090909,90.78181818200001,25.109090909000003,28.922727273000003,88.318181818,25.613636364,31.354545455,84.272727273,26.195454545,30.304545455,85.431818182,25.890909090999997,30.268181818000002,88.131818182,25.904545455,28.854545455,93.3,26.136363636,60,2016-07-13,JN,7,2,13,Wednesday,False,0,0,0,0,0,0,0,0,0.0,0.0,0.0,0.0,0.0,0.0,0.0,0.0,0,False,,0.004835749999999984,0.4332499999999994,0.02379699248120298,0.011574249999999954,20.084656084656086,12.921739130434782
20160713_SU,29.5,26.3,69.0,30.9,65.5,26.3,33.4,67.4,28.4,33.1,64.4,27.9,32.7,64.8,27.7,32.4,66.5,27.3,28.5,71.6,24.0,26.9,74.0,22.9,245,2016-07-13,SU,7,2,13,Wednesday,False,0,0,1,1,0,0,0,0,0.0,0.0,0.3999999999999986,0.10000000000000142,0.0,0.0,0.0,0.0,0,False,,0.00482548179871514,0.3673936750272636,0.012040261153427613,0.029759100642398274,32.18365061590145,17.072413793103447
20160713_US,30.9,26.7,83.8,28.9,92.8,25.4,28.7,93.6,25.0,32.3,79.6,27.0,30.1,84.5,25.4,30.5,90.0,24.6,27.7,93.4,23.4,30.0,91.0,24.3,12,2016-07-13,US,7,2,13,Wednesday,False,0,0,0,0,0,0,0,0,0.0,0.0,0.0,0.0,0.0,0.0,0.0,0.0,0,False,,0.00924507042253515,0.5033898305084756,0.03239436619718305,0.030943661971830974,38.5056179775281,26.580645161290327
20160714_BS,31.9,26.2,72.1,29.5,86.5,25.9,25.2,95.8,24.0,27.0,92.3,24.7,29.3,83.6,25.4,29.0,78.6,25.6,30.4,86.6,24.9,27.6,89.9,23.7,88,2016-07-14,BS,7,3,14,Thursday,False,0,0,0,0,0,0,0,0,0.0,0.0,0.0,0.0,0.0,0.0,0.0,0.0,0,False,,0.005002463054187172,0.447441860465117,0.036980079681274855,0.02042629482071709,45.54752066115702,30.17142857142857
20160714_CB,29.86,24.68,72.93333333300001,29.753333333,71.833333333,25.48,28.68,82.98,24.813333333000003,32.626666666999995,70.92666666699999,26.646666666999998,31.966666667,69.346666667,26.246666667,32.966666667,66.72,26.653333333000003,32.766666666999996,71.793333333,26.4,29.026666666999997,82.913333333,24.94,34,2016-07-14,CB,7,3,14,Thursday,False,0,0,0,0,0,0,0,0,0.0,0.0,0.0,0.0,0.0,0.0,0.0,0.0,0,False,,0.0033607638888888914,0.3065972222222224,0.02573263888888886,0.01630798611111109,23.010526315789477,12.352272727272727
20160714_CN,30.0875,25.2,81.9,29.76875,84.36875,24.98125,28.71875,88.38125,24.875,31.9375,82.49375,25.94375,31.4,81.1125,25.48125,32.3125,80.06875,26.10625,32.30625,79.26875,26.21875,28.325,90.09375,24.3625,53,2016-07-14,CN,7,3,14,Thursday,False,0,0,0,0,0,0,0,0,0.0,0.0,0.0,0.0,0.0,0.0,0.0,0.0,0,False,,0.003658723404255321,0.2974468085106381,0.04042127659574467,0.01323531914893616,28.38793103448276,17.115942028985508
20160714_DG,32.3,26.0,66.6,32.4,65.4,28.1,29.7,77.6,26.5,29.9,78.3,26.0,33.5,59.1,28.6,33.9,67.9,27.9,31.7,70.5,25.8,32.6,76.3,24.3,58,2016-07-14,DG,7,3,14,Thursday,False,0,0,0,0,1,1,0,0,0.0,0.0,0.0,0.0,0.5,0.8999999999999986,0.0,0.0,0,False,,0.002478873239436621,0.27676056338028204,0.031235915492957737,0.015007042253521109,34.1423487544484,23.0
20160714_DJ,31.0,26.1,77.0,30.4,79.3,26.3,28.4,86.9,25.7,32.9,78.9,27.1,32.0,75.5,27.2,33.1,75.8,27.5,32.6,77.4,26.9,30.3,87.0,25.7,32,2016-07-14,DJ,7,3,14,Thursday,False,0,0,0,0,0,1,0,0,0.0,0.0,0.0,0.0,0.0,0.10000000000000142,0.0,0.0,0,False,,0.002191666666666668,0.3787499999999999,0.03467499999999997,0.013579831932773076,25.625531914893614,14.15
20160714_GB,29.045833333,24.025,77.75416666699999,30.879166667,75.31666666699999,26.333333333000002,29.795833333,86.46666666700001,25.379166667,29.9875,83.391666667,25.408333333,32.054166667,74.475,26.145833333000002,32.7125,74.4625,26.170833333,31.045833333,78.75,24.95,29.066666667,87.139130435,23.247826086999996,62,2016-07-14,GB,7,3,14,Thursday,False,0,0,0,0,0,0,0,0,0.0,0.0,0.0,0.0,0.0,0.0,0.0,0.0,0,False,,0.004591794871794855,0.39160305343511415,0.031927318295739325,0.010002756892230551,26.621483375959077,15.916666666666664
20160714_GG,31.361904761999998,26.538095238,74.016666667,29.292857143000003,77.488095238,25.535714285999997,30.171428571,77.021428571,25.611904761999998,33.55,71.14047619,27.780952381,32.802380952,72.302380952,26.788095238,32.695238095,71.892857143,26.878571429,32.716666667,73.311904762,26.59047619,28.247619048,79.8,23.60952381,205,2016-07-14,GG,7,3,14,Thursday,False,0,0,0,1,0,0,0,0,0.0,0.0,0.0,0.5499999999999972,0.0,0.0,0.0,0.0,0,False,,0.003466827180310281,0.3715059588299024,0.031199549041713688,0.01953216245883653,30.908546543277087,17.20486111111111
20160714_GJ,30.2,25.8,80.3,31.2,85.9,26.6,27.2,96.6,24.5,30.1,90.5,26.5,31.2,84.8,27.4,33.8,81.3,27.8,31.5,86.3,26.6,31.8,89.9,26.6,36,2016-07-14,GJ,7,3,14,Thursday,False,0,0,0,0,0,1,0,0,0.0,0.0,0.0,0.0,0.0,0.7999999999999972,0.0,0.0,0,False,,0.002032407407407409,0.3648148148148142,0.030662037037037005,0.015490740740740718,21.11111111111111,12.886904761904766
20160714_GN,32.690909091,26.6,73.427272727,30.763636364,84.25,26.336363635999998,27.154545455,91.94090909100001,24.518181818000002,27.677272727,90.77272727299999,24.827272726999997,31.572727273,81.2,26.486363636,31.872727273000002,78.509090909,26.031818182,30.540909091,83.527272727,25.127272726999998,30.822727273,84.859090909,25.477272727,53,2016-07-14,GN,7,3,14,Thursday,False,0,0,0,0,0,0,0,0,0.0,0.0,0.0,0.0,0.0,0.0,0.0,0.0,0,False,,0.00406016260162599,0.4194831013916512,0.03219681908548705,0.015104008016032034,43.55416666666667,25.655172413793107
20160714_GW,28.188888889,23.922222222,76.883333333,28.511111110999998,80.427777778,24.572222221999997,26.772222221999996,87.577777778,23.905555556,31.25,75.661111111,25.833333333000002,31.061111111,74.486666667,25.505555555999997,31.366666666999997,75.03888888899999,25.088888889,30.4,79.361111111,23.85,25.744444444000003,83.561111111,21.916666666999998,26,2016-07-14,GW,7,3,14,Thursday,False,0,0,0,0,0,0,0,0,0.0,0.0,0.0,0.0,0.0,0.0,0.0,0.0,0,False,,0.001619915254237291,0.34237288135593225,0.02790254237288132,0.00879025423728812,23.631355932203395,14.82442748091603
20160714_IC,29.53,25.9,88.25,27.29,95.11,24.69,28.3,84.6,24.97,31.41,87.14,26.45,29.79,91.06,25.57,30.59,87.43,26.09,30.42,88.5,25.65,26.73,89.45,23.02,40,2016-07-14,IC,7,3,14,Thursday,False,0,0,0,0,0,0,0,0,0.0,0.0,0.0,0.0,0.0,0.0,0.0,0.0,0,False,,0.005404123711340194,0.3678350515463905,0.03093995859213253,0.01701134020618555,33.0974025974026,15.109756097560975
20160714_JB,29.266666667,24.82,79.006666667,30.026666666999997,83.18,25.3,27.88,87.66,24.613333333000003,30.153333333000003,86.213333333,25.14,31.026666666999997,79.28666666699999,25.82,32.493333333,79.146666667,26.32,32.013333333,79.333333333,25.82,30.066666667,86.40666666700001,25.08,78,2016-07-14,JB,7,3,14,Thursday,False,0,0,0,0,0,0,0,0,0.0,0.0,0.0,0.0,0.0,0.0,0.0,0.0,0,False,,0.003960307692307684,0.31150442477876034,0.0383667711598746,0.0106676470588235,26.017543859649123,15.323383084577115
20160714_JJ,28.75,25.35,85.9,28.6,95.75,25.9,26.35,97.0,24.7,24.85,95.65,23.8,25.55,91.0,23.95,28.65,86.05,24.95,28.4,85.65,25.95,30.55,82.6,26.5,12,2016-07-14,JJ,7,3,14,Thursday,False,0,0,0,0,0,0,0,0,0.0,0.0,0.0,0.0,0.0,0.0,0.0,0.0,0,False,,0.0014968750000000034,0.30421052631578993,0.03090625,0.004639583333333337,28.077777777777783,16.55294117647059
20160714_JN,29.718181818,25.318181818000003,80.722727273,29.472727273,88.26818181799999,25.618181818000004,25.513636364,94.98636363600001,23.668181818,28.409090909,90.78181818200001,25.109090909000003,28.922727273000003,88.318181818,25.613636364,31.354545455,84.272727273,26.195454545,30.304545455,85.431818182,25.890909090999997,30.268181818000002,88.131818182,25.904545455,65,2016-07-14,JN,7,3,14,Thursday,False,0,0,0,0,0,0,0,0,0.0,0.0,0.0,0.0,0.0,0.0,0.0,0.0,0,False,,0.00410307692307692,0.32583120204603633,0.03866751918158568,0.007969250645994798,25.346560846560852,19.44186046511628
20160714_SU,32.4,27.5,66.9,29.5,69.0,26.3,30.9,65.5,26.3,33.4,67.4,28.4,33.1,64.4,27.9,32.7,64.8,27.7,32.4,66.5,27.3,28.5,71.6,24.0,246,2016-07-14,SU,7,3,14,Thursday,False,0,0,0,1,1,0,0,0,0.0,0.0,0.0,0.3999999999999986,0.10000000000000142,0.0,0.0,0.0,0,False,,0.004454838709677394,0.3924424972617744,0.02529354838709673,0.03097741935483866,31.408277404921698,17.721649484536083
20160714_US,30.6,25.1,78.4,30.9,83.8,26.7,28.9,92.8,25.4,28.7,93.6,25.0,32.3,79.6,27.0,30.1,84.5,25.4,30.5,90.0,24.6,27.7,93.4,23.4,7,2016-07-14,US,7,3,14,Thursday,False,0,0,0,0,0,0,0,0,0.0,0.0,0.0,0.0,0.0,0.0,0.0,0.0,0,False,,0.005556818181818176,0.4690340909090922,0.0327926136363636,0.018082386363636332,36.39142857142857,23.457142857142852
20160715_BS,27.6,24.4,70.3,31.9,72.1,26.2,29.5,86.5,25.9,25.2,95.8,24.0,27.0,92.3,24.7,29.3,83.6,25.4,29.0,78.6,25.6,30.4,86.6,24.9,83,2016-07-15,BS,7,4,15,Friday,False,0,0,0,0,0,0,0,0,0.0,0.0,0.0,0.0,0.0,0.0,0.0,0.0,0,False,,0.005064837905236883,0.3625882352941183,0.030324380165289207,0.015318548387096741,23.765182186234817,11.717842323651452
20160715_CB,29.293333333000003,24.733333333,64.653333333,29.86,72.93333333300001,24.68,29.753333333,71.833333333,25.48,28.68,82.98,24.813333333000003,32.626666666999995,70.92666666699999,26.646666666999998,31.966666667,69.346666667,26.246666667,32.966666667,66.72,26.653333333000003,32.766666666999996,71.793333333,26.4,32,2016-07-15,CB,7,4,15,Friday,False,0,0,0,0,0,0,0,0,0.0,0.0,0.0,0.0,0.0,0.0,0.0,0.0,0,False,,0.0024503597122302176,0.30575539568345345,0.02549640287769784,0.014049280575539523,14.985765124555162,4.731060606060606
20160715_CN,29.25625,25.325,76.2625,30.0875,81.9,25.2,29.76875,84.36875,24.98125,28.71875,88.38125,24.875,31.9375,82.49375,25.94375,31.4,81.1125,25.48125,32.3125,80.06875,26.10625,32.30625,79.26875,26.21875,58,2016-07-15,CN,7,4,15,Friday,False,0,0,0,0,0,0,0,0,0.0,0.0,0.0,0.0,0.0,0.0,0.0,0.0,0,False,,0.002355000000000002,0.3366666666666665,0.0349833333333333,0.014247083333333316,24.591666666666665,11.708333333333336
20160715_DG,29.8,24.3,67.5,32.3,66.6,26.0,32.4,65.4,28.1,29.7,77.6,26.5,29.9,78.3,26.0,33.5,59.1,28.6,33.9,67.9,27.9,31.7,70.5,25.8,59,2016-07-15,DG,7,4,15,Friday,False,0,0,0,0,0,1,1,0,0.0,0.0,0.0,0.0,0.0,0.5,0.8999999999999986,0.0,0,False,,0.002380281690140847,0.23626760563380286,0.027894366197183086,0.011658450704225323,17.757142857142856,9.227777777777778
20160715_DJ,30.0,25.9,71.6,31.0,77.0,26.1,30.4,79.3,26.3,28.4,86.9,25.7,32.9,78.9,27.1,32.0,75.5,27.2,33.1,75.8,27.5,32.6,77.4,26.9,43,2016-07-15,DJ,7,4,15,Friday,False,0,0,0,0,0,0,1,0,0.0,0.0,0.0,0.0,0.0,0.0,0.10000000000000142,0.0,0,False,,0.0020250000000000016,0.4162499999999999,0.03368749999999998,0.01373799126637552,14.075,5.225
20160715_GB,28.0875,23.325,73.845833333,29.045833333,77.75416666699999,24.025,30.879166667,75.31666666699999,26.333333333000002,29.795833333,86.46666666700001,25.379166667,29.9875,83.391666667,25.408333333,32.054166667,74.475,26.145833333000002,32.7125,74.4625,26.170833333,31.045833333,78.75,24.95,68,2016-07-15,GB,7,4,15,Friday,False,0,0,0,0,0,0,0,0,0.0,0.0,0.0,0.0,0.0,0.0,0.0,0.0,0,False,,0.004104687499999984,0.3768261964735509,0.02580653266331653,0.008761557788944703,18.106598984771573,7.179775280898878
20160715_GG,28.897619048000003,25.711904762,65.383333333,31.361904761999998,74.016666667,26.538095238,29.292857143000003,77.488095238,25.535714285999997,30.171428571,77.021428571,25.611904761999998,33.55,71.14047619,27.780952381,32.802380952,72.302380952,26.788095238,32.695238095,71.892857143,26.878571429,32.716666667,73.311904762,26.59047619,178,2016-07-15,GG,7,4,15,Friday,False,0,0,0,0,1,0,0,0,0.0,0.0,0.0,0.0,0.5499999999999972,0.0,0.0,0.0,0,False,,0.002921041445270936,0.3639247311827947,0.02711814109742439,0.02069651226158045,21.647183846971306,10.871237458193981
20160715_GJ,30.9,26.0,74.9,30.2,80.3,25.8,31.2,85.9,26.6,27.2,96.6,24.5,30.1,90.5,26.5,31.2,84.8,27.4,33.8,81.3,27.8,31.5,86.3,26.6,32,2016-07-15,GJ,7,4,15,Friday,False,0,0,0,0,0,0,1,0,0.0,0.0,0.0,0.0,0.0,0.0,0.7999999999999972,0.0,0,False,,0.003171296296296299,0.43611111111111134,0.037865740740740735,0.016962962962962944,24.74537037037037,14.666666666666664
20160715_GN,29.595454545,25.109090909000003,70.213636364,32.690909091,73.427272727,26.6,30.763636364,84.25,26.336363635999998,27.154545455,91.94090909100001,24.518181818000002,27.677272727,90.77272727299999,24.827272726999997,31.572727273,81.2,26.486363636,31.872727273000002,78.509090909,26.031818182,30.540909091,83.527272727,25.127272726999998,63,2016-07-15,GN,7,4,15,Friday,False,0,0,0,0,0,0,0,0,0.0,0.0,0.0,0.0,0.0,0.0,0.0,0.0,0,False,,0.004824899598393545,0.3242971887550212,0.033740890688259084,0.01364979919678712,27.232604373757447,13.331932773109246
20160715_GW,27.7,23.344444444,71.133333333,28.188888889,76.883333333,23.922222222,28.511111110999998,80.427777778,24.572222221999997,26.772222221999996,87.577777778,23.905555556,31.25,75.661111111,25.833333333000002,31.061111111,74.486666667,25.505555555999997,31.366666666999997,75.03888888899999,25.088888889,30.4,79.361111111,23.85,45,2016-07-15,GW,7,4,15,Friday,False,0,0,0,0,0,0,0,0,0.0,0.0,0.0,0.0,0.0,0.0,0.0,0.0,0,False,,0.0014864035087719311,0.32324561403508745,0.02496929824561401,0.007661261261261251,21.374468085106386,11.6
20160715_IC,28.29,25.57,77.61,29.53,88.25,25.9,27.29,95.11,24.69,28.3,84.6,24.97,31.41,87.14,26.45,29.79,91.06,25.57,30.59,87.43,26.09,30.42,88.5,25.65,46,2016-07-15,IC,7,4,15,Friday,False,0,0,0,0,0,0,0,0,0.0,0.0,0.0,0.0,0.0,0.0,0.0,0.0,0,False,,0.004591546391752547,0.3621900826446275,0.02504526748971191,0.024649278350515443,27.405010438413356,10.990033222591364
20160715_JB,30.453333333000003,25.526666666999997,72.806666667,29.266666667,79.006666667,24.82,30.026666666999997,83.18,25.3,27.88,87.66,24.613333333000003,30.153333333000003,86.213333333,25.14,31.026666666999997,79.28666666699999,25.82,32.493333333,79.146666667,26.32,32.013333333,79.333333333,25.82,78,2016-07-15,JB,7,4,15,Friday,False,0,0,0,0,0,0,0,0,0.0,0.0,0.0,0.0,0.0,0.0,0.0,0.0,0,False,,0.003645125348189411,0.38133704735376095,0.03535416666666664,0.01306796657381613,27.92757660167131,16.232142857142858
20160715_JJ,28.95,25.45,80.0,28.75,85.9,25.35,28.6,95.75,25.9,26.35,97.0,24.7,24.85,95.65,23.8,25.55,91.0,23.95,28.65,86.05,24.95,28.4,85.65,25.95,14,2016-07-15,JJ,7,4,15,Friday,False,0,0,0,0,0,0,0,0,0.0,0.0,0.0,0.0,0.0,0.0,0.0,0.0,0,False,,0.0015000000000000011,0.2947368421052635,0.03211458333333332,0.0055437500000000035,27.873684210526317,14.053191489361698
20160715_JN,28.840909091,24.877272726999998,76.840909091,29.718181818,80.722727273,25.318181818000003,29.472727273,88.26818181799999,25.618181818000004,25.513636364,94.98636363600001,23.668181818,28.409090909,90.78181818200001,25.109090909000003,28.922727273000003,88.318181818,25.613636364,31.354545455,84.272727273,26.195454545,30.304545455,85.431818182,25.890909090999997,48,2016-07-15,JN,7,4,15,Friday,False,0,0,0,0,0,0,0,0,0.0,0.0,0.0,0.0,0.0,0.0,0.0,0.0,0,False,,0.006641012658227822,0.3558080808080813,0.035419191919191885,0.012160353535353514,23.1747311827957,14.666666666666664
20160715_SU,29.2,26.2,60.0,32.4,66.9,27.5,29.5,69.0,26.3,30.9,65.5,26.3,33.4,67.4,28.4,33.1,64.4,27.9,32.7,64.8,27.7,32.4,66.5,27.3,225,2016-07-15,SU,7,4,15,Friday,False,0,0,0,0,1,1,0,0,0.0,0.0,0.0,0.0,0.3999999999999986,0.10000000000000142,0.0,0.0,0,False,,0.004176598049837479,0.3852334419109682,0.02269989165763811,0.02853087757313104,21.50890868596882,10.095890410958903
20160715_US,27.1,23.1,81.8,30.6,78.4,25.1,30.9,83.8,26.7,28.9,92.8,25.4,28.7,93.6,25.0,32.3,79.6,27.0,30.1,84.5,25.4,30.5,90.0,24.6,13,2016-07-15,US,7,4,15,Friday,False,0,0,0,0,0,0,0,0,0.0,0.0,0.0,0.0,0.0,0.0,0.0,0.0,0,False,,0.006145251396648014,0.3745810055865929,0.026511173184357518,0.01546648044692734,19.757062146892654,8.810218978102188
20160716_BS,24.3,23.0,91.9,27.6,70.3,24.4,31.9,72.1,26.2,29.5,86.5,25.9,25.2,95.8,24.0,27.0,92.3,24.7,29.3,83.6,25.4,29.0,78.6,25.6,19,2016-07-16,BS,7,5,16,Saturday,False,0,0,0,0,0,0,0,0,0.0,0.0,0.0,0.0,0.0,0.0,0.0,0.0,0,True,,0.004117936117936103,0.3509259259259259,0.019740079365079297,0.01747619047619043,22.869047619047624,12.561507936507935
20160716_CB,23.186666666999997,21.213333332999998,88.56,29.293333333000003,64.653333333,24.733333333,29.86,72.93333333300001,24.68,29.753333333,71.833333333,25.48,28.68,82.98,24.813333333000003,32.626666666999995,70.92666666699999,26.646666666999998,31.966666667,69.346666667,26.246666667,32.966666667,66.72,26.653333333000003,8,2016-07-16,CB,7,5,16,Saturday,False,0,0,0,0,0,0,0,0,0.0,0.0,0.0,0.0,0.0,0.0,0.0,0.0,0,True,,0.002216666666666668,0.29270833333333424,0.02107638888888885,0.011115624999999971,9.804878048780488,3.685606060606061
20160716_CN,24.71875,21.975,94.4625,29.25625,76.2625,25.325,30.0875,81.9,25.2,29.76875,84.36875,24.98125,28.71875,88.38125,24.875,31.9375,82.49375,25.94375,31.4,81.1125,25.48125,32.3125,80.06875,26.10625,14,2016-07-16,CN,7,5,16,Saturday,False,0,0,0,0,0,0,0,0,0.0,0.0,0.0,0.0,0.0,0.0,0.0,0.0,0,True,,0.0014175000000000001,0.33833333333333315,0.031666666666666635,0.00733708333333333,15.604166666666664,8.823529411764708
20160716_DG,22.8,22.1,84.4,29.8,67.5,24.3,32.3,66.6,26.0,32.4,65.4,28.1,29.7,77.6,26.5,29.9,78.3,26.0,33.5,59.1,28.6,33.9,67.9,27.9,11,2016-07-16,DG,7,5,16,Saturday,False,0,0,0,0,0,0,1,1,0.0,0.0,0.0,0.0,0.0,0.0,0.5,0.8999999999999986,0,True,,0.002187500000000001,0.2545138888888888,0.015211805555555513,0.013006944444444416,22.833922261484094,12.903225806451614
20160716_DJ,24.5,22.1,92.4,30.0,71.6,25.9,31.0,77.0,26.1,30.4,79.3,26.3,28.4,86.9,25.7,32.9,78.9,27.1,32.0,75.5,27.2,33.1,75.8,27.5,13,2016-07-16,DJ,7,5,16,Saturday,False,0,0,0,0,0,0,0,1,0.0,0.0,0.0,0.0,0.0,0.0,0.0,0.10000000000000142,0,True,,0.0017958333333333344,0.4604166666666665,0.026445833333333314,0.01073749999999998,14.508333333333333,5.333333333333333
20160716_GB,22.2625,20.945833333,93.416666667,28.0875,73.845833333,23.325,29.045833333,77.75416666699999,24.025,30.879166667,75.31666666699999,26.333333333000002,29.795833333,86.46666666700001,25.379166667,29.9875,83.391666667,25.408333333,32.054166667,74.475,26.145833333000002,32.7125,74.4625,26.170833333,15,2016-07-16,GB,7,5,16,Saturday,False,0,0,0,0,0,0,0,0,0.0,0.0,0.0,0.0,0.0,0.0,0.0,0.0,0,True,,0.0032219948849104762,0.3580882352941169,0.020563725490196062,0.008144607843137232,16.65897435897436,8.115384615384615
20160716_GG,23.371428571,20.911904762,95.48809523799999,28.897619048000003,65.383333333,25.711904762,31.361904761999998,74.016666667,26.538095238,29.292857143000003,77.488095238,25.535714285999997,30.171428571,77.021428571,25.611904761999998,33.55,71.14047619,27.780952381,32.802380952,72.302380952,26.788095238,32.695238095,71.892857143,26.878571429,46,2016-07-16,GG,7,5,16,Saturday,False,0,0,0,0,0,1,0,0,0.0,0.0,0.0,0.0,0.0,0.5499999999999972,0.0,0.0,0,True,,0.0026487073422956976,0.35187695516162704,0.020696047008547026,0.0134545214172396,11.140256959314776,6.032586558044807
20160716_GJ,25.0,23.5,91.6,30.9,74.9,26.0,30.2,80.3,25.8,31.2,85.9,26.6,27.2,96.6,24.5,30.1,90.5,26.5,31.2,84.8,27.4,33.8,81.3,27.8,8,2016-07-16,GJ,7,5,16,Saturday,False,0,0,0,0,0,0,0,1,0.0,0.0,0.0,0.0,0.0,0.0,0.0,0.7999999999999972,0,True,,0.0019166666666666679,0.3550925925925916,0.031865740740740715,0.011231481481481462,14.712962962962965,8.238095238095237
20160716_GN,24.295454545,22.722727273,90.831818182,29.595454545,70.213636364,25.109090909000003,32.690909091,73.427272727,26.6,30.763636364,84.25,26.336363635999998,27.154545455,91.94090909100001,24.518181818000002,27.677272727,90.77272727299999,24.827272726999997,31.572727273,81.2,26.486363636,31.872727273000002,78.509090909,26.031818182,15,2016-07-16,GN,7,5,16,Saturday,False,0,0,0,0,0,0,0,0,0.0,0.0,0.0,0.0,0.0,0.0,0.0,0.0,0,True,,0.003365909090909076,0.31212121212121224,0.018511363636363604,0.014711026615969557,25.47148288973384,11.891666666666667
20160716_GW,22.011111110999998,19.772222222,94.077777778,27.7,71.133333333,23.344444444,28.188888889,76.883333333,23.922222222,28.511111110999998,80.427777778,24.572222221999997,26.772222221999996,87.577777778,23.905555556,31.25,75.661111111,25.833333333000002,31.061111111,74.486666667,25.505555555999997,31.366666666999997,75.03888888899999,25.088888889,2,2016-07-16,GW,7,5,16,Saturday,False,0,0,0,0,0,0,0,0,0.0,0.0,0.0,0.0,0.0,0.0,0.0,0.0,0,True,,0.0014670833333333359,0.29958333333333226,0.02185833333333331,0.006913749999999989,14.436974789915967,10.457142857142856
20160716_IC,23.42,20.91,97.11,28.29,77.61,25.57,29.53,88.25,25.9,27.29,95.11,24.69,28.3,84.6,24.97,31.41,87.14,26.45,29.79,91.06,25.57,30.59,87.43,26.09,13,2016-07-16,IC,7,5,16,Saturday,False,0,0,0,0,0,0,0,0,0.0,0.0,0.0,0.0,0.0,0.0,0.0,0.0,0,True,,0.003999206349206324,0.368253968253968,0.01837698412698409,0.016220634920634903,17.071748878923767,6.9221789883268485
20160716_JB,25.733333333,23.073333333,85.04,30.453333333000003,72.806666667,25.526666666999997,29.266666667,79.006666667,24.82,30.026666666999997,83.18,25.3,27.88,87.66,24.613333333000003,30.153333333000003,86.213333333,25.14,31.026666666999997,79.28666666699999,25.82,32.493333333,79.146666667,26.32,21,2016-07-16,JB,7,5,16,Saturday,False,0,0,0,0,0,0,0,0,0.0,0.0,0.0,0.0,0.0,0.0,0.0,0.0,0,True,,0.003442499999999992,0.3583333333333335,0.0368553846153846,0.008691666666666634,21.554621848739494,13.066350710900474
20160716_JJ,30.35,25.7,85.8,28.95,80.0,25.45,28.75,85.9,25.35,28.6,95.75,25.9,26.35,97.0,24.7,24.85,95.65,23.8,25.55,91.0,23.95,28.65,86.05,24.95,1,2016-07-16,JJ,7,5,16,Saturday,False,0,0,0,0,0,0,0,0,0.0,0.0,0.0,0.0,0.0,0.0,0.0,0.0,0,True,,0.0014666666666666689,0.3378947368421055,0.03223958333333333,0.004468750000000005,26.877777777777773,12.5
20160716_JN,25.631818181999996,23.381818181999996,89.35,28.840909091,76.840909091,24.877272726999998,29.718181818,80.722727273,25.318181818000003,29.472727273,88.26818181799999,25.618181818000004,25.513636364,94.98636363600001,23.668181818,28.409090909,90.78181818200001,25.109090909000003,28.922727273000003,88.318181818,25.613636364,31.354545455,84.272727273,26.195454545,10,2016-07-16,JN,7,5,16,Saturday,False,0,0,0,0,0,0,0,0,0.0,0.0,0.0,0.0,0.0,0.0,0.0,0.0,0,True,,0.005218627450980377,0.4095588235294125,0.02483578431372546,0.011337254901960744,17.32070707070707,11.402877697841726
20160716_SU,23.8,20.8,92.8,29.2,60.0,26.2,32.4,66.9,27.5,29.5,69.0,26.3,30.9,65.5,26.3,33.4,67.4,28.4,33.1,64.4,27.9,32.7,64.8,27.7,57,2016-07-16,SU,7,5,16,Saturday,False,0,0,0,0,0,1,1,0,0.0,0.0,0.0,0.0,0.0,0.3999999999999986,0.10000000000000142,0.0,0,True,,0.004045989304812829,0.37274678111588216,0.01597222222222217,0.02188995726495724,11.4279176201373,5.430508474576272
20160716_US,23.1,22.0,97.3,27.1,81.8,23.1,30.6,78.4,25.1,30.9,83.8,26.7,28.9,92.8,25.4,28.7,93.6,25.0,32.3,79.6,27.0,30.1,84.5,25.4,5,2016-07-16,US,7,5,16,Saturday,False,0,0,0,0,0,0,0,0,0.0,0.0,0.0,0.0,0.0,0.0,0.0,0.0,0,True,,0.0064694444444444105,0.3797222222222229,0.01672222222222219,0.01870555555555551,23.38826815642458,12.160839160839162
20160717_BS,28.6,25.2,79.6,24.3,91.9,23.0,27.6,70.3,24.4,31.9,72.1,26.2,29.5,86.5,25.9,25.2,95.8,24.0,27.0,92.3,24.7,29.3,83.6,25.4,3,2016-07-17,BS,7,6,17,Sunday,False,0,0,0,0,0,0,0,0,0.0,0.0,0.0,0.0,0.0,0.0,0.0,0.0,0,True,,0.005987745098039192,0.4226851851851864,0.040289682539682535,0.015470238095238063,34.10956175298805,20.80318091451292
20160717_CB,25.9,22.66,80.633333333,23.186666666999997,88.56,21.213333332999998,29.293333333000003,64.653333333,24.733333333,29.86,72.93333333300001,24.68,29.753333333,71.833333333,25.48,28.68,82.98,24.813333333000003,32.626666666999995,70.92666666699999,26.646666666999998,31.966666667,69.346666667,26.246666667,2,2016-07-17,CB,7,6,17,Sunday,False,0,0,0,0,0,0,0,0,0.0,0.0,0.0,0.0,0.0,0.0,0.0,0.0,0,True,,0.002065972222222224,0.262152777777779,0.028336805555555532,0.00748854166666665,9.524305555555557,2.688212927756654
20160717_CN,24.75,22.2125,88.91875,24.71875,94.4625,21.975,29.25625,76.2625,25.325,30.0875,81.9,25.2,29.76875,84.36875,24.98125,28.71875,88.38125,24.875,31.9375,82.49375,25.94375,31.4,81.1125,25.48125,0,2016-07-17,CN,7,6,17,Sunday,False,0,0,0,0,0,0,0,0,0.0,0.0,0.0,0.0,0.0,0.0,0.0,0.0,0,True,,0.0019641666666666674,0.3029166666666666,0.029591666666666624,0.005551249999999994,11.259414225941427,5.5694444444444455
20160717_DG,31.6,26.0,70.1,22.8,84.4,22.1,29.8,67.5,24.3,32.3,66.6,26.0,32.4,65.4,28.1,29.7,77.6,26.5,29.9,78.3,26.0,33.5,59.1,28.6,0,2016-07-17,DG,7,6,17,Sunday,False,0,0,0,0,0,0,0,1,0.0,0.0,0.0,0.0,0.0,0.0,0.0,0.5,0,True,,0.0019236111111111125,0.2663194444444449,0.02424652777777773,0.011190972222222205,20.138686131386866,10.87292817679558
20160717_DJ,26.4,23.3,83.1,24.5,92.4,22.1,30.0,71.6,25.9,31.0,77.0,26.1,30.4,79.3,26.3,28.4,86.9,25.7,32.9,78.9,27.1,32.0,75.5,27.2,2,2016-07-17,DJ,7,6,17,Sunday,False,0,0,0,0,0,0,0,0,0.0,0.0,0.0,0.0,0.0,0.0,0.0,0.0,0,True,,0.0017500000000000011,0.3883333333333331,0.036741666666666666,0.005795833333333325,11.566666666666665,3.758333333333333
20160717_GB,29.0375,23.933333333,81.125,22.2625,93.416666667,20.945833333,28.0875,73.845833333,23.325,29.045833333,77.75416666699999,24.025,30.879166667,75.31666666699999,26.333333333000002,29.795833333,86.46666666700001,25.379166667,29.9875,83.391666667,25.408333333,32.054166667,74.475,26.145833333000002,1,2016-07-17,GB,7,6,17,Sunday,False,0,0,0,0,0,0,0,0,0.0,0.0,0.0,0.0,0.0,0.0,0.0,0.0,0,True,,0.003210396039603951,0.3727722772277223,0.02738118811881185,0.007368069306930671,17.632124352331605,7.977528089887642
20160717_GG,23.171428571,21.542857143000003,89.666666667,23.371428571,95.48809523799999,20.911904762,28.897619048000003,65.383333333,25.711904762,31.361904761999998,74.016666667,26.538095238,29.292857143000003,77.488095238,25.535714285999997,30.171428571,77.021428571,25.611904761999998,33.55,71.14047619,27.780952381,32.802380952,72.302380952,26.788095238,11,2016-07-17,GG,7,6,17,Sunday,False,0,0,0,0,0,0,1,0,0.0,0.0,0.0,0.0,0.0,0.0,0.5499999999999972,0.0,0,True,,0.003402163833075677,0.33713541666666696,0.02337553418803424,0.010680858960763479,12.78933474128828,7.363295880149812
20160717_GJ,28.8,24.4,86.5,25.0,91.6,23.5,30.9,74.9,26.0,30.2,80.3,25.8,31.2,85.9,26.6,27.2,96.6,24.5,30.1,90.5,26.5,31.2,84.8,27.4,0,2016-07-17,GJ,7,6,17,Sunday,False,0,0,0,0,0,0,0,0,0.0,0.0,0.0,0.0,0.0,0.0,0.0,0.0,0,True,,0.0018472222222222238,0.34999999999999903,0.03909722222222225,0.009430555555555541,20.36111111111111,11.934523809523812
20160717_GN,29.940909090999998,24.959090909,79.409090909,24.295454545,90.831818182,22.722727273,29.595454545,70.213636364,25.109090909000003,32.690909091,73.427272727,26.6,30.763636364,84.25,26.336363635999998,27.154545455,91.94090909100001,24.518181818000002,27.677272727,90.77272727299999,24.827272726999997,31.572727273,81.2,26.486363636,1,2016-07-17,GN,7,6,17,Sunday,False,0,0,0,0,0,0,0,0,0.0,0.0,0.0,0.0,0.0,0.0,0.0,0.0,0,True,,0.0038479166666666492,0.4024621212121213,0.035827651515151535,0.01195496183206103,35.07007575757576,17.621848739495803
20160717_GW,23.772222221999996,21.183333333,90.066666667,22.011111110999998,94.077777778,19.772222222,27.7,71.133333333,23.344444444,28.188888889,76.883333333,23.922222222,28.511111110999998,80.427777778,24.572222221999997,26.772222221999996,87.577777778,23.905555556,31.25,75.661111111,25.833333333000002,31.061111111,74.486666667,25.505555555999997,2,2016-07-17,GW,7,6,17,Sunday,False,0,0,0,0,0,0,0,0,0.0,0.0,0.0,0.0,0.0,0.0,0.0,0.0,0,True,,0.0014579166666666694,0.31125,0.02086666666666664,0.006765416666666657,13.548117154811713,9.71818181818182
20160717_IC,22.55,21.09,96.96,23.42,97.11,20.91,28.29,77.61,25.57,29.53,88.25,25.9,27.29,95.11,24.69,28.3,84.6,24.97,31.41,87.14,26.45,29.79,91.06,25.57,1,2016-07-17,IC,7,6,17,Sunday,False,0,0,0,0,0,0,0,0,0.0,0.0,0.0,0.0,0.0,0.0,0.0,0.0,0,True,,0.004177777777777754,0.31805555555555504,0.022244047619047577,0.008781746031745995,13.597107438016527,4.496240601503759
20160717_JB,26.973333333000003,23.246666667,78.953333333,25.733333333,85.04,23.073333333,30.453333333000003,72.806666667,25.526666666999997,29.266666667,79.006666667,24.82,30.026666666999997,83.18,25.3,27.88,87.66,24.613333333000003,30.153333333000003,86.213333333,25.14,31.026666666999997,79.28666666699999,25.82,2,2016-07-17,JB,7,6,17,Sunday,False,0,0,0,0,0,0,0,0,0.0,0.0,0.0,0.0,0.0,0.0,0.0,0.0,0,True,,0.0030969444444444425,0.2994444444444437,0.036927272727272725,0.0063719444444444205,14.750700280112044,6.885714285714287
20160717_JJ,27.95,25.0,80.7,30.35,85.8,25.7,28.95,80.0,25.45,28.75,85.9,25.35,28.6,95.75,25.9,26.35,97.0,24.7,24.85,95.65,23.8,25.55,91.0,23.95,0,2016-07-17,JJ,7,6,17,Sunday,False,0,0,0,0,0,0,0,0,0.0,0.0,0.0,0.0,0.0,0.0,0.0,0.0,0,True,,0.0016031250000000002,0.4199999999999993,0.05346875000000001,0.0038062500000000015,54.57446808510638,35.9125
20160717_JN,28.122727273000002,24.304545455,83.695454545,25.631818181999996,89.35,23.381818181999996,28.840909091,76.840909091,24.877272726999998,29.718181818,80.722727273,25.318181818000003,29.472727273,88.26818181799999,25.618181818000004,25.513636364,94.98636363600001,23.668181818,28.409090909,90.78181818200001,25.109090909000003,28.922727273000003,88.318181818,25.613636364,1,2016-07-17,JN,7,6,17,Sunday,False,0,0,0,0,0,0,0,0,0.0,0.0,0.0,0.0,0.0,0.0,0.0,0.0,0,True,,0.0047032019704433435,0.3812499999999999,0.04367401960784311,0.006853921568627428,23.93147208121827,18.6
20160717_SU,23.1,21.7,82.9,23.8,92.8,20.8,29.2,60.0,26.2,32.4,66.9,27.5,29.5,69.0,26.3,30.9,65.5,26.3,33.4,67.4,28.4,33.1,64.4,27.9,6,2016-07-17,SU,7,6,17,Sunday,False,0,0,0,0,0,0,1,1,0.0,0.0,0.0,0.0,0.0,0.0,0.3999999999999986,0.10000000000000142,0,True,,0.004731837606837579,0.3781818181818194,0.019301282051281995,0.019527777777777724,15.691704035874439,8.860068259385665
20160717_US,28.8,25.1,84.9,23.1,97.3,22.0,27.1,81.8,23.1,30.6,78.4,25.1,30.9,83.8,26.7,28.9,92.8,25.4,28.7,93.6,25.0,32.3,79.6,27.0,1,2016-07-17,US,7,6,17,Sunday,False,0,0,0,0,0,0,0,0,0.0,0.0,0.0,0.0,0.0,0.0,0.0,0.0,0,True,,0.008024999999999973,0.4672222222222234,0.03421666666666665,0.017955555555555516,30.27222222222223,19.661971830985923
20160718_BS,28.0,24.4,86.0,28.6,79.6,25.2,24.3,91.9,23.0,27.6,70.3,24.4,31.9,72.1,26.2,29.5,86.5,25.9,25.2,95.8,24.0,27.0,92.3,24.7,91,2016-07-18,BS,7,0,18,Monday,False,0,0,0,0,0,0,0,0,0.0,0.0,0.0,0.0,0.0,0.0,0.0,0.0,0,False,,0.0075728643216080044,0.486018957345972,0.03977142857142854,0.021825910931174045,54.54489795918367,38.589795918367344
20160718_CB,28.44,23.44,74.62,25.9,80.633333333,22.66,23.186666666999997,88.56,21.213333332999998,29.293333333000003,64.653333333,24.733333333,29.86,72.93333333300001,24.68,29.753333333,71.833333333,25.48,28.68,82.98,24.813333333000003,32.626666666999995,70.92666666699999,26.646666666999998,46,2016-07-18,CB,7,0,18,Monday,False,0,0,0,0,0,0,0,0,0.0,0.0,0.0,0.0,0.0,0.0,0.0,0.0,0,False,,0.0020729824561403526,0.2687719298245621,0.024961403508771903,0.011366315789473669,17.202797202797207,7.340996168582375
20160718_CN,28.24375,23.075,84.43125,24.75,88.91875,22.2125,24.71875,94.4625,21.975,29.25625,76.2625,25.325,30.0875,81.9,25.2,29.76875,84.36875,24.98125,28.71875,88.38125,24.875,31.9375,82.49375,25.94375,59,2016-07-18,CN,7,0,18,Monday,False,0,0,0,0,0,0,0,0,0.0,0.0,0.0,0.0,0.0,0.0,0.0,0.0,0,False,,0.0030225000000000035,0.3499999999999995,0.027449999999999967,0.010515416666666643,22.3125,12.652777777777779
20160718_DG,30.9,25.9,64.4,31.6,70.1,26.0,22.8,84.4,22.1,29.8,67.5,24.3,32.3,66.6,26.0,32.4,65.4,28.1,29.7,77.6,26.5,29.9,78.3,26.0,92,2016-07-18,DG,7,0,18,Monday,False,0,0,0,0,0,0,0,0,0.0,0.0,0.0,0.0,0.0,0.0,0.0,0.0,0,False,,0.0020000000000000013,0.21678571428571491,0.030561403508771918,0.0115892857142857,18.166666666666668,9.646408839779005
20160718_DJ,28.9,24.3,78.9,26.4,83.1,23.3,24.5,92.4,22.1,30.0,71.6,25.9,31.0,77.0,26.1,30.4,79.3,26.3,28.4,86.9,25.7,32.9,78.9,27.1,52,2016-07-18,DJ,7,0,18,Monday,False,0,0,0,0,0,0,0,0,0.0,0.0,0.0,0.0,0.0,0.0,0.0,0.0,0,False,,0.0020166666666666683,0.4204166666666666,0.031249999999999962,0.013233333333333291,17.695833333333333,6.4
20160718_GB,28.779166667,23.816666667,78.045833333,29.0375,81.125,23.933333333,22.2625,93.416666667,20.945833333,28.0875,73.845833333,23.325,29.045833333,77.75416666699999,24.025,30.879166667,75.31666666699999,26.333333333000002,29.795833333,86.46666666700001,25.379166667,29.9875,83.391666667,25.408333333,80,2016-07-18,GB,7,0,18,Monday,False,0,0,0,0,0,0,0,0,0.0,0.0,0.0,0.0,0.0,0.0,0.0,0.0,0,False,,0.0035187341772151843,0.3686075949367082,0.0280278481012658,0.008334430379746792,16.39119170984456,6.219653179190751
20160718_GG,28.497619048,23.869047619,80.7,23.171428571,89.666666667,21.542857143000003,23.371428571,95.48809523799999,20.911904762,28.897619048000003,65.383333333,25.711904762,31.361904761999998,74.016666667,26.538095238,29.292857143000003,77.488095238,25.535714285999997,30.171428571,77.021428571,25.611904761999998,33.55,71.14047619,27.780952381,237,2016-07-18,GG,7,0,18,Monday,False,0,0,0,0,0,0,0,1,0.0,0.0,0.0,0.0,0.0,0.0,0.0,0.5499999999999972,0,False,,0.003985865537321283,0.3818280151433183,0.021391973611874702,0.018879414951245947,26.299242424242426,14.808798646362098
20160718_GJ,30.0,25.2,78.9,28.8,86.5,24.4,25.0,91.6,23.5,30.9,74.9,26.0,30.2,80.3,25.8,31.2,85.9,26.6,27.2,96.6,24.5,30.1,90.5,26.5,44,2016-07-18,GJ,7,0,18,Monday,False,0,0,0,0,0,0,0,0,0.0,0.0,0.0,0.0,0.0,0.0,0.0,0.0,0,False,,0.0019431279620853094,0.3374407582938377,0.025691943127962046,0.014867298578199031,14.849765258215964,8.271084337349397
20160718_GN,30.245454545,24.940909090999998,78.886363636,29.940909090999998,79.409090909,24.959090909,24.295454545,90.831818182,22.722727273,29.595454545,70.213636364,25.109090909000003,32.690909091,73.427272727,26.6,30.763636364,84.25,26.336363635999998,27.154545455,91.94090909100001,24.518181818000002,27.677272727,90.77272727299999,24.827272726999997,81,2016-07-18,GN,7,0,18,Monday,False,0,0,0,0,0,0,0,0,0.0,0.0,0.0,0.0,0.0,0.0,0.0,0.0,0,False,,0.004942156862745063,0.4260784313725498,0.033027504911591316,0.017628431372548978,43.99609375,26.214285714285715
20160718_GW,26.822222221999997,22.633333333000003,81.54444444399999,23.772222221999996,90.066666667,21.183333333,22.011111110999998,94.077777778,19.772222222,27.7,71.133333333,23.344444444,28.188888889,76.883333333,23.922222222,28.511111110999998,80.427777778,24.572222221999997,26.772222221999996,87.577777778,23.905555556,31.25,75.661111111,25.833333333000002,35,2016-07-18,GW,7,0,18,Monday,False,0,0,0,0,0,0,0,0,0.0,0.0,0.0,0.0,0.0,0.0,0.0,0.0,0,False,,0.0015413502109704665,0.31404255319148905,0.02221097046413499,0.007240506329113917,19.1125,12.6044776119403
20160718_IC,26.59,23.04,95.29,22.55,96.96,21.09,23.42,97.11,20.91,28.29,77.61,25.57,29.53,88.25,25.9,27.29,95.11,24.69,28.3,84.6,24.97,31.41,87.14,26.45,50,2016-07-18,IC,7,0,18,Monday,False,0,0,0,0,0,0,0,0,0.0,0.0,0.0,0.0,0.0,0.0,0.0,0.0,0,False,,0.005222132796780668,0.34116465863453743,0.02204225352112674,0.015007243460764557,22.82758620689655,9.985250737463128
20160718_JB,28.88,23.566666667,78.57333333300001,26.973333333000003,78.953333333,23.246666667,25.733333333,85.04,23.073333333,30.453333333000003,72.806666667,25.526666666999997,29.266666667,79.006666667,24.82,30.026666666999997,83.18,25.3,27.88,87.66,24.613333333000003,30.153333333000003,86.213333333,25.14,88,2016-07-18,JB,7,0,18,Monday,False,0,0,0,0,0,0,0,0,0.0,0.0,0.0,0.0,0.0,0.0,0.0,0.0,0,False,,0.003568465909090899,0.3096590909090903,0.029338983050847443,0.010515297450424902,19.988857938718663,11.303921568627453
20160718_JJ,27.15,25.05,82.7,27.95,80.7,25.0,30.35,85.8,25.7,28.95,80.0,25.45,28.75,85.9,25.35,28.6,95.75,25.9,26.35,97.0,24.7,24.85,95.65,23.8,16,2016-07-18,JJ,7,0,18,Monday,False,0,0,0,0,0,0,0,0,0.0,0.0,0.0,0.0,0.0,0.0,0.0,0.0,0,False,,0.002932222222222223,0.4043010752688172,0.03534042553191488,0.009443617021276598,49.5,30.90410958904109
20160718_JN,29.281818182,24.381818181999996,80.786363636,28.122727273000002,83.695454545,24.304545455,25.631818181999996,89.35,23.381818181999996,28.840909091,76.840909091,24.877272726999998,29.718181818,80.722727273,25.318181818000003,29.472727273,88.26818181799999,25.618181818000004,25.513636364,94.98636363600001,23.668181818,28.409090909,90.78181818200001,25.109090909000003,60,2016-07-18,JN,7,0,18,Monday,False,0,0,0,0,0,0,0,0,0.0,0.0,0.0,0.0,0.0,0.0,0.0,0.0,0,False,,0.006599746835443002,0.4196473551637274,0.030516372795969755,0.013110831234256892,19.95263157894737,12.512987012987013
20160718_SU,28.4,24.4,75.1,23.1,82.9,21.7,23.8,92.8,20.8,29.2,60.0,26.2,32.4,66.9,27.5,29.5,69.0,26.3,30.9,65.5,26.3,33.4,67.4,28.4,240,2016-07-18,SU,7,0,18,Monday,False,0,0,0,0,0,0,0,1,0.0,0.0,0.0,0.0,0.0,0.0,0.0,0.3999999999999986,0,False,,0.00537987012987005,0.4252164502164502,0.01598484848484844,0.02963203463203456,28.793181818181814,15.941580756013744
20160718_US,29.0,24.4,87.9,28.8,84.9,25.1,23.1,97.3,22.0,27.1,81.8,23.1,30.6,78.4,25.1,30.9,83.8,26.7,28.9,92.8,25.4,28.7,93.6,25.0,17,2016-07-18,US,7,0,18,Monday,False,0,0,0,0,0,0,0,0,0.0,0.0,0.0,0.0,0.0,0.0,0.0,0.0,0,False,,0.010733711048158606,0.5240793201133149,0.031776203966005674,0.0220764872521246,40.18079096045197,25.671328671328673
20160719_BS,28.4,25.2,79.1,28.0,86.0,24.4,28.6,79.6,25.2,24.3,91.9,23.0,27.6,70.3,24.4,31.9,72.1,26.2,29.5,86.5,25.9,25.2,95.8,24.0,96,2016-07-19,BS,7,1,19,Tuesday,False,0,0,0,0,0,0,0,0,0.0,0.0,0.0,0.0,0.0,0.0,0.0,0.0,0,False,,0.006256281407035153,0.372985781990522,0.04046835443037974,0.015012170385395509,36.92622950819672,24.613496932515336
20160719_CB,32.186666667,25.893333333,70.273333333,28.44,74.62,23.44,25.9,80.633333333,22.66,23.186666666999997,88.56,21.213333332999998,29.293333333000003,64.653333333,24.733333333,29.86,72.93333333300001,24.68,29.753333333,71.833333333,25.48,28.68,82.98,24.813333333000003,28,2016-07-19,CB,7,1,19,Tuesday,False,0,0,0,0,0,0,0,0,0.0,0.0,0.0,0.0,0.0,0.0,0.0,0.0,0,False,,0.002221985815602839,0.3759717314487629,0.03114893617021275,0.015503191489361676,30.06338028169014,15.674242424242426
20160719_CN,31.8625,25.70625,80.4375,28.24375,84.43125,23.075,24.75,88.91875,22.2125,24.71875,94.4625,21.975,29.25625,76.2625,25.325,30.0875,81.9,25.2,29.76875,84.36875,24.98125,28.71875,88.38125,24.875,56,2016-07-19,CN,7,1,19,Tuesday,False,0,0,0,0,0,0,0,0,0.0,0.0,0.0,0.0,0.0,0.0,0.0,0.0,0,False,,0.003140506329113925,0.4489451476793248,0.047801687763713095,0.015876793248945118,41.728813559322035,21.295774647887324
20160719_DG,29.8,25.1,74.4,30.9,64.4,25.9,31.6,70.1,26.0,22.8,84.4,22.1,29.8,67.5,24.3,32.3,66.6,26.0,32.4,65.4,28.1,29.7,77.6,26.5,56,2016-07-19,DG,7,1,19,Tuesday,False,0,0,0,0,0,0,0,0,0.0,0.0,0.0,0.0,0.0,0.0,0.0,0.0,0,False,,0.0028280701754385988,0.3936842105263155,0.033049645390070895,0.011550877192982423,40.32857142857143,26.38421052631579
20160719_DJ,32.4,26.7,76.8,28.9,78.9,24.3,26.4,83.1,23.3,24.5,92.4,22.1,30.0,71.6,25.9,31.0,77.0,26.1,30.4,79.3,26.3,28.4,86.9,25.7,37,2016-07-19,DJ,7,1,19,Tuesday,False,0,0,0,0,0,0,0,0,0.0,0.0,0.0,0.0,0.0,0.0,0.0,0.0,0,False,,0.0023041666666666683,0.47416666666666707,0.03420502092050206,0.018479166666666644,33.19736842105263,15.425
20160719_GB,28.720833333,24.145833333000002,79.6375,28.779166667,78.045833333,23.816666667,29.0375,81.125,23.933333333,22.2625,93.416666667,20.945833333,28.0875,73.845833333,23.325,29.045833333,77.75416666699999,24.025,30.879166667,75.31666666699999,26.333333333000002,29.795833333,86.46666666700001,25.379166667,60,2016-07-19,GB,7,1,19,Tuesday,False,0,0,0,0,0,0,0,0,0.0,0.0,0.0,0.0,0.0,0.0,0.0,0.0,0,False,,0.00352467532467531,0.3638961038961031,0.03053350515463915,0.0079324675324675,23.176923076923078,14.25
20160719_GG,32.195238095,26.373809524000002,73.652380952,28.497619048,80.7,23.869047619,23.171428571,89.666666667,21.542857143000003,23.371428571,95.48809523799999,20.911904762,28.897619048000003,65.383333333,25.711904762,31.361904761999998,74.016666667,26.538095238,29.292857143000003,77.488095238,25.535714285999997,30.171428571,77.021428571,25.611904761999998,185,2016-07-19,GG,7,1,19,Tuesday,False,0,0,0,0,0,0,0,0,0.0,0.0,0.0,0.0,0.0,0.0,0.0,0.0,0,False,,0.003339206349206305,0.4802794196668407,0.03625192519251938,0.026121834061135475,38.626889848812105,21.140439932318106
20160719_GJ,31.7,26.9,75.9,30.0,78.9,25.2,28.8,86.5,24.4,25.0,91.6,23.5,30.9,74.9,26.0,30.2,80.3,25.8,31.2,85.9,26.6,27.2,96.6,24.5,41,2016-07-19,GJ,7,1,19,Tuesday,False,0,0,0,0,0,0,0,0,0.0,0.0,0.0,0.0,0.0,0.0,0.0,0.0,0,False,,0.00430434782608696,0.5318840579710147,0.037347826086956484,0.01951207729468597,33.123809523809534,22.919753086419753
20160719_GN,29.672727273000003,25.154545455,79.886363636,30.245454545,78.886363636,24.940909090999998,29.940909090999998,79.409090909,24.959090909,24.295454545,90.831818182,22.722727273,29.595454545,70.213636364,25.109090909000003,32.690909091,73.427272727,26.6,30.763636364,84.25,26.336363635999998,27.154545455,91.94090909100001,24.518181818000002,67,2016-07-19,GN,7,1,19,Tuesday,False,0,0,0,0,0,0,0,0,0.0,0.0,0.0,0.0,0.0,0.0,0.0,0.0,0,False,,0.006210179640718544,0.3896207584830347,0.036089820359281405,0.01830989898989897,50.512,29.660465116279067
20160719_GW,28.611111111,23.416666666999998,80.244444444,26.822222221999997,81.54444444399999,22.633333333000003,23.772222221999996,90.066666667,21.183333333,22.011111110999998,94.077777778,19.772222222,27.7,71.133333333,23.344444444,28.188888889,76.883333333,23.922222222,28.511111110999998,80.427777778,24.572222221999997,26.772222221999996,87.577777778,23.905555556,30,2016-07-19,GW,7,1,19,Tuesday,False,0,0,0,0,0,0,0,0,0.0,0.0,0.0,0.0,0.0,0.0,0.0,0.0,0,False,,0.001591627906976746,0.3730232558139541,0.02463255813953485,0.008755348837209291,26.165137614678894,16.65277777777778
20160719_IC,30.34,26.02,88.46,26.59,95.29,23.04,22.55,96.96,21.09,23.42,97.11,20.91,28.29,77.61,25.57,29.53,88.25,25.9,27.29,95.11,24.69,28.3,84.6,24.97,49,2016-07-19,IC,7,1,19,Tuesday,False,0,0,0,0,0,0,0,0,0.0,0.0,0.0,0.0,0.0,0.0,0.0,0.0,0,False,,0.005075751503005993,0.4837675350701406,0.039659318637274614,0.024949298597194386,40.345454545454544,22.09418282548477
20160719_JB,31.873333333,25.573333333,77.373333333,28.88,78.57333333300001,23.566666667,26.973333333000003,78.953333333,23.246666667,25.733333333,85.04,23.073333333,30.453333333000003,72.806666667,25.526666666999997,29.266666667,79.006666667,24.82,30.026666666999997,83.18,25.3,27.88,87.66,24.613333333000003,68,2016-07-19,JB,7,1,19,Tuesday,False,0,0,0,0,0,0,0,0,0.0,0.0,0.0,0.0,0.0,0.0,0.0,0.0,0,False,,0.004235632183908032,0.4678160919540244,0.04439202657807309,0.0135372492836676,40.28279883381924,28.24770642201835
20160719_JJ,30.3,27.05,84.85,27.15,82.7,25.05,27.95,80.7,25.0,30.35,85.8,25.7,28.95,80.0,25.45,28.75,85.9,25.35,28.6,95.75,25.9,26.35,97.0,24.7,12,2016-07-19,JJ,7,1,19,Tuesday,False,0,0,0,0,0,0,0,0,0.0,0.0,0.0,0.0,0.0,0.0,0.0,0.0,0,False,,0.0013385416666666682,0.3536842105263158,0.027437499999999983,0.005621875000000003,36.10666666666667,22.8
20160719_JN,30.090909091,25.718181818,79.959090909,29.281818182,80.786363636,24.381818181999996,28.122727273000002,83.695454545,24.304545455,25.631818181999996,89.35,23.381818181999996,28.840909091,76.840909091,24.877272726999998,29.718181818,80.722727273,25.318181818000003,29.472727273,88.26818181799999,25.618181818000004,25.513636364,94.98636363600001,23.668181818,57,2016-07-19,JN,7,1,19,Tuesday,False,0,0,0,0,0,0,0,0,0.0,0.0,0.0,0.0,0.0,0.0,0.0,0.0,0,False,,0.007849875930521059,0.4513647642679904,0.03370223325062033,0.014841191066997491,29.85399449035813,23.867021276595747
20160719_SU,32.4,27.1,65.5,28.4,75.1,24.4,23.1,82.9,21.7,23.8,92.8,20.8,29.2,60.0,26.2,32.4,66.9,27.5,29.5,69.0,26.3,30.9,65.5,26.3,246,2016-07-19,SU,7,1,19,Tuesday,False,0,0,0,0,0,0,0,0,0.0,0.0,0.0,0.0,0.0,0.0,0.0,0.0,0,False,,0.004461878453038658,0.512334801762114,0.030557268722466925,0.03866409691629955,38.040909090909096,21.23181049069374
20160719_US,26.6,23.4,91.1,29.0,87.9,24.4,28.8,84.9,25.1,23.1,97.3,22.0,27.1,81.8,23.1,30.6,78.4,25.1,30.9,83.8,26.7,28.9,92.8,25.4,8,2016-07-19,US,7,1,19,Tuesday,False,0,0,0,0,0,0,0,0,0.0,0.0,0.0,0.0,0.0,0.0,0.0,0.0,0,False,,0.0057556818181817865,0.3398305084745763,0.03205932203389829,0.015453257790368245,24.72804532577904,14.035460992907801
20160720_BS,28.4,24.7,72.8,28.4,79.1,25.2,28.0,86.0,24.4,28.6,79.6,25.2,24.3,91.9,23.0,27.6,70.3,24.4,31.9,72.1,26.2,29.5,86.5,25.9,74,2016-07-20,BS,7,2,20,Wednesday,False,0,0,0,0,0,0,0,0,0.0,0.0,0.0,0.0,0.0,0.0,0.0,0.0,0,False,,0.006311274509803903,0.326650943396226,0.02983471074380161,0.014959595959595912,25.121019108280247,13.260593220338983
20160720_CB,30.393333333,26.013333333000002,70.493333333,32.186666667,70.273333333,25.893333333,28.44,74.62,23.44,25.9,80.633333333,22.66,23.186666666999997,88.56,21.213333332999998,29.293333333000003,64.653333333,24.733333333,29.86,72.93333333300001,24.68,29.753333333,71.833333333,25.48,26,2016-07-20,CB,7,2,20,Wednesday,False,0,0,0,0,0,0,0,0,0.0,0.0,0.0,0.0,0.0,0.0,0.0,0.0,0,False,,0.0019693379790940773,0.3290209790209792,0.033213286713286695,0.010509090909090872,25.63763066202091,14.583333333333336
20160720_CN,32.25625,26.8625,81.075,31.8625,80.4375,25.70625,28.24375,84.43125,23.075,24.75,88.91875,22.2125,24.71875,94.4625,21.975,29.25625,76.2625,25.325,30.0875,81.9,25.2,29.76875,84.36875,24.98125,56,2016-07-20,CN,7,2,20,Wednesday,False,0,0,0,0,0,0,0,0,0.0,0.0,0.0,0.0,0.0,0.0,0.0,0.0,0,False,,0.002772268907563027,0.4457983193277317,0.05542016806722692,0.013098739495798302,54.68354430379746,30.347222222222218
20160720_DG,29.0,24.7,67.5,29.8,74.4,25.1,30.9,64.4,25.9,31.6,70.1,26.0,22.8,84.4,22.1,29.8,67.5,24.3,32.3,66.6,26.0,32.4,65.4,28.1,56,2016-07-20,DG,7,2,20,Wednesday,False,0,0,0,0,0,0,0,0,0.0,0.0,0.0,0.0,0.0,0.0,0.0,0.0,0,False,,0.0024558303886925807,0.3124113475177301,0.03169257950530032,0.00894346289752648,27.996402877697843,17.133689839572188
20160720_DJ,31.8,27.3,77.3,32.4,76.8,26.7,28.9,78.9,24.3,26.4,83.1,23.3,24.5,92.4,22.1,30.0,71.6,25.9,31.0,77.0,26.1,30.4,79.3,26.3,45,2016-07-20,DJ,7,2,20,Wednesday,False,0,0,0,0,0,0,0,0,0.0,0.0,0.0,0.0,0.0,0.0,0.0,0.0,0,False,,0.001891666666666668,0.41833333333333395,0.04037083333333332,0.01216666666666664,35.802083333333336,19.516666666666666
20160720_GB,26.883333333000003,23.379166667,80.0875,28.720833333,79.6375,24.145833333000002,28.779166667,78.045833333,23.816666667,29.0375,81.125,23.933333333,22.2625,93.416666667,20.945833333,28.0875,73.845833333,23.325,29.045833333,77.75416666699999,24.025,30.879166667,75.31666666699999,26.333333333000002,74,2016-07-20,GB,7,2,20,Wednesday,False,0,0,0,0,0,0,0,0,0.0,0.0,0.0,0.0,0.0,0.0,0.0,0.0,0,False,,0.003629156010230172,0.3462915601023012,0.02669387755102036,0.006869820971866992,18.72868217054264,11.347560975609756
20160720_GG,32.669047619000004,27.95952381,69.461904762,32.195238095,73.652380952,26.373809524000002,28.497619048,80.7,23.869047619,23.171428571,89.666666667,21.542857143000003,23.371428571,95.48809523799999,20.911904762,28.897619048000003,65.383333333,25.711904762,31.361904761999998,74.016666667,26.538095238,29.292857143000003,77.488095238,25.535714285999997,218,2016-07-20,GG,7,2,20,Wednesday,False,0,0,0,0,0,0,0,0,0.0,0.0,0.0,0.0,0.0,0.0,0.0,0.0,0,False,,0.0032667908461947296,0.4642818719741741,0.037100332594235085,0.025289721159103426,44.38015184381778,25.57457627118644
20160720_GJ,32.7,27.3,72.6,31.7,75.9,26.9,30.0,78.9,25.2,28.8,86.5,24.4,25.0,91.6,23.5,30.9,74.9,26.0,30.2,80.3,25.8,31.2,85.9,26.6,42,2016-07-20,GJ,7,2,20,Wednesday,False,0,0,0,0,0,0,0,0,0.0,0.0,0.0,0.0,0.0,0.0,0.0,0.0,0,False,,0.005698113207547162,0.5523584905660377,0.04589622641509434,0.01859433962264148,28.640186915887853,20.766467065868266
20160720_GN,30.072727273,24.963636364,73.44090909100001,29.672727273000003,79.886363636,25.154545455,30.245454545,78.886363636,24.940909090999998,29.940909090999998,79.409090909,24.959090909,24.295454545,90.831818182,22.722727273,29.595454545,70.213636364,25.109090909000003,32.690909091,73.427272727,26.6,30.763636364,84.25,26.336363635999998,58,2016-07-20,GN,7,2,20,Wednesday,False,0,0,0,0,0,0,0,0,0.0,0.0,0.0,0.0,0.0,0.0,0.0,0.0,0,False,,0.0043133333333333105,0.3081510934393647,0.032952191235059734,0.016398196392785534,34.109780439121764,18.861471861471863
20160720_GW,29.005555555999997,23.916666666999998,77.43333333300001,28.611111111,80.244444444,23.416666666999998,26.822222221999997,81.54444444399999,22.633333333000003,23.772222221999996,90.066666667,21.183333333,22.011111110999998,94.077777778,19.772222222,27.7,71.133333333,23.344444444,28.188888889,76.883333333,23.922222222,28.511111110999998,80.427777778,24.572222221999997,39,2016-07-20,GW,7,2,20,Wednesday,False,0,0,0,0,0,0,0,0,0.0,0.0,0.0,0.0,0.0,0.0,0.0,0.0,0,False,,0.0014112612612612635,0.3472972972972975,0.02787387387387385,0.008572935779816503,23.47345132743363,14.904411764705882
20160720_IC,31.57,27.91,88.07,30.34,88.46,26.02,26.59,95.29,23.04,22.55,96.96,21.09,23.42,97.11,20.91,28.29,77.61,25.57,29.53,88.25,25.9,27.29,95.11,24.69,49,2016-07-20,IC,7,2,20,Wednesday,False,0,0,0,0,0,0,0,0,0.0,0.0,0.0,0.0,0.0,0.0,0.0,0.0,0,False,,0.005797946611909627,0.5613963039014377,0.045198770491803306,0.027818237704918026,55.812757201646086,34.3698224852071
20160720_JB,32.613333333,27.066666667,72.626666667,31.873333333,77.373333333,25.573333333,28.88,78.57333333300001,23.566666667,26.973333333000003,78.953333333,23.246666667,25.733333333,85.04,23.073333333,30.453333333000003,72.806666667,25.526666666999997,29.266666667,79.006666667,24.82,30.026666666999997,83.18,25.3,72,2016-07-20,JB,7,2,20,Wednesday,False,0,0,0,0,0,0,0,0,0.0,0.0,0.0,0.0,0.0,0.0,0.0,0.0,0,False,,0.003879999999999993,0.43928571428571467,0.046092948717948654,0.011254999999999972,40.5597667638484,29.841346153846153
20160720_JJ,30.25,27.1,82.15,30.3,84.85,27.05,27.15,82.7,25.05,27.95,80.7,25.0,30.35,85.8,25.7,28.95,80.0,25.45,28.75,85.9,25.35,28.6,95.75,25.9,13,2016-07-20,JJ,7,2,20,Wednesday,False,0,0,0,0,0,0,0,0,0.0,0.0,0.0,0.0,0.0,0.0,0.0,0.0,0,False,,0.0013144578313253024,0.27934782608695696,0.02551612903225805,0.005375268817204306,27.223404255319146,12.150537634408602
20160720_JN,30.459090909,26.022727273,75.295454545,30.090909091,79.959090909,25.718181818,29.281818182,80.786363636,24.381818181999996,28.122727273000002,83.695454545,24.304545455,25.631818181999996,89.35,23.381818181999996,28.840909091,76.840909091,24.877272726999998,29.718181818,80.722727273,25.318181818000003,29.472727273,88.26818181799999,25.618181818000004,50,2016-07-20,JN,7,2,20,Wednesday,False,0,0,0,0,0,0,0,0,0.0,0.0,0.0,0.0,0.0,0.0,0.0,0.0,0,False,,0.006468304668304649,0.4012285012285015,0.036429975429975406,0.01226068796068793,25.676392572944298,22.431654676258997
20160720_SU,32.9,28.6,62.5,32.4,65.5,27.1,28.4,75.1,24.4,23.1,82.9,21.7,23.8,92.8,20.8,29.2,60.0,26.2,32.4,66.9,27.5,29.5,69.0,26.3,247,2016-07-20,SU,7,2,20,Wednesday,False,0,0,0,0,0,0,0,0,0.0,0.0,0.0,0.0,0.0,0.0,0.0,0.0,0,False,,0.004333333333333322,0.5088300220750523,0.031225512528473845,0.039407938257993325,39.168,22.92931034482759
20160720_US,26.3,23.0,85.4,26.6,91.1,23.4,29.0,87.9,24.4,28.8,84.9,25.1,23.1,97.3,22.0,27.1,81.8,23.1,30.6,78.4,25.1,30.9,83.8,26.7,13,2016-07-20,US,7,2,20,Wednesday,False,0,0,0,0,0,0,0,0,0.0,0.0,0.0,0.0,0.0,0.0,0.0,0.0,0,False,,0.005941340782122861,0.27541899441340834,0.02829050279329605,0.012681564245810026,16.689855072463768,7.124087591240876
20160721_BS,27.9,24.4,73.6,28.4,72.8,24.7,28.4,79.1,25.2,28.0,86.0,24.4,28.6,79.6,25.2,24.3,91.9,23.0,27.6,70.3,24.4,31.9,72.1,26.2,84,2016-07-21,BS,7,3,21,Thursday,False,0,0,0,0,0,0,0,0,0.0,0.0,0.0,0.0,0.0,0.0,0.0,0.0,0,False,,0.005479166666666641,0.31415313225057995,0.0274357429718875,0.013797595190380726,21.721854304635762,11.354297693920335
20160721_CB,31.04,25.72,68.586666667,30.393333333,70.493333333,26.013333333000002,32.186666667,70.273333333,25.893333333,28.44,74.62,23.44,25.9,80.633333333,22.66,23.186666666999997,88.56,21.213333332999998,29.293333333000003,64.653333333,24.733333333,29.86,72.93333333300001,24.68,28,2016-07-21,CB,7,3,21,Thursday,False,0,0,0,0,0,0,0,0,0.0,0.0,0.0,0.0,0.0,0.0,0.0,0.0,0,False,,0.0019319444444444462,0.2930555555555564,0.03198263888888889,0.009296180555555523,17.12152777777778,7.503787878787879
20160721_CN,32.00625,27.10625,78.4125,32.25625,81.075,26.8625,31.8625,80.4375,25.70625,28.24375,84.43125,23.075,24.75,88.91875,22.2125,24.71875,94.4625,21.975,29.25625,76.2625,25.325,30.0875,81.9,25.2,43,2016-07-21,CN,7,3,21,Thursday,False,0,0,0,0,0,0,0,0,0.0,0.0,0.0,0.0,0.0,0.0,0.0,0.0,0,False,,0.002031380753138077,0.3234309623430961,0.0435941422594142,0.010758995815899564,32.06837606837607,16.97222222222222
20160721_DG,29.2,24.1,69.1,29.0,67.5,24.7,29.8,74.4,25.1,30.9,64.4,25.9,31.6,70.1,26.0,22.8,84.4,22.1,29.8,67.5,24.3,32.3,66.6,26.0,59,2016-07-21,DG,7,3,21,Thursday,False,0,0,0,0,0,0,0,0,0.0,0.0,0.0,0.0,0.0,0.0,0.0,0.0,0,False,,0.00269818181818182,0.31272727272727296,0.032290909090909044,0.01030909090909088,25.398496240601506,15.32
20160721_DJ,31.6,27.0,74.6,31.8,77.3,27.3,32.4,76.8,26.7,28.9,78.9,24.3,26.4,83.1,23.3,24.5,92.4,22.1,30.0,71.6,25.9,31.0,77.0,26.1,46,2016-07-21,DJ,7,3,21,Thursday,False,0,0,0,0,0,0,0,0,0.0,0.0,0.0,0.0,0.0,0.0,0.0,0.0,0,False,,0.0019958333333333347,0.3929166666666664,0.04037916666666663,0.011720833333333309,24.9375,11.841666666666667
20160721_GB,27.65,23.375,77.6625,26.883333333000003,80.0875,23.379166667,28.720833333,79.6375,24.145833333000002,28.779166667,78.045833333,23.816666667,29.0375,81.125,23.933333333,22.2625,93.416666667,20.945833333,28.0875,73.845833333,23.325,29.045833333,77.75416666699999,24.025,65,2016-07-21,GB,7,3,21,Thursday,False,0,0,0,0,0,0,0,0,0.0,0.0,0.0,0.0,0.0,0.0,0.0,0.0,0,False,,0.003513499999999987,0.3299999999999988,0.02488805970149251,0.0074604477611940065,17.301745635910226,8.81868131868132
20160721_GG,31.816666667,27.495238095,68.273809524,32.669047619000004,69.461904762,27.95952381,32.195238095,73.652380952,26.373809524000002,28.497619048,80.7,23.869047619,23.171428571,89.666666667,21.542857143000003,23.371428571,95.48809523799999,20.911904762,28.897619048000003,65.383333333,25.711904762,31.361904761999998,74.016666667,26.538095238,211,2016-07-21,GG,7,3,21,Thursday,False,0,0,0,0,0,0,0,0,0.0,0.0,0.0,0.0,0.0,0.0,0.0,0.0,0,False,,0.0029694652406416487,0.3963626492942411,0.035024663677130134,0.020661187465640548,30.689767190037895,17.275563258232232
20160721_GJ,33.1,27.4,72.8,32.7,72.6,27.3,31.7,75.9,26.9,30.0,78.9,25.2,28.8,86.5,24.4,25.0,91.6,23.5,30.9,74.9,26.0,30.2,80.3,25.8,42,2016-07-21,GJ,7,3,21,Thursday,False,1,0,0,0,0,0,0,0,0.10000000000000142,0.0,0.0,0.0,0.0,0.0,0.0,0.0,0,False,,0.006166666666666663,0.5078703703703702,0.043555555555555535,0.016972222222222187,25.444444444444446,16.761904761904766
20160721_GN,29.554545455,24.627272726999998,75.8,30.072727273,73.44090909100001,24.963636364,29.672727273000003,79.886363636,25.154545455,30.245454545,78.886363636,24.940909090999998,29.940909090999998,79.409090909,24.959090909,24.295454545,90.831818182,22.722727273,29.595454545,70.213636364,25.109090909000003,32.690909091,73.427272727,26.6,66,2016-07-21,GN,7,3,21,Thursday,False,0,0,0,0,0,0,0,0,0.0,0.0,0.0,0.0,0.0,0.0,0.0,0.0,0,False,,0.004680624999999977,0.2901209677419355,0.030746478873239405,0.015487246963562726,28.676171079429736,15.369369369369368
20160721_GW,28.461111110999997,23.666666666999998,77.15,29.005555555999997,77.43333333300001,23.916666666999998,28.611111111,80.244444444,23.416666666999998,26.822222221999997,81.54444444399999,22.633333333000003,23.772222221999996,90.066666667,21.183333333,22.011111110999998,94.077777778,19.772222222,27.7,71.133333333,23.344444444,28.188888889,76.883333333,23.922222222,33,2016-07-21,GW,7,3,21,Thursday,False,0,0,0,0,0,0,0,0,0.0,0.0,0.0,0.0,0.0,0.0,0.0,0.0,0,False,,0.0015382222222222238,0.3577777777777781,0.022297777777777743,0.009801333333333329,22.964912280701753,13.441176470588234
20160721_IC,31.51,27.87,84.86,31.57,88.07,27.91,30.34,88.46,26.02,26.59,95.29,23.04,22.55,96.96,21.09,23.42,97.11,20.91,28.29,77.61,25.57,29.53,88.25,25.9,52,2016-07-21,IC,7,3,21,Thursday,False,0,0,0,0,0,0,0,0,0.0,0.0,0.0,0.0,0.0,0.0,0.0,0.0,0,False,,0.004530309278350493,0.4412371134020629,0.035348453608247385,0.023016907216494843,37.463465553235906,19.953352769679302
20160721_JB,32.62,26.966666667,71.94,32.613333333,72.626666667,27.066666667,31.873333333,77.373333333,25.573333333,28.88,78.57333333300001,23.566666667,26.973333333000003,78.953333333,23.246666667,25.733333333,85.04,23.073333333,30.453333333000003,72.806666667,25.526666666999997,29.266666667,79.006666667,24.82,81,2016-07-21,JB,7,3,21,Thursday,False,0,0,0,0,0,0,0,0,0.0,0.0,0.0,0.0,0.0,0.0,0.0,0.0,0,False,,0.0041894428152492455,0.3691131498470945,0.044631746031746015,0.011101709401709368,35.890243902439025,24.444976076555022
20160721_JJ,29.3,27.1,84.6,30.25,82.15,27.1,30.3,84.85,27.05,27.15,82.7,25.05,27.95,80.7,25.0,30.35,85.8,25.7,28.95,80.0,25.45,28.75,85.9,25.35,11,2016-07-21,JJ,7,3,21,Thursday,False,0,0,0,0,0,0,0,0,0.0,0.0,0.0,0.0,0.0,0.0,0.0,0.0,0,False,,0.0017077922077922089,0.2675000000000003,0.020215909090909076,0.007167045454545456,28.22727272727273,9.775280898876405
20160721_JN,30.059090909000002,25.672727273000003,76.477272727,30.459090909,75.295454545,26.022727273,30.090909091,79.959090909,25.718181818,29.281818182,80.786363636,24.381818181999996,28.122727273000002,83.695454545,24.304545455,25.631818181999996,89.35,23.381818181999996,28.840909091,76.840909091,24.877272726999998,29.718181818,80.722727273,25.318181818000003,68,2016-07-21,JN,7,3,21,Thursday,False,0,0,0,0,0,0,0,0,0.0,0.0,0.0,0.0,0.0,0.0,0.0,0.0,0,False,,0.0072727941176470344,0.3921568627450983,0.034764705882352906,0.012767647058823495,23.77179487179487,19.33333333333333
20160721_SU,32.2,28.3,61.3,32.9,62.5,28.6,32.4,65.5,27.1,28.4,75.1,24.4,23.1,82.9,21.7,23.8,92.8,20.8,29.2,60.0,26.2,32.4,66.9,27.5,235,2016-07-21,SU,7,3,21,Thursday,False,0,0,0,0,0,0,0,0,0.0,0.0,0.0,0.0,0.0,0.0,0.0,0.0,0,False,,0.004462983425414347,0.4292849035187283,0.03074999999999997,0.033689234184239705,32.62954545454546,19.07798960138648
20160721_US,26.9,22.8,85.6,26.3,85.4,23.0,26.6,91.1,23.4,29.0,87.9,24.4,28.8,84.9,25.1,23.1,97.3,22.0,27.1,81.8,23.1,30.6,78.4,25.1,11,2016-07-21,US,7,3,21,Thursday,False,0,0,0,0,0,0,0,0,0.0,0.0,0.0,0.0,0.0,0.0,0.0,0.0,0,False,,0.0052471910112359315,0.2853932584269664,0.0226713483146067,0.014207865168539297,18.155367231638422,7.866666666666666
20160722_BS,28.2,24.5,75.0,27.9,73.6,24.4,28.4,72.8,24.7,28.4,79.1,25.2,28.0,86.0,24.4,28.6,79.6,25.2,24.3,91.9,23.0,27.6,70.3,24.4,75,2016-07-22,BS,7,4,22,Friday,False,0,0,0,0,0,0,0,0,0.0,0.0,0.0,0.0,0.0,0.0,0.0,0.0,0,False,,0.00578554778554776,0.2971962616822424,0.024555776892430232,0.01334791252485087,21.63793103448276,11.122661122661123
20160722_CB,32.626666666999995,27.22,64.62,31.04,68.586666667,25.72,30.393333333,70.493333333,26.013333333000002,32.186666667,70.273333333,25.893333333,28.44,74.62,23.44,25.9,80.633333333,22.66,23.186666666999997,88.56,21.213333332999998,29.293333333000003,64.653333333,24.733333333,30,2016-07-22,CB,7,4,22,Friday,False,0,0,0,0,0,0,0,0,0.0,0.0,0.0,0.0,0.0,0.0,0.0,0.0,0,False,,0.002016129032258066,0.3068100358422943,0.033623655913978465,0.010845161290322545,19.8,9.503816793893131
20160722_CN,32.9625,27.95,78.63125,32.00625,78.4125,27.10625,32.25625,81.075,26.8625,31.8625,80.4375,25.70625,28.24375,84.43125,23.075,24.75,88.91875,22.2125,24.71875,94.4625,21.975,29.25625,76.2625,25.325,67,2016-07-22,CN,7,4,22,Friday,False,0,0,0,0,0,0,0,0,0.0,0.0,0.0,0.0,0.0,0.0,0.0,0.0,0,False,,0.001986250000000001,0.3354166666666665,0.04618333333333335,0.010524999999999991,35.1375,19.791666666666668
20160722_DG,30.6,25.1,66.4,29.2,69.1,24.1,29.0,67.5,24.7,29.8,74.4,25.1,30.9,64.4,25.9,31.6,70.1,26.0,22.8,84.4,22.1,29.8,67.5,24.3,50,2016-07-22,DG,7,4,22,Friday,False,0,0,0,0,0,0,0,0,0.0,0.0,0.0,0.0,0.0,0.0,0.0,0.0,0,False,,0.0032888888888888915,0.3150579150579151,0.03071111111111109,0.012214814814814786,24.80586080586081,14.685714285714285
20160722_DJ,33.2,28.4,71.8,31.6,74.6,27.0,31.8,77.3,27.3,32.4,76.8,26.7,28.9,78.9,24.3,26.4,83.1,23.3,24.5,92.4,22.1,30.0,71.6,25.9,34,2016-07-22,DJ,7,4,22,Friday,False,1,0,0,0,0,0,0,0,0.20000000000000284,0.0,0.0,0.0,0.0,0.0,0.0,0.0,0,False,,0.0021000000000000016,0.41458333333333375,0.047695833333333305,0.013433333333333308,32.88,16.7
20160722_GB,29.275,24.016666667,75.083333333,27.65,77.6625,23.375,26.883333333000003,80.0875,23.379166667,28.720833333,79.6375,24.145833333000002,28.779166667,78.045833333,23.816666667,29.0375,81.125,23.933333333,22.2625,93.416666667,20.945833333,28.0875,73.845833333,23.325,67,2016-07-22,GB,7,4,22,Friday,False,0,0,0,0,0,0,0,0,0.0,0.0,0.0,0.0,0.0,0.0,0.0,0.0,0,False,,0.003661340206185553,0.3154822335025365,0.025955334987593014,0.007687841191066984,18.300995024875625,10.327868852459016
20160722_GG,33.716666667,28.692857143,68.72380952399999,31.816666667,68.273809524,27.495238095,32.669047619000004,69.461904762,27.95952381,32.195238095,73.652380952,26.373809524000002,28.497619048,80.7,23.869047619,23.171428571,89.666666667,21.542857143000003,23.371428571,95.48809523799999,20.911904762,28.897619048000003,65.383333333,25.711904762,180,2016-07-22,GG,7,4,22,Friday,False,1,0,0,0,0,0,0,0,0.7166666669999984,0.0,0.0,0.0,0.0,0.0,0.0,0.0,0,False,,0.003252950643776768,0.4016866158868274,0.0375144927536233,0.021059726027397356,34.74945054945055,20.455026455026452
20160722_GJ,32.2,27.3,78.3,33.1,72.8,27.4,32.7,72.6,27.3,31.7,75.9,26.9,30.0,78.9,25.2,28.8,86.5,24.4,25.0,91.6,23.5,30.9,74.9,26.0,36,2016-07-22,GJ,7,4,22,Friday,False,0,1,0,0,0,0,0,0,0.0,0.10000000000000142,0.0,0.0,0.0,0.0,0.0,0.0,0,False,,0.006722222222222215,0.5486111111111117,0.04619444444444444,0.01888888888888887,38.25,26.392857142857146
20160722_GN,29.454545455,24.636363636,77.518181818,29.554545455,75.8,24.627272726999998,30.072727273,73.44090909100001,24.963636364,29.672727273000003,79.886363636,25.154545455,30.245454545,78.886363636,24.940909090999998,29.940909090999998,79.409090909,24.959090909,24.295454545,90.831818182,22.722727273,29.595454545,70.213636364,25.109090909000003,63,2016-07-22,GN,7,4,22,Friday,False,0,0,0,0,0,0,0,0,0.0,0.0,0.0,0.0,0.0,0.0,0.0,0.0,0,False,,0.005122526315789451,0.2905930470347648,0.02710450819672126,0.01621475409836063,30.965163934426233,16.115384615384613
20160722_GW,30.672222222,24.911111111,73.422222222,28.461111110999997,77.15,23.666666666999998,29.005555555999997,77.43333333300001,23.916666666999998,28.611111111,80.244444444,23.416666666999998,26.822222221999997,81.54444444399999,22.633333333000003,23.772222221999996,90.066666667,21.183333333,22.011111110999998,94.077777778,19.772222222,27.7,71.133333333,23.344444444,34,2016-07-22,GW,7,4,22,Friday,False,0,0,0,0,0,0,0,0,0.0,0.0,0.0,0.0,0.0,0.0,0.0,0.0,0,False,,0.0015526548672566386,0.33982300884955724,0.026008849557522088,0.009336283185840705,23.517699115044252,13.816176470588234
20160722_IC,32.29,28.42,87.36,31.51,84.86,27.87,31.57,88.07,27.91,30.34,88.46,26.02,26.59,95.29,23.04,22.55,96.96,21.09,23.42,97.11,20.91,28.29,77.61,25.57,46,2016-07-22,IC,7,4,22,Friday,False,0,0,0,0,0,0,0,0,0.0,0.0,0.0,0.0,0.0,0.0,0.0,0.0,0,False,,0.005067741935483847,0.4363636363636372,0.0335383064516129,0.0203306451612903,39.38008130081301,22.149425287356323
20160722_JB,33.12,27.513333333000002,73.3,32.62,71.94,26.966666667,32.613333333,72.626666667,27.066666667,31.873333333,77.373333333,25.573333333,28.88,78.57333333300001,23.566666667,26.973333333000003,78.953333333,23.246666667,25.733333333,85.04,23.073333333,30.453333333000003,72.806666667,25.526666666999997,87,2016-07-22,JB,7,4,22,Friday,False,1,0,0,0,0,0,0,0,0.11999999999999744,0.0,0.0,0.0,0.0,0.0,0.0,0.0,0,False,,0.0043083333333333185,0.37619047619047663,0.04418749999999999,0.010311944444444415,36.75142857142857,25.742081447963802
20160722_JJ,29.2,27.1,85.85,29.3,84.6,27.1,30.25,82.15,27.1,30.3,84.85,27.05,27.15,82.7,25.05,27.95,80.7,25.0,30.35,85.8,25.7,28.95,80.0,25.45,15,2016-07-22,JJ,7,4,22,Friday,False,0,0,0,0,0,0,0,0,0.0,0.0,0.0,0.0,0.0,0.0,0.0,0.0,0,False,,0.0019101123595505632,0.2936170212765958,0.0199157894736842,0.0057389473684210535,27.872340425531913,12.0
20160722_JN,29.754545455,25.709090909,79.240909091,30.059090909000002,76.477272727,25.672727273000003,30.459090909,75.295454545,26.022727273,30.090909091,79.959090909,25.718181818,29.281818182,80.786363636,24.381818181999996,28.122727273000002,83.695454545,24.304545455,25.631818181999996,89.35,23.381818181999996,28.840909091,76.840909091,24.877272726999998,42,2016-07-22,JN,7,4,22,Friday,False,0,0,0,0,0,0,0,0,0.0,0.0,0.0,0.0,0.0,0.0,0.0,0.0,0,False,,0.00719246231155776,0.3814720812182741,0.032384422110552764,0.013136868686868643,26.819587628865982,22.259493670886076
20160722_SU,34.1,29.1,64.0,32.2,61.3,28.3,32.9,62.5,28.6,32.4,65.5,27.1,28.4,75.1,24.4,23.1,82.9,21.7,23.8,92.8,20.8,29.2,60.0,26.2,187,2016-07-22,SU,7,4,22,Friday,False,1,0,0,0,0,0,0,0,1.1000000000000014,0.0,0.0,0.0,0.0,0.0,0.0,0.0,0,False,,0.004388157894736829,0.4223728813559323,0.03189120879120876,0.03411725663716813,37.78048780487805,22.53264604810997
20160722_US,27.2,23.0,84.5,26.9,85.6,22.8,26.3,85.4,23.0,26.6,91.1,23.4,29.0,87.9,24.4,28.8,84.9,25.1,23.1,97.3,22.0,27.1,81.8,23.1,10,2016-07-22,US,7,4,22,Friday,False,0,0,0,0,0,0,0,0,0.0,0.0,0.0,0.0,0.0,0.0,0.0,0.0,0,False,,0.005529577464788714,0.2783098591549294,0.020842253521126737,0.013233802816901384,18.99712643678161,7.861313868613138
20160723_BS,29.5,25.3,77.6,28.2,75.0,24.5,27.9,73.6,24.4,28.4,72.8,24.7,28.4,79.1,25.2,28.0,86.0,24.4,28.6,79.6,25.2,24.3,91.9,23.0,15,2016-07-23,BS,7,5,23,Saturday,False,0,0,0,0,0,0,0,0,0.0,0.0,0.0,0.0,0.0,0.0,0.0,0.0,0,True,,0.004891203703703682,0.2976851851851845,0.026317460317460302,0.013952380952380907,26.94223107569721,13.095238095238097
20160723_CB,33.113333333,28.133333333000003,67.353333333,32.626666666999995,64.62,27.22,31.04,68.586666667,25.72,30.393333333,70.493333333,26.013333333000002,32.186666667,70.273333333,25.893333333,28.44,74.62,23.44,25.9,80.633333333,22.66,23.186666666999997,88.56,21.213333332999998,10,2016-07-23,CB,7,5,23,Saturday,False,1,0,0,0,0,0,0,0,0.11333333299999993,0.0,0.0,0.0,0.0,0.0,0.0,0.0,0,True,,0.0020302083333333353,0.33229166666666665,0.04037847222222223,0.012651041666666626,26.336805555555557,13.186311787072244
20160723_CN,32.425,28.0625,80.05,32.9625,78.63125,27.95,32.00625,78.4125,27.10625,32.25625,81.075,26.8625,31.8625,80.4375,25.70625,28.24375,84.43125,23.075,24.75,88.91875,22.2125,24.71875,94.4625,21.975,15,2016-07-23,CN,7,5,23,Saturday,False,0,0,0,0,0,0,0,0,0.0,0.0,0.0,0.0,0.0,0.0,0.0,0.0,0,True,,0.0021608333333333354,0.2974999999999995,0.03939166666666667,0.008461666666666656,33.86666666666667,19.944444444444443
20160723_DG,34.0,27.3,63.5,30.6,66.4,25.1,29.2,69.1,24.1,29.0,67.5,24.7,29.8,74.4,25.1,30.9,64.4,25.9,31.6,70.1,26.0,22.8,84.4,22.1,15,2016-07-23,DG,7,5,23,Saturday,False,1,0,0,0,0,0,0,0,1.0,0.0,0.0,0.0,0.0,0.0,0.0,0.0,0,True,,0.0027604166666666693,0.2496212121212123,0.04419097222222223,0.012746527777777746,31.089605734767023,19.405263157894737
20160723_DJ,33.6,29.5,73.5,33.2,71.8,28.4,31.6,74.6,27.0,31.8,77.3,27.3,32.4,76.8,26.7,28.9,78.9,24.3,26.4,83.1,23.3,24.5,92.4,22.1,9,2016-07-23,DJ,7,5,23,Saturday,False,1,1,0,0,0,0,0,0,0.6000000000000014,0.20000000000000284,0.0,0.0,0.0,0.0,0.0,0.0,0,True,,0.002062500000000001,0.3691666666666668,0.047920833333333315,0.012029166666666629,35.90833333333333,18.483333333333334
20160723_GB,30.95,25.116666666999997,77.075,29.275,75.083333333,24.016666667,27.65,77.6625,23.375,26.883333333000003,80.0875,23.379166667,28.720833333,79.6375,24.145833333000002,28.779166667,78.045833333,23.816666667,29.0375,81.125,23.933333333,22.2625,93.416666667,20.945833333,24,2016-07-23,GB,7,5,23,Saturday,False,0,0,0,0,0,0,0,0,0.0,0.0,0.0,0.0,0.0,0.0,0.0,0.0,0,True,,0.0038747311827956868,0.33685567010309225,0.0296216216216216,0.008567676767676731,24.26753246753247,13.74054054054054
20160723_GG,31.59047619,28.297619048,76.711904762,33.716666667,68.72380952399999,28.692857143,31.816666667,68.273809524,27.495238095,32.669047619000004,69.461904762,27.95952381,32.195238095,73.652380952,26.373809524000002,28.497619048,80.7,23.869047619,23.171428571,89.666666667,21.542857143000003,23.371428571,95.48809523799999,20.911904762,44,2016-07-23,GG,7,5,23,Saturday,False,0,1,0,0,0,0,0,0,0.0,0.7166666669999984,0.0,0.0,0.0,0.0,0.0,0.0,0,True,,0.003905376910911905,0.3924050632911333,0.0310440286186021,0.018434071729957854,36.88638799571275,22.52453468697124
20160723_GJ,32.8,27.9,76.5,32.2,78.3,27.3,33.1,72.8,27.4,32.7,72.6,27.3,31.7,75.9,26.9,30.0,78.9,25.2,28.8,86.5,24.4,25.0,91.6,23.5,12,2016-07-23,GJ,7,5,23,Saturday,False,0,0,1,0,0,0,0,0,0.0,0.0,0.10000000000000142,0.0,0.0,0.0,0.0,0.0,0,True,,0.004935185185185182,0.4037037037037037,0.032587962962962944,0.014412037037037015,26.097222222222218,16.851190476190474
20160723_GN,30.631818181999996,25.563636364,76.6,29.454545455,77.518181818,24.636363636,29.554545455,75.8,24.627272726999998,30.072727273,73.44090909100001,24.963636364,29.672727273000003,79.886363636,25.154545455,30.245454545,78.886363636,24.940909090999998,29.940909090999998,79.409090909,24.959090909,24.295454545,90.831818182,22.722727273,17,2016-07-23,GN,7,5,23,Saturday,False,0,0,0,0,0,0,0,0,0.0,0.0,0.0,0.0,0.0,0.0,0.0,0.0,0,True,,0.005753124999999983,0.2962890624999998,0.031380859375000014,0.015702343749999972,34.448140900195696,18.39189189189189
20160723_GW,29.538888889000003,24.738888889000002,80.572222222,30.672222222,73.422222222,24.911111111,28.461111110999997,77.15,23.666666666999998,29.005555555999997,77.43333333300001,23.916666666999998,28.611111111,80.244444444,23.416666666999998,26.822222221999997,81.54444444399999,22.633333333000003,23.772222221999996,90.066666667,21.183333333,22.011111110999998,94.077777778,19.772222222,6,2016-07-23,GW,7,5,23,Saturday,False,0,0,0,0,0,0,0,0,0.0,0.0,0.0,0.0,0.0,0.0,0.0,0.0,0,True,,0.0015920833333333347,0.3583333333333333,0.024824999999999982,0.009687499999999984,28.17083333333333,16.633802816901408
20160723_IC,30.14,27.62,92.94,32.29,87.36,28.42,31.51,84.86,27.87,31.57,88.07,27.91,30.34,88.46,26.02,26.59,95.29,23.04,22.55,96.96,21.09,23.42,97.11,20.91,9,2016-07-23,IC,7,5,23,Saturday,False,0,0,0,0,0,0,0,0,0.0,0.0,0.0,0.0,0.0,0.0,0.0,0.0,0,True,,0.005952579365079332,0.4043650793650795,0.025900207900207858,0.015929960317460294,34.750499001996005,19.3314447592068
20160723_JB,33.453333333,27.68,74.106666667,33.12,73.3,27.513333333000002,32.62,71.94,26.966666667,32.613333333,72.626666667,27.066666667,31.873333333,77.373333333,25.573333333,28.88,78.57333333300001,23.566666667,26.973333333000003,78.953333333,23.246666667,25.733333333,85.04,23.073333333,16,2016-07-23,JB,7,5,23,Saturday,False,1,1,0,0,0,0,0,0,0.45333333300000334,0.11999999999999744,0.0,0.0,0.0,0.0,0.0,0.0,0,True,,0.004261011904761885,0.3705357142857143,0.04441666666666668,0.009347222222222205,37.85236768802229,26.385365853658534
20160723_JJ,30.7,27.65,84.55,29.2,85.85,27.1,29.3,84.6,27.1,30.25,82.15,27.1,30.3,84.85,27.05,27.15,82.7,25.05,27.95,80.7,25.0,30.35,85.8,25.7,2,2016-07-23,JJ,7,5,23,Saturday,False,0,0,0,0,0,0,0,0,0.0,0.0,0.0,0.0,0.0,0.0,0.0,0.0,0,True,,0.0025750000000000013,0.2852631578947373,0.019427083333333317,0.0049822916666666705,28.90425531914893,10.166666666666666
20160723_JN,30.813636364,26.313636364,80.045454545,29.754545455,79.240909091,25.709090909,30.059090909000002,76.477272727,25.672727273000003,30.459090909,75.295454545,26.022727273,30.090909091,79.959090909,25.718181818,29.281818182,80.786363636,24.381818181999996,28.122727273000002,83.695454545,24.304545455,25.631818181999996,89.35,23.381818181999996,16,2016-07-23,JN,7,5,23,Saturday,False,0,0,0,0,0,0,0,0,0.0,0.0,0.0,0.0,0.0,0.0,0.0,0.0,0,True,,0.0072747549019607435,0.4403645833333337,0.027747549019607836,0.01129534313725486,24.569587628865982,17.60747663551402
20160723_SU,31.6,28.7,70.4,34.1,64.0,29.1,32.2,61.3,28.3,32.9,62.5,28.6,32.4,65.5,27.1,28.4,75.1,24.4,23.1,82.9,21.7,23.8,92.8,20.8,65,2016-07-23,SU,7,5,23,Saturday,False,0,1,0,0,0,0,0,0,0.0,1.1000000000000014,0.0,0.0,0.0,0.0,0.0,0.0,0,True,,0.0046549145299145025,0.4383240223463672,0.023974557522123862,0.03270281995661603,43.65438786565547,27.261824324324326
20160723_US,29.9,24.9,84.5,27.2,84.5,23.0,26.9,85.6,22.8,26.3,85.4,23.0,26.6,91.1,23.4,29.0,87.9,24.4,28.8,84.9,25.1,23.1,97.3,22.0,2,2016-07-23,US,7,5,23,Saturday,False,0,0,0,0,0,0,0,0,0.0,0.0,0.0,0.0,0.0,0.0,0.0,0.0,0,True,,0.010094444444444392,0.3405555555555561,0.02635833333333335,0.01571944444444441,27.21508379888268,13.62937062937063
20160724_BS,30.4,26.7,85.1,29.5,77.6,25.3,28.2,75.0,24.5,27.9,73.6,24.4,28.4,72.8,24.7,28.4,79.1,25.2,28.0,86.0,24.4,28.6,79.6,25.2,0,2016-07-24,BS,7,6,24,Sunday,False,0,0,0,0,0,0,0,0,0.0,0.0,0.0,0.0,0.0,0.0,0.0,0.0,0,True,,0.006458333333333303,0.3143518518518512,0.024577464788732347,0.016944444444444408,33.35657370517928,19.930555555555557
20160724_CB,32.8,28.566666667,74.02,33.113333333,67.353333333,28.133333333000003,32.626666666999995,64.62,27.22,31.04,68.586666667,25.72,30.393333333,70.493333333,26.013333333000002,32.186666667,70.273333333,25.893333333,28.44,74.62,23.44,25.9,80.633333333,22.66,1,2016-07-24,CB,7,6,24,Sunday,False,0,1,0,0,0,0,0,0,0.0,0.11333333299999993,0.0,0.0,0.0,0.0,0.0,0.0,0,True,,0.002125000000000001,0.27048611111111176,0.027532142857142842,0.009410416666666643,24.305555555555557,11.409090909090908
20160724_CN,31.99375,27.96875,85.75625,32.425,80.05,28.0625,32.9625,78.63125,27.95,32.00625,78.4125,27.10625,32.25625,81.075,26.8625,31.8625,80.4375,25.70625,28.24375,84.43125,23.075,24.75,88.91875,22.2125,0,2016-07-24,CN,7,6,24,Sunday,False,0,0,0,0,0,0,0,0,0.0,0.0,0.0,0.0,0.0,0.0,0.0,0.0,0,True,,0.0016766666666666668,0.2416666666666668,0.027375000000000003,0.005964999999999996,26.95762711864407,16.768115942028984
20160724_DG,36.0,27.6,73.3,34.0,63.5,27.3,30.6,66.4,25.1,29.2,69.1,24.1,29.0,67.5,24.7,29.8,74.4,25.1,30.9,64.4,25.9,31.6,70.1,26.0,1,2016-07-24,DG,7,6,24,Sunday,False,1,1,0,0,0,0,0,0,3.0,1.0,0.0,0.0,0.0,0.0,0.0,0.0,0,True,,0.0037152777777777774,0.3314393939393939,0.037975694444444416,0.013437499999999977,37.269784172661865,25.016129032258068
20160724_DJ,32.9,29.6,76.8,33.6,73.5,29.5,33.2,71.8,28.4,31.6,74.6,27.0,31.8,77.3,27.3,32.4,76.8,26.7,28.9,78.9,24.3,26.4,83.1,23.3,1,2016-07-24,DJ,7,6,24,Sunday,False,0,1,1,0,0,0,0,0,0.0,0.6000000000000014,0.20000000000000284,0.0,0.0,0.0,0.0,0.0,0,True,,0.0019666666666666678,0.28499999999999953,0.031241666666666643,0.008062499999999981,27.281512605042014,14.063063063063064
20160724_GB,33.258333333,27.216666667,79.025,30.95,77.075,25.116666666999997,29.275,75.083333333,24.016666667,27.65,77.6625,23.375,26.883333333000003,80.0875,23.379166667,28.720833333,79.6375,24.145833333000002,28.779166667,78.045833333,23.816666667,29.0375,81.125,23.933333333,0,2016-07-24,GB,7,6,24,Sunday,False,1,0,0,0,0,0,0,0,0.25833333300000305,0.0,0.0,0.0,0.0,0.0,0.0,0.0,0,True,,0.004336979166666654,0.41887254901960735,0.0356985294117647,0.008906127450980364,33.18537859007833,22.12972972972973
20160724_GG,30.988095238000003,27.976190476,82.98095238100001,31.59047619,76.711904762,28.297619048,33.716666667,68.72380952399999,28.692857143,31.816666667,68.273809524,27.495238095,32.669047619000004,69.461904762,27.95952381,32.195238095,73.652380952,26.373809524000002,28.497619048,80.7,23.869047619,23.171428571,89.666666667,21.542857143000003,9,2016-07-24,GG,7,6,24,Sunday,False,0,0,1,0,0,0,0,0,0.0,0.0,0.7166666669999984,0.0,0.0,0.0,0.0,0.0,0,True,,0.0038037539103231936,0.3646965699208409,0.020948315911730516,0.01417577836411612,32.35579514824798,21.247818499127398
20160724_GJ,34.2,29.3,79.5,32.8,76.5,27.9,32.2,78.3,27.3,33.1,72.8,27.4,32.7,72.6,27.3,31.7,75.9,26.9,30.0,78.9,25.2,28.8,86.5,24.4,0,2016-07-24,GJ,7,6,24,Sunday,False,1,0,0,1,0,0,0,0,1.2000000000000028,0.0,0.0,0.10000000000000142,0.0,0.0,0.0,0.0,0,True,,0.0019351851851851867,0.26944444444444376,0.026453703703703684,0.008162037037037027,19.837962962962962,12.172619047619047
20160724_GN,33.031818181999995,27.277272727,81.222727273,30.631818181999996,76.6,25.563636364,29.454545455,77.518181818,24.636363636,29.554545455,75.8,24.627272726999998,30.072727273,73.44090909100001,24.963636364,29.672727273000003,79.886363636,25.154545455,30.245454545,78.886363636,24.940909090999998,29.940909090999998,79.409090909,24.959090909,1,2016-07-24,GN,7,6,24,Sunday,False,1,0,0,0,0,0,0,0,0.03181818199999498,0.0,0.0,0.0,0.0,0.0,0.0,0.0,0,True,,0.004818700787401549,0.2984848484848476,0.02825568181818178,0.01196704545454542,35.893738140417454,22.54811715481172
20160724_GW,28.222222222,25.227777778000004,86.744444444,29.538888889000003,80.572222222,24.738888889000002,30.672222222,73.422222222,24.911111111,28.461111110999997,77.15,23.666666666999998,29.005555555999997,77.43333333300001,23.916666666999998,28.611111111,80.244444444,23.416666666999998,26.822222221999997,81.54444444399999,22.633333333000003,23.772222221999996,90.066666667,21.183333333,1,2016-07-24,GW,7,6,24,Sunday,False,0,0,0,0,0,0,0,0,0.0,0.0,0.0,0.0,0.0,0.0,0.0,0.0,0,True,,0.0015525000000000024,0.3333333333333329,0.022470833333333315,0.008379999999999986,29.841666666666665,18.529850746268657
20160724_IC,28.68,26.85,96.89,30.14,92.94,27.62,32.29,87.36,28.42,31.51,84.86,27.87,31.57,88.07,27.91,30.34,88.46,26.02,26.59,95.29,23.04,22.55,96.96,21.09,1,2016-07-24,IC,7,6,24,Sunday,False,0,0,0,0,0,0,0,0,0.0,0.0,0.0,0.0,0.0,0.0,0.0,0.0,0,True,,0.0046200396825396605,0.3613095238095233,0.019599999999999958,0.011952806652806632,30.791252485089466,16.634560906515578
20160724_JB,33.473333333,28.206666666999997,76.673333333,33.453333333,74.106666667,27.68,33.12,73.3,27.513333333000002,32.62,71.94,26.966666667,32.613333333,72.626666667,27.066666667,31.873333333,77.373333333,25.573333333,28.88,78.57333333300001,23.566666667,26.973333333000003,78.953333333,23.246666667,3,2016-07-24,JB,7,6,24,Sunday,False,1,1,1,0,0,0,0,0,0.47333333299999936,0.45333333300000334,0.11999999999999744,0.0,0.0,0.0,0.0,0.0,0,True,,0.0031809523809523807,0.2678571428571421,0.031686746987951785,0.006596078431372535,27.78333333333333,17.624413145539908
20160724_JN,32.431818182,28.040909091,83.3,30.813636364,80.045454545,26.313636364,29.754545455,79.240909091,25.709090909,30.059090909000002,76.477272727,25.672727273000003,30.459090909,75.295454545,26.022727273,30.090909091,79.959090909,25.718181818,29.281818182,80.786363636,24.381818181999996,28.122727273000002,83.695454545,24.304545455,2,2016-07-24,JN,7,6,24,Sunday,False,0,0,0,0,0,0,0,0,0.0,0.0,0.0,0.0,0.0,0.0,0.0,0.0,0,True,,0.0053762254901960575,0.3612987012987002,0.022164215686274483,0.00946176470588232,27.554123711340214,19.951351351351352
20160724_SU,30.1,28.0,77.9,31.6,70.4,28.7,34.1,64.0,29.1,32.2,61.3,28.3,32.9,62.5,28.6,32.4,65.5,27.1,28.4,75.1,24.4,23.1,82.9,21.7,12,2016-07-24,SU,7,6,24,Sunday,False,0,0,1,0,0,0,0,0,0.0,0.0,1.1000000000000014,0.0,0.0,0.0,0.0,0.0,0,True,,0.004423529411764689,0.3814898419864557,0.015071849234393366,0.02386004273504269,38.487567567567574,24.882852292020374
20160724_US,33.3,27.4,84.8,29.9,84.5,24.9,27.2,84.5,23.0,26.9,85.6,22.8,26.3,85.4,23.0,26.6,91.1,23.4,29.0,87.9,24.4,28.8,84.9,25.1,0,2016-07-24,US,7,6,24,Sunday,False,1,0,0,0,0,0,0,0,0.29999999999999716,0.0,0.0,0.0,0.0,0.0,0.0,0.0,0,True,,0.0075972222222221875,0.41111111111111215,0.02612181303116145,0.01662777777777774,32.95543175487465,20.506944444444443
20160725_BS,31.2,27.5,85.4,30.4,85.1,26.7,29.5,77.6,25.3,28.2,75.0,24.5,27.9,73.6,24.4,28.4,72.8,24.7,28.4,79.1,25.2,28.0,86.0,24.4,80,2016-07-25,BS,7,0,25,Monday,False,0,0,0,0,0,0,0,0,0.0,0.0,0.0,0.0,0.0,0.0,0.0,0.0,0,False,,0.005933962264150917,0.3492924528301889,0.019657505285412245,0.021082828282828276,35.981744421906704,22.468302658486706
20160725_CB,32.486666667,28.233333333,75.62,32.8,74.02,28.566666667,33.113333333,67.353333333,28.133333333000003,32.626666666999995,64.62,27.22,31.04,68.586666667,25.72,30.393333333,70.493333333,26.013333333000002,32.186666667,70.273333333,25.893333333,28.44,74.62,23.44,31,2016-07-25,CB,7,0,25,Monday,False,0,0,1,0,0,0,0,0,0.0,0.0,0.11333333299999993,0.0,0.0,0.0,0.0,0.0,0,False,,0.002040989399293288,0.2600706713780925,0.02302238805970146,0.012608127208480542,26.821678321678323,14.13358778625954
20160725_CN,31.88125,27.78125,85.3125,31.99375,85.75625,27.96875,32.425,80.05,28.0625,32.9625,78.63125,27.95,32.00625,78.4125,27.10625,32.25625,81.075,26.8625,31.8625,80.4375,25.70625,28.24375,84.43125,23.075,56,2016-07-25,CN,7,0,25,Monday,False,0,0,0,0,0,0,0,0,0.0,0.0,0.0,0.0,0.0,0.0,0.0,0.0,0,False,,0.0018195833333333352,0.2404166666666669,0.0252083333333333,0.0071841666666666625,28.785714285714285,19.01388888888889
20160725_DG,32.6,27.1,83.9,36.0,73.3,27.6,34.0,63.5,27.3,30.6,66.4,25.1,29.2,69.1,24.1,29.0,67.5,24.7,29.8,74.4,25.1,30.9,64.4,25.9,71,2016-07-25,DG,7,0,25,Monday,False,0,1,1,0,0,0,0,0,0.0,3.0,1.0,0.0,0.0,0.0,0.0,0.0,0,False,,0.0024062500000000017,0.30227272727272736,0.01732986111111108,0.017461805555555533,34.29710144927536,22.320652173913047
20160725_DJ,32.5,29.2,75.0,32.9,76.8,29.6,33.6,73.5,29.5,33.2,71.8,28.4,31.6,74.6,27.0,31.8,77.3,27.3,32.4,76.8,26.7,28.9,78.9,24.3,41,2016-07-25,DJ,7,0,25,Monday,False,0,0,1,1,0,0,0,0,0.0,0.0,0.6000000000000014,0.20000000000000284,0.0,0.0,0.0,0.0,0,False,,0.002062500000000001,0.27916666666666656,0.029033333333333317,0.010387499999999977,26.46808510638298,14.191666666666665
20160725_GB,30.891666667,26.6375,88.05,33.258333333,79.025,27.216666667,30.95,77.075,25.116666666999997,29.275,75.083333333,24.016666667,27.65,77.6625,23.375,26.883333333000003,80.0875,23.379166667,28.720833333,79.6375,24.145833333000002,28.779166667,78.045833333,23.816666667,65,2016-07-25,GB,7,0,25,Monday,False,0,1,0,0,0,0,0,0,0.0,0.25833333300000305,0.0,0.0,0.0,0.0,0.0,0.0,0,False,,0.003891884816753917,0.4204999999999995,0.021697499999999974,0.010678999999999977,32.59416445623342,18.956989247311828
20160725_GG,31.752380952,28.138095238000002,82.945238095,30.988095238000003,82.98095238100001,27.976190476,31.59047619,76.711904762,28.297619048,33.716666667,68.72380952399999,28.692857143,31.816666667,68.273809524,27.495238095,32.669047619000004,69.461904762,27.95952381,32.195238095,73.652380952,26.373809524000002,28.497619048,80.7,23.869047619,238,2016-07-25,GG,7,0,25,Monday,False,0,0,0,1,0,0,0,0,0.0,0.0,0.0,0.7166666669999984,0.0,0.0,0.0,0.0,0,False,,0.0039857981847303174,0.3612045577862148,0.02090436341900779,0.018043191721132872,36.5040827436037,24.48939929328622
20160725_GJ,33.9,29.6,77.6,34.2,79.5,29.3,32.8,76.5,27.9,32.2,78.3,27.3,33.1,72.8,27.4,32.7,72.6,27.3,31.7,75.9,26.9,30.0,78.9,25.2,48,2016-07-25,GJ,7,0,25,Monday,False,1,1,0,0,1,0,0,0,0.8999999999999986,1.2000000000000028,0.0,0.0,0.10000000000000142,0.0,0.0,0.0,0,False,,0.0019768518518518533,0.29212962962962885,0.02351388888888884,0.011680555555555529,22.49537037037037,13.36904761904762
20160725_GN,33.227272727,27.740909091,84.595454545,33.031818181999995,81.222727273,27.277272727,30.631818181999996,76.6,25.563636364,29.454545455,77.518181818,24.636363636,29.554545455,75.8,24.627272726999998,30.072727273,73.44090909100001,24.963636364,29.672727273000003,79.886363636,25.154545455,30.245454545,78.886363636,24.940909090999998,69,2016-07-25,GN,7,0,25,Monday,False,1,1,0,0,0,0,0,0,0.227272726999999,0.03181818199999498,0.0,0.0,0.0,0.0,0.0,0.0,0,False,,0.004173505976095598,0.3307392996108949,0.023283757338551817,0.015069649805447444,36.131782945736425,22.470588235294123
20160725_GW,28.466666667,25.233333333,88.25,28.222222222,86.744444444,25.227777778000004,29.538888889000003,80.572222222,24.738888889000002,30.672222222,73.422222222,24.911111111,28.461111110999997,77.15,23.666666666999998,29.005555555999997,77.43333333300001,23.916666666999998,28.611111111,80.244444444,23.416666666999998,26.822222221999997,81.54444444399999,22.633333333000003,51,2016-07-25,GW,7,0,25,Monday,False,0,0,0,0,0,0,0,0,0.0,0.0,0.0,0.0,0.0,0.0,0.0,0.0,0,False,,0.0015130630630630652,0.3447963800904977,0.02310810810810808,0.008840990990990982,33.0337552742616,21.834645669291334
20160725_IC,29.77,26.92,96.59,28.68,96.89,26.85,30.14,92.94,27.62,32.29,87.36,28.42,31.51,84.86,27.87,31.57,88.07,27.91,30.34,88.46,26.02,26.59,95.29,23.04,44,2016-07-25,IC,7,0,25,Monday,False,0,0,0,0,0,0,0,0,0.0,0.0,0.0,0.0,0.0,0.0,0.0,0.0,0,False,,0.004973387096774164,0.3566801619433199,0.018245762711864386,0.014434533898305062,34.57142857142857,21.89320388349515
20160725_JB,32.886666667,28.373333333,77.593333333,33.473333333,76.673333333,28.206666666999997,33.453333333,74.106666667,27.68,33.12,73.3,27.513333333000002,32.62,71.94,26.966666667,32.613333333,72.626666667,27.066666667,31.873333333,77.373333333,25.573333333,28.88,78.57333333300001,23.566666667,91,2016-07-25,JB,7,0,25,Monday,False,0,1,1,1,0,0,0,0,0.0,0.47333333299999936,0.45333333300000334,0.11999999999999744,0.0,0.0,0.0,0.0,0,False,,0.003319047619047619,0.2583333333333326,0.029621538461538463,0.008353333333333317,29.008356545961004,17.643192488262912
20160725_JJ,31.2,28.4,82.2,30.6,84.35,28.25,30.7,84.55,27.65,29.2,85.85,27.1,29.3,84.6,27.1,30.25,82.15,27.1,30.3,84.85,27.05,27.15,82.7,25.05,18,2016-07-25,JJ,7,0,25,Monday,False,0,0,0,0,0,0,0,0,0.0,0.0,0.0,0.0,0.0,0.0,0.0,0.0,0,False,,0.003552083333333335,0.2915789473684213,0.018906249999999986,0.006132291666666665,25.98701298701299,11.666666666666664
20160725_JN,32.772727273,28.554545455,80.804545455,32.431818182,83.3,28.040909091,30.813636364,80.045454545,26.313636364,29.754545455,79.240909091,25.709090909,30.059090909000002,76.477272727,25.672727273000003,30.459090909,75.295454545,26.022727273,30.090909091,79.959090909,25.718181818,29.281818182,80.786363636,24.381818181999996,73,2016-07-25,JN,7,0,25,Monday,False,0,0,0,0,0,0,0,0,0.0,0.0,0.0,0.0,0.0,0.0,0.0,0.0,0,False,,0.003554166666666649,0.3687192118226592,0.021485294117647057,0.00812794117647056,27.96348314606741,19.75824175824176
20160725_SU,31.4,28.4,75.3,30.1,77.9,28.0,31.6,70.4,28.7,34.1,64.0,29.1,32.2,61.3,28.3,32.9,62.5,28.6,32.4,65.5,27.1,28.4,75.1,24.4,228,2016-07-25,SU,7,0,25,Monday,False,0,0,0,1,0,0,0,0,0.0,0.0,0.0,1.1000000000000014,0.0,0.0,0.0,0.0,0,False,,0.004962203023758053,0.3899999999999995,0.01632563510392608,0.029556756756756692,44.7011111111111,30.70288624787776
20160725_US,31.7,26.7,93.4,33.3,84.8,27.4,29.9,84.5,24.9,27.2,84.5,23.0,26.9,85.6,22.8,26.3,85.4,23.0,26.6,91.1,23.4,29.0,87.9,24.4,15,2016-07-25,US,7,0,25,Monday,False,0,1,0,0,0,0,0,0,0.0,0.29999999999999716,0.0,0.0,0.0,0.0,0.0,0.0,0,False,,0.0057195467422096035,0.5526912181303127,0.017130303030303003,0.022541076487252117,34.88695652173913,22.956521739130434
20160726_BS,31.1,28.3,82.1,31.2,85.4,27.5,30.4,85.1,26.7,29.5,77.6,25.3,28.2,75.0,24.5,27.9,73.6,24.4,28.4,72.8,24.7,28.4,79.1,25.2,80,2016-07-26,BS,7,1,26,Tuesday,False,0,0,0,0,0,0,0,0,0.0,0.0,0.0,0.0,0.0,0.0,0.0,0.0,0,False,,0.005218527315914467,0.32090261282660304,0.021054054054054024,0.016744421906693674,32.19595959595959,17.365656565656565
20160726_CB,33.206666667,28.066666667,69.246666667,32.486666667,75.62,28.233333333,32.8,74.02,28.566666667,33.113333333,67.353333333,28.133333333000003,32.626666666999995,64.62,27.22,31.04,68.586666667,25.72,30.393333333,70.493333333,26.013333333000002,32.186666667,70.273333333,25.893333333,37,2016-07-26,CB,7,1,26,Tuesday,False,1,0,0,1,0,0,0,0,0.20666666700000036,0.0,0.0,0.11333333299999993,0.0,0.0,0.0,0.0,0,False,,0.0020881918819188206,0.24907749077490896,0.020022140221402186,0.012604797047970457,23.674074074074074,11.987854251012148
20160726_CN,32.375,27.7625,82.85625,31.88125,85.3125,27.78125,31.99375,85.75625,27.96875,32.425,80.05,28.0625,32.9625,78.63125,27.95,32.00625,78.4125,27.10625,32.25625,81.075,26.8625,31.8625,80.4375,25.70625,59,2016-07-26,CN,7,1,26,Tuesday,False,0,0,0,0,0,0,0,0,0.0,0.0,0.0,0.0,0.0,0.0,0.0,0.0,0,False,,0.001672500000000003,0.2375000000000004,0.018916666666666644,0.007714999999999992,27.029166666666665,17.87142857142857
20160726_DG,35.0,29.7,68.6,32.6,83.9,27.1,36.0,73.3,27.6,34.0,63.5,27.3,30.6,66.4,25.1,29.2,69.1,24.1,29.0,67.5,24.7,29.8,74.4,25.1,57,2016-07-26,DG,7,1,26,Tuesday,False,1,0,1,1,0,0,0,0,2.0,0.0,3.0,1.0,0.0,0.0,0.0,0.0,0,False,,0.002723776223776225,0.2778625954198475,0.02119930069930067,0.013083916083916059,31.770609318996414,19.02659574468085
20160726_DJ,33.3,29.0,73.5,32.5,75.0,29.2,32.9,76.8,29.6,33.6,73.5,29.5,33.2,71.8,28.4,31.6,74.6,27.0,31.8,77.3,27.3,32.4,76.8,26.7,22,2016-07-26,DJ,7,1,26,Tuesday,False,1,0,0,1,1,0,0,0,0.29999999999999716,0.0,0.0,0.6000000000000014,0.20000000000000284,0.0,0.0,0.0,0,False,,0.002125000000000001,0.34874999999999906,0.019904166666666646,0.012312499999999964,23.50833333333333,11.575
20160726_GB,34.0,28.358333333,75.2125,30.891666667,88.05,26.6375,33.258333333,79.025,27.216666667,30.95,77.075,25.116666666999997,29.275,75.083333333,24.016666667,27.65,77.6625,23.375,26.883333333000003,80.0875,23.379166667,28.720833333,79.6375,24.145833333000002,56,2016-07-26,GB,7,1,26,Tuesday,False,1,0,1,0,0,0,0,0,1.0,0.0,0.25833333300000305,0.0,0.0,0.0,0.0,0.0,0,False,,0.0032564039408866843,0.3566502463054181,0.025848258706467644,0.008880788177339878,27.48138957816377,14.505681818181818
20160726_GG,31.976190476,27.828571429,78.57619047600001,31.752380952,82.945238095,28.138095238000002,30.988095238000003,82.98095238100001,27.976190476,31.59047619,76.711904762,28.297619048,33.716666667,68.72380952399999,28.692857143,31.816666667,68.273809524,27.495238095,32.669047619000004,69.461904762,27.95952381,32.195238095,73.652380952,26.373809524000002,194,2016-07-26,GG,7,1,26,Tuesday,False,0,0,0,0,1,0,0,0,0.0,0.0,0.0,0.0,0.7166666669999984,0.0,0.0,0.0,0,False,,0.004474258474576217,0.35633047210300245,0.014306992609437156,0.0174214592274678,32.707659115426104,20.64695652173913
20160726_GJ,34.3,29.8,77.9,33.9,77.6,29.6,34.2,79.5,29.3,32.8,76.5,27.9,32.2,78.3,27.3,33.1,72.8,27.4,32.7,72.6,27.3,31.7,75.9,26.9,44,2016-07-26,GJ,7,1,26,Tuesday,False,1,1,1,0,0,1,0,0,1.2999999999999972,0.8999999999999986,1.2000000000000028,0.0,0.0,0.10000000000000142,0.0,0.0,0,False,,0.0019722222222222237,0.28749999999999915,0.020731481481481448,0.011717592592592576,19.95833333333333,11.339285714285715
20160726_GN,33.118181818000004,28.55,81.290909091,33.227272727,84.595454545,27.740909091,33.031818181999995,81.222727273,27.277272727,30.631818181999996,76.6,25.563636364,29.454545455,77.518181818,24.636363636,29.554545455,75.8,24.627272726999998,30.072727273,73.44090909100001,24.963636364,29.672727273000003,79.886363636,25.154545455,60,2016-07-26,GN,7,1,26,Tuesday,False,1,1,1,0,0,0,0,0,0.1181818180000036,0.227272726999999,0.03181818199999498,0.0,0.0,0.0,0.0,0.0,0,False,,0.003546843177189395,0.2991869918699185,0.020383534136546137,0.011591767068273062,32.104,17.42543859649123
20160726_GW,30.316666667,26.305555555999998,79.75,28.466666667,88.25,25.233333333,28.222222222,86.744444444,25.227777778000004,29.538888889000003,80.572222222,24.738888889000002,30.672222222,73.422222222,24.911111111,28.461111110999997,77.15,23.666666666999998,29.005555555999997,77.43333333300001,23.916666666999998,28.611111111,80.244444444,23.416666666999998,26,2016-07-26,GW,7,1,26,Tuesday,False,0,0,0,0,0,0,0,0,0.0,0.0,0.0,0.0,0.0,0.0,0.0,0.0,0,False,,0.0015530172413793116,0.3116379310344824,0.024818965517241345,0.00907112068965516,35.61038961038961,22.31007751937985
20160726_IC,29.18,26.93,96.26,29.77,96.59,26.92,28.68,96.89,26.85,30.14,92.94,27.62,32.29,87.36,28.42,31.51,84.86,27.87,31.57,88.07,27.91,30.34,88.46,26.02,54,2016-07-26,IC,7,1,26,Tuesday,False,0,0,0,0,0,0,0,0,0.0,0.0,0.0,0.0,0.0,0.0,0.0,0.0,0,False,,0.005487804878048749,0.3336099585062233,0.013871794871794844,0.01466965811965808,32.19753086419753,18.90577507598784
20160726_JB,33.426666667,28.346666666999997,75.826666667,32.886666667,77.593333333,28.373333333,33.473333333,76.673333333,28.206666666999997,33.453333333,74.106666667,27.68,33.12,73.3,27.513333333000002,32.62,71.94,26.966666667,32.613333333,72.626666667,27.066666667,31.873333333,77.373333333,25.573333333,88,2016-07-26,JB,7,1,26,Tuesday,False,1,0,1,1,1,0,0,0,0.4266666669999992,0.0,0.47333333299999936,0.45333333300000334,0.11999999999999744,0.0,0.0,0.0,0,False,,0.003191265060240965,0.26084337349397496,0.023680722891566242,0.00876910112359548,24.96348314606741,14.542857142857144
20160726_JJ,31.5,28.75,83.05,31.2,82.2,28.4,30.6,84.35,28.25,30.7,84.55,27.65,29.2,85.85,27.1,29.3,84.6,27.1,30.25,82.15,27.1,30.3,84.85,27.05,7,2016-07-26,JJ,7,1,26,Tuesday,False,0,0,0,0,0,0,0,0,0.0,0.0,0.0,0.0,0.0,0.0,0.0,0.0,0,False,,0.0033958333333333353,0.3000000000000001,0.017666666666666653,0.005214583333333335,25.670731707317074,9.506493506493506
20160726_JN,32.681818182,28.5,82.218181818,32.772727273,80.804545455,28.554545455,32.431818182,83.3,28.040909091,30.813636364,80.045454545,26.313636364,29.754545455,79.240909091,25.709090909,30.059090909000002,76.477272727,25.672727273000003,30.459090909,75.295454545,26.022727273,30.090909091,79.959090909,25.718181818,62,2016-07-26,JN,7,1,26,Tuesday,False,0,0,0,0,0,0,0,0,0.0,0.0,0.0,0.0,0.0,0.0,0.0,0.0,0,False,,0.0037514705882352797,0.3788029925187023,0.021325980392156857,0.008419607843137226,23.949101796407184,16.95336787564767
20160726_SU,31.9,28.4,69.0,31.4,75.3,28.4,30.1,77.9,28.0,31.6,70.4,28.7,34.1,64.0,29.1,32.2,61.3,28.3,32.9,62.5,28.6,32.4,65.5,27.1,239,2016-07-26,SU,7,1,26,Tuesday,False,0,0,0,0,1,0,0,0,0.0,0.0,0.0,0.0,1.1000000000000014,0.0,0.0,0.0,0,False,,0.004874732334047054,0.37190527448869787,0.012627408993575971,0.024958244111348952,35.29471316085489,23.55123674911661
20160726_US,33.8,28.6,83.5,31.7,93.4,26.7,33.3,84.8,27.4,29.9,84.5,24.9,27.2,84.5,23.0,26.9,85.6,22.8,26.3,85.4,23.0,26.6,91.1,23.4,13,2016-07-26,US,7,1,26,Tuesday,False,1,0,1,0,0,0,0,0,0.7999999999999972,0.0,0.29999999999999716,0.0,0.0,0.0,0.0,0.0,0,False,,0.00650140845070421,0.5597183098591564,0.02468168168168165,0.018571830985915447,37.44225352112676,22.46853146853147
20160727_BS,32.2,28.7,80.0,31.1,82.1,28.3,31.2,85.4,27.5,30.4,85.1,26.7,29.5,77.6,25.3,28.2,75.0,24.5,27.9,73.6,24.4,28.4,72.8,24.7,76,2016-07-27,BS,7,2,27,Wednesday,False,0,0,0,0,0,0,0,0,0.0,0.0,0.0,0.0,0.0,0.0,0.0,0.0,0,False,,0.004762910798122044,0.2890510948905108,0.021931863727454884,0.013315261044176671,27.3682092555332,13.177453027139876
20160727_CB,31.7,27.54,74.813333333,33.206666667,69.246666667,28.066666667,32.486666667,75.62,28.233333333,32.8,74.02,28.566666667,33.113333333,67.353333333,28.133333333000003,32.626666666999995,64.62,27.22,31.04,68.586666667,25.72,30.393333333,70.493333333,26.013333333000002,30,2016-07-27,CB,7,2,27,Wednesday,False,0,1,0,0,1,0,0,0,0.0,0.20666666700000036,0.0,0.0,0.11333333299999993,0.0,0.0,0.0,0,False,,0.0020369230769230785,0.2653846153846165,0.016842307692307663,0.012016923076923043,22.33333333333333,10.004201680672267
20160727_CN,30.525,27.46875,87.45,32.375,82.85625,27.7625,31.88125,85.3125,27.78125,31.99375,85.75625,27.96875,32.425,80.05,28.0625,32.9625,78.63125,27.95,32.00625,78.4125,27.10625,32.25625,81.075,26.8625,49,2016-07-27,CN,7,2,27,Wednesday,False,0,0,0,0,0,0,0,0,0.0,0.0,0.0,0.0,0.0,0.0,0.0,0.0,0,False,,0.0016830508474576292,0.27711864406779657,0.023377118644067774,0.0068396624472573785,27.299145299145298,17.791666666666668
20160727_DG,36.1,30.3,63.5,35.0,68.6,29.7,32.6,83.9,27.1,36.0,73.3,27.6,34.0,63.5,27.3,30.6,66.4,25.1,29.2,69.1,24.1,29.0,67.5,24.7,56,2016-07-27,DG,7,2,27,Wednesday,False,1,1,0,1,1,0,0,0,3.1000000000000014,2.0,0.0,3.0,1.0,0.0,0.0,0.0,0,False,,0.003545454545454547,0.2496153846153845,0.022513986013986,0.0103251748251748,25.12903225806452,14.365591397849462
20160727_DJ,31.8,28.7,77.9,33.3,73.5,29.0,32.5,75.0,29.2,32.9,76.8,29.6,33.6,73.5,29.5,33.2,71.8,28.4,31.6,74.6,27.0,31.8,77.3,27.3,20,2016-07-27,DJ,7,2,27,Wednesday,False,0,1,0,0,1,1,0,0,0.0,0.29999999999999716,0.0,0.0,0.6000000000000014,0.20000000000000284,0.0,0.0,0,False,,0.0018396624472573851,0.3499999999999986,0.020889830508474563,0.011979166666666636,25.69583333333333,11.391666666666667
20160727_GB,34.141666666999996,28.820833333000003,71.108333333,34.0,75.2125,28.358333333,30.891666667,88.05,26.6375,33.258333333,79.025,27.216666667,30.95,77.075,25.116666666999997,29.275,75.083333333,24.016666667,27.65,77.6625,23.375,26.883333333000003,80.0875,23.379166667,60,2016-07-27,GB,7,2,27,Wednesday,False,1,1,0,1,0,0,0,0,1.1416666669999955,1.0,0.0,0.25833333300000305,0.0,0.0,0.0,0.0,0,False,,0.003769696969696961,0.3564231738035257,0.026086734693877508,0.008453535353535333,26.081012658227852,12.982658959537574
20160727_GG,29.226190476,27.238095238000003,83.926190476,31.976190476,78.57619047600001,27.828571429,31.752380952,82.945238095,28.138095238000002,30.988095238000003,82.98095238100001,27.976190476,31.59047619,76.711904762,28.297619048,33.716666667,68.72380952399999,28.692857143,31.816666667,68.273809524,27.495238095,32.669047619000004,69.461904762,27.95952381,199,2016-07-27,GG,7,2,27,Wednesday,False,0,0,0,0,0,1,0,0,0.0,0.0,0.0,0.0,0.0,0.7166666669999984,0.0,0.0,0,False,,0.004636604774535764,0.3679204728640481,0.016007299270072974,0.016886734693877473,30.947537473233403,19.239655172413798
20160727_GJ,32.8,28.8,82.0,34.3,77.9,29.8,33.9,77.6,29.6,34.2,79.5,29.3,32.8,76.5,27.9,32.2,78.3,27.3,33.1,72.8,27.4,32.7,72.6,27.3,31,2016-07-27,GJ,7,2,27,Wednesday,False,0,1,1,1,0,0,1,0,0.0,1.2999999999999972,0.8999999999999986,1.2000000000000028,0.0,0.0,0.10000000000000142,0.0,0,False,,0.0019665071770334944,0.2779904306220086,0.018904306220095674,0.010244019138755963,20.109523809523807,11.582822085889573
20160727_GN,33.7,29.013636364,78.3,33.118181818000004,81.290909091,28.55,33.227272727,84.595454545,27.740909091,33.031818181999995,81.222727273,27.277272727,30.631818181999996,76.6,25.563636364,29.454545455,77.518181818,24.636363636,29.554545455,75.8,24.627272726999998,30.072727273,73.44090909100001,24.963636364,66,2016-07-27,GN,7,2,27,Wednesday,False,1,1,1,1,0,0,0,0,0.7000000000000028,0.1181818180000036,0.227272726999999,0.03181818199999498,0.0,0.0,0.0,0.0,0,False,,0.003532803180914496,0.2710891089108908,0.02161584158415837,0.00942475247524749,26.47151277013753,13.124444444444444
20160727_GW,29.238888889000002,26.488888889000002,78.84444444399999,30.316666667,79.75,26.305555555999998,28.466666667,88.25,25.233333333,28.222222222,86.744444444,25.227777778000004,29.538888889000003,80.572222222,24.738888889000002,30.672222222,73.422222222,24.911111111,28.461111110999997,77.15,23.666666666999998,29.005555555999997,77.43333333300001,23.916666666999998,35,2016-07-27,GW,7,2,27,Wednesday,False,0,0,0,0,0,0,0,0,0.0,0.0,0.0,0.0,0.0,0.0,0.0,0.0,0,False,,0.0015828326180257525,0.2952789699570804,0.01932618025751069,0.010237768240343332,31.38362068965517,17.955223880597018
20160727_IC,28.02,26.64,96.54,29.18,96.26,26.93,29.77,96.59,26.92,28.68,96.89,26.85,30.14,92.94,27.62,32.29,87.36,28.42,31.51,84.86,27.87,31.57,88.07,27.91,49,2016-07-27,IC,7,2,27,Wednesday,False,0,0,0,0,0,0,0,0,0.0,0.0,0.0,0.0,0.0,0.0,0.0,0.0,0,False,,0.005494780793319393,0.34665127020785125,0.018477223427331848,0.0145608791208791,32.25792811839324,17.107361963190186
20160727_JB,32.853333333,28.173333333000002,74.74,33.426666667,75.826666667,28.346666666999997,32.886666667,77.593333333,28.373333333,33.473333333,76.673333333,28.206666666999997,33.453333333,74.106666667,27.68,33.12,73.3,27.513333333000002,32.62,71.94,26.966666667,32.613333333,72.626666667,27.066666667,52,2016-07-27,JB,7,2,27,Wednesday,False,0,1,0,1,1,1,0,0,0.0,0.4266666669999992,0.0,0.47333333299999936,0.45333333300000334,0.11999999999999744,0.0,0.0,0,False,,0.0030100609756097594,0.2645833333333323,0.025760606060606043,0.007454829545454528,26.00280112044818,14.804651162790696
20160727_JJ,32.15,29.05,83.3,31.5,83.05,28.75,31.2,82.2,28.4,30.6,84.35,28.25,30.7,84.55,27.65,29.2,85.85,27.1,29.3,84.6,27.1,30.25,82.15,27.1,14,2016-07-27,JJ,7,2,27,Wednesday,False,0,0,0,0,0,0,0,0,0.0,0.0,0.0,0.0,0.0,0.0,0.0,0.0,0,False,,0.0039687500000000035,0.30421052631578954,0.015197916666666662,0.005572916666666664,28.085714285714282,10.204545454545457
20160727_JN,32.213636364,28.213636364,84.304545455,32.681818182,82.218181818,28.5,32.772727273,80.804545455,28.554545455,32.431818182,83.3,28.040909091,30.813636364,80.045454545,26.313636364,29.754545455,79.240909091,25.709090909,30.059090909000002,76.477272727,25.672727273000003,30.459090909,75.295454545,26.022727273,63,2016-07-27,JN,7,2,27,Wednesday,False,0,0,0,0,0,0,0,0,0.0,0.0,0.0,0.0,0.0,0.0,0.0,0.0,0,False,,0.003276623376623373,0.3695417789757405,0.018403598971722324,0.0074469849246230815,22.006968641114984,15.468354430379748
20160727_SU,28.9,27.6,76.4,31.9,69.0,28.4,31.4,75.3,28.4,30.1,77.9,28.0,31.6,70.4,28.7,34.1,64.0,29.1,32.2,61.3,28.3,32.9,62.5,28.6,205,2016-07-27,SU,7,2,27,Wednesday,False,0,0,0,0,0,1,0,0,0.0,0.0,0.0,0.0,0.0,1.1000000000000014,0.0,0.0,0,False,,0.004738121546961296,0.3938529088913284,0.013566332218506076,0.02454395604395596,35.86159169550173,22.95811518324607
20160727_US,33.6,29.0,77.3,33.8,83.5,28.6,31.7,93.4,26.7,33.3,84.8,27.4,29.9,84.5,24.9,27.2,84.5,23.0,26.9,85.6,22.8,26.3,85.4,23.0,10,2016-07-27,US,7,2,27,Wednesday,False,1,1,0,1,0,0,0,0,0.6000000000000014,0.7999999999999972,0.0,0.29999999999999716,0.0,0.0,0.0,0.0,0,False,,0.0076232294617563515,0.4070821529745041,0.02410481586402261,0.015322946175637366,30.01983002832861,17.725925925925925
20160728_BS,31.4,28.5,81.6,32.2,80.0,28.7,31.1,82.1,28.3,31.2,85.4,27.5,30.4,85.1,26.7,29.5,77.6,25.3,28.2,75.0,24.5,27.9,73.6,24.4,61,2016-07-28,BS,7,3,28,Thursday,False,0,0,0,0,0,0,0,0,0.0,0.0,0.0,0.0,0.0,0.0,0.0,0.0,0,False,,0.005328638497652554,0.2903703703703702,0.021975359342915776,0.014575452716297748,33.058,16.828389830508474
20160728_CB,32.98,28.266666667,67.6,31.7,74.813333333,27.54,33.206666667,69.246666667,28.066666667,32.486666667,75.62,28.233333333,32.8,74.02,28.566666667,33.113333333,67.353333333,28.133333333000003,32.626666666999995,64.62,27.22,31.04,68.586666667,25.72,20,2016-07-28,CB,7,3,28,Thursday,False,0,0,1,0,0,1,0,0,0.0,0.0,0.20666666700000036,0.0,0.0,0.11333333299999993,0.0,0.0,0,False,,0.0021318007662835268,0.344444444444445,0.03740384615384616,0.011757854406130249,35.93486590038315,22.27083333333333
20160728_CN,31.125,27.3375,82.725,30.525,87.45,27.46875,32.375,82.85625,27.7625,31.88125,85.3125,27.78125,31.99375,85.75625,27.96875,32.425,80.05,28.0625,32.9625,78.63125,27.95,32.00625,78.4125,27.10625,48,2016-07-28,CN,7,3,28,Thursday,False,0,0,0,0,0,0,0,0,0.0,0.0,0.0,0.0,0.0,0.0,0.0,0.0,0,False,,0.002571666666666671,0.4479166666666673,0.04329583333333333,0.008778333333333317,44.17543859649122,25.73611111111111
20160728_DG,35.4,30.8,62.6,36.1,63.5,30.3,35.0,68.6,29.7,32.6,83.9,27.1,36.0,73.3,27.6,34.0,63.5,27.3,30.6,66.4,25.1,29.2,69.1,24.1,61,2016-07-28,DG,7,3,28,Thursday,False,1,1,1,0,1,1,0,0,2.3999999999999986,3.1000000000000014,2.0,0.0,3.0,1.0,0.0,0.0,0,False,,0.003315972222222225,0.2782608695652173,0.033805555555555554,0.009829861111111084,34.386281588447645,22.973404255319146
20160728_DJ,32.3,28.9,70.5,31.8,77.9,28.7,33.3,73.5,29.0,32.5,75.0,29.2,32.9,76.8,29.6,33.6,73.5,29.5,33.2,71.8,28.4,31.6,74.6,27.0,28,2016-07-28,DJ,7,3,28,Thursday,False,0,0,1,0,0,1,1,0,0.0,0.0,0.29999999999999716,0.0,0.0,0.6000000000000014,0.20000000000000284,0.0,0,False,,0.0018833333333333347,0.44625,0.0413246753246753,0.012229166666666636,42.80416666666667,24.20833333333333
20160728_GB,34.4625,28.983333333,71.395833333,34.141666666999996,71.108333333,28.820833333000003,34.0,75.2125,28.358333333,30.891666667,88.05,26.6375,33.258333333,79.025,27.216666667,30.95,77.075,25.116666666999997,29.275,75.083333333,24.016666667,27.65,77.6625,23.375,60,2016-07-28,GB,7,3,28,Thursday,False,1,1,1,0,1,0,0,0,1.4624999999999986,1.1416666669999955,1.0,0.0,0.25833333300000305,0.0,0.0,0.0,0,False,,0.003891939546599477,0.3795969773299748,0.033869017632241795,0.008554156171284615,31.464646464646464,18.439306358381504
20160728_GG,30.773809524,27.735714286,78.138095238,29.226190476,83.926190476,27.238095238000003,31.976190476,78.57619047600001,27.828571429,31.752380952,82.945238095,28.138095238000002,30.988095238000003,82.98095238100001,27.976190476,31.59047619,76.711904762,28.297619048,33.716666667,68.72380952399999,28.692857143,31.816666667,68.273809524,27.495238095,169,2016-07-28,GG,7,3,28,Thursday,False,0,0,0,0,0,0,1,0,0.0,0.0,0.0,0.0,0.0,0.0,0.7166666669999984,0.0,0,False,,0.003918488308863465,0.5004953219592729,0.040193239436619815,0.01761040748898679,47.23707370737074,31.86054421768707
20160728_GJ,33.9,29.7,82.9,32.8,82.0,28.8,34.3,77.9,29.8,33.9,77.6,29.6,34.2,79.5,29.3,32.8,76.5,27.9,32.2,78.3,27.3,33.1,72.8,27.4,33,2016-07-28,GJ,7,3,28,Thursday,False,1,0,1,1,1,0,0,1,0.8999999999999986,0.0,1.2999999999999972,0.8999999999999986,1.2000000000000028,0.0,0.0,0.10000000000000142,0,False,,0.0020097560975609764,0.4068292682926827,0.040780487804878036,0.012214634146341441,41.4688995215311,28.914634146341466
20160728_GN,33.068181818,28.959090909,80.072727273,33.7,78.3,29.013636364,33.118181818000004,81.290909091,28.55,33.227272727,84.595454545,27.740909091,33.031818181999995,81.222727273,27.277272727,30.631818181999996,76.6,25.563636364,29.454545455,77.518181818,24.636363636,29.554545455,75.8,24.627272726999998,61,2016-07-28,GN,7,3,28,Thursday,False,1,1,1,1,1,0,0,0,0.06818181799999934,0.7000000000000028,0.1181818180000036,0.227272726999999,0.03181818199999498,0.0,0.0,0.0,0,False,,0.0031859099804305113,0.2694072657743781,0.027111324376199585,0.008859847036328831,35.022944550669216,19.523012552301253
20160728_GW,31.866666666999997,27.511111110999998,74.061111111,29.238888889000002,78.84444444399999,26.488888889000002,30.316666667,79.75,26.305555555999998,28.466666667,88.25,25.233333333,28.222222222,86.744444444,25.227777778000004,29.538888889000003,80.572222222,24.738888889000002,30.672222222,73.422222222,24.911111111,28.461111110999997,77.15,23.666666666999998,49,2016-07-28,GW,7,3,28,Thursday,False,0,0,0,0,0,0,0,0,0.0,0.0,0.0,0.0,0.0,0.0,0.0,0.0,0,False,,0.0017270042194092836,0.3983122362869199,0.043210970464134996,0.009983544303797451,42.61016949152543,27.88111888111888
20160728_IC,28.13,26.09,96.02,28.02,96.54,26.64,29.18,96.26,26.93,29.77,96.59,26.92,28.68,96.89,26.85,30.14,92.94,27.62,32.29,87.36,28.42,31.51,84.86,27.87,47,2016-07-28,IC,7,3,28,Thursday,False,0,0,0,0,0,0,0,0,0.0,0.0,0.0,0.0,0.0,0.0,0.0,0.0,0,False,,0.0052511111111111,0.5493644067796618,0.036995959595959534,0.014966194331983797,45.037578288100214,30.49132947976879
20160728_JB,32.2,27.993333333000002,76.206666667,32.853333333,74.74,28.173333333000002,33.426666667,75.826666667,28.346666666999997,32.886666667,77.593333333,28.373333333,33.473333333,76.673333333,28.206666666999997,33.453333333,74.106666667,27.68,33.12,73.3,27.513333333000002,32.62,71.94,26.966666667,81,2016-07-28,JB,7,3,28,Thursday,False,0,0,1,0,1,1,1,0,0.0,0.0,0.4266666669999992,0.0,0.47333333299999936,0.45333333300000334,0.11999999999999744,0.0,0,False,,0.0027410334346504588,0.3962099125364429,0.043873015873015855,0.009664011799410009,44.959537572254334,32.38693467336683
20160728_JJ,32.95,29.2,83.9,32.15,83.3,29.05,31.5,83.05,28.75,31.2,82.2,28.4,30.6,84.35,28.25,30.7,84.55,27.65,29.2,85.85,27.1,29.3,84.6,27.1,13,2016-07-28,JJ,7,3,28,Thursday,False,0,0,0,0,0,0,0,0,0.0,0.0,0.0,0.0,0.0,0.0,0.0,0.0,0,False,,0.003104166666666669,0.3199999999999999,0.02306249999999999,0.005924999999999999,38.1125,19.76829268292683
20160728_JN,32.65,28.986363636,84.663636364,32.213636364,84.304545455,28.213636364,32.681818182,82.218181818,28.5,32.772727273,80.804545455,28.554545455,32.431818182,83.3,28.040909091,30.813636364,80.045454545,26.313636364,29.754545455,79.240909091,25.709090909,30.059090909000002,76.477272727,25.672727273000003,59,2016-07-28,JN,7,3,28,Thursday,False,0,0,0,0,0,0,0,0,0.0,0.0,0.0,0.0,0.0,0.0,0.0,0.0,0,False,,0.0033985795454545423,0.3679775280898875,0.026311977715877448,0.008510899182561276,35.118320610687014,25.81018518518519
20160728_SU,30.5,28.0,70.6,28.9,76.4,27.6,31.9,69.0,28.4,31.4,75.3,28.4,30.1,77.9,28.0,31.6,70.4,28.7,34.1,64.0,29.1,32.2,61.3,28.3,195,2016-07-28,SU,7,3,28,Thursday,False,0,0,0,0,0,0,1,0,0.0,0.0,0.0,0.0,0.0,0.0,1.1000000000000014,0.0,0,False,,0.0042264150943396115,0.520244716351502,0.03407579185520361,0.028592718998862312,56.241262683201796,36.868421052631575
20160728_US,33.1,29.4,79.8,33.6,77.3,29.0,33.8,83.5,28.6,31.7,93.4,26.7,33.3,84.8,27.4,29.9,84.5,24.9,27.2,84.5,23.0,26.9,85.6,22.8,3,2016-07-28,US,7,3,28,Thursday,False,1,1,1,0,1,0,0,0,0.10000000000000142,0.6000000000000014,0.7999999999999972,0.0,0.29999999999999716,0.0,0.0,0.0,0,False,,0.006869318181818161,0.3784090909090907,0.024141618497109784,0.014789772727272709,34.04584527220631,18.258741258741264
20160729_BS,31.9,28.7,81.8,31.4,81.6,28.5,32.2,80.0,28.7,31.1,82.1,28.3,31.2,85.4,27.5,30.4,85.1,26.7,29.5,77.6,25.3,28.2,75.0,24.5,68,2016-07-29,BS,7,4,29,Friday,False,0,0,0,0,0,0,0,0,0.0,0.0,0.0,0.0,0.0,0.0,0.0,0.0,0,False,,0.005591121495327071,0.3023980815347721,0.022109278350515425,0.01687799999999997,37.44488977955912,21.66185567010309
20160729_CB,29.873333333,26.066666667,82.18,32.98,67.6,28.266666667,31.7,74.813333333,27.54,33.206666667,69.246666667,28.066666667,32.486666667,75.62,28.233333333,32.8,74.02,28.566666667,33.113333333,67.353333333,28.133333333000003,32.626666666999995,64.62,27.22,30,2016-07-29,CB,7,4,29,Friday,False,0,0,0,1,0,0,1,0,0.0,0.0,0.0,0.20666666700000036,0.0,0.0,0.11333333299999993,0.0,0,False,,0.0020977272727272737,0.3916666666666669,0.02145075757575755,0.018609469696969663,37.98479087452471,24.70833333333333
20160729_CN,30.31875,26.5125,89.6,31.125,82.725,27.3375,30.525,87.45,27.46875,32.375,82.85625,27.7625,31.88125,85.3125,27.78125,31.99375,85.75625,27.96875,32.425,80.05,28.0625,32.9625,78.63125,27.95,49,2016-07-29,CN,7,4,29,Friday,False,0,0,0,0,0,0,0,0,0.0,0.0,0.0,0.0,0.0,0.0,0.0,0.0,0,False,,0.0021237288135593233,0.4593220338983053,0.02849576271186438,0.013816101694915246,37.725225225225216,24.537313432835823
20160729_DG,36.0,30.9,67.1,35.4,62.6,30.8,36.1,63.5,30.3,35.0,68.6,29.7,32.6,83.9,27.1,36.0,73.3,27.6,34.0,63.5,27.3,30.6,66.4,25.1,60,2016-07-29,DG,7,4,29,Friday,False,1,1,1,1,0,1,1,0,3.0,2.3999999999999986,3.1000000000000014,2.0,0.0,3.0,1.0,0.0,0,False,,0.0033546099290780174,0.3258064516129032,0.037341726618705,0.012241134751773035,50.10714285714285,35.02116402116402
20160729_DJ,32.5,28.2,80.5,32.3,70.5,28.9,31.8,77.9,28.7,33.3,73.5,29.0,32.5,75.0,29.2,32.9,76.8,29.6,33.6,73.5,29.5,33.2,71.8,28.4,36,2016-07-29,DJ,7,4,29,Friday,False,0,0,0,1,0,0,1,1,0.0,0.0,0.0,0.29999999999999716,0.0,0.0,0.6000000000000014,0.20000000000000284,0,False,,0.0024291666666666684,0.5387500000000007,0.02655833333333332,0.02034583333333329,40.932773109243705,22.90833333333333
20160729_GB,33.508333333,28.216666667,75.1,34.4625,71.395833333,28.983333333,34.141666666999996,71.108333333,28.820833333000003,34.0,75.2125,28.358333333,30.891666667,88.05,26.6375,33.258333333,79.025,27.216666667,30.95,77.075,25.116666666999997,29.275,75.083333333,24.016666667,61,2016-07-29,GB,7,4,29,Friday,False,1,1,1,1,0,1,0,0,0.508333333000003,1.4624999999999986,1.1416666669999955,1.0,0.0,0.25833333300000305,0.0,0.0,0,False,,0.003834860050890575,0.4687022900763361,0.039090452261306544,0.010670351758793946,46.85964912280703,31.65425531914893
20160729_GG,27.864285714,25.688095238000002,90.123809524,30.773809524,78.138095238,27.735714286,29.226190476,83.926190476,27.238095238000003,31.976190476,78.57619047600001,27.828571429,31.752380952,82.945238095,28.138095238000002,30.988095238000003,82.98095238100001,27.976190476,31.59047619,76.711904762,28.297619048,33.716666667,68.72380952399999,28.692857143,145,2016-07-29,GG,7,4,29,Friday,False,0,0,0,0,0,0,0,1,0.0,0.0,0.0,0.0,0.0,0.0,0.0,0.7166666669999984,0,False,,0.003395720476706352,0.5684037301151943,0.02242456533931576,0.02814686123348017,43.80296377607025,29.00176366843033
20160729_GJ,35.3,30.5,79.0,33.9,82.9,29.7,32.8,82.0,28.8,34.3,77.9,29.8,33.9,77.6,29.6,34.2,79.5,29.3,32.8,76.5,27.9,32.2,78.3,27.3,32,2016-07-29,GJ,7,4,29,Friday,False,1,1,0,1,1,1,0,0,2.299999999999997,0.8999999999999986,0.0,1.2999999999999972,0.8999999999999986,1.2000000000000028,0.0,0.0,0,False,,0.0019811320754717,0.3254716981132067,0.029438679245283005,0.010693396226415084,35.21860465116279,23.49700598802395
20160729_GN,34.059090909,29.090909091,80.786363636,33.068181818,80.072727273,28.959090909,33.7,78.3,29.013636364,33.118181818000004,81.290909091,28.55,33.227272727,84.595454545,27.740909091,33.031818181999995,81.222727273,27.277272727,30.631818181999996,76.6,25.563636364,29.454545455,77.518181818,24.636363636,59,2016-07-29,GN,7,4,29,Friday,False,1,1,1,1,1,1,0,0,1.0590909089999982,0.06818181799999934,0.7000000000000028,0.1181818180000036,0.227272726999999,0.03181818199999498,0.0,0.0,0,False,,0.0036228915662650384,0.2974806201550378,0.02829457364341085,0.010128875968992227,40.40847784200385,25.16033755274261
20160729_GW,28.527777778,25.711111110999997,81.877777778,31.866666666999997,74.061111111,27.511111110999998,29.238888889000002,78.84444444399999,26.488888889000002,30.316666667,79.75,26.305555555999998,28.466666667,88.25,25.233333333,28.222222222,86.744444444,25.227777778000004,29.538888889000003,80.572222222,24.738888889000002,30.672222222,73.422222222,24.911111111,44,2016-07-29,GW,7,4,29,Friday,False,0,0,0,0,0,0,0,0,0.0,0.0,0.0,0.0,0.0,0.0,0.0,0.0,0,False,,0.0017591666666666682,0.5129166666666667,0.032299999999999975,0.012199999999999987,47.8375,36.97857142857143
20160729_IC,27.88,25.54,96.76,28.13,96.02,26.09,28.02,96.54,26.64,29.18,96.26,26.93,29.77,96.59,26.92,28.68,96.89,26.85,30.14,92.94,27.62,32.29,87.36,28.42,36,2016-07-29,IC,7,4,29,Friday,False,0,0,0,0,0,0,0,0,0.0,0.0,0.0,0.0,0.0,0.0,0.0,0.0,0,False,,0.00524455645161288,0.5830645161290312,0.02546951219512192,0.02333891129032254,40.86008230452675,24.975975975975977
20160729_JB,34.353333333,29.053333333,76.386666667,32.2,76.206666667,27.993333333000002,32.853333333,74.74,28.173333333000002,33.426666667,75.826666667,28.346666666999997,32.886666667,77.593333333,28.373333333,33.473333333,76.673333333,28.206666666999997,33.453333333,74.106666667,27.68,33.12,73.3,27.513333333000002,87,2016-07-29,JB,7,4,29,Friday,False,1,0,0,1,0,1,1,1,1.353333333000002,0.0,0.0,0.4266666669999992,0.0,0.47333333299999936,0.45333333300000334,0.11999999999999744,0,False,,0.002584523809523813,0.37232142857142864,0.032732919254658384,0.01086676300578032,46.1859756097561,30.92201834862385
20160729_JJ,32.05,29.55,81.05,32.95,83.9,29.2,32.15,83.3,29.05,31.5,83.05,28.75,31.2,82.2,28.4,30.6,84.35,28.25,30.7,84.55,27.65,29.2,85.85,27.1,15,2016-07-29,JJ,7,4,29,Friday,False,0,0,0,0,0,0,0,0,0.0,0.0,0.0,0.0,0.0,0.0,0.0,0.0,0,False,,0.0030416666666666678,0.32631578947368395,0.029177083333333326,0.004513253012048195,34.31914893617021,19.25274725274725
20160729_JN,33.777272726999996,29.409090909,82.145454545,32.65,84.663636364,28.986363636,32.213636364,84.304545455,28.213636364,32.681818182,82.218181818,28.5,32.772727273,80.804545455,28.554545455,32.431818182,83.3,28.040909091,30.813636364,80.045454545,26.313636364,29.754545455,79.240909091,25.709090909,58,2016-07-29,JN,7,4,29,Friday,False,1,0,0,0,0,0,0,0,0.7772727269999962,0.0,0.0,0.0,0.0,0.0,0.0,0.0,0,False,,0.0038383999999999905,0.35688311688311597,0.02311688311688309,0.008741558441558406,33.263157894736835,26.431924882629108
20160729_SU,28.4,26.3,82.3,30.5,70.6,28.0,28.9,76.4,27.6,31.9,69.0,28.4,31.4,75.3,28.4,30.1,77.9,28.0,31.6,70.4,28.7,34.1,64.0,29.1,189,2016-07-29,SU,7,4,29,Friday,False,0,0,0,0,0,0,0,1,0.0,0.0,0.0,0.0,0.0,0.0,0.0,1.1000000000000014,0,False,,0.004117256637168148,0.6213495575221242,0.017720956719817712,0.03824290578887627,48.34353741496599,29.959114139693355
20160729_US,34.2,29.4,81.6,33.1,79.8,29.4,33.6,77.3,29.0,33.8,83.5,28.6,31.7,93.4,26.7,33.3,84.8,27.4,29.9,84.5,24.9,27.2,84.5,23.0,13,2016-07-29,US,7,4,29,Friday,False,1,1,1,1,0,1,0,0,1.2000000000000028,0.10000000000000142,0.6000000000000014,0.7999999999999972,0.0,0.29999999999999716,0.0,0.0,0,False,,0.007597222222222184,0.4177777777777785,0.030902017291066286,0.018444444444444413,44.72222222222222,27.392857142857146
20160730_BS,32.7,28.8,81.1,31.9,81.8,28.7,31.4,81.6,28.5,32.2,80.0,28.7,31.1,82.1,28.3,31.2,85.4,27.5,30.4,85.1,26.7,29.5,77.6,25.3,18,2016-07-30,BS,7,5,30,Saturday,False,0,0,0,0,0,0,0,0,0.0,0.0,0.0,0.0,0.0,0.0,0.0,0.0,0,True,,0.006479069767441832,0.3239534883720936,0.02291832669322705,0.01658964143426292,32.80443548387097,19.23092369477911
20160730_CB,32.306666666999995,27.02,84.413333333,29.873333333,82.18,26.066666667,32.98,67.6,28.266666667,31.7,74.813333333,27.54,33.206666667,69.246666667,28.066666667,32.486666667,75.62,28.233333333,32.8,74.02,28.566666667,33.113333333,67.353333333,28.133333333000003,13,2016-07-30,CB,7,5,30,Saturday,False,0,0,0,0,1,0,0,1,0.0,0.0,0.0,0.0,0.20666666700000036,0.0,0.0,0.11333333299999993,0,True,,0.0019425855513308,0.30076045627376385,0.022739463601532537,0.012288593155893509,25.67432950191571,13.479166666666664
20160730_CN,32.3375,27.8875,89.51875,30.31875,89.6,26.5125,31.125,82.725,27.3375,30.525,87.45,27.46875,32.375,82.85625,27.7625,31.88125,85.3125,27.78125,31.99375,85.75625,27.96875,32.425,80.05,28.0625,19,2016-07-30,CN,7,5,30,Saturday,False,0,0,0,0,0,0,0,0,0.0,0.0,0.0,0.0,0.0,0.0,0.0,0.0,0,True,,0.00227958333333334,0.33791666666666664,0.028670833333333312,0.009476249999999995,33.15546218487395,20.125
20160730_DG,35.1,29.7,70.5,36.0,67.1,30.9,35.4,62.6,30.8,36.1,63.5,30.3,35.0,68.6,29.7,32.6,83.9,27.1,36.0,73.3,27.6,34.0,63.5,27.3,19,2016-07-30,DG,7,5,30,Saturday,False,1,1,1,1,1,0,1,1,2.1000000000000014,3.0,2.3999999999999986,3.1000000000000014,2.0,0.0,3.0,1.0,0,True,,0.00262152777777778,0.2541666666666666,0.03384285714285715,0.010798611111111085,34.45357142857143,24.33862433862434
20160730_DJ,34.0,29.1,81.5,32.5,80.5,28.2,32.3,70.5,28.9,31.8,77.9,28.7,33.3,73.5,29.0,32.5,75.0,29.2,32.9,76.8,29.6,33.6,73.5,29.5,13,2016-07-30,DJ,7,5,30,Saturday,False,1,0,0,0,1,0,0,1,1.0,0.0,0.0,0.0,0.29999999999999716,0.0,0.0,0.6000000000000014,0,True,,0.0019458333333333348,0.4241666666666667,0.02130833333333331,0.014229166666666638,29.852320675105485,15.416666666666664
20160730_GB,34.033333333,28.375,78.104166667,33.508333333,75.1,28.216666667,34.4625,71.395833333,28.983333333,34.141666666999996,71.108333333,28.820833333000003,34.0,75.2125,28.358333333,30.891666667,88.05,26.6375,33.258333333,79.025,27.216666667,30.95,77.075,25.116666666999997,18,2016-07-30,GB,7,5,30,Saturday,False,1,1,1,1,1,0,1,0,1.0333333330000016,0.508333333000003,1.4624999999999986,1.1416666669999955,1.0,0.0,0.25833333300000305,0.0,0,True,,0.0038311111111110976,0.39737532808399,0.03390931372549014,0.009186913580246878,32.417690417690416,19.54069767441861
20160730_GG,32.635714286,28.15,82.67380952399999,27.864285714,90.123809524,25.688095238000002,30.773809524,78.138095238,27.735714286,29.226190476,83.926190476,27.238095238000003,31.976190476,78.57619047600001,27.828571429,31.752380952,82.945238095,28.138095238000002,30.988095238000003,82.98095238100001,27.976190476,31.59047619,76.711904762,28.297619048,45,2016-07-30,GG,7,5,30,Saturday,False,0,0,0,0,0,0,0,0,0.0,0.0,0.0,0.0,0.0,0.0,0.0,0.0,0,True,,0.003552637130801643,0.4147830744509864,0.029294182217343607,0.01859957150508841,37.264017419706036,24.600706713780923
20160730_GJ,34.5,30.4,77.8,35.3,79.0,30.5,33.9,82.9,29.7,32.8,82.0,28.8,34.3,77.9,29.8,33.9,77.6,29.6,34.2,79.5,29.3,32.8,76.5,27.9,8,2016-07-30,GJ,7,5,30,Saturday,False,1,1,1,0,1,1,1,0,1.5,2.299999999999997,0.8999999999999986,0.0,1.2999999999999972,0.8999999999999986,1.2000000000000028,0.0,0,True,,0.00202314814814815,0.2754629629629618,0.0230509259259259,0.010861111111111096,23.449074074074073,16.089285714285715
20160730_GN,34.772727273,29.272727273,78.745454545,34.059090909,80.786363636,29.090909091,33.068181818,80.072727273,28.959090909,33.7,78.3,29.013636364,33.118181818000004,81.290909091,28.55,33.227272727,84.595454545,27.740909091,33.031818181999995,81.222727273,27.277272727,30.631818181999996,76.6,25.563636364,17,2016-07-30,GN,7,5,30,Saturday,False,1,1,1,1,1,1,1,0,1.772727273000001,1.0590909089999982,0.06818181799999934,0.7000000000000028,0.1181818180000036,0.227272726999999,0.03181818199999498,0.0,0,True,,0.004722916666666642,0.34393939393939466,0.03214393939393937,0.011242234848484807,35.84387351778656,22.351464435146447
20160730_GW,31.883333333000003,27.466666667,80.777777778,28.527777778,81.877777778,25.711111110999997,31.866666666999997,74.061111111,27.511111110999998,29.238888889000002,78.84444444399999,26.488888889000002,30.316666667,79.75,26.305555555999998,28.466666667,88.25,25.233333333,28.222222222,86.744444444,25.227777778000004,29.538888889000003,80.572222222,24.738888889000002,8,2016-07-30,GW,7,5,30,Saturday,False,0,0,0,0,0,0,0,0,0.0,0.0,0.0,0.0,0.0,0.0,0.0,0.0,0,True,,0.001770416666666668,0.4354166666666674,0.032433333333333314,0.009652083333333322,41.656903765690366,27.52517985611511
20160730_IC,30.36,26.97,92.86,27.88,96.76,25.54,28.13,96.02,26.09,28.02,96.54,26.64,29.18,96.26,26.93,29.77,96.59,26.92,28.68,96.89,26.85,30.14,92.94,27.62,10,2016-07-30,IC,7,5,30,Saturday,False,0,0,0,0,0,0,0,0,0.0,0.0,0.0,0.0,0.0,0.0,0.0,0.0,0,True,,0.005345039682539661,0.4186507936507928,0.02749999999999996,0.01605089463220675,37.701010101010105,22.987951807228924
20160730_JB,34.32,29.08,75.826666667,34.353333333,76.386666667,29.053333333,32.2,76.206666667,27.993333333000002,32.853333333,74.74,28.173333333000002,33.426666667,75.826666667,28.346666666999997,32.886666667,77.593333333,28.373333333,33.473333333,76.673333333,28.206666666999997,33.453333333,74.106666667,27.68,33,2016-07-30,JB,7,5,30,Saturday,False,1,1,0,0,1,0,1,1,1.3200000000000003,1.353333333000002,0.0,0.0,0.4266666669999992,0.0,0.47333333299999936,0.45333333300000334,0,True,,0.002703869047619052,0.27261904761904704,0.024928571428571404,0.007637604456824491,28.98050139275766,18.042857142857144
20160730_JJ,32.4,29.35,79.7,32.05,81.05,29.55,32.95,83.9,29.2,32.15,83.3,29.05,31.5,83.05,28.75,31.2,82.2,28.4,30.6,84.35,28.25,30.7,84.55,27.65,1,2016-07-30,JJ,7,5,30,Saturday,False,0,0,0,0,0,0,0,0,0.0,0.0,0.0,0.0,0.0,0.0,0.0,0.0,0,True,,0.0026979166666666683,0.2989473684210527,0.022312499999999992,0.0025305555555555576,25.88505747126437,13.559139784946234
20160730_JN,33.409090909,29.268181818000002,81.44090909100001,33.777272726999996,82.145454545,29.409090909,32.65,84.663636364,28.986363636,32.213636364,84.304545455,28.213636364,32.681818182,82.218181818,28.5,32.772727273,80.804545455,28.554545455,32.431818182,83.3,28.040909091,30.813636364,80.045454545,26.313636364,20,2016-07-30,JN,7,5,30,Saturday,False,1,1,0,0,0,0,0,0,0.40909090899999967,0.7772727269999962,0.0,0.0,0.0,0.0,0.0,0.0,0,True,,0.004072058823529387,0.36519607843137214,0.018681372549019592,0.008392156862745062,26.597864768683273,20.138248847926267
20160730_SU,33.0,28.6,73.5,28.4,82.3,26.3,30.5,70.6,28.0,28.9,76.4,27.6,31.9,69.0,28.4,31.4,75.3,28.4,30.1,77.9,28.0,31.6,70.4,28.7,38,2016-07-30,SU,7,5,30,Saturday,False,0,0,0,0,0,0,0,0,0.0,0.0,0.0,0.0,0.0,0.0,0.0,0.0,0,True,,0.004320512820512803,0.4615384615384617,0.02491995614035084,0.031415570175438584,45.795379537953785,30.580034423407923
20160730_US,31.9,28.9,86.6,34.2,81.6,29.4,33.1,79.8,29.4,33.6,77.3,29.0,33.8,83.5,28.6,31.7,93.4,26.7,33.3,84.8,27.4,29.9,84.5,24.9,4,2016-07-30,US,7,5,30,Saturday,False,0,1,1,1,1,0,1,0,0.0,1.2000000000000028,0.10000000000000142,0.6000000000000014,0.7999999999999972,0.0,0.29999999999999716,0.0,0,True,,0.008708333333333297,0.4736111111111118,0.03245999999999997,0.02088888888888887,42.793871866295255,29.145038167938928
20160731_BS,32.1,29.0,75.9,32.7,81.1,28.8,31.9,81.8,28.7,31.4,81.6,28.5,32.2,80.0,28.7,31.1,82.1,28.3,31.2,85.4,27.5,30.4,85.1,26.7,1,2016-07-31,BS,7,6,31,Sunday,False,0,0,0,0,0,0,0,0,0.0,0.0,0.0,0.0,0.0,0.0,0.0,0.0,0,True,,0.007243055555555519,0.3868055555555574,0.04931944444444444,0.018202380952380918,40.43339960238568,27.790794979079493
20160731_CB,33.773333333000004,28.18,76.233333333,32.306666666999995,84.413333333,27.02,29.873333333,82.18,26.066666667,32.98,67.6,28.266666667,31.7,74.813333333,27.54,33.206666667,69.246666667,28.066666667,32.486666667,75.62,28.233333333,32.8,74.02,28.566666667,0,2016-07-31,CB,7,6,31,Sunday,False,1,0,0,0,0,1,0,0,0.7733333330000036,0.0,0.0,0.0,0.0,0.20666666700000036,0.0,0.0,0,True,,0.0022159090909090926,0.2939393939393939,0.02513749999999996,0.010891666666666643,31.85931558935361,17.647058823529417
20160731_CN,33.30625,28.01875,85.16875,32.3375,89.51875,27.8875,30.31875,89.6,26.5125,31.125,82.725,27.3375,30.525,87.45,27.46875,32.375,82.85625,27.7625,31.88125,85.3125,27.78125,31.99375,85.75625,27.96875,0,2016-07-31,CN,7,6,31,Sunday,False,1,0,0,0,0,0,0,0,0.3062499999999986,0.0,0.0,0.0,0.0,0.0,0.0,0.0,0,True,,0.0028841004184100485,0.30209205020920465,0.023924686192468604,0.007745606694560656,33.46025104602511,20.939393939393934
20160731_DG,35.1,28.1,77.0,35.1,70.5,29.7,36.0,67.1,30.9,35.4,62.6,30.8,36.1,63.5,30.3,35.0,68.6,29.7,32.6,83.9,27.1,36.0,73.3,27.6,1,2016-07-31,DG,7,6,31,Sunday,False,1,1,1,1,1,1,0,1,2.1000000000000014,2.1000000000000014,3.0,2.3999999999999986,3.1000000000000014,2.0,0.0,3.0,0,True,,0.0020034722222222238,0.2576388888888889,0.038555160142348735,0.008802083333333302,28.202205882352942,18.702857142857145
20160731_DJ,34.7,29.9,77.3,34.0,81.5,29.1,32.5,80.5,28.2,32.3,70.5,28.9,31.8,77.9,28.7,33.3,73.5,29.0,32.5,75.0,29.2,32.9,76.8,29.6,1,2016-07-31,DJ,7,6,31,Sunday,False,1,1,0,0,0,1,0,0,1.7000000000000028,1.0,0.0,0.0,0.0,0.29999999999999716,0.0,0.0,0,True,,0.0027791666666666685,0.4150000000000002,0.0257833333333333,0.012212499999999965,33.67364016736402,20.216666666666665
20160731_GB,33.858333333000004,27.791666666999998,79.725,34.033333333,78.104166667,28.375,33.508333333,75.1,28.216666667,34.4625,71.395833333,28.983333333,34.141666666999996,71.108333333,28.820833333000003,34.0,75.2125,28.358333333,30.891666667,88.05,26.6375,33.258333333,79.025,27.216666667,4,2016-07-31,GB,7,6,31,Sunday,False,1,1,1,1,1,1,0,1,0.8583333330000045,1.0333333330000016,0.508333333000003,1.4624999999999986,1.1416666669999955,1.0,0.0,0.25833333300000305,0,True,,0.004530249999999985,0.435638297872341,0.03828249999999998,0.008073749999999987,32.7325,19.88953488372093
20160731_GG,32.980952381,28.364285714,81.380952381,32.635714286,82.67380952399999,28.15,27.864285714,90.123809524,25.688095238000002,30.773809524,78.138095238,27.735714286,29.226190476,83.926190476,27.238095238000003,31.976190476,78.57619047600001,27.828571429,31.752380952,82.945238095,28.138095238000002,30.988095238000003,82.98095238100001,27.976190476,13,2016-07-31,GG,7,6,31,Sunday,False,0,0,0,0,0,0,0,0,0.0,0.0,0.0,0.0,0.0,0.0,0.0,0.0,0,True,,0.003713681986265134,0.3816479400749036,0.020230642504118653,0.01391196120689657,35.46726357022944,23.550621669627
20160731_GJ,36.0,30.2,72.8,34.5,77.8,30.4,35.3,79.0,30.5,33.9,82.9,29.7,32.8,82.0,28.8,34.3,77.9,29.8,33.9,77.6,29.6,34.2,79.5,29.3,0,2016-07-31,GJ,7,6,31,Sunday,False,1,1,1,1,0,1,1,1,3.0,1.5,2.299999999999997,0.8999999999999986,0.0,1.2999999999999972,0.8999999999999986,1.2000000000000028,0,True,,0.0019953703703703717,0.2689814814814805,0.0191157407407407,0.009268518518518506,19.328703703703702,12.476190476190474
20160731_GN,35.095454545,28.609090909000003,78.454545455,34.772727273,78.745454545,29.272727273,34.059090909,80.786363636,29.090909091,33.068181818,80.072727273,28.959090909,33.7,78.3,29.013636364,33.118181818000004,81.290909091,28.55,33.227272727,84.595454545,27.740909091,33.031818181999995,81.222727273,27.277272727,0,2016-07-31,GN,7,6,31,Sunday,False,1,1,1,1,1,1,1,1,2.0954545450000026,1.772727273000001,1.0590909089999982,0.06818181799999934,0.7000000000000028,0.1181818180000036,0.227272726999999,0.03181818199999498,0,True,,0.0030643968871595325,0.3363813229572,0.044540856031128416,0.009447665369649777,31.689300411522638,21.395454545454548
20160731_GW,31.65,26.494444444000003,83.54444444399999,31.883333333000003,80.777777778,27.466666667,28.527777778,81.877777778,25.711111110999997,31.866666666999997,74.061111111,27.511111110999998,29.238888889000002,78.84444444399999,26.488888889000002,30.316666667,79.75,26.305555555999998,28.466666667,88.25,25.233333333,28.222222222,86.744444444,25.227777778000004,2,2016-07-31,GW,7,6,31,Sunday,False,0,0,0,0,0,0,0,0,0.0,0.0,0.0,0.0,0.0,0.0,0.0,0.0,0,True,,0.0016766949152542375,0.3911016949152549,0.033038135593220316,0.0070610169491525316,39.8125,29.912408759124087
20160731_IC,30.57,27.63,95.6,30.36,92.86,26.97,27.88,96.76,25.54,28.13,96.02,26.09,28.02,96.54,26.64,29.18,96.26,26.93,29.77,96.59,26.92,28.68,96.89,26.85,0,2016-07-31,IC,7,6,31,Sunday,False,0,0,0,0,0,0,0,0,0.0,0.0,0.0,0.0,0.0,0.0,0.0,0.0,0,True,,0.005265476190476173,0.3599206349206344,0.015266112266112238,0.010642276422764193,34.218436873747486,22.2996632996633
20160731_JB,33.926666667,28.44,76.4,34.32,75.826666667,29.08,34.353333333,76.386666667,29.053333333,32.2,76.206666667,27.993333333000002,32.853333333,74.74,28.173333333000002,33.426666667,75.826666667,28.346666666999997,32.886666667,77.593333333,28.373333333,33.473333333,76.673333333,28.206666666999997,2,2016-07-31,JB,7,6,31,Sunday,False,1,1,1,0,0,1,0,1,0.9266666669999992,1.3200000000000003,1.353333333000002,0.0,0.0,0.4266666669999992,0.0,0.47333333299999936,0,True,,0.0030732142857142863,0.2541666666666658,0.024622023809523767,0.00691944444444442,27.98546511627907,18.057291666666668
20160731_JJ,31.05,28.75,78.75,32.4,79.7,29.35,32.05,81.05,29.55,32.95,83.9,29.2,32.15,83.3,29.05,31.5,83.05,28.75,31.2,82.2,28.4,30.6,84.35,28.25,0,2016-07-31,JJ,7,6,31,Sunday,False,0,0,0,0,0,0,0,0,0.0,0.0,0.0,0.0,0.0,0.0,0.0,0.0,0,True,,0.003114583333333335,0.26842105263157945,0.020364583333333325,0.0027222222222222235,22.523809523809533,11.13953488372093
20160731_JN,34.168181818,29.168181818,77.640909091,33.409090909,81.44090909100001,29.268181818000002,33.777272726999996,82.145454545,29.409090909,32.65,84.663636364,28.986363636,32.213636364,84.304545455,28.213636364,32.681818182,82.218181818,28.5,32.772727273,80.804545455,28.554545455,32.431818182,83.3,28.040909091,1,2016-07-31,JN,7,6,31,Sunday,False,1,1,1,0,0,0,0,0,1.1681818180000008,0.40909090899999967,0.7772727269999962,0.0,0.0,0.0,0.0,0.0,0,True,,0.0060046568627450895,0.4384803921568618,0.02942260442260441,0.011503676470588208,31.375,20.782805429864254
20160731_SU,32.8,28.9,72.1,33.0,73.5,28.6,28.4,82.3,26.3,30.5,70.6,28.0,28.9,76.4,27.6,31.9,69.0,28.4,31.4,75.3,28.4,30.1,77.9,28.0,7,2016-07-31,SU,7,6,31,Sunday,False,0,0,0,0,0,0,0,0,0.0,0.0,0.0,0.0,0.0,0.0,0.0,0.0,0,True,,0.004240085744908885,0.3907922912205572,0.015661184210526275,0.021923245614035056,40.07632743362832,27.01530612244898
20160731_US,33.0,27.8,86.9,31.9,86.6,28.9,34.2,81.6,29.4,33.1,79.8,29.4,33.6,77.3,29.0,33.8,83.5,28.6,31.7,93.4,26.7,33.3,84.8,27.4,1,2016-07-31,US,7,6,31,Sunday,False,0,0,1,1,1,1,0,1,0.0,0.0,1.2000000000000028,0.10000000000000142,0.6000000000000014,0.7999999999999972,0.0,0.29999999999999716,0,True,,0.008147398843930604,0.4893063583815046,0.0487470238095238,0.014910404624277425,35.37209302325581,24.328467153284674
20160801_BS,31.8,27.8,81.8,32.1,75.9,29.0,32.7,81.1,28.8,31.9,81.8,28.7,31.4,81.6,28.5,32.2,80.0,28.7,31.1,82.1,28.3,31.2,85.4,27.5,652,2016-08-01,BS,8,0,1,Monday,False,0,0,0,0,0,0,0,0,0.0,0.0,0.0,0.0,0.0,0.0,0.0,0.0,1,False,,0.006869976359338028,0.4066193853427907,0.03695833333333329,0.021983805668016124,48.98983739837399,35.29449152542373
20160801_CB,32.646666667,27.66,74.18,33.773333333000004,76.233333333,28.18,32.306666666999995,84.413333333,27.02,29.873333333,82.18,26.066666667,32.98,67.6,28.266666667,31.7,74.813333333,27.54,33.206666667,69.246666667,28.066666667,32.486666667,75.62,28.233333333,132,2016-08-01,CB,8,0,1,Monday,False,0,1,0,0,0,0,1,0,0.0,0.7733333330000036,0.0,0.0,0.0,0.0,0.20666666700000036,0.0,1,False,,0.002714393939393941,0.30189393939393944,0.026008333333333317,0.013638257575757548,31.310606060606066,19.33891213389121
20160801_CN,32.1125,27.4,85.14375,33.30625,85.16875,28.01875,32.3375,89.51875,27.8875,30.31875,89.6,26.5125,31.125,82.725,27.3375,30.525,87.45,27.46875,32.375,82.85625,27.7625,31.88125,85.3125,27.78125,282,2016-08-01,CN,8,0,1,Monday,False,0,1,0,0,0,0,0,0,0.0,0.3062499999999986,0.0,0.0,0.0,0.0,0.0,0.0,1,False,,0.004074418604651168,0.3218604651162785,0.025465116279069742,0.010438604651162763,29.682464454976305,19.291666666666668
20160801_DG,34.3,27.6,74.5,35.1,77.0,28.1,35.1,70.5,29.7,36.0,67.1,30.9,35.4,62.6,30.8,36.1,63.5,30.3,35.0,68.6,29.7,32.6,83.9,27.1,288,2016-08-01,DG,8,0,1,Monday,False,1,1,1,1,1,1,1,0,1.2999999999999972,2.1000000000000014,2.1000000000000014,3.0,2.3999999999999986,3.1000000000000014,2.0,0.0,1,False,,0.0020143369175627253,0.2692592592592591,0.02733214285714284,0.014684587813620044,26.76951672862453,16.77456647398844
20160801_DJ,32.9,28.7,78.6,34.7,77.3,29.9,34.0,81.5,29.1,32.5,80.5,28.2,32.3,70.5,28.9,31.8,77.9,28.7,33.3,73.5,29.0,32.5,75.0,29.2,216,2016-08-01,DJ,8,0,1,Monday,False,0,1,1,0,0,0,1,0,0.0,1.7000000000000028,1.0,0.0,0.0,0.0,0.29999999999999716,0.0,1,False,,0.002616666666666669,0.457916666666667,0.017949790794979045,0.017873362445414827,32.69037656903766,17.683760683760685
20160801_GB,33.066666667,27.129166667,79.99583333300001,33.858333333000004,79.725,27.791666666999998,34.033333333,78.104166667,28.375,33.508333333,75.1,28.216666667,34.4625,71.395833333,28.983333333,34.141666666999996,71.108333333,28.820833333000003,34.0,75.2125,28.358333333,30.891666667,88.05,26.6375,371,2016-08-01,GB,8,0,1,Monday,False,1,1,1,1,1,1,1,0,0.06666666699999979,0.8583333330000045,1.0333333330000016,0.508333333000003,1.4624999999999986,1.1416666669999955,1.0,0.0,1,False,,0.003761224489795907,0.417974683544304,0.032381313131313094,0.008664303797468333,28.553846153846155,18.780898876404493
20160801_GG,32.066666667,27.814285714,80.821428571,32.980952381,81.380952381,28.364285714,32.635714286,82.67380952399999,28.15,27.864285714,90.123809524,25.688095238000002,30.773809524,78.138095238,27.735714286,29.226190476,83.926190476,27.238095238000003,31.976190476,78.57619047600001,27.828571429,31.752380952,82.945238095,28.138095238000002,926,2016-08-01,GG,8,0,1,Monday,False,0,0,0,0,0,0,0,0,0.0,0.0,0.0,0.0,0.0,0.0,0.0,0.0,1,False,,0.004093713372402728,0.3675324675324647,0.01546966292134832,0.017503549972692455,31.57411504424779,19.54885993485342
20160801_GJ,35.7,30.0,71.9,36.0,72.8,30.2,34.5,77.8,30.4,35.3,79.0,30.5,33.9,82.9,29.7,32.8,82.0,28.8,34.3,77.9,29.8,33.9,77.6,29.6,222,2016-08-01,GJ,8,0,1,Monday,False,1,1,1,1,1,0,1,1,2.700000000000003,3.0,1.5,2.299999999999997,0.8999999999999986,0.0,1.2999999999999972,0.8999999999999986,1,False,,0.0019444444444444461,0.2907407407407398,0.019629629629629608,0.01332870370370367,19.48148148148148,12.065476190476188
20160801_GN,34.068181818,27.263636364,82.85,35.095454545,78.454545455,28.609090909000003,34.772727273,78.745454545,29.272727273,34.059090909,80.786363636,29.090909091,33.068181818,80.072727273,28.959090909,33.7,78.3,29.013636364,33.118181818000004,81.290909091,28.55,33.227272727,84.595454545,27.740909091,475,2016-08-01,GN,8,0,1,Monday,False,1,1,1,1,1,1,1,1,1.0681818179999993,2.0954545450000026,1.772727273000001,1.0590909089999982,0.06818181799999934,0.7000000000000028,0.1181818180000036,0.227272726999999,1,False,,0.003431237322515209,0.3807302231237331,0.03857809330628799,0.012895943204868116,39.28242677824268,28.23076923076923
20160801_GW,30.705555556,26.05,82.272222222,31.65,83.54444444399999,26.494444444000003,31.883333333000003,80.777777778,27.466666667,28.527777778,81.877777778,25.711111110999997,31.866666666999997,74.061111111,27.511111110999998,29.238888889000002,78.84444444399999,26.488888889000002,30.316666667,79.75,26.305555555999998,28.466666667,88.25,25.233333333,99,2016-08-01,GW,8,0,1,Monday,False,0,0,0,0,0,0,0,0,0.0,0.0,0.0,0.0,0.0,0.0,0.0,0.0,1,False,,0.0015974683544303806,0.3612765957446808,0.026291139240506287,0.008796202531645559,33.351694915254235,22.88405797101449
20160801_IC,29.51,26.89,96.34,30.57,95.6,27.63,30.36,92.86,26.97,27.88,96.76,25.54,28.13,96.02,26.09,28.02,96.54,26.64,29.18,96.26,26.93,29.77,96.59,26.92,174,2016-08-01,IC,8,0,1,Monday,False,0,0,0,0,0,0,0,0,0.0,0.0,0.0,0.0,0.0,0.0,0.0,0.0,1,False,,0.004723943661971808,0.3650759219088924,0.012016913319238851,0.010994915254237259,26.549382716049386,15.305732484076431
20160801_JB,33.32,28.033333333,76.113333333,33.926666667,76.4,28.44,34.32,75.826666667,29.08,34.353333333,76.386666667,29.053333333,32.2,76.206666667,27.993333333000002,32.853333333,74.74,28.173333333000002,33.426666667,75.826666667,28.346666666999997,32.886666667,77.593333333,28.373333333,417,2016-08-01,JB,8,0,1,Monday,False,1,1,1,1,0,0,1,0,0.3200000000000003,0.9266666669999992,1.3200000000000003,1.353333333000002,0.0,0.0,0.4266666669999992,0.0,1,False,,0.0034034883720930227,0.26117318435754144,0.02301492537313429,0.01041727019498604,29.58092485549133,18.82959641255605
20160801_JJ,32.2,28.9,73.25,31.05,78.75,28.75,32.4,79.7,29.35,32.05,81.05,29.55,32.95,83.9,29.2,32.15,83.3,29.05,31.5,83.05,28.75,31.2,82.2,28.4,34,2016-08-01,JJ,8,0,1,Monday,False,0,0,0,0,0,0,0,0,0.0,0.0,0.0,0.0,0.0,0.0,0.0,0.0,1,False,,0.0025752808988764053,0.2847826086956526,0.021720430107526868,0.0028445945945945964,29.012820512820515,19.01298701298701
20160801_JN,34.131818181999996,28.8,77.454545455,34.168181818,77.640909091,29.168181818,33.409090909,81.44090909100001,29.268181818000002,33.777272726999996,82.145454545,29.409090909,32.65,84.663636364,28.986363636,32.213636364,84.304545455,28.213636364,32.681818182,82.218181818,28.5,32.772727273,80.804545455,28.554545455,296,2016-08-01,JN,8,0,1,Monday,False,1,1,1,1,0,0,0,0,1.1318181819999964,1.1681818180000008,0.40909090899999967,0.7772727269999962,0.0,0.0,0.0,0.0,1,False,,0.008068341708542688,0.5997493734335831,0.029848866498740526,0.01631328320802002,38.33536585365854,28.397196261682247
20160801_SU,32.4,28.4,72.0,32.8,72.1,28.9,33.0,73.5,28.6,28.4,82.3,26.3,30.5,70.6,28.0,28.9,76.4,27.6,31.9,69.0,28.4,31.4,75.3,28.4,567,2016-08-01,SU,8,0,1,Monday,False,0,0,0,0,0,0,0,0,0.0,0.0,0.0,0.0,0.0,0.0,0.0,0.0,1,False,,0.0041705170517051604,0.41028446389496775,0.01228619528619526,0.026970033296337386,35.41077441077441,22.027444253859347
20160801_US,32.6,25.8,94.1,33.0,86.9,27.8,31.9,86.6,28.9,34.2,81.6,29.4,33.1,79.8,29.4,33.6,77.3,29.0,33.8,83.5,28.6,31.7,93.4,26.7,146,2016-08-01,US,8,0,1,Monday,False,0,0,0,1,1,1,1,0,0.0,0.0,0.0,1.2000000000000028,0.10000000000000142,0.6000000000000014,0.7999999999999972,0.0,1,False,,0.00720116618075799,0.4886567164179116,0.0368597014925373,0.01882089552238804,41.24347826086957,26.547826086956526
20160802_BS,31.1,27.3,79.9,31.8,81.8,27.8,32.1,75.9,29.0,32.7,81.1,28.8,31.9,81.8,28.7,31.4,81.6,28.5,32.2,80.0,28.7,31.1,82.1,28.3,101,2016-08-02,BS,8,1,2,Tuesday,False,0,0,0,0,0,0,0,0,0.0,0.0,0.0,0.0,0.0,0.0,0.0,0.0,0,False,,0.004953488372093002,0.400697674418606,0.02985029940119756,0.022407185628742464,41.90160642570281,26.830578512396695
20160802_CB,30.42,26.506666666999998,78.74,32.646666667,74.18,27.66,33.773333333000004,76.233333333,28.18,32.306666666999995,84.413333333,27.02,29.873333333,82.18,26.066666667,32.98,67.6,28.266666667,31.7,74.813333333,27.54,33.206666667,69.246666667,28.066666667,28,2016-08-02,CB,8,1,2,Tuesday,False,0,0,1,0,0,0,0,1,0.0,0.0,0.7733333330000036,0.0,0.0,0.0,0.0,0.20666666700000036,0,False,,0.002432031250000002,0.2953125,0.0260864197530864,0.015082031249999978,31.568702290076327,18.76050420168067
20160802_CN,30.94375,26.68125,88.3125,32.1125,85.14375,27.4,33.30625,85.16875,28.01875,32.3375,89.51875,27.8875,30.31875,89.6,26.5125,31.125,82.725,27.3375,30.525,87.45,27.46875,32.375,82.85625,27.7625,55,2016-08-02,CN,8,1,2,Tuesday,False,0,0,1,0,0,0,0,0,0.0,0.0,0.3062499999999986,0.0,0.0,0.0,0.0,0.0,0,False,,0.003338207547169815,0.29339622641509416,0.02489150943396225,0.014032075471698095,29.014218009478675,17.52112676056338
20160802_DG,32.2,26.7,79.4,34.3,74.5,27.6,35.1,77.0,28.1,35.1,70.5,29.7,36.0,67.1,30.9,35.4,62.6,30.8,36.1,63.5,30.3,35.0,68.6,29.7,56,2016-08-02,DG,8,1,2,Tuesday,False,0,1,1,1,1,1,1,1,0.0,1.2999999999999972,2.1000000000000014,2.1000000000000014,3.0,2.3999999999999986,3.1000000000000014,2.0,0,False,,0.001992673992673994,0.3025641025641029,0.022703296703296683,0.015476190476190447,30.895522388059703,19.84
20160802_DJ,30.3,27.3,82.1,32.9,78.6,28.7,34.7,77.3,29.9,34.0,81.5,29.1,32.5,80.5,28.2,32.3,70.5,28.9,31.8,77.9,28.7,33.3,73.5,29.0,30,2016-08-02,DJ,8,1,2,Tuesday,False,0,0,1,1,0,0,0,1,0.0,0.0,1.7000000000000028,1.0,0.0,0.0,0.0,0.29999999999999716,0,False,,0.002995833333333336,0.4700000000000005,0.019707112970711267,0.021100456621004533,33.02564102564103,17.858333333333334
20160802_GB,30.533333333,25.758333333000003,85.8625,33.066666667,79.99583333300001,27.129166667,33.858333333000004,79.725,27.791666666999998,34.033333333,78.104166667,28.375,33.508333333,75.1,28.216666667,34.4625,71.395833333,28.983333333,34.141666666999996,71.108333333,28.820833333000003,34.0,75.2125,28.358333333,74,2016-08-02,GB,8,1,2,Tuesday,False,0,1,1,1,1,1,1,1,0.0,0.06666666699999979,0.8583333330000045,1.0333333330000016,0.508333333000003,1.4624999999999986,1.1416666669999955,1.0,0,False,,0.003779052369077293,0.4436408977556116,0.026443890274314173,0.009468827930174532,29.904761904761905,18.67539267015707
20160802_GG,30.85,27.121428571,81.238095238,32.066666667,80.821428571,27.814285714,32.980952381,81.380952381,28.364285714,32.635714286,82.67380952399999,28.15,27.864285714,90.123809524,25.688095238000002,30.773809524,78.138095238,27.735714286,29.226190476,83.926190476,27.238095238000003,31.976190476,78.57619047600001,27.828571429,223,2016-08-02,GG,8,1,2,Tuesday,False,0,0,0,0,0,0,0,0,0.0,0.0,0.0,0.0,0.0,0.0,0.0,0.0,0,False,,0.003148244680851041,0.3856377277599117,0.013955481357818574,0.02234209677419361,28.067245119305852,15.769607843137255
20160802_GJ,31.1,28.1,83.9,35.7,71.9,30.0,36.0,72.8,30.2,34.5,77.8,30.4,35.3,79.0,30.5,33.9,82.9,29.7,32.8,82.0,28.8,34.3,77.9,29.8,47,2016-08-02,GJ,8,1,2,Tuesday,False,0,1,1,1,1,1,0,1,0.0,2.700000000000003,3.0,1.5,2.299999999999997,0.8999999999999986,0.0,1.2999999999999972,0,False,,0.0020049504950495067,0.3524752475247518,0.018113861386138585,0.01806930693069305,28.29556650246305,18.575949367088608
20160802_GN,32.818181818,26.227272727,85.077272727,34.068181818,82.85,27.263636364,35.095454545,78.454545455,28.609090909000003,34.772727273,78.745454545,29.272727273,34.059090909,80.786363636,29.090909091,33.068181818,80.072727273,28.959090909,33.7,78.3,29.013636364,33.118181818000004,81.290909091,28.55,75,2016-08-02,GN,8,1,2,Tuesday,False,0,1,1,1,1,1,1,1,0.0,1.0681818179999993,2.0954545450000026,1.772727273000001,1.0590909089999982,0.06818181799999934,0.7000000000000028,0.1181818180000036,0,False,,0.0030798755186721948,0.36473029045643257,0.03332712215320908,0.013658713692946037,36.33052631578948,23.324742268041238
20160802_GW,29.966666667,25.633333333000003,84.122222222,30.705555556,82.272222222,26.05,31.65,83.54444444399999,26.494444444000003,31.883333333000003,80.777777778,27.466666667,28.527777778,81.877777778,25.711111110999997,31.866666666999997,74.061111111,27.511111110999998,29.238888889000002,78.84444444399999,26.488888889000002,30.316666667,79.75,26.305555555999998,30,2016-08-02,GW,8,1,2,Tuesday,False,0,0,0,0,0,0,0,0,0.0,0.0,0.0,0.0,0.0,0.0,0.0,0.0,0,False,,0.001367965367965369,0.3385281385281386,0.02246320346320343,0.008557575757575745,31.604255319148933,21.138461538461534
20160802_IC,29.97,26.85,96.21,29.51,96.34,26.89,30.57,95.6,27.63,30.36,92.86,26.97,27.88,96.76,25.54,28.13,96.02,26.09,28.02,96.54,26.64,29.18,96.26,26.93,49,2016-08-02,IC,8,1,2,Tuesday,False,0,0,0,0,0,0,0,0,0.0,0.0,0.0,0.0,0.0,0.0,0.0,0.0,0,False,,0.0048870967741935275,0.3677350427350414,0.014507070707070678,0.015562663755458504,26.377319587628865,14.078787878787878
20160802_JB,30.906666667,26.846666666999997,80.266666667,33.32,76.113333333,28.033333333,33.926666667,76.4,28.44,34.32,75.826666667,29.08,34.353333333,76.386666667,29.053333333,32.2,76.206666667,27.993333333000002,32.853333333,74.74,28.173333333000002,33.426666667,75.826666667,28.346666666999997,93,2016-08-02,JB,8,1,2,Tuesday,False,0,1,1,1,1,0,0,1,0.0,0.3200000000000003,0.9266666669999992,1.3200000000000003,1.353333333000002,0.0,0.0,0.4266666669999992,0,False,,0.0032966292134831428,0.2974789915966381,0.02505988023952094,0.012336312849161979,34.77374301675977,22.445414847161565
20160802_JJ,31.05,28.55,78.65,32.2,73.25,28.9,31.05,78.75,28.75,32.4,79.7,29.35,32.05,81.05,29.55,32.95,83.9,29.2,32.15,83.3,29.05,31.5,83.05,28.75,11,2016-08-02,JJ,8,1,2,Tuesday,False,0,0,0,0,0,0,0,0,0.0,0.0,0.0,0.0,0.0,0.0,0.0,0.0,0,False,,0.0022041666666666663,0.2694736842105269,0.017208333333333322,0.0038490566037735867,25.294117647058826,11.595744680851064
20160802_JN,30.895454545,27.318181818000003,84.790909091,34.131818181999996,77.454545455,28.8,34.168181818,77.640909091,29.168181818,33.409090909,81.44090909100001,29.268181818000002,33.777272726999996,82.145454545,29.409090909,32.65,84.663636364,28.986363636,32.213636364,84.304545455,28.213636364,32.681818182,82.218181818,28.5,55,2016-08-02,JN,8,1,2,Tuesday,False,0,1,1,1,1,0,0,0,0.0,1.1318181819999964,1.1681818180000008,0.40909090899999967,0.7772727269999962,0.0,0.0,0.0,0,False,,0.007422160664819924,0.6179687499999996,0.029740641711229913,0.015349999999999963,44.28787878787879,36.49484536082474
20160802_SU,31.1,27.2,72.5,32.4,72.0,28.4,32.8,72.1,28.9,33.0,73.5,28.6,28.4,82.3,26.3,30.5,70.6,28.0,28.9,76.4,27.6,31.9,69.0,28.4,222,2016-08-02,SU,8,1,2,Tuesday,False,0,0,0,0,0,0,0,0,0.0,0.0,0.0,0.0,0.0,0.0,0.0,0.0,0,False,,0.003996696035242287,0.4476769911504436,0.010880225988700564,0.030113839285714282,29.68135593220339,16.755208333333332
20160802_US,30.9,24.4,94.8,32.6,94.1,25.8,33.0,86.9,27.8,31.9,86.6,28.9,34.2,81.6,29.4,33.1,79.8,29.4,33.6,77.3,29.0,33.8,83.5,28.6,14,2016-08-02,US,8,1,2,Tuesday,False,0,0,0,0,1,1,1,1,0.0,0.0,0.0,0.0,1.2000000000000028,0.10000000000000142,0.6000000000000014,0.7999999999999972,0,False,,0.007853521126760533,0.548450704225353,0.029611267605633783,0.02058873239436617,37.10140845070423,21.22429906542056
20160803_BS,31.1,27.3,80.9,31.1,79.9,27.3,31.8,81.8,27.8,32.1,75.9,29.0,32.7,81.1,28.8,31.9,81.8,28.7,31.4,81.6,28.5,32.2,80.0,28.7,61,2016-08-03,BS,8,2,3,Wednesday,False,0,0,0,0,0,0,0,0,0.0,0.0,0.0,0.0,0.0,0.0,0.0,0.0,0,False,,0.0048009367681498645,0.3948477751756454,0.0227743902439024,0.01979959919839676,40.34136546184739,25.319587628865982
20160803_CB,32.713333333,26.906666667,75.806666667,30.42,78.74,26.506666666999998,32.646666667,74.18,27.66,33.773333333000004,76.233333333,28.18,32.306666666999995,84.413333333,27.02,29.873333333,82.18,26.066666667,32.98,67.6,28.266666667,31.7,74.813333333,27.54,30,2016-08-03,CB,8,2,3,Wednesday,False,0,0,0,1,0,0,0,0,0.0,0.0,0.0,0.7733333330000036,0.0,0.0,0.0,0.0,0,False,,0.0019335877862595434,0.25725190839694706,0.02651145038167936,0.01282519083969463,19.782442748091604,8.212389380530974
20160803_CN,32.625,27.03125,84.00625,30.94375,88.3125,26.68125,32.1125,85.14375,27.4,33.30625,85.16875,28.01875,32.3375,89.51875,27.8875,30.31875,89.6,26.5125,31.125,82.725,27.3375,30.525,87.45,27.46875,53,2016-08-03,CN,8,2,3,Wednesday,False,0,0,0,1,0,0,0,0,0.0,0.0,0.0,0.3062499999999986,0.0,0.0,0.0,0.0,0,False,,0.003306334841628961,0.348868778280543,0.04361990950226243,0.014087782805429844,30.420814479638015,17.13235294117647
20160803_DG,33.2,26.5,78.3,32.2,79.4,26.7,34.3,74.5,27.6,35.1,77.0,28.1,35.1,70.5,29.7,36.0,67.1,30.9,35.4,62.6,30.8,36.1,63.5,30.3,65,2016-08-03,DG,8,2,3,Wednesday,False,1,0,1,1,1,1,1,1,0.20000000000000284,0.0,1.2999999999999972,2.1000000000000014,2.1000000000000014,3.0,2.3999999999999986,3.1000000000000014,0,False,,0.0019655172413793115,0.3191881918819192,0.023479704797047928,0.016527675276752748,29.34980988593156,17.839080459770113
20160803_DJ,34.0,28.3,75.5,30.3,82.1,27.3,32.9,78.6,28.7,34.7,77.3,29.9,34.0,81.5,29.1,32.5,80.5,28.2,32.3,70.5,28.9,31.8,77.9,28.7,27,2016-08-03,DJ,8,2,3,Wednesday,False,1,0,0,1,1,0,0,0,1.0,0.0,0.0,1.7000000000000028,1.0,0.0,0.0,0.0,0,False,,0.0019458333333333348,0.4158333333333329,0.028841666666666637,0.017154166666666644,20.8,8.45
20160803_GB,31.2375,25.9,84.891666667,30.533333333,85.8625,25.758333333000003,33.066666667,79.99583333300001,27.129166667,33.858333333000004,79.725,27.791666666999998,34.033333333,78.104166667,28.375,33.508333333,75.1,28.216666667,34.4625,71.395833333,28.983333333,34.141666666999996,71.108333333,28.820833333000003,68,2016-08-03,GB,8,2,3,Wednesday,False,0,0,1,1,1,1,1,1,0.0,0.0,0.06666666699999979,0.8583333330000045,1.0333333330000016,0.508333333000003,1.4624999999999986,1.1416666669999955,0,False,,0.003154299754299739,0.40171568627451015,0.024621621621621625,0.007855147058823501,27.056511056511056,15.75916230366492
20160803_GG,34.095238095,28.642857143,71.12857142899999,30.85,81.238095238,27.121428571,32.066666667,80.821428571,27.814285714,32.980952381,81.380952381,28.364285714,32.635714286,82.67380952399999,28.15,27.864285714,90.123809524,25.688095238000002,30.773809524,78.138095238,27.735714286,29.226190476,83.926190476,27.238095238000003,210,2016-08-03,GG,8,2,3,Wednesday,False,1,0,0,0,0,0,0,0,1.0952380949999991,0.0,0.0,0.0,0.0,0.0,0.0,0.0,0,False,,0.0034300856531048816,0.3863340563991278,0.0316538895152199,0.022882260681449468,28.28066298342541,15.188311688311687
20160803_GJ,31.9,26.6,88.5,31.1,83.9,28.1,35.7,71.9,30.0,36.0,72.8,30.2,34.5,77.8,30.4,35.3,79.0,30.5,33.9,82.9,29.7,32.8,82.0,28.8,23,2016-08-03,GJ,8,2,3,Wednesday,False,0,0,1,1,1,1,1,0,0.0,0.0,2.700000000000003,3.0,1.5,2.299999999999997,0.8999999999999986,0.0,0,False,,0.002266666666666669,0.36417112299465176,0.023818181818181797,0.016010695187165767,23.65425531914893,15.7
20160803_GN,31.427272727,26.440909090999998,83.16818181800001,32.818181818,85.077272727,26.227272727,34.068181818,82.85,27.263636364,35.095454545,78.454545455,28.609090909000003,34.772727273,78.745454545,29.272727273,34.059090909,80.786363636,29.090909091,33.068181818,80.072727273,28.959090909,33.7,78.3,29.013636364,61,2016-08-03,GN,8,2,3,Wednesday,False,0,0,1,1,1,1,1,1,0.0,0.0,1.0681818179999993,2.0954545450000026,1.772727273000001,1.0590909089999982,0.06818181799999934,0.7000000000000028,0,False,,0.002958449304174944,0.3314115308151102,0.029103238866396732,0.012324850894632186,34.704453441295556,21.337899543378995
20160803_GW,31.594444444,26.344444444,80.188888889,29.966666667,84.122222222,25.633333333000003,30.705555556,82.272222222,26.05,31.65,83.54444444399999,26.494444444000003,31.883333333000003,80.777777778,27.466666667,28.527777778,81.877777778,25.711111110999997,31.866666666999997,74.061111111,27.511111110999998,29.238888889000002,78.84444444399999,26.488888889000002,41,2016-08-03,GW,8,2,3,Wednesday,False,0,0,0,0,0,0,0,0,0.0,0.0,0.0,0.0,0.0,0.0,0.0,0.0,0,False,,0.0014213675213675231,0.3239316239316237,0.02248290598290595,0.007335897435897427,26.91561181434599,16.139705882352942
20160803_IC,32.24,28.1,87.4,29.97,96.21,26.85,29.51,96.34,26.89,30.57,95.6,27.63,30.36,92.86,26.97,27.88,96.76,25.54,28.13,96.02,26.09,28.02,96.54,26.64,46,2016-08-03,IC,8,2,3,Wednesday,False,0,0,0,0,0,0,0,0,0.0,0.0,0.0,0.0,0.0,0.0,0.0,0.0,0,False,,0.005202697095435657,0.4598253275109172,0.027346473029045613,0.02361605995717344,31.763598326359833,14.957142857142856
20160803_JB,31.666666666999998,26.713333333,78.22,30.906666667,80.266666667,26.846666666999997,33.32,76.113333333,28.033333333,33.926666667,76.4,28.44,34.32,75.826666667,29.08,34.353333333,76.386666667,29.053333333,32.2,76.206666667,27.993333333000002,32.853333333,74.74,28.173333333000002,70,2016-08-03,JB,8,2,3,Wednesday,False,0,0,1,1,1,1,0,0,0.0,0.0,0.3200000000000003,0.9266666669999992,1.3200000000000003,1.353333333000002,0.0,0.0,0,False,,0.002731908831908835,0.29684813753581607,0.030805471124620037,0.011446175637393748,27.813753581661892,16.46153846153846
20160803_JJ,28.7,27.25,83.25,31.05,78.65,28.55,32.2,73.25,28.9,31.05,78.75,28.75,32.4,79.7,29.35,32.05,81.05,29.55,32.95,83.9,29.2,32.15,83.3,29.05,15,2016-08-03,JJ,8,2,3,Wednesday,False,0,0,0,0,0,0,0,0,0.0,0.0,0.0,0.0,0.0,0.0,0.0,0.0,0,False,,0.002266666666666668,0.3191011235955058,0.010277777777777785,0.008456962025316463,20.078651685393254,9.277777777777779
20160803_JN,30.877272726999998,26.604545455,86.872727273,30.895454545,84.790909091,27.318181818000003,34.131818181999996,77.454545455,28.8,34.168181818,77.640909091,29.168181818,33.409090909,81.44090909100001,29.268181818000002,33.777272726999996,82.145454545,29.409090909,32.65,84.663636364,28.986363636,32.213636364,84.304545455,28.213636364,47,2016-08-03,JN,8,2,3,Wednesday,False,0,0,1,1,1,1,0,0,0.0,0.0,1.1318181819999964,1.1681818180000008,0.40909090899999967,0.7772727269999962,0.0,0.0,0,False,,0.006478873239436603,0.4984168865435353,0.02922010869565215,0.013554617414247985,34.523415977961434,27.00502512562814
20160803_SU,34.2,29.1,65.4,31.1,72.5,27.2,32.4,72.0,28.4,32.8,72.1,28.9,33.0,73.5,28.6,28.4,82.3,26.3,30.5,70.6,28.0,28.9,76.4,27.6,196,2016-08-03,SU,8,2,3,Wednesday,False,1,0,0,0,0,0,0,0,1.2000000000000028,0.0,0.0,0.0,0.0,0.0,0.0,0.0,0,False,,0.0041486784140969115,0.463128491620113,0.02263605823068307,0.0363490990990991,31.51387347391787,17.205172413793107
20160803_US,30.3,26.0,92.0,30.9,94.8,24.4,32.6,94.1,25.8,33.0,86.9,27.8,31.9,86.6,28.9,34.2,81.6,29.4,33.1,79.8,29.4,33.6,77.3,29.0,9,2016-08-03,US,8,2,3,Wednesday,False,0,0,0,0,0,1,1,1,0.0,0.0,0.0,0.0,0.0,1.2000000000000028,0.10000000000000142,0.6000000000000014,0,False,,0.005014124293785297,0.4805084745762722,0.021671428571428543,0.01631073446327681,34.921126760563375,20.257425742574252
20160804_BS,31.7,28.3,76.3,31.1,80.9,27.3,31.1,79.9,27.3,31.8,81.8,27.8,32.1,75.9,29.0,32.7,81.1,28.8,31.9,81.8,28.7,31.4,81.6,28.5,70,2016-08-04,BS,8,3,4,Thursday,False,0,0,0,0,0,0,0,0,0.0,0.0,0.0,0.0,0.0,0.0,0.0,0.0,0,False,,0.004316901408450685,0.362441314553992,0.022381443298969027,0.014004016064256988,36.76161616161616,22.851405622489963
20160804_CB,33.873333333000005,28.32,70.246666667,32.713333333,75.806666667,26.906666667,30.42,78.74,26.506666666999998,32.646666667,74.18,27.66,33.773333333000004,76.233333333,28.18,32.306666666999995,84.413333333,27.02,29.873333333,82.18,26.066666667,32.98,67.6,28.266666667,37,2016-08-04,CB,8,3,4,Thursday,False,1,0,0,0,1,0,0,0,0.873333333000005,0.0,0.0,0.0,0.7733333330000036,0.0,0.0,0.0,0,False,,0.0020248031496063012,0.3106299212598423,0.025586614173228328,0.014471259842519653,23.196911196911202,10.302521008403364
20160804_CN,34.3375,28.425,81.0625,32.625,84.00625,27.03125,30.94375,88.3125,26.68125,32.1125,85.14375,27.4,33.30625,85.16875,28.01875,32.3375,89.51875,27.8875,30.31875,89.6,26.5125,31.125,82.725,27.3375,38,2016-08-04,CN,8,3,4,Thursday,False,1,0,0,0,1,0,0,0,1.3374999999999986,0.0,0.0,0.0,0.3062499999999986,0.0,0.0,0.0,0,False,,0.003933750000000002,0.4362500000000003,0.05485833333333333,0.016061666666666644,47.543933054393314,27.70833333333333
20160804_DG,33.8,27.7,73.4,33.2,78.3,26.5,32.2,79.4,26.7,34.3,74.5,27.6,35.1,77.0,28.1,35.1,70.5,29.7,36.0,67.1,30.9,35.4,62.6,30.8,45,2016-08-04,DG,8,3,4,Thursday,False,1,1,0,1,1,1,1,1,0.7999999999999972,0.20000000000000284,0.0,1.2999999999999972,2.1000000000000014,2.1000000000000014,3.0,2.3999999999999986,0,False,,0.002612546125461257,0.38426573426573424,0.02741958041958041,0.012220279720279692,35.83571428571429,23.31521739130435
20160804_DJ,35.5,29.9,70.8,34.0,75.5,28.3,30.3,82.1,27.3,32.9,78.6,28.7,34.7,77.3,29.9,34.0,81.5,29.1,32.5,80.5,28.2,32.3,70.5,28.9,34,2016-08-04,DJ,8,3,4,Thursday,False,1,1,0,0,1,1,0,0,2.5,1.0,0.0,0.0,1.7000000000000028,1.0,0.0,0.0,0,False,,0.0017708333333333348,0.44041666666666707,0.02782916666666664,0.01653333333333331,22.57563025210084,11.621848739495798
20160804_GB,32.320833333,26.9,79.45,31.2375,84.891666667,25.9,30.533333333,85.8625,25.758333333000003,33.066666667,79.99583333300001,27.129166667,33.858333333000004,79.725,27.791666666999998,34.033333333,78.104166667,28.375,33.508333333,75.1,28.216666667,34.4625,71.395833333,28.983333333,72,2016-08-04,GB,8,3,4,Thursday,False,0,0,0,1,1,1,1,1,0.0,0.0,0.0,0.06666666699999979,0.8583333330000045,1.0333333330000016,0.508333333000003,1.4624999999999986,0,False,,0.003391293532338293,0.4128395061728393,0.024750617283950584,0.006897777777777761,27.062034739454088,17.375
20160804_GG,34.935714286,29.221428571,73.376190476,34.095238095,71.12857142899999,28.642857143,30.85,81.238095238,27.121428571,32.066666667,80.821428571,27.814285714,32.980952381,81.380952381,28.364285714,32.635714286,82.67380952399999,28.15,27.864285714,90.123809524,25.688095238000002,30.773809524,78.138095238,27.735714286,173,2016-08-04,GG,8,3,4,Thursday,False,1,1,0,0,0,0,0,0,1.9357142859999996,1.0952380949999991,0.0,0.0,0.0,0.0,0.0,0.0,0,False,,0.003909598698481503,0.4561568194367711,0.03246395881006866,0.02627520391517136,39.10144124168513,22.78640776699029
20160804_GJ,33.9,28.6,79.5,31.9,88.5,26.6,31.1,83.9,28.1,35.7,71.9,30.0,36.0,72.8,30.2,34.5,77.8,30.4,35.3,79.0,30.5,33.9,82.9,29.7,31,2016-08-04,GJ,8,3,4,Thursday,False,1,0,0,1,1,1,1,1,0.8999999999999986,0.0,0.0,2.700000000000003,3.0,1.5,2.299999999999997,0.8999999999999986,0,False,,0.003042944785276076,0.4245989304812829,0.03301604278074865,0.01591443850267377,31.62105263157895,22.335664335664333
20160804_GN,32.4,27.431818181999997,79.609090909,31.427272727,83.16818181800001,26.440909090999998,32.818181818,85.077272727,26.227272727,34.068181818,82.85,27.263636364,35.095454545,78.454545455,28.609090909000003,34.772727273,78.745454545,29.272727273,34.059090909,80.786363636,29.090909091,33.068181818,80.072727273,28.959090909,61,2016-08-04,GN,8,3,4,Thursday,False,0,0,0,1,1,1,1,1,0.0,0.0,0.0,1.0681818179999993,2.0954545450000026,1.772727273000001,1.0590909089999982,0.06818181799999934,0,False,,0.0038632183908045774,0.3331384015594551,0.0265290697674418,0.012204518664047115,38.26628352490422,23.452991452991448
20160804_GW,32.277777778,26.661111111,76.166666667,31.594444444,80.188888889,26.344444444,29.966666667,84.122222222,25.633333333000003,30.705555556,82.272222222,26.05,31.65,83.54444444399999,26.494444444000003,31.883333333000003,80.777777778,27.466666667,28.527777778,81.877777778,25.711111110999997,31.866666666999997,74.061111111,27.511111110999998,43,2016-08-04,GW,8,3,4,Thursday,False,0,0,0,0,0,0,0,0,0.0,0.0,0.0,0.0,0.0,0.0,0.0,0.0,0,False,,0.0014576923076923091,0.3735042735042745,0.02345726495726493,0.007698717948717942,26.840336134453782,17.866666666666667
20160804_IC,33.19,28.91,91.15,32.24,87.4,28.1,29.97,96.21,26.85,29.51,96.34,26.89,30.57,95.6,27.63,30.36,92.86,26.97,27.88,96.76,25.54,28.13,96.02,26.09,39,2016-08-04,IC,8,3,4,Thursday,False,1,0,0,0,0,0,0,0,0.18999999999999773,0.0,0.0,0.0,0.0,0.0,0.0,0.0,0,False,,0.005369344608879463,0.4878923766816134,0.03284745762711861,0.021225054466230932,40.694323144104814,23.11746987951807
20160804_JB,34.086666666999996,28.086666667,76.5,31.666666666999998,78.22,26.713333333,30.906666667,80.266666667,26.846666666999997,33.32,76.113333333,28.033333333,33.926666667,76.4,28.44,34.32,75.826666667,29.08,34.353333333,76.386666667,29.053333333,32.2,76.206666667,27.993333333000002,76,2016-08-04,JB,8,3,4,Thursday,False,1,0,0,1,1,1,1,0,1.0866666669999958,0.0,0.0,0.3200000000000003,0.9266666669999992,1.3200000000000003,1.353333333000002,0.0,0,False,,0.00303267605633803,0.371549295774648,0.03997583081570996,0.011503380281690116,37.175487465181064,25.049107142857146
20160804_JJ,31.35,27.7,84.55,28.7,83.25,27.25,31.05,78.65,28.55,32.2,73.25,28.9,31.05,78.75,28.75,32.4,79.7,29.35,32.05,81.05,29.55,32.95,83.9,29.2,16,2016-08-04,JJ,8,3,4,Thursday,False,0,0,0,0,0,0,0,0,0.0,0.0,0.0,0.0,0.0,0.0,0.0,0.0,0,False,,0.0008750000000000008,0.27157894736842153,0.013833333333333328,0.0034156250000000016,18.64444444444445,7.478723404255319
20160804_JN,32.695454545,28.081818182,79.209090909,30.877272726999998,86.872727273,26.604545455,30.895454545,84.790909091,27.318181818000003,34.131818181999996,77.454545455,28.8,34.168181818,77.640909091,29.168181818,33.409090909,81.44090909100001,29.268181818000002,33.777272726999996,82.145454545,29.409090909,32.65,84.663636364,28.986363636,50,2016-08-04,JN,8,3,4,Thursday,False,0,0,0,1,1,1,1,0,0.0,0.0,0.0,1.1318181819999964,1.1681818180000008,0.40909090899999967,0.7772727269999962,0.0,0,False,,0.005303703703703672,0.4758974358974363,0.027572890025575426,0.011228388746803031,35.18055555555556,27.786363636363635
20160804_SU,35.7,30.7,59.6,34.2,65.4,29.1,31.1,72.5,27.2,32.4,72.0,28.4,32.8,72.1,28.9,33.0,73.5,28.6,28.4,82.3,26.3,30.5,70.6,28.0,187,2016-08-04,SU,8,3,4,Thursday,False,1,1,0,0,0,0,0,0,2.700000000000003,1.2000000000000028,0.0,0.0,0.0,0.0,0.0,0.0,0,False,,0.004247787610619457,0.4888888888888895,0.02503703703703705,0.03525334821428571,34.86850828729282,20.267605633802816
20160804_US,30.2,26.6,89.0,30.3,92.0,26.0,30.9,94.8,24.4,32.6,94.1,25.8,33.0,86.9,27.8,31.9,86.6,28.9,34.2,81.6,29.4,33.1,79.8,29.4,2,2016-08-04,US,8,3,4,Thursday,False,0,0,0,0,0,0,1,1,0.0,0.0,0.0,0.0,0.0,0.0,1.2000000000000028,0.10000000000000142,0,False,,0.004288571428571413,0.4222857142857154,0.020747692307692252,0.012428571428571405,31.190058479532162,16.544554455445546
20160805_BS,32.0,28.1,77.1,31.7,76.3,28.3,31.1,80.9,27.3,31.1,79.9,27.3,31.8,81.8,27.8,32.1,75.9,29.0,32.7,81.1,28.8,31.9,81.8,28.7,85,2016-08-05,BS,8,4,5,Friday,False,0,0,0,0,0,0,0,0,0.0,0.0,0.0,0.0,0.0,0.0,0.0,0.0,0,False,,0.004667441860465097,0.3611627906976755,0.022042424242424218,0.0136088709677419,31.70253164556962,18.097759674134423
20160805_CB,34.853333333,29.013333333000002,67.82,33.873333333000005,70.246666667,28.32,32.713333333,75.806666667,26.906666667,30.42,78.74,26.506666666999998,32.646666667,74.18,27.66,33.773333333000004,76.233333333,28.18,32.306666666999995,84.413333333,27.02,29.873333333,82.18,26.066666667,20,2016-08-05,CB,8,4,5,Friday,False,1,1,0,0,0,1,0,0,1.853333333000002,0.873333333000005,0.0,0.0,0.0,0.7733333330000036,0.0,0.0,0,False,,0.0021240157480314982,0.3337254901960776,0.03489803921568626,0.013069411764705849,25.78947368421053,13.527896995708153
20160805_CN,34.23125,28.75,81.35625,34.3375,81.0625,28.425,32.625,84.00625,27.03125,30.94375,88.3125,26.68125,32.1125,85.14375,27.4,33.30625,85.16875,28.01875,32.3375,89.51875,27.8875,30.31875,89.6,26.5125,45,2016-08-05,CN,8,4,5,Friday,False,1,1,0,0,0,1,0,0,1.2312500000000028,1.3374999999999986,0.0,0.0,0.0,0.3062499999999986,0.0,0.0,0,False,,0.003980833333333336,0.42625000000000063,0.05359583333333332,0.01348374999999998,46.57083333333333,28.23611111111111
20160805_DG,34.5,28.5,67.9,33.8,73.4,27.7,33.2,78.3,26.5,32.2,79.4,26.7,34.3,74.5,27.6,35.1,77.0,28.1,35.1,70.5,29.7,36.0,67.1,30.9,43,2016-08-05,DG,8,4,5,Friday,False,1,1,1,0,1,1,1,1,1.5,0.7999999999999972,0.20000000000000284,0.0,1.2999999999999972,2.1000000000000014,2.1000000000000014,3.0,0,False,,0.0029505300353356912,0.3783687943262414,0.030607773851590088,0.011007067137809164,29.08,18.6448087431694
20160805_DJ,35.8,30.7,69.0,35.5,70.8,29.9,34.0,75.5,28.3,30.3,82.1,27.3,32.9,78.6,28.7,34.7,77.3,29.9,34.0,81.5,29.1,32.5,80.5,28.2,37,2016-08-05,DJ,8,4,5,Friday,False,1,1,1,0,0,1,1,0,2.799999999999997,2.5,1.0,0.0,0.0,1.7000000000000028,1.0,0.0,0,False,,0.0020958333333333345,0.5008333333333332,0.04055416666666665,0.017824999999999973,32.1,17.725
20160805_GB,33.129166667,27.441666667,76.68333333300001,32.320833333,79.45,26.9,31.2375,84.891666667,25.9,30.533333333,85.8625,25.758333333000003,33.066666667,79.99583333300001,27.129166667,33.858333333000004,79.725,27.791666666999998,34.033333333,78.104166667,28.375,33.508333333,75.1,28.216666667,55,2016-08-05,GB,8,4,5,Friday,False,1,0,0,0,1,1,1,1,0.1291666669999998,0.0,0.0,0.0,0.06666666699999979,0.8583333330000045,1.0333333330000016,0.508333333000003,0,False,,0.003492030848329031,0.4115288220551373,0.026431761786600484,0.0072242424242424125,24.439205955334987,15.031413612565446
20160805_GG,35.369047619,29.814285714,71.726190476,34.935714286,73.376190476,29.221428571,34.095238095,71.12857142899999,28.642857143,30.85,81.238095238,27.121428571,32.066666667,80.821428571,27.814285714,32.980952381,81.380952381,28.364285714,32.635714286,82.67380952399999,28.15,27.864285714,90.123809524,25.688095238000002,156,2016-08-05,GG,8,4,5,Friday,False,1,1,1,0,0,0,0,0,2.369047619,1.9357142859999996,1.0952380949999991,0.0,0.0,0.0,0.0,0.0,0,False,,0.00391103374397424,0.4815890410958869,0.041040677966101766,0.026946799354491683,45.14355628058728,26.97151898734177
20160805_GJ,35.1,29.7,77.3,33.9,79.5,28.6,31.9,88.5,26.6,31.1,83.9,28.1,35.7,71.9,30.0,36.0,72.8,30.2,34.5,77.8,30.4,35.3,79.0,30.5,34,2016-08-05,GJ,8,4,5,Friday,False,1,1,0,0,1,1,1,1,2.1000000000000014,0.8999999999999986,0.0,0.0,2.700000000000003,3.0,1.5,2.299999999999997,0,False,,0.002845238095238097,0.4312499999999999,0.03489062499999996,0.01730208333333332,32.177083333333336,23.77083333333333
20160805_GN,33.095454545,27.854545455,77.136363636,32.4,79.609090909,27.431818181999997,31.427272727,83.16818181800001,26.440909090999998,32.818181818,85.077272727,26.227272727,34.068181818,82.85,27.263636364,35.095454545,78.454545455,28.609090909000003,34.772727273,78.745454545,29.272727273,34.059090909,80.786363636,29.090909091,67,2016-08-05,GN,8,4,5,Friday,False,1,0,0,0,1,1,1,1,0.09545454500000261,0.0,0.0,0.0,1.0681818179999993,2.0954545450000026,1.772727273000001,1.0590909089999982,0,False,,0.004050950570342182,0.3335922330097099,0.027784615384615328,0.012890836653386431,35.099047619047624,19.80172413793104
20160805_GW,32.944444444,26.65,73.855555556,32.277777778,76.166666667,26.661111111,31.594444444,80.188888889,26.344444444,29.966666667,84.122222222,25.633333333000003,30.705555556,82.272222222,26.05,31.65,83.54444444399999,26.494444444000003,31.883333333000003,80.777777778,27.466666667,28.527777778,81.877777778,25.711111110999997,38,2016-08-05,GW,8,4,5,Friday,False,0,0,0,0,0,0,0,0,0.0,0.0,0.0,0.0,0.0,0.0,0.0,0.0,0,False,,0.0017079166666666686,0.3812500000000007,0.026983333333333318,0.008110833333333324,27.204166666666666,16.841726618705035
20160805_IC,33.36,29.34,91.15,33.19,91.15,28.91,32.24,87.4,28.1,29.97,96.21,26.85,29.51,96.34,26.89,30.57,95.6,27.63,30.36,92.86,26.97,27.88,96.76,25.54,32,2016-08-05,IC,8,4,5,Friday,False,1,1,0,0,0,0,0,0,0.35999999999999943,0.18999999999999773,0.0,0.0,0.0,0.0,0.0,0.0,0,False,,0.005682470119521891,0.5199570815450637,0.039499999999999945,0.021412499999999998,52.1871227364185,30.64594594594595
20160805_JB,34.24,28.42,77.673333333,34.086666666999996,76.5,28.086666667,31.666666666999998,78.22,26.713333333,30.906666667,80.266666667,26.846666666999997,33.32,76.113333333,28.033333333,33.926666667,76.4,28.44,34.32,75.826666667,29.08,34.353333333,76.386666667,29.053333333,72,2016-08-05,JB,8,4,5,Friday,False,1,1,0,0,1,1,1,1,1.240000000000002,1.0866666669999958,0.0,0.0,0.3200000000000003,0.9266666669999992,1.3200000000000003,1.353333333000002,0,False,,0.003444692737430156,0.4111731843575431,0.048374251497005936,0.010835474860335162,48.32212885154061,34.44298245614035
20160805_JJ,31.05,28.25,86.45,31.35,84.55,27.7,28.7,83.25,27.25,31.05,78.65,28.55,32.2,73.25,28.9,31.05,78.75,28.75,32.4,79.7,29.35,32.05,81.05,29.55,22,2016-08-05,JJ,8,4,5,Friday,False,0,0,0,0,0,0,0,0,0.0,0.0,0.0,0.0,0.0,0.0,0.0,0.0,0,False,,0.001084375000000001,0.33894736842105244,0.029833333333333326,0.003341666666666668,33.90322580645161,19.588888888888892
20160805_JN,33.395454545,28.472727273,77.490909091,32.695454545,79.209090909,28.081818182,30.877272726999998,86.872727273,26.604545455,30.895454545,84.790909091,27.318181818000003,34.131818181999996,77.454545455,28.8,34.168181818,77.640909091,29.168181818,33.409090909,81.44090909100001,29.268181818000002,33.777272726999996,82.145454545,29.409090909,53,2016-08-05,JN,8,4,5,Friday,False,1,0,0,0,1,1,1,1,0.39545454499999977,0.0,0.0,0.0,1.1318181819999964,1.1681818180000008,0.40909090899999967,0.7772727269999962,0,False,,0.006255837563451749,0.4910941475826968,0.028393401015228387,0.011836132315521592,29.50437317784257,22.331818181818186
20160805_SU,36.0,31.2,60.1,35.7,59.6,30.7,34.2,65.4,29.1,31.1,72.5,27.2,32.4,72.0,28.4,32.8,72.1,28.9,33.0,73.5,28.6,28.4,82.3,26.3,185,2016-08-05,SU,8,4,5,Friday,False,1,1,1,0,0,0,0,0,3.0,2.700000000000003,1.2000000000000028,0.0,0.0,0.0,0.0,0.0,0,False,,0.0042217391304347675,0.5509149623250796,0.032211517165005504,0.04017943107221002,43.45102260495156,26.07836456558773
20160805_US,31.6,26.6,88.8,30.2,89.0,26.6,30.3,92.0,26.0,30.9,94.8,24.4,32.6,94.1,25.8,33.0,86.9,27.8,31.9,86.6,28.9,34.2,81.6,29.4,11,2016-08-05,US,8,4,5,Friday,False,0,0,0,0,0,0,0,1,0.0,0.0,0.0,0.0,0.0,0.0,0.0,1.2000000000000028,0,False,,0.004950437317784238,0.41224489795918495,0.019952978056426283,0.012107871720116594,27.707831325301203,13.25
20160806_BS,32.7,28.9,77.9,32.0,77.1,28.1,31.7,76.3,28.3,31.1,80.9,27.3,31.1,79.9,27.3,31.8,81.8,27.8,32.1,75.9,29.0,32.7,81.1,28.8,15,2016-08-06,BS,8,5,6,Saturday,False,0,0,0,0,0,0,0,0,0.0,0.0,0.0,0.0,0.0,0.0,0.0,0.0,0,True,,0.006585648148148124,0.3518518518518529,0.024208333333333287,0.015007936507936484,31.93816631130064,19.08333333333333
20160806_CB,35.18,28.9,69.853333333,34.853333333,67.82,29.013333333000002,33.873333333000005,70.246666667,28.32,32.713333333,75.806666667,26.906666667,30.42,78.74,26.506666666999998,32.646666667,74.18,27.66,33.773333333000004,76.233333333,28.18,32.306666666999995,84.413333333,27.02,9,2016-08-06,CB,8,5,6,Saturday,False,1,1,1,0,0,0,1,0,2.1799999999999997,1.853333333000002,0.873333333000005,0.0,0.0,0.0,0.7733333330000036,0.0,0,True,,0.0024404166666666684,0.3504166666666665,0.03933333333333335,0.01369916666666664,32.508403361344534,17.37962962962963
20160806_CN,34.1875,28.35,82.025,34.23125,81.35625,28.75,34.3375,81.0625,28.425,32.625,84.00625,27.03125,30.94375,88.3125,26.68125,32.1125,85.14375,27.4,33.30625,85.16875,28.01875,32.3375,89.51875,27.8875,14,2016-08-06,CN,8,5,6,Saturday,False,1,1,1,0,0,0,1,0,1.1875,1.2312500000000028,1.3374999999999986,0.0,0.0,0.0,0.3062499999999986,0.0,0,True,,0.004414166666666669,0.4604166666666669,0.05176569037656902,0.014527499999999978,51.59166666666667,29.79166666666667
20160806_DG,35.1,29.5,67.0,34.5,67.9,28.5,33.8,73.4,27.7,33.2,78.3,26.5,32.2,79.4,26.7,34.3,74.5,27.6,35.1,77.0,28.1,35.1,70.5,29.7,14,2016-08-06,DG,8,5,6,Saturday,False,1,1,1,1,0,1,1,1,2.1000000000000014,1.5,0.7999999999999972,0.20000000000000284,0.0,1.2999999999999972,2.1000000000000014,2.1000000000000014,0,True,,0.003371527777777781,0.3700757575757577,0.038993055555555545,0.012861111111111082,37.10071942446043,24.40106951871658
20160806_DJ,35.4,29.6,74.3,35.8,69.0,30.7,35.5,70.8,29.9,34.0,75.5,28.3,30.3,82.1,27.3,32.9,78.6,28.7,34.7,77.3,29.9,34.0,81.5,29.1,7,2016-08-06,DJ,8,5,6,Saturday,False,1,1,1,1,0,0,1,1,2.3999999999999986,2.799999999999997,2.5,1.0,0.0,0.0,1.7000000000000028,1.0,0,True,,0.002112500000000001,0.4858333333333337,0.050908333333333326,0.015695833333333294,35.97872340425532,20.758333333333333
20160806_GB,33.958333333,28.0375,75.783333333,33.129166667,76.68333333300001,27.441666667,32.320833333,79.45,26.9,31.2375,84.891666667,25.9,30.533333333,85.8625,25.758333333000003,33.066666667,79.99583333300001,27.129166667,33.858333333000004,79.725,27.791666666999998,34.033333333,78.104166667,28.375,18,2016-08-06,GB,8,5,6,Saturday,False,1,1,0,0,0,1,1,1,0.9583333329999988,0.1291666669999998,0.0,0.0,0.0,0.06666666699999979,0.8583333330000045,1.0333333330000016,0,True,,0.0036257499999999827,0.42005012531328173,0.030115196078431338,0.008132506203473916,28.20197044334975,19.244791666666668
20160806_GG,34.757142857,29.638095238000002,72.985714286,35.369047619,71.726190476,29.814285714,34.935714286,73.376190476,29.221428571,34.095238095,71.12857142899999,28.642857143,30.85,81.238095238,27.121428571,32.066666667,80.821428571,27.814285714,32.980952381,81.380952381,28.364285714,32.635714286,82.67380952399999,28.15,62,2016-08-06,GG,8,5,6,Saturday,False,1,1,1,1,0,0,0,0,1.757142856999998,2.369047619,1.9357142859999996,1.0952380949999991,0.0,0.0,0.0,0.0,0,True,,0.003977373417721465,0.5132045088566803,0.04558780760626401,0.02573149814716792,54.39402028830753,34.43939393939394
20160806_GJ,34.5,29.7,78.6,35.1,77.3,29.7,33.9,79.5,28.6,31.9,88.5,26.6,31.1,83.9,28.1,35.7,71.9,30.0,36.0,72.8,30.2,34.5,77.8,30.4,9,2016-08-06,GJ,8,5,6,Saturday,False,1,1,1,0,0,1,1,1,1.5,2.1000000000000014,0.8999999999999986,0.0,0.0,2.700000000000003,3.0,1.5,0,True,,0.002571428571428573,0.4302083333333329,0.043218749999999966,0.015984374999999967,36.63541666666666,27.243055555555557
20160806_GN,33.872727273,28.440909090999998,76.395454545,33.095454545,77.136363636,27.854545455,32.4,79.609090909,27.431818181999997,31.427272727,83.16818181800001,26.440909090999998,32.818181818,85.077272727,26.227272727,34.068181818,82.85,27.263636364,35.095454545,78.454545455,28.609090909000003,34.772727273,78.745454545,29.272727273,22,2016-08-06,GN,8,5,6,Saturday,False,1,1,0,0,0,1,1,1,0.8727272730000024,0.09545454500000261,0.0,0.0,0.0,1.0681818179999993,2.0954545450000026,1.772727273000001,0,True,,0.004335465116279046,0.34166666666666745,0.03086821705426353,0.013310772357723549,37.76086956521739,21.467811158798284
20160806_GW,33.322222222,27.055555555999998,73.644444444,32.944444444,73.855555556,26.65,32.277777778,76.166666667,26.661111111,31.594444444,80.188888889,26.344444444,29.966666667,84.122222222,25.633333333000003,30.705555556,82.272222222,26.05,31.65,83.54444444399999,26.494444444000003,31.883333333000003,80.777777778,27.466666667,9,2016-08-06,GW,8,5,6,Saturday,False,1,0,0,0,0,0,0,0,0.3222222220000006,0.0,0.0,0.0,0.0,0.0,0.0,0.0,0,True,,0.0018870833333333352,0.3902953586497898,0.030920833333333286,0.008357083333333322,29.20833333333333,18.818181818181817
20160806_IC,33.32,29.12,88.42,33.36,91.15,29.34,33.19,91.15,28.91,32.24,87.4,28.1,29.97,96.21,26.85,29.51,96.34,26.89,30.57,95.6,27.63,30.36,92.86,26.97,8,2016-08-06,IC,8,5,6,Saturday,False,1,1,1,0,0,0,0,0,0.3200000000000003,0.35999999999999943,0.18999999999999773,0.0,0.0,0.0,0.0,0.0,0,True,,0.005532270916334641,0.5379084967320251,0.036748015873015884,0.0200315476190476,55.53876739562625,33.307277628032345
20160806_JB,34.346666667,28.04,78.646666667,34.24,77.673333333,28.42,34.086666666999996,76.5,28.086666667,31.666666666999998,78.22,26.713333333,30.906666667,80.266666667,26.846666666999997,33.32,76.113333333,28.033333333,33.926666667,76.4,28.44,34.32,75.826666667,29.08,18,2016-08-06,JB,8,5,6,Saturday,False,1,1,1,0,0,1,1,1,1.346666667000001,1.240000000000002,1.0866666669999958,0.0,0.0,0.3200000000000003,0.9266666669999992,1.3200000000000003,0,True,,0.0032055555555555552,0.40833333333333466,0.04659638554216866,0.010433333333333305,47.76750700280111,33.74107142857143
20160806_JJ,31.85,28.45,84.0,31.05,86.45,28.25,31.35,84.55,27.7,28.7,83.25,27.25,31.05,78.65,28.55,32.2,73.25,28.9,31.05,78.75,28.75,32.4,79.7,29.35,4,2016-08-06,JJ,8,5,6,Saturday,False,0,0,0,0,0,0,0,0,0.0,0.0,0.0,0.0,0.0,0.0,0.0,0.0,0,True,,0.0016375,0.3536842105263156,0.02822916666666664,0.004831250000000002,38.78723404255321,24.269662921348313
20160806_JN,33.463636364,28.563636364,78.804545455,33.395454545,77.490909091,28.472727273,32.695454545,79.209090909,28.081818182,30.877272726999998,86.872727273,26.604545455,30.895454545,84.790909091,27.318181818000003,34.131818181999996,77.454545455,28.8,34.168181818,77.640909091,29.168181818,33.409090909,81.44090909100001,29.268181818000002,15,2016-08-06,JN,8,5,6,Saturday,False,1,1,0,0,0,1,1,1,0.46363636400000274,0.39545454499999977,0.0,0.0,0.0,1.1318181819999964,1.1681818180000008,0.40909090899999967,0,True,,0.006098039215686245,0.4938725490196075,0.033681372549019616,0.01143333333333331,35.062893081761004,27.032258064516128
20160806_SU,34.0,30.5,64.8,36.0,60.1,31.2,35.7,59.6,30.7,34.2,65.4,29.1,31.1,72.5,27.2,32.4,72.0,28.4,32.8,72.1,28.9,33.0,73.5,28.6,36,2016-08-06,SU,8,5,6,Saturday,False,1,1,1,1,0,0,0,0,1.0,3.0,2.700000000000003,1.2000000000000028,0.0,0.0,0.0,0.0,0,True,,0.0043847850055126645,0.5924507658643324,0.04319955156950677,0.03866590909090911,61.33664459161148,39.45724258289703
20160806_US,33.0,27.9,84.9,31.6,88.8,26.6,30.2,89.0,26.6,30.3,92.0,26.0,30.9,94.8,24.4,32.6,94.1,25.8,33.0,86.9,27.8,31.9,86.6,28.9,2,2016-08-06,US,8,5,6,Saturday,False,0,0,0,0,0,0,0,0,0.0,0.0,0.0,0.0,0.0,0.0,0.0,0.0,0,True,,0.008649999999999972,0.4318840579710163,0.02569850746268654,0.015397222222222184,30.671348314606746,16.60576923076923
20160807_BS,33.0,29.5,72.4,32.7,77.9,28.9,32.0,77.1,28.1,31.7,76.3,28.3,31.1,80.9,27.3,31.1,79.9,27.3,31.8,81.8,27.8,32.1,75.9,29.0,0,2016-08-07,BS,8,6,7,Sunday,False,0,0,0,0,0,0,0,0,0.0,0.0,0.0,0.0,0.0,0.0,0.0,0.0,0,True,,0.006298611111111082,0.3400462962962972,0.0282876984126984,0.014984126984126954,39.13052631578947,26.03958333333333
20160807_CB,34.646666667,28.72,69.14,35.18,69.853333333,28.9,34.853333333,67.82,29.013333333000002,33.873333333000005,70.246666667,28.32,32.713333333,75.806666667,26.906666667,30.42,78.74,26.506666666999998,32.646666667,74.18,27.66,33.773333333000004,76.233333333,28.18,1,2016-08-07,CB,8,6,7,Sunday,False,1,1,1,1,0,0,0,1,1.646666666999998,2.1799999999999997,1.853333333000002,0.873333333000005,0.0,0.0,0.0,0.7733333330000036,0,True,,0.0031912500000000022,0.3716666666666664,0.04326666666666664,0.012332916666666627,32.65416666666667,20.296296296296298
20160807_CN,33.6875,27.825,81.5125,34.1875,82.025,28.35,34.23125,81.35625,28.75,34.3375,81.0625,28.425,32.625,84.00625,27.03125,30.94375,88.3125,26.68125,32.1125,85.14375,27.4,33.30625,85.16875,28.01875,0,2016-08-07,CN,8,6,7,Sunday,False,1,1,1,1,0,0,0,1,0.6875,1.1875,1.2312500000000028,1.3374999999999986,0.0,0.0,0.0,0.3062499999999986,0,True,,0.005039999999999998,0.43983050847457583,0.04590376569037654,0.01341374999999998,41.8125,26.402777777777782
20160807_DG,34.6,28.6,73.6,35.1,67.0,29.5,34.5,67.9,28.5,33.8,73.4,27.7,33.2,78.3,26.5,32.2,79.4,26.7,34.3,74.5,27.6,35.1,77.0,28.1,0,2016-08-07,DG,8,6,7,Sunday,False,1,1,1,1,1,0,1,1,1.6000000000000014,2.1000000000000014,1.5,0.7999999999999972,0.20000000000000284,0.0,1.2999999999999972,2.1000000000000014,0,True,,0.0027256944444444464,0.26666666666666683,0.03291319444444441,0.011496527777777757,33.02898550724637,22.02173913043478
20160807_DJ,34.9,28.8,78.4,35.4,74.3,29.6,35.8,69.0,30.7,35.5,70.8,29.9,34.0,75.5,28.3,30.3,82.1,27.3,32.9,78.6,28.7,34.7,77.3,29.9,0,2016-08-07,DJ,8,6,7,Sunday,False,1,1,1,1,1,0,0,1,1.8999999999999986,2.3999999999999986,2.799999999999997,2.5,1.0,0.0,0.0,1.7000000000000028,0,True,,0.002541666666666669,0.4808333333333335,0.04645416666666664,0.012262499999999978,32.367088607594944,19.275
20160807_GB,35.233333333000004,29.045833333,72.295833333,33.958333333,75.783333333,28.0375,33.129166667,76.68333333300001,27.441666667,32.320833333,79.45,26.9,31.2375,84.891666667,25.9,30.533333333,85.8625,25.758333333000003,33.066666667,79.99583333300001,27.129166667,33.858333333000004,79.725,27.791666666999998,1,2016-08-07,GB,8,6,7,Sunday,False,1,1,1,0,0,0,1,1,2.2333333330000045,0.9583333329999988,0.1291666669999998,0.0,0.0,0.0,0.06666666699999979,0.8583333330000045,0,True,,0.0037108108108107993,0.3933823529411758,0.03862407862407858,0.0077340686274509594,32.59605911330049,20.298429319371728
20160807_GG,34.678571429,29.452380952,66.714285714,34.757142857,72.985714286,29.638095238000002,35.369047619,71.726190476,29.814285714,34.935714286,73.376190476,29.221428571,34.095238095,71.12857142899999,28.642857143,30.85,81.238095238,27.121428571,32.066666667,80.821428571,27.814285714,32.980952381,81.380952381,28.364285714,9,2016-08-07,GG,8,6,7,Sunday,False,1,1,1,1,1,0,0,0,1.6785714290000016,1.757142856999998,2.369047619,1.9357142859999996,1.0952380949999991,0.0,0.0,0.0,0,True,,0.004240189873417661,0.4214983713355015,0.03847770345596443,0.01879734325185977,36.823338735818474,24.443234836702963
20160807_GJ,33.1,27.5,89.6,34.5,78.6,29.7,35.1,77.3,29.7,33.9,79.5,28.6,31.9,88.5,26.6,31.1,83.9,28.1,35.7,71.9,30.0,36.0,72.8,30.2,0,2016-08-07,GJ,8,6,7,Sunday,False,1,1,1,1,0,0,1,1,0.10000000000000142,1.5,2.1000000000000014,0.8999999999999986,0.0,0.0,2.700000000000003,3.0,0,True,,0.002077380952380954,0.3729166666666662,0.029401041666666645,0.01385937499999998,31.671875,22.930555555555557
20160807_GN,34.072727273000005,28.595454545,76.977272727,33.872727273,76.395454545,28.440909090999998,33.095454545,77.136363636,27.854545455,32.4,79.609090909,27.431818181999997,31.427272727,83.16818181800001,26.440909090999998,32.818181818,85.077272727,26.227272727,34.068181818,82.85,27.263636364,35.095454545,78.454545455,28.609090909000003,0,2016-08-07,GN,8,6,7,Sunday,False,1,1,1,0,0,0,1,1,1.0727272730000053,0.8727272730000024,0.09545454500000261,0.0,0.0,0.0,1.0681818179999993,2.0954545450000026,0,True,,0.0045478174603174396,0.31329365079365146,0.02938095238095237,0.010583958333333305,37.509054325955745,23.51931330472103
20160807_GW,33.611111111,27.872222221999998,76.822222222,33.322222222,73.644444444,27.055555555999998,32.944444444,73.855555556,26.65,32.277777778,76.166666667,26.661111111,31.594444444,80.188888889,26.344444444,29.966666667,84.122222222,25.633333333000003,30.705555556,82.272222222,26.05,31.65,83.54444444399999,26.494444444000003,0,2016-08-07,GW,8,6,7,Sunday,False,1,1,0,0,0,0,0,0,0.6111111109999996,0.3222222220000006,0.0,0.0,0.0,0.0,0.0,0.0,0,True,,0.0017612500000000015,0.43416666666666776,0.04050416666666665,0.008404166666666655,37.6125,27.471014492753625
20160807_IC,32.62,28.62,82.28,33.32,88.42,29.12,33.36,91.15,29.34,33.19,91.15,28.91,32.24,87.4,28.1,29.97,96.21,26.85,29.51,96.34,26.89,30.57,95.6,27.63,0,2016-08-07,IC,8,6,7,Sunday,False,0,1,1,1,0,0,0,0,0.0,0.3200000000000003,0.35999999999999943,0.18999999999999773,0.0,0.0,0.0,0.0,0,True,,0.00541309523809522,0.4084782608695648,0.031293650793650776,0.014325793650793613,31.0,17.908571428571427
20160807_JB,34.146666667,27.666666666999998,79.206666667,34.346666667,78.646666667,28.04,34.24,77.673333333,28.42,34.086666666999996,76.5,28.086666667,31.666666666999998,78.22,26.713333333,30.906666667,80.266666667,26.846666666999997,33.32,76.113333333,28.033333333,33.926666667,76.4,28.44,3,2016-08-07,JB,8,6,7,Sunday,False,1,1,1,1,0,0,1,1,1.146666666999998,1.346666667000001,1.240000000000002,1.0866666669999958,0.0,0.0,0.3200000000000003,0.9266666669999992,0,True,,0.003678409090909081,0.4176136363636379,0.04224013157894736,0.008911965811965787,40.122507122507116,28.712962962962962
20160807_JJ,32.3,28.4,82.45,31.85,84.0,28.45,31.05,86.45,28.25,31.35,84.55,27.7,28.7,83.25,27.25,31.05,78.65,28.55,32.2,73.25,28.9,31.05,78.75,28.75,0,2016-08-07,JJ,8,6,7,Sunday,False,0,0,0,0,0,0,0,0,0.0,0.0,0.0,0.0,0.0,0.0,0.0,0.0,0,True,,0.002763541666666666,0.2800000000000005,0.01538541666666666,0.004261458333333337,24.02173913043478,10.866666666666667
20160807_JN,33.163636364,27.845454545,84.645454545,33.463636364,78.804545455,28.563636364,33.395454545,77.490909091,28.472727273,32.695454545,79.209090909,28.081818182,30.877272726999998,86.872727273,26.604545455,30.895454545,84.790909091,27.318181818000003,34.131818181999996,77.454545455,28.8,34.168181818,77.640909091,29.168181818,2,2016-08-07,JN,8,6,7,Sunday,False,1,1,1,0,0,0,1,1,0.16363636399999848,0.46363636400000274,0.39545454499999977,0.0,0.0,0.0,1.1318181819999964,1.1681818180000008,0,True,,0.006481518987341746,0.5350490196078422,0.02794607843137249,0.010270588235294092,35.440514469453376,28.95412844036697
20160807_SU,35.0,30.6,56.0,34.0,64.8,30.5,36.0,60.1,31.2,35.7,59.6,30.7,34.2,65.4,29.1,31.1,72.5,27.2,32.4,72.0,28.4,32.8,72.1,28.9,8,2016-08-07,SU,8,6,7,Sunday,False,1,1,1,1,1,0,0,0,2.0,1.0,3.0,2.700000000000003,1.2000000000000028,0.0,0.0,0.0,0,True,,0.004685022026431685,0.4502207505518767,0.034765642775881685,0.028063657407407367,38.64022346368715,25.91364421416235
20160807_US,33.3,28.9,81.9,33.0,84.9,27.9,31.6,88.8,26.6,30.2,89.0,26.6,30.3,92.0,26.0,30.9,94.8,24.4,32.6,94.1,25.8,33.0,86.9,27.8,1,2016-08-07,US,8,6,7,Sunday,False,1,0,0,0,0,0,0,0,0.29999999999999716,0.0,0.0,0.0,0.0,0.0,0.0,0.0,0,True,,0.008233333333333304,0.4818452380952397,0.031190476190476175,0.015152777777777756,37.36176470588235,23.73913043478261
20160808_BS,34.4,29.6,73.0,33.0,72.4,29.5,32.7,77.9,28.9,32.0,77.1,28.1,31.7,76.3,28.3,31.1,80.9,27.3,31.1,79.9,27.3,31.8,81.8,27.8,94,2016-08-08,BS,8,0,8,Monday,False,1,0,0,0,0,0,0,0,1.3999999999999986,0.0,0.0,0.0,0.0,0.0,0.0,0.0,0,False,,0.006052631578947338,0.43246445497630415,0.03725963488843813,0.025694331983805625,55.86767895878525,39.37369519832985
20160808_CB,34.76,28.786666667,67.3,34.646666667,69.14,28.72,35.18,69.853333333,28.9,34.853333333,67.82,29.013333333000002,33.873333333000005,70.246666667,28.32,32.713333333,75.806666667,26.906666667,30.42,78.74,26.506666666999998,32.646666667,74.18,27.66,42,2016-08-08,CB,8,0,8,Monday,False,1,1,1,1,1,0,0,0,1.759999999999998,1.646666666999998,2.1799999999999997,1.853333333000002,0.873333333000005,0.0,0.0,0.0,0,False,,0.002830962343096237,0.3404081632653058,0.038248979591836735,0.01675755102040814,35.203187250996024,20.352422907488986
20160808_CN,34.225,28.2,79.28125,33.6875,81.5125,27.825,34.1875,82.025,28.35,34.23125,81.35625,28.75,34.3375,81.0625,28.425,32.625,84.00625,27.03125,30.94375,88.3125,26.68125,32.1125,85.14375,27.4,65,2016-08-08,CN,8,0,8,Monday,False,1,1,1,1,1,0,0,0,1.2250000000000014,0.6875,1.1875,1.2312500000000028,1.3374999999999986,0.0,0.0,0.0,0,False,,0.004422368421052634,0.41682242990654206,0.036841409691629946,0.014910714285714268,42.12608695652174,25.11111111111111
20160808_DG,35.6,28.5,73.4,34.6,73.6,28.6,35.1,67.0,29.5,34.5,67.9,28.5,33.8,73.4,27.7,33.2,78.3,26.5,32.2,79.4,26.7,34.3,74.5,27.6,75,2016-08-08,DG,8,0,8,Monday,False,1,1,1,1,1,1,0,1,2.6000000000000014,1.6000000000000014,2.1000000000000014,1.5,0.7999999999999972,0.20000000000000284,0.0,1.2999999999999972,0,False,,0.003258865248226953,0.3443181818181816,0.03078723404255317,0.018531914893617,38.854609929078016,24.62903225806452
20160808_DJ,34.8,29.7,72.8,34.9,78.4,28.8,35.4,74.3,29.6,35.8,69.0,30.7,35.5,70.8,29.9,34.0,75.5,28.3,30.3,82.1,27.3,32.9,78.6,28.7,47,2016-08-08,DJ,8,0,8,Monday,False,1,1,1,1,1,1,0,0,1.7999999999999972,1.8999999999999986,2.3999999999999986,2.799999999999997,2.5,1.0,0.0,0.0,0,False,,0.0031313559322033928,0.5038135593220341,0.047720338983050815,0.01816956521739127,35.051502145922754,19.358333333333334
20160808_GB,34.975,28.133333333000003,77.891666667,35.233333333000004,72.295833333,29.045833333,33.958333333,75.783333333,28.0375,33.129166667,76.68333333300001,27.441666667,32.320833333,79.45,26.9,31.2375,84.891666667,25.9,30.533333333,85.8625,25.758333333000003,33.066666667,79.99583333300001,27.129166667,78,2016-08-08,GB,8,0,8,Monday,False,1,1,1,1,0,0,0,1,1.9750000000000014,2.2333333330000045,0.9583333329999988,0.1291666669999998,0.0,0.0,0.0,0.06666666699999979,0,False,,0.0043824873096446545,0.4697500000000006,0.03879746835443037,0.00937594936708858,34.705583756345185,21.35135135135135
20160808_GG,34.933333333,29.369047619,72.564285714,34.678571429,66.714285714,29.452380952,34.757142857,72.985714286,29.638095238000002,35.369047619,71.726190476,29.814285714,34.935714286,73.376190476,29.221428571,34.095238095,71.12857142899999,28.642857143,30.85,81.238095238,27.121428571,32.066666667,80.821428571,27.814285714,252,2016-08-08,GG,8,0,8,Monday,False,1,1,1,1,1,1,0,0,1.9333333330000002,1.6785714290000016,1.757142856999998,2.369047619,1.9357142859999996,1.0952380949999991,0.0,0.0,0,False,,0.0041283963771975955,0.43270065075921504,0.029337248322147774,0.02394664879356577,40.03048448557431,24.06875
20160808_GJ,34.8,27.9,87.5,33.1,89.6,27.5,34.5,78.6,29.7,35.1,77.3,29.7,33.9,79.5,28.6,31.9,88.5,26.6,31.1,83.9,28.1,35.7,71.9,30.0,40,2016-08-08,GJ,8,0,8,Monday,False,1,1,1,1,1,0,0,1,1.7999999999999972,0.10000000000000142,1.5,2.1000000000000014,0.8999999999999986,0.0,0.0,2.700000000000003,0,False,,0.00211801242236025,0.3989189189189184,0.030827027027027006,0.01727027027027025,27.825396825396822,19.099290780141846
20160808_GN,35.686363635999996,28.227272727,78.427272727,34.072727273000005,76.977272727,28.595454545,33.872727273,76.395454545,28.440909090999998,33.095454545,77.136363636,27.854545455,32.4,79.609090909,27.431818181999997,31.427272727,83.16818181800001,26.440909090999998,32.818181818,85.077272727,26.227272727,34.068181818,82.85,27.263636364,76,2016-08-08,GN,8,0,8,Monday,False,1,1,1,1,0,0,0,1,2.686363635999996,1.0727272730000053,0.8727272730000024,0.09545454500000261,0.0,0.0,0.0,1.0681818179999993,0,False,,0.0035206412825651164,0.3741482965931864,0.034956000000000015,0.015964999999999976,43.460743801652896,28.56521739130435
20160808_GW,33.072222222,26.966666667,77.444444444,33.611111111,76.822222222,27.872222221999998,33.322222222,73.644444444,27.055555555999998,32.944444444,73.855555556,26.65,32.277777778,76.166666667,26.661111111,31.594444444,80.188888889,26.344444444,29.966666667,84.122222222,25.633333333000003,30.705555556,82.272222222,26.05,38,2016-08-08,GW,8,0,8,Monday,False,1,1,1,0,0,0,0,0,0.07222222200000061,0.6111111109999996,0.3222222220000006,0.0,0.0,0.0,0.0,0.0,0,False,,0.00168534482758621,0.3891304347826092,0.032931034482758616,0.00679482758620689,34.913793103448285,24.96212121212121
20160808_IC,32.72,28.8,90.48,32.62,82.28,28.62,33.32,88.42,29.12,33.36,91.15,29.34,33.19,91.15,28.91,32.24,87.4,28.1,29.97,96.21,26.85,29.51,96.34,26.89,41,2016-08-08,IC,8,0,8,Monday,False,0,0,1,1,1,0,0,0,0.0,0.0,0.3200000000000003,0.35999999999999943,0.18999999999999773,0.0,0.0,0.0,0,False,,0.0052516966067864095,0.4657563025210074,0.026676646706586798,0.01609620758483031,40.73170731707317,23.63793103448276
20160808_JB,33.913333333000004,27.733333333,78.54,34.146666667,79.206666667,27.666666666999998,34.346666667,78.646666667,28.04,34.24,77.673333333,28.42,34.086666666999996,76.5,28.086666667,31.666666666999998,78.22,26.713333333,30.906666667,80.266666667,26.846666666999997,33.32,76.113333333,28.033333333,109,2016-08-08,JB,8,0,8,Monday,False,1,1,1,1,1,0,0,1,0.9133333330000042,1.146666666999998,1.346666667000001,1.240000000000002,1.0866666669999958,0.0,0.0,0.3200000000000003,0,False,,0.003499999999999997,0.3916666666666669,0.03949305555555553,0.012267857142857105,38.94345238095238,25.695652173913047
20160808_JJ,31.65,28.8,78.35,32.3,82.45,28.4,31.85,84.0,28.45,31.05,86.45,28.25,31.35,84.55,27.7,28.7,83.25,27.25,31.05,78.65,28.55,32.2,73.25,28.9,15,2016-08-08,JJ,8,0,8,Monday,False,0,0,0,0,0,0,0,0,0.0,0.0,0.0,0.0,0.0,0.0,0.0,0.0,0,False,,0.002702083333333333,0.27578947368421103,0.016333333333333328,0.00525416666666667,26.534883720930228,11.826086956521738
20160808_JN,34.136363636,28.118181818000004,81.631818182,33.163636364,84.645454545,27.845454545,33.463636364,78.804545455,28.563636364,33.395454545,77.490909091,28.472727273,32.695454545,79.209090909,28.081818182,30.877272726999998,86.872727273,26.604545455,30.895454545,84.790909091,27.318181818000003,34.131818181999996,77.454545455,28.8,69,2016-08-08,JN,8,0,8,Monday,False,1,1,1,1,0,0,0,1,1.1363636359999987,0.16363636399999848,0.46363636400000274,0.39545454499999977,0.0,0.0,0.0,1.1318181819999964,0,False,,0.007265847665847631,0.6281862745098042,0.038917705735660835,0.013960539215686248,36.07395498392283,28.261061946902647
20160808_SU,35.5,30.5,63.1,35.0,56.0,30.6,34.0,64.8,30.5,36.0,60.1,31.2,35.7,59.6,30.7,34.2,65.4,29.1,31.1,72.5,27.2,32.4,72.0,28.4,252,2016-08-08,SU,8,0,8,Monday,False,1,1,1,1,1,1,0,0,2.5,2.0,1.0,3.0,2.700000000000003,1.2000000000000028,0.0,0.0,0,False,,0.004310112359550545,0.4562780269058298,0.026979094076655,0.02973745624270707,41.67457627118644,25.68
20160808_US,33.3,28.6,84.6,33.3,81.9,28.9,33.0,84.9,27.9,31.6,88.8,26.6,30.2,89.0,26.6,30.3,92.0,26.0,30.9,94.8,24.4,32.6,94.1,25.8,21,2016-08-08,US,8,0,8,Monday,False,1,1,0,0,0,0,0,0,0.29999999999999716,0.29999999999999716,0.0,0.0,0.0,0.0,0.0,0.0,0,False,,0.0068861111111110825,0.5332378223495705,0.03682670454545453,0.019958333333333304,49.44610778443114,32.806122448979586
20160809_BS,32.9,28.9,70.6,34.4,73.0,29.6,33.0,72.4,29.5,32.7,77.9,28.9,32.0,77.1,28.1,31.7,76.3,28.3,31.1,80.9,27.3,31.1,79.9,27.3,85,2016-08-09,BS,8,1,9,Tuesday,False,0,1,0,0,0,0,0,0,0.0,1.3999999999999986,0.0,0.0,0.0,0.0,0.0,0.0,0,False,,0.003958139534883703,0.36790697674418776,0.03661676646706586,0.014722891566265025,41.562240663900425,22.441478439425047
20160809_CB,33.886666667,28.206666666999997,73.106666667,34.76,67.3,28.786666667,34.646666667,69.14,28.72,35.18,69.853333333,28.9,34.853333333,67.82,29.013333333000002,33.873333333000005,70.246666667,28.32,32.713333333,75.806666667,26.906666667,30.42,78.74,26.506666666999998,36,2016-08-09,CB,8,1,9,Tuesday,False,1,1,1,1,1,1,0,0,0.8866666670000001,1.759999999999998,1.646666666999998,2.1799999999999997,1.853333333000002,0.873333333000005,0.0,0.0,0,False,,0.002212195121951221,0.29310344827586193,0.03001149425287352,0.014388505747126403,24.41287878787879,12.979166666666664
20160809_CN,33.6125,28.1,83.7,34.225,79.28125,28.2,33.6875,81.5125,27.825,34.1875,82.025,28.35,34.23125,81.35625,28.75,34.3375,81.0625,28.425,32.625,84.00625,27.03125,30.94375,88.3125,26.68125,59,2016-08-09,CN,8,1,9,Tuesday,False,1,1,1,1,1,1,0,0,0.6124999999999972,1.2250000000000014,0.6875,1.1875,1.2312500000000028,1.3374999999999986,0.0,0.0,0,False,,0.003822566371681418,0.4437788018433179,0.04860619469026545,0.015343317972350206,47.412017167381975,29.13888888888889
20160809_DG,31.8,27.7,66.8,35.6,73.4,28.5,34.6,73.6,28.6,35.1,67.0,29.5,34.5,67.9,28.5,33.8,73.4,27.7,33.2,78.3,26.5,32.2,79.4,26.7,53,2016-08-09,DG,8,1,9,Tuesday,False,0,1,1,1,1,1,1,0,0.0,2.6000000000000014,1.6000000000000014,2.1000000000000014,1.5,0.7999999999999972,0.20000000000000284,0.0,0,False,,0.003021276595744683,0.3295373665480427,0.03032624113475173,0.014404255319148903,32.416058394160586,17.510752688172044
20160809_DJ,34.3,28.4,80.9,34.8,72.8,29.7,34.9,78.4,28.8,35.4,74.3,29.6,35.8,69.0,30.7,35.5,70.8,29.9,34.0,75.5,28.3,30.3,82.1,27.3,37,2016-08-09,DJ,8,1,9,Tuesday,False,1,1,1,1,1,1,1,0,1.2999999999999972,1.7999999999999972,1.8999999999999986,2.3999999999999986,2.799999999999997,2.5,1.0,0.0,0,False,,0.0021452991452991467,0.4380341880341889,0.03464957264957262,0.02051627906976741,26.895196506550217,14.704347826086956
20160809_GB,31.383333333000003,26.683333333,75.104166667,34.975,77.891666667,28.133333333000003,35.233333333000004,72.295833333,29.045833333,33.958333333,75.783333333,28.0375,33.129166667,76.68333333300001,27.441666667,32.320833333,79.45,26.9,31.2375,84.891666667,25.9,30.533333333,85.8625,25.758333333000003,73,2016-08-09,GB,8,1,9,Tuesday,False,0,1,1,1,1,0,0,0,0.0,1.9750000000000014,2.2333333330000045,0.9583333329999988,0.1291666669999998,0.0,0.0,0.0,0,False,,0.005071649484536061,0.4825316455696202,0.031070886075949336,0.009275443037974672,26.9873417721519,13.027777777777779
20160809_GG,33.852380952,29.066666667,74.192857143,34.933333333,72.564285714,29.369047619,34.678571429,66.714285714,29.452380952,34.757142857,72.985714286,29.638095238000002,35.369047619,71.726190476,29.814285714,34.935714286,73.376190476,29.221428571,34.095238095,71.12857142899999,28.642857143,30.85,81.238095238,27.121428571,201,2016-08-09,GG,8,1,9,Tuesday,False,1,1,1,1,1,1,1,0,0.8523809519999972,1.9333333330000002,1.6785714290000016,1.757142856999998,2.369047619,1.9357142859999996,1.0952380949999991,0.0,0,False,,0.0034810180275715408,0.4352150537634343,0.0395057979017119,0.021962720000000036,34.056603773584904,21.139871382636656
20160809_GJ,32.4,27.5,92.6,34.8,87.5,27.9,33.1,89.6,27.5,34.5,78.6,29.7,35.1,77.3,29.7,33.9,79.5,28.6,31.9,88.5,26.6,31.1,83.9,28.1,49,2016-08-09,GJ,8,1,9,Tuesday,False,0,1,1,1,1,1,0,0,0.0,1.7999999999999972,0.10000000000000142,1.5,2.1000000000000014,0.8999999999999986,0.0,0.0,0,False,,0.002134146341463416,0.4693181818181814,0.03068181818181816,0.02095454545454544,32.51412429378531,22.22900763358779
20160809_GN,32.990909091,27.831818182,77.836363636,35.686363635999996,78.427272727,28.227272727,34.072727273000005,76.977272727,28.595454545,33.872727273,76.395454545,28.440909090999998,33.095454545,77.136363636,27.854545455,32.4,79.609090909,27.431818181999997,31.427272727,83.16818181800001,26.440909090999998,32.818181818,85.077272727,26.227272727,57,2016-08-09,GN,8,1,9,Tuesday,False,0,1,1,1,1,0,0,0,0.0,2.686363635999996,1.0727272730000053,0.8727272730000024,0.09545454500000261,0.0,0.0,0.0,0,False,,0.0034370656370656194,0.3511583011583021,0.03375387596899223,0.014096787148594338,42.210629921259844,23.65652173913044
20160809_GW,31.072222221999997,26.472222222,74.827777778,33.072222222,77.444444444,26.966666667,33.611111111,76.822222222,27.872222221999998,33.322222222,73.644444444,27.055555555999998,32.944444444,73.855555556,26.65,32.277777778,76.166666667,26.661111111,31.594444444,80.188888889,26.344444444,29.966666667,84.122222222,25.633333333000003,41,2016-08-09,GW,8,1,9,Tuesday,False,0,1,1,1,0,0,0,0,0.0,0.07222222200000061,0.6111111109999996,0.3222222220000006,0.0,0.0,0.0,0.0,0,False,,0.0013866666666666682,0.3379166666666666,0.033958333333333306,0.005928749999999992,22.93333333333333,13.5625
20160809_IC,33.29,29.08,87.41,32.72,90.48,28.8,32.62,82.28,28.62,33.32,88.42,29.12,33.36,91.15,29.34,33.19,91.15,28.91,32.24,87.4,28.1,29.97,96.21,26.85,52,2016-08-09,IC,8,1,9,Tuesday,False,1,0,0,1,1,1,0,0,0.28999999999999915,0.0,0.0,0.3200000000000003,0.35999999999999943,0.18999999999999773,0.0,0.0,0,False,,0.005065517241379289,0.5269776876267742,0.04208924949290058,0.01814482758620687,38.32786885245903,20.688953488372096
20160809_JB,33.56,27.98,79.113333333,33.913333333000004,78.54,27.733333333,34.146666667,79.206666667,27.666666666999998,34.346666667,78.646666667,28.04,34.24,77.673333333,28.42,34.086666666999996,76.5,28.086666667,31.666666666999998,78.22,26.713333333,30.906666667,80.266666667,26.846666666999997,84,2016-08-09,JB,8,1,9,Tuesday,False,1,1,1,1,1,1,0,0,0.5600000000000023,0.9133333330000042,1.146666666999998,1.346666667000001,1.240000000000002,1.0866666669999958,0.0,0.0,0,False,,0.0036497041420118256,0.4221574344023327,0.044176271186440665,0.012690087463556828,43.900874635568506,30.60087719298245
20160809_JJ,31.6,29.25,80.4,31.65,78.35,28.8,32.3,82.45,28.4,31.85,84.0,28.45,31.05,86.45,28.25,31.35,84.55,27.7,28.7,83.25,27.25,31.05,78.65,28.55,18,2016-08-09,JJ,8,1,9,Tuesday,False,0,0,0,0,0,0,0,0,0.0,0.0,0.0,0.0,0.0,0.0,0.0,0.0,0,False,,0.0013854166666666676,0.3263157894736841,0.02888541666666665,0.0042260416666666705,35.45652173913044,20.315789473684212
20160809_JN,32.763636364,27.995454545,84.454545455,34.136363636,81.631818182,28.118181818000004,33.163636364,84.645454545,27.845454545,33.463636364,78.804545455,28.563636364,33.395454545,77.490909091,28.472727273,32.695454545,79.209090909,28.081818182,30.877272726999998,86.872727273,26.604545455,30.895454545,84.790909091,27.318181818000003,70,2016-08-09,JN,8,1,9,Tuesday,False,0,1,1,1,1,0,0,0,0.0,1.1363636359999987,0.16363636399999848,0.46363636400000274,0.39545454499999977,0.0,0.0,0.0,0,False,,0.005135606060606035,0.5376262626262622,0.0381272727272727,0.01163181818181814,35.31046931407942,28.91402714932127
20160809_SU,33.6,29.3,68.3,35.5,63.1,30.5,35.0,56.0,30.6,34.0,64.8,30.5,36.0,60.1,31.2,35.7,59.6,30.7,34.2,65.4,29.1,31.1,72.5,27.2,227,2016-08-09,SU,8,1,9,Tuesday,False,1,1,1,1,1,1,1,0,0.6000000000000014,2.5,2.0,1.0,3.0,2.700000000000003,1.2000000000000028,0.0,0,False,,0.0040110375275938205,0.4734581497797366,0.030099999999999964,0.033755905511811006,32.945115257958285,20.72461273666093
20160809_US,30.1,26.5,84.0,33.3,84.6,28.6,33.3,81.9,28.9,33.0,84.9,27.9,31.6,88.8,26.6,30.2,89.0,26.6,30.3,92.0,26.0,30.9,94.8,24.4,13,2016-08-09,US,8,1,9,Tuesday,False,0,1,1,0,0,0,0,0,0.0,0.29999999999999716,0.29999999999999716,0.0,0.0,0.0,0.0,0.0,0,False,,0.006121126760563367,0.3898876404494394,0.03398595505617973,0.013575842696629186,31.794642857142854,14.60909090909091
20160810_BS,32.2,29.0,71.6,32.9,70.6,28.9,34.4,73.0,29.6,33.0,72.4,29.5,32.7,77.9,28.9,32.0,77.1,28.1,31.7,76.3,28.3,31.1,80.9,27.3,82,2016-08-10,BS,8,2,10,Wednesday,False,0,0,1,0,0,0,0,0,0.0,0.0,1.3999999999999986,0.0,0.0,0.0,0.0,0.0,0,False,,0.006856132075471676,0.3760000000000018,0.031941999999999963,0.020752066115702447,32.80204081632653,16.544662309368192
20160810_CB,34.24,28.74,69.72,33.886666667,73.106666667,28.206666666999997,34.76,67.3,28.786666667,34.646666667,69.14,28.72,35.18,69.853333333,28.9,34.853333333,67.82,29.013333333000002,33.873333333000005,70.246666667,28.32,32.713333333,75.806666667,26.906666667,33,2016-08-10,CB,8,2,10,Wednesday,False,1,1,1,1,1,1,1,0,1.240000000000002,0.8866666670000001,1.759999999999998,1.646666666999998,2.1799999999999997,1.853333333000002,0.873333333000005,0.0,0,False,,0.002741245136186773,0.33968871595330713,0.03603137254901959,0.01495992217898829,36.646153846153844,23.472803347280326
20160810_CN,33.63125,28.33125,81.60625,33.6125,83.7,28.1,34.225,79.28125,28.2,33.6875,81.5125,27.825,34.1875,82.025,28.35,34.23125,81.35625,28.75,34.3375,81.0625,28.425,32.625,84.00625,27.03125,60,2016-08-10,CN,8,2,10,Wednesday,False,1,1,1,1,1,1,1,0,0.6312500000000014,0.6124999999999972,1.2250000000000014,0.6875,1.1875,1.2312500000000028,1.3374999999999986,0.0,0,False,,0.004287916666666668,0.4370833333333333,0.0474833333333333,0.013965416666666642,47.99166666666667,29.70833333333333
20160810_DG,35.4,29.4,62.6,31.8,66.8,27.7,35.6,73.4,28.5,34.6,73.6,28.6,35.1,67.0,29.5,34.5,67.9,28.5,33.8,73.4,27.7,33.2,78.3,26.5,53,2016-08-10,DG,8,2,10,Wednesday,False,1,0,1,1,1,1,1,1,2.3999999999999986,0.0,2.6000000000000014,1.6000000000000014,2.1000000000000014,1.5,0.7999999999999972,0.20000000000000284,0,False,,0.003721611721611722,0.3744525547445256,0.03769343065693428,0.016259124087591226,32.929411764705875,20.958115183246075
20160810_DJ,34.6,29.3,76.4,34.3,80.9,28.4,34.8,72.8,29.7,34.9,78.4,28.8,35.4,74.3,29.6,35.8,69.0,30.7,35.5,70.8,29.9,34.0,75.5,28.3,30,2016-08-10,DJ,8,2,10,Wednesday,False,1,1,1,1,1,1,1,1,1.6000000000000014,1.2999999999999972,1.7999999999999972,1.8999999999999986,2.3999999999999986,2.799999999999997,2.5,1.0,0,False,,0.002754166666666669,0.4591666666666667,0.03867916666666663,0.01844166666666664,38.33613445378151,23.991596638655466
20160810_GB,34.808333333,28.045833333,72.395833333,31.383333333000003,75.104166667,26.683333333,34.975,77.891666667,28.133333333000003,35.233333333000004,72.295833333,29.045833333,33.958333333,75.783333333,28.0375,33.129166667,76.68333333300001,27.441666667,32.320833333,79.45,26.9,31.2375,84.891666667,25.9,68,2016-08-10,GB,8,2,10,Wednesday,False,1,0,1,1,1,1,0,0,1.8083333330000002,0.0,1.9750000000000014,2.2333333330000045,0.9583333329999988,0.1291666669999998,0.0,0.0,0,False,,0.004511702127659555,0.4235142118863053,0.04164450127877237,0.01084366925064597,29.191815856777488,17.854748603351954
20160810_GG,33.988095238,28.9,73.11428571399999,33.852380952,74.192857143,29.066666667,34.933333333,72.564285714,29.369047619,34.678571429,66.714285714,29.452380952,34.757142857,72.985714286,29.638095238000002,35.369047619,71.726190476,29.814285714,34.935714286,73.376190476,29.221428571,34.095238095,71.12857142899999,28.642857143,181,2016-08-10,GG,8,2,10,Wednesday,False,1,1,1,1,1,1,1,1,0.9880952379999997,0.8523809519999972,1.9333333330000002,1.6785714290000016,1.757142856999998,2.369047619,1.9357142859999996,1.0952380949999991,0,False,,0.004378195488721742,0.4679674796747928,0.0405191773207338,0.02308592910848554,52.906095551894566,34.03442340791739
20160810_GJ,34.5,29.5,82.6,32.4,92.6,27.5,34.8,87.5,27.9,33.1,89.6,27.5,34.5,78.6,29.7,35.1,77.3,29.7,33.9,79.5,28.6,31.9,88.5,26.6,41,2016-08-10,GJ,8,2,10,Wednesday,False,1,0,1,1,1,1,1,0,1.5,0.0,1.7999999999999972,0.10000000000000142,1.5,2.1000000000000014,0.8999999999999986,0.0,0,False,,0.002034883720930234,0.4215116279069765,0.03168023255813951,0.017249999999999974,36.389534883720934,25.080645161290327
20160810_GN,34.277272726999996,28.822727273,75.113636364,32.990909091,77.836363636,27.831818182,35.686363635999996,78.427272727,28.227272727,34.072727273000005,76.977272727,28.595454545,33.872727273,76.395454545,28.440909090999998,33.095454545,77.136363636,27.854545455,32.4,79.609090909,27.431818181999997,31.427272727,83.16818181800001,26.440909090999998,74,2016-08-10,GN,8,2,10,Wednesday,False,1,0,1,1,1,1,0,0,1.2772727269999962,0.0,2.686363635999996,1.0727272730000053,0.8727272730000024,0.09545454500000261,0.0,0.0,0,False,,0.00467528957528955,0.35772200772200824,0.042639534883720936,0.01648378378378377,41.95463510848126,22.66239316239316
20160810_GW,32.122222222,27.25,77.633333333,31.072222221999997,74.827777778,26.472222222,33.072222222,77.444444444,26.966666667,33.611111111,76.822222222,27.872222221999998,33.322222222,73.644444444,27.055555555999998,32.944444444,73.855555556,26.65,32.277777778,76.166666667,26.661111111,31.594444444,80.188888889,26.344444444,40,2016-08-10,GW,8,2,10,Wednesday,False,0,0,1,1,1,0,0,0,0.0,0.0,0.07222222200000061,0.6111111109999996,0.3222222220000006,0.0,0.0,0.0,0,False,,0.0017583333333333346,0.4460526315789484,0.03484649122807017,0.010049561403508768,39.21491228070175,26.12878787878788
20160810_IC,31.02,28.06,88.36,33.29,87.41,29.08,32.72,90.48,28.8,32.62,82.28,28.62,33.32,88.42,29.12,33.36,91.15,29.34,33.19,91.15,28.91,32.24,87.4,28.1,59,2016-08-10,IC,8,2,10,Wednesday,False,0,1,0,0,1,1,1,0,0.0,0.28999999999999915,0.0,0.0,0.3200000000000003,0.35999999999999943,0.18999999999999773,0.0,0,False,,0.005693234672304422,0.4946351931330478,0.0346237006237006,0.01687757201646086,41.228813559322035,21.860759493670887
20160810_JB,33.986666667,28.56,77.106666667,33.56,79.113333333,27.98,33.913333333000004,78.54,27.733333333,34.146666667,79.206666667,27.666666666999998,34.346666667,78.646666667,28.04,34.24,77.673333333,28.42,34.086666666999996,76.5,28.086666667,31.666666666999998,78.22,26.713333333,67,2016-08-10,JB,8,2,10,Wednesday,False,1,1,1,1,1,1,1,0,0.9866666670000015,0.5600000000000023,0.9133333330000042,1.146666666999998,1.346666667000001,1.240000000000002,1.0866666669999958,0.0,0,False,,0.0033407303370786485,0.4171348314606755,0.04061612903225803,0.010913764044943793,45.00557103064067,32.90497737556561
20160810_JJ,31.45,29.0,80.3,31.6,80.4,29.25,31.65,78.35,28.8,32.3,82.45,28.4,31.85,84.0,28.45,31.05,86.45,28.25,31.35,84.55,27.7,28.7,83.25,27.25,16,2016-08-10,JJ,8,2,10,Wednesday,False,0,0,0,0,0,0,0,0,0.0,0.0,0.0,0.0,0.0,0.0,0.0,0.0,0,False,,0.0014447916666666665,0.3452631578947366,0.026468749999999985,0.0045687500000000025,30.882978723404253,13.357894736842105
20160810_JN,33.822727273000005,28.8,81.19090909100001,32.763636364,84.454545455,27.995454545,34.136363636,81.631818182,28.118181818000004,33.163636364,84.645454545,27.845454545,33.463636364,78.804545455,28.563636364,33.395454545,77.490909091,28.472727273,32.695454545,79.209090909,28.081818182,30.877272726999998,86.872727273,26.604545455,61,2016-08-10,JN,8,2,10,Wednesday,False,1,0,1,1,1,1,0,0,0.8227272730000053,0.0,1.1363636359999987,0.16363636399999848,0.46363636400000274,0.39545454499999977,0.0,0.0,0,False,,0.006813989637305677,0.5567357512953367,0.04177604166666665,0.013492727272727236,42.51985559566787,32.985849056603776
20160810_SU,34.8,29.4,66.3,33.6,68.3,29.3,35.5,63.1,30.5,35.0,56.0,30.6,34.0,64.8,30.5,36.0,60.1,31.2,35.7,59.6,30.7,34.2,65.4,29.1,210,2016-08-10,SU,8,2,10,Wednesday,False,1,1,1,1,1,1,1,1,1.7999999999999972,0.6000000000000014,2.5,2.0,1.0,3.0,2.700000000000003,1.2000000000000028,0,False,,0.004852459016393396,0.5496166484118293,0.0339128959276018,0.03833181299885975,69.28018223234623,45.445825932504434
20160810_US,32.6,27.6,83.0,30.1,84.0,26.5,33.3,84.6,28.6,33.3,81.9,28.9,33.0,84.9,27.9,31.6,88.8,26.6,30.2,89.0,26.6,30.3,92.0,26.0,11,2016-08-10,US,8,2,10,Wednesday,False,0,0,1,1,0,0,0,0,0.0,0.0,0.29999999999999716,0.29999999999999716,0.0,0.0,0.0,0.0,0,False,,0.011642045454545408,0.4605113636363648,0.03516524216524216,0.02330113636363634,33.720461095100866,12.555555555555555
20160811_BS,34.8,30.6,72.1,32.2,71.6,29.0,32.9,70.6,28.9,34.4,73.0,29.6,33.0,72.4,29.5,32.7,77.9,28.9,32.0,77.1,28.1,31.7,76.3,28.3,81,2016-08-11,BS,8,3,11,Thursday,False,1,0,0,1,0,0,0,0,1.7999999999999972,0.0,0.0,1.3999999999999986,0.0,0.0,0.0,0.0,0,False,,0.008154205607476614,0.5053864168618276,0.051856858846918485,0.025329999999999967,52.104,34.627659574468076
20160811_CB,35.113333333,28.966666667,66.793333333,34.24,69.72,28.74,33.886666667,73.106666667,28.206666666999997,34.76,67.3,28.786666667,34.646666667,69.14,28.72,35.18,69.853333333,28.9,34.853333333,67.82,29.013333333000002,33.873333333000005,70.246666667,28.32,34,2016-08-11,CB,8,3,11,Thursday,False,1,1,1,1,1,1,1,1,2.113333333,1.240000000000002,0.8866666670000001,1.759999999999998,1.646666666999998,2.1799999999999997,1.853333333000002,0.873333333000005,0,False,,0.003030241935483873,0.32684824902723697,0.03803515624999999,0.017162256809338496,34.437262357414454,20.39830508474576
20160811_CN,34.85,28.59375,77.70625,33.63125,81.60625,28.33125,33.6125,83.7,28.1,34.225,79.28125,28.2,33.6875,81.5125,27.825,34.1875,82.025,28.35,34.23125,81.35625,28.75,34.3375,81.0625,28.425,55,2016-08-11,CN,8,3,11,Thursday,False,1,1,1,1,1,1,1,1,1.8500000000000014,0.6312500000000014,0.6124999999999972,1.2250000000000014,0.6875,1.1875,1.2312500000000028,1.3374999999999986,0,False,,0.0036808333333333367,0.4008333333333337,0.030691666666666638,0.014177499999999982,32.75527426160337,19.86111111111111
20160811_DG,37.8,31.4,61.0,35.4,62.6,29.4,31.8,66.8,27.7,35.6,73.4,28.5,34.6,73.6,28.6,35.1,67.0,29.5,34.5,67.9,28.5,33.8,73.4,27.7,48,2016-08-11,DG,8,3,11,Thursday,False,1,1,0,1,1,1,1,1,4.799999999999997,2.3999999999999986,0.0,2.6000000000000014,1.6000000000000014,2.1000000000000014,1.5,0.7999999999999972,0,False,,0.0031936758893280656,0.3533596837944664,0.0416363636363636,0.017691699604743046,44.15126050420168,29.21818181818182
20160811_DJ,35.6,29.9,70.1,34.6,76.4,29.3,34.3,80.9,28.4,34.8,72.8,29.7,34.9,78.4,28.8,35.4,74.3,29.6,35.8,69.0,30.7,35.5,70.8,29.9,30,2016-08-11,DJ,8,3,11,Thursday,False,1,1,1,1,1,1,1,1,2.6000000000000014,1.6000000000000014,1.2999999999999972,1.7999999999999972,1.8999999999999986,2.3999999999999986,2.799999999999997,2.5,0,False,,0.003283333333333336,0.4816666666666667,0.04409999999999998,0.022945833333333318,33.270833333333336,18.883333333333333
20160811_GB,35.8125,29.195833333000003,71.204166667,34.808333333,72.395833333,28.045833333,31.383333333000003,75.104166667,26.683333333,34.975,77.891666667,28.133333333000003,35.233333333000004,72.295833333,29.045833333,33.958333333,75.783333333,28.0375,33.129166667,76.68333333300001,27.441666667,32.320833333,79.45,26.9,57,2016-08-11,GB,8,3,11,Thursday,False,1,1,0,1,1,1,1,0,2.8125,1.8083333330000002,0.0,1.9750000000000014,2.2333333330000045,0.9583333329999988,0.1291666669999998,0.0,0,False,,0.004194117647058811,0.43145780051151,0.04599492385786805,0.011589769820971844,37.02030456852792,23.562841530054644
20160811_GG,35.519047619,29.60952381,73.264285714,33.988095238,73.11428571399999,28.9,33.852380952,74.192857143,29.066666667,34.933333333,72.564285714,29.369047619,34.678571429,66.714285714,29.452380952,34.757142857,72.985714286,29.638095238000002,35.369047619,71.726190476,29.814285714,34.935714286,73.376190476,29.221428571,181,2016-08-11,GG,8,3,11,Thursday,False,1,1,1,1,1,1,1,1,2.5190476189999984,0.9880952379999997,0.8523809519999972,1.9333333330000002,1.6785714290000016,1.757142856999998,2.369047619,1.9357142859999996,0,False,,0.0038614293221229065,0.4186865990389712,0.027094349972572748,0.0227098680738787,33.84639830508475,19.796267496111977
20160811_GJ,36.7,30.6,72.0,34.5,82.6,29.5,32.4,92.6,27.5,34.8,87.5,27.9,33.1,89.6,27.5,34.5,78.6,29.7,35.1,77.3,29.7,33.9,79.5,28.6,38,2016-08-11,GJ,8,3,11,Thursday,False,1,1,0,1,1,1,1,1,3.700000000000003,1.5,0.0,1.7999999999999972,0.10000000000000142,1.5,2.1000000000000014,0.8999999999999986,0,False,,0.002437185929648243,0.3536458333333328,0.03231155778894471,0.017331658291457244,29.22110552763819,18.986754966887414
20160811_GN,36.322727273000005,29.936363636,74.631818182,34.277272726999996,75.113636364,28.822727273,32.990909091,77.836363636,27.831818182,35.686363635999996,78.427272727,28.227272727,34.072727273000005,76.977272727,28.595454545,33.872727273,76.395454545,28.440909090999998,33.095454545,77.136363636,27.854545455,32.4,79.609090909,27.431818181999997,61,2016-08-11,GN,8,3,11,Thursday,False,1,1,0,1,1,1,1,0,3.3227272730000053,1.2772727269999962,0.0,2.686363635999996,1.0727272730000053,0.8727272730000024,0.09545454500000261,0.0,0,False,,0.005618007662835229,0.4357692307692306,0.053732313575525804,0.01535173076923074,52.814531548757174,34.92340425531915
20160811_GW,33.727777778000004,28.2,74.577777778,32.122222222,77.633333333,27.25,31.072222221999997,74.827777778,26.472222222,33.072222222,77.444444444,26.966666667,33.611111111,76.822222222,27.872222221999998,33.322222222,73.644444444,27.055555555999998,32.944444444,73.855555556,26.65,32.277777778,76.166666667,26.661111111,29,2016-08-11,GW,8,3,11,Thursday,False,1,0,0,1,1,1,0,0,0.7277777780000037,0.0,0.0,0.07222222200000061,0.6111111109999996,0.3222222220000006,0.0,0.0,0,False,,0.0016221739130434802,0.3856521739130437,0.036652173913043457,0.009573913043478249,40.1,28.059259259259264
20160811_IC,33.53,28.92,88.82,31.02,88.36,28.06,33.29,87.41,29.08,32.72,90.48,28.8,32.62,82.28,28.62,33.32,88.42,29.12,33.36,91.15,29.34,33.19,91.15,28.91,47,2016-08-11,IC,8,3,11,Thursday,False,1,0,1,0,0,1,1,1,0.5300000000000011,0.0,0.28999999999999915,0.0,0.0,0.3200000000000003,0.35999999999999943,0.18999999999999773,0,False,,0.004687341772151883,0.4588607594936705,0.020486899563318742,0.014283333333333325,31.782340862423002,16.502857142857142
20160811_JB,35.14,28.94,73.586666667,33.986666667,77.106666667,28.56,33.56,79.113333333,27.98,33.913333333000004,78.54,27.733333333,34.146666667,79.206666667,27.666666666999998,34.346666667,78.646666667,28.04,34.24,77.673333333,28.42,34.086666666999996,76.5,28.086666667,82,2016-08-11,JB,8,3,11,Thursday,False,1,1,1,1,1,1,1,1,2.1400000000000006,0.9866666670000015,0.5600000000000023,0.9133333330000042,1.146666666999998,1.346666667000001,1.240000000000002,1.0866666669999958,0,False,,0.004208259587020632,0.370505617977528,0.034097402597402564,0.013496067415730308,37.71388888888889,24.713636363636365
20160811_JJ,32.2,29.4,73.45,31.45,80.3,29.0,31.6,80.4,29.25,31.65,78.35,28.8,32.3,82.45,28.4,31.85,84.0,28.45,31.05,86.45,28.25,31.35,84.55,27.7,12,2016-08-11,JJ,8,3,11,Thursday,False,0,0,0,0,0,0,0,0,0.0,0.0,0.0,0.0,0.0,0.0,0.0,0.0,0,False,,0.0024125,0.3452631578947366,0.029354166666666664,0.006453125000000003,29.41573033707865,16.33684210526316
20160811_JN,35.859090909,29.854545455,75.7,33.822727273000005,81.19090909100001,28.8,32.763636364,84.454545455,27.995454545,34.136363636,81.631818182,28.118181818000004,33.163636364,84.645454545,27.845454545,33.463636364,78.804545455,28.563636364,33.395454545,77.490909091,28.472727273,32.695454545,79.209090909,28.081818182,63,2016-08-11,JN,8,3,11,Thursday,False,1,1,0,1,1,1,1,0,2.8590909090000025,0.8227272730000053,0.0,1.1363636359999987,0.16363636399999848,0.46363636400000274,0.39545454499999977,0.0,0,False,,0.006299259259259229,0.5348148148148139,0.04371990171990171,0.013946798029556616,51.755627009646304,39.57205240174672
20160811_SU,36.4,30.5,64.1,34.8,66.3,29.4,33.6,68.3,29.3,35.5,63.1,30.5,35.0,56.0,30.6,34.0,64.8,30.5,36.0,60.1,31.2,35.7,59.6,30.7,217,2016-08-11,SU,8,3,11,Thursday,False,1,1,1,1,1,1,1,1,3.3999999999999986,1.7999999999999972,0.6000000000000014,2.5,2.0,1.0,3.0,2.700000000000003,0,False,,0.004406249999999983,0.4524553571428575,0.02341196388261849,0.031316159250585424,34.53543307086614,19.66488413547237
20160811_US,34.7,29.3,82.4,32.6,83.0,27.6,30.1,84.0,26.5,33.3,84.6,28.6,33.3,81.9,28.9,33.0,84.9,27.9,31.6,88.8,26.6,30.2,89.0,26.6,12,2016-08-11,US,8,3,11,Thursday,False,1,0,0,1,1,0,0,0,1.7000000000000028,0.0,0.0,0.29999999999999716,0.29999999999999716,0.0,0.0,0.0,0,False,,0.009915730337078606,0.5421348314606744,0.041974212034383916,0.023626404494382004,43.36516853932585,24.415254237288128
20160812_BS,34.5,31.0,72.1,34.8,72.1,30.6,32.2,71.6,29.0,32.9,70.6,28.9,34.4,73.0,29.6,33.0,72.4,29.5,32.7,77.9,28.9,32.0,77.1,28.1,76,2016-08-12,BS,8,4,12,Friday,False,1,1,0,0,1,0,0,0,1.5,1.7999999999999972,0.0,0.0,1.3999999999999986,0.0,0.0,0.0,0,False,,0.006833333333333301,0.5477855477855486,0.05938675213675215,0.025431999999999986,66.03976143141153,47.92231075697211
20160812_CB,35.22,29.233333333,65.306666667,35.113333333,66.793333333,28.966666667,34.24,69.72,28.74,33.886666667,73.106666667,28.206666666999997,34.76,67.3,28.786666667,34.646666667,69.14,28.72,35.18,69.853333333,28.9,34.853333333,67.82,29.013333333000002,28,2016-08-12,CB,8,4,12,Friday,False,1,1,1,1,1,1,1,1,2.219999999999999,2.113333333,1.240000000000002,0.8866666670000001,1.759999999999998,1.646666666999998,2.1799999999999997,1.853333333000002,0,False,,0.003229661016949155,0.3073076923076928,0.036446153846153836,0.016641153846153826,32.74045801526717,17.455696202531644
20160812_CN,34.78125,28.625,77.31875,34.85,77.70625,28.59375,33.63125,81.60625,28.33125,33.6125,83.7,28.1,34.225,79.28125,28.2,33.6875,81.5125,27.825,34.1875,82.025,28.35,34.23125,81.35625,28.75,55,2016-08-12,CN,8,4,12,Friday,False,1,1,1,1,1,1,1,1,1.78125,1.8500000000000014,0.6312500000000014,0.6124999999999972,1.2250000000000014,0.6875,1.1875,1.2312500000000028,0,False,,0.0042487499999999965,0.4195833333333337,0.024616666666666627,0.013551666666666651,36.18143459915612,24.069444444444446
20160812_DG,37.7,31.8,58.5,37.8,61.0,31.4,35.4,62.6,29.4,31.8,66.8,27.7,35.6,73.4,28.5,34.6,73.6,28.6,35.1,67.0,29.5,34.5,67.9,28.5,70,2016-08-12,DG,8,4,12,Friday,False,1,1,1,0,1,1,1,1,4.700000000000003,4.799999999999997,2.3999999999999986,0.0,2.6000000000000014,1.6000000000000014,2.1000000000000014,1.5,0,False,,0.0029689922480620177,0.37713178294573657,0.04906201550387599,0.02093023255813951,47.09561752988048,30.22012578616352
20160812_DJ,36.5,30.3,67.5,35.6,70.1,29.9,34.6,76.4,29.3,34.3,80.9,28.4,34.8,72.8,29.7,34.9,78.4,28.8,35.4,74.3,29.6,35.8,69.0,30.7,28,2016-08-12,DJ,8,4,12,Friday,False,1,1,1,1,1,1,1,1,3.5,2.6000000000000014,1.6000000000000014,1.2999999999999972,1.7999999999999972,1.8999999999999986,2.3999999999999986,2.799999999999997,0,False,,0.004258333333333335,0.5004166666666664,0.03511250000000001,0.02074583333333329,30.627118644067803,18.366666666666667
20160812_GB,36.404166667,29.754166667,69.758333333,35.8125,71.204166667,29.195833333000003,34.808333333,72.395833333,28.045833333,31.383333333000003,75.104166667,26.683333333,34.975,77.891666667,28.133333333000003,35.233333333000004,72.295833333,29.045833333,33.958333333,75.783333333,28.0375,33.129166667,76.68333333300001,27.441666667,68,2016-08-12,GB,8,4,12,Friday,False,1,1,1,0,1,1,1,1,3.4041666669999984,2.8125,1.8083333330000002,0.0,1.9750000000000014,2.2333333330000045,0.9583333329999988,0.1291666669999998,0,False,,0.004206451612903207,0.4570719602977673,0.05142364532019703,0.012548883374689788,41.27832512315271,24.963157894736838
20160812_GG,35.078571429,29.352380951999997,77.11428571399999,35.519047619,73.264285714,29.60952381,33.988095238,73.11428571399999,28.9,33.852380952,74.192857143,29.066666667,34.933333333,72.564285714,29.369047619,34.678571429,66.714285714,29.452380952,34.757142857,72.985714286,29.638095238000002,35.369047619,71.726190476,29.814285714,150,2016-08-12,GG,8,4,12,Friday,False,1,1,1,1,1,1,1,1,2.078571429,2.5190476189999984,0.9880952379999997,0.8523809519999972,1.9333333330000002,1.6785714290000016,1.757142856999998,2.369047619,0,False,,0.0037129342597541017,0.39962182603997504,0.026099944781888543,0.0205030867482704,39.76396495071194,25.403755868544604
20160812_GJ,37.2,30.6,72.6,36.7,72.0,30.6,34.5,82.6,29.5,32.4,92.6,27.5,34.8,87.5,27.9,33.1,89.6,27.5,34.5,78.6,29.7,35.1,77.3,29.7,37,2016-08-12,GJ,8,4,12,Friday,False,1,1,1,0,1,1,1,1,4.200000000000003,3.700000000000003,1.5,0.0,1.7999999999999972,0.10000000000000142,1.5,2.1000000000000014,0,False,,0.0025925925925925947,0.3739583333333332,0.03691203703703703,0.019032407407407387,29.75,18.928571428571427
20160812_GN,36.236363636,30.486363636,74.136363636,36.322727273000005,74.631818182,29.936363636,34.277272726999996,75.113636364,28.822727273,32.990909091,77.836363636,27.831818182,35.686363635999996,78.427272727,28.227272727,34.072727273000005,76.977272727,28.595454545,33.872727273,76.395454545,28.440909090999998,33.095454545,77.136363636,27.854545455,61,2016-08-12,GN,8,4,12,Friday,False,1,1,1,0,1,1,1,1,3.236363636,3.3227272730000053,1.2772727269999962,0.0,2.686363635999996,1.0727272730000053,0.8727272730000024,0.09545454500000261,0,False,,0.005466349809885911,0.5053231939163486,0.06390613026819922,0.015165451055662154,62.074144486692006,40.43162393162393
20160812_GW,34.311111111,28.6,73.311111111,33.727777778000004,74.577777778,28.2,32.122222222,77.633333333,27.25,31.072222221999997,74.827777778,26.472222222,33.072222222,77.444444444,26.966666667,33.611111111,76.822222222,27.872222221999998,33.322222222,73.644444444,27.055555555999998,32.944444444,73.855555556,26.65,34,2016-08-12,GW,8,4,12,Friday,False,1,1,0,0,1,1,1,0,1.3111111110000024,0.7277777780000037,0.0,0.0,0.07222222200000061,0.6111111109999996,0.3222222220000006,0.0,0,False,,0.0016504166666666685,0.3506276150627619,0.034199999999999973,0.00964541666666665,34.26637554585153,22.09090909090909
20160812_IC,32.35,28.91,90.84,33.53,88.82,28.92,31.02,88.36,28.06,33.29,87.41,29.08,32.72,90.48,28.8,32.62,82.28,28.62,33.32,88.42,29.12,33.36,91.15,29.34,48,2016-08-12,IC,8,4,12,Friday,False,0,1,0,1,0,0,1,1,0.0,0.5300000000000011,0.0,0.28999999999999915,0.0,0.0,0.3200000000000003,0.35999999999999943,0,False,,0.004744276457883352,0.4387029288702934,0.017898488120950292,0.012691666666666645,37.51890756302521,22.92329545454545
20160812_JB,35.146666667,28.88,74.28,35.14,73.586666667,28.94,33.986666667,77.106666667,28.56,33.56,79.113333333,27.98,33.913333333000004,78.54,27.733333333,34.146666667,79.206666667,27.666666666999998,34.346666667,78.646666667,28.04,34.24,77.673333333,28.42,54,2016-08-12,JB,8,4,12,Friday,False,1,1,1,1,1,1,1,1,2.146666666999998,2.1400000000000006,0.9866666670000015,0.5600000000000023,0.9133333330000042,1.146666666999998,1.346666667000001,1.240000000000002,0,False,,0.00418356545961001,0.3566666666666666,0.032673076923076916,0.012946388888888858,37.53631284916201,24.47555555555555
20160812_JJ,32.9,29.7,71.85,32.2,73.45,29.4,31.45,80.3,29.0,31.6,80.4,29.25,31.65,78.35,28.8,32.3,82.45,28.4,31.85,84.0,28.45,31.05,86.45,28.25,7,2016-08-12,JJ,8,4,12,Friday,False,0,0,0,0,0,0,0,0,0.0,0.0,0.0,0.0,0.0,0.0,0.0,0.0,0,False,,0.0015364583333333324,0.34842105263157874,0.03261458333333333,0.005139583333333337,30.5531914893617,17.120879120879117
20160812_JN,35.7,29.813636364,75.35,35.859090909,75.7,29.854545455,33.822727273000005,81.19090909100001,28.8,32.763636364,84.454545455,27.995454545,34.136363636,81.631818182,28.118181818000004,33.163636364,84.645454545,27.845454545,33.463636364,78.804545455,28.563636364,33.395454545,77.490909091,28.472727273,62,2016-08-12,JN,8,4,12,Friday,False,1,1,1,0,1,1,1,1,2.700000000000003,2.8590909090000025,0.8227272730000053,0.0,1.1363636359999987,0.16363636399999848,0.46363636400000274,0.39545454499999977,0,False,,0.006225757575757546,0.5159090909090905,0.0412323232323232,0.013147979797979756,44.130548302872064,34.15909090909091
20160812_SU,35.9,30.4,68.3,36.4,64.1,30.5,34.8,66.3,29.4,33.6,68.3,29.3,35.5,63.1,30.5,35.0,56.0,30.6,34.0,64.8,30.5,36.0,60.1,31.2,238,2016-08-12,SU,8,4,12,Friday,False,1,1,1,1,1,1,1,1,2.8999999999999986,3.3999999999999986,1.7999999999999972,0.6000000000000014,2.5,2.0,1.0,3.0,0,False,,0.004484649122806988,0.4517357222844354,0.022479048697621736,0.03132209302325577,44.72087912087912,27.70804195804196
20160812_US,35.3,29.8,83.9,34.7,82.4,29.3,32.6,83.0,27.6,30.1,84.0,26.5,33.3,84.6,28.6,33.3,81.9,28.9,33.0,84.9,27.9,31.6,88.8,26.6,12,2016-08-12,US,8,4,12,Friday,False,1,1,0,0,1,1,0,0,2.299999999999997,1.7000000000000028,0.0,0.0,0.29999999999999716,0.29999999999999716,0.0,0.0,0,False,,0.008915730337078617,0.6300561797752798,0.052084985835694,0.023705056179775245,56.76056338028169,37.1025641025641
20160813_BS,35.3,31.3,66.1,34.5,72.1,31.0,34.8,72.1,30.6,32.2,71.6,29.0,32.9,70.6,28.9,34.4,73.0,29.6,33.0,72.4,29.5,32.7,77.9,28.9,22,2016-08-13,BS,8,5,13,Saturday,False,1,1,1,0,0,1,0,0,2.299999999999997,1.5,1.7999999999999972,0.0,0.0,1.3999999999999986,0.0,0.0,0,True,,0.006590697674418581,0.4786046511627922,0.057148373983739814,0.02303984063745014,57.563492063492056,39.61309523809524
20160813_CB,34.526666667,28.98,68.226666667,35.22,65.306666667,29.233333333,35.113333333,66.793333333,28.966666667,34.24,69.72,28.74,33.886666667,73.106666667,28.206666666999997,34.76,67.3,28.786666667,34.646666667,69.14,28.72,35.18,69.853333333,28.9,11,2016-08-13,CB,8,5,13,Saturday,False,1,1,1,1,1,1,1,1,1.5266666670000006,2.219999999999999,2.113333333,1.240000000000002,0.8866666670000001,1.759999999999998,1.646666666999998,2.1799999999999997,0,True,,0.0031458333333333355,0.29848484848484896,0.03384469696969695,0.013751893939393916,34.62357414448669,18.379166666666666
20160813_CN,34.03125,28.46875,80.93125,34.78125,77.31875,28.625,34.85,77.70625,28.59375,33.63125,81.60625,28.33125,33.6125,83.7,28.1,34.225,79.28125,28.2,33.6875,81.5125,27.825,34.1875,82.025,28.35,11,2016-08-13,CN,8,5,13,Saturday,False,1,1,1,1,1,1,1,1,1.03125,1.78125,1.8500000000000014,0.6312500000000014,0.6124999999999972,1.2250000000000014,0.6875,1.1875,0,True,,0.0038075000000000014,0.3845833333333331,0.02577916666666664,0.011162083333333312,34.37656903765691,23.902777777777782
20160813_DG,38.1,32.4,51.1,37.7,58.5,31.8,37.8,61.0,31.4,35.4,62.6,29.4,31.8,66.8,27.7,35.6,73.4,28.5,34.6,73.6,28.6,35.1,67.0,29.5,9,2016-08-13,DG,8,5,13,Saturday,False,1,1,1,1,0,1,1,1,5.100000000000001,4.700000000000003,4.799999999999997,2.3999999999999986,0.0,2.6000000000000014,1.6000000000000014,2.1000000000000014,0,True,,0.0031215277777777804,0.31319444444444466,0.04320486111111113,0.01858680555555553,37.746323529411775,25.542105263157893
20160813_DJ,36.0,30.2,70.6,36.5,67.5,30.3,35.6,70.1,29.9,34.6,76.4,29.3,34.3,80.9,28.4,34.8,72.8,29.7,34.9,78.4,28.8,35.4,74.3,29.6,8,2016-08-13,DJ,8,5,13,Saturday,False,1,1,1,1,1,1,1,1,3.0,3.5,2.6000000000000014,1.6000000000000014,1.2999999999999972,1.7999999999999972,1.8999999999999986,2.3999999999999986,0,True,,0.003958333333333336,0.4679166666666669,0.034012499999999966,0.0167958333333333,31.72803347280335,19.4
20160813_GB,36.7625,30.075,66.258333333,36.404166667,69.758333333,29.754166667,35.8125,71.204166667,29.195833333000003,34.808333333,72.395833333,28.045833333,31.383333333000003,75.104166667,26.683333333,34.975,77.891666667,28.133333333000003,35.233333333000004,72.295833333,29.045833333,33.958333333,75.783333333,28.0375,19,2016-08-13,GB,8,5,13,Saturday,False,1,1,1,1,0,1,1,1,3.762500000000003,3.4041666669999984,2.8125,1.8083333330000002,0.0,1.9750000000000014,2.2333333330000045,0.9583333329999988,0,True,,0.004138725490196058,0.4325980392156869,0.052450980392156836,0.0118519607843137,38.48648648648648,26.00555555555556
20160813_GG,34.521428571,29.614285714,75.328571429,35.078571429,77.11428571399999,29.352380951999997,35.519047619,73.264285714,29.60952381,33.988095238,73.11428571399999,28.9,33.852380952,74.192857143,29.066666667,34.933333333,72.564285714,29.369047619,34.678571429,66.714285714,29.452380952,34.757142857,72.985714286,29.638095238000002,53,2016-08-13,GG,8,5,13,Saturday,False,1,1,1,1,1,1,1,1,1.5214285710000013,2.078571429,2.5190476189999984,0.9880952379999997,0.8523809519999972,1.9333333330000002,1.6785714290000016,1.757142856999998,0,True,,0.0038469270833332795,0.3730235042735014,0.02276547945205488,0.015357340425531881,35.675461741424805,23.776
20160813_GJ,35.7,30.1,73.1,37.2,72.6,30.6,36.7,72.0,30.6,34.5,82.6,29.5,32.4,92.6,27.5,34.8,87.5,27.9,33.1,89.6,27.5,34.5,78.6,29.7,11,2016-08-13,GJ,8,5,13,Saturday,False,1,1,1,1,0,1,1,1,2.700000000000003,4.200000000000003,3.700000000000003,1.5,0.0,1.7999999999999972,0.10000000000000142,1.5,0,True,,0.002421296296296298,0.3270833333333328,0.027106481481481468,0.015023148148148126,25.54166666666667,16.410714285714285
20160813_GN,36.345454545,30.295454545,70.445454545,36.236363636,74.136363636,30.486363636,36.322727273000005,74.631818182,29.936363636,34.277272726999996,75.113636364,28.822727273,32.990909091,77.836363636,27.831818182,35.686363635999996,78.427272727,28.227272727,34.072727273000005,76.977272727,28.595454545,33.872727273,76.395454545,28.440909090999998,28,2016-08-13,GN,8,5,13,Saturday,False,1,1,1,1,0,1,1,1,3.3454545450000026,3.236363636,3.3227272730000053,1.2772727269999962,0.0,2.686363635999996,1.0727272730000053,0.8727272730000024,0,True,,0.005715530303030281,0.4732954545454551,0.058886939571150085,0.015307386363636344,54.437262357414454,34.780590717299575
20160813_GW,34.533333333,29.155555556,72.188888889,34.311111111,73.311111111,28.6,33.727777778000004,74.577777778,28.2,32.122222222,77.633333333,27.25,31.072222221999997,74.827777778,26.472222222,33.072222222,77.444444444,26.966666667,33.611111111,76.822222222,27.872222221999998,33.322222222,73.644444444,27.055555555999998,10,2016-08-13,GW,8,5,13,Saturday,False,1,1,1,0,0,1,1,1,1.5333333330000016,1.3111111110000024,0.7277777780000037,0.0,0.0,0.07222222200000061,0.6111111109999996,0.3222222220000006,0,True,,0.0017658333333333352,0.3475,0.036533333333333286,0.009588333333333324,38.330357142857146,26.389705882352942
20160813_IC,31.78,28.81,94.8,32.35,90.84,28.91,33.53,88.82,28.92,31.02,88.36,28.06,33.29,87.41,29.08,32.72,90.48,28.8,32.62,82.28,28.62,33.32,88.42,29.12,14,2016-08-13,IC,8,5,13,Saturday,False,0,0,1,0,1,0,0,1,0.0,0.0,0.5300000000000011,0.0,0.28999999999999915,0.0,0.0,0.3200000000000003,0,True,,0.0047638157894736655,0.42655935613682217,0.01961666666666664,0.011000811359026344,32.818737270875765,20.962209302325586
20160813_JB,34.38,28.48,75.44,35.146666667,74.28,28.88,35.14,73.586666667,28.94,33.986666667,77.106666667,28.56,33.56,79.113333333,27.98,33.913333333000004,78.54,27.733333333,34.146666667,79.206666667,27.666666666999998,34.346666667,78.646666667,28.04,22,2016-08-13,JB,8,5,13,Saturday,False,1,1,1,1,1,1,1,1,1.3800000000000026,2.146666666999998,2.1400000000000006,0.9866666670000015,0.5600000000000023,0.9133333330000042,1.146666666999998,1.346666667000001,0,True,,0.004025633802816883,0.32083333333333325,0.027365384615384597,0.010263333333333308,35.38655462184874,23.49065420560748
20160813_JJ,33.0,29.85,68.65,32.9,71.85,29.7,32.2,73.45,29.4,31.45,80.3,29.0,31.6,80.4,29.25,31.65,78.35,28.8,32.3,82.45,28.4,31.85,84.0,28.45,2,2016-08-13,JJ,8,5,13,Saturday,False,0,0,0,0,0,0,0,0,0.0,0.0,0.0,0.0,0.0,0.0,0.0,0.0,0,True,,0.0012489583333333348,0.3136842105263157,0.027062499999999982,0.004218750000000005,27.92391304347826,16.910112359550563
20160813_JN,35.240909091,29.622727273000002,74.31363636399999,35.7,75.35,29.813636364,35.859090909,75.7,29.854545455,33.822727273000005,81.19090909100001,28.8,32.763636364,84.454545455,27.995454545,34.136363636,81.631818182,28.118181818000004,33.163636364,84.645454545,27.845454545,33.463636364,78.804545455,28.563636364,11,2016-08-13,JN,8,5,13,Saturday,False,1,1,1,1,0,1,1,1,2.240909090999999,2.700000000000003,2.8590909090000025,0.8227272730000053,0.0,1.1363636359999987,0.16363636399999848,0.46363636400000274,0,True,,0.004893580246913549,0.3894348894348888,0.03264778325123148,0.012172235872235844,33.70161290322581,26.56302521008403
20160813_SU,35.1,30.2,67.9,35.9,68.3,30.4,36.4,64.1,30.5,34.8,66.3,29.4,33.6,68.3,29.3,35.5,63.1,30.5,35.0,56.0,30.6,34.0,64.8,30.5,61,2016-08-13,SU,8,5,13,Saturday,False,1,1,1,1,1,1,1,1,2.1000000000000014,2.8999999999999986,3.3999999999999986,1.7999999999999972,0.6000000000000014,2.5,2.0,1.0,0,True,,0.004446581196581172,0.3939978563772787,0.01786307519640847,0.024236486486486453,38.11063372717508,24.92241379310345
20160813_US,35.7,31.0,75.9,35.3,83.9,29.8,34.7,82.4,29.3,32.6,83.0,27.6,30.1,84.0,26.5,33.3,84.6,28.6,33.3,81.9,28.9,33.0,84.9,27.9,2,2016-08-13,US,8,5,13,Saturday,False,1,1,1,0,0,1,1,0,2.700000000000003,2.299999999999997,1.7000000000000028,0.0,0.0,0.29999999999999716,0.29999999999999716,0.0,0,True,,0.00832590529247907,0.6651810584958211,0.0547922848664688,0.022325905292479072,61.415041782729816,40.050847457627114
20160814_BS,37.3,31.7,63.8,35.3,66.1,31.3,34.5,72.1,31.0,34.8,72.1,30.6,32.2,71.6,29.0,32.9,70.6,28.9,34.4,73.0,29.6,33.0,72.4,29.5,0,2016-08-14,BS,8,6,14,Sunday,False,1,1,1,1,0,0,1,0,4.299999999999997,2.299999999999997,1.5,1.7999999999999972,0.0,0.0,1.3999999999999986,0.0,0,True,,0.005459396751740108,0.4270833333333349,0.0583021868787276,0.018543650793650758,50.875,35.413518886679924
20160814_CB,33.713333333,28.66,72.693333333,34.526666667,68.226666667,28.98,35.22,65.306666667,29.233333333,35.113333333,66.793333333,28.966666667,34.24,69.72,28.74,33.886666667,73.106666667,28.206666666999997,34.76,67.3,28.786666667,34.646666667,69.14,28.72,1,2016-08-14,CB,8,6,14,Sunday,False,1,1,1,1,1,1,1,1,0.7133333330000013,1.5266666670000006,2.219999999999999,2.113333333,1.240000000000002,0.8866666670000001,1.759999999999998,1.646666666999998,0,True,,0.002763750000000002,0.26780303030303104,0.025410646387832657,0.00944122137404577,32.35227272727273,17.575
20160814_CN,33.50625,28.45625,83.20625,34.03125,80.93125,28.46875,34.78125,77.31875,28.625,34.85,77.70625,28.59375,33.63125,81.60625,28.33125,33.6125,83.7,28.1,34.225,79.28125,28.2,33.6875,81.5125,27.825,1,2016-08-14,CN,8,6,14,Sunday,False,1,1,1,1,1,1,1,1,0.5062500000000014,1.03125,1.78125,1.8500000000000014,0.6312500000000014,0.6124999999999972,1.2250000000000014,0.6875,0,True,,0.003792083333333336,0.3754166666666664,0.02447499999999996,0.00972874999999998,37.59166666666667,27.305555555555557
20160814_DG,37.0,31.9,54.8,38.1,51.1,32.4,37.7,58.5,31.8,37.8,61.0,31.4,35.4,62.6,29.4,31.8,66.8,27.7,35.6,73.4,28.5,34.6,73.6,28.6,0,2016-08-14,DG,8,6,14,Sunday,False,1,1,1,1,1,0,1,1,4.0,5.100000000000001,4.700000000000003,4.799999999999997,2.3999999999999986,0.0,2.6000000000000014,1.6000000000000014,0,True,,0.002524305555555557,0.2753472222222228,0.03953125,0.00898958333333331,33.992673992673986,23.31521739130435
20160814_DJ,35.0,29.9,75.1,36.0,70.6,30.2,36.5,67.5,30.3,35.6,70.1,29.9,34.6,76.4,29.3,34.3,80.9,28.4,34.8,72.8,29.7,34.9,78.4,28.8,0,2016-08-14,DJ,8,6,14,Sunday,False,1,1,1,1,1,1,1,1,2.0,3.0,3.5,2.6000000000000014,1.6000000000000014,1.2999999999999972,1.7999999999999972,1.8999999999999986,0,True,,0.004300000000000003,0.45625,0.03516666666666668,0.01118749999999998,33.731914893617024,23.03333333333333
20160814_GB,35.375,29.670833333,68.15,36.7625,66.258333333,30.075,36.404166667,69.758333333,29.754166667,35.8125,71.204166667,29.195833333000003,34.808333333,72.395833333,28.045833333,31.383333333000003,75.104166667,26.683333333,34.975,77.891666667,28.133333333000003,35.233333333000004,72.295833333,29.045833333,3,2016-08-14,GB,8,6,14,Sunday,False,1,1,1,1,1,0,1,1,2.375,3.762500000000003,3.4041666669999984,2.8125,1.8083333330000002,0.0,1.9750000000000014,2.2333333330000045,0,True,,0.0037841191066997322,0.3940298507462687,0.04651470588235297,0.007896774193548358,33.0615763546798,21.783783783783782
20160814_GG,32.514285714,28.69047619,81.969047619,34.521428571,75.328571429,29.614285714,35.078571429,77.11428571399999,29.352380951999997,35.519047619,73.264285714,29.60952381,33.988095238,73.11428571399999,28.9,33.852380952,74.192857143,29.066666667,34.933333333,72.564285714,29.369047619,34.678571429,66.714285714,29.452380952,8,2016-08-14,GG,8,6,14,Sunday,False,0,1,1,1,1,1,1,1,0.0,1.5214285710000013,2.078571429,2.5190476189999984,0.9880952379999997,0.8523809519999972,1.9333333330000002,1.6785714290000016,0,True,,0.003464322916666623,0.3570893525949666,0.020625548245614068,0.012232386961093564,35.098081023454164,25.092105263157894
20160814_GN,36.55,30.304545455,69.904545455,36.345454545,70.445454545,30.295454545,36.236363636,74.136363636,30.486363636,36.322727273000005,74.631818182,29.936363636,34.277272726999996,75.113636364,28.822727273,32.990909091,77.836363636,27.831818182,35.686363635999996,78.427272727,28.227272727,34.072727273000005,76.977272727,28.595454545,3,2016-08-14,GN,8,6,14,Sunday,False,1,1,1,1,1,0,1,1,3.549999999999997,3.3454545450000026,3.236363636,3.3227272730000053,1.2772727269999962,0.0,2.686363635999996,1.0727272730000053,0,True,,0.004330871212121192,0.3878787878787882,0.051335227272727234,0.012031249999999969,44.6875,29.363636363636363
20160814_GW,33.011111111,27.766666667,80.377777778,34.533333333,72.188888889,29.155555556,34.311111111,73.311111111,28.6,33.727777778000004,74.577777778,28.2,32.122222222,77.633333333,27.25,31.072222221999997,74.827777778,26.472222222,33.072222222,77.444444444,26.966666667,33.611111111,76.822222222,27.872222221999998,0,2016-08-14,GW,8,6,14,Sunday,False,1,1,1,1,0,0,1,1,0.011111110999998175,1.5333333330000016,1.3111111110000024,0.7277777780000037,0.0,0.0,0.07222222200000061,0.6111111109999996,0,True,,0.0016529166666666695,0.3412499999999999,0.030070833333333283,0.0074354166666666536,33.270833333333336,24.274193548387093
20160814_IC,30.33,28.33,96.46,31.78,94.8,28.81,32.35,90.84,28.91,33.53,88.82,28.92,31.02,88.36,28.06,33.29,87.41,29.08,32.72,90.48,28.8,32.62,82.28,28.62,2,2016-08-14,IC,8,6,14,Sunday,False,0,0,0,1,0,1,0,0,0.0,0.0,0.0,0.5300000000000011,0.0,0.28999999999999915,0.0,0.0,0,True,,0.004323245614035066,0.3737991266375548,0.02157083333333331,0.00962769857433805,34.081632653061234,23.885630498533725
20160814_JB,34.206666667,28.873333333,77.48,34.38,75.44,28.48,35.146666667,74.28,28.88,35.14,73.586666667,28.94,33.986666667,77.106666667,28.56,33.56,79.113333333,27.98,33.913333333000004,78.54,27.733333333,34.146666667,79.206666667,27.666666666999998,3,2016-08-14,JB,8,6,14,Sunday,False,1,1,1,1,1,1,1,1,1.2066666670000004,1.3800000000000026,2.146666666999998,2.1400000000000006,0.9866666670000015,0.5600000000000023,0.9133333330000042,1.146666666999998,0,True,,0.0036339031339031203,0.320277777777778,0.025580128205128196,0.007846666666666646,36.51396648044693,25.60663507109005
20160814_JJ,32.95,29.9,72.1,33.0,68.65,29.85,32.9,71.85,29.7,32.2,73.45,29.4,31.45,80.3,29.0,31.6,80.4,29.25,31.65,78.35,28.8,32.3,82.45,28.4,1,2016-08-14,JJ,8,6,14,Sunday,False,0,0,0,0,0,0,0,0,0.0,0.0,0.0,0.0,0.0,0.0,0.0,0.0,0,True,,0.0011979166666666679,0.31684210526315804,0.02390624999999999,0.003018750000000001,28.75555555555556,17.238636363636363
20160814_JN,34.3,29.386363636,78.536363636,35.240909091,74.31363636399999,29.622727273000002,35.7,75.35,29.813636364,35.859090909,75.7,29.854545455,33.822727273000005,81.19090909100001,28.8,32.763636364,84.454545455,27.995454545,34.136363636,81.631818182,28.118181818000004,33.163636364,84.645454545,27.845454545,0,2016-08-14,JN,8,6,14,Sunday,False,1,1,1,1,1,0,1,1,1.2999999999999972,2.240909090999999,2.700000000000003,2.8590909090000025,0.8227272730000053,0.0,1.1363636359999987,0.16363636399999848,0,True,,0.0051203931203930965,0.4210784313725486,0.0302254901960784,0.010477450980392121,33.16032608695652,27.17511520737327
20160814_SU,31.8,28.9,74.0,35.1,67.9,30.2,35.9,68.3,30.4,36.4,64.1,30.5,34.8,66.3,29.4,33.6,68.3,29.3,35.5,63.1,30.5,35.0,56.0,30.6,7,2016-08-14,SU,8,6,14,Sunday,False,0,1,1,1,1,1,1,1,0.0,2.1000000000000014,2.8999999999999986,3.3999999999999986,1.7999999999999972,0.6000000000000014,2.5,2.0,0,True,,0.004065874730021592,0.3661621621621629,0.017841089670828567,0.018395950506186674,37.95814977973569,27.707446808510642
20160814_US,34.9,30.3,73.4,35.7,75.9,31.0,35.3,83.9,29.8,34.7,82.4,29.3,32.6,83.0,27.6,30.1,84.0,26.5,33.3,84.6,28.6,33.3,81.9,28.9,2,2016-08-14,US,8,6,14,Sunday,False,1,1,1,1,0,0,1,1,1.8999999999999986,2.700000000000003,2.299999999999997,1.7000000000000028,0.0,0.0,0.29999999999999716,0.29999999999999716,0,True,,0.0073638888888888435,0.5780555555555552,0.06151014492753621,0.016286111111111088,49.05,31.547008547008552
20160815_BS,36.6,29.4,75.0,37.3,63.8,31.7,35.3,66.1,31.3,34.5,72.1,31.0,34.8,72.1,30.6,32.2,71.6,29.0,32.9,70.6,28.9,34.4,73.0,29.6,10,2016-08-15,BS,8,0,15,Monday,True,1,1,1,1,1,0,0,1,3.6000000000000014,4.299999999999997,2.299999999999997,1.5,1.7999999999999972,0.0,0.0,1.3999999999999986,0,False,,0.004745370370370341,0.4060185185185203,0.043943319838056674,0.01902579365079361,51.16666666666666,35.776892430278885
20160815_CB,34.333333333,28.713333333,67.006666667,33.713333333,72.693333333,28.66,34.526666667,68.226666667,28.98,35.22,65.306666667,29.233333333,35.113333333,66.793333333,28.966666667,34.24,69.72,28.74,33.886666667,73.106666667,28.206666666999997,34.76,67.3,28.786666667,0,2016-08-15,CB,8,0,15,Monday,True,1,1,1,1,1,1,1,1,1.3333333329999988,0.7133333330000013,1.5266666670000006,2.219999999999999,2.113333333,1.240000000000002,0.8866666670000001,1.759999999999998,0,False,,0.0033450000000000025,0.2810606060606064,0.032038167938931265,0.010655172413793077,30.38257575757576,15.504166666666665
20160815_CN,33.55625,28.025,79.3625,33.50625,83.20625,28.45625,34.03125,80.93125,28.46875,34.78125,77.31875,28.625,34.85,77.70625,28.59375,33.63125,81.60625,28.33125,33.6125,83.7,28.1,34.225,79.28125,28.2,4,2016-08-15,CN,8,0,15,Monday,True,1,1,1,1,1,1,1,1,0.5562499999999986,0.5062500000000014,1.03125,1.78125,1.8500000000000014,0.6312500000000014,0.6124999999999972,1.2250000000000014,0,False,,0.004634583333333333,0.44249999999999984,0.036024999999999995,0.011434166666666645,35.82008368200837,23.73611111111111
20160815_DG,36.0,30.7,61.9,37.0,54.8,31.9,38.1,51.1,32.4,37.7,58.5,31.8,37.8,61.0,31.4,35.4,62.6,29.4,31.8,66.8,27.7,35.6,73.4,28.5,4,2016-08-15,DG,8,0,15,Monday,True,1,1,1,1,1,1,0,1,3.0,4.0,5.100000000000001,4.700000000000003,4.799999999999997,2.3999999999999986,0.0,2.6000000000000014,0,False,,0.002843750000000002,0.2836805555555555,0.036218749999999966,0.008208333333333309,33.83216783216783,22.675977653631293
20160815_DJ,35.5,30.0,70.6,35.0,75.1,29.9,36.0,70.6,30.2,36.5,67.5,30.3,35.6,70.1,29.9,34.6,76.4,29.3,34.3,80.9,28.4,34.8,72.8,29.7,0,2016-08-15,DJ,8,0,15,Monday,True,1,1,1,1,1,1,1,1,2.5,2.0,3.0,3.5,2.6000000000000014,1.6000000000000014,1.2999999999999972,1.7999999999999972,0,False,,0.0037750000000000023,0.4512500000000002,0.037208333333333315,0.012974999999999976,31.64377682403433,19.966666666666665
20160815_GB,34.604166667,28.55,73.616666667,35.375,68.15,29.670833333,36.7625,66.258333333,30.075,36.404166667,69.758333333,29.754166667,35.8125,71.204166667,29.195833333000003,34.808333333,72.395833333,28.045833333,31.383333333000003,75.104166667,26.683333333,34.975,77.891666667,28.133333333000003,5,2016-08-15,GB,8,0,15,Monday,True,1,1,1,1,1,1,0,1,1.6041666670000012,2.375,3.762500000000003,3.4041666669999984,2.8125,1.8083333330000002,0.0,1.9750000000000014,0,False,,0.004293627450980372,0.4294117647058831,0.03713235294117647,0.007617401960784287,30.723456790123453,19.151832460732983
20160815_GG,33.754761905,28.685714286,73.071428571,32.514285714,81.969047619,28.69047619,34.521428571,75.328571429,29.614285714,35.078571429,77.11428571399999,29.352380951999997,35.519047619,73.264285714,29.60952381,33.988095238,73.11428571399999,28.9,33.852380952,74.192857143,29.066666667,34.933333333,72.564285714,29.369047619,10,2016-08-15,GG,8,0,15,Monday,True,1,0,1,1,1,1,1,1,0.7547619050000023,0.0,1.5214285710000013,2.078571429,2.5190476189999984,0.9880952379999997,0.8523809519999972,1.9333333330000002,0,False,,0.003842760416666619,0.4390374331550751,0.0324377031419285,0.01563326326852341,35.894004282655246,22.0625
20160815_GJ,32.6,28.8,85.8,34.9,82.3,29.5,35.7,73.1,30.1,37.2,72.6,30.6,36.7,72.0,30.6,34.5,82.6,29.5,32.4,92.6,27.5,34.8,87.5,27.9,1,2016-08-15,GJ,8,0,15,Monday,True,0,1,1,1,1,1,0,1,0.0,1.8999999999999986,2.700000000000003,4.200000000000003,3.700000000000003,1.5,0.0,1.7999999999999972,0,False,,0.0021157407407407427,0.3291666666666661,0.024296296296296267,0.011837962962962944,24.240740740740737,16.392857142857142
20160815_GN,35.118181818000004,29.05,76.609090909,36.55,69.904545455,30.304545455,36.345454545,70.445454545,30.295454545,36.236363636,74.136363636,30.486363636,36.322727273000005,74.631818182,29.936363636,34.277272726999996,75.113636364,28.822727273,32.990909091,77.836363636,27.831818182,35.686363635999996,78.427272727,28.227272727,4,2016-08-15,GN,8,0,15,Monday,True,1,1,1,1,1,1,0,1,2.1181818180000036,3.549999999999997,3.3454545450000026,3.236363636,3.3227272730000053,1.2772727269999962,0.0,2.686363635999996,0,False,,0.003823863636363615,0.3670454545454548,0.03949621212121213,0.011582575757575727,43.08333333333334,28.574468085106385
20160815_GW,32.255555556,27.833333333000002,76.416666667,33.011111111,80.377777778,27.766666667,34.533333333,72.188888889,29.155555556,34.311111111,73.311111111,28.6,33.727777778000004,74.577777778,28.2,32.122222222,77.633333333,27.25,31.072222221999997,74.827777778,26.472222222,33.072222222,77.444444444,26.966666667,4,2016-08-15,GW,8,0,15,Monday,True,0,1,1,1,1,0,0,1,0.0,0.011111110999998175,1.5333333330000016,1.3111111110000024,0.7277777780000037,0.0,0.0,0.07222222200000061,0,False,,0.0015120833333333355,0.3394957983193281,0.02812916666666664,0.005697489539748955,30.47916666666667,20.4
20160815_IC,31.5,27.87,87.89,30.33,96.46,28.33,31.78,94.8,28.81,32.35,90.84,28.91,33.53,88.82,28.92,31.02,88.36,28.06,33.29,87.41,29.08,32.72,90.48,28.8,3,2016-08-15,IC,8,0,15,Monday,True,0,0,0,0,1,0,1,0,0.0,0.0,0.0,0.0,0.5300000000000011,0.0,0.28999999999999915,0.0,0,False,,0.004600213675213659,0.4795407098121099,0.0332082474226804,0.012524701195219094,34.920318725099605,18.843575418994405
20160815_JB,32.933333333,27.86,79.393333333,34.206666667,77.48,28.873333333,34.38,75.44,28.48,35.146666667,74.28,28.88,35.14,73.586666667,28.94,33.986666667,77.106666667,28.56,33.56,79.113333333,27.98,33.913333333000004,78.54,27.733333333,2,2016-08-15,JB,8,0,15,Monday,True,0,1,1,1,1,1,1,1,0.0,1.2066666670000004,1.3800000000000026,2.146666666999998,2.1400000000000006,0.9866666670000015,0.5600000000000023,0.9133333330000042,0,False,,0.003675433526011551,0.3855555555555553,0.0338076923076923,0.009457541899441316,35.71666666666667,24.38860103626943
20160815_JJ,33.05,29.8,72.2,32.95,72.1,29.9,33.0,68.65,29.85,32.9,71.85,29.7,32.2,73.45,29.4,31.45,80.3,29.0,31.6,80.4,29.25,31.65,78.35,28.8,1,2016-08-15,JJ,8,0,15,Monday,True,1,0,0,0,0,0,0,0,0.04999999999999716,0.0,0.0,0.0,0.0,0.0,0.0,0.0,0,False,,0.0013484210526315801,0.2957446808510641,0.02586315789473683,0.003269473684210529,29.2,17.430232558139533
20160815_JN,32.827272727,28.504545455,82.44090909100001,34.3,78.536363636,29.386363636,35.240909091,74.31363636399999,29.622727273000002,35.7,75.35,29.813636364,35.859090909,75.7,29.854545455,33.822727273000005,81.19090909100001,28.8,32.763636364,84.454545455,27.995454545,34.136363636,81.631818182,28.118181818000004,6,2016-08-15,JN,8,0,15,Monday,True,0,1,1,1,1,1,0,1,0.0,1.2999999999999972,2.240909090999999,2.700000000000003,2.8590909090000025,0.8227272730000053,0.0,1.1363636359999987,0,False,,0.00375511221945135,0.3659313725490192,0.02406372549019605,0.008176049382716025,29.73841961852861,24.47826086956522
20160815_SU,34.0,29.1,65.5,31.8,74.0,28.9,35.1,67.9,30.2,35.9,68.3,30.4,36.4,64.1,30.5,34.8,66.3,29.4,33.6,68.3,29.3,35.5,63.1,30.5,12,2016-08-15,SU,8,0,15,Monday,True,1,0,1,1,1,1,1,1,1.0,0.0,2.1000000000000014,2.8999999999999986,3.3999999999999986,1.7999999999999972,0.6000000000000014,2.5,0,False,,0.004157725321888402,0.459115426105717,0.026134615384615374,0.02431359649122802,38.40953412784399,23.325463743676227
20160815_US,33.8,28.4,83.6,34.9,73.4,30.3,35.7,75.9,31.0,35.3,83.9,29.8,34.7,82.4,29.3,32.6,83.0,27.6,30.1,84.0,26.5,33.3,84.6,28.6,1,2016-08-15,US,8,0,15,Monday,True,1,1,1,1,1,0,0,1,0.7999999999999972,1.8999999999999986,2.700000000000003,2.299999999999997,1.7000000000000028,0.0,0.0,0.29999999999999716,0,False,,0.005213888888888873,0.4794444444444456,0.03920555555555553,0.013830555555555514,38.211699164345404,23.52136752136752
20160816_BS,30.9,28.0,80.3,36.6,75.0,29.4,37.3,63.8,31.7,35.3,66.1,31.3,34.5,72.1,31.0,34.8,72.1,30.6,32.2,71.6,29.0,32.9,70.6,28.9,106,2016-08-16,BS,8,1,16,Tuesday,False,0,1,1,1,1,1,0,0,0.0,3.6000000000000014,4.299999999999997,2.299999999999997,1.5,1.7999999999999972,0.0,0.0,0,False,,0.005314769975786898,0.39539951573850063,0.0332185567010309,0.017641237113402018,40.80331262939959,24.03333333333333
20160816_CB,34.32,28.833333333000002,61.373333333000005,34.333333333,67.006666667,28.713333333,33.713333333,72.693333333,28.66,34.526666667,68.226666667,28.98,35.22,65.306666667,29.233333333,35.113333333,66.793333333,28.966666667,34.24,69.72,28.74,33.886666667,73.106666667,28.206666666999997,46,2016-08-16,CB,8,1,16,Tuesday,False,1,1,1,1,1,1,1,1,1.3200000000000003,1.3333333329999988,0.7133333330000013,1.5266666670000006,2.219999999999999,2.113333333,1.240000000000002,0.8866666670000001,0,False,,0.004160869565217396,0.4090551181102367,0.03882283464566926,0.016024409448818867,37.77952755905512,19.33613445378151
20160816_CN,34.21875,27.99375,72.8125,33.55625,79.3625,28.025,33.50625,83.20625,28.45625,34.03125,80.93125,28.46875,34.78125,77.31875,28.625,34.85,77.70625,28.59375,33.63125,81.60625,28.33125,33.6125,83.7,28.1,86,2016-08-16,CN,8,1,16,Tuesday,False,1,1,1,1,1,1,1,1,1.21875,0.5562499999999986,0.5062500000000014,1.03125,1.78125,1.8500000000000014,0.6312500000000014,0.6124999999999972,0,False,,0.005729583333333329,0.5283333333333338,0.04436249999999997,0.015100833333333313,45.1,24.5
20160816_DG,32.8,28.3,65.0,36.0,61.9,30.7,37.0,54.8,31.9,38.1,51.1,32.4,37.7,58.5,31.8,37.8,61.0,31.4,35.4,62.6,29.4,31.8,66.8,27.7,76,2016-08-16,DG,8,1,16,Tuesday,False,0,1,1,1,1,1,1,0,0.0,3.0,4.0,5.100000000000001,4.700000000000003,4.799999999999997,2.3999999999999986,0.0,0,False,,0.0031754385964912306,0.3824561403508772,0.03774999999999995,0.009933333333333304,28.597069597069602,17.178378378378383
20160816_DJ,35.5,29.9,64.1,35.5,70.6,30.0,35.0,75.1,29.9,36.0,70.6,30.2,36.5,67.5,30.3,35.6,70.1,29.9,34.6,76.4,29.3,34.3,80.9,28.4,48,2016-08-16,DJ,8,1,16,Tuesday,False,1,1,1,1,1,1,1,1,2.5,2.5,2.0,3.0,3.5,2.6000000000000014,1.6000000000000014,1.2999999999999972,0,False,,0.004381355932203393,0.5932203389830507,0.04561016949152539,0.017131355932203354,38.02127659574468,20.55084745762712
20160816_GB,32.608333333000004,27.433333333,72.945833333,34.604166667,73.616666667,28.55,35.375,68.15,29.670833333,36.7625,66.258333333,30.075,36.404166667,69.758333333,29.754166667,35.8125,71.204166667,29.195833333000003,34.808333333,72.395833333,28.045833333,31.383333333000003,75.104166667,26.683333333,71,2016-08-16,GB,8,1,16,Tuesday,False,0,1,1,1,1,1,1,0,0.0,1.6041666670000012,2.375,3.762500000000003,3.4041666669999984,2.8125,1.8083333330000002,0.0,0,False,,0.004390600522193187,0.4363402061855676,0.036953125,0.008067968749999994,22.202597402597398,12.920454545454545
20160816_GG,34.323809524,28.861904761999998,70.19047619,33.754761905,73.071428571,28.685714286,32.514285714,81.969047619,28.69047619,34.521428571,75.328571429,29.614285714,35.078571429,77.11428571399999,29.352380951999997,35.519047619,73.264285714,29.60952381,33.988095238,73.11428571399999,28.9,33.852380952,74.192857143,29.066666667,239,2016-08-16,GG,8,1,16,Tuesday,False,1,1,0,1,1,1,1,1,1.3238095239999979,0.7547619050000023,0.0,1.5214285710000013,2.078571429,2.5190476189999984,0.9880952379999997,0.8523809519999972,0,False,,0.00513138608603289,0.5300976138828621,0.042139547710976485,0.023925852878464892,46.36173633440514,27.23779527559055
20160816_GJ,34.9,28.7,76.0,32.6,85.8,28.8,34.9,82.3,29.5,35.7,73.1,30.1,37.2,72.6,30.6,36.7,72.0,30.6,34.5,82.6,29.5,32.4,92.6,27.5,55,2016-08-16,GJ,8,1,16,Tuesday,False,1,0,1,1,1,1,1,0,1.8999999999999986,0.0,1.8999999999999986,2.700000000000003,4.200000000000003,3.700000000000003,1.5,0.0,0,False,,0.002263888888888891,0.4468749999999999,0.03258333333333331,0.015620370370370354,27.56481481481481,15.339285714285715
20160816_GN,32.659090909,27.813636364,80.277272727,35.118181818000004,76.609090909,29.05,36.55,69.904545455,30.304545455,36.345454545,70.445454545,30.295454545,36.236363636,74.136363636,30.486363636,36.322727273000005,74.631818182,29.936363636,34.277272726999996,75.113636364,28.822727273,32.990909091,77.836363636,27.831818182,91,2016-08-16,GN,8,1,16,Tuesday,False,0,1,1,1,1,1,1,0,0.0,2.1181818180000036,3.549999999999997,3.3454545450000026,3.236363636,3.3227272730000053,1.2772727269999962,0.0,0,False,,0.004010271317829433,0.3736434108527141,0.03432558139534879,0.014059727626459106,42.01937984496124,25.45814977973568
20160816_GW,32.366666667,27.044444444,75.472222222,32.255555556,76.416666667,27.833333333000002,33.011111111,80.377777778,27.766666667,34.533333333,72.188888889,29.155555556,34.311111111,73.311111111,28.6,33.727777778000004,74.577777778,28.2,32.122222222,77.633333333,27.25,31.072222221999997,74.827777778,26.472222222,48,2016-08-16,GW,8,1,16,Tuesday,False,0,0,1,1,1,1,0,0,0.0,0.0,0.011111110999998175,1.5333333330000016,1.3111111110000024,0.7277777780000037,0.0,0.0,0,False,,0.0015945833333333346,0.36958333333333343,0.03498333333333332,0.007352083333333327,31.375,22.404411764705888
20160816_IC,31.75,28.37,89.79,31.5,87.89,27.87,30.33,96.46,28.33,31.78,94.8,28.81,32.35,90.84,28.91,33.53,88.82,28.92,31.02,88.36,28.06,33.29,87.41,29.08,63,2016-08-16,IC,8,1,16,Tuesday,False,0,0,0,0,0,1,0,1,0.0,0.0,0.0,0.0,0.0,0.5300000000000011,0.0,0.28999999999999915,0,False,,0.005595780590717272,0.5479915433403804,0.03620523138832996,0.01828209255533197,45.002020202020205,22.57142857142857
20160816_JB,33.68,27.766666667,71.606666667,32.933333333,79.393333333,27.86,34.206666667,77.48,28.873333333,34.38,75.44,28.48,35.146666667,74.28,28.88,35.14,73.586666667,28.94,33.986666667,77.106666667,28.56,33.56,79.113333333,27.98,105,2016-08-16,JB,8,1,16,Tuesday,False,1,0,1,1,1,1,1,1,0.6799999999999997,0.0,1.2066666670000004,1.3800000000000026,2.146666666999998,2.1400000000000006,0.9866666670000015,0.5600000000000023,0,False,,0.003684023668639043,0.4642651296829986,0.0415581395348837,0.011996253602305449,37.298850574712645,20.795348837209307
20160816_JJ,32.55,29.55,69.45,33.05,72.2,29.8,32.95,72.1,29.9,33.0,68.65,29.85,32.9,71.85,29.7,32.2,73.45,29.4,31.45,80.3,29.0,31.6,80.4,29.25,15,2016-08-16,JJ,8,1,16,Tuesday,False,0,1,0,0,0,0,0,0,0.0,0.04999999999999716,0.0,0.0,0.0,0.0,0.0,0.0,0,False,,0.0016536842105263144,0.4155555555555556,0.04206315789473685,0.004121052631578951,37.368421052631575,16.526881720430108
20160816_JN,33.704545455,28.163636364000002,75.613636364,32.827272727,82.44090909100001,28.504545455,34.3,78.536363636,29.386363636,35.240909091,74.31363636399999,29.622727273000002,35.7,75.35,29.813636364,35.859090909,75.7,29.854545455,33.822727273000005,81.19090909100001,28.8,32.763636364,84.454545455,27.995454545,76,2016-08-16,JN,8,1,16,Tuesday,False,1,0,1,1,1,1,1,0,0.7045454550000017,0.0,1.2999999999999972,2.240909090999999,2.700000000000003,2.8590909090000025,0.8227272730000053,0.0,0,False,,0.0049021164021163756,0.5024813895781632,0.03850372208436728,0.010738154613466309,33.20779220779221,22.814655172413797
20160816_SU,34.9,29.3,64.9,34.0,65.5,29.1,31.8,74.0,28.9,35.1,67.9,30.2,35.9,68.3,30.4,36.4,64.1,30.5,34.8,66.3,29.4,33.6,68.3,29.3,193,2016-08-16,SU,8,1,16,Tuesday,False,1,1,0,1,1,1,1,1,1.8999999999999986,1.0,0.0,2.1000000000000014,2.8999999999999986,3.3999999999999986,1.7999999999999972,0.6000000000000014,0,False,,0.005027896995708095,0.5718582169709984,0.0318916576381365,0.035632158590308334,48.641425389755014,28.480475382003394
20160816_US,30.2,26.8,86.5,33.8,83.6,28.4,34.9,73.4,30.3,35.7,75.9,31.0,35.3,83.9,29.8,34.7,82.4,29.3,32.6,83.0,27.6,30.1,84.0,26.5,18,2016-08-16,US,8,1,16,Tuesday,False,0,1,1,1,1,1,0,0,0.0,0.7999999999999972,1.8999999999999986,2.700000000000003,2.299999999999997,1.7000000000000028,0.0,0.0,0,False,,0.004909604519773996,0.39689265536723295,0.029177966101694906,0.01324576271186438,27.019662921348313,12.210526315789476
20160817_BS,32.3,28.5,70.3,30.9,80.3,28.0,36.6,75.0,29.4,37.3,63.8,31.7,35.3,66.1,31.3,34.5,72.1,31.0,34.8,72.1,30.6,32.2,71.6,29.0,95,2016-08-17,BS,8,2,17,Wednesday,False,0,0,1,1,1,1,1,0,0.0,0.0,3.6000000000000014,4.299999999999997,2.299999999999997,1.5,1.7999999999999972,0.0,0,False,,0.00434418604651161,0.35046511627907107,0.03292415169660675,0.015506986027944087,30.26452905811623,14.827868852459016
20160817_CB,34.113333333,28.506666666999998,63.14,34.32,61.373333333000005,28.833333333000002,34.333333333,67.006666667,28.713333333,33.713333333,72.693333333,28.66,34.526666667,68.226666667,28.98,35.22,65.306666667,29.233333333,35.113333333,66.793333333,28.966666667,34.24,69.72,28.74,35,2016-08-17,CB,8,2,17,Wednesday,False,1,1,1,1,1,1,1,1,1.113333333,1.3200000000000003,1.3333333329999988,0.7133333330000013,1.5266666670000006,2.219999999999999,2.113333333,1.240000000000002,0,False,,0.0029012448132780103,0.4136718750000003,0.04421484374999997,0.015872222222222204,38.50570342205323,22.230434782608697
20160817_CN,33.95625,27.71875,77.6375,34.21875,72.8125,27.99375,33.55625,79.3625,28.025,33.50625,83.20625,28.45625,34.03125,80.93125,28.46875,34.78125,77.31875,28.625,34.85,77.70625,28.59375,33.63125,81.60625,28.33125,49,2016-08-17,CN,8,2,17,Wednesday,False,1,1,1,1,1,1,1,1,0.9562499999999972,1.21875,0.5562499999999986,0.5062500000000014,1.03125,1.78125,1.8500000000000014,0.6312500000000014,0,False,,0.004501731601731607,0.580086580086581,0.04157575757575754,0.016366964285714266,55.82819383259911,29.91666666666667
20160817_DG,35.2,28.2,66.5,32.8,65.0,28.3,36.0,61.9,30.7,37.0,54.8,31.9,38.1,51.1,32.4,37.7,58.5,31.8,37.8,61.0,31.4,35.4,62.6,29.4,68,2016-08-17,DG,8,2,17,Wednesday,False,1,0,1,1,1,1,1,1,2.200000000000003,0.0,3.0,4.0,5.100000000000001,4.700000000000003,4.799999999999997,2.3999999999999986,0,False,,0.0034360902255639123,0.35939849624060105,0.037689138576778976,0.012041353383458629,29.854477611940297,17.34659090909091
20160817_DJ,35.1,29.8,66.4,35.5,64.1,29.9,35.5,70.6,30.0,35.0,75.1,29.9,36.0,70.6,30.2,36.5,67.5,30.3,35.6,70.1,29.9,34.6,76.4,29.3,44,2016-08-17,DJ,8,2,17,Wednesday,False,1,1,1,1,1,1,1,1,2.1000000000000014,2.5,2.5,2.0,3.0,3.5,2.6000000000000014,1.6000000000000014,0,False,,0.00411440677966102,0.6118644067796608,0.055559322033898274,0.02062711864406776,47.98723404255318,26.440677966101696
20160817_GB,33.383333333,27.354166666999998,72.954166667,32.608333333000004,72.945833333,27.433333333,34.604166667,73.616666667,28.55,35.375,68.15,29.670833333,36.7625,66.258333333,30.075,36.404166667,69.758333333,29.754166667,35.8125,71.204166667,29.195833333000003,34.808333333,72.395833333,28.045833333,69,2016-08-17,GB,8,2,17,Wednesday,False,1,0,1,1,1,1,1,1,0.38333333300000305,0.0,1.6041666670000012,2.375,3.762500000000003,3.4041666669999984,2.8125,1.8083333330000002,0,False,,0.004006516290726791,0.3984886649874056,0.034944999999999976,0.008338499999999967,20.48110831234257,10.725806451612904
20160817_GG,34.35,28.95,71.31666666699999,34.323809524,70.19047619,28.861904761999998,33.754761905,73.071428571,28.685714286,32.514285714,81.969047619,28.69047619,34.521428571,75.328571429,29.614285714,35.078571429,77.11428571399999,29.352380951999997,35.519047619,73.264285714,29.60952381,33.988095238,73.11428571399999,28.9,185,2016-08-17,GG,8,2,17,Wednesday,False,1,1,1,0,1,1,1,1,1.3500000000000014,1.3238095239999979,0.7547619050000023,0.0,1.5214285710000013,2.078571429,2.5190476189999984,0.9880952379999997,0,False,,0.004619467101685646,0.5258488499452338,0.03468817204301085,0.02720888283378754,50.31783369803063,28.540412044374012
20160817_GJ,34.1,28.4,82.4,34.9,76.0,28.7,32.6,85.8,28.8,34.9,82.3,29.5,35.7,73.1,30.1,37.2,72.6,30.6,36.7,72.0,30.6,34.5,82.6,29.5,38,2016-08-17,GJ,8,2,17,Wednesday,False,1,1,0,1,1,1,1,1,1.1000000000000014,1.8999999999999986,0.0,1.8999999999999986,2.700000000000003,4.200000000000003,3.700000000000003,1.5,0,False,,0.002408653846153848,0.4702020202020205,0.03770192307692306,0.017312499999999974,30.172897196261683,16.957831325301207
20160817_GN,33.595454545,27.804545455,76.213636364,32.659090909,80.277272727,27.813636364,35.118181818000004,76.609090909,29.05,36.55,69.904545455,30.304545455,36.345454545,70.445454545,30.295454545,36.236363636,74.136363636,30.486363636,36.322727273000005,74.631818182,29.936363636,34.277272726999996,75.113636364,28.822727273,58,2016-08-17,GN,8,2,17,Wednesday,False,1,0,1,1,1,1,1,1,0.5954545450000026,0.0,2.1181818180000036,3.549999999999997,3.3454545450000026,3.236363636,3.3227272730000053,1.2772727269999962,0,False,,0.0040552123552123325,0.35328185328185474,0.03557142857142851,0.015144980694980662,35.64854368932039,20.810344827586206
20160817_GW,32.361111111,26.877777778000002,75.027777778,32.366666667,75.472222222,27.044444444,32.255555556,76.416666667,27.833333333000002,33.011111111,80.377777778,27.766666667,34.533333333,72.188888889,29.155555556,34.311111111,73.311111111,28.6,33.727777778000004,74.577777778,28.2,32.122222222,77.633333333,27.25,33,2016-08-17,GW,8,2,17,Wednesday,False,0,0,0,1,1,1,1,0,0.0,0.0,0.0,0.011111110999998175,1.5333333330000016,1.3111111110000024,0.7277777780000037,0.0,0,False,,0.0013799145299145314,0.3376068376068373,0.029879828326180226,0.007089316239316236,25.403433476394852,15.825757575757574
20160817_IC,32.44,28.75,87.33,31.75,89.79,28.37,31.5,87.89,27.87,30.33,96.46,28.33,31.78,94.8,28.81,32.35,90.84,28.91,33.53,88.82,28.92,31.02,88.36,28.06,44,2016-08-17,IC,8,2,17,Wednesday,False,0,0,0,0,0,0,1,0,0.0,0.0,0.0,0.0,0.0,0.0,0.5300000000000011,0.0,0,False,,0.005402822580645136,0.5452229299363059,0.03093951612903225,0.019148080808080784,50.002036659877795,25.5067385444744
20160817_JB,33.233333333000004,27.773333333000004,73.393333333,33.68,71.606666667,27.766666667,32.933333333,79.393333333,27.86,34.206666667,77.48,28.873333333,34.38,75.44,28.48,35.146666667,74.28,28.88,35.14,73.586666667,28.94,33.986666667,77.106666667,28.56,73,2016-08-17,JB,8,2,17,Wednesday,False,1,1,0,1,1,1,1,1,0.23333333300000447,0.6799999999999997,0.0,1.2066666670000004,1.3800000000000026,2.146666666999998,2.1400000000000006,0.9866666670000015,0,False,,0.00390837988826814,0.4969359331476337,0.04373870967741933,0.012775208913648995,43.94692737430167,27.009433962264147
20160817_JJ,32.45,28.6,69.0,32.55,69.45,29.55,33.05,72.2,29.8,32.95,72.1,29.9,33.0,68.65,29.85,32.9,71.85,29.7,32.2,73.45,29.4,31.45,80.3,29.0,12,2016-08-17,JJ,8,2,17,Wednesday,False,0,0,1,0,0,0,0,0,0.0,0.0,0.04999999999999716,0.0,0.0,0.0,0.0,0.0,0,False,,0.0015625000000000005,0.3902777777777776,0.03730681818181816,0.004875000000000004,31.14583333333333,12.552083333333336
20160817_JN,32.977272727,27.845454545,80.454545455,33.704545455,75.613636364,28.163636364000002,32.827272727,82.44090909100001,28.504545455,34.3,78.536363636,29.386363636,35.240909091,74.31363636399999,29.622727273000002,35.7,75.35,29.813636364,35.859090909,75.7,29.854545455,33.822727273000005,81.19090909100001,28.8,51,2016-08-17,JN,8,2,17,Wednesday,False,0,1,0,1,1,1,1,1,0.0,0.7045454550000017,0.0,1.2999999999999972,2.240909090999999,2.700000000000003,2.8590909090000025,0.8227272730000053,0,False,,0.0048935400516795634,0.4726130653266328,0.03640201005025123,0.01235778894472358,32.10079575596817,24.371681415929203
20160817_SU,34.7,29.9,60.4,34.9,64.9,29.3,34.0,65.5,29.1,31.8,74.0,28.9,35.1,67.9,30.2,35.9,68.3,30.4,36.4,64.1,30.5,34.8,66.3,29.4,226,2016-08-17,SU,8,2,17,Wednesday,False,1,1,1,0,1,1,1,1,1.7000000000000028,1.8999999999999986,1.0,0.0,2.1000000000000014,2.8999999999999986,3.3999999999999986,1.7999999999999972,0,False,,0.0042833698030634425,0.5170491803278678,0.029604099244875937,0.036184563758389215,44.66666666666666,25.733676975945016
20160817_US,31.6,27.0,83.9,30.2,86.5,26.8,33.8,83.6,28.4,34.9,73.4,30.3,35.7,75.9,31.0,35.3,83.9,29.8,34.7,82.4,29.3,32.6,83.0,27.6,20,2016-08-17,US,8,2,17,Wednesday,False,0,0,1,1,1,1,1,0,0.0,0.0,0.7999999999999972,1.8999999999999986,2.700000000000003,2.299999999999997,1.7000000000000028,0.0,0,False,,0.00573389355742295,0.3882352941176483,0.02742178770949717,0.014209631728045288,24.31284916201117,9.233333333333333
20160818_BS,32.5,28.6,71.8,32.3,70.3,28.5,30.9,80.3,28.0,36.6,75.0,29.4,37.3,63.8,31.7,35.3,66.1,31.3,34.5,72.1,31.0,34.8,72.1,30.6,77,2016-08-18,BS,8,3,18,Thursday,False,0,0,0,1,1,1,1,1,0.0,0.0,0.0,3.6000000000000014,4.299999999999997,2.299999999999997,1.5,1.7999999999999972,0,False,,0.004327906976744168,0.334651162790698,0.030505999999999974,0.012703999999999964,27.520080321285143,12.668711656441715
20160818_CB,34.826666667,28.94,64.46,34.113333333,63.14,28.506666666999998,34.32,61.373333333000005,28.833333333000002,34.333333333,67.006666667,28.713333333,33.713333333,72.693333333,28.66,34.526666667,68.226666667,28.98,35.22,65.306666667,29.233333333,35.113333333,66.793333333,28.966666667,30,2016-08-18,CB,8,3,18,Thursday,False,1,1,1,1,1,1,1,1,1.8266666669999978,1.113333333,1.3200000000000003,1.3333333329999988,0.7133333330000013,1.5266666670000006,2.219999999999999,2.113333333,0,False,,0.0018339694656488567,0.35229007633587783,0.039984732824427466,0.015540076335877841,33.513409961685824,19.486363636363638
20160818_CN,33.7625,27.95,78.8375,33.95625,77.6375,27.71875,34.21875,72.8125,27.99375,33.55625,79.3625,28.025,33.50625,83.20625,28.45625,34.03125,80.93125,28.46875,34.78125,77.31875,28.625,34.85,77.70625,28.59375,50,2016-08-18,CN,8,3,18,Thursday,False,1,1,1,1,1,1,1,1,0.7625000000000028,0.9562499999999972,1.21875,0.5562499999999986,0.5062500000000014,1.03125,1.78125,1.8500000000000014,0,False,,0.005444545454545454,0.6031818181818189,0.05233636363636365,0.019148325358851654,64.67464114832536,35.305555555555564
20160818_DG,35.0,28.8,64.4,35.2,66.5,28.2,32.8,65.0,28.3,36.0,61.9,30.7,37.0,54.8,31.9,38.1,51.1,32.4,37.7,58.5,31.8,37.8,61.0,31.4,65,2016-08-18,DG,8,3,18,Thursday,False,1,1,0,1,1,1,1,1,2.0,2.200000000000003,0.0,3.0,4.0,5.100000000000001,4.700000000000003,4.799999999999997,0,False,,0.003281021897810221,0.3368613138686131,0.035576642335766406,0.01090510948905107,26.955719557195568,15.091954022988508
20160818_DJ,34.8,29.7,70.6,35.1,66.4,29.8,35.5,64.1,29.9,35.5,70.6,30.0,35.0,75.1,29.9,36.0,70.6,30.2,36.5,67.5,30.3,35.6,70.1,29.9,40,2016-08-18,DJ,8,3,18,Thursday,False,1,1,1,1,1,1,1,1,1.7999999999999972,2.1000000000000014,2.5,2.5,2.0,3.0,3.5,2.6000000000000014,0,False,,0.002558333333333335,0.52,0.047329166666666624,0.01907499999999997,39.16309012875536,21.966666666666665
20160818_GB,33.55,27.683333333,72.19166666699999,33.383333333,72.954166667,27.354166666999998,32.608333333000004,72.945833333,27.433333333,34.604166667,73.616666667,28.55,35.375,68.15,29.670833333,36.7625,66.258333333,30.075,36.404166667,69.758333333,29.754166667,35.8125,71.204166667,29.195833333000003,83,2016-08-18,GB,8,3,18,Thursday,False,1,1,0,1,1,1,1,1,0.5499999999999972,0.38333333300000305,0.0,1.6041666670000012,2.375,3.762500000000003,3.4041666669999984,2.8125,0,False,,0.004083076923076902,0.3918635170603664,0.033319693094629135,0.008144245524296658,20.194871794871798,11.10752688172043
20160818_GG,34.469047619,29.15,69.561904762,34.35,71.31666666699999,28.95,34.323809524,70.19047619,28.861904761999998,33.754761905,73.071428571,28.685714286,32.514285714,81.969047619,28.69047619,34.521428571,75.328571429,29.614285714,35.078571429,77.11428571399999,29.352380951999997,35.519047619,73.264285714,29.60952381,181,2016-08-18,GG,8,3,18,Thursday,False,1,1,1,1,0,1,1,1,1.4690476190000012,1.3500000000000014,1.3238095239999979,0.7547619050000023,0.0,1.5214285710000013,2.078571429,2.5190476189999984,0,False,,0.0049155993431855075,0.5209633278598781,0.04167407407407408,0.030423064250411913,53.208748615725355,32.39672131147541
20160818_GJ,34.7,28.9,79.3,34.1,82.4,28.4,34.9,76.0,28.7,32.6,85.8,28.8,34.9,82.3,29.5,35.7,73.1,30.1,37.2,72.6,30.6,36.7,72.0,30.6,39,2016-08-18,GJ,8,3,18,Thursday,False,1,1,1,0,1,1,1,1,1.7000000000000028,1.1000000000000014,1.8999999999999986,0.0,1.8999999999999986,2.700000000000003,4.200000000000003,3.700000000000003,0,False,,0.003345971563981045,0.4985781990521328,0.04548815165876777,0.01773459715639808,27.502347417840376,17.047619047619047
20160818_GN,33.822727273000005,28.218181818,73.863636364,33.595454545,76.213636364,27.804545455,32.659090909,80.277272727,27.813636364,35.118181818000004,76.609090909,29.05,36.55,69.904545455,30.304545455,36.345454545,70.445454545,30.295454545,36.236363636,74.136363636,30.486363636,36.322727273000005,74.631818182,29.936363636,60,2016-08-18,GN,8,3,18,Thursday,False,1,1,0,1,1,1,1,1,0.8227272730000053,0.5954545450000026,0.0,2.1181818180000036,3.549999999999997,3.3454545450000026,3.236363636,3.3227272730000053,0,False,,0.00445774378585084,0.32543021032504976,0.03596711798839453,0.01351204588910132,33.78816793893129,18.794642857142858
20160818_GW,32.55,26.95,77.266666667,32.361111111,75.027777778,26.877777778000002,32.366666667,75.472222222,27.044444444,32.255555556,76.416666667,27.833333333000002,33.011111111,80.377777778,27.766666667,34.533333333,72.188888889,29.155555556,34.311111111,73.311111111,28.6,33.727777778000004,74.577777778,28.2,41,2016-08-18,GW,8,3,18,Thursday,False,0,0,0,0,1,1,1,1,0.0,0.0,0.0,0.0,0.011111110999998175,1.5333333330000016,1.3111111110000024,0.7277777780000037,0,False,,0.001585775862068967,0.3823275862068968,0.030198275862068944,0.00876238938053097,30.119148936170212,19.070422535211264
20160818_IC,32.77,28.74,83.81,32.44,87.33,28.75,31.75,89.79,28.37,31.5,87.89,27.87,30.33,96.46,28.33,31.78,94.8,28.81,32.35,90.84,28.91,33.53,88.82,28.92,39,2016-08-18,IC,8,3,18,Thursday,False,0,0,0,0,0,0,0,1,0.0,0.0,0.0,0.0,0.0,0.0,0.0,0.5300000000000011,0,False,,0.007297570850202401,0.5412863070539425,0.038782961460446234,0.023702222222222208,50.523809523809526,28.453296703296704
20160818_JB,34.106666667,27.966666667,76.593333333,33.233333333000004,73.393333333,27.773333333000004,33.68,71.606666667,27.766666667,32.933333333,79.393333333,27.86,34.206666667,77.48,28.873333333,34.38,75.44,28.48,35.146666667,74.28,28.88,35.14,73.586666667,28.94,90,2016-08-18,JB,8,3,18,Thursday,False,1,1,1,0,1,1,1,1,1.106666666999999,0.23333333300000447,0.6799999999999997,0.0,1.2066666670000004,1.3800000000000026,2.146666666999998,2.1400000000000006,0,False,,0.0035575070821529608,0.4612994350282508,0.044710097719869696,0.013330790960451954,42.81120943952802,28.934010152284266
20160818_JJ,31.95,29.3,76.6,32.45,69.0,28.6,32.55,69.45,29.55,33.05,72.2,29.8,32.95,72.1,29.9,33.0,68.65,29.85,32.9,71.85,29.7,32.2,73.45,29.4,12,2016-08-18,JJ,8,3,18,Thursday,False,0,0,0,1,0,0,0,0,0.0,0.0,0.0,0.04999999999999716,0.0,0.0,0.0,0.0,0,False,,0.0015936170212765995,0.34939759036144563,0.032968085106382966,0.003773404255319153,28.630434782608692,12.364583333333336
20160818_JN,33.890909091,28.495454545,77.01363636399999,32.977272727,80.454545455,27.845454545,33.704545455,75.613636364,28.163636364000002,32.827272727,82.44090909100001,28.504545455,34.3,78.536363636,29.386363636,35.240909091,74.31363636399999,29.622727273000002,35.7,75.35,29.813636364,35.859090909,75.7,29.854545455,70,2016-08-18,JN,8,3,18,Thursday,False,1,0,1,0,1,1,1,1,0.8909090909999975,0.0,0.7045454550000017,0.0,1.2999999999999972,2.240909090999999,2.700000000000003,2.8590909090000025,0,False,,0.004991708542713546,0.4648241206030153,0.03366161616161615,0.012305012531328293,30.0,21.631067961165048
20160818_SU,34.3,29.9,61.9,34.7,60.4,29.9,34.9,64.9,29.3,34.0,65.5,29.1,31.8,74.0,28.9,35.1,67.9,30.2,35.9,68.3,30.4,36.4,64.1,30.5,219,2016-08-18,SU,8,3,18,Thursday,False,1,1,1,1,0,1,1,1,1.2999999999999972,1.7000000000000028,1.8999999999999986,1.0,0.0,2.1000000000000014,2.8999999999999986,3.3999999999999986,0,False,,0.0049390642002175855,0.5763736263736259,0.035471164309031585,0.04400560538116593,56.40198237885464,33.7649063032368
20160818_US,30.8,27.1,83.6,31.6,83.9,27.0,30.2,86.5,26.8,33.8,83.6,28.4,34.9,73.4,30.3,35.7,75.9,31.0,35.3,83.9,29.8,34.7,82.4,29.3,10,2016-08-18,US,8,3,18,Thursday,False,0,0,0,1,1,1,1,1,0.0,0.0,0.0,0.7999999999999972,1.8999999999999986,2.700000000000003,2.299999999999997,1.7000000000000028,0,False,,0.00555617977528087,0.35337078651685344,0.025008426966292137,0.012935211267605598,23.99439775910364,8.149122807017545
20160819_BS,32.7,28.6,71.1,32.5,71.8,28.6,32.3,70.3,28.5,30.9,80.3,28.0,36.6,75.0,29.4,37.3,63.8,31.7,35.3,66.1,31.3,34.5,72.1,31.0,77,2016-08-19,BS,8,4,19,Friday,False,0,0,0,0,1,1,1,1,0.0,0.0,0.0,0.0,3.6000000000000014,4.299999999999997,2.299999999999997,1.5,0,False,,0.005018604651162771,0.33799533799533865,0.02955976095617525,0.014195219123505938,30.885080645161292,13.413654618473895
20160819_CB,35.293333333,29.186666666999997,61.733333333000004,34.826666667,64.46,28.94,34.113333333,63.14,28.506666666999998,34.32,61.373333333000005,28.833333333000002,34.333333333,67.006666667,28.713333333,33.713333333,72.693333333,28.66,34.526666667,68.226666667,28.98,35.22,65.306666667,29.233333333,36,2016-08-19,CB,8,4,19,Friday,False,1,1,1,1,1,1,1,1,2.2933333329999996,1.8266666669999978,1.113333333,1.3200000000000003,1.3333333329999988,0.7133333330000013,1.5266666670000006,2.219999999999999,0,False,,0.002305303030303032,0.3462121212121213,0.037799242424242416,0.015949242424242397,32.053231939163496,16.9125
20160819_CN,33.86875,28.40625,79.0,33.7625,78.8375,27.95,33.95625,77.6375,27.71875,34.21875,72.8125,27.99375,33.55625,79.3625,28.025,33.50625,83.20625,28.45625,34.03125,80.93125,28.46875,34.78125,77.31875,28.625,45,2016-08-19,CN,8,4,19,Friday,False,1,1,1,1,1,1,1,1,0.8687499999999986,0.7625000000000028,0.9562499999999972,1.21875,0.5562499999999986,0.5062500000000014,1.03125,1.78125,0,False,,0.005916740088105721,0.6162995594713664,0.05304845814977973,0.01712026431718059,65.77973568281938,43.04166666666666
20160819_DG,34.6,28.6,63.5,35.0,64.4,28.8,35.2,66.5,28.2,32.8,65.0,28.3,36.0,61.9,30.7,37.0,54.8,31.9,38.1,51.1,32.4,37.7,58.5,31.8,51,2016-08-19,DG,8,4,19,Friday,False,1,1,1,0,1,1,1,1,1.6000000000000014,2.0,2.200000000000003,0.0,3.0,4.0,5.100000000000001,4.700000000000003,0,False,,0.0033684210526315817,0.3326315789473682,0.03631929824561402,0.0109614035087719,26.581560283687946,14.471204188481677
20160819_DJ,37.3,30.3,66.5,34.8,70.6,29.7,35.1,66.4,29.8,35.5,64.1,29.9,35.5,70.6,30.0,35.0,75.1,29.9,36.0,70.6,30.2,36.5,67.5,30.3,42,2016-08-19,DJ,8,4,19,Friday,False,1,1,1,1,1,1,1,1,4.299999999999997,1.7999999999999972,2.1000000000000014,2.5,2.5,2.0,3.0,3.5,0,False,,0.002595833333333335,0.495,0.04507916666666666,0.018187499999999975,30.584745762711865,13.915966386554622
20160819_GB,33.75,27.783333333,69.12083333300001,33.55,72.19166666699999,27.683333333,33.383333333,72.954166667,27.354166666999998,32.608333333000004,72.945833333,27.433333333,34.604166667,73.616666667,28.55,35.375,68.15,29.670833333,36.7625,66.258333333,30.075,36.404166667,69.758333333,29.754166667,64,2016-08-19,GB,8,4,19,Friday,False,1,1,1,0,1,1,1,1,0.75,0.5499999999999972,0.38333333300000305,0.0,1.6041666670000012,2.375,3.762500000000003,3.4041666669999984,0,False,,0.0043648854961831785,0.3736979166666661,0.03303816793893133,0.007782442748091583,19.50383631713555,9.973544973544973
20160819_GG,33.404761905,29.05952381,73.992857143,34.469047619,69.561904762,29.15,34.35,71.31666666699999,28.95,34.323809524,70.19047619,28.861904761999998,33.754761905,73.071428571,28.685714286,32.514285714,81.969047619,28.69047619,34.521428571,75.328571429,29.614285714,35.078571429,77.11428571399999,29.352380951999997,163,2016-08-19,GG,8,4,19,Friday,False,1,1,1,1,1,0,1,1,0.40476190500000087,1.4690476190000012,1.3500000000000014,1.3238095239999979,0.7547619050000023,0.0,1.5214285710000013,2.078571429,0,False,,0.005258511777301868,0.5743534482758619,0.0460618040089089,0.03196893776824036,64.97553017944536,42.17184942716858
20160819_GJ,34.8,29.6,73.4,34.7,79.3,28.9,34.1,82.4,28.4,34.9,76.0,28.7,32.6,85.8,28.8,34.9,82.3,29.5,35.7,73.1,30.1,37.2,72.6,30.6,30,2016-08-19,GJ,8,4,19,Friday,False,1,1,1,1,0,1,1,1,1.7999999999999972,1.7000000000000028,1.1000000000000014,1.8999999999999986,0.0,1.8999999999999986,2.700000000000003,4.200000000000003,0,False,,0.002800000000000002,0.4185714285714282,0.04157142857142853,0.018371428571428542,26.822429906542048,16.283132530120486
20160819_GN,34.359090909,28.25,71.695454545,33.822727273000005,73.863636364,28.218181818,33.595454545,76.213636364,27.804545455,32.659090909,80.277272727,27.813636364,35.118181818000004,76.609090909,29.05,36.55,69.904545455,30.304545455,36.345454545,70.445454545,30.295454545,36.236363636,74.136363636,30.486363636,64,2016-08-19,GN,8,4,19,Friday,False,1,1,1,0,1,1,1,1,1.3590909090000025,0.8227272730000053,0.5954545450000026,0.0,2.1181818180000036,3.549999999999997,3.3454545450000026,3.236363636,0,False,,0.004922562141491371,0.3131274131274149,0.035136452241715375,0.014593690248565931,32.77376425855513,15.769874476987448
20160819_GW,32.183333333,27.188888889,76.7,32.55,77.266666667,26.95,32.361111111,75.027777778,26.877777778000002,32.366666667,75.472222222,27.044444444,32.255555556,76.416666667,27.833333333000002,33.011111111,80.377777778,27.766666667,34.533333333,72.188888889,29.155555556,34.311111111,73.311111111,28.6,32,2016-08-19,GW,8,4,19,Friday,False,0,0,0,0,0,1,1,1,0.0,0.0,0.0,0.0,0.0,0.011111110999998175,1.5333333330000016,1.3111111110000024,0,False,,0.0015950000000000011,0.4008333333333333,0.028987499999999982,0.008725833333333323,31.72083333333333,19.521428571428565
20160819_IC,31.87,29.06,87.1,32.77,83.81,28.74,32.44,87.33,28.75,31.75,89.79,28.37,31.5,87.89,27.87,30.33,96.46,28.33,31.78,94.8,28.81,32.35,90.84,28.91,38,2016-08-19,IC,8,4,19,Friday,False,0,0,0,0,0,0,0,0,0.0,0.0,0.0,0.0,0.0,0.0,0.0,0.0,0,False,,0.00756700819672128,0.5699999999999997,0.046793991416308994,0.025749795918367333,62.99591836734694,41.91525423728814
20160819_JB,34.693333333000005,28.08,71.813333333,34.106666667,76.593333333,27.966666667,33.233333333000004,73.393333333,27.773333333000004,33.68,71.606666667,27.766666667,32.933333333,79.393333333,27.86,34.206666667,77.48,28.873333333,34.38,75.44,28.48,35.146666667,74.28,28.88,68,2016-08-19,JB,8,4,19,Friday,False,1,1,1,1,0,1,1,1,1.6933333330000053,1.106666666999999,0.23333333300000447,0.6799999999999997,0.0,1.2066666670000004,1.3800000000000026,2.146666666999998,0,False,,0.003436797752808977,0.44173669467787297,0.04378640776699026,0.013387114845938351,38.16763005780347,24.6
20160819_JJ,31.6,28.75,81.15,31.95,76.6,29.3,32.45,69.0,28.6,32.55,69.45,29.55,33.05,72.2,29.8,32.95,72.1,29.9,33.0,68.65,29.85,32.9,71.85,29.7,23,2016-08-19,JJ,8,4,19,Friday,False,0,0,0,0,1,0,0,0,0.0,0.0,0.0,0.0,0.04999999999999716,0.0,0.0,0.0,0,False,,0.0017250000000000039,0.3378947368421051,0.02763541666666664,0.005728125000000003,27.6,13.277777777777779
20160819_JN,33.836363636,28.7,74.790909091,33.890909091,77.01363636399999,28.495454545,32.977272727,80.454545455,27.845454545,33.704545455,75.613636364,28.163636364000002,32.827272727,82.44090909100001,28.504545455,34.3,78.536363636,29.386363636,35.240909091,74.31363636399999,29.622727273000002,35.7,75.35,29.813636364,59,2016-08-19,JN,8,4,19,Friday,False,1,1,0,1,0,1,1,1,0.8363636360000015,0.8909090909999975,0.0,0.7045454550000017,0.0,1.2999999999999972,2.240909090999999,2.700000000000003,0,False,,0.005310621761658005,0.4221354166666666,0.03276227390180878,0.012314470284237688,28.300791556728228,19.22748815165877
20160819_SU,33.2,28.9,69.5,34.3,61.9,29.9,34.7,60.4,29.9,34.9,64.9,29.3,34.0,65.5,29.1,31.8,74.0,28.9,35.1,67.9,30.2,35.9,68.3,30.4,221,2016-08-19,SU,8,4,19,Friday,False,1,1,1,1,1,0,1,1,0.20000000000000284,1.2999999999999972,1.7000000000000028,1.8999999999999986,1.0,0.0,2.1000000000000014,2.8999999999999986,0,False,,0.004717514124293748,0.6319907940161119,0.03312655367231632,0.048106382978723335,65.1638418079096,42.522968197879855
20160819_US,31.3,27.1,82.8,30.8,83.6,27.1,31.6,83.9,27.0,30.2,86.5,26.8,33.8,83.6,28.4,34.9,73.4,30.3,35.7,75.9,31.0,35.3,83.9,29.8,12,2016-08-19,US,8,4,19,Friday,False,0,0,0,0,1,1,1,1,0.0,0.0,0.0,0.0,0.7999999999999972,1.8999999999999986,2.700000000000003,2.299999999999997,0,False,,0.005802259887005622,0.3336158192090391,0.02263841807909602,0.013511560693641598,24.966101694915253,8.925925925925926
20160820_BS,31.7,28.6,68.0,32.7,71.1,28.6,32.5,71.8,28.6,32.3,70.3,28.5,30.9,80.3,28.0,36.6,75.0,29.4,37.3,63.8,31.7,35.3,66.1,31.3,16,2016-08-20,BS,8,5,20,Saturday,False,0,0,0,0,0,1,1,1,0.0,0.0,0.0,0.0,0.0,3.6000000000000014,4.299999999999997,2.299999999999997,0,True,,0.004780092592592573,0.3231481481481481,0.03271428571428568,0.012446428571428534,28.734126984126984,12.284294234592444
20160820_CB,36.04,29.62,53.053333333000005,35.293333333,61.733333333000004,29.186666666999997,34.826666667,64.46,28.94,34.113333333,63.14,28.506666666999998,34.32,61.373333333000005,28.833333333000002,34.333333333,67.006666667,28.713333333,33.713333333,72.693333333,28.66,34.526666667,68.226666667,28.98,17,2016-08-20,CB,8,5,20,Saturday,False,1,1,1,1,1,1,1,1,3.039999999999999,2.2933333329999996,1.8266666669999978,1.113333333,1.3200000000000003,1.3333333329999988,0.7133333330000013,1.5266666670000006,0,True,,0.0018492424242424253,0.2526717557251914,0.030886363636363608,0.0120708333333333,21.5,9.9375
20160820_CN,35.2625,28.8375,75.975,33.86875,79.0,28.40625,33.7625,78.8375,27.95,33.95625,77.6375,27.71875,34.21875,72.8125,27.99375,33.55625,79.3625,28.025,33.50625,83.20625,28.45625,34.03125,80.93125,28.46875,13,2016-08-20,CN,8,5,20,Saturday,False,1,1,1,1,1,1,1,1,2.262500000000003,0.8687499999999986,0.7625000000000028,0.9562499999999972,1.21875,0.5562499999999986,0.5062500000000014,1.03125,0,True,,0.004551250000000002,0.5591666666666669,0.05824583333333332,0.01544708333333331,63.63713080168775,38.09722222222222
20160820_DG,33.6,28.1,62.5,34.6,63.5,28.6,35.0,64.4,28.8,35.2,66.5,28.2,32.8,65.0,28.3,36.0,61.9,30.7,37.0,54.8,31.9,38.1,51.1,32.4,16,2016-08-20,DG,8,5,20,Saturday,False,1,1,1,1,0,1,1,1,0.6000000000000014,1.6000000000000014,2.0,2.200000000000003,0.0,3.0,4.0,5.100000000000001,0,True,,0.0029583333333333354,0.2888888888888896,0.0302569444444444,0.009347222222222205,22.957446808510642,11.047120418848168
20160820_DJ,37.6,31.2,56.4,37.3,66.5,30.3,34.8,70.6,29.7,35.1,66.4,29.8,35.5,64.1,29.9,35.5,70.6,30.0,35.0,75.1,29.9,36.0,70.6,30.2,9,2016-08-20,DJ,8,5,20,Saturday,False,1,1,1,1,1,1,1,1,4.600000000000001,4.299999999999997,1.7999999999999972,2.1000000000000014,2.5,2.5,2.0,3.0,0,True,,0.002783333333333335,0.46125,0.036908333333333335,0.016387499999999968,28.22083333333333,11.434782608695652
20160820_GB,33.45,27.366666666999997,67.9625,33.75,69.12083333300001,27.783333333,33.55,72.19166666699999,27.683333333,33.383333333,72.954166667,27.354166666999998,32.608333333000004,72.945833333,27.433333333,34.604166667,73.616666667,28.55,35.375,68.15,29.670833333,36.7625,66.258333333,30.075,22,2016-08-20,GB,8,5,20,Saturday,False,1,1,1,1,0,1,1,1,0.45000000000000284,0.75,0.5499999999999972,0.38333333300000305,0.0,1.6041666670000012,2.375,3.762500000000003,0,True,,0.004086206896551702,0.34875621890547176,0.031492647058823535,0.006884313725490179,17.409876543209876,6.978609625668449
20160820_GG,34.869047619,29.861904761999998,65.70952381,33.404761905,73.992857143,29.05952381,34.469047619,69.561904762,29.15,34.35,71.31666666699999,28.95,34.323809524,70.19047619,28.861904761999998,33.754761905,73.071428571,28.685714286,32.514285714,81.969047619,28.69047619,34.521428571,75.328571429,29.614285714,52,2016-08-20,GG,8,5,20,Saturday,False,1,1,1,1,1,1,0,1,1.8690476189999998,0.40476190500000087,1.4690476190000012,1.3500000000000014,1.3238095239999979,0.7547619050000023,0.0,1.5214285710000013,0,True,,0.0037699039487726366,0.4820054200541949,0.04119422863485034,0.02523792918454949,43.04025764895329,26.052805280528048
20160820_GJ,35.9,29.9,76.3,34.8,73.4,29.6,34.7,79.3,28.9,34.1,82.4,28.4,34.9,76.0,28.7,32.6,85.8,28.8,34.9,82.3,29.5,35.7,73.1,30.1,13,2016-08-20,GJ,8,5,20,Saturday,False,1,1,1,1,1,0,1,1,2.8999999999999986,1.7999999999999972,1.7000000000000028,1.1000000000000014,1.8999999999999986,0.0,1.8999999999999986,2.700000000000003,0,True,,0.003231481481481484,0.4333333333333329,0.04994444444444443,0.01647685185185182,32.12037037037037,20.43452380952381
20160820_GN,34.122727273,28.359090909000003,68.18636363600001,34.359090909,71.695454545,28.25,33.822727273000005,73.863636364,28.218181818,33.595454545,76.213636364,27.804545455,32.659090909,80.277272727,27.813636364,35.118181818000004,76.609090909,29.05,36.55,69.904545455,30.304545455,36.345454545,70.445454545,30.295454545,19,2016-08-20,GN,8,5,20,Saturday,False,1,1,1,1,0,1,1,1,1.1227272730000024,1.3590909090000025,0.8227272730000053,0.5954545450000026,0.0,2.1181818180000036,3.549999999999997,3.3454545450000026,0,True,,0.003795454545454521,0.3021317829457377,0.03542424242424237,0.011046022727272706,29.398481973434528,13.776371308016875
20160820_GW,33.233333333000004,27.755555555999997,71.116666667,32.183333333,76.7,27.188888889,32.55,77.266666667,26.95,32.361111111,75.027777778,26.877777778000002,32.366666667,75.472222222,27.044444444,32.255555556,76.416666667,27.833333333000002,33.011111111,80.377777778,27.766666667,34.533333333,72.188888889,29.155555556,6,2016-08-20,GW,8,5,20,Saturday,False,1,0,0,0,0,0,1,1,0.23333333300000447,0.0,0.0,0.0,0.0,0.0,0.011111110999998175,1.5333333330000016,0,True,,0.0015245833333333348,0.34875000000000017,0.029108333333333312,0.006977499999999993,23.754166666666666,14.318181818181818
20160820_IC,33.91,29.32,84.61,31.87,87.1,29.06,32.77,83.81,28.74,32.44,87.33,28.75,31.75,89.79,28.37,31.5,87.89,27.87,30.33,96.46,28.33,31.78,94.8,28.81,12,2016-08-20,IC,8,5,20,Saturday,False,1,0,0,0,0,0,0,0,0.9099999999999966,0.0,0.0,0.0,0.0,0.0,0.0,0.0,0,True,,0.005009145129224625,0.5268750000000009,0.04634864300626306,0.022978528827037763,53.810101010101,33.7814371257485
20160820_JB,35.32,28.413333333,71.966666667,34.693333333000005,71.813333333,28.08,34.106666667,76.593333333,27.966666667,33.233333333000004,73.393333333,27.773333333000004,33.68,71.606666667,27.766666667,32.933333333,79.393333333,27.86,34.206666667,77.48,28.873333333,34.38,75.44,28.48,23,2016-08-20,JB,8,5,20,Saturday,False,1,1,1,1,1,0,1,1,2.3200000000000003,1.6933333330000053,1.106666666999999,0.23333333300000447,0.6799999999999997,0.0,1.2066666670000004,1.3800000000000026,0,True,,0.0036074999999999814,0.4488888888888904,0.04671794871794872,0.012315277777777744,43.10555555555555,27.717391304347824
20160820_JJ,32.05,28.65,76.25,31.6,81.15,28.75,31.95,76.6,29.3,32.45,69.0,28.6,32.55,69.45,29.55,33.05,72.2,29.8,32.95,72.1,29.9,33.0,68.65,29.85,2,2016-08-20,JJ,8,5,20,Saturday,False,0,0,0,0,0,1,0,0,0.0,0.0,0.0,0.0,0.0,0.04999999999999716,0.0,0.0,0,True,,0.0013406250000000015,0.3315789473684209,0.028156249999999987,0.00446354166666667,28.703296703296704,14.744444444444444
20160820_JN,34.081818182,28.663636364000002,76.068181818,33.836363636,74.790909091,28.7,33.890909091,77.01363636399999,28.495454545,32.977272727,80.454545455,27.845454545,33.704545455,75.613636364,28.163636364000002,32.827272727,82.44090909100001,28.504545455,34.3,78.536363636,29.386363636,35.240909091,74.31363636399999,29.622727273000002,17,2016-08-20,JN,8,5,20,Saturday,False,1,1,1,0,1,0,1,1,1.0818181819999992,0.8363636360000015,0.8909090909999975,0.0,0.7045454550000017,0.0,1.2999999999999972,2.240909090999999,0,True,,0.004798774509803897,0.4272058823529412,0.0343504901960784,0.011142156862745077,28.862944162436552,19.686192468619247
20160820_SU,34.9,30.1,59.0,33.2,69.5,28.9,34.3,61.9,29.9,34.7,60.4,29.9,34.9,64.9,29.3,34.0,65.5,29.1,31.8,74.0,28.9,35.1,67.9,30.2,47,2016-08-20,SU,8,5,20,Saturday,False,1,1,1,1,1,1,0,1,1.8999999999999986,0.20000000000000284,1.2999999999999972,1.7000000000000028,1.8999999999999986,1.0,0.0,2.1000000000000014,0,True,,0.004207692307692286,0.4714445688689806,0.03140594059405937,0.03356303418803412,36.450431034482754,21.674657534246574
20160820_US,30.6,27.2,78.6,31.3,82.8,27.1,30.8,83.6,27.1,31.6,83.9,27.0,30.2,86.5,26.8,33.8,83.6,28.4,34.9,73.4,30.3,35.7,75.9,31.0,3,2016-08-20,US,8,5,20,Saturday,False,0,0,0,0,0,1,1,1,0.0,0.0,0.0,0.0,0.0,0.7999999999999972,1.8999999999999986,2.700000000000003,0,True,,0.004933333333333325,0.31472222222222224,0.027027777777777724,0.010675595238095208,22.008426966292134,8.080357142857142
20160821_BS,33.3,29.1,68.4,31.7,68.0,28.6,32.7,71.1,28.6,32.5,71.8,28.6,32.3,70.3,28.5,30.9,80.3,28.0,36.6,75.0,29.4,37.3,63.8,31.7,1,2016-08-21,BS,8,6,21,Sunday,False,1,0,0,0,0,0,1,1,0.29999999999999716,0.0,0.0,0.0,0.0,0.0,3.6000000000000014,4.299999999999997,0,True,,0.004129629629629613,0.3136574074074073,0.0317440476190476,0.010069444444444409,26.656746031746028,10.803180914512923
20160821_CB,34.446666666999995,28.286666667,54.26,36.04,53.053333333000005,29.62,35.293333333,61.733333333000004,29.186666666999997,34.826666667,64.46,28.94,34.113333333,63.14,28.506666666999998,34.32,61.373333333000005,28.833333333000002,34.333333333,67.006666667,28.713333333,33.713333333,72.693333333,28.66,1,2016-08-21,CB,8,6,21,Sunday,False,1,1,1,1,1,1,1,1,1.4466666669999952,3.039999999999999,2.2933333329999996,1.8266666669999978,1.113333333,1.3200000000000003,1.3333333329999988,0.7133333330000013,0,True,,0.0016844696969696982,0.24560000000000035,0.0332992424242424,0.011437878787878764,16.310606060606062,5.1375
20160821_CN,33.8625,28.06875,69.56875,35.2625,75.975,28.8375,33.86875,79.0,28.40625,33.7625,78.8375,27.95,33.95625,77.6375,27.71875,34.21875,72.8125,27.99375,33.55625,79.3625,28.025,33.50625,83.20625,28.45625,2,2016-08-21,CN,8,6,21,Sunday,False,1,1,1,1,1,1,1,1,0.8624999999999972,2.262500000000003,0.8687499999999986,0.7625000000000028,0.9562499999999972,1.21875,0.5562499999999986,0.5062500000000014,0,True,,0.004291666666666668,0.4762500000000006,0.05260833333333327,0.01251499999999998,42.361702127659576,26.36111111111111
20160821_DG,33.9,28.4,60.8,33.6,62.5,28.1,34.6,63.5,28.6,35.0,64.4,28.8,35.2,66.5,28.2,32.8,65.0,28.3,36.0,61.9,30.7,37.0,54.8,31.9,0,2016-08-21,DG,8,6,21,Sunday,False,1,1,1,1,1,0,1,1,0.8999999999999986,0.6000000000000014,1.6000000000000014,2.0,2.200000000000003,0.0,3.0,4.0,0,True,,0.002444444444444446,0.2534722222222225,0.031697916666666666,0.007635416666666634,17.256410256410255,8.772486772486772
20160821_DJ,34.9,29.7,56.6,37.6,56.4,31.2,37.3,66.5,30.3,34.8,70.6,29.7,35.1,66.4,29.8,35.5,64.1,29.9,35.5,70.6,30.0,35.0,75.1,29.9,2,2016-08-21,DJ,8,6,21,Sunday,False,1,1,1,1,1,1,1,1,1.8999999999999986,4.600000000000001,4.299999999999997,1.7999999999999972,2.1000000000000014,2.5,2.5,2.0,0,True,,0.001854166666666668,0.3887499999999997,0.044970833333333314,0.012741666666666642,16.275,5.666666666666668
20160821_GB,33.366666667,27.275,68.845833333,33.45,67.9625,27.366666666999997,33.75,69.12083333300001,27.783333333,33.55,72.19166666699999,27.683333333,33.383333333,72.954166667,27.354166666999998,32.608333333000004,72.945833333,27.433333333,34.604166667,73.616666667,28.55,35.375,68.15,29.670833333,3,2016-08-21,GB,8,6,21,Sunday,False,1,1,1,1,1,0,1,1,0.36666666699999695,0.45000000000000284,0.75,0.5499999999999972,0.38333333300000305,0.0,1.6041666670000012,2.375,0,True,,0.004467156862745072,0.35802469135802384,0.0333799019607843,0.006418137254901945,16.170370370370367,6.955801104972376
20160821_GG,35.702380952,29.85,61.61904761899999,34.869047619,65.70952381,29.861904761999998,33.404761905,73.992857143,29.05952381,34.469047619,69.561904762,29.15,34.35,71.31666666699999,28.95,34.323809524,70.19047619,28.861904761999998,33.754761905,73.071428571,28.685714286,32.514285714,81.969047619,28.69047619,5,2016-08-21,GG,8,6,21,Sunday,False,1,1,1,1,1,1,1,0,2.7023809519999986,1.8690476189999998,0.40476190500000087,1.4690476190000012,1.3500000000000014,1.3238095239999979,0.7547619050000023,0.0,0,True,,0.003916079059829023,0.42787152966793257,0.04009500000000015,0.01905353697749199,31.118181818181814,18.38860971524288
20160821_GJ,35.9,29.9,73.0,35.9,76.3,29.9,34.8,73.4,29.6,34.7,79.3,28.9,34.1,82.4,28.4,34.9,76.0,28.7,32.6,85.8,28.8,34.9,82.3,29.5,0,2016-08-21,GJ,8,6,21,Sunday,False,1,1,1,1,1,1,0,1,2.8999999999999986,2.8999999999999986,1.7999999999999972,1.7000000000000028,1.1000000000000014,1.8999999999999986,0.0,1.8999999999999986,0,True,,0.0023472222222222236,0.4101851851851844,0.0467453703703704,0.01398148148148147,31.152777777777782,20.821428571428573
20160821_GN,34.159090909,28.363636364,68.1,34.122727273,68.18636363600001,28.359090909000003,34.359090909,71.695454545,28.25,33.822727273000005,73.863636364,28.218181818,33.595454545,76.213636364,27.804545455,32.659090909,80.277272727,27.813636364,35.118181818000004,76.609090909,29.05,36.55,69.904545455,30.304545455,6,2016-08-21,GN,8,6,21,Sunday,False,1,1,1,1,1,0,1,1,1.1590909089999997,1.1227272730000024,1.3590909090000025,0.8227272730000053,0.5954545450000026,0.0,2.1181818180000036,3.549999999999997,0,True,,0.0031901515151515005,0.2986742424242432,0.032914772727272744,0.00764166666666663,24.65654648956357,11.030434782608696
20160821_GW,32.333333333,26.538888889000003,73.4,33.233333333000004,71.116666667,27.755555555999997,32.183333333,76.7,27.188888889,32.55,77.266666667,26.95,32.361111111,75.027777778,26.877777778000002,32.366666667,75.472222222,27.044444444,32.255555556,76.416666667,27.833333333000002,33.011111111,80.377777778,27.766666667,0,2016-08-21,GW,8,6,21,Sunday,False,0,1,0,0,0,0,0,1,0.0,0.23333333300000447,0.0,0.0,0.0,0.0,0.0,0.011111110999998175,0,True,,0.0014633333333333347,0.3104166666666667,0.02751249999999997,0.005654166666666663,18.067510548523206,10.692913385826774
20160821_IC,33.88,29.62,75.64,33.91,84.61,29.32,31.87,87.1,29.06,32.77,83.81,28.74,32.44,87.33,28.75,31.75,89.79,28.37,31.5,87.89,27.87,30.33,96.46,28.33,0,2016-08-21,IC,8,6,21,Sunday,False,1,1,0,0,0,0,0,0,0.8800000000000026,0.9099999999999966,0.0,0.0,0.0,0.0,0.0,0.0,0,True,,0.005001190476190446,0.4291404612159341,0.041343749999999936,0.01506249999999996,35.78243512974053,18.725
20160821_JB,34.74,28.246666667,66.56666666699999,35.32,71.966666667,28.413333333,34.693333333000005,71.813333333,28.08,34.106666667,76.593333333,27.966666667,33.233333333000004,73.393333333,27.773333333000004,33.68,71.606666667,27.766666667,32.933333333,79.393333333,27.86,34.206666667,77.48,28.873333333,2,2016-08-21,JB,8,6,21,Sunday,False,1,1,1,1,1,1,0,1,1.740000000000002,2.3200000000000003,1.6933333330000053,1.106666666999999,0.23333333300000447,0.6799999999999997,0.0,1.2066666670000004,0,True,,0.003622005571030624,0.3969444444444436,0.04501282051282048,0.009806944444444413,37.140449438202246,23.768867924528305
20160821_JJ,31.9,28.8,72.1,32.05,76.25,28.65,31.6,81.15,28.75,31.95,76.6,29.3,32.45,69.0,28.6,32.55,69.45,29.55,33.05,72.2,29.8,32.95,72.1,29.9,1,2016-08-21,JJ,8,6,21,Sunday,False,0,0,0,0,0,0,1,0,0.0,0.0,0.0,0.0,0.0,0.0,0.04999999999999716,0.0,0,True,,0.0021375000000000027,0.3052631578947369,0.035177083333333324,0.003317708333333336,26.78125,10.541666666666666
20160821_JN,34.213636364,28.845454545,73.540909091,34.081818182,76.068181818,28.663636364000002,33.836363636,74.790909091,28.7,33.890909091,77.01363636399999,28.495454545,32.977272727,80.454545455,27.845454545,33.704545455,75.613636364,28.163636364000002,32.827272727,82.44090909100001,28.504545455,34.3,78.536363636,29.386363636,2,2016-08-21,JN,8,6,21,Sunday,False,1,1,1,1,0,1,0,1,1.2136363640000027,1.0818181819999992,0.8363636360000015,0.8909090909999975,0.0,0.7045454550000017,0.0,1.2999999999999972,0,True,,0.004755637254901946,0.4319095477386933,0.033911764705882315,0.009034558823529387,26.987146529562978,19.476394849785407
20160821_SU,36.6,30.7,57.5,34.9,59.0,30.1,33.2,69.5,28.9,34.3,61.9,29.9,34.7,60.4,29.9,34.9,64.9,29.3,34.0,65.5,29.1,31.8,74.0,28.9,9,2016-08-21,SU,8,6,21,Sunday,False,1,1,1,1,1,1,1,0,3.6000000000000014,1.8999999999999986,0.20000000000000284,1.2999999999999972,1.7000000000000028,1.8999999999999986,1.0,0.0,0,True,,0.004238199780461012,0.4027180067950182,0.03786486486486485,0.02545285087719295,29.58695652173913,17.743589743589748
20160821_US,30.8,27.4,81.1,30.6,78.6,27.2,31.3,82.8,27.1,30.8,83.6,27.1,31.6,83.9,27.0,30.2,86.5,26.8,33.8,83.6,28.4,34.9,73.4,30.3,2,2016-08-21,US,8,6,21,Sunday,False,0,0,0,0,0,0,1,1,0.0,0.0,0.0,0.0,0.0,0.0,0.7999999999999972,1.8999999999999986,0,True,,0.005472222222222214,0.3036111111111111,0.03045555555555552,0.00871171171171168,20.744444444444444,6.9824561403508785
20160822_BS,32.5,28.9,70.1,33.3,68.4,29.1,31.7,68.0,28.6,32.7,71.1,28.6,32.5,71.8,28.6,32.3,70.3,28.5,30.9,80.3,28.0,36.6,75.0,29.4,68,2016-08-22,BS,8,0,22,Monday,False,0,1,0,0,0,0,0,1,0.0,0.29999999999999716,0.0,0.0,0.0,0.0,0.0,3.6000000000000014,0,False,,0.0040116009280742266,0.33526682134570823,0.030950298210735562,0.012701789264413472,30.01590457256461,13.23293172690763
20160822_CB,35.193333333000005,28.7,59.0,34.446666666999995,54.26,28.286666667,36.04,53.053333333000005,29.62,35.293333333,61.733333333000004,29.186666666999997,34.826666667,64.46,28.94,34.113333333,63.14,28.506666666999998,34.32,61.373333333000005,28.833333333000002,34.333333333,67.006666667,28.713333333,43,2016-08-22,CB,8,0,22,Monday,False,1,1,1,1,1,1,1,1,2.1933333330000053,1.4466666669999952,3.039999999999999,2.2933333329999996,1.8266666669999978,1.113333333,1.3200000000000003,1.3333333329999988,0,False,,0.002515530303030305,0.3090909090909092,0.037242424242424216,0.016306060606060584,25.053030303030305,11.1125
20160822_CN,34.68125,28.2,74.58125,33.8625,69.56875,28.06875,35.2625,75.975,28.8375,33.86875,79.0,28.40625,33.7625,78.8375,27.95,33.95625,77.6375,27.71875,34.21875,72.8125,27.99375,33.55625,79.3625,28.025,63,2016-08-22,CN,8,0,22,Monday,False,1,1,1,1,1,1,1,1,1.6812499999999986,0.8624999999999972,2.262500000000003,0.8687499999999986,0.7625000000000028,0.9562499999999972,1.21875,0.5562499999999986,0,False,,0.005765833333333322,0.5391666666666665,0.04190833333333332,0.016386249999999984,41.9625,27.347222222222218
20160822_DG,34.6,28.4,65.3,33.9,60.8,28.4,33.6,62.5,28.1,34.6,63.5,28.6,35.0,64.4,28.8,35.2,66.5,28.2,32.8,65.0,28.3,36.0,61.9,30.7,81,2016-08-22,DG,8,0,22,Monday,False,1,1,1,1,1,1,0,1,1.6000000000000014,0.8999999999999986,0.6000000000000014,1.6000000000000014,2.0,2.200000000000003,0.0,3.0,0,False,,0.002594306049822066,0.30533807829181514,0.03261209964412809,0.010957295373665457,22.78014184397163,10.963350785340314
20160822_DJ,36.7,30.3,61.5,34.9,56.6,29.7,37.6,56.4,31.2,37.3,66.5,30.3,34.8,70.6,29.7,35.1,66.4,29.8,35.5,64.1,29.9,35.5,70.6,30.0,33,2016-08-22,DJ,8,0,22,Monday,False,1,1,1,1,1,1,1,1,3.700000000000003,1.8999999999999986,4.600000000000001,4.299999999999997,1.7999999999999972,2.1000000000000014,2.5,2.5,0,False,,0.003270833333333336,0.5108333333333337,0.043999999999999984,0.021637499999999973,27.87866108786611,11.7
20160822_GB,33.379166667,27.35,70.291666667,33.366666667,68.845833333,27.275,33.45,67.9625,27.366666666999997,33.75,69.12083333300001,27.783333333,33.55,72.19166666699999,27.683333333,33.383333333,72.954166667,27.354166666999998,32.608333333000004,72.945833333,27.433333333,34.604166667,73.616666667,28.55,72,2016-08-22,GB,8,0,22,Monday,False,1,1,1,1,1,1,0,1,0.3791666669999998,0.36666666699999695,0.45000000000000284,0.75,0.5499999999999972,0.38333333300000305,0.0,1.6041666670000012,0,False,,0.004245663265306098,0.3595854922279785,0.03338790931989925,0.007609319899244297,18.23989898989899,7.698324022346369
20160822_GG,35.107142857,29.369047619,68.592857143,35.702380952,61.61904761899999,29.85,34.869047619,65.70952381,29.861904761999998,33.404761905,73.992857143,29.05952381,34.469047619,69.561904762,29.15,34.35,71.31666666699999,28.95,34.323809524,70.19047619,28.861904761999998,33.754761905,73.071428571,28.685714286,201,2016-08-22,GG,8,0,22,Monday,False,1,1,1,1,1,1,1,1,2.1071428569999995,2.7023809519999986,1.8690476189999998,0.40476190500000087,1.4690476190000012,1.3500000000000014,1.3238095239999979,0.7547619050000023,0,False,,0.0037581270182991994,0.4522615803814701,0.03452704963747915,0.02390221262817057,34.52594210813763,19.863333333333333
20160822_GJ,35.7,29.8,76.3,35.9,73.0,29.9,35.9,76.3,29.9,34.8,73.4,29.6,34.7,79.3,28.9,34.1,82.4,28.4,34.9,76.0,28.7,32.6,85.8,28.8,44,2016-08-22,GJ,8,0,22,Monday,False,1,1,1,1,1,1,1,0,2.700000000000003,2.8999999999999986,2.8999999999999986,1.7999999999999972,1.7000000000000028,1.1000000000000014,1.8999999999999986,0.0,0,False,,0.00273809523809524,0.4458333333333329,0.046356481481481464,0.01802314814814813,40.018518518518526,27.33333333333333
20160822_GN,34.990909091,28.609090909000003,70.118181818,34.159090909,68.1,28.363636364,34.122727273,68.18636363600001,28.359090909000003,34.359090909,71.695454545,28.25,33.822727273000005,73.863636364,28.218181818,33.595454545,76.213636364,27.804545455,32.659090909,80.277272727,27.813636364,35.118181818000004,76.609090909,29.05,78,2016-08-22,GN,8,0,22,Monday,False,1,1,1,1,1,1,0,1,1.990909090999999,1.1590909089999997,1.1227272730000024,1.3590909090000025,0.8227272730000053,0.5954545450000026,0.0,2.1181818180000036,0,False,,0.00415173076923075,0.3438461538461554,0.034173076923076896,0.01127923076923073,29.74423076923077,14.094420600858367
20160822_GW,32.566666667,26.55,73.06666666699999,32.333333333,73.4,26.538888889000003,33.233333333000004,71.116666667,27.755555555999997,32.183333333,76.7,27.188888889,32.55,77.266666667,26.95,32.361111111,75.027777778,26.877777778000002,32.366666667,75.472222222,27.044444444,32.255555556,76.416666667,27.833333333000002,36,2016-08-22,GW,8,0,22,Monday,False,0,0,1,0,0,0,0,0,0.0,0.0,0.23333333300000447,0.0,0.0,0.0,0.0,0.0,0,False,,0.0014883333333333356,0.31050420168067216,0.0289458333333333,0.00643083333333333,19.2875,12.923728813559322
20160822_IC,33.63,28.92,85.55,33.88,75.64,29.62,33.91,84.61,29.32,31.87,87.1,29.06,32.77,83.81,28.74,32.44,87.33,28.75,31.75,89.79,28.37,31.5,87.89,27.87,50,2016-08-22,IC,8,0,22,Monday,False,1,1,1,0,0,0,0,0,0.6300000000000026,0.8800000000000026,0.9099999999999966,0.0,0.0,0.0,0.0,0.0,0,False,,0.004253112033195003,0.43093220338983096,0.032061983471074376,0.015652795031055874,35.61122661122661,18.071428571428573
20160822_JB,34.633333333,28.18,71.38,34.74,66.56666666699999,28.246666667,35.32,71.966666667,28.413333333,34.693333333000005,71.813333333,28.08,34.106666667,76.593333333,27.966666667,33.233333333000004,73.393333333,27.773333333000004,33.68,71.606666667,27.766666667,32.933333333,79.393333333,27.86,87,2016-08-22,JB,8,0,22,Monday,False,1,1,1,1,1,1,1,0,1.633333333000003,1.740000000000002,2.3200000000000003,1.6933333330000053,1.106666666999999,0.23333333300000447,0.6799999999999997,0.0,0,False,,0.0038656249999999798,0.4305949008498591,0.042214511041009435,0.014008215297450392,43.187134502923975,27.884615384615387
20160822_JJ,32.4,29.35,74.45,31.9,72.1,28.8,32.05,76.25,28.65,31.6,81.15,28.75,31.95,76.6,29.3,32.45,69.0,28.6,32.55,69.45,29.55,33.05,72.2,29.8,17,2016-08-22,JJ,8,0,22,Monday,False,0,0,0,0,0,0,0,1,0.0,0.0,0.0,0.0,0.0,0.0,0.0,0.04999999999999716,0,False,,0.0026031250000000013,0.3484210526315787,0.03710416666666665,0.005175000000000003,32.635416666666664,18.92391304347826
20160822_JN,34.172727273,28.795454545,77.863636364,34.213636364,73.540909091,28.845454545,34.081818182,76.068181818,28.663636364000002,33.836363636,74.790909091,28.7,33.890909091,77.01363636399999,28.495454545,32.977272727,80.454545455,27.845454545,33.704545455,75.613636364,28.163636364000002,32.827272727,82.44090909100001,28.504545455,70,2016-08-22,JN,8,0,22,Monday,False,1,1,1,1,1,0,1,0,1.1727272729999996,1.2136363640000027,1.0818181819999992,0.8363636360000015,0.8909090909999975,0.0,0.7045454550000017,0.0,0,False,,0.0055894607843136905,0.4394805194805192,0.03362842892768074,0.011390441176470551,32.018229166666664,22.904761904761905
20160822_SU,36.3,30.7,58.0,36.6,57.5,30.7,34.9,59.0,30.1,33.2,69.5,28.9,34.3,61.9,29.9,34.7,60.4,29.9,34.9,64.9,29.3,34.0,65.5,29.1,246,2016-08-22,SU,8,0,22,Monday,False,1,1,1,1,1,1,1,1,3.299999999999997,3.6000000000000014,1.8999999999999986,0.20000000000000284,1.2999999999999972,1.7000000000000028,1.8999999999999986,1.0,0,False,,0.0040839954597048644,0.4435185185185183,0.030916763005780307,0.03370978627671537,31.876696832579185,18.688848920863308
20160822_US,31.6,27.4,82.8,30.8,81.1,27.4,30.6,78.6,27.2,31.3,82.8,27.1,30.8,83.6,27.1,31.6,83.9,27.0,30.2,86.5,26.8,33.8,83.6,28.4,19,2016-08-22,US,8,0,22,Monday,False,0,0,0,0,0,0,0,1,0.0,0.0,0.0,0.0,0.0,0.0,0.0,0.7999999999999972,0,False,,0.00509859154929576,0.34597701149425275,0.02822535211267605,0.012196480938416384,23.439436619718307,8.103448275862071
20160823_BS,31.2,27.6,70.3,32.5,70.1,28.9,33.3,68.4,29.1,31.7,68.0,28.6,32.7,71.1,28.6,32.5,71.8,28.6,32.3,70.3,28.5,30.9,80.3,28.0,94,2016-08-23,BS,8,1,23,Tuesday,False,0,0,1,0,0,0,0,0,0.0,0.0,0.29999999999999716,0.0,0.0,0.0,0.0,0.0,0,False,,0.0042436194895591455,0.31441860465116256,0.029704590818363238,0.012495009980039874,25.344758064516128,10.462
20160823_CB,33.46,28.086666667,64.146666667,35.193333333000005,59.0,28.7,34.446666666999995,54.26,28.286666667,36.04,53.053333333000005,29.62,35.293333333,61.733333333000004,29.186666666999997,34.826666667,64.46,28.94,34.113333333,63.14,28.506666666999998,34.32,61.373333333000005,28.833333333000002,31,2016-08-23,CB,8,1,23,Tuesday,False,1,1,1,1,1,1,1,1,0.46000000000000085,2.1933333330000053,1.4466666669999952,3.039999999999999,2.2933333329999996,1.8266666669999978,1.113333333,1.3200000000000003,0,False,,0.0017644531250000013,0.2494023904382476,0.031281249999999955,0.010406719367588912,18.08333333333333,7.443037974683543
20160823_CN,32.425,27.31875,81.925,34.68125,74.58125,28.2,33.8625,69.56875,28.06875,35.2625,75.975,28.8375,33.86875,79.0,28.40625,33.7625,78.8375,27.95,33.95625,77.6375,27.71875,34.21875,72.8125,27.99375,63,2016-08-23,CN,8,1,23,Tuesday,False,0,1,1,1,1,1,1,1,0.0,1.6812499999999986,0.8624999999999972,2.262500000000003,0.8687499999999986,0.7625000000000028,0.9562499999999972,1.21875,0,False,,0.0031467811158798304,0.4596566523605157,0.032484978540772515,0.014240772532188816,37.71244635193133,21.0
20160823_DG,32.5,27.9,64.4,34.6,65.3,28.4,33.9,60.8,28.4,33.6,62.5,28.1,34.6,63.5,28.6,35.0,64.4,28.8,35.2,66.5,28.2,32.8,65.0,28.3,72,2016-08-23,DG,8,1,23,Tuesday,False,0,1,1,1,1,1,1,0,0.0,1.6000000000000014,0.8999999999999986,0.6000000000000014,1.6000000000000014,2.0,2.200000000000003,0.0,0,False,,0.002964788732394369,0.33133802816901464,0.033218309859154874,0.009644366197183066,22.602112676056343,10.757894736842106
20160823_DJ,33.4,28.8,74.3,36.7,61.5,30.3,34.9,56.6,29.7,37.6,56.4,31.2,37.3,66.5,30.3,34.8,70.6,29.7,35.1,66.4,29.8,35.5,64.1,29.9,26,2016-08-23,DJ,8,1,23,Tuesday,False,1,1,1,1,1,1,1,1,0.3999999999999986,3.700000000000003,1.8999999999999986,4.600000000000001,4.299999999999997,1.7999999999999972,2.1000000000000014,2.5,0,False,,0.0022458333333333354,0.4250000000000013,0.037966666666666635,0.015029166666666647,26.295358649789033,11.583333333333336
20160823_GB,31.558333333,26.558333333,71.50416666699999,33.379166667,70.291666667,27.35,33.366666667,68.845833333,27.275,33.45,67.9625,27.366666666999997,33.75,69.12083333300001,27.783333333,33.55,72.19166666699999,27.683333333,33.383333333,72.954166667,27.354166666999998,32.608333333000004,72.945833333,27.433333333,55,2016-08-23,GB,8,1,23,Tuesday,False,0,1,1,1,1,1,1,0,0.0,0.3791666669999998,0.36666666699999695,0.45000000000000284,0.75,0.5499999999999972,0.38333333300000305,0.0,0,False,,0.0037371134020618346,0.33916449086161843,0.031930591259640075,0.007293333333333306,14.982005141388175,7.0112994350282465
20160823_GG,33.183333333,28.373809524000002,72.111904762,35.107142857,68.592857143,29.369047619,35.702380952,61.61904761899999,29.85,34.869047619,65.70952381,29.861904761999998,33.404761905,73.992857143,29.05952381,34.469047619,69.561904762,29.15,34.35,71.31666666699999,28.95,34.323809524,70.19047619,28.861904761999998,161,2016-08-23,GG,8,1,23,Tuesday,False,1,1,1,1,1,1,1,1,0.1833333330000002,2.1071428569999995,2.7023809519999986,1.8690476189999998,0.40476190500000087,1.4690476190000012,1.3500000000000014,1.3238095239999979,0,False,,0.003626500811249285,0.4317408017572717,0.031607865168539404,0.023304418985270168,33.86622443338861,20.257525083612038
20160823_GJ,34.1,27.9,86.0,35.7,76.3,29.8,35.9,73.0,29.9,35.9,76.3,29.9,34.8,73.4,29.6,34.7,79.3,28.9,34.1,82.4,28.4,34.9,76.0,28.7,46,2016-08-23,GJ,8,1,23,Tuesday,False,1,1,1,1,1,1,1,1,1.1000000000000014,2.700000000000003,2.8999999999999986,2.8999999999999986,1.7999999999999972,1.7000000000000028,1.1000000000000014,1.8999999999999986,0,False,,0.002526595744680853,0.3911330049261077,0.039241379310344805,0.015763546798029545,30.59313725490196,19.21153846153846
20160823_GN,31.840909091,27.468181818,73.3,34.990909091,70.118181818,28.609090909000003,34.159090909,68.1,28.363636364,34.122727273,68.18636363600001,28.359090909000003,34.359090909,71.695454545,28.25,33.822727273000005,73.863636364,28.218181818,33.595454545,76.213636364,27.804545455,32.659090909,80.277272727,27.813636364,67,2016-08-23,GN,8,1,23,Tuesday,False,0,1,1,1,1,1,1,0,0.0,1.990909090999999,1.1590909089999997,1.1227272730000024,1.3590909090000025,0.8227272730000053,0.5954545450000026,0.0,0,False,,0.004422884615384593,0.29730769230769355,0.031676923076923075,0.012762499999999965,27.066666666666666,12.383333333333333
20160823_GW,32.266666666999996,26.611111111,70.494444444,32.566666667,73.06666666699999,26.55,32.333333333,73.4,26.538888889000003,33.233333333000004,71.116666667,27.755555555999997,32.183333333,76.7,27.188888889,32.55,77.266666667,26.95,32.361111111,75.027777778,26.877777778000002,32.366666667,75.472222222,27.044444444,38,2016-08-23,GW,8,1,23,Tuesday,False,0,0,0,1,0,0,0,0,0.0,0.0,0.0,0.23333333300000447,0.0,0.0,0.0,0.0,0,False,,0.0014912500000000006,0.2699999999999997,0.028262499999999982,0.006453749999999997,17.3625,10.347107438016527
20160823_IC,31.95,28.67,84.46,33.63,85.55,28.92,33.88,75.64,29.62,33.91,84.61,29.32,31.87,87.1,29.06,32.77,83.81,28.74,32.44,87.33,28.75,31.75,89.79,28.37,61,2016-08-23,IC,8,1,23,Tuesday,False,0,1,1,1,0,0,0,0,0.0,0.6300000000000026,0.8800000000000026,0.9099999999999966,0.0,0.0,0.0,0.0,0,False,,0.005473131313131281,0.4482105263157897,0.03267070707070704,0.01975111111111108,40.908713692946066,21.34269662921348
20160823_JB,31.886666666999997,27.126666667,79.28,34.633333333,71.38,28.18,34.74,66.56666666699999,28.246666667,35.32,71.966666667,28.413333333,34.693333333000005,71.813333333,28.08,34.106666667,76.593333333,27.966666667,33.233333333000004,73.393333333,27.773333333000004,33.68,71.606666667,27.766666667,96,2016-08-23,JB,8,1,23,Tuesday,False,0,1,1,1,1,1,1,1,0.0,1.633333333000003,1.740000000000002,2.3200000000000003,1.6933333330000053,1.106666666999999,0.23333333300000447,0.6799999999999997,0,False,,0.0031630555555555518,0.3966666666666664,0.03544311377245507,0.011154444444444413,38.79827089337176,24.4304932735426
20160823_JJ,31.55,28.75,73.7,32.4,74.45,29.35,31.9,72.1,28.8,32.05,76.25,28.65,31.6,81.15,28.75,31.95,76.6,29.3,32.45,69.0,28.6,32.55,69.45,29.55,26,2016-08-23,JJ,8,1,23,Tuesday,False,0,0,0,0,0,0,0,0,0.0,0.0,0.0,0.0,0.0,0.0,0.0,0.0,0,False,,0.0014931818181818193,0.3033707865168538,0.0329431818181818,0.005306818181818187,31.589473684210525,15.069767441860465
20160823_JN,32.55,27.9,80.6,34.172727273,77.863636364,28.795454545,34.213636364,73.540909091,28.845454545,34.081818182,76.068181818,28.663636364000002,33.836363636,74.790909091,28.7,33.890909091,77.01363636399999,28.495454545,32.977272727,80.454545455,27.845454545,33.704545455,75.613636364,28.163636364000002,70,2016-08-23,JN,8,1,23,Tuesday,False,0,1,1,1,1,1,0,1,0.0,1.1727272729999996,1.2136363640000027,1.0818181819999992,0.8363636360000015,0.8909090909999975,0.0,0.7045454550000017,0,False,,0.005208499999999981,0.41697612732095535,0.029554376657824913,0.012157107231920173,26.01939058171745,17.798283261802574
20160823_SU,33.0,28.3,68.8,36.3,58.0,30.7,36.6,57.5,30.7,34.9,59.0,30.1,33.2,69.5,28.9,34.3,61.9,29.9,34.7,60.4,29.9,34.9,64.9,29.3,231,2016-08-23,SU,8,1,23,Tuesday,False,0,1,1,1,1,1,1,1,0.0,3.299999999999997,3.6000000000000014,1.8999999999999986,0.20000000000000284,1.2999999999999972,1.7000000000000028,1.8999999999999986,0,False,,0.0041821305841924184,0.4667049368541912,0.02727367205542724,0.03601129943502826,35.535555555555554,20.461946902654862
20160823_US,29.7,26.3,81.8,31.6,82.8,27.4,30.8,81.1,27.4,30.6,78.6,27.2,31.3,82.8,27.1,30.8,83.6,27.1,31.6,83.9,27.0,30.2,86.5,26.8,9,2016-08-23,US,8,1,23,Tuesday,False,0,0,0,0,0,0,0,0,0.0,0.0,0.0,0.0,0.0,0.0,0.0,0.0,0,False,,0.006019830028328574,0.32521246458923514,0.026815864022662863,0.013221590909090874,19.703389830508478,6.754716981132076
20160824_BS,31.8,27.6,66.0,31.2,70.3,27.6,32.5,70.1,28.9,33.3,68.4,29.1,31.7,68.0,28.6,32.7,71.1,28.6,32.5,71.8,28.6,32.3,70.3,28.5,85,2016-08-24,BS,8,2,24,Wednesday,False,0,0,0,1,0,0,0,0,0.0,0.0,0.0,0.29999999999999716,0.0,0.0,0.0,0.0,0,False,,0.005533957845433231,0.31241217798594856,0.035084507042253466,0.014686116700201169,26.193939393939395,10.739837398373986
20160824_CB,34.1,28.073333333,54.54,33.46,64.146666667,28.086666667,35.193333333000005,59.0,28.7,34.446666666999995,54.26,28.286666667,36.04,53.053333333000005,29.62,35.293333333,61.733333333000004,29.186666666999997,34.826666667,64.46,28.94,34.113333333,63.14,28.506666666999998,44,2016-08-24,CB,8,2,24,Wednesday,False,1,1,1,1,1,1,1,1,1.1000000000000014,0.46000000000000085,2.1933333330000053,1.4466666669999952,3.039999999999999,2.2933333329999996,1.8266666669999978,1.113333333,0,False,,0.001712890625000001,0.2316406250000005,0.03593359374999998,0.012436758893280605,17.725868725868725,6.4208333333333325
20160824_CN,33.14375,27.7,76.15625,32.425,81.925,27.31875,34.68125,74.58125,28.2,33.8625,69.56875,28.06875,35.2625,75.975,28.8375,33.86875,79.0,28.40625,33.7625,78.8375,27.95,33.95625,77.6375,27.71875,55,2016-08-24,CN,8,2,24,Wednesday,False,1,0,1,1,1,1,1,1,0.14374999999999716,0.0,1.6812499999999986,0.8624999999999972,2.262500000000003,0.8687499999999986,0.7625000000000028,0.9562499999999972,0,False,,0.0029433333333333325,0.3999999999999999,0.03920416666666664,0.01157608695652172,30.995798319327733,18.01515151515152
20160824_DG,33.9,27.5,61.5,32.5,64.4,27.9,34.6,65.3,28.4,33.9,60.8,28.4,33.6,62.5,28.1,34.6,63.5,28.6,35.0,64.4,28.8,35.2,66.5,28.2,62,2016-08-24,DG,8,2,24,Wednesday,False,1,0,1,1,1,1,1,1,0.8999999999999986,0.0,1.6000000000000014,0.8999999999999986,0.6000000000000014,1.6000000000000014,2.0,2.200000000000003,0,False,,0.003714788732394368,0.36443661971831015,0.035433098591549264,0.01246478873239434,22.455197132616487,11.101063829787234
20160824_DJ,34.5,28.9,66.8,33.4,74.3,28.8,36.7,61.5,30.3,34.9,56.6,29.7,37.6,56.4,31.2,37.3,66.5,30.3,34.8,70.6,29.7,35.1,66.4,29.8,41,2016-08-24,DJ,8,2,24,Wednesday,False,1,1,1,1,1,1,1,1,1.5,0.3999999999999986,3.700000000000003,1.8999999999999986,4.600000000000001,4.299999999999997,1.7999999999999972,2.1000000000000014,0,False,,0.0023333333333333353,0.3908333333333335,0.043333333333333335,0.017479166666666632,22.16455696202532,8.608333333333333
20160824_GB,33.020833333,26.416666666999998,66.583333333,31.558333333,71.50416666699999,26.558333333,33.379166667,70.291666667,27.35,33.366666667,68.845833333,27.275,33.45,67.9625,27.366666666999997,33.75,69.12083333300001,27.783333333,33.55,72.19166666699999,27.683333333,33.383333333,72.954166667,27.354166666999998,65,2016-08-24,GB,8,2,24,Wednesday,False,1,0,1,1,1,1,1,1,0.020833332999998788,0.0,0.3791666669999998,0.36666666699999695,0.45000000000000284,0.75,0.5499999999999972,0.38333333300000305,0,False,,0.0037039900249376373,0.3273901808785528,0.03624754901960784,0.007947044334975352,16.838046272493575,7.215116279069767
20160824_GG,33.1,28.64047619,64.964285714,33.183333333,72.111904762,28.373809524000002,35.107142857,68.592857143,29.369047619,35.702380952,61.61904761899999,29.85,34.869047619,65.70952381,29.861904761999998,33.404761905,73.992857143,29.05952381,34.469047619,69.561904762,29.15,34.35,71.31666666699999,28.95,190,2016-08-24,GG,8,2,24,Wednesday,False,1,1,1,1,1,1,1,1,0.10000000000000142,0.1833333330000002,2.1071428569999995,2.7023809519999986,1.8690476189999998,0.40476190500000087,1.4690476190000012,1.3500000000000014,0,False,,0.0039841509433961786,0.4262841530054591,0.03325855300056088,0.02513690016547166,35.27478448275862,22.016835016835017
20160824_GJ,34.9,29.1,72.6,34.1,86.0,27.9,35.7,76.3,29.8,35.9,73.0,29.9,35.9,76.3,29.9,34.8,73.4,29.6,34.7,79.3,28.9,34.1,82.4,28.4,34,2016-08-24,GJ,8,2,24,Wednesday,False,1,1,1,1,1,1,1,1,1.8999999999999986,1.1000000000000014,2.700000000000003,2.8999999999999986,2.8999999999999986,1.7999999999999972,1.7000000000000028,1.1000000000000014,0,False,,0.002089005235602096,0.3518324607329837,0.04128795811518325,0.017481675392670117,23.07142857142857,14.105960264900663
20160824_GN,33.881818181999996,27.204545455,64.127272727,31.840909091,73.3,27.468181818,34.990909091,70.118181818,28.609090909000003,34.159090909,68.1,28.363636364,34.122727273,68.18636363600001,28.359090909000003,34.359090909,71.695454545,28.25,33.822727273000005,73.863636364,28.218181818,33.595454545,76.213636364,27.804545455,62,2016-08-24,GN,8,2,24,Wednesday,False,1,0,1,1,1,1,1,1,0.8818181819999964,0.0,1.990909090999999,1.1590909089999997,1.1227272730000024,1.3590909090000025,0.8227272730000053,0.5954545450000026,0,False,,0.003809845559845536,0.2876447876447886,0.03823166023166018,0.01327393822393819,24.794820717131483,10.423580786026204
20160824_GW,31.505555555999997,26.194444444000002,70.15555555600001,32.266666666999996,70.494444444,26.611111111,32.566666667,73.06666666699999,26.55,32.333333333,73.4,26.538888889000003,33.233333333000004,71.116666667,27.755555555999997,32.183333333,76.7,27.188888889,32.55,77.266666667,26.95,32.361111111,75.027777778,26.877777778000002,28,2016-08-24,GW,8,2,24,Wednesday,False,0,0,0,0,1,0,0,0,0.0,0.0,0.0,0.0,0.23333333300000447,0.0,0.0,0.0,0,False,,0.001607692307692309,0.3098290598290595,0.02807264957264953,0.008881623931623927,20.256410256410252,11.589147286821705
20160824_IC,31.8,28.08,81.28,31.95,84.46,28.67,33.63,85.55,28.92,33.88,75.64,29.62,33.91,84.61,29.32,31.87,87.1,29.06,32.77,83.81,28.74,32.44,87.33,28.75,46,2016-08-24,IC,8,2,24,Wednesday,False,0,0,1,1,1,0,0,0,0.0,0.0,0.6300000000000026,0.8800000000000026,0.9099999999999966,0.0,0.0,0.0,0,False,,0.0059116465863453494,0.4133037694013307,0.032736947791164636,0.018346385542168653,36.5010101010101,20.057534246575344
20160824_JB,34.226666666999996,27.973333333000003,71.98,31.886666666999997,79.28,27.126666667,34.633333333,71.38,28.18,34.74,66.56666666699999,28.246666667,35.32,71.966666667,28.413333333,34.693333333000005,71.813333333,28.08,34.106666667,76.593333333,27.966666667,33.233333333000004,73.393333333,27.773333333000004,80,2016-08-24,JB,8,2,24,Wednesday,False,1,0,1,1,1,1,1,1,1.2266666669999964,0.0,1.633333333000003,1.740000000000002,2.3200000000000003,1.6933333330000053,1.106666666999999,0.23333333300000447,0,False,,0.0035042016806722536,0.3904761904761904,0.03866366366366364,0.010739775910364121,33.7185628742515,20.057142857142857
20160824_JJ,30.9,28.2,74.25,31.55,73.7,28.75,32.4,74.45,29.35,31.9,72.1,28.8,32.05,76.25,28.65,31.6,81.15,28.75,31.95,76.6,29.3,32.45,69.0,28.6,10,2016-08-24,JJ,8,2,24,Wednesday,False,0,0,0,0,0,0,0,0,0.0,0.0,0.0,0.0,0.0,0.0,0.0,0.0,0,False,,0.0009797872340425533,0.25376344086021485,0.03720212765957446,0.0062936170212766025,28.963414634146343,10.444444444444443
20160824_JN,34.118181818000004,28.109090909000003,69.527272727,32.55,80.6,27.9,34.172727273,77.863636364,28.795454545,34.213636364,73.540909091,28.845454545,34.081818182,76.068181818,28.663636364000002,33.836363636,74.790909091,28.7,33.890909091,77.01363636399999,28.495454545,32.977272727,80.454545455,27.845454545,66,2016-08-24,JN,8,2,24,Wednesday,False,1,0,1,1,1,1,1,0,1.1181818180000036,0.0,1.1727272729999996,1.2136363640000027,1.0818181819999992,0.8363636360000015,0.8909090909999975,0.0,0,False,,0.005522251308900497,0.3494623655913981,0.03887331536388139,0.012727225130890016,24.011235955056183,15.266094420600858
20160824_SU,32.9,29.1,59.1,33.0,68.8,28.3,36.3,58.0,30.7,36.6,57.5,30.7,34.9,59.0,30.1,33.2,69.5,28.9,34.3,61.9,29.9,34.7,60.4,29.9,206,2016-08-24,SU,8,2,24,Wednesday,False,0,0,1,1,1,1,1,1,0.0,0.0,3.299999999999997,3.6000000000000014,1.8999999999999986,0.20000000000000284,1.2999999999999972,1.7000000000000028,0,False,,0.00489084895259091,0.4841814159292029,0.02512765957446807,0.038955898566703465,38.924754634678294,22.959390862944158
20160824_US,30.1,25.8,80.0,29.7,81.8,26.3,31.6,82.8,27.4,30.8,81.1,27.4,30.6,78.6,27.2,31.3,82.8,27.1,30.8,83.6,27.1,31.6,83.9,27.0,16,2016-08-24,US,8,2,24,Wednesday,False,0,0,0,0,0,0,0,0,0.0,0.0,0.0,0.0,0.0,0.0,0.0,0.0,0,False,,0.0053351955307262364,0.32905027932960906,0.029136871508379857,0.014176966292134803,19.664772727272727,6.933962264150942
20160825_BS,33.4,28.6,73.4,31.8,66.0,27.6,31.2,70.3,27.6,32.5,70.1,28.9,33.3,68.4,29.1,31.7,68.0,28.6,32.7,71.1,28.6,32.5,71.8,28.6,67,2016-08-25,BS,8,3,25,Thursday,False,1,0,0,0,1,0,0,0,0.3999999999999986,0.0,0.0,0.0,0.29999999999999716,0.0,0.0,0.0,0,False,,0.005780660377358462,0.32423529411764695,0.03128571428571427,0.01745875251509052,30.199596774193548,13.631790744466803
20160825_CB,33.746666667,27.606666667,59.626666666999995,34.1,54.54,28.073333333,33.46,64.146666667,28.086666667,35.193333333000005,59.0,28.7,34.446666666999995,54.26,28.286666667,36.04,53.053333333000005,29.62,35.293333333,61.733333333000004,29.186666666999997,34.826666667,64.46,28.94,29,2016-08-25,CB,8,3,25,Thursday,False,1,1,1,1,1,1,1,1,0.7466666669999995,1.1000000000000014,0.46000000000000085,2.1933333330000053,1.4466666669999952,3.039999999999999,2.2933333329999996,1.8266666669999978,0,False,,0.0026916030534351173,0.2820610687022901,0.039793893129770976,0.015267479674796722,29.768939393939394,14.045833333333333
20160825_CN,33.45,27.5,75.33125,33.14375,76.15625,27.7,32.425,81.925,27.31875,34.68125,74.58125,28.2,33.8625,69.56875,28.06875,35.2625,75.975,28.8375,33.86875,79.0,28.40625,33.7625,78.8375,27.95,61,2016-08-25,CN,8,3,25,Thursday,False,1,1,0,1,1,1,1,1,0.45000000000000284,0.14374999999999716,0.0,1.6812499999999986,0.8624999999999972,2.262500000000003,0.8687499999999986,0.7625000000000028,0,False,,0.003461250000000003,0.3829166666666664,0.0390625,0.012668518518518516,34.208333333333336,19.180555555555557
20160825_DG,36.2,29.5,54.9,33.9,61.5,27.5,32.5,64.4,27.9,34.6,65.3,28.4,33.9,60.8,28.4,33.6,62.5,28.1,34.6,63.5,28.6,35.0,64.4,28.8,56,2016-08-25,DG,8,3,25,Thursday,False,1,1,0,1,1,1,1,1,3.200000000000003,0.8999999999999986,0.0,1.6000000000000014,0.8999999999999986,0.6000000000000014,1.6000000000000014,2.0,0,False,,0.003025089605734769,0.32186379928315473,0.03624731182795697,0.01467741935483869,25.4568345323741,13.720670391061454
20160825_DJ,33.9,28.5,65.9,34.5,66.8,28.9,33.4,74.3,28.8,36.7,61.5,30.3,34.9,56.6,29.7,37.6,56.4,31.2,37.3,66.5,30.3,34.8,70.6,29.7,34,2016-08-25,DJ,8,3,25,Thursday,False,1,1,1,1,1,1,1,1,0.8999999999999986,1.5,0.3999999999999986,3.700000000000003,1.8999999999999986,4.600000000000001,4.299999999999997,1.7999999999999972,0,False,,0.0026208333333333357,0.4370833333333341,0.04364166666666665,0.019549999999999974,30.780590717299575,15.25
20160825_GB,34.483333333000004,27.429166666999997,65.075,33.020833333,66.583333333,26.416666666999998,31.558333333,71.50416666699999,26.558333333,33.379166667,70.291666667,27.35,33.366666667,68.845833333,27.275,33.45,67.9625,27.366666666999997,33.75,69.12083333300001,27.783333333,33.55,72.19166666699999,27.683333333,59,2016-08-25,GB,8,3,25,Thursday,False,1,1,0,1,1,1,1,1,1.4833333330000045,0.020833332999998788,0.0,0.3791666669999998,0.36666666699999695,0.45000000000000284,0.75,0.5499999999999972,0,False,,0.004017499999999986,0.395466666666666,0.039992574257425716,0.011409975062344105,22.403553299492387,11.0
20160825_GG,32.84047619,27.133333333000003,73.633333333,33.1,64.964285714,28.64047619,33.183333333,72.111904762,28.373809524000002,35.107142857,68.592857143,29.369047619,35.702380952,61.61904761899999,29.85,34.869047619,65.70952381,29.861904761999998,33.404761905,73.992857143,29.05952381,34.469047619,69.561904762,29.15,178,2016-08-25,GG,8,3,25,Thursday,False,0,1,1,1,1,1,1,1,0.0,0.10000000000000142,0.1833333330000002,2.1071428569999995,2.7023809519999986,1.8690476189999998,0.40476190500000087,1.4690476190000012,0,False,,0.004068418201516745,0.42560307017543614,0.02875339366515843,0.025295414364640955,33.21218715995647,19.817434210526315
20160825_GJ,35.0,28.8,68.3,34.9,72.6,29.1,34.1,86.0,27.9,35.7,76.3,29.8,35.9,73.0,29.9,35.9,76.3,29.9,34.8,73.4,29.6,34.7,79.3,28.9,39,2016-08-25,GJ,8,3,25,Thursday,False,1,1,1,1,1,1,1,1,2.0,1.8999999999999986,1.1000000000000014,2.700000000000003,2.8999999999999986,2.8999999999999986,1.7999999999999972,1.7000000000000028,0,False,,0.002850000000000002,0.41899999999999976,0.05249,0.02012499999999998,30.64676616915423,18.823529411764707
20160825_GN,34.263636364,27.563636364,70.659090909,33.881818181999996,64.127272727,27.204545455,31.840909091,73.3,27.468181818,34.990909091,70.118181818,28.609090909000003,34.159090909,68.1,28.363636364,34.122727273,68.18636363600001,28.359090909000003,34.359090909,71.695454545,28.25,33.822727273000005,73.863636364,28.218181818,65,2016-08-25,GN,8,3,25,Thursday,False,1,1,0,1,1,1,1,1,1.263636364,0.8818181819999964,0.0,1.990909090999999,1.1590909089999997,1.1227272730000024,1.3590909090000025,0.8227272730000053,0,False,,0.004640116279069743,0.32403100775193894,0.035730620155038736,0.016036240310077485,31.08494208494209,15.7875
20160825_GW,32.411111111,26.061111111,73.21111111100001,31.505555555999997,70.15555555600001,26.194444444000002,32.266666666999996,70.494444444,26.611111111,32.566666667,73.06666666699999,26.55,32.333333333,73.4,26.538888889000003,33.233333333000004,71.116666667,27.755555555999997,32.183333333,76.7,27.188888889,32.55,77.266666667,26.95,41,2016-08-25,GW,8,3,25,Thursday,False,0,0,0,0,0,1,0,0,0.0,0.0,0.0,0.0,0.0,0.23333333300000447,0.0,0.0,0,False,,0.0018891402714932152,0.3692307692307694,0.03812217194570135,0.009638914027149309,27.68141592920354,15.345588235294118
20160825_IC,30.94,26.78,88.83,31.8,81.28,28.08,31.95,84.46,28.67,33.63,85.55,28.92,33.88,75.64,29.62,33.91,84.61,29.32,31.87,87.1,29.06,32.77,83.81,28.74,58,2016-08-25,IC,8,3,25,Thursday,False,0,0,0,1,1,1,0,0,0.0,0.0,0.0,0.6300000000000026,0.8800000000000026,0.9099999999999966,0.0,0.0,0,False,,0.005291164658634513,0.4082969432314407,0.02819076305220881,0.017356827309236926,29.1,14.075471698113208
20160825_JB,33.54,27.046666666999997,69.833333333,34.226666666999996,71.98,27.973333333000003,31.886666666999997,79.28,27.126666667,34.633333333,71.38,28.18,34.74,66.56666666699999,28.246666667,35.32,71.966666667,28.413333333,34.693333333000005,71.813333333,28.08,34.106666667,76.593333333,27.966666667,85,2016-08-25,JB,8,3,25,Thursday,False,1,1,0,1,1,1,1,1,0.5399999999999991,1.2266666669999964,0.0,1.633333333000003,1.740000000000002,2.3200000000000003,1.6933333330000053,1.106666666999999,0,False,,0.004042151162790683,0.4260869565217402,0.04575232198142416,0.012759710144927505,39.749235474006106,25.1390134529148
20160825_JJ,31.45,28.35,78.1,30.9,74.25,28.2,31.55,73.7,28.75,32.4,74.45,29.35,31.9,72.1,28.8,32.05,76.25,28.65,31.6,81.15,28.75,31.95,76.6,29.3,10,2016-08-25,JJ,8,3,25,Thursday,False,0,0,0,0,0,0,0,0,0.0,0.0,0.0,0.0,0.0,0.0,0.0,0.0,0,False,,0.002289361702127661,0.2684210526315788,0.038187499999999985,0.009109677419354844,33.275,15.09375
20160825_JN,33.904545455,27.795454545,72.204545455,34.118181818000004,69.527272727,28.109090909000003,32.55,80.6,27.9,34.172727273,77.863636364,28.795454545,34.213636364,73.540909091,28.845454545,34.081818182,76.068181818,28.663636364000002,33.836363636,74.790909091,28.7,33.890909091,77.01363636399999,28.495454545,62,2016-08-25,JN,8,3,25,Thursday,False,1,1,0,1,1,1,1,1,0.9045454549999974,1.1181818180000036,0.0,1.1727272729999996,1.2136363640000027,1.0818181819999992,0.8363636360000015,0.8909090909999975,0,False,,0.006400248138957784,0.41754385964912377,0.040368159203980084,0.014014392059553312,29.04712041884817,19.89316239316239
20160825_SU,32.2,27.1,70.4,32.9,59.1,29.1,33.0,68.8,28.3,36.3,58.0,30.7,36.6,57.5,30.7,34.9,59.0,30.1,33.2,69.5,28.9,34.3,61.9,29.9,227,2016-08-25,SU,8,3,25,Thursday,False,0,0,0,1,1,1,1,1,0.0,0.0,0.0,3.299999999999997,3.6000000000000014,1.8999999999999986,0.20000000000000284,1.2999999999999972,0,False,,0.004478409090909067,0.4587301587301586,0.02132581736189397,0.034545659526493765,33.60350492880613,18.32185886402754
20160825_US,32.7,27.5,82.0,30.1,80.0,25.8,29.7,81.8,26.3,31.6,82.8,27.4,30.8,81.1,27.4,30.6,78.6,27.2,31.3,82.8,27.1,30.8,83.6,27.1,8,2016-08-25,US,8,3,25,Thursday,False,0,0,0,0,0,0,0,0,0.0,0.0,0.0,0.0,0.0,0.0,0.0,0.0,0,False,,0.008452247191011182,0.4369747899159677,0.0276022408963585,0.02081512605042013,28.55182072829132,11.878260869565215
20160826_BS,27.9,24.3,74.6,33.4,73.4,28.6,31.8,66.0,27.6,31.2,70.3,27.6,32.5,70.1,28.9,33.3,68.4,29.1,31.7,68.0,28.6,32.7,71.1,28.6,87,2016-08-26,BS,8,4,26,Friday,False,0,1,0,0,0,1,0,0,0.0,0.3999999999999986,0.0,0.0,0.0,0.29999999999999716,0.0,0.0,0,False,,0.003967592592592575,0.36064814814814894,0.025517857142857103,0.01558531746031742,34.001999999999995,17.30738522954092
20160826_CB,26.14,20.5,78.56666666699999,33.746666667,59.626666666999995,27.606666667,34.1,54.54,28.073333333,33.46,64.146666667,28.086666667,35.193333333000005,59.0,28.7,34.446666666999995,54.26,28.286666667,36.04,53.053333333000005,29.62,35.293333333,61.733333333000004,29.186666666999997,36,2016-08-26,CB,8,4,26,Friday,False,0,1,1,1,1,1,1,1,0.0,0.7466666669999995,1.1000000000000014,0.46000000000000085,2.1933333330000053,1.4466666669999952,3.039999999999999,2.2933333329999996,0,False,,0.0018280303030303046,0.1996197718631184,0.02232575757575755,0.009837164750957831,14.647727272727273,6.720833333333332
20160826_CN,26.01875,21.89375,87.2,33.45,75.33125,27.5,33.14375,76.15625,27.7,32.425,81.925,27.31875,34.68125,74.58125,28.2,33.8625,69.56875,28.06875,35.2625,75.975,28.8375,33.86875,79.0,28.40625,51,2016-08-26,CN,8,4,26,Friday,False,0,1,1,0,1,1,1,1,0.0,0.45000000000000284,0.14374999999999716,0.0,1.6812499999999986,0.8624999999999972,2.262500000000003,0.8687499999999986,0,False,,0.0023706382978723405,0.3510638297872341,0.02612765957446805,0.011439810426540277,17.913419913419915,9.208333333333334
20160826_DG,30.2,22.3,75.9,36.2,54.9,29.5,33.9,61.5,27.5,32.5,64.4,27.9,34.6,65.3,28.4,33.9,60.8,28.4,33.6,62.5,28.1,34.6,63.5,28.6,61,2016-08-26,DG,8,4,26,Friday,False,0,1,1,0,1,1,1,1,0.0,3.200000000000003,0.8999999999999986,0.0,1.6000000000000014,0.8999999999999986,0.6000000000000014,1.6000000000000014,0,False,,0.0026052631578947385,0.2931818181818182,0.02459774436090224,0.015541353383458629,24.235955056179773,13.145348837209307
20160826_DJ,27.4,22.0,84.4,33.9,65.9,28.5,34.5,66.8,28.9,33.4,74.3,28.8,36.7,61.5,30.3,34.9,56.6,29.7,37.6,56.4,31.2,37.3,66.5,30.3,31,2016-08-26,DJ,8,4,26,Friday,False,0,1,1,1,1,1,1,1,0.0,0.8999999999999986,1.5,0.3999999999999986,3.700000000000003,1.8999999999999986,4.600000000000001,4.299999999999997,0,False,,0.001804166666666668,0.3574999999999999,0.026916666666666644,0.014537499999999988,17.736401673640167,7.567796610169491
20160826_GB,26.9125,20.333333333,83.866666667,34.483333333000004,65.075,27.429166666999997,33.020833333,66.583333333,26.416666666999998,31.558333333,71.50416666699999,26.558333333,33.379166667,70.291666667,27.35,33.366666667,68.845833333,27.275,33.45,67.9625,27.366666666999997,33.75,69.12083333300001,27.783333333,56,2016-08-26,GB,8,4,26,Friday,False,0,1,1,0,1,1,1,1,0.0,1.4833333330000045,0.020833332999998788,0.0,0.3791666669999998,0.36666666699999695,0.45000000000000284,0.75,0,False,,0.004100744416873429,0.4891820580474928,0.02992768079800493,0.010943034825870628,22.055555555555557,10.994117647058824
20160826_GG,26.938095238000002,22.302380951999996,66.416666667,32.84047619,73.633333333,27.133333333000003,33.1,64.964285714,28.64047619,33.183333333,72.111904762,28.373809524000002,35.107142857,68.592857143,29.369047619,35.702380952,61.61904761899999,29.85,34.869047619,65.70952381,29.861904761999998,33.404761905,73.992857143,29.05952381,158,2016-08-26,GG,8,4,26,Friday,False,0,0,1,1,1,1,1,1,0.0,0.0,0.10000000000000142,0.1833333330000002,2.1071428569999995,2.7023809519999986,1.8690476189999998,0.40476190500000087,0,False,,0.002797592997811788,0.3303769401330377,0.02605817972350237,0.015942391914654706,15.277216610549946,7.53971119133574
20160826_GJ,28.5,23.9,93.8,35.0,68.3,28.8,34.9,72.6,29.1,34.1,86.0,27.9,35.7,76.3,29.8,35.9,73.0,29.9,35.9,76.3,29.9,34.8,73.4,29.6,32,2016-08-26,GJ,8,4,26,Friday,False,0,1,1,1,1,1,1,1,0.0,2.0,1.8999999999999986,1.1000000000000014,2.700000000000003,2.8999999999999986,2.8999999999999986,1.7999999999999972,0,False,,0.0022227722772277247,0.44455445544554456,0.022678217821782157,0.023702970297029686,27.683168316831683,17.694805194805195
20160826_GN,28.445454545,22.809090909000002,84.16818181800001,34.263636364,70.659090909,27.563636364,33.881818181999996,64.127272727,27.204545455,31.840909091,73.3,27.468181818,34.990909091,70.118181818,28.609090909000003,34.159090909,68.1,28.363636364,34.122727273,68.18636363600001,28.359090909000003,34.359090909,71.695454545,28.25,51,2016-08-26,GN,8,4,26,Friday,False,0,1,1,0,1,1,1,1,0.0,1.263636364,0.8818181819999964,0.0,1.990909090999999,1.1590909089999997,1.1227272730000024,1.3590909090000025,0,False,,0.0036711281070745507,0.35525812619503017,0.022780114722753302,0.013691013384321176,31.24084778420039,16.847457627118644
20160826_GW,24.627777778000002,19.65,72.65,32.411111111,73.21111111100001,26.061111111,31.505555555999997,70.15555555600001,26.194444444000002,32.266666666999996,70.494444444,26.611111111,32.566666667,73.06666666699999,26.55,32.333333333,73.4,26.538888889000003,33.233333333000004,71.116666667,27.755555555999997,32.183333333,76.7,27.188888889,33,2016-08-26,GW,8,4,26,Friday,False,0,0,0,0,0,0,1,0,0.0,0.0,0.0,0.0,0.0,0.0,0.23333333300000447,0.0,0,False,,0.0015483333333333356,0.27666666666666545,0.0326833333333333,0.005584166666666665,17.914163090128753,6.647540983606558
20160826_IC,27.05,23.11,67.18,30.94,88.83,26.78,31.8,81.28,28.08,31.95,84.46,28.67,33.63,85.55,28.92,33.88,75.64,29.62,33.91,84.61,29.32,31.87,87.1,29.06,41,2016-08-26,IC,8,4,26,Friday,False,0,0,0,0,1,1,1,0,0.0,0.0,0.0,0.0,0.6300000000000026,0.8800000000000026,0.9099999999999966,0.0,0,False,,0.004072489959839336,0.3427974947807931,0.026048192771084312,0.015294176706827275,18.75,6.738181818181817
20160826_JB,26.26,22.48,87.48666666700001,33.54,69.833333333,27.046666666999997,34.226666666999996,71.98,27.973333333000003,31.886666666999997,79.28,27.126666667,34.633333333,71.38,28.18,34.74,66.56666666699999,28.246666667,35.32,71.966666667,28.413333333,34.693333333000005,71.813333333,28.08,69,2016-08-26,JB,8,4,26,Friday,False,0,1,1,0,1,1,1,1,0.0,0.5399999999999991,1.2266666669999964,0.0,1.633333333000003,1.740000000000002,2.3200000000000003,1.6933333330000053,0,False,,0.0032394444444444376,0.3511111111111113,0.02494642857142854,0.012902499999999976,28.215686274509807,17.72300469483568
20160826_JJ,31.7,27.95,73.9,31.45,78.1,28.35,30.9,74.25,28.2,31.55,73.7,28.75,32.4,74.45,29.35,31.9,72.1,28.8,32.05,76.25,28.65,31.6,81.15,28.75,10,2016-08-26,JJ,8,4,26,Friday,False,0,0,0,0,0,0,0,0,0.0,0.0,0.0,0.0,0.0,0.0,0.0,0.0,0,False,,0.0014052083333333336,0.26333333333333314,0.04174999999999998,0.0058511627906976775,29.817204301075268,17.813186813186817
20160826_JN,29.877272726999998,24.381818181999996,85.75,33.904545455,72.204545455,27.795454545,34.118181818000004,69.527272727,28.109090909000003,32.55,80.6,27.9,34.172727273,77.863636364,28.795454545,34.213636364,73.540909091,28.845454545,34.081818182,76.068181818,28.663636364000002,33.836363636,74.790909091,28.7,57,2016-08-26,JN,8,4,26,Friday,False,0,1,1,0,1,1,1,1,0.0,0.9045454549999974,1.1181818180000036,0.0,1.1727272729999996,1.2136363640000027,1.0818181819999992,0.8363636360000015,0,False,,0.004722278481012645,0.3911392405063303,0.031610126582278464,0.012274430379746808,25.72658227848101,18.658008658008658
20160826_SU,28.2,23.0,57.0,32.2,70.4,27.1,32.9,59.1,29.1,33.0,68.8,28.3,36.3,58.0,30.7,36.6,57.5,30.7,34.9,59.0,30.1,33.2,69.5,28.9,200,2016-08-26,SU,8,4,26,Friday,False,0,0,0,0,1,1,1,1,0.0,0.0,0.0,0.0,3.299999999999997,3.6000000000000014,1.8999999999999986,0.20000000000000284,0,False,,0.00394022988505747,0.35000000000000125,0.025151006711409376,0.02212975391498876,16.567383918459793,6.576512455516014
20160826_US,27.2,22.3,85.9,32.7,82.0,27.5,30.1,80.0,25.8,29.7,81.8,26.3,31.6,82.8,27.4,30.8,81.1,27.4,30.6,78.6,27.2,31.3,82.8,27.1,11,2016-08-26,US,8,4,26,Friday,False,0,0,0,0,0,0,0,0,0.0,0.0,0.0,0.0,0.0,0.0,0.0,0.0,0,False,,0.004401129943502818,0.4327683615819213,0.02376836158192088,0.01711016949152539,28.917378917378922,14.1025641025641
20160827_BS,28.2,23.6,61.6,27.9,74.6,24.3,33.4,73.4,28.6,31.8,66.0,27.6,31.2,70.3,27.6,32.5,70.1,28.9,33.3,68.4,29.1,31.7,68.0,28.6,16,2016-08-27,BS,8,5,27,Saturday,False,0,0,1,0,0,0,1,0,0.0,0.0,0.3999999999999986,0.0,0.0,0.0,0.29999999999999716,0.0,0,True,,0.003928240740740724,0.2745370370370368,0.03155357142857141,0.010043650793650754,27.169322709163342,8.5
20160827_CB,27.033333333,21.64,58.006666667,26.14,78.56666666699999,20.5,33.746666667,59.626666666999995,27.606666667,34.1,54.54,28.073333333,33.46,64.146666667,28.086666667,35.193333333000005,59.0,28.7,34.446666666999995,54.26,28.286666667,36.04,53.053333333000005,29.62,10,2016-08-27,CB,8,5,27,Saturday,False,0,0,1,1,1,1,1,1,0.0,0.0,0.7466666669999995,1.1000000000000014,0.46000000000000085,2.1933333330000053,1.4466666669999952,3.039999999999999,0,True,,0.001657196969696971,0.21399176954732585,0.022749999999999986,0.009978749999999979,15.303030303030305,4.53781512605042
20160827_CN,27.5,22.44375,67.78125,26.01875,87.2,21.89375,33.45,75.33125,27.5,33.14375,76.15625,27.7,32.425,81.925,27.31875,34.68125,74.58125,28.2,33.8625,69.56875,28.06875,35.2625,75.975,28.8375,12,2016-08-27,CN,8,5,27,Saturday,False,0,0,1,1,0,1,1,1,0.0,0.0,0.45000000000000284,0.14374999999999716,0.0,1.6812499999999986,0.8624999999999972,2.262500000000003,0,True,,0.0021341666666666666,0.3491666666666667,0.031158333333333312,0.011335648148148124,20.736401673640167,7.972222222222222
20160827_DG,27.4,23.1,56.9,30.2,75.9,22.3,36.2,54.9,29.5,33.9,61.5,27.5,32.5,64.4,27.9,34.6,65.3,28.4,33.9,60.8,28.4,33.6,62.5,28.1,13,2016-08-27,DG,8,5,27,Saturday,False,0,0,1,1,0,1,1,1,0.0,0.0,3.200000000000003,0.8999999999999986,0.0,1.6000000000000014,0.8999999999999986,0.6000000000000014,0,True,,0.0021736111111111127,0.1954545454545458,0.02402083333333331,0.010249999999999973,18.29151291512915,6.205263157894738
20160827_DJ,27.9,22.6,63.9,27.4,84.4,22.0,33.9,65.9,28.5,34.5,66.8,28.9,33.4,74.3,28.8,36.7,61.5,30.3,34.9,56.6,29.7,37.6,56.4,31.2,8,2016-08-27,DJ,8,5,27,Saturday,False,0,0,1,1,1,1,1,1,0.0,0.0,0.8999999999999986,1.5,0.3999999999999986,3.700000000000003,1.8999999999999986,4.600000000000001,0,True,,0.0015958333333333345,0.32083333333333297,0.031012499999999988,0.011833333333333309,16.375,3.4916666666666667
20160827_GB,27.079166667,21.641666667,64.033333333,26.9125,83.866666667,20.333333333,34.483333333000004,65.075,27.429166666999997,33.020833333,66.583333333,26.416666666999998,31.558333333,71.50416666699999,26.558333333,33.379166667,70.291666667,27.35,33.366666667,68.845833333,27.275,33.45,67.9625,27.366666666999997,21,2016-08-27,GB,8,5,27,Saturday,False,0,0,1,1,0,1,1,1,0.0,0.0,1.4833333330000045,0.020833332999998788,0.0,0.3791666669999998,0.36666666699999695,0.45000000000000284,0,True,,0.0038626535626535437,0.2901333333333328,0.029583743842364518,0.006796805896805882,16.618798955613578,7.180124223602483
20160827_GG,28.854761905,22.842857143000003,50.076190476,26.938095238000002,66.416666667,22.302380951999996,32.84047619,73.633333333,27.133333333000003,33.1,64.964285714,28.64047619,33.183333333,72.111904762,28.373809524000002,35.107142857,68.592857143,29.369047619,35.702380952,61.61904761899999,29.85,34.869047619,65.70952381,29.861904761999998,56,2016-08-27,GG,8,5,27,Saturday,False,0,0,0,1,1,1,1,1,0.0,0.0,0.0,0.10000000000000142,0.1833333330000002,2.1071428569999995,2.7023809519999986,1.8690476189999998,0,True,,0.0027171474358973946,0.2997209821428584,0.026983333333333352,0.016149619565217373,16.3510226644555,6.965986394557822
20160827_GJ,26.2,22.2,82.3,28.5,93.8,23.9,35.0,68.3,28.8,34.9,72.6,29.1,34.1,86.0,27.9,35.7,76.3,29.8,35.9,73.0,29.9,35.9,76.3,29.9,9,2016-08-27,GJ,8,5,27,Saturday,False,0,0,1,1,1,1,1,1,0.0,0.0,2.0,1.8999999999999986,1.1000000000000014,2.700000000000003,2.8999999999999986,2.8999999999999986,0,True,,0.0019768518518518533,0.3412037037037037,0.022319444444444416,0.01388425925925924,10.504629629629632,4.261904761904762
20160827_GN,28.513636364,23.418181818,60.5,28.445454545,84.16818181800001,22.809090909000002,34.263636364,70.659090909,27.563636364,33.881818181999996,64.127272727,27.204545455,31.840909091,73.3,27.468181818,34.990909091,70.118181818,28.609090909000003,34.159090909,68.1,28.363636364,34.122727273,68.18636363600001,28.359090909000003,16,2016-08-27,GN,8,5,27,Saturday,False,0,0,1,1,0,1,1,1,0.0,0.0,1.263636364,0.8818181819999964,0.0,1.990909090999999,1.1590909089999997,1.1227272730000024,0,True,,0.003027083333333324,0.24526515151515216,0.03027083333333332,0.008097727272727244,23.131178707224336,7.729957805907173
20160827_GW,26.305555555999998,20.316666667,65.861111111,24.627777778000002,72.65,19.65,32.411111111,73.21111111100001,26.061111111,31.505555555999997,70.15555555600001,26.194444444000002,32.266666666999996,70.494444444,26.611111111,32.566666667,73.06666666699999,26.55,32.333333333,73.4,26.538888889000003,33.233333333000004,71.116666667,27.755555555999997,7,2016-08-27,GW,8,5,27,Saturday,False,0,0,0,0,0,0,0,1,0.0,0.0,0.0,0.0,0.0,0.0,0.0,0.23333333300000447,0,True,,0.0016329166666666694,0.2520833333333328,0.02616666666666665,0.005687500000000001,17.979166666666668,6.072463768115942
20160827_IC,28.03,23.55,51.48,27.05,67.18,23.11,30.94,88.83,26.78,31.8,81.28,28.08,31.95,84.46,28.67,33.63,85.55,28.92,33.88,75.64,29.62,33.91,84.61,29.32,8,2016-08-27,IC,8,5,27,Saturday,False,0,0,0,0,0,1,1,1,0.0,0.0,0.0,0.0,0.0,0.6300000000000026,0.8800000000000026,0.9099999999999966,0,True,,0.0039577380952380775,0.3117296222664019,0.02584920634920629,0.01682301587301585,18.31236897274633,5.138888888888889
20160827_JB,26.34,22.18,69.266666667,26.26,87.48666666700001,22.48,33.54,69.833333333,27.046666666999997,34.226666666999996,71.98,27.973333333000003,31.886666666999997,79.28,27.126666667,34.633333333,71.38,28.18,34.74,66.56666666699999,28.246666667,35.32,71.966666667,28.413333333,24,2016-08-27,JB,8,5,27,Saturday,False,0,0,1,1,0,1,1,1,0.0,0.0,0.5399999999999991,1.2266666669999964,0.0,1.633333333000003,1.740000000000002,2.3200000000000003,0,True,,0.0028669444444444424,0.28249999999999936,0.02917559523809522,0.009307777777777757,19.374647887323945,8.856502242152466
20160827_JJ,25.7,24.4,83.95,31.7,73.9,27.95,31.45,78.1,28.35,30.9,74.25,28.2,31.55,73.7,28.75,32.4,74.45,29.35,31.9,72.1,28.8,32.05,76.25,28.65,2,2016-08-27,JJ,8,5,27,Saturday,False,0,0,0,0,0,0,0,0,0.0,0.0,0.0,0.0,0.0,0.0,0.0,0.0,0,True,,0.0009020833333333332,0.224468085106383,0.03026041666666665,0.0040906250000000005,26.414893617021278,9.65625
20160827_JN,26.236363636,22.5,75.981818182,29.877272726999998,85.75,24.381818181999996,33.904545455,72.204545455,27.795454545,34.118181818000004,69.527272727,28.109090909000003,32.55,80.6,27.9,34.172727273,77.863636364,28.795454545,34.213636364,73.540909091,28.845454545,34.081818182,76.068181818,28.663636364000002,24,2016-08-27,JN,8,5,27,Saturday,False,0,0,1,1,0,1,1,1,0.0,0.0,0.9045454549999974,1.1181818180000036,0.0,1.1727272729999996,1.2136363640000027,1.0818181819999992,0,True,,0.004425490196078414,0.3115196078431374,0.030223039215686243,0.00903161764705879,18.80493827160494,9.691983122362867
20160827_SU,29.7,23.4,43.3,28.2,57.0,23.0,32.2,70.4,27.1,32.9,59.1,29.1,33.0,68.8,28.3,36.3,58.0,30.7,36.6,57.5,30.7,34.9,59.0,30.1,64,2016-08-27,SU,8,5,27,Saturday,False,0,0,0,0,0,1,1,1,0.0,0.0,0.0,0.0,0.0,3.299999999999997,3.6000000000000014,1.8999999999999986,0,True,,0.003978579481397967,0.3232845894263231,0.024486338797814155,0.022379234972677572,15.95596133190118,5.102564102564102
20160827_US,25.9,23.3,61.5,27.2,85.9,22.3,32.7,82.0,27.5,30.1,80.0,25.8,29.7,81.8,26.3,31.6,82.8,27.4,30.8,81.1,27.4,30.6,78.6,27.2,0,2016-08-27,US,8,5,27,Saturday,False,0,0,0,0,0,0,0,0,0.0,0.0,0.0,0.0,0.0,0.0,0.0,0.0,0,True,,0.005497222222222208,0.2427777777777775,0.03105277777777778,0.009916201117318415,22.230555555555554,5.243697478991597
20160828_BS,24.0,19.0,94.3,28.2,61.6,23.6,27.9,74.6,24.3,33.4,73.4,28.6,31.8,66.0,27.6,31.2,70.3,27.6,32.5,70.1,28.9,33.3,68.4,29.1,1,2016-08-28,BS,8,6,28,Sunday,False,0,0,0,1,0,0,0,1,0.0,0.0,0.0,0.3999999999999986,0.0,0.0,0.0,0.29999999999999716,0,True,,0.002818401937046,0.27651331719128325,0.030832989690721613,0.008727835051546355,15.124463519313304,7.144329896907218
20160828_CB,23.333333333000002,19.36,77.973333333,27.033333333,58.006666667,21.64,26.14,78.56666666699999,20.5,33.746666667,59.626666666999995,27.606666667,34.1,54.54,28.073333333,33.46,64.146666667,28.086666667,35.193333333000005,59.0,28.7,34.446666666999995,54.26,28.286666667,0,2016-08-28,CB,8,6,28,Sunday,False,0,0,0,1,1,1,1,1,0.0,0.0,0.0,0.7466666669999995,1.1000000000000014,0.46000000000000085,2.1933333330000053,1.4466666669999952,0,True,,0.001641666666666668,0.1868312757201652,0.01907196969696966,0.007855506607929495,10.053030303030305,3.0502092050209204
20160828_CN,25.16875,20.325,80.79375,27.5,67.78125,22.44375,26.01875,87.2,21.89375,33.45,75.33125,27.5,33.14375,76.15625,27.7,32.425,81.925,27.31875,34.68125,74.58125,28.2,33.8625,69.56875,28.06875,2,2016-08-28,CN,8,6,28,Sunday,False,0,0,0,1,1,0,1,1,0.0,0.0,0.0,0.45000000000000284,0.14374999999999716,0.0,1.6812499999999986,0.8624999999999972,0,True,,0.002337083333333335,0.3537500000000002,0.02359583333333332,0.00970138888888887,15.566666666666665,7.472222222222222
20160828_DG,23.0,19.3,88.6,27.4,56.9,23.1,30.2,75.9,22.3,36.2,54.9,29.5,33.9,61.5,27.5,32.5,64.4,27.9,34.6,65.3,28.4,33.9,60.8,28.4,3,2016-08-28,DG,8,6,28,Sunday,False,0,0,0,1,1,0,1,1,0.0,0.0,0.0,3.200000000000003,0.8999999999999986,0.0,1.6000000000000014,0.8999999999999986,0,True,,0.002017361111111113,0.21553030303030307,0.020298611111111083,0.010079861111111085,10.641509433962264,4.603174603174604
20160828_DJ,24.5,20.0,81.8,27.9,63.9,22.6,27.4,84.4,22.0,33.9,65.9,28.5,34.5,66.8,28.9,33.4,74.3,28.8,36.7,61.5,30.3,34.9,56.6,29.7,2,2016-08-28,DJ,8,6,28,Sunday,False,0,0,0,1,1,1,1,1,0.0,0.0,0.0,0.8999999999999986,1.5,0.3999999999999986,3.700000000000003,1.8999999999999986,0,True,,0.001766666666666668,0.34666666666666657,0.023804166666666644,0.00984166666666665,12.466666666666667,3.15
20160828_GB,21.7125,18.691666667,92.55,27.079166667,64.033333333,21.641666667,26.9125,83.866666667,20.333333333,34.483333333000004,65.075,27.429166666999997,33.020833333,66.583333333,26.416666666999998,31.558333333,71.50416666699999,26.558333333,33.379166667,70.291666667,27.35,33.366666667,68.845833333,27.275,1,2016-08-28,GB,8,6,28,Sunday,False,0,0,0,1,1,0,1,1,0.0,0.0,0.0,1.4833333330000045,0.020833332999998788,0.0,0.3791666669999998,0.36666666699999695,0,True,,0.003236842105263141,0.3234972677595626,0.027679104477611925,0.006466417910447737,10.121951219512193,4.111888111888112
20160828_GG,23.926190476,20.707142857,68.164285714,28.854761905,50.076190476,22.842857143000003,26.938095238000002,66.416666667,22.302380951999996,32.84047619,73.633333333,27.133333333000003,33.1,64.964285714,28.64047619,33.183333333,72.111904762,28.373809524000002,35.107142857,68.592857143,29.369047619,35.702380952,61.61904761899999,29.85,7,2016-08-28,GG,8,6,28,Sunday,False,0,0,0,0,1,1,1,1,0.0,0.0,0.0,0.0,0.10000000000000142,0.1833333330000002,2.1071428569999995,2.7023809519999986,0,True,,0.002656787452677093,0.2983108108108113,0.0233185840707965,0.011280273224043676,12.7241186345831,5.6116838487972505
20160828_GJ,25.5,20.4,84.6,26.2,82.3,22.2,28.5,93.8,23.9,35.0,68.3,28.8,34.9,72.6,29.1,34.1,86.0,27.9,35.7,76.3,29.8,35.9,73.0,29.9,1,2016-08-28,GJ,8,6,28,Sunday,False,0,0,0,1,1,1,1,1,0.0,0.0,0.0,2.0,1.8999999999999986,1.1000000000000014,2.700000000000003,2.8999999999999986,0,True,,0.0018611111111111124,0.30925925925925896,0.02765277777777774,0.009023148148148127,9.916666666666666,4.541666666666667
20160828_GN,22.463636364,18.968181817999998,90.113636364,28.513636364,60.5,23.418181818,28.445454545,84.16818181800001,22.809090909000002,34.263636364,70.659090909,27.563636364,33.881818181999996,64.127272727,27.204545455,31.840909091,73.3,27.468181818,34.990909091,70.118181818,28.609090909000003,34.159090909,68.1,28.363636364,1,2016-08-28,GN,8,6,28,Sunday,False,0,0,0,1,1,0,1,1,0.0,0.0,0.0,1.263636364,0.8818181819999964,0.0,1.990909090999999,1.1590909089999997,0,True,,0.002804356060606048,0.242992424242425,0.027331439393939384,0.006951136363636332,12.491193737769079,4.6
20160828_GW,21.516666667,18.805555555999998,83.43333333300001,26.305555555999998,65.861111111,20.316666667,24.627777778000002,72.65,19.65,32.411111111,73.21111111100001,26.061111111,31.505555555999997,70.15555555600001,26.194444444000002,32.266666666999996,70.494444444,26.611111111,32.566666667,73.06666666699999,26.55,32.333333333,73.4,26.538888889000003,0,2016-08-28,GW,8,6,28,Sunday,False,0,0,0,0,0,0,0,0,0.0,0.0,0.0,0.0,0.0,0.0,0.0,0.0,0,True,,0.0016357142857142885,0.2621848739495792,0.026021008403361308,0.00423655462184874,13.51931330472103,5.557377049180328
20160828_IC,25.89,22.08,68.39,28.03,51.48,23.55,27.05,67.18,23.11,30.94,88.83,26.78,31.8,81.28,28.08,31.95,84.46,28.67,33.63,85.55,28.92,33.88,75.64,29.62,2,2016-08-28,IC,8,6,28,Sunday,False,0,0,0,0,0,0,1,1,0.0,0.0,0.0,0.0,0.0,0.0,0.6300000000000026,0.8800000000000026,0,True,,0.003854183266932249,0.29700598802395195,0.02485059760956171,0.009976693227091608,16.60796645702306,4.953846153846154
20160828_JB,23.793333333000003,19.713333332999998,82.326666667,26.34,69.266666667,22.18,26.26,87.48666666700001,22.48,33.54,69.833333333,27.046666666999997,34.226666666999996,71.98,27.973333333000003,31.886666666999997,79.28,27.126666667,34.633333333,71.38,28.18,34.74,66.56666666699999,28.246666667,0,2016-08-28,JB,8,6,28,Sunday,False,0,0,0,1,1,0,1,1,0.0,0.0,0.0,0.5399999999999991,1.2266666669999964,0.0,1.633333333000003,1.740000000000002,0,True,,0.002855307262569831,0.27194444444444404,0.02641071428571427,0.007339444444444426,16.712290502793294,8.586666666666666
20160828_JJ,25.95,23.0,80.15,25.7,83.95,24.4,31.7,73.9,27.95,31.45,78.1,28.35,30.9,74.25,28.2,31.55,73.7,28.75,32.4,74.45,29.35,31.9,72.1,28.8,0,2016-08-28,JJ,8,6,28,Sunday,False,0,0,0,0,0,0,0,0,0.0,0.0,0.0,0.0,0.0,0.0,0.0,0.0,0,True,,0.0014131868131868148,0.1947368421052632,0.03186458333333333,0.0044072916666666705,14.469879518072288,6.925531914893617
20160828_JN,25.027272727,20.322727272999998,82.245454545,26.236363636,75.981818182,22.5,29.877272726999998,85.75,24.381818181999996,33.904545455,72.204545455,27.795454545,34.118181818000004,69.527272727,28.109090909000003,32.55,80.6,27.9,34.172727273,77.863636364,28.795454545,34.213636364,73.540909091,28.845454545,0,2016-08-28,JN,8,6,28,Sunday,False,0,0,0,1,1,0,1,1,0.0,0.0,0.0,0.9045454549999974,1.1181818180000036,0.0,1.1727272729999996,1.2136363640000027,0,True,,0.004965686274509797,0.37321867321867336,0.02564950980392151,0.00877573529411762,12.182044887780547,6.777272727272727
20160828_SU,24.5,21.0,62.5,29.7,43.3,23.4,28.2,57.0,23.0,32.2,70.4,27.1,32.9,59.1,29.1,33.0,68.8,28.3,36.3,58.0,30.7,36.6,57.5,30.7,6,2016-08-28,SU,8,6,28,Sunday,False,0,0,0,0,0,0,1,1,0.0,0.0,0.0,0.0,0.0,0.0,3.299999999999997,3.6000000000000014,0,True,,0.0037817982456140203,0.3095499451152581,0.021238247863247836,0.015606645230439387,12.630434782608695,4.555743243243243
20160828_US,23.2,18.7,97.6,25.9,61.5,23.3,27.2,85.9,22.3,32.7,82.0,27.5,30.1,80.0,25.8,29.7,81.8,26.3,31.6,82.8,27.4,30.8,81.1,27.4,0,2016-08-28,US,8,6,28,Sunday,False,0,0,0,0,0,0,0,0,0.0,0.0,0.0,0.0,0.0,0.0,0.0,0.0,0,True,,0.0037249999999999905,0.3091666666666663,0.031402777777777745,0.009143661971830952,12.755747126436784,4.703703703703703
20160829_BS,25.7,21.3,66.8,24.0,94.3,19.0,28.2,61.6,23.6,27.9,74.6,24.3,33.4,73.4,28.6,31.8,66.0,27.6,31.2,70.3,27.6,32.5,70.1,28.9,64,2016-08-29,BS,8,0,29,Monday,False,0,0,0,0,1,0,0,0,0.0,0.0,0.0,0.0,0.3999999999999986,0.0,0.0,0.0,0,False,,0.002589928057553952,0.2973621103117507,0.0254551020408163,0.013063265306122413,17.533755274261605,8.314814814814815
20160829_CB,25.093333333,19.433333333,70.226666667,23.333333333000002,77.973333333,19.36,27.033333333,58.006666667,21.64,26.14,78.56666666699999,20.5,33.746666667,59.626666666999995,27.606666667,34.1,54.54,28.073333333,33.46,64.146666667,28.086666667,35.193333333000005,59.0,28.7,54,2016-08-29,CB,8,0,29,Monday,False,0,0,0,0,1,1,1,1,0.0,0.0,0.0,0.0,0.7466666669999995,1.1000000000000014,0.46000000000000085,2.1933333330000053,0,False,,0.0017177865612648235,0.17907949790795047,0.017984189723320134,0.010046118721461168,11.244979919678713,3.795833333333333
20160829_CN,27.075,20.8625,74.2875,25.16875,80.79375,20.325,27.5,67.78125,22.44375,26.01875,87.2,21.89375,33.45,75.33125,27.5,33.14375,76.15625,27.7,32.425,81.925,27.31875,34.68125,74.58125,28.2,68,2016-08-29,CN,8,0,29,Monday,False,0,0,0,0,1,1,0,1,0.0,0.0,0.0,0.0,0.45000000000000284,0.14374999999999716,0.0,1.6812499999999986,0,False,,0.0023916317991631787,0.3820083682008365,0.026347280334728,0.010882790697674406,20.832635983263604,8.732394366197184
20160829_DG,25.6,21.4,60.3,23.0,88.6,19.3,27.4,56.9,23.1,30.2,75.9,22.3,36.2,54.9,29.5,33.9,61.5,27.5,32.5,64.4,27.9,34.6,65.3,28.4,66,2016-08-29,DG,8,0,29,Monday,False,0,0,0,0,1,1,0,1,0.0,0.0,0.0,0.0,3.200000000000003,0.8999999999999986,0.0,1.6000000000000014,0,False,,0.002200704225352114,0.19670329670329706,0.021154929577464752,0.011577464788732372,12.70357142857143,5.346153846153847
20160829_DJ,27.2,20.5,75.1,24.5,81.8,20.0,27.9,63.9,22.6,27.4,84.4,22.0,33.9,65.9,28.5,34.5,66.8,28.9,33.4,74.3,28.8,36.7,61.5,30.3,47,2016-08-29,DJ,8,0,29,Monday,False,0,0,0,0,1,1,1,1,0.0,0.0,0.0,0.0,0.8999999999999986,1.5,0.3999999999999986,3.700000000000003,0,False,,0.0018750000000000012,0.3895833333333333,0.023983333333333308,0.01448333333333331,14.529166666666667,4.25
20160829_GB,23.745833333,19.441666667,72.1125,21.7125,92.55,18.691666667,27.079166667,64.033333333,21.641666667,26.9125,83.866666667,20.333333333,34.483333333000004,65.075,27.429166666999997,33.020833333,66.583333333,26.416666666999998,31.558333333,71.50416666699999,26.558333333,33.379166667,70.291666667,27.35,83,2016-08-29,GB,8,0,29,Monday,False,0,0,0,0,1,1,0,1,0.0,0.0,0.0,0.0,1.4833333330000045,0.020833332999998788,0.0,0.3791666669999998,0,False,,0.00321155778894471,0.31243243243243196,0.025913924050632867,0.008236842105263134,9.958208955223881,6.888111888111888
20160829_GG,26.976190476,21.423809524,63.216666667,23.926190476,68.164285714,20.707142857,28.854761905,50.076190476,22.842857143000003,26.938095238000002,66.416666667,22.302380951999996,32.84047619,73.633333333,27.133333333000003,33.1,64.964285714,28.64047619,33.183333333,72.111904762,28.373809524000002,35.107142857,68.592857143,29.369047619,214,2016-08-29,GG,8,0,29,Monday,False,0,0,0,0,0,1,1,1,0.0,0.0,0.0,0.0,0.0,0.10000000000000142,0.1833333330000002,2.1071428569999995,0,False,,0.003045459488852585,0.32406267487408896,0.020072463768115976,0.017460983606557356,18.33481646273637,7.66213921901528
20160829_GJ,27.1,21.9,69.8,25.5,84.6,20.4,26.2,82.3,22.2,28.5,93.8,23.9,35.0,68.3,28.8,34.9,72.6,29.1,34.1,86.0,27.9,35.7,76.3,29.8,48,2016-08-29,GJ,8,0,29,Monday,False,0,0,0,0,1,1,1,1,0.0,0.0,0.0,0.0,2.0,1.8999999999999986,1.1000000000000014,2.700000000000003,0,False,,0.002134259259259261,0.3157407407407408,0.027712962962962932,0.011652777777777757,12.791666666666664,5.125
20160829_GN,26.868181818000004,21.563636364,63.722727273000004,22.463636364,90.113636364,18.968181817999998,28.513636364,60.5,23.418181818,28.445454545,84.16818181800001,22.809090909000002,34.263636364,70.659090909,27.563636364,33.881818181999996,64.127272727,27.204545455,31.840909091,73.3,27.468181818,34.990909091,70.118181818,28.609090909000003,74,2016-08-29,GN,8,0,29,Monday,False,0,0,0,0,1,1,0,1,0.0,0.0,0.0,0.0,1.263636364,0.8818181819999964,0.0,1.990909090999999,0,False,,0.002849810606060594,0.24810606060606136,0.0251149425287356,0.010403219696969659,15.321153846153846,5.4890829694323156
20160829_GW,21.377777778,18.066666667,81.355555556,21.516666667,83.43333333300001,18.805555555999998,26.305555555999998,65.861111111,20.316666667,24.627777778000002,72.65,19.65,32.411111111,73.21111111100001,26.061111111,31.505555555999997,70.15555555600001,26.194444444000002,32.266666666999996,70.494444444,26.611111111,32.566666667,73.06666666699999,26.55,38,2016-08-29,GW,8,0,29,Monday,False,0,0,0,0,0,0,0,0,0.0,0.0,0.0,0.0,0.0,0.0,0.0,0.0,0,False,,0.001615811965811969,0.2719827586206889,0.022491452991452943,0.005583261802575111,15.72340425531915,6.892561983471074
20160829_IC,26.81,22.82,63.61,25.89,68.39,22.08,28.03,51.48,23.55,27.05,67.18,23.11,30.94,88.83,26.78,31.8,81.28,28.08,31.95,84.46,28.67,33.63,85.55,28.92,50,2016-08-29,IC,8,0,29,Monday,False,0,0,0,0,0,0,0,1,0.0,0.0,0.0,0.0,0.0,0.0,0.0,0.6300000000000026,0,False,,0.005311599999999986,0.31062124248497025,0.02565737051792829,0.012296593186372714,22.20682302771855,6.9393939393939394
20160829_JB,26.62,20.593333333,70.08,23.793333333000003,82.326666667,19.713333332999998,26.34,69.266666667,22.18,26.26,87.48666666700001,22.48,33.54,69.833333333,27.046666666999997,34.226666666999996,71.98,27.973333333000003,31.886666666999997,79.28,27.126666667,34.633333333,71.38,28.18,85,2016-08-29,JB,8,0,29,Monday,False,0,0,0,0,1,1,0,1,0.0,0.0,0.0,0.0,0.5399999999999991,1.2266666669999964,0.0,1.633333333000003,0,False,,0.0035455555555555453,0.2927777777777775,0.028806547619047607,0.00960027777777775,21.43888888888889,8.818584070796462
20160829_JJ,27.6,24.25,59.35,25.95,80.15,23.0,25.7,83.95,24.4,31.7,73.9,27.95,31.45,78.1,28.35,30.9,74.25,28.2,31.55,73.7,28.75,32.4,74.45,29.35,18,2016-08-29,JJ,8,0,29,Monday,False,0,0,0,0,0,0,0,0,0.0,0.0,0.0,0.0,0.0,0.0,0.0,0.0,0,False,,0.001414583333333337,0.1730337078651683,0.0309375,0.004989583333333336,23.940476190476193,8.6
20160829_JN,26.954545455,21.890909090999997,66.990909091,25.027272727,82.245454545,20.322727272999998,26.236363636,75.981818182,22.5,29.877272726999998,85.75,24.381818181999996,33.904545455,72.204545455,27.795454545,34.118181818000004,69.527272727,28.109090909000003,32.55,80.6,27.9,34.172727273,77.863636364,28.795454545,93,2016-08-29,JN,8,0,29,Monday,False,0,0,0,0,1,1,0,1,0.0,0.0,0.0,0.0,0.9045454549999974,1.1181818180000036,0.0,1.1727272729999996,0,False,,0.003269999999999985,0.281795511221945,0.027306733167082268,0.008548628428927663,14.345268542199488,7.665254237288137
20160829_SU,27.1,22.2,54.5,24.5,62.5,21.0,29.7,43.3,23.4,28.2,57.0,23.0,32.2,70.4,27.1,32.9,59.1,29.1,33.0,68.8,28.3,36.3,58.0,30.7,244,2016-08-29,SU,8,0,29,Monday,False,0,0,0,0,0,0,0,1,0.0,0.0,0.0,0.0,0.0,0.0,0.0,3.299999999999997,0,False,,0.004002219755826845,0.3614537444933924,0.017326133909287226,0.02319114470842331,18.646486486486488,6.541737649063031
20160829_US,24.2,20.1,75.5,23.2,97.6,18.7,25.9,61.5,23.3,27.2,85.9,22.3,32.7,82.0,27.5,30.1,80.0,25.8,29.7,81.8,26.3,31.6,82.8,27.4,18,2016-08-29,US,8,0,29,Monday,False,0,0,0,0,0,0,0,0,0.0,0.0,0.0,0.0,0.0,0.0,0.0,0.0,0,False,,0.002835654596100281,0.34066852367688016,0.02622005571030639,0.013163841807909568,13.194610778443112,4.91588785046729
20160830_BS,26.0,22.6,58.6,25.7,66.8,21.3,24.0,94.3,19.0,28.2,61.6,23.6,27.9,74.6,24.3,33.4,73.4,28.6,31.8,66.0,27.6,31.2,70.3,27.6,75,2016-08-30,BS,8,1,30,Tuesday,False,0,0,0,0,0,1,0,0,0.0,0.0,0.0,0.0,0.0,0.3999999999999986,0.0,0.0,0,False,,0.002842352941176461,0.3162352941176471,0.030130801687763695,0.014781376518218602,31.340770791075048,13.166666666666664
20160830_CB,23.26,19.06,77.93333333300001,25.093333333,70.226666667,19.433333333,23.333333333000002,77.973333333,19.36,27.033333333,58.006666667,21.64,26.14,78.56666666699999,20.5,33.746666667,59.626666666999995,27.606666667,34.1,54.54,28.073333333,33.46,64.146666667,28.086666667,32,2016-08-30,CB,8,1,30,Tuesday,False,0,0,0,0,0,1,1,1,0.0,0.0,0.0,0.0,0.0,0.7466666669999995,1.1000000000000014,0.46000000000000085,0,False,,0.0021729957805907193,0.2232067510548533,0.01767088607594934,0.013028169014084488,21.008333333333333,8.414225941422593
20160830_CN,24.0125,20.375,80.2,27.075,74.2875,20.8625,25.16875,80.79375,20.325,27.5,67.78125,22.44375,26.01875,87.2,21.89375,33.45,75.33125,27.5,33.14375,76.15625,27.7,32.425,81.925,27.31875,50,2016-08-30,CN,8,1,30,Tuesday,False,0,0,0,0,0,1,1,0,0.0,0.0,0.0,0.0,0.0,0.45000000000000284,0.14374999999999716,0.0,0,False,,0.0020974683544303816,0.3949152542372871,0.027599156118143425,0.010713615023474172,30.76050420168067,10.486111111111109
20160830_DG,26.0,21.9,60.1,25.6,60.3,21.4,23.0,88.6,19.3,27.4,56.9,23.1,30.2,75.9,22.3,36.2,54.9,29.5,33.9,61.5,27.5,32.5,64.4,27.9,61,2016-08-30,DG,8,1,30,Tuesday,False,0,0,0,0,0,1,1,0,0.0,0.0,0.0,0.0,0.0,3.200000000000003,0.8999999999999986,0.0,0,False,,0.0027762237762237784,0.2433566433566436,0.02271678321678319,0.0166363636363636,24.0,10.8848167539267
20160830_DJ,22.6,19.6,82.6,27.2,75.1,20.5,24.5,81.8,20.0,27.9,63.9,22.6,27.4,84.4,22.0,33.9,65.9,28.5,34.5,66.8,28.9,33.4,74.3,28.8,46,2016-08-30,DJ,8,1,30,Tuesday,False,0,0,0,0,0,1,1,1,0.0,0.0,0.0,0.0,0.0,0.8999999999999986,1.5,0.3999999999999986,0,False,,0.001716666666666668,0.4345833333333337,0.024691666666666653,0.014274999999999972,22.75,7.116666666666666
20160830_GB,24.970833333,20.170833333,69.5875,23.745833333,72.1125,19.441666667,21.7125,92.55,18.691666667,27.079166667,64.033333333,21.641666667,26.9125,83.866666667,20.333333333,34.483333333000004,65.075,27.429166666999997,33.020833333,66.583333333,26.416666666999998,31.558333333,71.50416666699999,26.558333333,64,2016-08-30,GB,8,1,30,Tuesday,False,0,0,0,0,0,1,1,0,0.0,0.0,0.0,0.0,0.0,1.4833333330000045,0.020833332999998788,0.0,0,False,,0.0034004975124377976,0.3119047619047621,0.029531746031746024,0.009201243781094508,17.833333333333332,9.309782608695652
20160830_GG,24.680952380999997,20.388095238,68.404761905,26.976190476,63.216666667,21.423809524,23.926190476,68.164285714,20.707142857,28.854761905,50.076190476,22.842857143000003,26.938095238000002,66.416666667,22.302380951999996,32.84047619,73.633333333,27.133333333000003,33.1,64.964285714,28.64047619,33.183333333,72.111904762,28.373809524000002,181,2016-08-30,GG,8,1,30,Tuesday,False,0,0,0,0,0,0,1,1,0.0,0.0,0.0,0.0,0.0,0.0,0.10000000000000142,0.1833333330000002,0,False,,0.003548275862068911,0.3491776315789452,0.02015545505935557,0.018074917127071818,29.48474764281753,10.02773246329527
20160830_GJ,26.1,22.7,70.1,27.1,69.8,21.9,25.5,84.6,20.4,26.2,82.3,22.2,28.5,93.8,23.9,35.0,68.3,28.8,34.9,72.6,29.1,34.1,86.0,27.9,41,2016-08-30,GJ,8,1,30,Tuesday,False,0,0,0,0,0,1,1,1,0.0,0.0,0.0,0.0,0.0,2.0,1.8999999999999986,1.1000000000000014,0,False,,0.0019666666666666678,0.33523809523809545,0.03293809523809523,0.012904761904761888,29.373831775700932,9.730538922155688
20160830_GN,26.322727273,22.166666666999998,59.695238095,26.868181818000004,63.722727273000004,21.563636364,22.463636364,90.113636364,18.968181817999998,28.513636364,60.5,23.418181818,28.445454545,84.16818181800001,22.809090909000002,34.263636364,70.659090909,27.563636364,33.881818181999996,64.127272727,27.204545455,31.840909091,73.3,27.468181818,61,2016-08-30,GN,8,1,30,Tuesday,False,0,0,0,0,0,1,1,0,0.0,0.0,0.0,0.0,0.0,1.263636364,0.8818181819999964,0.0,0,False,,0.003200580270793024,0.2900000000000008,0.03023274161735696,0.012551538461538428,28.404296875,10.403361344537815
20160830_GW,22.205555556,18.616666667,78.166666667,21.377777778,81.355555556,18.066666667,21.516666667,83.43333333300001,18.805555555999998,26.305555555999998,65.861111111,20.316666667,24.627777778000002,72.65,19.65,32.411111111,73.21111111100001,26.061111111,31.505555555999997,70.15555555600001,26.194444444000002,32.266666666999996,70.494444444,26.611111111,38,2016-08-30,GW,8,1,30,Tuesday,False,0,0,0,0,0,0,0,0,0.0,0.0,0.0,0.0,0.0,0.0,0.0,0.0,0,False,,0.0019204166666666688,0.3099999999999996,0.02169583333333329,0.008736666666666655,21.647058823529417,11.291970802919707
20160830_IC,24.47,21.34,73.54,26.81,63.61,22.82,25.89,68.39,22.08,28.03,51.48,23.55,27.05,67.18,23.11,30.94,88.83,26.78,31.8,81.28,28.08,31.95,84.46,28.67,40,2016-08-30,IC,8,1,30,Tuesday,False,0,0,0,0,0,0,0,0,0.0,0.0,0.0,0.0,0.0,0.0,0.0,0.0,0,False,,0.004656964656964652,0.3225806451612904,0.027068273092369446,0.010741263157894716,30.042016806722692,8.40625
20160830_JB,24.193333333,20.753333333,71.52,26.62,70.08,20.593333333,23.793333333000003,82.326666667,19.713333332999998,26.34,69.266666667,22.18,26.26,87.48666666700001,22.48,33.54,69.833333333,27.046666666999997,34.226666666999996,71.98,27.973333333000003,31.886666666999997,79.28,27.126666667,79,2016-08-30,JB,8,1,30,Tuesday,False,0,0,0,0,0,1,1,0,0.0,0.0,0.0,0.0,0.0,0.5399999999999991,1.2266666669999964,0.0,0,False,,0.0038610644257702923,0.3131652661064419,0.03578378378378377,0.009411647727272704,38.2752808988764,14.379166666666665
20160830_JJ,27.55,24.65,61.45,27.6,59.35,24.25,25.95,80.15,23.0,25.7,83.95,24.4,31.7,73.9,27.95,31.45,78.1,28.35,30.9,74.25,28.2,31.55,73.7,28.75,19,2016-08-30,JJ,8,1,30,Tuesday,False,0,0,0,0,0,0,0,0,0.0,0.0,0.0,0.0,0.0,0.0,0.0,0.0,0,False,,0.00161666666666667,0.19361702127659566,0.042375,0.005082795698924736,42.87096774193548,14.09375
20160830_JN,26.131818181999996,22.618181818000004,67.909090909,26.954545455,66.990909091,21.890909090999997,25.027272727,82.245454545,20.322727272999998,26.236363636,75.981818182,22.5,29.877272726999998,85.75,24.381818181999996,33.904545455,72.204545455,27.795454545,34.118181818000004,69.527272727,28.109090909000003,32.55,80.6,27.9,69,2016-08-30,JN,8,1,30,Tuesday,False,0,0,0,0,0,1,1,0,0.0,0.0,0.0,0.0,0.0,0.9045454549999974,1.1181818180000036,0.0,0,False,,0.004161481481481465,0.3031862745098037,0.035524509803921536,0.007427205882352922,26.81094527363184,11.594142259414227
20160830_SU,24.5,20.6,60.4,27.1,54.5,22.2,24.5,62.5,21.0,29.7,43.3,23.4,28.2,57.0,23.0,32.2,70.4,27.1,32.9,59.1,29.1,33.0,68.8,28.3,223,2016-08-30,SU,8,1,30,Tuesday,False,0,0,0,0,0,0,0,0,0.0,0.0,0.0,0.0,0.0,0.0,0.0,0.0,0,False,,0.004179005524861865,0.38775956284153146,0.01807088331515811,0.022875273522975883,30.605292171995593,9.271794871794873
20160830_US,26.4,21.4,66.8,24.2,75.5,20.1,23.2,97.6,18.7,25.9,61.5,23.3,27.2,85.9,22.3,32.7,82.0,27.5,30.1,80.0,25.8,29.7,81.8,26.3,15,2016-08-30,US,8,1,30,Tuesday,False,0,0,0,0,0,0,0,0,0.0,0.0,0.0,0.0,0.0,0.0,0.0,0.0,0,False,,0.0038338028169013984,0.40816901408450745,0.023890140845070386,0.017461971830985884,24.182336182336183,10.47863247863248
20160831_BS,29.8,25.3,52.5,26.0,58.6,22.6,25.7,66.8,21.3,24.0,94.3,19.0,28.2,61.6,23.6,27.9,74.6,24.3,33.4,73.4,28.6,31.8,66.0,27.6,56,2016-08-31,BS,8,2,31,Wednesday,False,0,0,0,0,0,0,1,0,0.0,0.0,0.0,0.0,0.0,0.0,0.3999999999999986,0.0,0,False,,0.0044413145539905895,0.37159624413145603,0.05241115702479336,0.011501006036217249,44.670081967213115,17.913131313131313
20160831_CB,23.013333333000002,19.406666667,77.08,23.26,77.93333333300001,19.06,25.093333333,70.226666667,19.433333333,23.333333333000002,77.973333333,19.36,27.033333333,58.006666667,21.64,26.14,78.56666666699999,20.5,33.746666667,59.626666666999995,27.606666667,34.1,54.54,28.073333333,26,2016-08-31,CB,8,2,31,Wednesday,False,0,0,0,0,0,0,1,1,0.0,0.0,0.0,0.0,0.0,0.0,0.7466666669999995,1.1000000000000014,0,False,,0.002095121951219514,0.22073170731707376,0.02697154471544714,0.008986936936936923,15.869918699186993,4.945833333333334
20160831_CN,24.30625,20.8125,82.9625,24.0125,80.2,20.375,27.075,74.2875,20.8625,25.16875,80.79375,20.325,27.5,67.78125,22.44375,26.01875,87.2,21.89375,33.45,75.33125,27.5,33.14375,76.15625,27.7,47,2016-08-31,CN,8,2,31,Wednesday,False,0,0,0,0,0,0,1,1,0.0,0.0,0.0,0.0,0.0,0.0,0.45000000000000284,0.14374999999999716,0,False,,0.0019358333333333348,0.4083333333333335,0.035687500000000004,0.007725462962962955,32.1625,9.958333333333334
20160831_DG,28.5,24.7,46.8,26.0,60.1,21.9,25.6,60.3,21.4,23.0,88.6,19.3,27.4,56.9,23.1,30.2,75.9,22.3,36.2,54.9,29.5,33.9,61.5,27.5,68,2016-08-31,DG,8,2,31,Wednesday,False,0,0,0,0,0,0,1,1,0.0,0.0,0.0,0.0,0.0,0.0,3.200000000000003,0.8999999999999986,0,False,,0.002741134751773052,0.25815602836879464,0.04303533568904593,0.009758865248226922,30.049469964664308,11.354166666666664
20160831_DJ,24.8,21.8,72.9,22.6,82.6,19.6,27.2,75.1,20.5,24.5,81.8,20.0,27.9,63.9,22.6,27.4,84.4,22.0,33.9,65.9,28.5,34.5,66.8,28.9,28,2016-08-31,DJ,8,2,31,Wednesday,False,0,0,0,0,0,0,1,1,0.0,0.0,0.0,0.0,0.0,0.0,0.8999999999999986,1.5,0,False,,0.0018583333333333347,0.4295833333333333,0.041770833333333285,0.009429166666666641,27.481171548117157,7.783333333333332
20160831_GB,25.770833333000002,21.683333333,61.333333333,24.970833333,69.5875,20.170833333,23.745833333,72.1125,19.441666667,21.7125,92.55,18.691666667,27.079166667,64.033333333,21.641666667,26.9125,83.866666667,20.333333333,34.483333333000004,65.075,27.429166666999997,33.020833333,66.583333333,26.416666666999998,68,2016-08-31,GB,8,2,31,Wednesday,False,0,0,0,0,0,0,1,1,0.0,0.0,0.0,0.0,0.0,0.0,1.4833333330000045,0.020833332999998788,0,False,,0.0033460199004975003,0.3153439153439152,0.046018518518518514,0.0057601990049751,23.238605898123325,10.896739130434783
20160831_GG,20.521428570999998,18.178571429,88.126190476,24.680952380999997,68.404761905,20.388095238,26.976190476,63.216666667,21.423809524,23.926190476,68.164285714,20.707142857,28.854761905,50.076190476,22.842857143000003,26.938095238000002,66.416666667,22.302380951999996,32.84047619,73.633333333,27.133333333000003,33.1,64.964285714,28.64047619,206,2016-08-31,GG,8,2,31,Wednesday,False,0,0,0,0,0,0,0,1,0.0,0.0,0.0,0.0,0.0,0.0,0.0,0.10000000000000142,0,False,,0.003136017176596845,0.3295652173913034,0.024275533108866487,0.012875790621592186,18.23993471164309,6.745362563237773
20160831_GJ,28.5,24.6,65.0,26.1,70.1,22.7,27.1,69.8,21.9,25.5,84.6,20.4,26.2,82.3,22.2,28.5,93.8,23.9,35.0,68.3,28.8,34.9,72.6,29.1,31,2016-08-31,GJ,8,2,31,Wednesday,False,0,0,0,0,0,0,1,1,0.0,0.0,0.0,0.0,0.0,0.0,2.0,1.8999999999999986,0,False,,0.0032512077294686013,0.4000000000000001,0.056381642512077286,0.011304347826086934,47.004784688995215,19.682926829268293
20160831_GN,29.490909091,24.890909090999997,49.01363636399999,26.322727273,59.695238095,22.166666666999998,26.868181818000004,63.722727273000004,21.563636364,22.463636364,90.113636364,18.968181817999998,28.513636364,60.5,23.418181818,28.445454545,84.16818181800001,22.809090909000002,34.263636364,70.659090909,27.563636364,33.881818181999996,64.127272727,27.204545455,65,2016-08-31,GN,8,2,31,Wednesday,False,0,0,0,0,0,0,1,1,0.0,0.0,0.0,0.0,0.0,0.0,1.263636364,0.8818181819999964,0,False,,0.003781573896353151,0.34184261036468444,0.052955854126679545,0.008745489443378109,41.75442043222004,15.134782608695652
20160831_GW,20.983333333,18.9,72.833333333,22.205555556,78.166666667,18.616666667,21.377777778,81.355555556,18.066666667,21.516666667,83.43333333300001,18.805555555999998,26.305555555999998,65.861111111,20.316666667,24.627777778000002,72.65,19.65,32.411111111,73.21111111100001,26.061111111,31.505555555999997,70.15555555600001,26.194444444000002,50,2016-08-31,GW,8,2,31,Wednesday,False,0,0,0,0,0,0,0,0,0.0,0.0,0.0,0.0,0.0,0.0,0.0,0.0,0,False,,0.0019243478260869587,0.2695652173913036,0.0277782608695652,0.005613478260869569,14.146666666666668,7.4766355140186915
20160831_IC,20.74,18.92,94.64,24.47,73.54,21.34,26.81,63.61,22.82,25.89,68.39,22.08,28.03,51.48,23.55,27.05,67.18,23.11,30.94,88.83,26.78,31.8,81.28,28.08,50,2016-08-31,IC,8,2,31,Wednesday,False,0,0,0,0,0,0,0,0,0.0,0.0,0.0,0.0,0.0,0.0,0.0,0.0,0,False,,0.004060557768924283,0.3366533864541835,0.02473505976095613,0.010680492813141656,22.52742616033755,7.086956521739131
20160831_JB,26.14,22.96,64.5,24.193333333,71.52,20.753333333,26.62,70.08,20.593333333,23.793333333000003,82.326666667,19.713333332999998,26.34,69.266666667,22.18,26.26,87.48666666700001,22.48,33.54,69.833333333,27.046666666999997,34.226666666999996,71.98,27.973333333000003,68,2016-08-31,JB,8,2,31,Wednesday,False,0,0,0,0,0,0,1,1,0.0,0.0,0.0,0.0,0.0,0.0,0.5399999999999991,1.2266666669999964,0,False,,0.004330833333333309,0.3900000000000001,0.052113095238095236,0.007980357142857126,53.04444444444446,19.870833333333334
20160831_JJ,28.5,25.25,65.85,27.55,61.45,24.65,27.6,59.35,24.25,25.95,80.15,23.0,25.7,83.95,24.4,31.7,73.9,27.95,31.45,78.1,28.35,30.9,74.25,28.2,18,2016-08-31,JJ,8,2,31,Wednesday,False,0,0,0,0,0,0,0,0,0.0,0.0,0.0,0.0,0.0,0.0,0.0,0.0,0,False,,0.002391666666666669,0.34074074074074057,0.06012790697674419,0.005755294117647062,61.56521739130435,25.90217391304348
20160831_JN,28.504545455,24.559090909000002,63.26363636399999,26.131818181999996,67.909090909,22.618181818000004,26.954545455,66.990909091,21.890909090999997,25.027272727,82.245454545,20.322727272999998,26.236363636,75.981818182,22.5,29.877272726999998,85.75,24.381818181999996,33.904545455,72.204545455,27.795454545,34.118181818000004,69.527272727,28.109090909000003,43,2016-08-31,JN,8,2,31,Wednesday,False,0,0,0,0,0,0,1,1,0.0,0.0,0.0,0.0,0.0,0.0,0.9045454549999974,1.1181818180000036,0,False,,0.0064481108312342385,0.39681372549019694,0.0550686274509804,0.007524754901960759,42.75369458128079,21.2875
20160831_SU,19.2,17.7,85.3,24.5,60.4,20.6,27.1,54.5,22.2,24.5,62.5,21.0,29.7,43.3,23.4,28.2,57.0,23.0,32.2,70.4,27.1,32.9,59.1,29.1,219,2016-08-31,SU,8,2,31,Wednesday,False,0,0,0,0,0,0,0,0,0.0,0.0,0.0,0.0,0.0,0.0,0.0,0.0,0,False,,0.004235555555555532,0.36984478935698617,0.016863636363636355,0.021034444444444418,19.680851063829788,6.659322033898305
20160831_US,29.4,25.0,48.5,26.4,66.8,21.4,24.2,75.5,20.1,23.2,97.6,18.7,25.9,61.5,23.3,27.2,85.9,22.3,32.7,82.0,27.5,30.1,80.0,25.8,12,2016-08-31,US,8,2,31,Wednesday,False,0,0,0,0,0,0,0,0,0.0,0.0,0.0,0.0,0.0,0.0,0.0,0.0,0,False,,0.00570473537604454,0.33621169916434523,0.0467660167130919,0.01352367688022279,36.9768115942029,13.915966386554622
20160901_BS,29.3,25.9,72.0,29.8,52.5,25.3,26.0,58.6,22.6,25.7,66.8,21.3,24.0,94.3,19.0,28.2,61.6,23.6,27.9,74.6,24.3,33.4,73.4,28.6,633,2016-09-01,BS,9,3,1,Thursday,False,0,0,0,0,0,0,0,1,0.0,0.0,0.0,0.0,0.0,0.0,0.0,0.3999999999999986,1,False,,0.004803278688524568,0.41288056206089213,0.07351785714285712,0.01478757515030056,60.066265060240966,32.006211180124225
20160901_CB,30.946666667,24.613333333000003,66.393333333,23.013333333000002,77.08,19.406666667,23.26,77.93333333300001,19.06,25.093333333,70.226666667,19.433333333,23.333333333000002,77.973333333,19.36,27.033333333,58.006666667,21.64,26.14,78.56666666699999,20.5,33.746666667,59.626666666999995,27.606666667,121,2016-09-01,CB,9,3,1,Thursday,False,0,0,0,0,0,0,0,1,0.0,0.0,0.0,0.0,0.0,0.0,0.0,0.7466666669999995,1,False,,0.002492526690391461,0.43487544483985824,0.05577224199288256,0.015686328124999975,53.91289198606272,30.403041825095052
20160901_CN,29.93125,24.775,77.44375,24.30625,82.9625,20.8125,24.0125,80.2,20.375,27.075,74.2875,20.8625,25.16875,80.79375,20.325,27.5,67.78125,22.44375,26.01875,87.2,21.89375,33.45,75.33125,27.5,269,2016-09-01,CN,9,3,1,Thursday,False,0,0,0,0,0,0,0,1,0.0,0.0,0.0,0.0,0.0,0.0,0.0,0.45000000000000284,1,False,,0.0024793248945147697,0.6088607594936709,0.0646329113924051,0.013496428571428569,66.21518987341773,36.27777777777778
20160901_DG,32.2,26.7,55.0,28.5,46.8,24.7,26.0,60.1,21.9,25.6,60.3,21.4,23.0,88.6,19.3,27.4,56.9,23.1,30.2,75.9,22.3,36.2,54.9,29.5,315,2016-09-01,DG,9,3,1,Thursday,False,0,0,0,0,0,0,0,1,0.0,0.0,0.0,0.0,0.0,0.0,0.0,3.200000000000003,1,False,,0.004347517730496445,0.4265957446808512,0.07998233215547698,0.012379432624113446,61.16083916083916,35.010471204188484
20160901_DJ,31.5,26.6,64.3,24.8,72.9,21.8,22.6,82.6,19.6,27.2,75.1,20.5,24.5,81.8,20.0,27.9,63.9,22.6,27.4,84.4,22.0,33.9,65.9,28.5,210,2016-09-01,DJ,9,3,1,Thursday,False,0,0,0,0,0,0,0,1,0.0,0.0,0.0,0.0,0.0,0.0,0.0,0.8999999999999986,1,False,,0.002812500000000002,0.6066666666666656,0.08566250000000006,0.013412499999999978,63.85355648535565,32.666666666666664
20160901_GB,30.754166667,24.816666667,65.4125,25.770833333000002,61.333333333,21.683333333,24.970833333,69.5875,20.170833333,23.745833333,72.1125,19.441666667,21.7125,92.55,18.691666667,27.079166667,64.033333333,21.641666667,26.9125,83.866666667,20.333333333,34.483333333000004,65.075,27.429166666999997,390,2016-09-01,GB,9,3,1,Thursday,False,0,0,0,0,0,0,0,1,0.0,0.0,0.0,0.0,0.0,0.0,0.0,1.4833333330000045,1,False,,0.004374999999999985,0.5016666666666668,0.07983333333333344,0.009934047619047596,56.78333333333333,36.16847826086956
20160901_GG,29.016666667,23.116666666999997,77.86428571399999,20.521428570999998,88.126190476,18.178571429,24.680952380999997,68.404761905,20.388095238,26.976190476,63.216666667,21.423809524,23.926190476,68.164285714,20.707142857,28.854761905,50.076190476,22.842857143000003,26.938095238000002,66.416666667,22.302380951999996,32.84047619,73.633333333,27.133333333000003,885,2016-09-01,GG,9,3,1,Thursday,False,0,0,0,0,0,0,0,0,0.0,0.0,0.0,0.0,0.0,0.0,0.0,0.0,1,False,,0.0043244799999999336,0.5408306364617046,0.04410546448087445,0.02493818576860412,61.293959007551244,31.70717423133236
20160901_GJ,32.2,26.5,67.8,28.5,65.0,24.6,26.1,70.1,22.7,27.1,69.8,21.9,25.5,84.6,20.4,26.2,82.3,22.2,28.5,93.8,23.9,35.0,68.3,28.8,210,2016-09-01,GJ,9,3,1,Thursday,False,0,0,0,0,0,0,0,1,0.0,0.0,0.0,0.0,0.0,0.0,0.0,2.0,1,False,,0.0031839622641509453,0.4613207547169818,0.07764150943396228,0.014066037735849034,59.55813953488372,34.5688622754491
20160901_GN,30.168181818,25.459090909,68.909090909,29.490909091,49.01363636399999,24.890909090999997,26.322727273,59.695238095,22.166666666999998,26.868181818000004,63.722727273000004,21.563636364,22.463636364,90.113636364,18.968181817999998,28.513636364,60.5,23.418181818,28.445454545,84.16818181800001,22.809090909000002,34.263636364,70.659090909,27.563636364,505,2016-09-01,GN,9,3,1,Thursday,False,0,0,0,0,0,0,0,1,0.0,0.0,0.0,0.0,0.0,0.0,0.0,1.263636364,1,False,,0.0044666666666666405,0.4307550644567232,0.0769101338432123,0.011600936329587974,62.58724202626642,32.112840466926066
20160901_GW,28.95,22.544444444,72.005555556,20.983333333,72.833333333,18.9,22.205555556,78.166666667,18.616666667,21.377777778,81.355555556,18.066666667,21.516666667,83.43333333300001,18.805555555999998,26.305555555999998,65.861111111,20.316666667,24.627777778000002,72.65,19.65,32.411111111,73.21111111100001,26.061111111,103,2016-09-01,GW,9,3,1,Thursday,False,0,0,0,0,0,0,0,0,0.0,0.0,0.0,0.0,0.0,0.0,0.0,0.0,1,False,,0.0024465437788018453,0.4811059907834098,0.05382027649769586,0.01218755760368662,55.714285714285715,31.8125
20160901_IC,27.56,23.51,90.32,20.74,94.64,18.92,24.47,73.54,21.34,26.81,63.61,22.82,25.89,68.39,22.08,28.03,51.48,23.55,27.05,67.18,23.11,30.94,88.83,26.78,179,2016-09-01,IC,9,3,1,Thursday,False,0,0,0,0,0,0,0,0,0.0,0.0,0.0,0.0,0.0,0.0,0.0,0.0,1,False,,0.005303206412825631,0.5488977955911823,0.044659318637274514,0.019848897795591174,58.38787878787879,30.768361581920907
20160901_JB,31.186666666999997,25.953333333000003,63.013333333,26.14,64.5,22.96,24.193333333,71.52,20.753333333,26.62,70.08,20.593333333,23.793333333000003,82.326666667,19.713333332999998,26.34,69.266666667,22.18,26.26,87.48666666700001,22.48,33.54,69.833333333,27.046666666999997,421,2016-09-01,JB,9,3,1,Thursday,False,0,0,0,0,0,0,0,1,0.0,0.0,0.0,0.0,0.0,0.0,0.0,0.5399999999999991,1,False,,0.004060277777777768,0.4869444444444467,0.08467065868263479,0.009556547619047598,69.98888888888891,40.43514644351465
20160901_JJ,30.8,25.8,75.55,28.5,65.85,25.25,27.55,61.45,24.65,27.6,59.35,24.25,25.95,80.15,23.0,25.7,83.95,24.4,31.7,73.9,27.95,31.45,78.1,28.35,32,2016-09-01,JJ,9,3,1,Thursday,False,0,0,0,0,0,0,0,0,0.0,0.0,0.0,0.0,0.0,0.0,0.0,0.0,1,False,,0.0017541666666666686,0.3431578947368423,0.06303124999999994,0.006886170212765962,52.01052631578948,31.17021276595745
20160901_JN,31.013636364,25.968181818,70.95,28.504545455,63.26363636399999,24.559090909000002,26.131818181999996,67.909090909,22.618181818000004,26.954545455,66.990909091,21.890909090999997,25.027272727,82.245454545,20.322727272999998,26.236363636,75.981818182,22.5,29.877272726999998,85.75,24.381818181999996,33.904545455,72.204545455,27.795454545,271,2016-09-01,JN,9,3,1,Thursday,False,0,0,0,0,0,0,0,1,0.0,0.0,0.0,0.0,0.0,0.0,0.0,0.9045454549999974,1,False,,0.0036306068601582955,0.4717333333333327,0.06581002638522422,0.009278627968337694,52.708661417322844,35.506276150627606
20160901_SU,28.6,23.2,71.3,19.2,85.3,17.7,24.5,60.4,20.6,27.1,54.5,22.2,24.5,62.5,21.0,29.7,43.3,23.4,28.2,57.0,23.0,32.2,70.4,27.1,588,2016-09-01,SU,9,3,1,Thursday,False,0,0,0,0,0,0,0,0,0.0,0.0,0.0,0.0,0.0,0.0,0.0,0.0,1,False,,0.004899198167239372,0.6288939051918745,0.034583050847457615,0.036828442437923214,63.135381114903296,31.41114982578397
20160901_US,30.0,25.9,70.1,29.4,48.5,25.0,26.4,66.8,21.4,24.2,75.5,20.1,23.2,97.6,18.7,25.9,61.5,23.3,27.2,85.9,22.3,32.7,82.0,27.5,138,2016-09-01,US,9,3,1,Thursday,False,0,0,0,0,0,0,0,0,0.0,0.0,0.0,0.0,0.0,0.0,0.0,0.0,1,False,,0.007114845938375325,0.5114845938375356,0.0742966101694915,0.016560224089635818,60.392156862745104,34.68376068376068
20160902_BS,24.9,21.2,93.9,29.3,72.0,25.9,29.8,52.5,25.3,26.0,58.6,22.6,25.7,66.8,21.3,24.0,94.3,19.0,28.2,61.6,23.6,27.9,74.6,24.3,74,2016-09-02,BS,9,4,2,Friday,False,0,0,0,0,0,0,0,0,0.0,0.0,0.0,0.0,0.0,0.0,0.0,0.0,0,False,,0.003701631701631686,0.3962703962703984,0.04280039920159681,0.01937724550898201,33.908350305498985,22.74493927125506
20160902_CB,24.6,21.906666667,77.026666667,30.946666667,66.393333333,24.613333333000003,23.013333333000002,77.08,19.406666667,23.26,77.93333333300001,19.06,25.093333333,70.226666667,19.433333333,23.333333333000002,77.973333333,19.36,27.033333333,58.006666667,21.64,26.14,78.56666666699999,20.5,31,2016-09-02,CB,9,4,2,Friday,False,0,0,0,0,0,0,0,0,0.0,0.0,0.0,0.0,0.0,0.0,0.0,0.0,0,False,,0.00162951388888889,0.3350694444444444,0.03589930555555553,0.012798098859315562,25.951219512195124,17.619771863117872
20160902_CN,27.09375,23.44375,81.35625,29.93125,77.44375,24.775,24.30625,82.9625,20.8125,24.0125,80.2,20.375,27.075,74.2875,20.8625,25.16875,80.79375,20.325,27.5,67.78125,22.44375,26.01875,87.2,21.89375,77,2016-09-02,CN,9,4,2,Friday,False,0,0,0,0,0,0,0,0,0.0,0.0,0.0,0.0,0.0,0.0,0.0,0.0,0,False,,0.0014995833333333345,0.4370833333333336,0.04548749999999998,0.011422083333333324,33.32432432432432,20.625
20160902_DG,21.5,20.1,93.8,32.2,55.0,26.7,28.5,46.8,24.7,26.0,60.1,21.9,25.6,60.3,21.4,23.0,88.6,19.3,27.4,56.9,23.1,30.2,75.9,22.3,75,2016-09-02,DG,9,4,2,Friday,False,0,0,0,0,0,0,0,0,0.0,0.0,0.0,0.0,0.0,0.0,0.0,0.0,0,False,,0.00229268292682927,0.3606271777003481,0.03833449477351916,0.016898954703832708,27.27956989247312,18.486338797814213
20160902_DJ,24.9,22.7,81.0,31.5,64.3,26.6,24.8,72.9,21.8,22.6,82.6,19.6,27.2,75.1,20.5,24.5,81.8,20.0,27.9,63.9,22.6,27.4,84.4,22.0,40,2016-09-02,DJ,9,4,2,Friday,False,0,0,0,0,0,0,0,0,0.0,0.0,0.0,0.0,0.0,0.0,0.0,0.0,0,False,,0.0017375000000000016,0.502083333333334,0.04402083333333332,0.01614166666666665,24.19409282700422,14.205128205128204
20160902_GB,22.841666667,19.975,93.76666666700001,30.754166667,65.4125,24.816666667,25.770833333000002,61.333333333,21.683333333,24.970833333,69.5875,20.170833333,23.745833333,72.1125,19.441666667,21.7125,92.55,18.691666667,27.079166667,64.033333333,21.641666667,26.9125,83.866666667,20.333333333,70,2016-09-02,GB,9,4,2,Friday,False,0,0,0,0,0,0,0,0,0.0,0.0,0.0,0.0,0.0,0.0,0.0,0.0,0,False,,0.0033180952380952216,0.4319444444444453,0.04814651162790693,0.01087361111111109,27.267441860465123,18.751381215469614
20160902_GG,28.726190476,23.688095238000002,73.983333333,29.016666667,77.86428571399999,23.116666666999997,20.521428570999998,88.126190476,18.178571429,24.680952380999997,68.404761905,20.388095238,26.976190476,63.216666667,21.423809524,23.926190476,68.164285714,20.707142857,28.854761905,50.076190476,22.842857143000003,26.938095238000002,66.416666667,22.302380951999996,196,2016-09-02,GG,9,4,2,Friday,False,0,0,0,0,0,0,0,0,0.0,0.0,0.0,0.0,0.0,0.0,0.0,0.0,0,False,,0.003020084790672969,0.4365198711063308,0.04173358862144425,0.019132238966630823,34.985538296732734,22.87371512481645
20160902_GJ,24.8,21.6,94.1,32.2,67.8,26.5,28.5,65.0,24.6,26.1,70.1,22.7,27.1,69.8,21.9,25.5,84.6,20.4,26.2,82.3,22.2,28.5,93.8,23.9,33,2016-09-02,GJ,9,4,2,Friday,False,0,0,0,0,0,0,0,0,0.0,0.0,0.0,0.0,0.0,0.0,0.0,0.0,0,False,,0.0018800000000000012,0.39490740740740776,0.03843518518518515,0.01550925925925924,15.328703703703706,9.18452380952381
20160902_GN,23.345454545,19.781818182000002,94.859090909,30.168181818,68.909090909,25.459090909,29.490909091,49.01363636399999,24.890909090999997,26.322727273,59.695238095,22.166666666999998,26.868181818000004,63.722727273000004,21.563636364,22.463636364,90.113636364,18.968181817999998,28.513636364,60.5,23.418181818,28.445454545,84.16818181800001,22.809090909000002,50,2016-09-02,GN,9,4,2,Friday,False,0,0,0,0,0,0,0,0,0.0,0.0,0.0,0.0,0.0,0.0,0.0,0.0,0,False,,0.0024287545787545772,0.3554945054945069,0.04124908424908424,0.015263553113553081,23.890977443609017,14.305555555555555
20160902_GW,24.95,21.216666667000002,84.911111111,28.95,72.005555556,22.544444444,20.983333333,72.833333333,18.9,22.205555556,78.166666667,18.616666667,21.377777778,81.355555556,18.066666667,21.516666667,83.43333333300001,18.805555555999998,26.305555555999998,65.861111111,20.316666667,24.627777778000002,72.65,19.65,35,2016-09-02,GW,9,4,2,Friday,False,0,0,0,0,0,0,0,0,0.0,0.0,0.0,0.0,0.0,0.0,0.0,0.0,0,False,,0.0018972093023255831,0.4986046511627909,0.035530232558139516,0.011840465116279055,43.199052132701425,31.021897810218977
20160902_IC,28.96,24.12,82.92,27.56,90.32,23.51,20.74,94.64,18.92,24.47,73.54,21.34,26.81,63.61,22.82,25.89,68.39,22.08,28.03,51.48,23.55,27.05,67.18,23.11,52,2016-09-02,IC,9,4,2,Friday,False,0,0,0,0,0,0,0,0,0.0,0.0,0.0,0.0,0.0,0.0,0.0,0.0,0,False,,0.004178199999999987,0.4830339321357294,0.04175200000000003,0.01871759999999997,38.04435483870968,21.907738095238095
20160902_JB,24.906666667,21.773333333000004,83.42,31.186666666999997,63.013333333,25.953333333000003,26.14,64.5,22.96,24.193333333,71.52,20.753333333,26.62,70.08,20.593333333,23.793333333000003,82.326666667,19.713333332999998,26.34,69.266666667,22.18,26.26,87.48666666700001,22.48,93,2016-09-02,JB,9,4,2,Friday,False,0,0,0,0,0,0,0,0,0.0,0.0,0.0,0.0,0.0,0.0,0.0,0.0,0,False,,0.0028117977528089905,0.3699438202247192,0.04707165109034267,0.00989679300291542,24.39181286549708,15.754545454545456
20160902_JJ,24.35,22.9,95.05,30.8,75.55,25.8,28.5,65.85,25.25,27.55,61.45,24.65,27.6,59.35,24.25,25.95,80.15,23.0,25.7,83.95,24.4,31.7,73.9,27.95,18,2016-09-02,JJ,9,4,2,Friday,False,0,0,0,0,0,0,0,0,0.0,0.0,0.0,0.0,0.0,0.0,0.0,0.0,0,False,,0.0013852631578947395,0.3117021276595744,0.03908421052631577,0.00896526315789474,20.622222222222227,14.707317073170733
20160902_JN,24.595454545,21.436363636,91.67272727299999,31.013636364,70.95,25.968181818,28.504545455,63.26363636399999,24.559090909000002,26.131818181999996,67.909090909,22.618181818000004,26.954545455,66.990909091,21.890909090999997,25.027272727,82.245454545,20.322727272999998,26.236363636,75.981818182,22.5,29.877272726999998,85.75,24.381818181999996,64,2016-09-02,JN,9,4,2,Friday,False,0,0,0,0,0,0,0,0,0.0,0.0,0.0,0.0,0.0,0.0,0.0,0.0,0,False,,0.0038914893617021116,0.41105121293800667,0.04031117021276593,0.010476861702127643,14.864864864864865,11.400862068965518
20160902_SU,29.0,24.2,68.5,28.6,71.3,23.2,19.2,85.3,17.7,24.5,60.4,20.6,27.1,54.5,22.2,24.5,62.5,21.0,29.7,43.3,23.4,28.2,57.0,23.0,234,2016-09-02,SU,9,4,2,Friday,False,0,0,0,0,0,0,0,0,0.0,0.0,0.0,0.0,0.0,0.0,0.0,0.0,0,False,,0.0042090261282660205,0.5067505720823797,0.034074200913242,0.030842105263157837,37.93834080717489,23.92442882249561
20160902_US,25.1,20.7,96.1,30.0,70.1,25.9,29.4,48.5,25.0,26.4,66.8,21.4,24.2,75.5,20.1,23.2,97.6,18.7,25.9,61.5,23.3,27.2,85.9,22.3,9,2016-09-02,US,9,4,2,Friday,False,0,0,0,0,0,0,0,0,0.0,0.0,0.0,0.0,0.0,0.0,0.0,0.0,0,False,,0.0056488764044943535,0.4516853932584292,0.042949438202247205,0.0206404494382022,31.7090395480226,20.991071428571427
20160903_BS,27.9,24.4,87.6,24.9,93.9,21.2,29.3,72.0,25.9,29.8,52.5,25.3,26.0,58.6,22.6,25.7,66.8,21.3,24.0,94.3,19.0,28.2,61.6,23.6,17,2016-09-03,BS,9,5,3,Saturday,False,0,0,0,0,0,0,0,0,0.0,0.0,0.0,0.0,0.0,0.0,0.0,0.0,0,True,,0.004888888888888871,0.3870370370370389,0.02656349206349204,0.016958333333333315,33.35306122448979,18.818181818181817
20160903_CB,28.693333333,23.726666666999996,75.126666667,24.6,77.026666667,21.906666667,30.946666667,66.393333333,24.613333333000003,23.013333333000002,77.08,19.406666667,23.26,77.93333333300001,19.06,25.093333333,70.226666667,19.433333333,23.333333333000002,77.973333333,19.36,27.033333333,58.006666667,21.64,5,2016-09-03,CB,9,5,3,Saturday,False,0,0,0,0,0,0,0,0,0.0,0.0,0.0,0.0,0.0,0.0,0.0,0.0,0,True,,0.0015312500000000011,0.305208333333333,0.03336805555555551,0.01081884057971012,11.311188811188812,5.592307692307692
20160903_CN,29.7875,24.08125,81.125,27.09375,81.35625,23.44375,29.93125,77.44375,24.775,24.30625,82.9625,20.8125,24.0125,80.2,20.375,27.075,74.2875,20.8625,25.16875,80.79375,20.325,27.5,67.78125,22.44375,18,2016-09-03,CN,9,5,3,Saturday,False,0,0,0,0,0,0,0,0,0.0,0.0,0.0,0.0,0.0,0.0,0.0,0.0,0,True,,0.0025775000000000012,0.425,0.04388749999999998,0.01115374999999998,21.13612565445026,12.458333333333336
20160903_DG,24.4,21.6,93.5,21.5,93.8,20.1,32.2,55.0,26.7,28.5,46.8,24.7,26.0,60.1,21.9,25.6,60.3,21.4,23.0,88.6,19.3,27.4,56.9,23.1,14,2016-09-03,DG,9,5,3,Saturday,False,0,0,0,0,0,0,0,0,0.0,0.0,0.0,0.0,0.0,0.0,0.0,0.0,0,True,,0.0022604166666666684,0.3802083333333332,0.02540277777777773,0.018229166666666637,18.017605633802816,10.693181818181818
20160903_DJ,30.3,25.0,76.0,24.9,81.0,22.7,31.5,64.3,26.6,24.8,72.9,21.8,22.6,82.6,19.6,27.2,75.1,20.5,24.5,81.8,20.0,27.9,63.9,22.6,9,2016-09-03,DJ,9,5,3,Saturday,False,0,0,0,0,0,0,0,0,0.0,0.0,0.0,0.0,0.0,0.0,0.0,0.0,0,True,,0.0017208333333333346,0.479583333333334,0.04493333333333329,0.012216666666666652,12.0375,4.408333333333333
20160903_GB,23.579166667,21.445833333,95.05,22.841666667,93.76666666700001,19.975,30.754166667,65.4125,24.816666667,25.770833333000002,61.333333333,21.683333333,24.970833333,69.5875,20.170833333,23.745833333,72.1125,19.441666667,21.7125,92.55,18.691666667,27.079166667,64.033333333,21.641666667,19,2016-09-03,GB,9,5,3,Saturday,False,0,0,0,0,0,0,0,0,0.0,0.0,0.0,0.0,0.0,0.0,0.0,0.0,0,True,,0.0035664335664335454,0.4615740740740745,0.03647453703703702,0.011189351851851829,16.389671361502348,11.0327868852459
20160903_GG,29.035714285999997,23.878571429,79.08809523800001,28.726190476,73.983333333,23.688095238000002,29.016666667,77.86428571399999,23.116666666999997,20.521428570999998,88.126190476,18.178571429,24.680952380999997,68.404761905,20.388095238,26.976190476,63.216666667,21.423809524,23.926190476,68.164285714,20.707142857,28.854761905,50.076190476,22.842857143000003,57,2016-09-03,GG,9,5,3,Saturday,False,0,0,0,0,0,0,0,0,0.0,0.0,0.0,0.0,0.0,0.0,0.0,0.0,0,True,,0.0032016460905349192,0.4380729166666581,0.036733440170940115,0.01941043841336117,21.77565124933546,13.509831460674155
20160903_GJ,31.7,25.8,79.4,24.8,94.1,21.6,32.2,67.8,26.5,28.5,65.0,24.6,26.1,70.1,22.7,27.1,69.8,21.9,25.5,84.6,20.4,26.2,82.3,22.2,6,2016-09-03,GJ,9,5,3,Saturday,False,0,0,0,0,0,0,0,0,0.0,0.0,0.0,0.0,0.0,0.0,0.0,0.0,0,True,,0.0019114583333333347,0.40000000000000013,0.037351851851851865,0.014124999999999981,15.088372093023255,7.916666666666668
20160903_GN,25.686363636,22.427272727,92.904545455,23.345454545,94.859090909,19.781818182000002,30.168181818,68.909090909,25.459090909,29.490909091,49.01363636399999,24.890909090999997,26.322727273,59.695238095,22.166666666999998,26.868181818000004,63.722727273000004,21.563636364,22.463636364,90.113636364,18.968181817999998,28.513636364,60.5,23.418181818,15,2016-09-03,GN,9,5,3,Saturday,False,0,0,0,0,0,0,0,0,0.0,0.0,0.0,0.0,0.0,0.0,0.0,0.0,0,True,,0.002987681159420279,0.3880434782608706,0.025050724637681116,0.01555235507246374,21.84944237918216,11.5703125
20160903_GW,25.733333333,21.783333333,89.166666667,24.95,84.911111111,21.216666667000002,28.95,72.005555556,22.544444444,20.983333333,72.833333333,18.9,22.205555556,78.166666667,18.616666667,21.377777778,81.355555556,18.066666667,21.516666667,83.43333333300001,18.805555555999998,26.305555555999998,65.861111111,20.316666667,9,2016-09-03,GW,9,5,3,Saturday,False,0,0,0,0,0,0,0,0,0.0,0.0,0.0,0.0,0.0,0.0,0.0,0.0,0,True,,0.0018087962962962973,0.3976851851851855,0.036217592592592565,0.007467129629629617,21.189814814814813,12.90625
20160903_IC,28.33,24.17,89.4,28.96,82.92,24.12,27.56,90.32,23.51,20.74,94.64,18.92,24.47,73.54,21.34,26.81,63.61,22.82,25.89,68.39,22.08,28.03,51.48,23.55,10,2016-09-03,IC,9,5,3,Saturday,False,0,0,0,0,0,0,0,0,0.0,0.0,0.0,0.0,0.0,0.0,0.0,0.0,0,True,,0.004507142857142839,0.4976190476190485,0.03734920634920636,0.01781746031746029,22.825049701789265,11.572755417956655
20160903_JB,30.573333333,24.326666666999998,76.773333333,24.906666667,83.42,21.773333333000004,31.186666666999997,63.013333333,25.953333333000003,26.14,64.5,22.96,24.193333333,71.52,20.753333333,26.62,70.08,20.593333333,23.793333333000003,82.326666667,19.713333332999998,26.34,69.266666667,22.18,17,2016-09-03,JB,9,5,3,Saturday,False,0,0,0,0,0,0,0,0,0.0,0.0,0.0,0.0,0.0,0.0,0.0,0.0,0,True,,0.00309555555555555,0.36722222222222267,0.03894871794871794,0.010238333333333304,19.853107344632765,12.0
20160903_JJ,27.2,24.6,88.95,24.35,95.05,22.9,30.8,75.55,25.8,28.5,65.85,25.25,27.55,61.45,24.65,27.6,59.35,24.25,25.95,80.15,23.0,25.7,83.95,24.4,4,2016-09-03,JJ,9,5,3,Saturday,False,0,0,0,0,0,0,0,0,0.0,0.0,0.0,0.0,0.0,0.0,0.0,0.0,0,True,,0.002606250000000004,0.3642105263157893,0.031510416666666666,0.009900000000000004,24.43010752688172,15.445652173913045
20160903_JN,29.859090909000003,24.577272726999997,82.759090909,24.595454545,91.67272727299999,21.436363636,31.013636364,70.95,25.968181818,28.504545455,63.26363636399999,24.559090909000002,26.131818181999996,67.909090909,22.618181818000004,26.954545455,66.990909091,21.890909090999997,25.027272727,82.245454545,20.322727272999998,26.236363636,75.981818182,22.5,26,2016-09-03,JN,9,5,3,Saturday,False,0,0,0,0,0,0,0,0,0.0,0.0,0.0,0.0,0.0,0.0,0.0,0.0,0,True,,0.005830548302872053,0.5583333333333341,0.027723958333333312,0.010932812499999963,16.431266846361186,11.217948717948715
20160903_SU,28.6,23.9,73.8,29.0,68.5,24.2,28.6,71.3,23.2,19.2,85.3,17.7,24.5,60.4,20.6,27.1,54.5,22.2,24.5,62.5,21.0,29.7,43.3,23.4,45,2016-09-03,SU,9,5,3,Saturday,False,0,0,0,0,0,0,0,0,0.0,0.0,0.0,0.0,0.0,0.0,0.0,0.0,0,True,,0.003858241758241744,0.4939102564102559,0.026398504273504226,0.03145299145299139,23.622844827586214,13.06271186440678
20160903_US,26.3,22.4,97.6,25.1,96.1,20.7,30.0,70.1,25.9,29.4,48.5,25.0,26.4,66.8,21.4,24.2,75.5,20.1,23.2,97.6,18.7,25.9,61.5,23.3,1,2016-09-03,US,9,5,3,Saturday,False,0,0,0,0,0,0,0,0,0.0,0.0,0.0,0.0,0.0,0.0,0.0,0.0,0,True,,0.007408333333333305,0.5111111111111123,0.02978055555555552,0.019886111111111063,27.8,18.394495412844037
20160904_BS,28.4,25.6,78.6,27.9,87.6,24.4,24.9,93.9,21.2,29.3,72.0,25.9,29.8,52.5,25.3,26.0,58.6,22.6,25.7,66.8,21.3,24.0,94.3,19.0,1,2016-09-04,BS,9,6,4,Sunday,False,0,0,0,0,0,0,0,0,0.0,0.0,0.0,0.0,0.0,0.0,0.0,0.0,0,True,,0.005761574074074046,0.4250000000000018,0.021676587301587277,0.014960317460317426,39.703187250996024,23.55114822546973
20160904_CB,30.3,25.093333333,78.78666666699999,28.693333333,75.126666667,23.726666666999996,24.6,77.026666667,21.906666667,30.946666667,66.393333333,24.613333333000003,23.013333333000002,77.08,19.406666667,23.26,77.93333333300001,19.06,25.093333333,70.226666667,19.433333333,23.333333333000002,77.973333333,19.36,1,2016-09-04,CB,9,6,4,Sunday,False,0,0,0,0,0,0,0,0,0.0,0.0,0.0,0.0,0.0,0.0,0.0,0.0,0,True,,0.0016736111111111125,0.3163194444444441,0.020388888888888856,0.010965371024734957,18.109154929577464,8.326996197718632
20160904_CN,30.49375,25.33125,83.29375,29.7875,81.125,24.08125,27.09375,81.35625,23.44375,29.93125,77.44375,24.775,24.30625,82.9625,20.8125,24.0125,80.2,20.375,27.075,74.2875,20.8625,25.16875,80.79375,20.325,1,2016-09-04,CN,9,6,4,Sunday,False,0,0,0,0,0,0,0,0,0.0,0.0,0.0,0.0,0.0,0.0,0.0,0.0,0,True,,0.003352083333333335,0.4670833333333338,0.035237499999999984,0.012386249999999991,32.868421052631575,17.5
20160904_DG,27.8,23.7,87.6,24.4,93.5,21.6,21.5,93.8,20.1,32.2,55.0,26.7,28.5,46.8,24.7,26.0,60.1,21.9,25.6,60.3,21.4,23.0,88.6,19.3,0,2016-09-04,DG,9,6,4,Sunday,False,0,0,0,0,0,0,0,0,0.0,0.0,0.0,0.0,0.0,0.0,0.0,0.0,0,True,,0.0024097222222222237,0.3638888888888888,0.01902083333333329,0.012732638888888856,36.32631578947368,21.31746031746032
20160904_DJ,30.4,26.2,80.3,30.3,76.0,25.0,24.9,81.0,22.7,31.5,64.3,26.6,24.8,72.9,21.8,22.6,82.6,19.6,27.2,75.1,20.5,24.5,81.8,20.0,1,2016-09-04,DJ,9,6,4,Sunday,False,0,0,0,0,0,0,0,0,0.0,0.0,0.0,0.0,0.0,0.0,0.0,0.0,0,True,,0.0019500000000000012,0.4566666666666678,0.02530416666666664,0.014141666666666637,21.54393305439331,10.45
20160904_GB,28.658333333,23.7625,87.90416666700001,23.579166667,95.05,21.445833333,22.841666667,93.76666666700001,19.975,30.754166667,65.4125,24.816666667,25.770833333000002,61.333333333,21.683333333,24.970833333,69.5875,20.170833333,23.745833333,72.1125,19.441666667,21.7125,92.55,18.691666667,1,2016-09-04,GB,9,6,4,Sunday,False,0,0,0,0,0,0,0,0,0.0,0.0,0.0,0.0,0.0,0.0,0.0,0.0,0,True,,0.004029398148148129,0.481220657276996,0.025436018957345992,0.008271990740740717,28.525462962962962,17.25130890052356
20160904_GG,29.571428571,25.404761905,77.70952381,29.035714285999997,79.08809523800001,23.878571429,28.726190476,73.983333333,23.688095238000002,29.016666667,77.86428571399999,23.116666666999997,20.521428570999998,88.126190476,18.178571429,24.680952380999997,68.404761905,20.388095238,26.976190476,63.216666667,21.423809524,23.926190476,68.164285714,20.707142857,6,2016-09-04,GG,9,6,4,Sunday,False,0,0,0,0,0,0,0,0,0.0,0.0,0.0,0.0,0.0,0.0,0.0,0.0,0,True,,0.003112499999999961,0.4790624999999936,0.02211898323418069,0.021897133923918788,26.88067581837381,14.45586107091172
20160904_GN,28.990909091,24.636363636,85.909090909,25.686363636,92.904545455,22.427272727,23.345454545,94.859090909,19.781818182000002,30.168181818,68.909090909,25.459090909,29.490909091,49.01363636399999,24.890909090999997,26.322727273,59.695238095,22.166666666999998,26.868181818000004,63.722727273000004,21.563636364,22.463636364,90.113636364,18.968181817999998,2,2016-09-04,GN,9,6,4,Sunday,False,0,0,0,0,0,0,0,0,0.0,0.0,0.0,0.0,0.0,0.0,0.0,0.0,0,True,,0.002859963768115933,0.3869565217391317,0.02004528985507242,0.010613224637681115,35.64638783269962,20.90494296577947
20160904_GW,26.688888889,22.922222222,86.377777778,25.733333333,89.166666667,21.783333333,24.95,84.911111111,21.216666667000002,28.95,72.005555556,22.544444444,20.983333333,72.833333333,18.9,22.205555556,78.166666667,18.616666667,21.377777778,81.355555556,18.066666667,21.516666667,83.43333333300001,18.805555555999998,1,2016-09-04,GW,9,6,4,Sunday,False,0,0,0,0,0,0,0,0,0.0,0.0,0.0,0.0,0.0,0.0,0.0,0.0,0,True,,0.0018254629629629645,0.4027777777777779,0.02548611111111108,0.005307870370370372,20.546296296296298,11.114503816793896
20160904_IC,28.02,24.63,93.02,28.33,89.4,24.17,28.96,82.92,24.12,27.56,90.32,23.51,20.74,94.64,18.92,24.47,73.54,21.34,26.81,63.61,22.82,25.89,68.39,22.08,1,2016-09-04,IC,9,6,4,Sunday,False,0,0,0,0,0,0,0,0,0.0,0.0,0.0,0.0,0.0,0.0,0.0,0.0,0,True,,0.004429166666666655,0.5611111111111119,0.026305555555555526,0.01809047619047616,28.455645161290327,14.831325301204819
20160904_JB,30.94,25.433333333,79.953333333,30.573333333,76.773333333,24.326666666999998,24.906666667,83.42,21.773333333000004,31.186666666999997,63.013333333,25.953333333000003,26.14,64.5,22.96,24.193333333,71.52,20.753333333,26.62,70.08,20.593333333,23.793333333000003,82.326666667,19.713333332999998,0,2016-09-04,JB,9,6,4,Sunday,False,0,0,0,0,0,0,0,0,0.0,0.0,0.0,0.0,0.0,0.0,0.0,0.0,0,True,,0.0036783333333333212,0.4130555555555571,0.04012500000000002,0.011818333333333313,36.35195530726257,24.714953271028037
20160904_JJ,28.95,26.3,80.4,27.2,88.95,24.6,24.35,95.05,22.9,30.8,75.55,25.8,28.5,65.85,25.25,27.55,61.45,24.65,27.6,59.35,24.25,25.95,80.15,23.0,0,2016-09-04,JJ,9,6,4,Sunday,False,0,0,0,0,0,0,0,0,0.0,0.0,0.0,0.0,0.0,0.0,0.0,0.0,0,True,,0.00284526315789474,0.3294736842105264,0.03435416666666665,0.007177083333333337,36.61702127659574,23.863636363636363
20160904_JN,31.390909090999997,26.15,82.172727273,29.859090909000003,82.759090909,24.577272726999997,24.595454545,91.67272727299999,21.436363636,31.013636364,70.95,25.968181818,28.504545455,63.26363636399999,24.559090909000002,26.131818181999996,67.909090909,22.618181818000004,26.954545455,66.990909091,21.890909090999997,25.027272727,82.245454545,20.322727272999998,2,2016-09-04,JN,9,6,4,Sunday,False,0,0,0,0,0,0,0,0,0.0,0.0,0.0,0.0,0.0,0.0,0.0,0.0,0,True,,0.005563707571801558,0.5247395833333354,0.02194791666666664,0.008934114583333312,25.962566844919788,17.210084033613445
20160904_SU,29.6,25.6,71.3,28.6,73.8,23.9,29.0,68.5,24.2,28.6,71.3,23.2,19.2,85.3,17.7,24.5,60.4,20.6,27.1,54.5,22.2,24.5,62.5,21.0,8,2016-09-04,SU,9,6,4,Sunday,False,0,0,0,0,0,0,0,0,0.0,0.0,0.0,0.0,0.0,0.0,0.0,0.0,0,True,,0.00383973655323819,0.5133547008547001,0.01819444444444444,0.0293237179487179,24.85133689839572,13.296296296296294
20160904_US,25.8,23.4,96.9,26.3,97.6,22.4,25.1,96.1,20.7,30.0,70.1,25.9,29.4,48.5,25.0,26.4,66.8,21.4,24.2,75.5,20.1,23.2,97.6,18.7,0,2016-09-04,US,9,6,4,Sunday,False,0,0,0,0,0,0,0,0,0.0,0.0,0.0,0.0,0.0,0.0,0.0,0.0,0,True,,0.005047222222222208,0.5488888888888896,0.020638888888888856,0.01271111111111108,38.69637883008357,24.13913043478261
20160905_BS,29.2,25.3,83.8,28.4,78.6,25.6,27.9,87.6,24.4,24.9,93.9,21.2,29.3,72.0,25.9,29.8,52.5,25.3,26.0,58.6,22.6,25.7,66.8,21.3,113,2016-09-05,BS,9,0,5,Monday,False,0,0,0,0,0,0,0,0,0.0,0.0,0.0,0.0,0.0,0.0,0.0,0.0,0,False,,0.005976580796252903,0.3793911007025775,0.01802605210420837,0.017915831663326602,30.83266129032258,17.489626556016596
20160905_CB,30.46,25.1,80.42,30.3,78.78666666699999,25.093333333,28.693333333,75.126666667,23.726666666999996,24.6,77.026666667,21.906666667,30.946666667,66.393333333,24.613333333000003,23.013333333000002,77.08,19.406666667,23.26,77.93333333300001,19.06,25.093333333,70.226666667,19.433333333,36,2016-09-05,CB,9,0,5,Monday,False,0,0,0,0,0,0,0,0,0.0,0.0,0.0,0.0,0.0,0.0,0.0,0.0,0,False,,0.0022812500000000016,0.3489583333333332,0.021573943661971788,0.015772377622377584,24.451957295373674,11.973484848484848
20160905_CN,30.4375,25.11875,84.0125,30.49375,83.29375,25.33125,29.7875,81.125,24.08125,27.09375,81.35625,23.44375,29.93125,77.44375,24.775,24.30625,82.9625,20.8125,24.0125,80.2,20.375,27.075,74.2875,20.8625,80,2016-09-05,CN,9,0,5,Monday,False,0,0,0,0,0,0,0,0,0.0,0.0,0.0,0.0,0.0,0.0,0.0,0.0,0,False,,0.004186075949367092,0.4801687763713081,0.029556962025316432,0.01660379746835441,43.04854368932039,19.48611111111111
20160905_DG,27.8,24.2,86.8,27.8,87.6,23.7,24.4,93.5,21.6,21.5,93.8,20.1,32.2,55.0,26.7,28.5,46.8,24.7,26.0,60.1,21.9,25.6,60.3,21.4,70,2016-09-05,DG,9,0,5,Monday,False,0,0,0,0,0,0,0,0,0.0,0.0,0.0,0.0,0.0,0.0,0.0,0.0,0,False,,0.002725925925925928,0.3648148148148144,0.015954887218045083,0.018085185185185173,32.28,19.526011560693647
20160905_DJ,30.5,26.2,82.4,30.4,80.3,26.2,30.3,76.0,25.0,24.9,81.0,22.7,31.5,64.3,26.6,24.8,72.9,21.8,22.6,82.6,19.6,27.2,75.1,20.5,43,2016-09-05,DJ,9,0,5,Monday,False,0,0,0,0,0,0,0,0,0.0,0.0,0.0,0.0,0.0,0.0,0.0,0.0,0,False,,0.0023333333333333353,0.5025000000000005,0.026512499999999963,0.02012499999999996,31.281385281385283,15.816666666666665
20160905_GB,27.141666667,23.404166667,91.133333333,28.658333333,87.90416666700001,23.7625,23.579166667,95.05,21.445833333,22.841666667,93.76666666700001,19.975,30.754166667,65.4125,24.816666667,25.770833333000002,61.333333333,21.683333333,24.970833333,69.5875,20.170833333,23.745833333,72.1125,19.441666667,82,2016-09-05,GB,9,0,5,Monday,False,0,0,0,0,0,0,0,0,0.0,0.0,0.0,0.0,0.0,0.0,0.0,0.0,0,False,,0.0037898345153664094,0.4661097852028638,0.019640776699029115,0.010790307328605177,22.791457286432163,12.559782608695652
20160905_GG,31.021428570999998,26.028571429,74.06666666699999,29.571428571,77.70952381,25.404761905,29.035714285999997,79.08809523800001,23.878571429,28.726190476,73.983333333,23.688095238000002,29.016666667,77.86428571399999,23.116666666999997,20.521428570999998,88.126190476,18.178571429,24.680952380999997,68.404761905,20.388095238,26.976190476,63.216666667,21.423809524,241,2016-09-05,GG,9,0,5,Monday,False,0,0,0,0,0,0,0,0,0.0,0.0,0.0,0.0,0.0,0.0,0.0,0.0,0,False,,0.003591706286317968,0.4639761646803858,0.02156229143492772,0.025464232008593046,32.051295896328284,15.973568281938324
20160905_GJ,30.7,26.2,83.0,33.0,82.1,26.9,31.7,79.4,25.8,24.8,94.1,21.6,32.2,67.8,26.5,28.5,65.0,24.6,26.1,70.1,22.7,27.1,69.8,21.9,43,2016-09-05,GJ,9,0,5,Monday,False,0,0,0,0,0,0,0,0,0.0,0.0,0.0,0.0,0.0,0.0,0.0,0.0,0,False,,0.0021277777777777788,0.471568627450981,0.03787254901960781,0.016235294117647032,31.280193236714968,21.035714285714285
20160905_GN,29.077272726999997,24.840909091,87.604545455,28.990909091,85.909090909,24.636363636,25.686363636,92.904545455,22.427272727,23.345454545,94.859090909,19.781818182000002,30.168181818,68.909090909,25.459090909,29.490909091,49.01363636399999,24.890909090999997,26.322727273,59.695238095,22.166666666999998,26.868181818000004,63.722727273000004,21.563636364,83,2016-09-05,GN,9,0,5,Monday,False,0,0,0,0,0,0,0,0,0.0,0.0,0.0,0.0,0.0,0.0,0.0,0.0,0,False,,0.0032638733705772647,0.4022346368715097,0.01703512014787428,0.0158705772811918,33.94307400379507,19.42145593869732
20160905_GW,27.783333333,23.388888889,85.577777778,26.688888889,86.377777778,22.922222222,25.733333333,89.166666667,21.783333333,24.95,84.911111111,21.216666667000002,28.95,72.005555556,22.544444444,20.983333333,72.833333333,18.9,22.205555556,78.166666667,18.616666667,21.377777778,81.355555556,18.066666667,46,2016-09-05,GW,9,0,5,Monday,False,0,0,0,0,0,0,0,0,0.0,0.0,0.0,0.0,0.0,0.0,0.0,0.0,0,False,,0.0017726851851851868,0.378504672897196,0.02754629629629627,0.006657870370370368,22.35185185185185,11.903225806451614
20160905_IC,29.09,25.19,89.24,28.02,93.02,24.63,28.33,89.4,24.17,28.96,82.92,24.12,27.56,90.32,23.51,20.74,94.64,18.92,24.47,73.54,21.34,26.81,63.61,22.82,54,2016-09-05,IC,9,0,5,Monday,False,0,0,0,0,0,0,0,0,0.0,0.0,0.0,0.0,0.0,0.0,0.0,0.0,0,False,,0.004836873747494981,0.5322981366459643,0.024054108216432817,0.017263326653306592,30.334745762711865,14.205357142857142
20160905_JB,30.086666667,24.866666666999997,84.026666667,30.94,79.953333333,25.433333333,30.573333333,76.773333333,24.326666666999998,24.906666667,83.42,21.773333333000004,31.186666666999997,63.013333333,25.953333333000003,26.14,64.5,22.96,24.193333333,71.52,20.753333333,26.62,70.08,20.593333333,108,2016-09-05,JB,9,0,5,Monday,False,0,0,0,0,0,0,0,0,0.0,0.0,0.0,0.0,0.0,0.0,0.0,0.0,0,False,,0.003803910614525123,0.4482288828337893,0.03964890282131657,0.012635967302452287,48.198879551820724,35.41206030150754
20160905_JJ,28.6,26.0,84.25,28.95,80.4,26.3,27.2,88.95,24.6,24.35,95.05,22.9,30.8,75.55,25.8,28.5,65.85,25.25,27.55,61.45,24.65,27.6,59.35,24.25,17,2016-09-05,JJ,9,0,5,Monday,False,0,0,0,0,0,0,0,0,0.0,0.0,0.0,0.0,0.0,0.0,0.0,0.0,0,False,,0.0026250000000000023,0.3705263157894734,0.04077083333333333,0.01041458333333334,42.93333333333333,30.38202247191011
20160905_JN,30.318181818000003,25.645454545,84.027272727,31.390909090999997,82.172727273,26.15,29.859090909000003,82.759090909,24.577272726999997,24.595454545,91.67272727299999,21.436363636,31.013636364,70.95,25.968181818,28.504545455,63.26363636399999,24.559090909000002,26.131818181999996,67.909090909,22.618181818000004,26.954545455,66.990909091,21.890909090999997,65,2016-09-05,JN,9,0,5,Monday,False,0,0,0,0,0,0,0,0,0.0,0.0,0.0,0.0,0.0,0.0,0.0,0.0,0,False,,0.00583776041666666,0.5317708333333332,0.025746073298429283,0.0114731770833333,32.285714285714285,22.90677966101695
20160905_SU,31.1,26.4,66.1,29.6,71.3,25.6,28.6,73.8,23.9,29.0,68.5,24.2,28.6,71.3,23.2,19.2,85.3,17.7,24.5,60.4,20.6,27.1,54.5,22.2,278,2016-09-05,SU,9,0,5,Monday,False,0,0,0,0,0,0,0,0,0.0,0.0,0.0,0.0,0.0,0.0,0.0,0.0,0,False,,0.0041282608695652,0.5136559139784942,0.01839032258064515,0.03405483870967737,32.74291938997821,16.238013698630134
20160905_US,27.1,23.5,96.8,25.8,96.9,23.4,26.3,97.6,22.4,25.1,96.1,20.7,30.0,70.1,25.9,29.4,48.5,25.0,26.4,66.8,21.4,24.2,75.5,20.1,21,2016-09-05,US,9,0,5,Monday,False,0,0,0,0,0,0,0,0,0.0,0.0,0.0,0.0,0.0,0.0,0.0,0.0,0,False,,0.005499999999999986,0.5375000000000004,0.015528409090909056,0.017539772727272685,31.54131054131054,18.75
20160906_BS,28.8,25.6,80.8,29.2,83.8,25.3,28.4,78.6,25.6,27.9,87.6,24.4,24.9,93.9,21.2,29.3,72.0,25.9,29.8,52.5,25.3,26.0,58.6,22.6,92,2016-09-06,BS,9,1,6,Tuesday,False,0,0,0,0,0,0,0,0,0.0,0.0,0.0,0.0,0.0,0.0,0.0,0.0,0,False,,0.0071934731934731625,0.4745920745920753,0.018168674698795143,0.031658634538152576,53.782696177062384,34.795959595959594
20160906_CB,27.94,23.386666666999997,77.2,30.46,80.42,25.1,30.3,78.78666666699999,25.093333333,28.693333333,75.126666667,23.726666666999996,24.6,77.026666667,21.906666667,30.946666667,66.393333333,24.613333333000003,23.013333333000002,77.08,19.406666667,23.26,77.93333333300001,19.06,43,2016-09-06,CB,9,1,6,Tuesday,False,0,0,0,0,0,0,0,0,0.0,0.0,0.0,0.0,0.0,0.0,0.0,0.0,0,False,,0.002715901060070673,0.43957597173144897,0.0226395759717314,0.020915194346289717,47.27777777777778,31.97328244274809
20160906_CN,27.26875,22.69375,85.45,30.4375,84.0125,25.11875,30.49375,83.29375,25.33125,29.7875,81.125,24.08125,27.09375,81.35625,23.44375,29.93125,77.44375,24.775,24.30625,82.9625,20.8125,24.0125,80.2,20.375,67,2016-09-06,CN,9,1,6,Tuesday,False,0,0,0,0,0,0,0,0,0.0,0.0,0.0,0.0,0.0,0.0,0.0,0.0,0,False,,0.002851754385964914,0.468859649122807,0.026258771929824558,0.014973245614035062,47.43421052631579,25.61111111111111
20160906_DG,28.6,25.1,77.5,27.8,86.8,24.2,27.8,87.6,23.7,24.4,93.5,21.6,21.5,93.8,20.1,32.2,55.0,26.7,28.5,46.8,24.7,26.0,60.1,21.9,69,2016-09-06,DG,9,1,6,Tuesday,False,0,0,0,0,0,0,0,0,0.0,0.0,0.0,0.0,0.0,0.0,0.0,0.0,0,False,,0.003402930402930405,0.3780219780219777,0.019167910447761158,0.025868131868131864,50.270072992700726,28.427777777777774
20160906_DJ,28.1,24.4,79.0,30.5,82.4,26.2,30.4,80.3,26.2,30.3,76.0,25.0,24.9,81.0,22.7,31.5,64.3,26.6,24.8,72.9,21.8,22.6,82.6,19.6,35,2016-09-06,DJ,9,1,6,Tuesday,False,0,0,0,0,0,0,0,0,0.0,0.0,0.0,0.0,0.0,0.0,0.0,0.0,0,False,,0.002845833333333335,0.5404166666666665,0.02720416666666664,0.020616666666666637,47.28703703703704,24.6
20160906_GB,27.991666666999997,23.629166667,84.954166667,27.141666667,91.133333333,23.404166667,28.658333333,87.90416666700001,23.7625,23.579166667,95.05,21.445833333,22.841666667,93.76666666700001,19.975,30.754166667,65.4125,24.816666667,25.770833333000002,61.333333333,21.683333333,24.970833333,69.5875,20.170833333,67,2016-09-06,GB,9,1,6,Tuesday,False,0,0,0,0,0,0,0,0,0.0,0.0,0.0,0.0,0.0,0.0,0.0,0.0,0,False,,0.003518396226415078,0.5045454545454556,0.02749516908212558,0.01319198113207543,38.61224489795919,25.048128342245988
20160906_GG,28.607142857,23.933333333,79.15952381,31.021428570999998,74.06666666699999,26.028571429,29.571428571,77.70952381,25.404761905,29.035714285999997,79.08809523800001,23.878571429,28.726190476,73.983333333,23.688095238000002,29.016666667,77.86428571399999,23.116666666999997,20.521428570999998,88.126190476,18.178571429,24.680952380999997,68.404761905,20.388095238,211,2016-09-06,GG,9,1,6,Tuesday,False,0,0,0,0,0,0,0,0,0.0,0.0,0.0,0.0,0.0,0.0,0.0,0.0,0,False,,0.005423019670388044,0.5356328082563814,0.02767394957983197,0.02752588171459589,57.17847485127096,32.537142857142854
20160906_GJ,27.6,24.3,85.6,30.7,83.0,26.2,33.0,82.1,26.9,31.7,79.4,25.8,24.8,94.1,21.6,32.2,67.8,26.5,28.5,65.0,24.6,26.1,70.1,22.7,41,2016-09-06,GJ,9,1,6,Tuesday,False,0,0,0,0,0,0,0,0,0.0,0.0,0.0,0.0,0.0,0.0,0.0,0.0,0,False,,0.002237804878048782,0.5170212765957449,0.018473404255319115,0.022888297872340417,42.82291666666666,26.50299401197605
20160906_GN,28.095454545,24.6,86.109090909,29.077272726999997,87.604545455,24.840909091,28.990909091,85.909090909,24.636363636,25.686363636,92.904545455,22.427272727,23.345454545,94.859090909,19.781818182000002,30.168181818,68.909090909,25.459090909,29.490909091,49.01363636399999,24.890909090999997,26.322727273,59.695238095,22.166666666999998,73,2016-09-06,GN,9,1,6,Tuesday,False,0,0,0,0,0,0,0,0,0.0,0.0,0.0,0.0,0.0,0.0,0.0,0.0,0,False,,0.0034348747591522004,0.43403441682600413,0.02316697588126158,0.02057988505747125,51.84916201117319,33.334615384615375
20160906_GW,27.494444444000003,22.977777778000004,81.772222222,27.783333333,85.577777778,23.388888889,26.688888889,86.377777778,22.922222222,25.733333333,89.166666667,21.783333333,24.95,84.911111111,21.216666667000002,28.95,72.005555556,22.544444444,20.983333333,72.833333333,18.9,22.205555556,78.166666667,18.616666667,33,2016-09-06,GW,9,1,6,Tuesday,False,0,0,0,0,0,0,0,0,0.0,0.0,0.0,0.0,0.0,0.0,0.0,0.0,0,False,,0.002104950495049507,0.5113861386138608,0.029658415841584157,0.012602475247524735,43.8910891089109,27.29323308270677
20160906_IC,26.92,23.86,93.36,29.09,89.24,25.19,28.02,93.02,24.63,28.33,89.4,24.17,28.96,82.92,24.12,27.56,90.32,23.51,20.74,94.64,18.92,24.47,73.54,21.34,62,2016-09-06,IC,9,1,6,Tuesday,False,0,0,0,0,0,0,0,0,0.0,0.0,0.0,0.0,0.0,0.0,0.0,0.0,0,False,,0.005917999999999973,0.550420168067228,0.03417799999999998,0.01845059999999997,53.29338842975206,33.400584795321635
20160906_JB,27.88,22.96,81.106666667,30.086666667,84.026666667,24.866666666999997,30.94,79.953333333,25.433333333,30.573333333,76.773333333,24.326666666999998,24.906666667,83.42,21.773333333000004,31.186666666999997,63.013333333,25.953333333000003,26.14,64.5,22.96,24.193333333,71.52,20.753333333,78,2016-09-06,JB,9,1,6,Tuesday,False,0,0,0,0,0,0,0,0,0.0,0.0,0.0,0.0,0.0,0.0,0.0,0.0,0,False,,0.00383169398907102,0.40338541666666905,0.03016071428571425,0.014604166666666632,44.65738161559889,33.54867256637168
20160906_JJ,26.65,24.85,82.8,28.6,84.25,26.0,28.95,80.4,26.3,27.2,88.95,24.6,24.35,95.05,22.9,30.8,75.55,25.8,28.5,65.85,25.25,27.55,61.45,24.65,11,2016-09-06,JJ,9,1,6,Tuesday,False,0,0,0,0,0,0,0,0,0.0,0.0,0.0,0.0,0.0,0.0,0.0,0.0,0,False,,0.002735416666666668,0.35473684210526313,0.03213541666666665,0.014819791666666662,49.414893617021285,31.90410958904109
20160906_JN,26.804545455,23.740909091,87.354545455,30.318181818000003,84.027272727,25.645454545,31.390909090999997,82.172727273,26.15,29.859090909000003,82.759090909,24.577272726999997,24.595454545,91.67272727299999,21.436363636,31.013636364,70.95,25.968181818,28.504545455,63.26363636399999,24.559090909000002,26.131818181999996,67.909090909,22.618181818000004,56,2016-09-06,JN,9,1,6,Tuesday,False,0,0,0,0,0,0,0,0,0.0,0.0,0.0,0.0,0.0,0.0,0.0,0.0,0,False,,0.006146684350132612,0.6294429708222815,0.028491712707182294,0.01463607427055699,48.47027027027027,35.01702127659574
20160906_SU,29.0,24.7,69.0,31.1,66.1,26.4,29.6,71.3,25.6,28.6,73.8,23.9,29.0,68.5,24.2,28.6,71.3,23.2,19.2,85.3,17.7,24.5,60.4,20.6,255,2016-09-06,SU,9,1,6,Tuesday,False,0,0,0,0,0,0,0,0,0.0,0.0,0.0,0.0,0.0,0.0,0.0,0.0,0,False,,0.005402684563758324,0.5963251670378612,0.022888392857142826,0.038755011135857415,58.79682179341657,33.834482758620695
20160906_US,29.4,24.6,90.6,27.1,96.8,23.5,25.8,96.9,23.4,26.3,97.6,22.4,25.1,96.1,20.7,30.0,70.1,25.9,29.4,48.5,25.0,26.4,66.8,21.4,16,2016-09-06,US,9,1,6,Tuesday,False,0,0,0,0,0,0,0,0,0.0,0.0,0.0,0.0,0.0,0.0,0.0,0.0,0,False,,0.008854651162790666,0.6334302325581394,0.02616279069767441,0.029988372093023262,54.65861027190332,33.96666666666667
20160907_BS,28.8,25.3,77.9,28.8,80.8,25.6,29.2,83.8,25.3,28.4,78.6,25.6,27.9,87.6,24.4,24.9,93.9,21.2,29.3,72.0,25.9,29.8,52.5,25.3,84,2016-09-07,BS,9,2,7,Wednesday,False,0,0,0,0,0,0,0,0,0.0,0.0,0.0,0.0,0.0,0.0,0.0,0.0,0,False,,0.006645539906103258,0.5377934272300463,0.02894768611670018,0.03039235412474849,74.54637096774194,49.87854251012146
20160907_CB,28.046666666999997,22.926666667,75.613333333,27.94,77.2,23.386666666999997,30.46,80.42,25.1,30.3,78.78666666699999,25.093333333,28.693333333,75.126666667,23.726666666999996,24.6,77.026666667,21.906666667,30.946666667,66.393333333,24.613333333000003,23.013333333000002,77.08,19.406666667,32,2016-09-07,CB,9,2,7,Wednesday,False,0,0,0,0,0,0,0,0,0.0,0.0,0.0,0.0,0.0,0.0,0.0,0.0,0,False,,0.0027275261324041828,0.452613240418119,0.025686411149825755,0.019132055749128903,59.54195804195804,43.03802281368822
20160907_CN,27.9,22.5625,83.73125,27.26875,85.45,22.69375,30.4375,84.0125,25.11875,30.49375,83.29375,25.33125,29.7875,81.125,24.08125,27.09375,81.35625,23.44375,29.93125,77.44375,24.775,24.30625,82.9625,20.8125,55,2016-09-07,CN,9,2,7,Wednesday,False,0,0,0,0,0,0,0,0,0.0,0.0,0.0,0.0,0.0,0.0,0.0,0.0,0,False,,0.003543378995433792,0.5709090909090917,0.03714999999999998,0.013484545454545456,59.71232876712329,36.79166666666666
20160907_DG,30.1,24.5,76.1,28.6,77.5,25.1,27.8,86.8,24.2,27.8,87.6,23.7,24.4,93.5,21.6,21.5,93.8,20.1,32.2,55.0,26.7,28.5,46.8,24.7,77,2016-09-07,DG,9,2,7,Wednesday,False,0,0,0,0,0,0,0,0,0.0,0.0,0.0,0.0,0.0,0.0,0.0,0.0,0,False,,0.003906249999999997,0.4951388888888883,0.02481944444444441,0.027833333333333297,74.33684210526316,45.71354166666666
20160907_DJ,27.8,23.7,76.8,28.1,79.0,24.4,30.5,82.4,26.2,30.4,80.3,26.2,30.3,76.0,25.0,24.9,81.0,22.7,31.5,64.3,26.6,24.8,72.9,21.8,24,2016-09-07,DJ,9,2,7,Wednesday,False,0,0,0,0,0,0,0,0,0.0,0.0,0.0,0.0,0.0,0.0,0.0,0.0,0,False,,0.002962500000000002,0.6112499999999997,0.028545833333333288,0.022441666666666645,52.58333333333334,30.016666666666666
20160907_GB,28.441666667,23.1,80.37083333300001,27.991666666999997,84.954166667,23.629166667,27.141666667,91.133333333,23.404166667,28.658333333,87.90416666700001,23.7625,23.579166667,95.05,21.445833333,22.841666667,93.76666666700001,19.975,30.754166667,65.4125,24.816666667,25.770833333000002,61.333333333,21.683333333,76,2016-09-07,GB,9,2,7,Wednesday,False,0,0,0,0,0,0,0,0,0.0,0.0,0.0,0.0,0.0,0.0,0.0,0.0,0,False,,0.004251764705882339,0.5730964467005085,0.0350776470588235,0.013662823529411736,58.744107744107744,38.48663101604278
20160907_GG,28.380952381,23.711904762,78.56666666699999,28.607142857,79.15952381,23.933333333,31.021428570999998,74.06666666699999,26.028571429,29.571428571,77.70952381,25.404761905,29.035714285999997,79.08809523800001,23.878571429,28.726190476,73.983333333,23.688095238000002,29.016666667,77.86428571399999,23.116666666999997,20.521428570999998,88.126190476,18.178571429,257,2016-09-07,GG,9,2,7,Wednesday,False,0,0,0,0,0,0,0,0,0.0,0.0,0.0,0.0,0.0,0.0,0.0,0.0,0,False,,0.004406157894736782,0.5907576571735664,0.03283553355335531,0.024591706795077595,75.0745243128964,47.43435754189945
20160907_GJ,26.2,23.4,86.9,27.6,85.6,24.3,30.7,83.0,26.2,33.0,82.1,26.9,31.7,79.4,25.8,24.8,94.1,21.6,32.2,67.8,26.5,28.5,65.0,24.6,30,2016-09-07,GJ,9,2,7,Wednesday,False,0,0,0,0,0,0,0,0,0.0,0.0,0.0,0.0,0.0,0.0,0.0,0.0,0,False,,0.0026373626373626395,0.5849740932642488,0.02416580310880826,0.023248704663212404,62.5360824742268,41.19631901840491
20160907_GN,28.4,24.204545455,82.25,28.095454545,86.109090909,24.6,29.077272726999997,87.604545455,24.840909091,28.990909091,85.909090909,24.636363636,25.686363636,92.904545455,22.427272727,23.345454545,94.859090909,19.781818182000002,30.168181818,68.909090909,25.459090909,29.490909091,49.01363636399999,24.890909090999997,60,2016-09-07,GN,9,2,7,Wednesday,False,0,0,0,0,0,0,0,0,0.0,0.0,0.0,0.0,0.0,0.0,0.0,0.0,0,False,,0.0037865698729582283,0.5203266787658803,0.02519237749546277,0.02412747252747251,69.99092558983665,41.73764258555133
20160907_GW,27.15,22.2,80.1,27.494444444000003,81.772222222,22.977777778000004,27.783333333,85.577777778,23.388888889,26.688888889,86.377777778,22.922222222,25.733333333,89.166666667,21.783333333,24.95,84.911111111,21.216666667000002,28.95,72.005555556,22.544444444,20.983333333,72.833333333,18.9,40,2016-09-07,GW,9,2,7,Wednesday,False,0,0,0,0,0,0,0,0,0.0,0.0,0.0,0.0,0.0,0.0,0.0,0.0,0,False,,0.002225728155339807,0.4898058252427188,0.036567961165048526,0.011045145631067949,56.834951456310684,43.49264705882353
20160907_IC,26.78,23.52,90.1,26.92,93.36,23.86,29.09,89.24,25.19,28.02,93.02,24.63,28.33,89.4,24.17,28.96,82.92,24.12,27.56,90.32,23.51,20.74,94.64,18.92,54,2016-09-07,IC,9,2,7,Wednesday,False,0,0,0,0,0,0,0,0,0.0,0.0,0.0,0.0,0.0,0.0,0.0,0.0,0,False,,0.005138821138211362,0.6707264957264939,0.038288617886178836,0.017823577235772343,63.70416666666666,44.36363636363637
20160907_JB,27.626666667,22.466666667,79.366666667,27.88,81.106666667,22.96,30.086666667,84.026666667,24.866666666999997,30.94,79.953333333,25.433333333,30.573333333,76.773333333,24.326666666999998,24.906666667,83.42,21.773333333000004,31.186666666999997,63.013333333,25.953333333000003,26.14,64.5,22.96,74,2016-09-07,JB,9,2,7,Wednesday,False,0,0,0,0,0,0,0,0,0.0,0.0,0.0,0.0,0.0,0.0,0.0,0.0,0,False,,0.004249315068493135,0.49124668435013397,0.035396501457725944,0.01480875331564984,62.167115902964966,47.39224137931034
20160907_JJ,26.7,24.25,79.75,26.65,82.8,24.85,28.6,84.25,26.0,28.95,80.4,26.3,27.2,88.95,24.6,24.35,95.05,22.9,30.8,75.55,25.8,28.5,65.85,25.25,20,2016-09-07,JJ,9,2,7,Wednesday,False,0,0,0,0,0,0,0,0,0.0,0.0,0.0,0.0,0.0,0.0,0.0,0.0,0,False,,0.0021520833333333344,0.4347368421052626,0.03828125,0.013517708333333336,58.8936170212766,44.2
20160907_JN,26.509090909,23.595454545,83.177272727,26.804545455,87.354545455,23.740909091,30.318181818000003,84.027272727,25.645454545,31.390909090999997,82.172727273,26.15,29.859090909000003,82.759090909,24.577272726999997,24.595454545,91.67272727299999,21.436363636,31.013636364,70.95,25.968181818,28.504545455,63.26363636399999,24.559090909000002,71,2016-09-07,JN,9,2,7,Wednesday,False,0,0,0,0,0,0,0,0,0.0,0.0,0.0,0.0,0.0,0.0,0.0,0.0,0,False,,0.0066280423280423205,0.6319148936170205,0.02736411609498678,0.015469393139841657,55.983957219251344,41.125
20160907_SU,28.6,24.3,69.8,29.0,69.0,24.7,31.1,66.1,26.4,29.6,71.3,25.6,28.6,73.8,23.9,29.0,68.5,24.2,28.6,71.3,23.2,19.2,85.3,17.7,269,2016-09-07,SU,9,2,7,Wednesday,False,0,0,0,0,0,0,0,0,0.0,0.0,0.0,0.0,0.0,0.0,0.0,0.0,0,False,,0.004942567567567517,0.6699324324324342,0.025543918918918874,0.03839527027027029,80.21526195899773,51.93115318416523
20160907_US,28.1,24.3,87.8,29.4,90.6,24.6,27.1,96.8,23.5,25.8,96.9,23.4,26.3,97.6,22.4,25.1,96.1,20.7,30.0,70.1,25.9,29.4,48.5,25.0,14,2016-09-07,US,9,2,7,Wednesday,False,0,0,0,0,0,0,0,0,0.0,0.0,0.0,0.0,0.0,0.0,0.0,0.0,0,False,,0.007971910112359516,0.7561797752808977,0.027457865168539312,0.03045505617977525,76.76770538243626,48.6814814814815
20160908_BS,28.4,23.9,72.3,28.8,77.9,25.3,28.8,80.8,25.6,29.2,83.8,25.3,28.4,78.6,25.6,27.9,87.6,24.4,24.9,93.9,21.2,29.3,72.0,25.9,91,2016-09-08,BS,9,3,8,Thursday,False,0,0,0,0,0,0,0,0,0.0,0.0,0.0,0.0,0.0,0.0,0.0,0.0,0,False,,0.005333333333333314,0.4226107226107246,0.04708782435129737,0.02005389221556882,44.56399999999999,29.70059880239521
20160908_CB,28.453333333000003,22.606666667,75.046666667,28.046666666999997,75.613333333,22.926666667,27.94,77.2,23.386666666999997,30.46,80.42,25.1,30.3,78.78666666699999,25.093333333,28.693333333,75.126666667,23.726666666999996,24.6,77.026666667,21.906666667,30.946666667,66.393333333,24.613333333000003,39,2016-09-08,CB,9,3,8,Thursday,False,0,0,0,0,0,0,0,0,0.0,0.0,0.0,0.0,0.0,0.0,0.0,0.0,0,False,,0.0026965034965034987,0.4262237762237765,0.031555944055944044,0.016350175438596473,47.48263888888889,35.15151515151515
20160908_CN,28.475,22.8375,84.6,27.9,83.73125,22.5625,27.26875,85.45,22.69375,30.4375,84.0125,25.11875,30.49375,83.29375,25.33125,29.7875,81.125,24.08125,27.09375,81.35625,23.44375,29.93125,77.44375,24.775,62,2016-09-08,CN,9,3,8,Thursday,False,0,0,0,0,0,0,0,0,0.0,0.0,0.0,0.0,0.0,0.0,0.0,0.0,0,False,,0.0031353211009174336,0.5617924528301892,0.04059174311926607,0.013941743119266044,53.689814814814824,30.45833333333333
20160908_DG,29.2,23.1,73.9,30.1,76.1,24.5,28.6,77.5,25.1,27.8,86.8,24.2,27.8,87.6,23.7,24.4,93.5,21.6,21.5,93.8,20.1,32.2,55.0,26.7,51,2016-09-08,DG,9,3,8,Thursday,False,0,0,0,0,0,0,0,0,0.0,0.0,0.0,0.0,0.0,0.0,0.0,0.0,0,False,,0.0035328467153284697,0.32481751824817523,0.036463503649635,0.01816788321167881,40.915441176470594,24.747311827956988
20160908_DJ,28.9,23.3,80.3,27.8,76.8,23.7,28.1,79.0,24.4,30.5,82.4,26.2,30.4,80.3,26.2,30.3,76.0,25.0,24.9,81.0,22.7,31.5,64.3,26.6,36,2016-09-08,DJ,9,3,8,Thursday,False,0,0,0,0,0,0,0,0,0.0,0.0,0.0,0.0,0.0,0.0,0.0,0.0,0,False,,0.002633333333333335,0.6454166666666661,0.03979999999999996,0.018358333333333303,43.92307692307693,24.48333333333333
20160908_GB,27.645833333000002,22.1125,80.99583333300001,28.441666667,80.37083333300001,23.1,27.991666666999997,84.954166667,23.629166667,27.141666667,91.133333333,23.404166667,28.658333333,87.90416666700001,23.7625,23.579166667,95.05,21.445833333,22.841666667,93.76666666700001,19.975,30.754166667,65.4125,24.816666667,72,2016-09-08,GB,9,3,8,Thursday,False,0,0,0,0,0,0,0,0,0.0,0.0,0.0,0.0,0.0,0.0,0.0,0.0,0,False,,0.003706190476190458,0.4436363636363646,0.040497630331753534,0.00984928909952603,40.060931899641574,22.717391304347824
20160908_GG,27.054761905,22.738095238000003,82.311904762,28.380952381,78.56666666699999,23.711904762,28.607142857,79.15952381,23.933333333,31.021428570999998,74.06666666699999,26.028571429,29.571428571,77.70952381,25.404761905,29.035714285999997,79.08809523800001,23.878571429,28.726190476,73.983333333,23.688095238000002,29.016666667,77.86428571399999,23.116666666999997,210,2016-09-08,GG,9,3,8,Thursday,False,0,0,0,0,0,0,0,0,0.0,0.0,0.0,0.0,0.0,0.0,0.0,0.0,0,False,,0.004441333333333267,0.5704043126684655,0.025927083333333385,0.0307820182501343,51.9957264957265,31.617021276595747
20160908_GJ,30.6,23.9,76.6,26.2,86.9,23.4,27.6,85.6,24.3,30.7,83.0,26.2,33.0,82.1,26.9,31.7,79.4,25.8,24.8,94.1,21.6,32.2,67.8,26.5,45,2016-09-08,GJ,9,3,8,Thursday,False,0,0,0,0,0,0,0,0,0.0,0.0,0.0,0.0,0.0,0.0,0.0,0.0,0,False,,0.002125000000000001,0.4850000000000002,0.033134999999999984,0.017729999999999982,41.089552238805965,26.30718954248366
20160908_GN,29.386363636,23.536363636,73.472727273,28.4,82.25,24.204545455,28.095454545,86.109090909,24.6,29.077272726999997,87.604545455,24.840909091,28.990909091,85.909090909,24.636363636,25.686363636,92.904545455,22.427272727,23.345454545,94.859090909,19.781818182000002,30.168181818,68.909090909,25.459090909,66,2016-09-08,GN,9,3,8,Thursday,False,0,0,0,0,0,0,0,0,0.0,0.0,0.0,0.0,0.0,0.0,0.0,0.0,0,False,,0.003615441176470568,0.4091911764705897,0.04723161764705882,0.01634738805970148,45.318098720292504,27.977099236641227
20160908_GW,26.388888889,21.644444444,82.161111111,27.15,80.1,22.2,27.494444444000003,81.772222222,22.977777778000004,27.783333333,85.577777778,23.388888889,26.688888889,86.377777778,22.922222222,25.733333333,89.166666667,21.783333333,24.95,84.911111111,21.216666667000002,28.95,72.005555556,22.544444444,41,2016-09-08,GW,9,3,8,Thursday,False,0,0,0,0,0,0,0,0,0.0,0.0,0.0,0.0,0.0,0.0,0.0,0.0,0,False,,0.0021407407407407443,0.4018518518518521,0.035324074074074036,0.009950925925925912,39.444444444444436,28.74647887323944
20160908_IC,26.13,23.25,92.95,26.78,90.1,23.52,26.92,93.36,23.86,29.09,89.24,25.19,28.02,93.02,24.63,28.33,89.4,24.17,28.96,82.92,24.12,27.56,90.32,23.51,39,2016-09-08,IC,9,3,8,Thursday,False,0,0,0,0,0,0,0,0,0.0,0.0,0.0,0.0,0.0,0.0,0.0,0.0,0,False,,0.005886965376782056,0.5952890792291219,0.03405894308943084,0.023836178861788588,50.267893660531705,31.579387186629525
20160908_JB,28.68,22.706666666999997,77.9,27.626666667,79.366666667,22.466666667,27.88,81.106666667,22.96,30.086666667,84.026666667,24.866666666999997,30.94,79.953333333,25.433333333,30.573333333,76.773333333,24.326666666999998,24.906666667,83.42,21.773333333000004,31.186666666999997,63.013333333,25.953333333000003,86,2016-09-08,JB,9,3,8,Thursday,False,0,0,0,0,0,0,0,0,0.0,0.0,0.0,0.0,0.0,0.0,0.0,0.0,0,False,,0.0036707988980716156,0.4860962566844937,0.03979829545454541,0.01216747311827953,47.8972972972973,34.01333333333333
20160908_JJ,27.9,24.65,71.3,26.7,79.75,24.25,26.65,82.8,24.85,28.6,84.25,26.0,28.95,80.4,26.3,27.2,88.95,24.6,24.35,95.05,22.9,30.8,75.55,25.8,8,2016-09-08,JJ,9,3,8,Thursday,False,0,0,0,0,0,0,0,0,0.0,0.0,0.0,0.0,0.0,0.0,0.0,0.0,0,False,,0.0019000000000000004,0.4031578947368417,0.043520833333333335,0.009586458333333336,46.3404255319149,31.82954545454545
20160908_JN,29.318181818000003,23.613636364,74.495454545,26.509090909,83.177272727,23.595454545,26.804545455,87.354545455,23.740909091,30.318181818000003,84.027272727,25.645454545,31.390909090999997,82.172727273,26.15,29.859090909000003,82.759090909,24.577272726999997,24.595454545,91.67272727299999,21.436363636,31.013636364,70.95,25.968181818,67,2016-09-08,JN,9,3,8,Thursday,False,0,0,0,0,0,0,0,0,0.0,0.0,0.0,0.0,0.0,0.0,0.0,0.0,0,False,,0.004934584450402129,0.5013297872340419,0.04008288770053477,0.01288502673796788,40.54545454545455,29.29113924050633
20160908_SU,26.5,23.0,76.4,28.6,69.8,24.3,29.0,69.0,24.7,31.1,66.1,26.4,29.6,71.3,25.6,28.6,73.8,23.9,29.0,68.5,24.2,28.6,71.3,23.2,238,2016-09-08,SU,9,3,8,Thursday,False,0,0,0,0,0,0,0,0,0.0,0.0,0.0,0.0,0.0,0.0,0.0,0.0,0,False,,0.005029900332225875,0.6683222958057413,0.01718211920529796,0.04277041942604854,50.62751677852349,30.572413793103447
20160908_US,27.3,22.3,84.0,28.1,87.8,24.3,29.4,90.6,24.6,27.1,96.8,23.5,25.8,96.9,23.4,26.3,97.6,22.4,25.1,96.1,20.7,30.0,70.1,25.9,13,2016-09-08,US,9,3,8,Thursday,False,0,0,0,0,0,0,0,0,0.0,0.0,0.0,0.0,0.0,0.0,0.0,0.0,0,False,,0.005545197740112969,0.4951977401129958,0.04051977401129942,0.019344632768361552,43.26271186440679,26.77304964539007
20160909_BS,28.4,24.6,78.4,28.4,72.3,23.9,28.8,77.9,25.3,28.8,80.8,25.6,29.2,83.8,25.3,28.4,78.6,25.6,27.9,87.6,24.4,24.9,93.9,21.2,84,2016-09-09,BS,9,4,9,Friday,False,0,0,0,0,0,0,0,0,0.0,0.0,0.0,0.0,0.0,0.0,0.0,0.0,0,False,,0.005094907407407384,0.4201388888888913,0.03861111111111112,0.02029365079365077,51.154761904761905,33.726190476190474
20160909_CB,28.76,22.96,75.233333333,28.453333333000003,75.046666667,22.606666667,28.046666666999997,75.613333333,22.926666667,27.94,77.2,23.386666666999997,30.46,80.42,25.1,30.3,78.78666666699999,25.093333333,28.693333333,75.126666667,23.726666666999996,24.6,77.026666667,21.906666667,31,2016-09-09,CB,9,4,9,Friday,False,0,0,0,0,0,0,0,0,0.0,0.0,0.0,0.0,0.0,0.0,0.0,0.0,0,False,,0.0027522058823529435,0.4503676470588237,0.029139705882352894,0.016950922509225055,48.989051094890506,35.920634920634924
20160909_CN,28.7375,22.66875,82.21875,28.475,84.6,22.8375,27.9,83.73125,22.5625,27.26875,85.45,22.69375,30.4375,84.0125,25.11875,30.49375,83.29375,25.33125,29.7875,81.125,24.08125,27.09375,81.35625,23.44375,50,2016-09-09,CN,9,4,9,Friday,False,0,0,0,0,0,0,0,0,0.0,0.0,0.0,0.0,0.0,0.0,0.0,0.0,0,False,,0.003103603603603605,0.5081081081081086,0.03691666666666663,0.01291124999999998,47.35833333333333,29.41666666666667
20160909_DG,29.6,23.8,75.3,29.2,73.9,23.1,30.1,76.1,24.5,28.6,77.5,25.1,27.8,86.8,24.2,27.8,87.6,23.7,24.4,93.5,21.6,21.5,93.8,20.1,62,2016-09-09,DG,9,4,9,Friday,False,0,0,0,0,0,0,0,0,0.0,0.0,0.0,0.0,0.0,0.0,0.0,0.0,0,False,,0.003496268656716421,0.40932835820895497,0.03837686567164175,0.01671268656716412,46.6789667896679,29.486631016042786
20160909_DJ,28.8,23.9,80.8,28.9,80.3,23.3,27.8,76.8,23.7,28.1,79.0,24.4,30.5,82.4,26.2,30.4,80.3,26.2,30.3,76.0,25.0,24.9,81.0,22.7,43,2016-09-09,DJ,9,4,9,Friday,False,0,0,0,0,0,0,0,0,0.0,0.0,0.0,0.0,0.0,0.0,0.0,0.0,0,False,,0.002325000000000001,0.611666666666666,0.035266666666666675,0.019858333333333318,45.012552301255226,26.00833333333333
20160909_GB,27.4875,22.295833333,82.37083333300001,27.645833333000002,80.99583333300001,22.1125,28.441666667,80.37083333300001,23.1,27.991666666999997,84.954166667,23.629166667,27.141666667,91.133333333,23.404166667,28.658333333,87.90416666700001,23.7625,23.579166667,95.05,21.445833333,22.841666667,93.76666666700001,19.975,58,2016-09-09,GB,9,4,9,Friday,False,0,0,0,0,0,0,0,0,0.0,0.0,0.0,0.0,0.0,0.0,0.0,0.0,0,False,,0.0036060606060605922,0.4560000000000006,0.03638694638694637,0.009875233644859779,40.006872852233684,26.522727272727273
20160909_GG,28.530952381,23.183333333,79.719047619,27.054761905,82.311904762,22.738095238000003,28.380952381,78.56666666699999,23.711904762,28.607142857,79.15952381,23.933333333,31.021428570999998,74.06666666699999,26.028571429,29.571428571,77.70952381,25.404761905,29.035714285999997,79.08809523800001,23.878571429,28.726190476,73.983333333,23.688095238000002,211,2016-09-09,GG,9,4,9,Friday,False,0,0,0,0,0,0,0,0,0.0,0.0,0.0,0.0,0.0,0.0,0.0,0.0,0,False,,0.0038613107822409545,0.5667547568710377,0.02633026030368767,0.030266171792152775,52.75,30.656821378340364
20160909_GJ,30.2,24.2,77.0,30.6,76.6,23.9,26.2,86.9,23.4,27.6,85.6,24.3,30.7,83.0,26.2,33.0,82.1,26.9,31.7,79.4,25.8,24.8,94.1,21.6,35,2016-09-09,GJ,9,4,9,Friday,False,0,0,0,0,0,0,0,0,0.0,0.0,0.0,0.0,0.0,0.0,0.0,0.0,0,False,,0.0020298507462686577,0.4784999999999999,0.0386915422885572,0.01870646766169152,40.4179104477612,27.772727272727273
20160909_GN,29.309090909000002,23.686363636,79.627272727,29.386363636,73.472727273,23.536363636,28.4,82.25,24.204545455,28.095454545,86.109090909,24.6,29.077272726999997,87.604545455,24.840909091,28.990909091,85.909090909,24.636363636,25.686363636,92.904545455,22.427272727,23.345454545,94.859090909,19.781818182000002,63,2016-09-09,GN,9,4,9,Friday,False,0,0,0,0,0,0,0,0,0.0,0.0,0.0,0.0,0.0,0.0,0.0,0.0,0,False,,0.0041635036496350105,0.4667883211678826,0.039580291970802886,0.01913583180987201,57.487571701720846,37.45075757575758
20160909_GW,26.5,21.394444444,81.927777778,26.388888889,82.161111111,21.644444444,27.15,80.1,22.2,27.494444444000003,81.772222222,22.977777778000004,27.783333333,85.577777778,23.388888889,26.688888889,86.377777778,22.922222222,25.733333333,89.166666667,21.783333333,24.95,84.911111111,21.216666667000002,36,2016-09-09,GW,9,4,9,Friday,False,0,0,0,0,0,0,0,0,0.0,0.0,0.0,0.0,0.0,0.0,0.0,0.0,0,False,,0.001967592592592595,0.3490740740740737,0.0327824074074074,0.009794444444444435,31.449074074074073,21.0
20160909_IC,27.44,23.65,89.37,26.13,92.95,23.25,26.78,90.1,23.52,26.92,93.36,23.86,29.09,89.24,25.19,28.02,93.02,24.63,28.33,89.4,24.17,28.96,82.92,24.12,43,2016-09-09,IC,9,4,9,Friday,False,0,0,0,0,0,0,0,0,0.0,0.0,0.0,0.0,0.0,0.0,0.0,0.0,0,False,,0.005022064777327915,0.5961702127659575,0.03076720647773276,0.02336680161943316,47.468559837728186,30.202816901408447
20160909_JB,29.073333333,22.573333333,76.726666667,28.68,77.9,22.706666666999997,27.626666667,79.366666667,22.466666667,27.88,81.106666667,22.96,30.086666667,84.026666667,24.866666666999997,30.94,79.953333333,25.433333333,30.573333333,76.773333333,24.326666666999998,24.906666667,83.42,21.773333333000004,80,2016-09-09,JB,9,4,9,Friday,False,0,0,0,0,0,0,0,0,0.0,0.0,0.0,0.0,0.0,0.0,0.0,0.0,0,False,,0.0034694960212201514,0.45105263157895,0.044668539325842686,0.012271578947368385,46.411267605633796,33.35909090909091
20160909_JJ,28.2,24.8,74.2,27.9,71.3,24.65,26.7,79.75,24.25,26.65,82.8,24.85,28.6,84.25,26.0,28.95,80.4,26.3,27.2,88.95,24.6,24.35,95.05,22.9,16,2016-09-09,JJ,9,4,9,Friday,False,0,0,0,0,0,0,0,0,0.0,0.0,0.0,0.0,0.0,0.0,0.0,0.0,0,False,,0.0015010416666666677,0.3877777777777776,0.052791666666666674,0.007592708333333336,52.89010989010989,34.808510638297875
20160909_JN,29.540909091,23.7,77.036363636,29.318181818000003,74.495454545,23.613636364,26.509090909,83.177272727,23.595454545,26.804545455,87.354545455,23.740909091,30.318181818000003,84.027272727,25.645454545,31.390909090999997,82.172727273,26.15,29.859090909000003,82.759090909,24.577272726999997,24.595454545,91.67272727299999,21.436363636,68,2016-09-09,JN,9,4,9,Friday,False,0,0,0,0,0,0,0,0,0.0,0.0,0.0,0.0,0.0,0.0,0.0,0.0,0,False,,0.005188397790055239,0.5149584487534619,0.040564738292011,0.01343829201101926,43.73756906077348,32.865800865800864
20160909_SU,29.3,23.9,71.1,26.5,76.4,23.0,28.6,69.8,24.3,29.0,69.0,24.7,31.1,66.1,26.4,29.6,71.3,25.6,28.6,73.8,23.9,29.0,68.5,24.2,214,2016-09-09,SU,9,4,9,Friday,False,0,0,0,0,0,0,0,0,0.0,0.0,0.0,0.0,0.0,0.0,0.0,0.0,0,False,,0.004421460176991123,0.6206858407079655,0.02097234513274333,0.040789823008849535,45.75193798449614,26.992994746059548
20160909_US,26.5,22.9,89.9,27.3,84.0,22.3,28.1,87.8,24.3,29.4,90.6,24.6,27.1,96.8,23.5,25.8,96.9,23.4,26.3,97.6,22.4,25.1,96.1,20.7,15,2016-09-09,US,9,4,9,Friday,False,0,0,0,0,0,0,0,0,0.0,0.0,0.0,0.0,0.0,0.0,0.0,0.0,0,False,,0.00525070422535209,0.486197183098592,0.02955211267605632,0.0223295774647887,49.22033898305085,30.6993006993007
20160910_BS,27.7,23.8,81.3,28.4,78.4,24.6,28.4,72.3,23.9,28.8,77.9,25.3,28.8,80.8,25.6,29.2,83.8,25.3,28.4,78.6,25.6,27.9,87.6,24.4,23,2016-09-10,BS,9,5,10,Saturday,False,0,0,0,0,0,0,0,0,0.0,0.0,0.0,0.0,0.0,0.0,0.0,0.0,0,True,,0.0046574074074073905,0.39583333333333537,0.029363817097415475,0.01916666666666662,48.407554671968185,30.67196819085487
20160910_CB,28.54,23.066666667,73.78666666699999,28.76,75.233333333,22.96,28.453333333000003,75.046666667,22.606666667,28.046666666999997,75.613333333,22.926666667,27.94,77.2,23.386666666999997,30.46,80.42,25.1,30.3,78.78666666699999,25.093333333,28.693333333,75.126666667,23.726666666999996,6,2016-09-10,CB,9,5,10,Saturday,False,0,0,0,0,0,0,0,0,0.0,0.0,0.0,0.0,0.0,0.0,0.0,0.0,0,True,,0.0022188153310104546,0.4052264808362369,0.031414634146341436,0.01490140350877189,43.57894736842106,32.06614785992218
20160910_CN,28.94375,22.43125,83.7125,28.7375,82.21875,22.66875,28.475,84.6,22.8375,27.9,83.73125,22.5625,27.26875,85.45,22.69375,30.4375,84.0125,25.11875,30.49375,83.29375,25.33125,29.7875,81.125,24.08125,8,2016-09-10,CN,9,5,10,Saturday,False,0,0,0,0,0,0,0,0,0.0,0.0,0.0,0.0,0.0,0.0,0.0,0.0,0,True,,0.002523148148148149,0.4920833333333338,0.04208333333333332,0.01377833333333332,49.88333333333333,29.819444444444446
20160910_DG,27.1,23.0,80.0,29.6,75.3,23.8,29.2,73.9,23.1,30.1,76.1,24.5,28.6,77.5,25.1,27.8,86.8,24.2,27.8,87.6,23.7,24.4,93.5,21.6,21,2016-09-10,DG,9,5,10,Saturday,False,0,0,0,0,0,0,0,0,0.0,0.0,0.0,0.0,0.0,0.0,0.0,0.0,0,True,,0.003437500000000002,0.3767361111111111,0.02542361111111109,0.015899305555555514,47.63028169014085,29.91145833333333
20160910_DJ,28.7,23.2,82.5,28.8,80.8,23.9,28.9,80.3,23.3,27.8,76.8,23.7,28.1,79.0,24.4,30.5,82.4,26.2,30.4,80.3,26.2,30.3,76.0,25.0,8,2016-09-10,DJ,9,5,10,Saturday,False,0,0,0,0,0,0,0,0,0.0,0.0,0.0,0.0,0.0,0.0,0.0,0.0,0,True,,0.002266666666666668,0.6304166666666655,0.0341958333333333,0.018833333333333303,44.69747899159664,24.4
20160910_GB,25.483333333,21.745833333,87.1625,27.4875,82.37083333300001,22.295833333,27.645833333000002,80.99583333300001,22.1125,28.441666667,80.37083333300001,23.1,27.991666666999997,84.954166667,23.629166667,27.141666667,91.133333333,23.404166667,28.658333333,87.90416666700001,23.7625,23.579166667,95.05,21.445833333,18,2016-09-10,GB,9,5,10,Saturday,False,0,0,0,0,0,0,0,0,0.0,0.0,0.0,0.0,0.0,0.0,0.0,0.0,0,True,,0.003530373831775685,0.4572839506172843,0.027995370370370337,0.010868213457076541,37.391025641025635,24.704819277108435
20160910_GG,28.645238095,23.502380952,76.319047619,28.530952381,79.719047619,23.183333333,27.054761905,82.311904762,22.738095238000003,28.380952381,78.56666666699999,23.711904762,28.607142857,79.15952381,23.933333333,31.021428570999998,74.06666666699999,26.028571429,29.571428571,77.70952381,25.404761905,29.035714285999997,79.08809523800001,23.878571429,75,2016-09-10,GG,9,5,10,Saturday,False,0,0,0,0,0,0,0,0,0.0,0.0,0.0,0.0,0.0,0.0,0.0,0.0,0,True,,0.003420375195414248,0.5478895257946856,0.03209134615384627,0.028368916797488312,51.297644539614566,29.091922005571032
20160910_GJ,31.1,23.0,84.5,30.2,77.0,24.2,30.6,76.6,23.9,26.2,86.9,23.4,27.6,85.6,24.3,30.7,83.0,26.2,33.0,82.1,26.9,31.7,79.4,25.8,14,2016-09-10,GJ,9,5,10,Saturday,False,0,0,0,0,0,0,0,0,0.0,0.0,0.0,0.0,0.0,0.0,0.0,0.0,0,True,,0.0022546296296296307,0.5597222222222226,0.033523148148148114,0.021282407407407385,41.060185185185176,29.16666666666667
20160910_GN,27.559090909000002,23.122727273000002,83.381818182,29.309090909000002,79.627272727,23.686363636,29.386363636,73.472727273,23.536363636,28.4,82.25,24.204545455,28.095454545,86.109090909,24.6,29.077272726999997,87.604545455,24.840909091,28.990909091,85.909090909,24.636363636,25.686363636,92.904545455,22.427272727,23,2016-09-10,GN,9,5,10,Saturday,False,0,0,0,0,0,0,0,0,0.0,0.0,0.0,0.0,0.0,0.0,0.0,0.0,0,True,,0.003308695652173892,0.42065217391304405,0.030050724637681114,0.0164978260869565,53.159045725646116,35.2528735632184
20160910_GW,26.866666666999997,21.727777778000004,82.0,26.5,81.927777778,21.394444444,26.388888889,82.161111111,21.644444444,27.15,80.1,22.2,27.494444444000003,81.772222222,22.977777778000004,27.783333333,85.577777778,23.388888889,26.688888889,86.377777778,22.922222222,25.733333333,89.166666667,21.783333333,12,2016-09-10,GW,9,5,10,Saturday,False,0,0,0,0,0,0,0,0,0.0,0.0,0.0,0.0,0.0,0.0,0.0,0.0,0,True,,0.0017824074074074098,0.34259259259259217,0.029898148148148118,0.009389814814814813,31.222222222222218,20.66187050359712
20160910_IC,28.0,23.85,92.43,27.44,89.37,23.65,26.13,92.95,23.25,26.78,90.1,23.52,26.92,93.36,23.86,29.09,89.24,25.19,28.02,93.02,24.63,28.33,89.4,24.17,12,2016-09-10,IC,9,5,10,Saturday,False,0,0,0,0,0,0,0,0,0.0,0.0,0.0,0.0,0.0,0.0,0.0,0.0,0,True,,0.004768055555555529,0.5845833333333332,0.037740079365079386,0.023302380952380956,49.36507936507937,30.80533333333333
20160910_JB,28.653333333000003,21.953333333000003,80.806666667,29.073333333,76.726666667,22.573333333,28.68,77.9,22.706666666999997,27.626666667,79.366666667,22.466666667,27.88,81.106666667,22.96,30.086666667,84.026666667,24.866666666999997,30.94,79.953333333,25.433333333,30.573333333,76.773333333,24.326666666999998,26,2016-09-10,JB,9,5,10,Saturday,False,0,0,0,0,0,0,0,0,0.0,0.0,0.0,0.0,0.0,0.0,0.0,0.0,0,True,,0.004075654450261761,0.5119791666666681,0.0418743016759776,0.014187760416666646,51.55988857938718,38.73181818181817
20160910_JJ,27.05,24.15,74.55,28.2,74.2,24.8,27.9,71.3,24.65,26.7,79.75,24.25,26.65,82.8,24.85,28.6,84.25,26.0,28.95,80.4,26.3,27.2,88.95,24.6,3,2016-09-10,JJ,9,5,10,Saturday,False,0,0,0,0,0,0,0,0,0.0,0.0,0.0,0.0,0.0,0.0,0.0,0.0,0,True,,0.002465625000000002,0.3402173913043481,0.042968749999999986,0.010020833333333342,47.846153846153854,29.22916666666667
20160910_JN,29.195454545,22.854545455,82.75,29.540909091,77.036363636,23.7,29.318181818000003,74.495454545,23.613636364,26.509090909,83.177272727,23.595454545,26.804545455,87.354545455,23.740909091,30.318181818000003,84.027272727,25.645454545,31.390909090999997,82.172727273,26.15,29.859090909000003,82.759090909,24.577272726999997,25,2016-09-10,JN,9,5,10,Saturday,False,0,0,0,0,0,0,0,0,0.0,0.0,0.0,0.0,0.0,0.0,0.0,0.0,0,True,,0.005163541666666642,0.5164062499999994,0.037348958333333314,0.012658333333333304,44.53580901856764,34.21008403361345
20160910_SU,29.1,24.4,65.4,29.3,71.1,23.9,26.5,76.4,23.0,28.6,69.8,24.3,29.0,69.0,24.7,31.1,66.1,26.4,29.6,71.3,25.6,28.6,73.8,23.9,67,2016-09-10,SU,9,5,10,Saturday,False,0,0,0,0,0,0,0,0,0.0,0.0,0.0,0.0,0.0,0.0,0.0,0.0,0,True,,0.0040865384615384436,0.5811965811965807,0.026659188034188017,0.03803418803418799,44.15574650912997,26.464882943143806
20160910_US,24.3,21.9,97.6,26.5,89.9,22.9,27.3,84.0,22.3,28.1,87.8,24.3,29.4,90.6,24.6,27.1,96.8,23.5,25.8,96.9,23.4,26.3,97.6,22.4,5,2016-09-10,US,9,5,10,Saturday,False,0,0,0,0,0,0,0,0,0.0,0.0,0.0,0.0,0.0,0.0,0.0,0.0,0,True,,0.005394444444444419,0.5013888888888893,0.01926666666666664,0.021980555555555538,42.45,25.26388888888889
20160911_BS,28.3,24.2,74.6,27.7,81.3,23.8,28.4,78.4,24.6,28.4,72.3,23.9,28.8,77.9,25.3,28.8,80.8,25.6,29.2,83.8,25.3,28.4,78.6,25.6,0,2016-09-11,BS,9,6,11,Sunday,False,0,0,0,0,0,0,0,0,0.0,0.0,0.0,0.0,0.0,0.0,0.0,0.0,0,True,,0.006094907407407379,0.3136574074074077,0.028363095238095205,0.012601190476190436,30.34530938123752,14.944223107569721
20160911_CB,28.48,23.573333333,70.153333333,28.54,73.78666666699999,23.066666667,28.76,75.233333333,22.96,28.453333333000003,75.046666667,22.606666667,28.046666666999997,75.613333333,22.926666667,27.94,77.2,23.386666666999997,30.46,80.42,25.1,30.3,78.78666666699999,25.093333333,0,2016-09-11,CB,9,6,11,Sunday,False,0,0,0,0,0,0,0,0,0.0,0.0,0.0,0.0,0.0,0.0,0.0,0.0,0,True,,0.0018954861111111125,0.2965277777777776,0.0299756944444444,0.011312635379061341,24.289198606271782,14.965250965250965
20160911_CN,28.4375,22.8375,81.19375,28.94375,83.7125,22.43125,28.7375,82.21875,22.66875,28.475,84.6,22.8375,27.9,83.73125,22.5625,27.26875,85.45,22.69375,30.4375,84.0125,25.11875,30.49375,83.29375,25.33125,2,2016-09-11,CN,9,6,11,Sunday,False,0,0,0,0,0,0,0,0,0.0,0.0,0.0,0.0,0.0,0.0,0.0,0.0,0,True,,0.002300925925925928,0.42500000000000104,0.042362499999999984,0.009437499999999986,42.31666666666667,26.83333333333333
20160911_DG,27.1,23.3,77.0,27.1,80.0,23.0,29.6,75.3,23.8,29.2,73.9,23.1,30.1,76.1,24.5,28.6,77.5,25.1,27.8,86.8,24.2,27.8,87.6,23.7,2,2016-09-11,DG,9,6,11,Sunday,False,0,0,0,0,0,0,0,0,0.0,0.0,0.0,0.0,0.0,0.0,0.0,0.0,0,True,,0.003128472222222225,0.2902777777777775,0.025586805555555536,0.009902777777777745,28.463414634146343,15.505208333333336
20160911_DJ,28.5,23.9,77.5,28.7,82.5,23.2,28.8,80.8,23.9,28.9,80.3,23.3,27.8,76.8,23.7,28.1,79.0,24.4,30.5,82.4,26.2,30.4,80.3,26.2,0,2016-09-11,DJ,9,6,11,Sunday,False,0,0,0,0,0,0,0,0,0.0,0.0,0.0,0.0,0.0,0.0,0.0,0.0,0,True,,0.002020833333333335,0.5133333333333331,0.03633749999999998,0.013995833333333308,28.200836820083683,16.191666666666666
20160911_GB,26.5875,22.295833333,85.041666667,25.483333333,87.1625,21.745833333,27.4875,82.37083333300001,22.295833333,27.645833333000002,80.99583333300001,22.1125,28.441666667,80.37083333300001,23.1,27.991666666999997,84.954166667,23.629166667,27.141666667,91.133333333,23.404166667,28.658333333,87.90416666700001,23.7625,3,2016-09-11,GB,9,6,11,Sunday,False,0,0,0,0,0,0,0,0,0.0,0.0,0.0,0.0,0.0,0.0,0.0,0.0,0,True,,0.0034886046511627745,0.3436224489795921,0.025464037122969786,0.007171925754060299,26.554487179487182,15.678571428571427
20160911_GG,27.911904762,23.733333333,72.773809524,28.645238095,76.319047619,23.502380952,28.530952381,79.719047619,23.183333333,27.054761905,82.311904762,22.738095238000003,28.380952381,78.56666666699999,23.711904762,28.607142857,79.15952381,23.933333333,31.021428570999998,74.06666666699999,26.028571429,29.571428571,77.70952381,25.404761905,6,2016-09-11,GG,9,6,11,Sunday,False,0,0,0,0,0,0,0,0,0.0,0.0,0.0,0.0,0.0,0.0,0.0,0.0,0,True,,0.003408697916666616,0.4821354166666608,0.03618589743589748,0.021238755230125618,41.68685776095187,25.29346314325452
20160911_GJ,26.9,23.0,90.9,31.1,84.5,23.0,30.2,77.0,24.2,30.6,76.6,23.9,26.2,86.9,23.4,27.6,85.6,24.3,30.7,83.0,26.2,33.0,82.1,26.9,0,2016-09-11,GJ,9,6,11,Sunday,False,0,0,0,0,0,0,0,0,0.0,0.0,0.0,0.0,0.0,0.0,0.0,0.0,0,True,,0.002101851851851853,0.5199074074074074,0.02636744186046509,0.01568055555555553,33.2037037037037,23.648809523809533
20160911_GN,27.177272727,23.1,80.459090909,27.559090909000002,83.381818182,23.122727273000002,29.309090909000002,79.627272727,23.686363636,29.386363636,73.472727273,23.536363636,28.4,82.25,24.204545455,28.095454545,86.109090909,24.6,29.077272726999997,87.604545455,24.840909091,28.990909091,85.909090909,24.636363636,4,2016-09-11,GN,9,6,11,Sunday,False,0,0,0,0,0,0,0,0,0.0,0.0,0.0,0.0,0.0,0.0,0.0,0.0,0,True,,0.002966123188405778,0.32355072463768314,0.028123188405797063,0.010580978260869534,35.713717693836976,21.78787878787879
20160911_GW,26.294444444,22.05,82.95,26.866666666999997,82.0,21.727777778000004,26.5,81.927777778,21.394444444,26.388888889,82.161111111,21.644444444,27.15,80.1,22.2,27.494444444000003,81.772222222,22.977777778000004,27.783333333,85.577777778,23.388888889,26.688888889,86.377777778,22.922222222,0,2016-09-11,GW,9,6,11,Sunday,False,0,0,0,0,0,0,0,0,0.0,0.0,0.0,0.0,0.0,0.0,0.0,0.0,0,True,,0.0018490740740740765,0.3175925925925921,0.02681018518518516,0.008340277777777771,26.115740740740737,15.333333333333336
20160911_IC,26.68,23.51,89.41,28.0,92.43,23.85,27.44,89.37,23.65,26.13,92.95,23.25,26.78,90.1,23.52,26.92,93.36,23.86,29.09,89.24,25.19,28.02,93.02,24.63,0,2016-09-11,IC,9,6,11,Sunday,False,0,0,0,0,0,0,0,0,0.0,0.0,0.0,0.0,0.0,0.0,0.0,0.0,0,True,,0.005282341269841238,0.5489583333333333,0.042053571428571385,0.01625416666666665,44.16500994035785,28.625352112676055
20160911_JB,28.406666667,22.72,81.0,28.653333333000003,80.806666667,21.953333333000003,29.073333333,76.726666667,22.573333333,28.68,77.9,22.706666666999997,27.626666667,79.366666667,22.466666667,27.88,81.106666667,22.96,30.086666667,84.026666667,24.866666666999997,30.94,79.953333333,25.433333333,2,2016-09-11,JB,9,6,11,Sunday,False,0,0,0,0,0,0,0,0,0.0,0.0,0.0,0.0,0.0,0.0,0.0,0.0,0,True,,0.0032881578947368327,0.44166666666667015,0.039772222222222216,0.010705729166666638,40.58571428571429,30.17857142857143
20160911_JJ,27.1,24.75,79.7,27.05,74.55,24.15,28.2,74.2,24.8,27.9,71.3,24.65,26.7,79.75,24.25,26.65,82.8,24.85,28.6,84.25,26.0,28.95,80.4,26.3,0,2016-09-11,JJ,9,6,11,Sunday,False,0,0,0,0,0,0,0,0,0.0,0.0,0.0,0.0,0.0,0.0,0.0,0.0,0,True,,0.0016885416666666678,0.2680851063829786,0.03771875,0.005992708333333337,44.02150537634409,25.4468085106383
20160911_JN,27.072727273,23.25,85.95,29.195454545,82.75,22.854545455,29.540909091,77.036363636,23.7,29.318181818000003,74.495454545,23.613636364,26.509090909,83.177272727,23.595454545,26.804545455,87.354545455,23.740909091,30.318181818000003,84.027272727,25.645454545,31.390909090999997,82.172727273,26.15,3,2016-09-11,JN,9,6,11,Sunday,False,0,0,0,0,0,0,0,0,0.0,0.0,0.0,0.0,0.0,0.0,0.0,0.0,0,True,,0.004468229166666649,0.4536458333333338,0.02560937499999996,0.009952864583333308,34.5378590078329,25.38493723849373
20160911_SU,28.2,24.5,66.3,29.1,65.4,24.4,29.3,71.1,23.9,26.5,76.4,23.0,28.6,69.8,24.3,29.0,69.0,24.7,31.1,66.1,26.4,29.6,71.3,25.6,4,2016-09-11,SU,9,6,11,Sunday,False,0,0,0,0,0,0,0,0,0.0,0.0,0.0,0.0,0.0,0.0,0.0,0.0,0,True,,0.004205128205128187,0.5207264957264952,0.0339059829059829,0.02895299145299145,41.310492505353324,26.936026936026934
20160911_US,26.5,22.5,89.5,24.3,97.6,21.9,26.5,89.9,22.9,27.3,84.0,22.3,28.1,87.8,24.3,29.4,90.6,24.6,27.1,96.8,23.5,25.8,96.9,23.4,0,2016-09-11,US,9,6,11,Sunday,False,0,0,0,0,0,0,0,0,0.0,0.0,0.0,0.0,0.0,0.0,0.0,0.0,0,True,,0.004199999999999985,0.3508333333333336,0.022044943820224688,0.012017595307917857,24.44692737430168,10.333333333333334
20160912_BS,23.4,21.3,90.4,28.3,74.6,24.2,27.7,81.3,23.8,28.4,78.4,24.6,28.4,72.3,23.9,28.8,77.9,25.3,28.8,80.8,25.6,29.2,83.8,25.3,72,2016-09-12,BS,9,0,12,Monday,False,0,0,0,0,0,0,0,0,0.0,0.0,0.0,0.0,0.0,0.0,0.0,0.0,0,False,,0.003659673659673646,0.3554778554778569,0.028616465863453767,0.01825301204819273,27.09939148073023,15.468686868686866
20160912_CB,27.56,23.04,71.56666666699999,28.48,70.153333333,23.573333333,28.54,73.78666666699999,23.066666667,28.76,75.233333333,22.96,28.453333333000003,75.046666667,22.606666667,28.046666666999997,75.613333333,22.926666667,27.94,77.2,23.386666666999997,30.46,80.42,25.1,47,2016-09-12,CB,9,0,12,Monday,False,0,0,0,0,0,0,0,0,0.0,0.0,0.0,0.0,0.0,0.0,0.0,0.0,0,False,,0.0019519572953736672,0.2693950177935945,0.025032028469750875,0.013397069597069572,24.180212014134284,13.583333333333336
20160912_CN,27.825,22.68125,84.93125,28.4375,81.19375,22.8375,28.94375,83.7125,22.43125,28.7375,82.21875,22.66875,28.475,84.6,22.8375,27.9,83.73125,22.5625,27.26875,85.45,22.69375,30.4375,84.0125,25.11875,87,2016-09-12,CN,9,0,12,Monday,False,0,0,0,0,0,0,0,0,0.0,0.0,0.0,0.0,0.0,0.0,0.0,0.0,0,False,,0.002855607476635516,0.4319327731092447,0.03867647058823532,0.013389075630252077,48.17721518987342,29.097222222222218
20160912_DG,22.8,20.4,89.5,27.1,77.0,23.3,27.1,80.0,23.0,29.6,75.3,23.8,29.2,73.9,23.1,30.1,76.1,24.5,28.6,77.5,25.1,27.8,86.8,24.2,76,2016-09-12,DG,9,0,12,Monday,False,0,0,0,0,0,0,0,0,0.0,0.0,0.0,0.0,0.0,0.0,0.0,0.0,0,False,,0.002477351916376309,0.2508710801393727,0.019222996515679408,0.0186655052264808,24.55,13.757894736842106
20160912_DJ,27.8,23.5,78.9,28.5,77.5,23.9,28.7,82.5,23.2,28.8,80.8,23.9,28.9,80.3,23.3,27.8,76.8,23.7,28.1,79.0,24.4,30.5,82.4,26.2,44,2016-09-12,DJ,9,0,12,Monday,False,0,0,0,0,0,0,0,0,0.0,0.0,0.0,0.0,0.0,0.0,0.0,0.0,0,False,,0.0020333333333333353,0.47833333333333394,0.0283208333333333,0.015929166666666637,25.28936170212766,14.358333333333333
20160912_GB,23.320833333000003,20.358333333,91.85833333299999,26.5875,85.041666667,22.295833333,25.483333333,87.1625,21.745833333,27.4875,82.37083333300001,22.295833333,27.645833333000002,80.99583333300001,22.1125,28.441666667,80.37083333300001,23.1,27.991666666999997,84.954166667,23.629166667,27.141666667,91.133333333,23.404166667,109,2016-09-12,GB,9,0,12,Monday,False,0,0,0,0,0,0,0,0,0.0,0.0,0.0,0.0,0.0,0.0,0.0,0.0,0,False,,0.0030402810304449557,0.3799442896935945,0.024156908665105347,0.011355035128805592,22.224358974358974,11.917159763313611
20160912_GG,28.283333333,23.678571429,73.304761905,27.911904762,72.773809524,23.733333333,28.645238095,76.319047619,23.502380952,28.530952381,79.719047619,23.183333333,27.054761905,82.311904762,22.738095238000003,28.380952381,78.56666666699999,23.711904762,28.607142857,79.15952381,23.933333333,31.021428570999998,74.06666666699999,26.028571429,252,2016-09-12,GG,9,0,12,Monday,False,0,0,0,0,0,0,0,0,0.0,0.0,0.0,0.0,0.0,0.0,0.0,0.0,0,False,,0.0031642933049946466,0.4861884368308312,0.019173224043715888,0.029054394426580962,39.176633444075314,20.902298850574716
20160912_GJ,27.9,23.1,84.5,26.9,90.9,23.0,31.1,84.5,23.0,30.2,77.0,24.2,30.6,76.6,23.9,26.2,86.9,23.4,27.6,85.6,24.3,30.7,83.0,26.2,54,2016-09-12,GJ,9,0,12,Monday,False,0,0,0,0,0,0,0,0,0.0,0.0,0.0,0.0,0.0,0.0,0.0,0.0,0,False,,0.0016764705882352953,0.4921568627450981,0.020965686274509787,0.019102941176470576,28.431279620853076,19.67484662576687
20160912_GN,24.045454545,20.727272727,89.82727272700001,27.177272727,80.459090909,23.1,27.559090909000002,83.381818182,23.122727273000002,29.309090909000002,79.627272727,23.686363636,29.386363636,73.472727273,23.536363636,28.4,82.25,24.204545455,28.095454545,86.109090909,24.6,29.077272726999997,87.604545455,24.840909091,100,2016-09-12,GN,9,0,12,Monday,False,0,0,0,0,0,0,0,0,0.0,0.0,0.0,0.0,0.0,0.0,0.0,0.0,0,False,,0.002454460966542735,0.3210037174721205,0.027068901303538142,0.014253457943925187,28.29559748427673,17.182926829268293
20160912_GW,25.166666666999998,21.166666667,84.444444444,26.294444444,82.95,22.05,26.866666666999997,82.0,21.727777778000004,26.5,81.927777778,21.394444444,26.388888889,82.161111111,21.644444444,27.15,80.1,22.2,27.494444444000003,81.772222222,22.977777778000004,27.783333333,85.577777778,23.388888889,44,2016-09-12,GW,9,0,12,Monday,False,0,0,0,0,0,0,0,0,0.0,0.0,0.0,0.0,0.0,0.0,0.0,0.0,0,False,,0.0016813084112149552,0.2830188679245279,0.023869158878504656,0.008253271028037376,21.60280373831776,11.822222222222226
20160912_IC,27.7,23.74,90.11,26.68,89.41,23.51,28.0,92.43,23.85,27.44,89.37,23.65,26.13,92.95,23.25,26.78,90.1,23.52,26.92,93.36,23.86,29.09,89.24,25.19,54,2016-09-12,IC,9,0,12,Monday,False,0,0,0,0,0,0,0,0,0.0,0.0,0.0,0.0,0.0,0.0,0.0,0.0,0,False,,0.0046317171717171505,0.5149377593361004,0.024943434343434292,0.023963030303030267,41.448347107438025,23.32768361581921
20160912_JB,27.98,22.386666666999997,81.42666666699999,28.406666667,81.0,22.72,28.653333333000003,80.806666667,21.953333333000003,29.073333333,76.726666667,22.573333333,28.68,77.9,22.706666666999997,27.626666667,79.366666667,22.466666667,27.88,81.106666667,22.96,30.086666667,84.026666667,24.866666666999997,114,2016-09-12,JB,9,0,12,Monday,False,0,0,0,0,0,0,0,0,0.0,0.0,0.0,0.0,0.0,0.0,0.0,0.0,0,False,,0.003300263852242734,0.41984334203655616,0.030735376044568226,0.01366553524804175,42.617647058823536,31.317757009345797
20160912_JJ,25.45,22.75,83.0,27.1,79.7,24.75,27.05,74.55,24.15,28.2,74.2,24.8,27.9,71.3,24.65,26.7,79.75,24.25,26.65,82.8,24.85,28.6,84.25,26.0,15,2016-09-12,JJ,9,0,12,Monday,False,0,0,0,0,0,0,0,0,0.0,0.0,0.0,0.0,0.0,0.0,0.0,0.0,0,False,,0.0013197916666666677,0.24421052631578935,0.040458333333333325,0.006706250000000007,32.701298701298704,17.347368421052632
20160912_JN,26.777272727,22.236363636,84.113636364,27.072727273,85.95,23.25,29.195454545,82.75,22.854545455,29.540909091,77.036363636,23.7,29.318181818000003,74.495454545,23.613636364,26.509090909,83.177272727,23.595454545,26.804545455,87.354545455,23.740909091,30.318181818000003,84.027272727,25.645454545,82,2016-09-12,JN,9,0,12,Monday,False,0,0,0,0,0,0,0,0,0.0,0.0,0.0,0.0,0.0,0.0,0.0,0.0,0,False,,0.004314360313315915,0.4052083333333341,0.02819999999999996,0.010468489583333308,26.034666666666666,18.891304347826086
20160912_SU,27.5,23.4,68.9,28.2,66.3,24.5,29.1,65.4,24.4,29.3,71.1,23.9,26.5,76.4,23.0,28.6,69.8,24.3,29.0,69.0,24.7,31.1,66.1,26.4,258,2016-09-12,SU,9,0,12,Monday,False,0,0,0,0,0,0,0,0,0.0,0.0,0.0,0.0,0.0,0.0,0.0,0.0,0,False,,0.004049288061336236,0.5126234906695931,0.016248358862144385,0.033365426695842415,33.408251900108574,18.6728813559322
20160912_US,22.4,20.5,98.0,26.5,89.5,22.5,24.3,97.6,21.9,26.5,89.9,22.9,27.3,84.0,22.3,28.1,87.8,24.3,29.4,90.6,24.6,27.1,96.8,23.5,18,2016-09-12,US,9,0,12,Monday,False,0,0,0,0,0,0,0,0,0.0,0.0,0.0,0.0,0.0,0.0,0.0,0.0,0,False,,0.003557746478873227,0.4580281690140857,0.023641242937853076,0.019801186943620142,24.521008403361343,12.848920863309353
20160913_BS,27.4,23.0,75.8,23.4,90.4,21.3,28.3,74.6,24.2,27.7,81.3,23.8,28.4,78.4,24.6,28.4,72.3,23.9,28.8,77.9,25.3,28.8,80.8,25.6,86,2016-09-13,BS,9,1,13,Tuesday,False,0,0,0,0,0,0,0,0,0.0,0.0,0.0,0.0,0.0,0.0,0.0,0.0,0,False,,0.004508120649651955,0.3568445475638057,0.03495959595959595,0.01676969696969693,27.759834368530026,13.935353535353535
20160913_CB,28.973333333000003,22.986666666999998,69.78,27.56,71.56666666699999,23.04,28.48,70.153333333,23.573333333,28.54,73.78666666699999,23.066666667,28.76,75.233333333,22.96,28.453333333000003,75.046666667,22.606666667,28.046666666999997,75.613333333,22.926666667,27.94,77.2,23.386666666999997,20,2016-09-13,CB,9,1,13,Tuesday,False,0,0,0,0,0,0,0,0,0.0,0.0,0.0,0.0,0.0,0.0,0.0,0.0,0,False,,0.0019290322580645173,0.2781362007168458,0.025860215053763395,0.014859489051094863,20.524647887323944,10.770992366412212
20160913_CN,29.25625,22.8,81.45625,27.825,84.93125,22.68125,28.4375,81.19375,22.8375,28.94375,83.7125,22.43125,28.7375,82.21875,22.66875,28.475,84.6,22.8375,27.9,83.73125,22.5625,27.26875,85.45,22.69375,58,2016-09-13,CN,9,1,13,Tuesday,False,0,0,0,0,0,0,0,0,0.0,0.0,0.0,0.0,0.0,0.0,0.0,0.0,0,False,,0.0024863207547169827,0.4025423728813559,0.03952542372881355,0.01575720338983049,39.78969957081545,23.12857142857143
20160913_DG,28.1,22.2,76.1,22.8,89.5,20.4,27.1,77.0,23.3,27.1,80.0,23.0,29.6,75.3,23.8,29.2,73.9,23.1,30.1,76.1,24.5,28.6,77.5,25.1,64,2016-09-13,DG,9,1,13,Tuesday,False,0,0,0,0,0,0,0,0,0.0,0.0,0.0,0.0,0.0,0.0,0.0,0.0,0,False,,0.0025664335664335684,0.2349650349650348,0.024055944055944047,0.01712937062937061,27.08362369337979,13.25925925925926
20160913_DJ,29.5,24.1,73.9,27.8,78.9,23.5,28.5,77.5,23.9,28.7,82.5,23.2,28.8,80.8,23.9,28.9,80.3,23.3,27.8,76.8,23.7,28.1,79.0,24.4,33,2016-09-13,DJ,9,1,13,Tuesday,False,0,0,0,0,0,0,0,0,0.0,0.0,0.0,0.0,0.0,0.0,0.0,0.0,0,False,,0.001894067796610171,0.3953389830508481,0.0303093220338983,0.01850847457627117,19.9364406779661,8.584745762711865
20160913_GB,26.970833333,21.120833333,82.358333333,23.320833333000003,91.85833333299999,20.358333333,26.5875,85.041666667,22.295833333,25.483333333,87.1625,21.745833333,27.4875,82.37083333300001,22.295833333,27.645833333000002,80.99583333300001,22.1125,28.441666667,80.37083333300001,23.1,27.991666666999997,84.954166667,23.629166667,64,2016-09-13,GB,9,1,13,Tuesday,False,0,0,0,0,0,0,0,0,0.0,0.0,0.0,0.0,0.0,0.0,0.0,0.0,0,False,,0.003490384615384603,0.3573134328358213,0.02986746987951805,0.009150242718446576,21.4,9.067796610169491
20160913_GG,29.823809524,23.966666667,70.602380952,28.283333333,73.304761905,23.678571429,27.911904762,72.773809524,23.733333333,28.645238095,76.319047619,23.502380952,28.530952381,79.719047619,23.183333333,27.054761905,82.311904762,22.738095238000003,28.380952381,78.56666666699999,23.711904762,28.607142857,79.15952381,23.933333333,186,2016-09-13,GG,9,1,13,Tuesday,False,0,0,0,0,0,0,0,0,0.0,0.0,0.0,0.0,0.0,0.0,0.0,0.0,0,False,,0.003183542976939163,0.4231791600212621,0.02494739696312369,0.02679672823219003,29.71074380165289,14.432944606413994
20160913_GJ,30.5,24.8,77.4,27.9,84.5,23.1,26.9,90.9,23.0,31.1,84.5,23.0,30.2,77.0,24.2,30.6,76.6,23.9,26.2,86.9,23.4,27.6,85.6,24.3,53,2016-09-13,GJ,9,1,13,Tuesday,False,0,0,0,0,0,0,0,0,0.0,0.0,0.0,0.0,0.0,0.0,0.0,0.0,0,False,,0.0021374407582938405,0.4331753554502368,0.030227488151658738,0.017023696682464427,28.32093023255814,17.706586826347305
20160913_GN,28.331818182,22.509090909,77.718181818,24.045454545,89.82727272700001,20.727272727,27.177272727,80.459090909,23.1,27.559090909000002,83.381818182,23.122727273000002,29.309090909000002,79.627272727,23.686363636,29.386363636,73.472727273,23.536363636,28.4,82.25,24.204545455,28.095454545,86.109090909,24.6,55,2016-09-13,GN,9,1,13,Tuesday,False,0,0,0,0,0,0,0,0,0.0,0.0,0.0,0.0,0.0,0.0,0.0,0.0,0,False,,0.003010326086956507,0.31467391304348,0.033445652173913015,0.013243297101449236,28.186507936507937,14.83203125
20160913_GW,26.327777778,21.388888889,79.09444444399999,25.166666666999998,84.444444444,21.166666667,26.294444444,82.95,22.05,26.866666666999997,82.0,21.727777778000004,26.5,81.927777778,21.394444444,26.388888889,82.161111111,21.644444444,27.15,80.1,22.2,27.494444444000003,81.772222222,22.977777778000004,43,2016-09-13,GW,9,1,13,Tuesday,False,0,0,0,0,0,0,0,0,0.0,0.0,0.0,0.0,0.0,0.0,0.0,0.0,0,False,,0.001672115384615386,0.27163461538461514,0.023846153846153833,0.008066826923076914,17.590243902439024,8.317829457364342
20160913_IC,28.35,23.89,85.09,27.7,90.11,23.74,26.68,89.41,23.51,28.0,92.43,23.85,27.44,89.37,23.65,26.13,92.95,23.25,26.78,90.1,23.52,26.92,93.36,23.86,36,2016-09-13,IC,9,1,13,Tuesday,False,0,0,0,0,0,0,0,0,0.0,0.0,0.0,0.0,0.0,0.0,0.0,0.0,0,False,,0.0047071574642126544,0.4161554192229033,0.02924335378323104,0.02165869120654394,28.70886075949367,13.928143712574851
20160913_JB,29.98,23.02,76.493333333,27.98,81.42666666699999,22.386666666999997,28.406666667,81.0,22.72,28.653333333000003,80.806666667,21.953333333000003,29.073333333,76.726666667,22.573333333,28.68,77.9,22.706666666999997,27.626666667,79.366666667,22.466666667,27.88,81.106666667,22.96,83,2016-09-13,JB,9,1,13,Tuesday,False,0,0,0,0,0,0,0,0,0.0,0.0,0.0,0.0,0.0,0.0,0.0,0.0,0,False,,0.003523513513513504,0.38247978436657737,0.0386109510086455,0.014515363881401594,41.16314199395771,29.29694323144105
20160913_JJ,27.6,24.35,73.6,25.45,83.0,22.75,27.1,79.7,24.75,27.05,74.55,24.15,28.2,74.2,24.8,27.9,71.3,24.65,26.7,79.75,24.25,26.65,82.8,24.85,15,2016-09-13,JJ,9,1,13,Tuesday,False,0,0,0,0,0,0,0,0,0.0,0.0,0.0,0.0,0.0,0.0,0.0,0.0,0,False,,0.0022138297872340428,0.2872340425531916,0.0416,0.007766315789473691,30.51948051948052,14.074468085106385
20160913_JN,29.122727273000002,23.504545455,79.981818182,26.777272727,84.113636364,22.236363636,27.072727273,85.95,23.25,29.195454545,82.75,22.854545455,29.540909091,77.036363636,23.7,29.318181818000003,74.495454545,23.613636364,26.509090909,83.177272727,23.595454545,26.804545455,87.354545455,23.740909091,70,2016-09-13,JN,9,1,13,Tuesday,False,0,0,0,0,0,0,0,0,0.0,0.0,0.0,0.0,0.0,0.0,0.0,0.0,0,False,,0.00504530831099194,0.42106666666666775,0.030727019498607212,0.01184373333333331,24.619047619047624,15.658333333333333
20160913_SU,30.8,24.6,62.5,27.5,68.9,23.4,28.2,66.3,24.5,29.1,65.4,24.4,29.3,71.1,23.9,26.5,76.4,23.0,28.6,69.8,24.3,29.0,69.0,24.7,253,2016-09-13,SU,9,1,13,Tuesday,False,0,0,0,0,0,0,0,0,0.0,0.0,0.0,0.0,0.0,0.0,0.0,0.0,0,False,,0.0041196487376509135,0.4482948294829493,0.018230854605993326,0.03241118421052628,20.78877887788779,9.538461538461537
20160913_US,25.8,21.7,89.4,22.4,98.0,20.5,26.5,89.5,22.5,24.3,97.6,21.9,26.5,89.9,22.9,27.3,84.0,22.3,28.1,87.8,24.3,29.4,90.6,24.6,16,2016-09-13,US,9,1,13,Tuesday,False,0,0,0,0,0,0,0,0,0.0,0.0,0.0,0.0,0.0,0.0,0.0,0.0,0,False,,0.004165266106442561,0.3782122905027942,0.03311173184357538,0.0161253561253561,23.847887323943663,10.257142857142858
20160914_BS,28.2,23.5,76.5,27.4,75.8,23.0,23.4,90.4,21.3,28.3,74.6,24.2,27.7,81.3,23.8,28.4,78.4,24.6,28.4,72.3,23.9,28.8,77.9,25.3,1,2016-09-14,BS,9,2,14,Wednesday,True,0,0,0,0,0,0,0,0,0.0,0.0,0.0,0.0,0.0,0.0,0.0,0.0,0,False,,0.004129629629629613,0.3155092592592595,0.03142460317460315,0.011803571428571384,23.410714285714285,11.571713147410359
20160914_CB,29.073333333,23.32,71.533333333,28.973333333000003,69.78,22.986666666999998,27.56,71.56666666699999,23.04,28.48,70.153333333,23.573333333,28.54,73.78666666699999,23.066666667,28.76,75.233333333,22.96,28.453333333000003,75.046666667,22.606666667,28.046666666999997,75.613333333,22.926666667,1,2016-09-14,CB,9,2,14,Wednesday,True,0,0,0,0,0,0,0,0,0.0,0.0,0.0,0.0,0.0,0.0,0.0,0.0,0,False,,0.0026027777777777802,0.3166666666666668,0.03218055555555553,0.012199652777777749,25.71875,16.29657794676806
20160914_CN,28.75625,22.83125,80.8375,29.25625,81.45625,22.8,27.825,84.93125,22.68125,28.4375,81.19375,22.8375,28.94375,83.7125,22.43125,28.7375,82.21875,22.66875,28.475,84.6,22.8375,27.9,83.73125,22.5625,4,2016-09-14,CN,9,2,14,Wednesday,True,0,0,0,0,0,0,0,0,0.0,0.0,0.0,0.0,0.0,0.0,0.0,0.0,0,False,,0.002556018518518519,0.39166666666666666,0.04096249999999995,0.010896249999999993,42.12916666666667,27.125
20160914_DG,28.2,23.1,75.3,28.1,76.1,22.2,22.8,89.5,20.4,27.1,77.0,23.3,27.1,80.0,23.0,29.6,75.3,23.8,29.2,73.9,23.1,30.1,76.1,24.5,5,2016-09-14,DG,9,2,14,Wednesday,True,0,0,0,0,0,0,0,0,0.0,0.0,0.0,0.0,0.0,0.0,0.0,0.0,0,False,,0.002263888888888891,0.2579861111111111,0.02675347222222221,0.0125208333333333,23.354385964912282,11.68
20160914_DJ,29.1,24.2,73.5,29.5,73.9,24.1,27.8,78.9,23.5,28.5,77.5,23.9,28.7,82.5,23.2,28.8,80.8,23.9,28.9,80.3,23.3,27.8,76.8,23.7,5,2016-09-14,DJ,9,2,14,Wednesday,True,0,0,0,0,0,0,0,0,0.0,0.0,0.0,0.0,0.0,0.0,0.0,0.0,0,False,,0.0023807531380753157,0.4167364016736408,0.04237656903765689,0.013193965517241354,30.12658227848101,16.016666666666666
20160914_GB,26.691666667,21.720833333,83.229166667,26.970833333,82.358333333,21.120833333,23.320833333000003,91.85833333299999,20.358333333,26.5875,85.041666667,22.295833333,25.483333333,87.1625,21.745833333,27.4875,82.37083333300001,22.295833333,27.645833333000002,80.99583333300001,22.1125,28.441666667,80.37083333300001,23.1,3,2016-09-14,GB,9,2,14,Wednesday,True,0,0,0,0,0,0,0,0,0.0,0.0,0.0,0.0,0.0,0.0,0.0,0.0,0,False,,0.003121162790697661,0.3398328690807805,0.027293023255813918,0.008360933660933632,22.042071197411005,11.934911242603553
20160914_GG,28.769047619000002,23.754761905,74.578571429,29.823809524,70.602380952,23.966666667,28.283333333,73.304761905,23.678571429,27.911904762,72.773809524,23.733333333,28.645238095,76.319047619,23.502380952,28.530952381,79.719047619,23.183333333,27.054761905,82.311904762,22.738095238000003,28.380952381,78.56666666699999,23.711904762,9,2016-09-14,GG,9,2,14,Wednesday,True,0,0,0,0,0,0,0,0,0.0,0.0,0.0,0.0,0.0,0.0,0.0,0.0,0,False,,0.003670848708487043,0.4618749999999954,0.033407585470085516,0.02303418848167542,39.76610720086627,23.382395382395387
20160914_GJ,28.6,24.3,84.0,30.5,77.4,24.8,27.9,84.5,23.1,26.9,90.9,23.0,31.1,84.5,23.0,30.2,77.0,24.2,30.6,76.6,23.9,26.2,86.9,23.4,3,2016-09-14,GJ,9,2,14,Wednesday,True,0,0,0,0,0,0,0,0,0.0,0.0,0.0,0.0,0.0,0.0,0.0,0.0,0,False,,0.002430555555555557,0.4601851851851844,0.041935185185185166,0.01292592592592591,33.24074074074074,23.75
20160914_GN,28.213636364,22.559090909000002,80.959090909,28.331818182,77.718181818,22.509090909,24.045454545,89.82727272700001,20.727272727,27.177272727,80.459090909,23.1,27.559090909000002,83.381818182,23.122727273000002,29.309090909000002,79.627272727,23.686363636,29.386363636,73.472727273,23.536363636,28.4,82.25,24.204545455,4,2016-09-14,GN,9,2,14,Wednesday,True,0,0,0,0,0,0,0,0,0.0,0.0,0.0,0.0,0.0,0.0,0.0,0.0,0,False,,0.0034068840579709906,0.3045289855072476,0.03023369565217386,0.0110101449275362,27.29224652087475,15.083969465648856
20160914_GW,26.661111111,21.611111111,81.7,26.327777778,79.09444444399999,21.388888889,25.166666666999998,84.444444444,21.166666667,26.294444444,82.95,22.05,26.866666666999997,82.0,21.727777778000004,26.5,81.927777778,21.394444444,26.388888889,82.161111111,21.644444444,27.15,80.1,22.2,1,2016-09-14,GW,9,2,14,Wednesday,True,0,0,0,0,0,0,0,0,0.0,0.0,0.0,0.0,0.0,0.0,0.0,0.0,0,False,,0.0017773148148148169,0.28981481481481464,0.02490277777777777,0.008214814814814807,22.892523364485978,12.036764705882351
20160914_IC,27.9,24.29,84.6,28.35,85.09,23.89,27.7,90.11,23.74,26.68,89.41,23.51,28.0,92.43,23.85,27.44,89.37,23.65,26.13,92.95,23.25,26.78,90.1,23.52,4,2016-09-14,IC,9,2,14,Wednesday,True,0,0,0,0,0,0,0,0,0.0,0.0,0.0,0.0,0.0,0.0,0.0,0.0,0,False,,0.004559523809523789,0.4382936507936503,0.035668650793650745,0.016897420634920626,37.118473895582326,22.72112676056338
20160914_JB,28.446666667,23.12,78.813333333,29.98,76.493333333,23.02,27.98,81.42666666699999,22.386666666999997,28.406666667,81.0,22.72,28.653333333000003,80.806666667,21.953333333000003,29.073333333,76.726666667,22.573333333,28.68,77.9,22.706666666999997,27.626666667,79.366666667,22.466666667,11,2016-09-14,JB,9,2,14,Wednesday,True,0,0,0,0,0,0,0,0,0.0,0.0,0.0,0.0,0.0,0.0,0.0,0.0,0,False,,0.0037888020833333133,0.4223958333333368,0.04545098039215685,0.011207031249999977,53.09831460674158,41.65777777777778
20160914_JJ,27.1,23.85,77.8,27.6,73.6,24.35,25.45,83.0,22.75,27.1,79.7,24.75,27.05,74.55,24.15,28.2,74.2,24.8,27.9,71.3,24.65,26.7,79.75,24.25,0,2016-09-14,JJ,9,2,14,Wednesday,True,0,0,0,0,0,0,0,0,0.0,0.0,0.0,0.0,0.0,0.0,0.0,0.0,0,False,,0.0012621052631578953,0.20210526315789454,0.03745833333333334,0.005078125000000003,28.16666666666667,11.147368421052633
20160914_JN,27.590909091,23.440909090999998,82.73636363600001,29.122727273000002,79.981818182,23.504545455,26.777272727,84.113636364,22.236363636,27.072727273,85.95,23.25,29.195454545,82.75,22.854545455,29.540909091,77.036363636,23.7,29.318181818000003,74.495454545,23.613636364,26.509090909,83.177272727,23.595454545,6,2016-09-14,JN,9,2,14,Wednesday,True,0,0,0,0,0,0,0,0,0.0,0.0,0.0,0.0,0.0,0.0,0.0,0.0,0,False,,0.004701827676240189,0.4460937500000007,0.03347916666666665,0.009747135416666634,28.874345549738216,20.297071129707113
20160914_SU,28.9,24.6,66.1,30.8,62.5,24.6,27.5,68.9,23.4,28.2,66.3,24.5,29.1,65.4,24.4,29.3,71.1,23.9,26.5,76.4,23.0,28.6,69.8,24.3,12,2016-09-14,SU,9,2,14,Wednesday,True,0,0,0,0,0,0,0,0,0.0,0.0,0.0,0.0,0.0,0.0,0.0,0.0,0,False,,0.004317987152034231,0.4723290598290603,0.027819078947368396,0.030574786324786274,33.447084233261336,20.286677908937605
20160914_US,26.8,22.0,88.6,25.8,89.4,21.7,22.4,98.0,20.5,26.5,89.5,22.5,24.3,97.6,21.9,26.5,89.9,22.9,27.3,84.0,22.3,28.1,87.8,24.3,1,2016-09-14,US,9,2,14,Wednesday,True,0,0,0,0,0,0,0,0,0.0,0.0,0.0,0.0,0.0,0.0,0.0,0.0,0,False,,0.0045027777777777635,0.34722222222222265,0.026480555555555525,0.011598214285714257,21.26388888888889,9.361702127659576
20160915_BS,27.7,24.1,78.5,28.2,76.5,23.5,27.4,75.8,23.0,23.4,90.4,21.3,28.3,74.6,24.2,27.7,81.3,23.8,28.4,78.4,24.6,28.4,72.3,23.9,0,2016-09-15,BS,9,3,15,Thursday,True,0,0,0,0,0,0,0,0,0.0,0.0,0.0,0.0,0.0,0.0,0.0,0.0,0,False,,0.005627314814814793,0.3115740740740741,0.02873809523809518,0.011589285714285674,29.162,15.745526838966205
20160915_CB,28.78,22.533333333,71.733333333,29.073333333,71.533333333,23.32,28.973333333000003,69.78,22.986666666999998,27.56,71.56666666699999,23.04,28.48,70.153333333,23.573333333,28.54,73.78666666699999,23.066666667,28.76,75.233333333,22.96,28.453333333000003,75.046666667,22.606666667,0,2016-09-15,CB,9,3,15,Thursday,True,0,0,0,0,0,0,0,0,0.0,0.0,0.0,0.0,0.0,0.0,0.0,0.0,0,False,,0.002620486111111113,0.3611111111111108,0.031274305555555534,0.011573263888888859,37.888888888888886,29.63636363636364
20160915_CN,28.80625,22.01875,79.025,28.75625,80.8375,22.83125,29.25625,81.45625,22.8,27.825,84.93125,22.68125,28.4375,81.19375,22.8375,28.94375,83.7125,22.43125,28.7375,82.21875,22.66875,28.475,84.6,22.8375,1,2016-09-15,CN,9,3,15,Thursday,True,0,0,0,0,0,0,0,0,0.0,0.0,0.0,0.0,0.0,0.0,0.0,0.0,0,False,,0.0030083333333333338,0.4104166666666663,0.034429166666666663,0.009674166666666656,42.454166666666666,28.680555555555557
20160915_DG,28.6,23.6,77.3,28.2,75.3,23.1,28.1,76.1,22.2,22.8,89.5,20.4,27.1,77.0,23.3,27.1,80.0,23.0,29.6,75.3,23.8,29.2,73.9,23.1,2,2016-09-15,DG,9,3,15,Thursday,True,0,0,0,0,0,0,0,0,0.0,0.0,0.0,0.0,0.0,0.0,0.0,0.0,0,False,,0.002781250000000002,0.4190972222222225,0.026336805555555516,0.012940972222222204,36.03472222222222,20.770114942528735
20160915_DJ,28.7,23.5,73.0,29.1,73.5,24.2,29.5,73.9,24.1,27.8,78.9,23.5,28.5,77.5,23.9,28.7,82.5,23.2,28.8,80.8,23.9,28.9,80.3,23.3,1,2016-09-15,DJ,9,3,15,Thursday,True,0,0,0,0,0,0,0,0,0.0,0.0,0.0,0.0,0.0,0.0,0.0,0.0,0,False,,0.002558333333333335,0.4437500000000005,0.03502916666666665,0.015023148148148128,35.72573839662447,21.75833333333333
20160915_GB,27.354166666999998,22.020833333000002,84.304166667,26.691666667,83.229166667,21.720833333,26.970833333,82.358333333,21.120833333,23.320833333000003,91.85833333299999,20.358333333,26.5875,85.041666667,22.295833333,25.483333333,87.1625,21.745833333,27.4875,82.37083333300001,22.295833333,27.645833333000002,80.99583333300001,22.1125,1,2016-09-15,GB,9,3,15,Thursday,True,0,0,0,0,0,0,0,0,0.0,0.0,0.0,0.0,0.0,0.0,0.0,0.0,0,False,,0.0033544600938967013,0.43324022346368735,0.02784123222748812,0.008011083743842328,30.376205787781352,19.582010582010586
20160915_GG,28.607142857,22.95952381,76.57619047600001,28.769047619000002,74.578571429,23.754761905,29.823809524,70.602380952,23.966666667,28.283333333,73.304761905,23.678571429,27.911904762,72.773809524,23.733333333,28.645238095,76.319047619,23.502380952,28.530952381,79.719047619,23.183333333,27.054761905,82.311904762,22.738095238000003,1,2016-09-15,GG,9,3,15,Thursday,True,0,0,0,0,0,0,0,0,0.0,0.0,0.0,0.0,0.0,0.0,0.0,0.0,0,False,,0.003154324894514721,0.4644791666666623,0.03135202991452996,0.018413894736842136,42.11550976138829,26.684133915574964
20160915_GJ,30.0,24.6,80.8,28.6,84.0,24.3,30.5,77.4,24.8,27.9,84.5,23.1,26.9,90.9,23.0,31.1,84.5,23.0,30.2,77.0,24.2,30.6,76.6,23.9,1,2016-09-15,GJ,9,3,15,Thursday,True,0,0,0,0,0,0,0,0,0.0,0.0,0.0,0.0,0.0,0.0,0.0,0.0,0,False,,0.0023796296296296317,0.4689814814814812,0.03714814814814814,0.010958333333333304,37.888888888888886,27.92261904761905
20160915_GN,28.563636364,23.486363636,81.122727273,28.213636364,80.959090909,22.559090909000002,28.331818182,77.718181818,22.509090909,24.045454545,89.82727272700001,20.727272727,27.177272727,80.459090909,23.1,27.559090909000002,83.381818182,23.122727273000002,29.309090909000002,79.627272727,23.686363636,29.386363636,73.472727273,23.536363636,3,2016-09-15,GN,9,3,15,Thursday,True,0,0,0,0,0,0,0,0,0.0,0.0,0.0,0.0,0.0,0.0,0.0,0.0,0,False,,0.0037557971014492452,0.29257246376811746,0.0310923913043478,0.009697463768115916,32.25049701789264,18.98479087452472
20160915_GW,26.411111111,21.555555555999998,81.327777778,26.661111111,81.7,21.611111111,26.327777778,79.09444444399999,21.388888889,25.166666666999998,84.444444444,21.166666667,26.294444444,82.95,22.05,26.866666666999997,82.0,21.727777778000004,26.5,81.927777778,21.394444444,26.388888889,82.161111111,21.644444444,0,2016-09-15,GW,9,3,15,Thursday,True,0,0,0,0,0,0,0,0,0.0,0.0,0.0,0.0,0.0,0.0,0.0,0.0,0,False,,0.001832407407407409,0.3634259259259262,0.02978240740740737,0.008083796296296285,34.041666666666664,22.92248062015504
20160915_IC,26.82,23.39,91.01,27.9,84.6,24.29,28.35,85.09,23.89,27.7,90.11,23.74,26.68,89.41,23.51,28.0,92.43,23.85,27.44,89.37,23.65,26.13,92.95,23.25,1,2016-09-15,IC,9,3,15,Thursday,True,0,0,0,0,0,0,0,0,0.0,0.0,0.0,0.0,0.0,0.0,0.0,0.0,0,False,,0.0043164682539682375,0.4585317460317462,0.03373611111111107,0.014165476190476181,41.461232604373755,26.591666666666665
20160915_JB,29.573333333,23.22,75.21333333300001,28.446666667,78.813333333,23.12,29.98,76.493333333,23.02,27.98,81.42666666699999,22.386666666999997,28.406666667,81.0,22.72,28.653333333000003,80.806666667,21.953333333000003,29.073333333,76.726666667,22.573333333,28.68,77.9,22.706666666999997,2,2016-09-15,JB,9,3,15,Thursday,True,0,0,0,0,0,0,0,0,0.0,0.0,0.0,0.0,0.0,0.0,0.0,0.0,0,False,,0.0034864583333333197,0.3911458333333346,0.03543611111111108,0.010732031249999968,44.843575418994405,35.037974683544306
20160915_JJ,27.1,23.95,77.2,27.1,77.8,23.85,27.6,73.6,24.35,25.45,83.0,22.75,27.1,79.7,24.75,27.05,74.55,24.15,28.2,74.2,24.8,27.9,71.3,24.65,1,2016-09-15,JJ,9,3,15,Thursday,True,0,0,0,0,0,0,0,0,0.0,0.0,0.0,0.0,0.0,0.0,0.0,0.0,0,False,,0.0013218750000000012,0.19368421052631565,0.03716666666666663,0.0037305263157894775,28.52173913043478,12.5
20160915_JN,28.922727273000003,23.845454545,81.93636363600001,27.590909091,82.73636363600001,23.440909090999998,29.122727273000002,79.981818182,23.504545455,26.777272727,84.113636364,22.236363636,27.072727273,85.95,23.25,29.195454545,82.75,22.854545455,29.540909091,77.036363636,23.7,29.318181818000003,74.495454545,23.613636364,4,2016-09-15,JN,9,3,15,Thursday,True,0,0,0,0,0,0,0,0,0.0,0.0,0.0,0.0,0.0,0.0,0.0,0.0,0,False,,0.005933420365535238,0.5122395833333339,0.03411488250652738,0.00960781249999996,34.020997375328086,24.740585774058577
20160915_SU,29.5,23.9,68.1,28.9,66.1,24.6,30.8,62.5,24.6,27.5,68.9,23.4,28.2,66.3,24.5,29.1,65.4,24.4,29.3,71.1,23.9,26.5,76.4,23.0,13,2016-09-15,SU,9,3,15,Thursday,True,0,0,0,0,0,0,0,0,0.0,0.0,0.0,0.0,0.0,0.0,0.0,0.0,0,False,,0.004242780748663079,0.5013888888888882,0.02467653508771927,0.029206196581196525,41.90470974808324,26.597315436241608
20160915_US,26.9,22.6,90.0,26.8,88.6,22.0,25.8,89.4,21.7,22.4,98.0,20.5,26.5,89.5,22.5,24.3,97.6,21.9,26.5,89.9,22.9,27.3,84.0,22.3,0,2016-09-15,US,9,3,15,Thursday,True,0,0,0,0,0,0,0,0,0.0,0.0,0.0,0.0,0.0,0.0,0.0,0.0,0,False,,0.005055555555555542,0.3477777777777779,0.025183333333333297,0.009809523809523777,24.527777777777782,12.48951048951049
20160916_BS,26.0,23.8,80.9,27.7,78.5,24.1,28.2,76.5,23.5,27.4,75.8,23.0,23.4,90.4,21.3,28.3,74.6,24.2,27.7,81.3,23.8,28.4,78.4,24.6,0,2016-09-16,BS,9,4,16,Friday,True,0,0,0,0,0,0,0,0,0.0,0.0,0.0,0.0,0.0,0.0,0.0,0.0,0,False,,0.0068101851851851605,0.3662037037037046,0.025767857142857124,0.016444444444444418,37.912698412698404,24.425447316103376
20160916_CB,26.38,21.993333333000002,79.313333333,28.78,71.733333333,22.533333333,29.073333333,71.533333333,23.32,28.973333333000003,69.78,22.986666666999998,27.56,71.56666666699999,23.04,28.48,70.153333333,23.573333333,28.54,73.78666666699999,23.066666667,28.76,75.233333333,22.96,0,2016-09-16,CB,9,4,16,Friday,True,0,0,0,0,0,0,0,0,0.0,0.0,0.0,0.0,0.0,0.0,0.0,0.0,0,False,,0.002311458333333335,0.3586805555555548,0.025791666666666654,0.013005208333333304,36.524305555555564,27.62452107279693
20160916_CN,25.11875,21.60625,89.7875,28.80625,79.025,22.01875,28.75625,80.8375,22.83125,29.25625,81.45625,22.8,27.825,84.93125,22.68125,28.4375,81.19375,22.8375,28.94375,83.7125,22.43125,28.7375,82.21875,22.66875,5,2016-09-16,CN,9,4,16,Friday,True,0,0,0,0,0,0,0,0,0.0,0.0,0.0,0.0,0.0,0.0,0.0,0.0,0,False,,0.002243981481481482,0.4058333333333333,0.029933333333333326,0.01090083333333332,45.2875,29.652777777777782
20160916_DG,24.9,22.3,88.0,28.6,77.3,23.6,28.2,75.3,23.1,28.1,76.1,22.2,22.8,89.5,20.4,27.1,77.0,23.3,27.1,80.0,23.0,29.6,75.3,23.8,0,2016-09-16,DG,9,4,16,Friday,True,0,0,0,0,0,0,0,0,0.0,0.0,0.0,0.0,0.0,0.0,0.0,0.0,0,False,,0.0024965277777777802,0.39166666666666655,0.017434027777777764,0.014503472222222197,42.810526315789474,26.49214659685864
20160916_DJ,25.4,22.4,85.3,28.7,73.0,23.5,29.1,73.5,24.2,29.5,73.9,24.1,27.8,78.9,23.5,28.5,77.5,23.9,28.7,82.5,23.2,28.8,80.8,23.9,2,2016-09-16,DJ,9,4,16,Friday,True,0,0,0,0,0,0,0,0,0.0,0.0,0.0,0.0,0.0,0.0,0.0,0.0,0,False,,0.002263598326359834,0.476987447698745,0.02580334728033469,0.017216216216216183,35.97478991596638,21.566666666666666
20160916_GB,25.091666667,21.754166667,88.76666666700001,27.354166666999998,84.304166667,22.020833333000002,26.691666667,83.229166667,21.720833333,26.970833333,82.358333333,21.120833333,23.320833333000003,91.85833333299999,20.358333333,26.5875,85.041666667,22.295833333,25.483333333,87.1625,21.745833333,27.4875,82.37083333300001,22.295833333,5,2016-09-16,GB,9,4,16,Friday,True,0,0,0,0,0,0,0,0,0.0,0.0,0.0,0.0,0.0,0.0,0.0,0.0,0,False,,0.002999534883720914,0.4599999999999999,0.023081018518518518,0.008809803921568594,39.18971061093247,27.207446808510642
20160916_GG,28.392857143,23.523809524,75.828571429,28.607142857,76.57619047600001,22.95952381,28.769047619000002,74.578571429,23.754761905,29.823809524,70.602380952,23.966666667,28.283333333,73.304761905,23.678571429,27.911904762,72.773809524,23.733333333,28.645238095,76.319047619,23.502380952,28.530952381,79.719047619,23.183333333,9,2016-09-16,GG,9,4,16,Friday,True,0,0,0,0,0,0,0,0,0.0,0.0,0.0,0.0,0.0,0.0,0.0,0.0,0,False,,0.005312447257383972,0.5323958333333326,0.032921474358974426,0.020543377308707204,51.20747562296858,32.87936046511628
20160916_GJ,23.6,21.7,97.8,30.0,80.8,24.6,28.6,84.0,24.3,30.5,77.4,24.8,27.9,84.5,23.1,26.9,90.9,23.0,31.1,84.5,23.0,30.2,77.0,24.2,1,2016-09-16,GJ,9,4,16,Friday,True,0,0,0,0,0,0,0,0,0.0,0.0,0.0,0.0,0.0,0.0,0.0,0.0,0,False,,0.0022685185185185204,0.4574074074074069,0.026629629629629576,0.011523148148148123,31.48148148148148,23.267857142857146
20160916_GN,24.709090909,22.668181818,89.713636364,28.563636364,81.122727273,23.486363636,28.213636364,80.959090909,22.559090909000002,28.331818182,77.718181818,22.509090909,24.045454545,89.82727272700001,20.727272727,27.177272727,80.459090909,23.1,27.559090909000002,83.381818182,23.122727273000002,29.309090909000002,79.627272727,23.686363636,2,2016-09-16,GN,9,4,16,Friday,True,0,0,0,0,0,0,0,0,0.0,0.0,0.0,0.0,0.0,0.0,0.0,0.0,0,False,,0.0031499999999999783,0.3211956521739146,0.02376992753623185,0.010196557971014462,38.253968253968246,24.615969581749052
20160916_GW,27.094444444,21.905555556,76.327777778,26.411111111,81.327777778,21.555555555999998,26.661111111,81.7,21.611111111,26.327777778,79.09444444399999,21.388888889,25.166666666999998,84.444444444,21.166666667,26.294444444,82.95,22.05,26.866666666999997,82.0,21.727777778000004,26.5,81.927777778,21.394444444,0,2016-09-16,GW,9,4,16,Friday,True,0,0,0,0,0,0,0,0,0.0,0.0,0.0,0.0,0.0,0.0,0.0,0.0,0,False,,0.0019064814814814832,0.36435185185185215,0.02999537037037035,0.010156944444444429,34.63425925925926,24.161016949152547
20160916_IC,27.24,23.75,87.72,26.82,91.01,23.39,27.9,84.6,24.29,28.35,85.09,23.89,27.7,90.11,23.74,26.68,89.41,23.51,28.0,92.43,23.85,27.44,89.37,23.65,2,2016-09-16,IC,9,4,16,Friday,True,0,0,0,0,0,0,0,0,0.0,0.0,0.0,0.0,0.0,0.0,0.0,0.0,0,False,,0.006575992063492039,0.5186507936507949,0.03766468253968257,0.0158519841269841,47.47609561752988,32.340599455040866
20160916_JB,22.7,21.173333333,92.32,29.573333333,75.21333333300001,23.22,28.446666667,78.813333333,23.12,29.98,76.493333333,23.02,27.98,81.42666666699999,22.386666666999997,28.406666667,81.0,22.72,28.653333333000003,80.806666667,21.953333333000003,29.073333333,76.726666667,22.573333333,1,2016-09-16,JB,9,4,16,Friday,True,0,0,0,0,0,0,0,0,0.0,0.0,0.0,0.0,0.0,0.0,0.0,0.0,0,False,,0.0030468749999999906,0.4049479166666688,0.026069444444444416,0.012071614583333308,46.092436974789926,37.12605042016807
20160916_JJ,26.15,24.65,82.7,27.1,77.2,23.95,27.1,77.8,23.85,27.6,73.6,24.35,25.45,83.0,22.75,27.1,79.7,24.75,27.05,74.55,24.15,28.2,74.2,24.8,0,2016-09-16,JJ,9,4,16,Friday,True,0,0,0,0,0,0,0,0,0.0,0.0,0.0,0.0,0.0,0.0,0.0,0.0,0,False,,0.001297916666666667,0.18526315789473694,0.029979166666666657,0.003537234042553193,25.367088607594933,10.895833333333336
20160916_JN,23.731818181999998,22.013636364,92.1,28.922727273000003,81.93636363600001,23.845454545,27.590909091,82.73636363600001,23.440909090999998,29.122727273000002,79.981818182,23.504545455,26.777272727,84.113636364,22.236363636,27.072727273,85.95,23.25,29.195454545,82.75,22.854545455,29.540909091,77.036363636,23.7,3,2016-09-16,JN,9,4,16,Friday,True,0,0,0,0,0,0,0,0,0.0,0.0,0.0,0.0,0.0,0.0,0.0,0.0,0,False,,0.003924999999999994,0.4346354166666668,0.02698177083333331,0.008194010416666649,30.41644562334217,22.573221757322177
20160916_SU,29.5,24.6,64.9,29.5,68.1,23.9,28.9,66.1,24.6,30.8,62.5,24.6,27.5,68.9,23.4,28.2,66.3,24.5,29.1,65.4,24.4,29.3,71.1,23.9,7,2016-09-16,SU,9,4,16,Friday,True,0,0,0,0,0,0,0,0,0.0,0.0,0.0,0.0,0.0,0.0,0.0,0.0,0,False,,0.006431016042780703,0.5478354978354972,0.031778508771929836,0.02887393162393156,52.02036441586281,34.56833333333333
20160916_US,25.2,22.4,96.0,26.9,90.0,22.6,26.8,88.6,22.0,25.8,89.4,21.7,22.4,98.0,20.5,26.5,89.5,22.5,24.3,97.6,21.9,26.5,89.9,22.9,1,2016-09-16,US,9,4,16,Friday,True,0,0,0,0,0,0,0,0,0.0,0.0,0.0,0.0,0.0,0.0,0.0,0.0,0,False,,0.005749999999999977,0.4672222222222234,0.02231388888888885,0.015276785714285675,35.65,22.54545454545455
20160917_BS,23.3,20.5,95.5,26.0,80.9,23.8,27.7,78.5,24.1,28.2,76.5,23.5,27.4,75.8,23.0,23.4,90.4,21.3,28.3,74.6,24.2,27.7,81.3,23.8,10,2016-09-17,BS,9,5,17,Saturday,False,0,0,0,0,0,0,0,0,0.0,0.0,0.0,0.0,0.0,0.0,0.0,0.0,0,True,,0.0037291666666666493,0.31759259259259304,0.032686507936507916,0.010986111111111077,20.034274193548384,12.70961145194274
20160917_CB,20.833333333,19.82,94.666666667,26.38,79.313333333,21.993333333000002,28.78,71.733333333,22.533333333,29.073333333,71.533333333,23.32,28.973333333000003,69.78,22.986666666999998,27.56,71.56666666699999,23.04,28.48,70.153333333,23.573333333,28.54,73.78666666699999,23.066666667,12,2016-09-17,CB,9,5,17,Saturday,False,0,0,0,0,0,0,0,0,0.0,0.0,0.0,0.0,0.0,0.0,0.0,0.0,0,True,,0.0019506944444444452,0.2881944444444441,0.018315972222222192,0.00986423611111108,12.916083916083915,9.486590038314176
20160917_CN,21.6,20.45625,94.125,25.11875,89.7875,21.60625,28.80625,79.025,22.01875,28.75625,80.8375,22.83125,29.25625,81.45625,22.8,27.825,84.93125,22.68125,28.4375,81.19375,22.8375,28.94375,83.7125,22.43125,13,2016-09-17,CN,9,5,17,Saturday,False,0,0,0,0,0,0,0,0,0.0,0.0,0.0,0.0,0.0,0.0,0.0,0.0,0,True,,0.0013736111111111115,0.314166666666666,0.025304166666666617,0.008845416666666656,19.0,12.277777777777779
20160917_DG,21.0,19.7,95.0,24.9,88.0,22.3,28.6,77.3,23.6,28.2,75.3,23.1,28.1,76.1,22.2,22.8,89.5,20.4,27.1,77.0,23.3,27.1,80.0,23.0,7,2016-09-17,DG,9,5,17,Saturday,False,0,0,0,0,0,0,0,0,0.0,0.0,0.0,0.0,0.0,0.0,0.0,0.0,0,True,,0.002187500000000001,0.22673611111111114,0.022173611111111085,0.01191319444444442,15.273684210526314,9.34567901234568
20160917_DJ,21.3,20.2,96.9,25.4,85.3,22.4,28.7,73.0,23.5,29.1,73.5,24.2,29.5,73.9,24.1,27.8,78.9,23.5,28.5,77.5,23.9,28.7,82.5,23.2,5,2016-09-17,DJ,9,5,17,Saturday,False,0,0,0,0,0,0,0,0,0.0,0.0,0.0,0.0,0.0,0.0,0.0,0.0,0,True,,0.002029288702928872,0.3451882845188283,0.020317991631799148,0.011999999999999974,12.198312236286919,5.491525423728813
20160917_GB,20.745833333,19.55,95.770833333,25.091666667,88.76666666700001,21.754166667,27.354166666999998,84.304166667,22.020833333000002,26.691666667,83.229166667,21.720833333,26.970833333,82.358333333,21.120833333,23.320833333000003,91.85833333299999,20.358333333,26.5875,85.041666667,22.295833333,25.483333333,87.1625,21.745833333,19,2016-09-17,GB,9,5,17,Saturday,False,0,0,0,0,0,0,0,0,0.0,0.0,0.0,0.0,0.0,0.0,0.0,0.0,0,True,,0.003024824355971884,0.3841666666666664,0.02760879629629629,0.007716461916461895,17.735099337748345,11.198924731182798
20160917_GG,26.785714285999997,22.176190476,75.916666667,28.392857143,75.828571429,23.523809524,28.607142857,76.57619047600001,22.95952381,28.769047619000002,74.578571429,23.754761905,29.823809524,70.602380952,23.966666667,28.283333333,73.304761905,23.678571429,27.911904762,72.773809524,23.733333333,28.645238095,76.319047619,23.502380952,43,2016-09-17,GG,9,5,17,Saturday,False,0,0,0,0,0,0,0,0,0.0,0.0,0.0,0.0,0.0,0.0,0.0,0.0,0,True,,0.003123997890295295,0.3884895833333257,0.034587606837606755,0.01353853838065202,29.05340599455041,18.982658959537574
20160917_GJ,23.6,20.5,99.0,23.6,97.8,21.7,30.0,80.8,24.6,28.6,84.0,24.3,30.5,77.4,24.8,27.9,84.5,23.1,26.9,90.9,23.0,31.1,84.5,23.0,9,2016-09-17,GJ,9,5,17,Saturday,False,0,0,0,0,0,0,0,0,0.0,0.0,0.0,0.0,0.0,0.0,0.0,0.0,0,True,,0.002060185185185186,0.3763888888888887,0.02331481481481481,0.009550925925925907,7.310185185185184,3.738095238095238
20160917_GN,21.963636364,19.713636364,95.104545455,24.709090909,89.713636364,22.668181818,28.563636364,81.122727273,23.486363636,28.213636364,80.959090909,22.559090909000002,28.331818182,77.718181818,22.509090909,24.045454545,89.82727272700001,20.727272727,27.177272727,80.459090909,23.1,27.559090909000002,83.381818182,23.122727273000002,11,2016-09-17,GN,9,5,17,Saturday,False,0,0,0,0,0,0,0,0,0.0,0.0,0.0,0.0,0.0,0.0,0.0,0.0,0,True,,0.002426992753623177,0.2880733944954142,0.029103260869565183,0.009420471014492714,17.875776397515523,10.092
20160917_GW,23.627777778000002,20.0,84.472222222,27.094444444,76.327777778,21.905555556,26.411111111,81.327777778,21.555555555999998,26.661111111,81.7,21.611111111,26.327777778,79.09444444399999,21.388888889,25.166666666999998,84.444444444,21.166666667,26.294444444,82.95,22.05,26.866666666999997,82.0,21.727777778000004,3,2016-09-17,GW,9,5,17,Saturday,False,0,0,0,0,0,0,0,0,0.0,0.0,0.0,0.0,0.0,0.0,0.0,0.0,0,True,,0.00182314814814815,0.3249999999999997,0.03088425925925925,0.008279629629629621,27.48611111111111,18.25
20160917_IC,27.34,23.19,78.08,27.24,87.72,23.75,26.82,91.01,23.39,27.9,84.6,24.29,28.35,85.09,23.89,27.7,90.11,23.74,26.68,89.41,23.51,28.0,92.43,23.85,12,2016-09-17,IC,9,5,17,Saturday,False,0,0,0,0,0,0,0,0,0.0,0.0,0.0,0.0,0.0,0.0,0.0,0.0,0,True,,0.004354671968190828,0.3970238095238102,0.03678769841269841,0.012822619047619015,33.723107569721115,20.205357142857142
20160917_JB,21.273333333,19.76,94.89333333299999,22.7,92.32,21.173333333,29.573333333,75.21333333300001,23.22,28.446666667,78.813333333,23.12,29.98,76.493333333,23.02,27.98,81.42666666699999,22.386666666999997,28.406666667,81.0,22.72,28.653333333000003,80.806666667,21.953333333000003,16,2016-09-17,JB,9,5,17,Saturday,False,0,0,0,0,0,0,0,0,0.0,0.0,0.0,0.0,0.0,0.0,0.0,0.0,0,True,,0.002759114583333332,0.278067885117493,0.024341666666666616,0.008077864583333311,13.248571428571427,9.336322869955158
20160917_JJ,28.2,25.8,89.9,26.15,82.7,24.65,27.1,77.2,23.95,27.1,77.8,23.85,27.6,73.6,24.35,25.45,83.0,22.75,27.1,79.7,24.75,27.05,74.55,24.15,4,2016-09-17,JJ,9,5,17,Saturday,False,0,0,0,0,0,0,0,0,0.0,0.0,0.0,0.0,0.0,0.0,0.0,0.0,0,True,,0.0015118279569892512,0.20860215053763467,0.013562499999999998,0.004405434782608699,22.359550561797754,8.86046511627907
20160917_JN,24.490909091,21.522727273,94.818181818,23.731818181999998,92.1,22.013636364,28.922727273000003,81.93636363600001,23.845454545,27.590909091,82.73636363600001,23.440909090999998,29.122727273000002,79.981818182,23.504545455,26.777272727,84.113636364,22.236363636,27.072727273,85.95,23.25,29.195454545,82.75,22.854545455,12,2016-09-17,JN,9,5,17,Saturday,False,0,0,0,0,0,0,0,0,0.0,0.0,0.0,0.0,0.0,0.0,0.0,0.0,0,True,,0.0033445312499999907,0.3661458333333336,0.02598177083333329,0.007155468749999978,12.413333333333336,8.117647058823529
20160917_SU,28.2,23.1,64.8,29.5,64.9,24.6,29.5,68.1,23.9,28.9,66.1,24.6,30.8,62.5,24.6,27.5,68.9,23.4,28.2,66.3,24.5,29.1,65.4,24.4,32,2016-09-17,SU,9,5,17,Saturday,False,0,0,0,0,0,0,0,0,0.0,0.0,0.0,0.0,0.0,0.0,0.0,0.0,0,True,,0.004322649572649544,0.41798245614035207,0.032319078947368435,0.01973076923076919,31.62620837808808,20.74242424242424
20160917_US,22.0,20.3,98.0,25.2,96.0,22.4,26.9,90.0,22.6,26.8,88.6,22.0,25.8,89.4,21.7,22.4,98.0,20.5,26.5,89.5,22.5,24.3,97.6,21.9,1,2016-09-17,US,9,5,17,Saturday,False,0,0,0,0,0,0,0,0,0.0,0.0,0.0,0.0,0.0,0.0,0.0,0.0,0,True,,0.004213888888888877,0.3908333333333343,0.028847222222222187,0.012627976190476157,19.68245125348189,11.872340425531915
20160918_BS,23.1,21.4,85.3,23.3,95.5,20.5,26.0,80.9,23.8,27.7,78.5,24.1,28.2,76.5,23.5,27.4,75.8,23.0,23.4,90.4,21.3,28.3,74.6,24.2,1,2016-09-18,BS,9,6,18,Sunday,False,0,0,0,0,0,0,0,0,0.0,0.0,0.0,0.0,0.0,0.0,0.0,0.0,0,True,,0.0034722222222222108,0.2958333333333329,0.03444444444444444,0.007761904761904735,19.949494949494948,10.943548387096774
20160918_CB,21.9,19.473333333,83.673333333,20.833333333,94.666666667,19.82,26.38,79.313333333,21.993333333000002,28.78,71.733333333,22.533333333,29.073333333,71.533333333,23.32,28.973333333000003,69.78,22.986666666999998,27.56,71.56666666699999,23.04,28.48,70.153333333,23.573333333,0,2016-09-18,CB,9,6,18,Sunday,False,0,0,0,0,0,0,0,0,0.0,0.0,0.0,0.0,0.0,0.0,0.0,0.0,0,True,,0.001964930555555557,0.2440972222222225,0.026038194444444426,0.008268402777777753,11.527777777777779,5.52851711026616
20160918_CN,23.05625,19.98125,86.9,21.6,94.125,20.45625,25.11875,89.7875,21.60625,28.80625,79.025,22.01875,28.75625,80.8375,22.83125,29.25625,81.45625,22.8,27.825,84.93125,22.68125,28.4375,81.19375,22.8375,2,2016-09-18,CN,9,6,18,Sunday,False,0,0,0,0,0,0,0,0,0.0,0.0,0.0,0.0,0.0,0.0,0.0,0.0,0,True,,0.0014143518518518526,0.32458333333333284,0.0345958333333333,0.008892916666666657,20.8625,12.458333333333336
20160918_DG,21.4,19.5,89.5,21.0,95.0,19.7,24.9,88.0,22.3,28.6,77.3,23.6,28.2,75.3,23.1,28.1,76.1,22.2,22.8,89.5,20.4,27.1,77.0,23.3,2,2016-09-18,DG,9,6,18,Sunday,False,0,0,0,0,0,0,0,0,0.0,0.0,0.0,0.0,0.0,0.0,0.0,0.0,0,True,,0.0021701388888888907,0.19756944444444471,0.020951388888888846,0.011555555555555527,14.532142857142857,7.347593582887701
20160918_DJ,20.7,19.1,91.6,21.3,96.9,20.2,25.4,85.3,22.4,28.7,73.0,23.5,29.1,73.5,24.2,29.5,73.9,24.1,27.8,78.9,23.5,28.5,77.5,23.9,1,2016-09-18,DJ,9,6,18,Sunday,False,0,0,0,0,0,0,0,0,0.0,0.0,0.0,0.0,0.0,0.0,0.0,0.0,0,True,,0.0021208333333333352,0.3487500000000001,0.028441666666666636,0.010395833333333307,12.45,4.75
20160918_GB,21.275,19.445833333,88.725,20.745833333,95.770833333,19.55,25.091666667,88.76666666700001,21.754166667,27.354166666999998,84.304166667,22.020833333000002,26.691666667,83.229166667,21.720833333,26.970833333,82.358333333,21.120833333,23.320833333000003,91.85833333299999,20.358333333,26.5875,85.041666667,22.295833333,0,2016-09-18,GB,9,6,18,Sunday,False,0,0,0,0,0,0,0,0,0.0,0.0,0.0,0.0,0.0,0.0,0.0,0.0,0,True,,0.003704629629629622,0.4908333333333336,0.032881944444444415,0.008021568627450959,20.75657894736842,10.559782608695652
20160918_GG,27.757142856999998,22.852380951999997,60.8,26.785714285999997,75.916666667,22.176190476,28.392857143,75.828571429,23.523809524,28.607142857,76.57619047600001,22.95952381,28.769047619000002,74.578571429,23.754761905,29.823809524,70.602380952,23.966666667,28.283333333,73.304761905,23.678571429,27.911904762,72.773809524,23.733333333,12,2016-09-18,GG,9,6,18,Sunday,False,0,0,0,0,0,0,0,0,0.0,0.0,0.0,0.0,0.0,0.0,0.0,0.0,0,True,,0.0026087572102778647,0.3439062499999968,0.03539805300162238,0.010804397905759136,24.60400866738895,13.453102453102453
20160918_GJ,22.7,20.2,98.8,23.6,99.0,20.5,23.6,97.8,21.7,30.0,80.8,24.6,28.6,84.0,24.3,30.5,77.4,24.8,27.9,84.5,23.1,26.9,90.9,23.0,2,2016-09-18,GJ,9,6,18,Sunday,False,0,0,0,0,0,0,0,0,0.0,0.0,0.0,0.0,0.0,0.0,0.0,0.0,0,True,,0.0019861111111111125,0.3625000000000001,0.023583333333333303,0.008037037037037023,5.6805555555555545,2.4047619047619047
20160918_GN,21.945454545,20.263636364,88.745454545,21.963636364,95.104545455,19.713636364,24.709090909,89.713636364,22.668181818,28.563636364,81.122727273,23.486363636,28.213636364,80.959090909,22.559090909000002,28.331818182,77.718181818,22.509090909,24.045454545,89.82727272700001,20.727272727,27.177272727,80.459090909,23.1,6,2016-09-18,GN,9,6,18,Sunday,False,0,0,0,0,0,0,0,0,0.0,0.0,0.0,0.0,0.0,0.0,0.0,0.0,0,True,,0.0025123636363636216,0.27680608365019044,0.03012363636363633,0.007313454545454519,15.039583333333333,7.677551020408162
20160918_GW,23.661111111,20.333333333,72.761111111,23.627777778000002,84.472222222,20.0,27.094444444,76.327777778,21.905555556,26.411111111,81.327777778,21.555555555999998,26.661111111,81.7,21.611111111,26.327777778,79.09444444399999,21.388888889,25.166666666999998,84.444444444,21.166666667,26.294444444,82.95,22.05,2,2016-09-18,GW,9,6,18,Sunday,False,0,0,0,0,0,0,0,0,0.0,0.0,0.0,0.0,0.0,0.0,0.0,0.0,0,True,,0.001807407407407409,0.2523148148148146,0.033060185185185165,0.004956018518518522,23.590697674418607,13.26086956521739
20160918_IC,27.27,23.31,71.74,27.34,78.08,23.19,27.24,87.72,23.75,26.82,91.01,23.39,27.9,84.6,24.29,28.35,85.09,23.89,27.7,90.11,23.74,26.68,89.41,23.51,2,2016-09-18,IC,9,6,18,Sunday,False,0,0,0,0,0,0,0,0,0.0,0.0,0.0,0.0,0.0,0.0,0.0,0.0,0,True,,0.0035459244532802937,0.361904761904762,0.031230158730158667,0.012471626984126969,29.51388888888889,14.970350404312669
20160918_JB,20.486666667,19.18,92.38666666700001,21.273333333,94.89333333299999,19.76,22.7,92.32,21.173333333,29.573333333,75.21333333300001,23.22,28.446666667,78.813333333,23.12,29.98,76.493333333,23.02,27.98,81.42666666699999,22.386666666999997,28.406666667,81.0,22.72,1,2016-09-18,JB,9,6,18,Sunday,False,0,0,0,0,0,0,0,0,0.0,0.0,0.0,0.0,0.0,0.0,0.0,0.0,0,True,,0.002725520833333333,0.27676240208877223,0.02936388888888887,0.007798697916666636,11.521613832853026,7.565789473684211
20160918_JJ,26.55,23.9,92.65,28.2,89.9,25.8,26.15,82.7,24.65,27.1,77.2,23.95,27.1,77.8,23.85,27.6,73.6,24.35,25.45,83.0,22.75,27.1,79.7,24.75,0,2016-09-18,JJ,9,6,18,Sunday,False,0,0,0,0,0,0,0,0,0.0,0.0,0.0,0.0,0.0,0.0,0.0,0.0,0,True,,0.0015430107526881755,0.22736842105263155,0.02719791666666664,0.004663541666666669,26.274725274725274,10.893617021276595
20160918_JN,23.618181818000004,21.309090909000002,89.590909091,24.490909091,94.818181818,21.522727273,23.731818181999998,92.1,22.013636364,28.922727273000003,81.93636363600001,23.845454545,27.590909091,82.73636363600001,23.440909090999998,29.122727273000002,79.981818182,23.504545455,26.777272727,84.113636364,22.236363636,27.072727273,85.95,23.25,1,2016-09-18,JN,9,6,18,Sunday,False,0,0,0,0,0,0,0,0,0.0,0.0,0.0,0.0,0.0,0.0,0.0,0.0,0,True,,0.0033437673130193896,0.34036458333333314,0.025994791666666645,0.005360937499999988,9.842245989304812,5.815668202764977
20160918_SU,28.3,23.5,53.4,28.2,64.8,23.1,29.5,64.9,24.6,29.5,68.1,23.9,28.9,66.1,24.6,30.8,62.5,24.6,27.5,68.9,23.4,28.2,66.3,24.5,9,2016-09-18,SU,9,6,18,Sunday,False,0,0,0,0,0,0,0,0,0.0,0.0,0.0,0.0,0.0,0.0,0.0,0.0,0,True,,0.003617521367521352,0.3580043859649141,0.031502192982456136,0.016512820512820443,25.44516129032258,13.925675675675675
20160918_US,22.1,20.7,93.4,22.0,98.0,20.3,25.2,96.0,22.4,26.9,90.0,22.6,26.8,88.6,22.0,25.8,89.4,21.7,22.4,98.0,20.5,26.5,89.5,22.5,0,2016-09-18,US,9,6,18,Sunday,False,0,0,0,0,0,0,0,0,0.0,0.0,0.0,0.0,0.0,0.0,0.0,0.0,0,True,,0.004941666666666653,0.3027777777777781,0.03376388888888888,0.009800595238095205,17.567335243553007,9.83206106870229
20160919_BS,21.8,20.5,77.4,23.1,85.3,21.4,23.3,95.5,20.5,26.0,80.9,23.8,27.7,78.5,24.1,28.2,76.5,23.5,27.4,75.8,23.0,23.4,90.4,21.3,92,2016-09-19,BS,9,0,19,Monday,False,0,0,0,0,0,0,0,0,0.0,0.0,0.0,0.0,0.0,0.0,0.0,0.0,0,False,,0.003641686182669778,0.2826697892271657,0.030426853707414808,0.009008016032064092,23.893360160965795,10.034274193548388
20160919_CB,23.693333333,19.533333332999998,67.373333333,21.9,83.673333333,19.473333333,20.833333333,94.666666667,19.82,26.38,79.313333333,21.993333333000002,28.78,71.733333333,22.533333333,29.073333333,71.533333333,23.32,28.973333333000003,69.78,22.986666666999998,27.56,71.56666666699999,23.04,41,2016-09-19,CB,9,0,19,Monday,False,0,0,0,0,0,0,0,0,0.0,0.0,0.0,0.0,0.0,0.0,0.0,0.0,0,False,,0.0020763066202090607,0.2432055749128921,0.019229965156794402,0.009797909407665471,16.574912891986067,6.9581749049429655
20160919_CN,25.50625,20.60625,72.73125,23.05625,86.9,19.98125,21.6,94.125,20.45625,25.11875,89.7875,21.60625,28.80625,79.025,22.01875,28.75625,80.8375,22.83125,29.25625,81.45625,22.8,27.825,84.93125,22.68125,99,2016-09-19,CN,9,0,19,Monday,False,0,0,0,0,0,0,0,0,0.0,0.0,0.0,0.0,0.0,0.0,0.0,0.0,0,False,,0.0015847222222222235,0.3091666666666665,0.0245833333333333,0.01136749999999998,20.945833333333333,9.208333333333334
20160919_DG,23.3,20.3,70.0,21.4,89.5,19.5,21.0,95.0,19.7,24.9,88.0,22.3,28.6,77.3,23.6,28.2,75.3,23.1,28.1,76.1,22.2,22.8,89.5,20.4,94,2016-09-19,DG,9,0,19,Monday,False,0,0,0,0,0,0,0,0,0.0,0.0,0.0,0.0,0.0,0.0,0.0,0.0,0,False,,0.002291828793774321,0.2225680933852142,0.016680933852140048,0.013821011673151716,22.344444444444445,9.261363636363637
20160919_DJ,23.6,20.0,75.6,20.7,91.6,19.1,21.3,96.9,20.2,25.4,85.3,22.4,28.7,73.0,23.5,29.1,73.5,24.2,29.5,73.9,24.1,27.8,78.9,23.5,52,2016-09-19,DJ,9,0,19,Monday,False,0,0,0,0,0,0,0,0,0.0,0.0,0.0,0.0,0.0,0.0,0.0,0.0,0,False,,0.0021524663677130068,0.360538116591928,0.02182062780269056,0.012932735426008942,17.887892376681613,5.15625
20160919_GB,22.183333333,19.579166667,74.0,21.275,88.725,19.445833333,20.745833333,95.770833333,19.55,25.091666667,88.76666666700001,21.754166667,27.354166666999998,84.304166667,22.020833333000002,26.691666667,83.229166667,21.720833333,26.970833333,82.358333333,21.120833333,23.320833333000003,91.85833333299999,20.358333333,108,2016-09-19,GB,9,0,19,Monday,False,0,0,0,0,0,0,0,0,0.0,0.0,0.0,0.0,0.0,0.0,0.0,0.0,0,False,,0.0037452606635070937,0.3431486880466472,0.02779058823529407,0.00790075566750628,22.291262135922327,9.146739130434783
20160919_GG,27.004761905,21.207142857,59.504761905,27.757142856999998,60.8,22.852380951999997,26.785714285999997,75.916666667,22.176190476,28.392857143,75.828571429,23.523809524,28.607142857,76.57619047600001,22.95952381,28.769047619000002,74.578571429,23.754761905,29.823809524,70.602380952,23.966666667,28.283333333,73.304761905,23.678571429,237,2016-09-19,GG,9,0,19,Monday,False,0,0,0,0,0,0,0,0,0.0,0.0,0.0,0.0,0.0,0.0,0.0,0.0,0,False,,0.002636277602523598,0.3089947089947086,0.02563080283997813,0.014297012578616371,15.970264317180614,6.758720930232557
20160919_GJ,26.2,21.3,77.5,22.7,98.8,20.2,23.6,99.0,20.5,23.6,97.8,21.7,30.0,80.8,24.6,28.6,84.0,24.3,30.5,77.4,24.8,27.9,84.5,23.1,56,2016-09-19,GJ,9,0,19,Monday,False,0,0,0,0,0,0,0,0,0.0,0.0,0.0,0.0,0.0,0.0,0.0,0.0,0,False,,0.002063414634146343,0.3839024390243904,0.025229268292682898,0.009517073170731692,12.975845410628018,5.830188679245283
20160919_GN,23.640909090999997,20.804761905,70.033333333,21.945454545,88.745454545,20.263636364,21.963636364,95.104545455,19.713636364,24.709090909,89.713636364,22.668181818,28.563636364,81.122727273,23.486363636,28.213636364,80.959090909,22.559090909000002,28.331818182,77.718181818,22.509090909,24.045454545,89.82727272700001,20.727272727,97,2016-09-19,GN,9,0,19,Monday,False,0,0,0,0,0,0,0,0,0.0,0.0,0.0,0.0,0.0,0.0,0.0,0.0,0,False,,0.002537667304015283,0.2619047619047625,0.030351778656126455,0.008063862332695959,21.568181818181817,9.2834008097166
20160919_GW,22.711111110999997,18.627777778,70.95555555600001,23.661111111,72.761111111,20.333333333,23.627777778000002,84.472222222,20.0,27.094444444,76.327777778,21.905555556,26.411111111,81.327777778,21.555555555999998,26.661111111,81.7,21.611111111,26.327777778,79.09444444399999,21.388888889,25.166666666999998,84.444444444,21.166666667,48,2016-09-19,GW,9,0,19,Monday,False,0,0,0,0,0,0,0,0,0.0,0.0,0.0,0.0,0.0,0.0,0.0,0.0,0,False,,0.0017444976076555047,0.21352657004830936,0.0259710144927536,0.0057497607655502365,19.514150943396228,9.837037037037037
20160919_IC,26.68,21.88,68.27,27.27,71.74,23.31,27.34,78.08,23.19,27.24,87.72,23.75,26.82,91.01,23.39,27.9,84.6,24.29,28.35,85.09,23.89,27.7,90.11,23.74,63,2016-09-19,IC,9,0,19,Monday,False,0,0,0,0,0,0,0,0,0.0,0.0,0.0,0.0,0.0,0.0,0.0,0.0,0,False,,0.0036288306451612634,0.3171370967741934,0.02289112903225805,0.01564052419354836,20.690283400809715,6.677611940298508
20160919_JB,25.56,20.426666667,72.72,20.486666667,92.38666666700001,19.18,21.273333333,94.89333333299999,19.76,22.7,92.32,21.173333333,29.573333333,75.21333333300001,23.22,28.446666667,78.813333333,23.12,29.98,76.493333333,23.02,27.98,81.42666666699999,22.386666666999997,100,2016-09-19,JB,9,0,19,Monday,False,0,0,0,0,0,0,0,0,0.0,0.0,0.0,0.0,0.0,0.0,0.0,0.0,0,False,,0.002857591623036645,0.28083989501312295,0.02533053221288512,0.009501049868766374,21.264044943820227,10.247899159663863
20160919_JJ,22.7,21.8,85.6,26.55,92.65,23.9,28.2,89.9,25.8,26.15,82.7,24.65,27.1,77.2,23.95,27.1,77.8,23.85,27.6,73.6,24.35,25.45,83.0,22.75,16,2016-09-19,JJ,9,0,19,Monday,False,0,0,0,0,0,0,0,0,0.0,0.0,0.0,0.0,0.0,0.0,0.0,0.0,0,False,,0.0015000000000000035,0.2139784946236557,0.02822340425531913,0.005312765957446813,24.037974683544306,8.328358208955224
20160919_JN,25.045454545,21.468181817999998,75.640909091,23.618181818000004,89.590909091,21.309090909000002,24.490909091,94.818181818,21.522727273,23.731818181999998,92.1,22.013636364,28.922727273000003,81.93636363600001,23.845454545,27.590909091,82.73636363600001,23.440909090999998,29.122727273000002,79.981818182,23.504545455,26.777272727,84.113636364,22.236363636,99,2016-09-19,JN,9,0,19,Monday,False,0,0,0,0,0,0,0,0,0.0,0.0,0.0,0.0,0.0,0.0,0.0,0.0,0,False,,0.0038528875379939187,0.3196286472148534,0.02701061007957554,0.006372105263157874,16.701570680628272,7.8354430379746836
20160919_SU,27.8,21.9,53.3,28.3,53.4,23.5,28.2,64.8,23.1,29.5,64.9,24.6,29.5,68.1,23.9,28.9,66.1,24.6,30.8,62.5,24.6,27.5,68.9,23.4,260,2016-09-19,SU,9,0,19,Monday,False,0,0,0,0,0,0,0,0,0.0,0.0,0.0,0.0,0.0,0.0,0.0,0.0,0,False,,0.003671806167400868,0.3386183465458676,0.02316628959276016,0.02017108167770412,15.816742081447964,5.2854671280276815
20160919_US,23.0,20.5,81.9,22.1,93.4,20.7,22.0,98.0,20.3,25.2,96.0,22.4,26.9,90.0,22.6,26.8,88.6,22.0,25.8,89.4,21.7,22.4,98.0,20.5,15,2016-09-19,US,9,0,19,Monday,False,0,0,0,0,0,0,0,0,0.0,0.0,0.0,0.0,0.0,0.0,0.0,0.0,0,False,,0.00529577464788731,0.2619718309859154,0.02930985915492957,0.011431486880466446,23.426553672316388,8.422535211267606
20160920_BS,25.1,20.9,55.5,21.8,77.4,20.5,23.1,85.3,21.4,23.3,95.5,20.5,26.0,80.9,23.8,27.7,78.5,24.1,28.2,76.5,23.5,27.4,75.8,23.0,88,2016-09-20,BS,9,1,20,Tuesday,False,0,0,0,0,0,0,0,0,0.0,0.0,0.0,0.0,0.0,0.0,0.0,0.0,0,False,,0.0031666666666666553,0.2624413145539906,0.03405823293172692,0.009493975903614426,27.877049180327873,11.37474120082816
20160920_CB,24.34,18.16,56.446666666999995,23.693333333,67.373333333,19.533333332999998,21.9,83.673333333,19.473333333,20.833333333,94.666666667,19.82,26.38,79.313333333,21.993333333000002,28.78,71.733333333,22.533333333,29.073333333,71.533333333,23.32,28.973333333000003,69.78,22.986666666999998,46,2016-09-20,CB,9,1,20,Tuesday,False,0,0,0,0,0,0,0,0,0.0,0.0,0.0,0.0,0.0,0.0,0.0,0.0,0,False,,0.0020035971223021595,0.21474820143884954,0.02491726618705034,0.01076618705035968,17.003533568904594,8.390151515151516
20160920_CN,24.6625,18.96875,64.50625,25.50625,72.73125,20.60625,23.05625,86.9,19.98125,21.6,94.125,20.45625,25.11875,89.7875,21.60625,28.80625,79.025,22.01875,28.75625,80.8375,22.83125,29.25625,81.45625,22.8,66,2016-09-20,CN,9,1,20,Tuesday,False,0,0,0,0,0,0,0,0,0.0,0.0,0.0,0.0,0.0,0.0,0.0,0.0,0,False,,0.0019453703703703727,0.2966666666666666,0.029041666666666625,0.013347916666666649,22.62761506276151,10.319444444444443
20160920_DG,23.8,19.6,54.8,23.3,70.0,20.3,21.4,89.5,19.5,21.0,95.0,19.7,24.9,88.0,22.3,28.6,77.3,23.6,28.2,75.3,23.1,28.1,76.1,22.2,63,2016-09-20,DG,9,1,20,Tuesday,False,0,0,0,0,0,0,0,0,0.0,0.0,0.0,0.0,0.0,0.0,0.0,0.0,0,False,,0.0020000000000000013,0.1955823293172695,0.024469879518072245,0.012309236947791137,19.377431906614785,8.333333333333334
20160920_DJ,24.7,19.2,64.6,23.6,75.6,20.0,20.7,91.6,19.1,21.3,96.9,20.2,25.4,85.3,22.4,28.7,73.0,23.5,29.1,73.5,24.2,29.5,73.9,24.1,37,2016-09-20,DJ,9,1,20,Tuesday,False,0,0,0,0,0,0,0,0,0.0,0.0,0.0,0.0,0.0,0.0,0.0,0.0,0,False,,0.0022577319587628888,0.3469072164948447,0.023597938144329863,0.018999999999999972,17.938144329896904,6.17948717948718
20160920_GB,23.245833333,18.308333333,62.416666667,22.183333333,74.0,19.579166667,21.275,88.725,19.445833333,20.745833333,95.770833333,19.55,25.091666667,88.76666666700001,21.754166667,27.354166666999998,84.304166667,22.020833333000002,26.691666667,83.229166667,21.720833333,26.970833333,82.358333333,21.120833333,55,2016-09-20,GB,9,1,20,Tuesday,False,0,0,0,0,0,0,0,0,0.0,0.0,0.0,0.0,0.0,0.0,0.0,0.0,0,False,,0.003911764705882344,0.41976401179941,0.030945882352941156,0.009749627791563242,25.927631578947373,10.368421052631579
20160920_GG,26.00952381,19.869047619,47.145238095,27.004761905,59.504761905,21.207142857,27.757142856999998,60.8,22.852380951999997,26.785714285999997,75.916666667,22.176190476,28.392857143,75.828571429,23.523809524,28.607142857,76.57619047600001,22.95952381,28.769047619000002,74.578571429,23.754761905,29.823809524,70.602380952,23.966666667,259,2016-09-20,GG,9,1,20,Tuesday,False,0,0,0,0,0,0,0,0,0.0,0.0,0.0,0.0,0.0,0.0,0.0,0.0,0,False,,0.002642999999999937,0.2991010047593872,0.028300976138828607,0.016381207349081387,19.5831960461285,9.47517730496454
20160920_GJ,26.6,21.2,56.9,26.2,77.5,21.3,22.7,98.8,20.2,23.6,99.0,20.5,23.6,97.8,21.7,30.0,80.8,24.6,28.6,84.0,24.3,30.5,77.4,24.8,50,2016-09-20,GJ,9,1,20,Tuesday,False,0,0,0,0,0,0,0,0,0.0,0.0,0.0,0.0,0.0,0.0,0.0,0.0,0,False,,0.002077319587628868,0.40927835051546413,0.027628865979381426,0.012938144329896884,14.773195876288659,7.664383561643835
20160920_GN,24.772727273,19.818181818,57.922727273,23.640909090999997,70.033333333,20.804761905,21.945454545,88.745454545,20.263636364,21.963636364,95.104545455,19.713636364,24.709090909,89.713636364,22.668181818,28.563636364,81.122727273,23.486363636,28.213636364,80.959090909,22.559090909000002,28.331818182,77.718181818,22.509090909,78,2016-09-20,GN,9,1,20,Tuesday,False,0,0,0,0,0,0,0,0,0.0,0.0,0.0,0.0,0.0,0.0,0.0,0.0,0,False,,0.002388059701492526,0.2350746268656725,0.034638461538461535,0.008942350746268616,25.29183673469388,10.444
20160920_GW,22.922222222,17.305555555999998,64.81666666699999,22.711111110999997,70.95555555600001,18.627777778,23.661111111,72.761111111,20.333333333,23.627777778000002,84.472222222,20.0,27.094444444,76.327777778,21.905555556,26.411111111,81.327777778,21.555555555999998,26.661111111,81.7,21.611111111,26.327777778,79.09444444399999,21.388888889,42,2016-09-20,GW,9,1,20,Tuesday,False,0,0,0,0,0,0,0,0,0.0,0.0,0.0,0.0,0.0,0.0,0.0,0.0,0,False,,0.0017820754716981145,0.2490566037735847,0.026820754716981112,0.0073047169811320655,24.36792452830189,14.5
20160920_IC,25.77,20.75,53.76,26.68,68.27,21.88,27.27,71.74,23.31,27.34,78.08,23.19,27.24,87.72,23.75,26.82,91.01,23.39,27.9,84.6,24.29,28.35,85.09,23.89,58,2016-09-20,IC,9,1,20,Tuesday,False,0,0,0,0,0,0,0,0,0.0,0.0,0.0,0.0,0.0,0.0,0.0,0.0,0,False,,0.003507831325301181,0.2810865191146882,0.0265180722891566,0.01638353413654616,22.02032520325203,8.059171597633137
20160920_JB,24.88,19.0,61.16,25.56,72.72,20.426666667,20.486666667,92.38666666700001,19.18,21.273333333,94.89333333299999,19.76,22.7,92.32,21.173333333,29.573333333,75.21333333300001,23.22,28.446666667,78.813333333,23.12,29.98,76.493333333,23.02,92,2016-09-20,JB,9,1,20,Tuesday,False,0,0,0,0,0,0,0,0,0.0,0.0,0.0,0.0,0.0,0.0,0.0,0.0,0,False,,0.002911051212938001,0.2745205479452049,0.02943390804597697,0.011620967741935457,21.008797653958947,10.907488986784141
20160920_JJ,24.95,22.2,60.8,22.7,85.6,21.8,26.55,92.65,23.9,28.2,89.9,25.8,26.15,82.7,24.65,27.1,77.2,23.95,27.1,77.8,23.85,27.6,73.6,24.35,16,2016-09-20,JJ,9,1,20,Tuesday,False,0,0,0,0,0,0,0,0,0.0,0.0,0.0,0.0,0.0,0.0,0.0,0.0,0,False,,0.0015500000000000002,0.17472527472527447,0.03261458333333332,0.0059927083333333395,29.602739726027398,9.611111111111109
20160920_JN,25.572727273,20.318181818,65.072727273,25.045454545,75.640909091,21.468181817999998,23.618181818000004,89.590909091,21.309090909000002,24.490909091,94.818181818,21.522727273,23.731818181999998,92.1,22.013636364,28.922727273000003,81.93636363600001,23.845454545,27.590909091,82.73636363600001,23.440909090999998,29.122727273000002,79.981818182,23.504545455,75,2016-09-20,JN,9,1,20,Tuesday,False,0,0,0,0,0,0,0,0,0.0,0.0,0.0,0.0,0.0,0.0,0.0,0.0,0,False,,0.004020552147239254,0.2945121951219511,0.029724795640326988,0.007498387096774173,19.317333333333334,9.673728813559322
20160920_SU,26.8,20.6,41.1,27.8,53.3,21.9,28.3,53.4,23.5,28.2,64.8,23.1,29.5,64.9,24.6,29.5,68.1,23.9,28.9,66.1,24.6,30.8,62.5,24.6,263,2016-09-20,SU,9,1,20,Tuesday,False,0,0,0,0,0,0,0,0,0.0,0.0,0.0,0.0,0.0,0.0,0.0,0.0,0,False,,0.003732122587968204,0.3417824074074084,0.024708571428571392,0.02343918918918916,19.667046750285067,8.865724381625444
20160920_US,22.6,19.9,64.1,23.0,81.9,20.5,22.1,93.4,20.7,22.0,98.0,20.3,25.2,96.0,22.4,26.9,90.0,22.6,26.8,88.6,22.0,25.8,89.4,21.7,14,2016-09-20,US,9,1,20,Tuesday,False,0,0,0,0,0,0,0,0,0.0,0.0,0.0,0.0,0.0,0.0,0.0,0.0,0,False,,0.004903954802259879,0.21949152542372927,0.032446327683615835,0.012409604519773968,27.47578347578348,10.410071942446043
20160921_BS,25.6,21.1,60.6,25.1,55.5,20.9,21.8,77.4,20.5,23.1,85.3,21.4,23.3,95.5,20.5,26.0,80.9,23.8,27.7,78.5,24.1,28.2,76.5,23.5,67,2016-09-21,BS,9,2,21,Wednesday,False,0,0,0,0,0,0,0,0,0.0,0.0,0.0,0.0,0.0,0.0,0.0,0.0,0,False,,0.0040722610722610545,0.3205128205128208,0.03311976047904185,0.014622754491017931,42.75925925925926,27.307216494845363
20160921_CB,23.393333333,17.713333332999998,64.086666667,24.34,56.446666666999995,18.16,23.693333333,67.373333333,19.533333332999998,21.9,83.673333333,19.473333333,20.833333333,94.666666667,19.82,26.38,79.313333333,21.993333333000002,28.78,71.733333333,22.533333333,29.073333333,71.533333333,23.32,27,2016-09-21,CB,9,2,21,Wednesday,False,0,0,0,0,0,0,0,0,0.0,0.0,0.0,0.0,0.0,0.0,0.0,0.0,0,False,,0.0020245614035087735,0.3098245614035086,0.019305263157894704,0.015282394366197154,31.180555555555557,21.819923371647512
20160921_CN,24.075,18.6,71.29375,24.6625,64.50625,18.96875,25.50625,72.73125,20.60625,23.05625,86.9,19.98125,21.6,94.125,20.45625,25.11875,89.7875,21.60625,28.80625,79.025,22.01875,28.75625,80.8375,22.83125,62,2016-09-21,CN,9,2,21,Wednesday,False,0,0,0,0,0,0,0,0,0.0,0.0,0.0,0.0,0.0,0.0,0.0,0.0,0,False,,0.0017452830188679255,0.3724576271186441,0.02506779661016947,0.01612033898305083,42.767932489451475,24.70833333333333
20160921_DG,23.5,18.7,70.0,23.8,54.8,19.6,23.3,70.0,20.3,21.4,89.5,19.5,21.0,95.0,19.7,24.9,88.0,22.3,28.6,77.3,23.6,28.2,75.3,23.1,55,2016-09-21,DG,9,2,21,Wednesday,False,0,0,0,0,0,0,0,0,0.0,0.0,0.0,0.0,0.0,0.0,0.0,0.0,0,False,,0.0023574144486692033,0.2904942965779469,0.019459459459459427,0.017783269961977148,36.3574144486692,22.89375
20160921_DJ,23.6,19.1,68.4,24.7,64.6,19.2,23.6,75.6,20.0,20.7,91.6,19.1,21.3,96.9,20.2,25.4,85.3,22.4,28.7,73.0,23.5,29.1,73.5,24.2,40,2016-09-21,DJ,9,2,21,Wednesday,False,0,0,0,0,0,0,0,0,0.0,0.0,0.0,0.0,0.0,0.0,0.0,0.0,0,False,,0.002359605911330051,0.40287081339712894,0.024205741626794224,0.018148325358851653,30.72727272727273,14.854166666666664
20160921_GB,23.525,17.95,71.841666667,23.245833333,62.416666667,18.308333333,22.183333333,74.0,19.579166667,21.275,88.725,19.445833333,20.745833333,95.770833333,19.55,25.091666667,88.76666666700001,21.754166667,27.354166666999998,84.304166667,22.020833333000002,26.691666667,83.229166667,21.720833333,87,2016-09-21,GB,9,2,21,Wednesday,False,0,0,0,0,0,0,0,0,0.0,0.0,0.0,0.0,0.0,0.0,0.0,0.0,0,False,,0.0038689573459715493,0.374285714285715,0.02986729857819902,0.01176923076923073,36.807308970099676,22.410526315789475
20160921_GG,24.552380951999996,19.073809524,54.55,26.00952381,47.145238095,19.869047619,27.004761905,59.504761905,21.207142857,27.757142856999998,60.8,22.852380951999997,26.785714285999997,75.916666667,22.176190476,28.392857143,75.828571429,23.523809524,28.607142857,76.57619047600001,22.95952381,28.769047619000002,74.578571429,23.754761905,227,2016-09-21,GG,9,2,21,Wednesday,False,0,0,0,0,0,0,0,0,0.0,0.0,0.0,0.0,0.0,0.0,0.0,0.0,0,False,,0.002914968487394912,0.3884858044163973,0.02351402373247035,0.0257367293625915,37.73369272237197,23.626591230551625
20160921_GJ,25.1,20.4,63.4,26.6,56.9,21.2,26.2,77.5,21.3,22.7,98.8,20.2,23.6,99.0,20.5,23.6,97.8,21.7,30.0,80.8,24.6,28.6,84.0,24.3,40,2016-09-21,GJ,9,2,21,Wednesday,False,0,0,0,0,0,0,0,0,0.0,0.0,0.0,0.0,0.0,0.0,0.0,0.0,0,False,,0.0021369047619047635,0.4385093167701865,0.0207440476190476,0.0189285714285714,26.361581920903955,17.075187969924812
20160921_GN,24.440909090999998,19.140909090999997,68.054545455,24.772727273,57.922727273,19.818181818,23.640909090999997,70.033333333,20.804761905,21.945454545,88.745454545,20.263636364,21.963636364,95.104545455,19.713636364,24.709090909,89.713636364,22.668181818,28.563636364,81.122727273,23.486363636,28.213636364,80.959090909,22.559090909000002,70,2016-09-21,GN,9,2,21,Wednesday,False,0,0,0,0,0,0,0,0,0.0,0.0,0.0,0.0,0.0,0.0,0.0,0.0,0,False,,0.002485424354243533,0.3101476014760157,0.030051660516605117,0.013080811808118044,37.068825910931174,21.914728682170548
20160921_GW,22.922222222,16.755555555999997,72.938888889,22.922222222,64.81666666699999,17.305555555999998,22.711111110999997,70.95555555600001,18.627777778,23.661111111,72.761111111,20.333333333,23.627777778000002,84.472222222,20.0,27.094444444,76.327777778,21.905555556,26.411111111,81.327777778,21.555555555999998,26.661111111,81.7,21.611111111,48,2016-09-21,GW,9,2,21,Wednesday,False,0,0,0,0,0,0,0,0,0.0,0.0,0.0,0.0,0.0,0.0,0.0,0.0,0,False,,0.0017280952380952395,0.3157142857142851,0.027314285714285687,0.009130952380952378,37.2175925925926,25.192857142857147
20160921_IC,25.01,20.45,57.8,25.77,53.76,20.75,26.68,68.27,21.88,27.27,71.74,23.31,27.34,78.08,23.19,27.24,87.72,23.75,26.82,91.01,23.39,27.9,84.6,24.29,57,2016-09-21,IC,9,2,21,Wednesday,False,0,0,0,0,0,0,0,0,0.0,0.0,0.0,0.0,0.0,0.0,0.0,0.0,0,False,,0.0036209255533199017,0.3933601609657954,0.02523138832997984,0.024425955734406403,39.867617107942976,23.36827956989247
20160921_JB,24.593333333,18.606666667,67.9,24.88,61.16,19.0,25.56,72.72,20.426666667,20.486666667,92.38666666700001,19.18,21.273333333,94.89333333299999,19.76,22.7,92.32,21.173333333,29.573333333,75.21333333300001,23.22,28.446666667,78.813333333,23.12,89,2016-09-21,JB,9,2,21,Wednesday,False,0,0,0,0,0,0,0,0,0.0,0.0,0.0,0.0,0.0,0.0,0.0,0.0,0,False,,0.0031105405405405357,0.33891891891891873,0.02987861271676302,0.013914594594594563,35.60344827586207,21.885106382978726
20160921_JJ,24.7,21.9,65.85,24.95,60.8,22.2,22.7,85.6,21.8,26.55,92.65,23.9,28.2,89.9,25.8,26.15,82.7,24.65,27.1,77.2,23.95,27.1,77.8,23.85,14,2016-09-21,JJ,9,2,21,Wednesday,False,0,0,0,0,0,0,0,0,0.0,0.0,0.0,0.0,0.0,0.0,0.0,0.0,0,False,,0.0013175824175824188,0.19647058823529395,0.039505494505494496,0.007100000000000001,41.14473684210526,21.025974025974023
20160921_JN,24.786363636,19.990909091,66.709090909,25.572727273,65.072727273,20.318181818,25.045454545,75.640909091,21.468181817999998,23.618181818000004,89.590909091,21.309090909000002,24.490909091,94.818181818,21.522727273,23.731818181999998,92.1,22.013636364,28.922727273000003,81.93636363600001,23.845454545,27.590909091,82.73636363600001,23.440909090999998,55,2016-09-21,JN,9,2,21,Wednesday,False,0,0,0,0,0,0,0,0,0.0,0.0,0.0,0.0,0.0,0.0,0.0,0.0,0,False,,0.004593521126760554,0.3571428571428571,0.029228260869565207,0.00987499999999997,31.528610354223428,21.604444444444447
20160921_SU,25.3,20.2,43.4,26.8,41.1,20.6,27.8,53.3,21.9,28.3,53.4,23.5,28.2,64.8,23.1,29.5,64.9,24.6,29.5,68.1,23.9,28.9,66.1,24.6,292,2016-09-21,SU,9,2,21,Wednesday,False,0,0,0,0,0,0,0,0,0.0,0.0,0.0,0.0,0.0,0.0,0.0,0.0,0,False,,0.003770509977827035,0.4325476992143673,0.02156284153005459,0.03253005464480868,35.45305676855895,21.53608247422681
20160921_US,23.6,19.9,71.8,22.6,64.1,19.9,23.0,81.9,20.5,22.1,93.4,20.7,22.0,98.0,20.3,25.2,96.0,22.4,26.9,90.0,22.6,26.8,88.6,22.0,14,2016-09-21,US,9,2,21,Wednesday,False,0,0,0,0,0,0,0,0,0.0,0.0,0.0,0.0,0.0,0.0,0.0,0.0,0,False,,0.004413407821229041,0.32541899441340794,0.03078770949720672,0.016596638655462154,40.09577464788733,24.872340425531913
20160922_BS,24.6,20.8,75.6,25.6,60.6,21.1,25.1,55.5,20.9,21.8,77.4,20.5,23.1,85.3,21.4,23.3,95.5,20.5,26.0,80.9,23.8,27.7,78.5,24.1,61,2016-09-22,BS,9,3,22,Thursday,False,0,0,0,0,0,0,0,0,0.0,0.0,0.0,0.0,0.0,0.0,0.0,0.0,0,False,,0.003789976133651537,0.3627684964200491,0.03038085539714865,0.01593279022403253,44.406122448979595,29.364562118126273
20160922_CB,25.586666667,19.58,66.233333333,23.393333333,64.086666667,17.713333332999998,24.34,56.446666666999995,18.16,23.693333333,67.373333333,19.533333332999998,21.9,83.673333333,19.473333333,20.833333333,94.666666667,19.82,26.38,79.313333333,21.993333333000002,28.78,71.733333333,22.533333333,39,2016-09-22,CB,9,3,22,Thursday,False,0,0,0,0,0,0,0,0,0.0,0.0,0.0,0.0,0.0,0.0,0.0,0.0,0,False,,0.0021680851063829807,0.3347517730496449,0.021546099290780097,0.01646985815602834,34.662020905923335,23.68821292775666
20160922_CN,25.825,19.74375,76.325,24.075,71.29375,18.6,24.6625,64.50625,18.96875,25.50625,72.73125,20.60625,23.05625,86.9,19.98125,21.6,94.125,20.45625,25.11875,89.7875,21.60625,28.80625,79.025,22.01875,53,2016-09-22,CN,9,3,22,Thursday,False,0,0,0,0,0,0,0,0,0.0,0.0,0.0,0.0,0.0,0.0,0.0,0.0,0,False,,0.0018859223300970887,0.38608695652173936,0.030617391304347805,0.016589565217391283,43.39914163090129,25.65671641791045
20160922_DG,23.9,19.5,75.5,23.5,70.0,18.7,23.8,54.8,19.6,23.3,70.0,20.3,21.4,89.5,19.5,21.0,95.0,19.7,24.9,88.0,22.3,28.6,77.3,23.6,57,2016-09-22,DG,9,3,22,Thursday,False,0,0,0,0,0,0,0,0,0.0,0.0,0.0,0.0,0.0,0.0,0.0,0.0,0,False,,0.002361216730038025,0.3106463878326997,0.01899999999999997,0.02010266159695815,38.48062015503876,25.192546583850927
20160922_DJ,25.9,20.6,71.3,23.6,68.4,19.1,24.7,64.6,19.2,23.6,75.6,20.0,20.7,91.6,19.1,21.3,96.9,20.2,25.4,85.3,22.4,28.7,73.0,23.5,37,2016-09-22,DJ,9,3,22,Thursday,False,0,0,0,0,0,0,0,0,0.0,0.0,0.0,0.0,0.0,0.0,0.0,0.0,0,False,,0.002248826291079814,0.4170403587443949,0.028558558558558544,0.01748878923766814,34.19282511210762,18.447619047619046
20160922_GB,22.5125,18.379166667,80.49583333300001,23.525,71.841666667,17.95,23.245833333,62.416666667,18.308333333,22.183333333,74.0,19.579166667,21.275,88.725,19.445833333,20.745833333,95.770833333,19.55,25.091666667,88.76666666700001,21.754166667,27.354166666999998,84.304166667,22.020833333000002,67,2016-09-22,GB,9,3,22,Thursday,False,0,0,0,0,0,0,0,0,0.0,0.0,0.0,0.0,0.0,0.0,0.0,0.0,0,False,,0.003938875878220125,0.4783098591549299,0.025800936768149874,0.012949638554216832,40.50814332247557,27.71808510638298
20160922_GG,26.573809524,20.826190476,57.90952381,24.552380951999996,54.55,19.073809524,26.00952381,47.145238095,19.869047619,27.004761905,59.504761905,21.207142857,27.757142856999998,60.8,22.852380951999997,26.785714285999997,75.916666667,22.176190476,28.392857143,75.828571429,23.523809524,28.607142857,76.57619047600001,22.95952381,219,2016-09-22,GG,9,3,22,Thursday,False,0,0,0,0,0,0,0,0,0.0,0.0,0.0,0.0,0.0,0.0,0.0,0.0,0,False,,0.003135174570088544,0.4186708860759423,0.025198918918918862,0.028173221757322186,41.92232482346551,26.405172413793107
20160922_GJ,27.5,21.5,67.0,25.1,63.4,20.4,26.6,56.9,21.2,26.2,77.5,21.3,22.7,98.8,20.2,23.6,99.0,20.5,23.6,97.8,21.7,30.0,80.8,24.6,35,2016-09-22,GJ,9,3,22,Thursday,False,0,0,0,0,0,0,0,0,0.0,0.0,0.0,0.0,0.0,0.0,0.0,0.0,0,False,,0.0023220338983050864,0.3796610169491527,0.027740112994350277,0.01646327683615817,35.50276243093923,23.63380281690141
20160922_GN,23.818181818000003,19.7,77.295454545,24.440909090999998,68.054545455,19.140909090999997,24.772727273,57.922727273,19.818181818,23.640909090999997,70.033333333,20.804761905,21.945454545,88.745454545,20.263636364,21.963636364,95.104545455,19.713636364,24.709090909,89.713636364,22.668181818,28.563636364,81.122727273,23.486363636,51,2016-09-22,GN,9,3,22,Thursday,False,0,0,0,0,0,0,0,0,0.0,0.0,0.0,0.0,0.0,0.0,0.0,0.0,0,False,,0.002719408502772629,0.3645101663585963,0.02785767097966727,0.014417560073937113,43.125,27.532319391634978
20160922_GW,23.95,18.194444444000002,73.95555555600001,22.922222222,72.938888889,16.755555555999997,22.922222222,64.81666666699999,17.305555555999998,22.711111110999997,70.95555555600001,18.627777778,23.661111111,72.761111111,20.333333333,23.627777778000002,84.472222222,20.0,27.094444444,76.327777778,21.905555556,26.411111111,81.327777778,21.555555555999998,41,2016-09-22,GW,9,3,22,Thursday,False,0,0,0,0,0,0,0,0,0.0,0.0,0.0,0.0,0.0,0.0,0.0,0.0,0,False,,0.0016144859813084134,0.3789719626168224,0.02836448598130838,0.009938785046728965,43.742990654205606,31.728571428571428
20160922_IC,26.12,21.79,67.36,25.01,57.8,20.45,25.77,53.76,20.75,26.68,68.27,21.88,27.27,71.74,23.31,27.34,78.08,23.19,27.24,87.72,23.75,26.82,91.01,23.39,46,2016-09-22,IC,9,3,22,Thursday,False,0,0,0,0,0,0,0,0,0.0,0.0,0.0,0.0,0.0,0.0,0.0,0.0,0,False,,0.004050612244897943,0.43142857142857177,0.027916326530612226,0.02671244897959185,44.846625766871156,27.65753424657534
20160922_JB,25.9,19.693333332999998,71.52,24.593333333,67.9,18.606666667,24.88,61.16,19.0,25.56,72.72,20.426666667,20.486666667,92.38666666700001,19.18,21.273333333,94.89333333299999,19.76,22.7,92.32,21.173333333,29.573333333,75.21333333300001,23.22,99,2016-09-22,JB,9,3,22,Thursday,False,0,0,0,0,0,0,0,0,0.0,0.0,0.0,0.0,0.0,0.0,0.0,0.0,0,False,,0.003297097625329806,0.3611111111111119,0.03398324022346365,0.013711873350923463,41.35511363636363,26.360515021459232
20160922_JJ,24.8,21.95,70.25,24.7,65.85,21.9,24.95,60.8,22.2,22.7,85.6,21.8,26.55,92.65,23.9,28.2,89.9,25.8,26.15,82.7,24.65,27.1,77.2,23.95,15,2016-09-22,JJ,9,3,22,Thursday,False,0,0,0,0,0,0,0,0,0.0,0.0,0.0,0.0,0.0,0.0,0.0,0.0,0,False,,0.0023484210526315804,0.2797872340425534,0.039810526315789484,0.011196842105263166,44.12987012987013,26.35416666666667
20160922_JN,26.104545455,20.695454545,72.127272727,24.786363636,66.709090909,19.990909091,25.572727273,65.072727273,20.318181818,25.045454545,75.640909091,21.468181817999998,23.618181818000004,89.590909091,21.309090909000002,24.490909091,94.818181818,21.522727273,23.731818181999998,92.1,22.013636364,28.922727273000003,81.93636363600001,23.845454545,64,2016-09-22,JN,9,3,22,Thursday,False,0,0,0,0,0,0,0,0,0.0,0.0,0.0,0.0,0.0,0.0,0.0,0.0,0,False,,0.00469403794037939,0.4346883468834695,0.025292682926829246,0.013039942528735618,35.87431693989071,25.808035714285715
20160922_SU,27.2,21.9,46.3,25.3,43.4,20.2,26.8,41.1,20.6,27.8,53.3,21.9,28.3,53.4,23.5,28.2,64.8,23.1,29.5,64.9,24.6,29.5,68.1,23.9,253,2016-09-22,SU,9,3,22,Thursday,False,0,0,0,0,0,0,0,0,0.0,0.0,0.0,0.0,0.0,0.0,0.0,0.0,0,False,,0.0037690607734806474,0.4652714932126702,0.02272466960352421,0.036878854625550635,41.37858719646799,25.712041884816752
20160922_US,21.3,19.1,92.1,23.6,71.8,19.9,22.6,64.1,19.9,23.0,81.9,20.5,22.1,93.4,20.7,22.0,98.0,20.3,25.2,96.0,22.4,26.9,90.0,22.6,13,2016-09-22,US,9,3,22,Thursday,False,0,0,0,0,0,0,0,0,0.0,0.0,0.0,0.0,0.0,0.0,0.0,0.0,0,False,,0.003757142857142848,0.4617142857142862,0.02420285714285713,0.019885714285714246,44.19420289855073,28.08270676691729
20160923_BS,26.3,21.8,74.3,24.6,75.6,20.8,25.6,60.6,21.1,25.1,55.5,20.9,21.8,77.4,20.5,23.1,85.3,21.4,23.3,95.5,20.5,26.0,80.9,23.8,84,2016-09-23,BS,9,4,23,Friday,False,0,0,0,0,0,0,0,0,0.0,0.0,0.0,0.0,0.0,0.0,0.0,0.0,0,False,,0.0038845208845208696,0.33783783783783833,0.030450939457202487,0.01560960334029224,38.41014799154335,23.89873417721519
20160923_CB,26.826666666999998,19.793333333,70.013333333,25.586666667,66.233333333,19.58,23.393333333,64.086666667,17.713333332999998,24.34,56.446666666999995,18.16,23.693333333,67.373333333,19.533333332999998,21.9,83.673333333,19.473333333,20.833333333,94.666666667,19.82,26.38,79.313333333,21.993333333000002,39,2016-09-23,CB,9,4,23,Friday,False,0,0,0,0,0,0,0,0,0.0,0.0,0.0,0.0,0.0,0.0,0.0,0.0,0,False,,0.0021698245614035104,0.3364912280701749,0.02280701754385962,0.016942456140350854,34.75609756097561,23.143939393939394
20160923_CN,26.58125,19.2875,80.81875,25.825,76.325,19.74375,24.075,71.29375,18.6,24.6625,64.50625,18.96875,25.50625,72.73125,20.60625,23.05625,86.9,19.98125,21.6,94.125,20.45625,25.11875,89.7875,21.60625,62,2016-09-23,CN,9,4,23,Friday,False,0,0,0,0,0,0,0,0,0.0,0.0,0.0,0.0,0.0,0.0,0.0,0.0,0,False,,0.0026795000000000018,0.4147321428571432,0.038236607142857086,0.014764732142857125,47.51785714285714,28.767857142857146
20160923_DG,26.8,21.0,72.4,23.9,75.5,19.5,23.5,70.0,18.7,23.8,54.8,19.6,23.3,70.0,20.3,21.4,89.5,19.5,21.0,95.0,19.7,24.9,88.0,22.3,68,2016-09-23,DG,9,4,23,Friday,False,0,0,0,0,0,0,0,0,0.0,0.0,0.0,0.0,0.0,0.0,0.0,0.0,0,False,,0.002613138686131389,0.3598540145985405,0.022941605839416027,0.016251824817518225,34.02554744525548,22.85227272727273
20160923_DJ,27.0,20.8,75.0,25.9,71.3,20.6,23.6,68.4,19.1,24.7,64.6,19.2,23.6,75.6,20.0,20.7,91.6,19.1,21.3,96.9,20.2,25.4,85.3,22.4,49,2016-09-23,DJ,9,4,23,Friday,False,0,0,0,0,0,0,0,0,0.0,0.0,0.0,0.0,0.0,0.0,0.0,0.0,0,False,,0.0021500000000000013,0.4491666666666673,0.02239166666666665,0.021262499999999997,35.32773109243698,19.141666666666666
20160923_GB,25.420833333,19.166666667,79.5375,22.5125,80.49583333300001,18.379166667,23.525,71.841666667,17.95,23.245833333,62.416666667,18.308333333,22.183333333,74.0,19.579166667,21.275,88.725,19.445833333,20.745833333,95.770833333,19.55,25.091666667,88.76666666700001,21.754166667,62,2016-09-23,GB,9,4,23,Friday,False,0,0,0,0,0,0,0,0,0.0,0.0,0.0,0.0,0.0,0.0,0.0,0.0,0,False,,0.003614084507042237,0.3884831460674164,0.02616705882352939,0.010078518518518494,33.034055727554176,22.79234972677596
20160923_GG,27.421428571,20.492857143,67.857142857,26.573809524,57.90952381,20.826190476,24.552380951999996,54.55,19.073809524,26.00952381,47.145238095,19.869047619,27.004761905,59.504761905,21.207142857,27.757142856999998,60.8,22.852380951999997,26.785714285999997,75.916666667,22.176190476,28.392857143,75.828571429,23.523809524,184,2016-09-23,GG,9,4,23,Friday,False,0,0,0,0,0,0,0,0,0.0,0.0,0.0,0.0,0.0,0.0,0.0,0.0,0,False,,0.0041709424083769065,0.4966333508679602,0.02941303177167476,0.035457952182952265,54.81433224755701,33.8
20160923_GJ,27.8,21.7,71.8,27.5,67.0,21.5,25.1,63.4,20.4,26.6,56.9,21.2,26.2,77.5,21.3,22.7,98.8,20.2,23.6,99.0,20.5,23.6,97.8,21.7,37,2016-09-23,GJ,9,4,23,Friday,False,0,0,0,0,0,0,0,0,0.0,0.0,0.0,0.0,0.0,0.0,0.0,0.0,0,False,,0.0026324324324324346,0.4189189189189192,0.02969189189189188,0.02024324324324322,36.645161290322584,25.251612903225805
20160923_GN,26.913636364000002,20.495454545,78.104545455,23.818181818000003,77.295454545,19.7,24.440909090999998,68.054545455,19.140909090999997,24.772727273,57.922727273,19.818181818,23.640909090999997,70.033333333,20.804761905,21.945454545,88.745454545,20.263636364,21.963636364,95.104545455,19.713636364,24.709090909,89.713636364,22.668181818,59,2016-09-23,GN,9,4,23,Friday,False,0,0,0,0,0,0,0,0,0.0,0.0,0.0,0.0,0.0,0.0,0.0,0.0,0,False,,0.00316471663619742,0.3661818181818197,0.0263672727272727,0.01558363636363633,38.73461538461538,24.761538461538464
20160923_GW,24.927777778000003,18.166666667,76.25,23.95,73.95555555600001,18.194444444000002,22.922222222,72.938888889,16.755555555999997,22.922222222,64.81666666699999,17.305555555999998,22.711111110999997,70.95555555600001,18.627777778,23.661111111,72.761111111,20.333333333,23.627777778000002,84.472222222,20.0,27.094444444,76.327777778,21.905555556,41,2016-09-23,GW,9,4,23,Friday,False,0,0,0,0,0,0,0,0,0.0,0.0,0.0,0.0,0.0,0.0,0.0,0.0,0,False,,0.0018125000000000016,0.4138888888888892,0.026222222222222195,0.012531481481481465,41.10185185185185,29.105633802816897
20160923_IC,25.78,21.31,80.1,26.12,67.36,21.79,25.01,57.8,20.45,25.77,53.76,20.75,26.68,68.27,21.88,27.27,71.74,23.31,27.34,78.08,23.19,27.24,87.72,23.75,41,2016-09-23,IC,9,4,23,Friday,False,0,0,0,0,0,0,0,0,0.0,0.0,0.0,0.0,0.0,0.0,0.0,0.0,0,False,,0.005953174603174572,0.5392857142857147,0.04202182539682543,0.02837083333333335,56.276553106212425,37.85511363636363
20160923_JB,26.8,19.986666667,72.43333333300001,25.9,71.52,19.693333332999998,24.593333333,67.9,18.606666667,24.88,61.16,19.0,25.56,72.72,20.426666667,20.486666667,92.38666666700001,19.18,21.273333333,94.89333333299999,19.76,22.7,92.32,21.173333333,96,2016-09-23,JB,9,4,23,Friday,False,0,0,0,0,0,0,0,0,0.0,0.0,0.0,0.0,0.0,0.0,0.0,0.0,0,False,,0.0036968749999999827,0.3768229166666681,0.035413888888888884,0.015900781249999968,44.85795454545455,28.9017094017094
20160923_JJ,24.9,21.95,73.1,24.8,70.25,21.95,24.7,65.85,21.9,24.95,60.8,22.2,22.7,85.6,21.8,26.55,92.65,23.9,28.2,89.9,25.8,26.15,82.7,24.65,23,2016-09-23,JJ,9,4,23,Friday,False,0,0,0,0,0,0,0,0,0.0,0.0,0.0,0.0,0.0,0.0,0.0,0.0,0,False,,0.001348913043478262,0.2505263157894736,0.04076041666666667,0.009059375000000005,41.62686567164179,24.17391304347826
20160923_JN,26.609090909000003,20.918181818,76.713636364,26.104545455,72.127272727,20.695454545,24.786363636,66.709090909,19.990909091,25.572727273,65.072727273,20.318181818,25.045454545,75.640909091,21.468181817999998,23.618181818000004,89.590909091,21.309090909000002,24.490909091,94.818181818,21.522727273,23.731818181999998,92.1,22.013636364,56,2016-09-23,JN,9,4,23,Friday,False,0,0,0,0,0,0,0,0,0.0,0.0,0.0,0.0,0.0,0.0,0.0,0.0,0,False,,0.0046060941828254655,0.4435754189944139,0.02744086021505376,0.013074285714285693,33.37203166226913,23.311004784689
20160923_SU,27.9,21.4,57.9,27.2,46.3,21.9,25.3,43.4,20.2,26.8,41.1,20.6,27.8,53.3,21.9,28.3,53.4,23.5,28.2,64.8,23.1,29.5,64.9,24.6,227,2016-09-23,SU,9,4,23,Friday,False,0,0,0,0,0,0,0,0,0.0,0.0,0.0,0.0,0.0,0.0,0.0,0.0,0,False,,0.00462334801762111,0.5586592178770954,0.02631049723756906,0.04613876651982368,53.20958751393535,32.69081272084806
20160923_US,24.2,20.1,88.6,21.3,92.1,19.1,23.6,71.8,19.9,22.6,64.1,19.9,23.0,81.9,20.5,22.1,93.4,20.7,22.0,98.0,20.3,25.2,96.0,22.4,13,2016-09-23,US,9,4,23,Friday,False,0,0,0,0,0,0,0,0,0.0,0.0,0.0,0.0,0.0,0.0,0.0,0.0,0,False,,0.004891061452513948,0.3930167597765367,0.02420949720670387,0.017738764044943782,36.02616279069768,22.412587412587413
20160924_BS,26.8,22.6,69.9,26.3,74.3,21.8,24.6,75.6,20.8,25.6,60.6,21.1,25.1,55.5,20.9,21.8,77.4,20.5,23.1,85.3,21.4,23.3,95.5,20.5,22,2016-09-24,BS,9,5,24,Saturday,False,0,0,0,0,0,0,0,0,0.0,0.0,0.0,0.0,0.0,0.0,0.0,0.0,0,True,,0.005983796296296268,0.31921296296296325,0.028156746031746,0.017464285714285672,32.810756972111555,19.724789915966387
20160924_CB,27.846666666999997,20.7,70.18,26.826666666999998,70.013333333,19.793333333,25.586666667,66.233333333,19.58,23.393333333,64.086666667,17.713333332999998,24.34,56.446666666999995,18.16,23.693333333,67.373333333,19.533333332999998,21.9,83.673333333,19.473333333,20.833333333,94.666666667,19.82,8,2016-09-24,CB,9,5,24,Saturday,False,0,0,0,0,0,0,0,0,0.0,0.0,0.0,0.0,0.0,0.0,0.0,0.0,0,True,,0.00236840277777778,0.3642361111111112,0.02662152777777775,0.01879479166666663,41.930555555555564,29.37786259541985
20160924_CN,27.51875,20.1375,80.575,26.58125,80.81875,19.2875,25.825,76.325,19.74375,24.075,71.29375,18.6,24.6625,64.50625,18.96875,25.50625,72.73125,20.60625,23.05625,86.9,19.98125,21.6,94.125,20.45625,18,2016-09-24,CN,9,5,24,Saturday,False,0,0,0,0,0,0,0,0,0.0,0.0,0.0,0.0,0.0,0.0,0.0,0.0,0,True,,0.002904166666666669,0.4579166666666671,0.04158333333333332,0.014225833333333309,56.34562211981567,33.138888888888886
20160924_DG,28.0,21.5,71.3,26.8,72.4,21.0,23.9,75.5,19.5,23.5,70.0,18.7,23.8,54.8,19.6,23.3,70.0,20.3,21.4,89.5,19.5,21.0,95.0,19.7,15,2016-09-24,DG,9,5,24,Saturday,False,0,0,0,0,0,0,0,0,0.0,0.0,0.0,0.0,0.0,0.0,0.0,0.0,0,True,,0.0027534722222222244,0.3829861111111112,0.025510416666666633,0.015107638888888875,32.2027972027972,20.867724867724867
20160924_DJ,28.1,21.7,74.3,27.0,75.0,20.8,25.9,71.3,20.6,23.6,68.4,19.1,24.7,64.6,19.2,23.6,75.6,20.0,20.7,91.6,19.1,21.3,96.9,20.2,11,2016-09-24,DJ,9,5,24,Saturday,False,0,0,0,0,0,0,0,0,0.0,0.0,0.0,0.0,0.0,0.0,0.0,0.0,0,True,,0.002562500000000002,0.5091666666666668,0.028916666666666632,0.023495833333333317,41.645569620253156,23.375
20160924_GB,26.525,20.025,78.68333333300001,25.420833333,79.5375,19.166666667,22.5125,80.49583333300001,18.379166667,23.525,71.841666667,17.95,23.245833333,62.416666667,18.308333333,22.183333333,74.0,19.579166667,21.275,88.725,19.445833333,20.745833333,95.770833333,19.55,16,2016-09-24,GB,9,5,24,Saturday,False,0,0,0,0,0,0,0,0,0.0,0.0,0.0,0.0,0.0,0.0,0.0,0.0,0,True,,0.003689327146171684,0.4291666666666664,0.02686342592592592,0.009966582914572844,30.63968668407311,21.02659574468085
20160924_GG,28.152380951999998,21.326190476,70.078571429,27.421428571,67.857142857,20.492857143,26.573809524,57.90952381,20.826190476,24.552380951999996,54.55,19.073809524,26.00952381,47.145238095,19.869047619,27.004761905,59.504761905,21.207142857,27.757142856999998,60.8,22.852380951999997,26.785714285999997,75.916666667,22.176190476,62,2016-09-24,GG,9,5,24,Saturday,False,0,0,0,0,0,0,0,0,0.0,0.0,0.0,0.0,0.0,0.0,0.0,0.0,0,True,,0.00438843749999994,0.5388020833333308,0.0373492233529727,0.03611304796286762,63.80043501903208,41.027894002789395
20160924_GJ,27.8,22.6,75.0,27.8,71.8,21.7,27.5,67.0,21.5,25.1,63.4,20.4,26.6,56.9,21.2,26.2,77.5,21.3,22.7,98.8,20.2,23.6,99.0,20.5,11,2016-09-24,GJ,9,5,24,Saturday,False,0,0,0,0,0,0,0,0,0.0,0.0,0.0,0.0,0.0,0.0,0.0,0.0,0,True,,0.002699074074074076,0.4597222222222226,0.033245370370370335,0.019569444444444417,41.513888888888886,29.815476190476193
20160924_GN,27.795454545,21.209090909,76.859090909,26.913636364000002,78.104545455,20.495454545,23.818181818000003,77.295454545,19.7,24.440909090999998,68.054545455,19.140909090999997,24.772727273,57.922727273,19.818181818,23.640909090999997,70.033333333,20.804761905,21.945454545,88.745454545,20.263636364,21.963636364,95.104545455,19.713636364,21,2016-09-24,GN,9,5,24,Saturday,False,0,0,0,0,0,0,0,0,0.0,0.0,0.0,0.0,0.0,0.0,0.0,0.0,0,True,,0.00389692028985504,0.3387681159420299,0.02718478260869564,0.015949999999999968,34.80072463768116,21.362595419847327
20160924_GW,25.944444444000002,19.2,76.255555556,24.927777778000003,76.25,18.166666667,23.95,73.95555555600001,18.194444444000002,22.922222222,72.938888889,16.755555555999997,22.922222222,64.81666666699999,17.305555555999998,22.711111110999997,70.95555555600001,18.627777778,23.661111111,72.761111111,20.333333333,23.627777778000002,84.472222222,20.0,9,2016-09-24,GW,9,5,24,Saturday,False,0,0,0,0,0,0,0,0,0.0,0.0,0.0,0.0,0.0,0.0,0.0,0.0,0,True,,0.00181527777777778,0.4194444444444451,0.031541666666666635,0.012341666666666648,38.5787037037037,25.609929078014183
20160924_IC,26.18,21.74,81.51,25.78,80.1,21.31,26.12,67.36,21.79,25.01,57.8,20.45,25.77,53.76,20.75,26.68,68.27,21.88,27.27,71.74,23.31,27.34,78.08,23.19,7,2016-09-24,IC,9,5,24,Saturday,False,0,0,0,0,0,0,0,0,0.0,0.0,0.0,0.0,0.0,0.0,0.0,0.0,0,True,,0.006327976190476159,0.5884920634920633,0.04574801587301583,0.03113214285714285,63.420318725099605,45.71954674220964
20160924_JB,28.073333333,20.686666667,74.26,26.8,72.43333333300001,19.986666667,25.9,71.52,19.693333332999998,24.593333333,67.9,18.606666667,24.88,61.16,19.0,25.56,72.72,20.426666667,20.486666667,92.38666666700001,19.18,21.273333333,94.89333333299999,19.76,22,2016-09-24,JB,9,5,24,Saturday,False,0,0,0,0,0,0,0,0,0.0,0.0,0.0,0.0,0.0,0.0,0.0,0.0,0,True,,0.003989583333333312,0.40416666666666895,0.03947499999999996,0.01599062499999997,49.87709497206704,34.05857740585774
20160924_JJ,25.7,22.7,76.2,24.9,73.1,21.95,24.8,70.25,21.95,24.7,65.85,21.9,24.95,60.8,22.2,22.7,85.6,21.8,26.55,92.65,23.9,28.2,89.9,25.8,5,2016-09-24,JJ,9,5,24,Saturday,False,0,0,0,0,0,0,0,0,0.0,0.0,0.0,0.0,0.0,0.0,0.0,0.0,0,True,,0.0016120879120879155,0.22631578947368394,0.039885416666666666,0.007231250000000005,37.04878048780488,21.790123456790123
20160924_JN,27.122727273000002,21.527272727,78.445454545,26.609090909000003,76.713636364,20.918181818,26.104545455,72.127272727,20.695454545,24.786363636,66.709090909,19.990909091,25.572727273,65.072727273,20.318181818,25.045454545,75.640909091,21.468181817999998,23.618181818000004,89.590909091,21.309090909000002,24.490909091,94.818181818,21.522727273,28,2016-09-24,JN,9,5,24,Saturday,False,0,0,0,0,0,0,0,0,0.0,0.0,0.0,0.0,0.0,0.0,0.0,0.0,0,True,,0.004903794037940356,0.4393854748603357,0.030535248041775417,0.013420277777777757,33.07591623036649,23.10326086956522
20160924_SU,28.9,22.3,60.6,27.9,57.9,21.4,27.2,46.3,21.9,25.3,43.4,20.2,26.8,41.1,20.6,27.8,53.3,21.9,28.3,53.4,23.5,28.2,64.8,23.1,49,2016-09-24,SU,9,5,24,Saturday,False,0,0,0,0,0,0,0,0,0.0,0.0,0.0,0.0,0.0,0.0,0.0,0.0,0,True,,0.004933483652762075,0.6146396396396392,0.03532657657657656,0.04968130630630627,63.606981981981974,40.70235934664247
20160924_US,25.0,20.4,82.8,24.2,88.6,20.1,21.3,92.1,19.1,23.6,71.8,19.9,22.6,64.1,19.9,23.0,81.9,20.5,22.1,93.4,20.7,22.0,98.0,20.3,2,2016-09-24,US,9,5,24,Saturday,False,0,0,0,0,0,0,0,0,0.0,0.0,0.0,0.0,0.0,0.0,0.0,0.0,0,True,,0.00474651810584957,0.34140845070422543,0.022378830083565428,0.01619220055710303,28.69359331476323,16.397163120567374
20160925_BS,27.6,23.0,69.8,26.8,69.9,22.6,26.3,74.3,21.8,24.6,75.6,20.8,25.6,60.6,21.1,25.1,55.5,20.9,21.8,77.4,20.5,23.1,85.3,21.4,3,2016-09-25,BS,9,6,25,Sunday,False,0,0,0,0,0,0,0,0,0.0,0.0,0.0,0.0,0.0,0.0,0.0,0.0,0,True,,0.007937354988399042,0.337731481481482,0.024188492063492016,0.021224206349206298,30.715705765407556,17.669980119284293
20160925_CB,25.64,20.166666667,78.846666667,27.846666666999997,70.18,20.7,26.826666666999998,70.013333333,19.793333333,25.586666667,66.233333333,19.58,23.393333333,64.086666667,17.713333332999998,24.34,56.446666666999995,18.16,23.693333333,67.373333333,19.533333332999998,21.9,83.673333333,19.473333333,1,2016-09-25,CB,9,6,25,Sunday,False,0,0,0,0,0,0,0,0,0.0,0.0,0.0,0.0,0.0,0.0,0.0,0.0,0,True,,0.0023000000000000017,0.4354166666666674,0.020937499999999984,0.018432638888888863,48.54166666666666,36.06083650190114
20160925_CN,26.15,20.36875,85.2625,27.51875,80.575,20.1375,26.58125,80.81875,19.2875,25.825,76.325,19.74375,24.075,71.29375,18.6,24.6625,64.50625,18.96875,25.50625,72.73125,20.60625,23.05625,86.9,19.98125,4,2016-09-25,CN,9,6,25,Sunday,False,0,0,0,0,0,0,0,0,0.0,0.0,0.0,0.0,0.0,0.0,0.0,0.0,0,True,,0.003101851851851854,0.4741666666666668,0.036374999999999984,0.01480666666666664,57.981481481481474,32.763888888888886
20160925_DG,26.9,21.2,75.3,28.0,71.3,21.5,26.8,72.4,21.0,23.9,75.5,19.5,23.5,70.0,18.7,23.8,54.8,19.6,23.3,70.0,20.3,21.4,89.5,19.5,1,2016-09-25,DG,9,6,25,Sunday,False,0,0,0,0,0,0,0,0,0.0,0.0,0.0,0.0,0.0,0.0,0.0,0.0,0,True,,0.002572916666666669,0.4152777777777784,0.020763888888888846,0.018975694444444413,35.05281690140845,23.19371727748691
20160925_DJ,24.7,20.8,85.3,28.1,74.3,21.7,27.0,75.0,20.8,25.9,71.3,20.6,23.6,68.4,19.1,24.7,64.6,19.2,23.6,75.6,20.0,20.7,91.6,19.1,1,2016-09-25,DJ,9,6,25,Sunday,False,0,0,0,0,0,0,0,0,0.0,0.0,0.0,0.0,0.0,0.0,0.0,0.0,0,True,,0.0026541666666666684,0.5354166666666671,0.017137499999999972,0.022099999999999974,42.97916666666666,24.20833333333333
20160925_GB,25.929166666999997,19.891666667,80.87083333300001,26.525,78.68333333300001,20.025,25.420833333,79.5375,19.166666667,22.5125,80.49583333300001,18.379166667,23.525,71.841666667,17.95,23.245833333,62.416666667,18.308333333,22.183333333,74.0,19.579166667,21.275,88.725,19.445833333,3,2016-09-25,GB,9,6,25,Sunday,False,0,0,0,0,0,0,0,0,0.0,0.0,0.0,0.0,0.0,0.0,0.0,0.0,0,True,,0.003582830626450101,0.4719444444444447,0.024835648148148124,0.010517647058823498,31.863157894736837,21.69491525423729
20160925_GG,28.383333333000003,21.792857143000003,70.126190476,28.152380951999998,70.078571429,21.326190476,27.421428571,67.857142857,20.492857143,26.573809524,57.90952381,20.826190476,24.552380951999996,54.55,19.073809524,26.00952381,47.145238095,19.869047619,27.004761905,59.504761905,21.207142857,27.757142856999998,60.8,22.852380951999997,11,2016-09-25,GG,9,6,25,Sunday,False,0,0,0,0,0,0,0,0,0.0,0.0,0.0,0.0,0.0,0.0,0.0,0.0,0,True,,0.004297395833333269,0.5373437499999987,0.03232638888888896,0.03110826019617967,59.64970221981592,38.91489361702128
20160925_GJ,27.9,23.0,79.5,27.8,75.0,22.6,27.8,71.8,21.7,27.5,67.0,21.5,25.1,63.4,20.4,26.6,56.9,21.2,26.2,77.5,21.3,22.7,98.8,20.2,0,2016-09-25,GJ,9,6,25,Sunday,False,0,0,0,0,0,0,0,0,0.0,0.0,0.0,0.0,0.0,0.0,0.0,0.0,0,True,,0.0026435185185185203,0.5384259259259265,0.02571759259259258,0.01803240740740739,38.16203703703704,27.809523809523807
20160925_GN,27.495454545,21.554545455,77.413636364,27.795454545,76.859090909,21.209090909,26.913636364000002,78.104545455,20.495454545,23.818181818000003,77.295454545,19.7,24.440909090999998,68.054545455,19.140909090999997,24.772727273,57.922727273,19.818181818,23.640909090999997,70.033333333,20.804761905,21.945454545,88.745454545,20.263636364,1,2016-09-25,GN,9,6,25,Sunday,False,0,0,0,0,0,0,0,0,0.0,0.0,0.0,0.0,0.0,0.0,0.0,0.0,0,True,,0.003875724637681128,0.3550724637681167,0.02507246376811591,0.016632897196261674,32.28804347826087,19.733590733590734
20160925_GW,26.4,19.933333333,76.888888889,25.944444444000002,76.255555556,19.2,24.927777778000003,76.25,18.166666667,23.95,73.95555555600001,18.194444444000002,22.922222222,72.938888889,16.755555555999997,22.922222222,64.81666666699999,17.305555555999998,22.711111110999997,70.95555555600001,18.627777778,23.661111111,72.761111111,20.333333333,0,2016-09-25,GW,9,6,25,Sunday,False,0,0,0,0,0,0,0,0,0.0,0.0,0.0,0.0,0.0,0.0,0.0,0.0,0,True,,0.0019046296296296315,0.4592592592592599,0.03234259259259258,0.01283749999999998,40.013953488372096,28.064285714285717
20160925_IC,26.67,22.2,81.66,26.18,81.51,21.74,25.78,80.1,21.31,26.12,67.36,21.79,25.01,57.8,20.45,25.77,53.76,20.75,26.68,68.27,21.88,27.27,71.74,23.31,0,2016-09-25,IC,9,6,25,Sunday,False,0,0,0,0,0,0,0,0,0.0,0.0,0.0,0.0,0.0,0.0,0.0,0.0,0,True,,0.005425793650793618,0.5019880715705769,0.036962301587301565,0.023316269841269808,47.08531746031746,32.30116959064328
20160925_JB,26.033333333,20.72,81.093333333,28.073333333,74.26,20.686666667,26.8,72.43333333300001,19.986666667,25.9,71.52,19.693333332999998,24.593333333,67.9,18.606666667,24.88,61.16,19.0,25.56,72.72,20.426666667,20.486666667,92.38666666700001,19.18,3,2016-09-25,JB,9,6,25,Sunday,False,0,0,0,0,0,0,0,0,0.0,0.0,0.0,0.0,0.0,0.0,0.0,0.0,0,True,,0.003668229166666649,0.4664062500000024,0.03127222222222216,0.014992187499999974,60.18994413407821,45.20425531914894
20160925_JJ,26.25,23.8,81.85,25.7,76.2,22.7,24.9,73.1,21.95,24.8,70.25,21.95,24.7,65.85,21.9,24.95,60.8,22.2,22.7,85.6,21.8,26.55,92.65,23.9,1,2016-09-25,JJ,9,6,25,Sunday,False,0,0,0,0,0,0,0,0,0.0,0.0,0.0,0.0,0.0,0.0,0.0,0.0,0,True,,0.0018281250000000031,0.24526315789473666,0.03910416666666666,0.006303125000000004,43.25925925925926,22.72727272727273
20160925_JN,27.172727273000003,22.068181818000003,80.91818181800001,27.122727273000002,78.445454545,21.527272727,26.609090909000003,76.713636364,20.918181818,26.104545455,72.127272727,20.695454545,24.786363636,66.709090909,19.990909091,25.572727273,65.072727273,20.318181818,25.045454545,75.640909091,21.468181817999998,23.618181818000004,89.590909091,21.309090909000002,0,2016-09-25,JN,9,6,25,Sunday,False,0,0,0,0,0,0,0,0,0.0,0.0,0.0,0.0,0.0,0.0,0.0,0.0,0,True,,0.005262402088772831,0.4467391304347832,0.02739947780678852,0.013986072423398312,32.41978609625669,22.563157894736843
20160925_SU,29.7,23.0,57.6,28.9,60.6,22.3,27.9,57.9,21.4,27.2,46.3,21.9,25.3,43.4,20.2,26.8,41.1,20.6,27.8,53.3,21.9,28.3,53.4,23.5,16,2016-09-25,SU,9,6,25,Sunday,False,0,0,0,0,0,0,0,0,0.0,0.0,0.0,0.0,0.0,0.0,0.0,0.0,0,True,,0.004674549549549507,0.5798423423423427,0.028903043968432844,0.04322635135135136,55.6685520361991,36.90825688073394
20160925_US,28.0,21.3,74.1,25.0,82.8,20.4,24.2,88.6,20.1,21.3,92.1,19.1,23.6,71.8,19.9,22.6,64.1,19.9,23.0,81.9,20.5,22.1,93.4,20.7,1,2016-09-25,US,9,6,25,Sunday,False,0,0,0,0,0,0,0,0,0.0,0.0,0.0,0.0,0.0,0.0,0.0,0.0,0,True,,0.007676880222841194,0.3547222222222223,0.021381766381766355,0.01867499999999997,27.847222222222218,13.840277777777779
20160926_BS,27.3,24.2,76.4,27.6,69.8,23.0,26.8,69.9,22.6,26.3,74.3,21.8,24.6,75.6,20.8,25.6,60.6,21.1,25.1,55.5,20.9,21.8,77.4,20.5,80,2016-09-26,BS,9,0,26,Monday,False,0,0,0,0,0,0,0,0,0.0,0.0,0.0,0.0,0.0,0.0,0.0,0.0,0,False,,0.010245238095238059,0.3823809523809537,0.016597560975609726,0.026107723577235762,37.9034907597536,22.85040983606557
20160926_CB,25.813333333000003,21.093333333,77.586666667,25.64,78.846666667,20.166666667,27.846666666999997,70.18,20.7,26.826666666999998,70.013333333,19.793333333,25.586666667,66.233333333,19.58,23.393333333,64.086666667,17.713333332999998,24.34,56.446666666999995,18.16,23.693333333,67.373333333,19.533333332999998,54,2016-09-26,CB,9,0,26,Monday,False,0,0,0,0,0,0,0,0,0.0,0.0,0.0,0.0,0.0,0.0,0.0,0.0,0,False,,0.0024847222222222237,0.4670138888888896,0.013100694444444415,0.02054062499999997,41.517361111111114,27.399239543726235
20160926_CN,27.85,21.9875,84.59375,26.15,85.2625,20.36875,27.51875,80.575,20.1375,26.58125,80.81875,19.2875,25.825,76.325,19.74375,24.075,71.29375,18.6,24.6625,64.50625,18.96875,25.50625,72.73125,20.60625,74,2016-09-26,CN,9,0,26,Monday,False,0,0,0,0,0,0,0,0,0.0,0.0,0.0,0.0,0.0,0.0,0.0,0.0,0,False,,0.001978240740740742,0.467083333333334,0.02574583333333329,0.01964666666666665,53.805555555555564,30.98611111111111
20160926_DG,25.9,21.9,83.6,26.9,75.3,21.2,28.0,71.3,21.5,26.8,72.4,21.0,23.9,75.5,19.5,23.5,70.0,18.7,23.8,54.8,19.6,23.3,70.0,20.3,68,2016-09-26,DG,9,0,26,Monday,False,0,0,0,0,0,0,0,0,0.0,0.0,0.0,0.0,0.0,0.0,0.0,0.0,0,False,,0.0026925925925925945,0.5117647058823532,0.009389705882352913,0.023374999999999962,46.81521739130435,31.813186813186807
20160926_DJ,26.8,22.1,83.3,24.7,85.3,20.8,28.1,74.3,21.7,27.0,75.0,20.8,25.9,71.3,20.6,23.6,68.4,19.1,24.7,64.6,19.2,23.6,75.6,20.0,46,2016-09-26,DJ,9,0,26,Monday,False,0,0,0,0,0,0,0,0,0.0,0.0,0.0,0.0,0.0,0.0,0.0,0.0,0,False,,0.0024500000000000017,0.4829166666666671,0.013470833333333309,0.020879166666666636,34.08050847457627,19.225
20160926_GB,24.683333333,20.675,87.8125,25.929166666999997,80.87083333300001,19.891666667,26.525,78.68333333300001,20.025,25.420833333,79.5375,19.166666667,22.5125,80.49583333300001,18.379166667,23.525,71.841666667,17.95,23.245833333,62.416666667,18.308333333,22.183333333,74.0,19.579166667,89,2016-09-26,GB,9,0,26,Monday,False,0,0,0,0,0,0,0,0,0.0,0.0,0.0,0.0,0.0,0.0,0.0,0.0,0,False,,0.004352983293556065,0.5721126760563385,0.017190930787589462,0.012887064676616893,38.00529100529101,25.88372093023256
20160926_GG,27.752380952,22.6,71.014285714,28.383333333000003,70.126190476,21.792857143000003,28.152380951999998,70.078571429,21.326190476,27.421428571,67.857142857,20.492857143,26.573809524,57.90952381,20.826190476,24.552380951999996,54.55,19.073809524,26.00952381,47.145238095,19.869047619,27.004761905,59.504761905,21.207142857,250,2016-09-26,GG,9,0,26,Monday,False,0,0,0,0,0,0,0,0,0.0,0.0,0.0,0.0,0.0,0.0,0.0,0.0,0,False,,0.003745397159389731,0.5311275807305451,0.016680412371133994,0.037681204188481664,52.122258771929815,30.405940594059405
20160926_GJ,28.6,23.7,87.4,27.9,79.5,23.0,27.8,75.0,22.6,27.8,71.8,21.7,27.5,67.0,21.5,25.1,63.4,20.4,26.6,56.9,21.2,26.2,77.5,21.3,41,2016-09-26,GJ,9,0,26,Monday,False,0,0,0,0,0,0,0,0,0.0,0.0,0.0,0.0,0.0,0.0,0.0,0.0,0,False,,0.003193396226415097,0.5400943396226416,0.016103773584905633,0.019556603773584886,35.060747663551396,24.692771084337355
20160926_GN,26.381818181999996,22.495454545,85.527272727,27.495454545,77.413636364,21.554545455,27.795454545,76.859090909,21.209090909,26.913636364000002,78.104545455,20.495454545,23.818181818000003,77.295454545,19.7,24.440909090999998,68.054545455,19.140909090999997,24.772727273,57.922727273,19.818181818,23.640909090999997,70.033333333,20.804761905,72,2016-09-26,GN,9,0,26,Monday,False,0,0,0,0,0,0,0,0,0.0,0.0,0.0,0.0,0.0,0.0,0.0,0.0,0,False,,0.0042784420289854715,0.4106884057971028,0.017548913043478213,0.021664869888475817,45.98188405797102,29.631178707224336
20160926_GW,25.261111110999998,19.822222222,81.122222222,26.4,76.888888889,19.933333333,25.944444444000002,76.255555556,19.2,24.927777778000003,76.25,18.166666667,23.95,73.95555555600001,18.194444444000002,22.922222222,72.938888889,16.755555555999997,22.922222222,64.81666666699999,17.305555555999998,22.711111110999997,70.95555555600001,18.627777778,46,2016-09-26,GW,9,0,26,Monday,False,0,0,0,0,0,0,0,0,0.0,0.0,0.0,0.0,0.0,0.0,0.0,0.0,0,False,,0.0019188679245283038,0.5004761904761906,0.02116431924882627,0.015731603773584894,42.70283018867924,29.84507042253521
20160926_IC,28.51,23.61,80.45,26.67,81.66,22.2,26.18,81.51,21.74,25.78,80.1,21.31,26.12,67.36,21.79,25.01,57.8,20.45,25.77,53.76,20.75,26.68,68.27,21.88,57,2016-09-26,IC,9,0,26,Monday,False,0,0,0,0,0,0,0,0,0.0,0.0,0.0,0.0,0.0,0.0,0.0,0.0,0,False,,0.0046985915492957575,0.5666666666666668,0.021569416498993927,0.03408631790744464,47.219959266802434,27.539548022598872
20160926_JB,28.206666666999997,22.5,82.02,26.033333333,81.093333333,20.72,28.073333333,74.26,20.686666667,26.8,72.43333333300001,19.986666667,25.9,71.52,19.693333332999998,24.593333333,67.9,18.606666667,24.88,61.16,19.0,25.56,72.72,20.426666667,98,2016-09-26,JB,9,0,26,Monday,False,0,0,0,0,0,0,0,0,0.0,0.0,0.0,0.0,0.0,0.0,0.0,0.0,0,False,,0.003488541666666656,0.4351562500000021,0.02153611111111109,0.0166458333333333,47.137254901960794,33.56903765690377
20160926_JJ,26.25,24.6,93.35,26.25,81.85,23.8,25.7,76.2,22.7,24.9,73.1,21.95,24.8,70.25,21.95,24.7,65.85,21.9,24.95,60.8,22.2,22.7,85.6,21.8,21,2016-09-26,JJ,9,0,26,Monday,False,0,0,0,0,0,0,0,0,0.0,0.0,0.0,0.0,0.0,0.0,0.0,0.0,0,False,,0.0020364583333333367,0.2936842105263157,0.022624999999999985,0.00746041666666667,50.85542168674698,29.54878048780488
20160926_JN,27.772727273,23.386363636,86.418181818,27.172727273000003,80.91818181800001,22.068181818000003,27.122727273000002,78.445454545,21.527272727,26.609090909000003,76.713636364,20.918181818,26.104545455,72.127272727,20.695454545,24.786363636,66.709090909,19.990909091,25.572727273,65.072727273,20.318181818,25.045454545,75.640909091,21.468181817999998,85,2016-09-26,JN,9,0,26,Monday,False,0,0,0,0,0,0,0,0,0.0,0.0,0.0,0.0,0.0,0.0,0.0,0.0,0,False,,0.005833421052631566,0.4729658792650916,0.02188451443569553,0.014932777777777757,37.18586387434554,27.128712871287128
20160926_SU,28.9,23.6,59.1,29.7,57.6,23.0,28.9,60.6,22.3,27.9,57.9,21.4,27.2,46.3,21.9,25.3,43.4,20.2,26.8,41.1,20.6,27.8,53.3,21.9,282,2016-09-26,SU,9,0,26,Monday,False,0,0,0,0,0,0,0,0,0.0,0.0,0.0,0.0,0.0,0.0,0.0,0.0,0,False,,0.0045195402298850215,0.5961893764434179,0.015226436781609197,0.04831724137931028,47.40046029919448,28.48880597014925
20160926_US,25.6,22.2,89.9,28.0,74.1,21.3,25.0,82.8,20.4,24.2,88.6,20.1,21.3,92.1,19.1,23.6,71.8,19.9,22.6,64.1,19.9,23.0,81.9,20.5,19,2016-09-26,US,9,0,26,Monday,False,0,0,0,0,0,0,0,0,0.0,0.0,0.0,0.0,0.0,0.0,0.0,0.0,0,False,,0.006385915492957727,0.4615168539325858,0.012886297376093274,0.02442898550724635,36.22408963585434,20.642857142857142
20160927_BS,29.7,25.3,84.4,27.3,76.4,24.2,27.6,69.8,23.0,26.8,69.9,22.6,26.3,74.3,21.8,24.6,75.6,20.8,25.6,60.6,21.1,25.1,55.5,20.9,89,2016-09-27,BS,9,1,27,Tuesday,False,0,0,0,0,0,0,0,0,0.0,0.0,0.0,0.0,0.0,0.0,0.0,0.0,0,False,,0.008958041958041923,0.3879069767441875,0.013946215139442178,0.0248625498007968,44.51334702258727,27.05544147843943
20160927_CB,24.573333333,21.553333333,89.39333333299999,25.813333333000003,77.586666667,21.093333333,25.64,78.846666667,20.166666667,27.846666666999997,70.18,20.7,26.826666666999998,70.013333333,19.793333333,25.586666667,66.233333333,19.58,23.393333333,64.086666667,17.713333332999998,24.34,56.446666666999995,18.16,35,2016-09-27,CB,9,1,27,Tuesday,False,0,0,0,0,0,0,0,0,0.0,0.0,0.0,0.0,0.0,0.0,0.0,0.0,0,False,,0.0025046931407942253,0.4729241877256321,0.006310469314079403,0.01865667870036097,30.202205882352942,21.46987951807229
20160927_CN,24.85625,21.475,93.63125,27.85,84.59375,21.9875,26.15,85.2625,20.36875,27.51875,80.575,20.1375,26.58125,80.81875,19.2875,25.825,76.325,19.74375,24.075,71.29375,18.6,24.6625,64.50625,18.96875,46,2016-09-27,CN,9,1,27,Tuesday,False,0,0,0,0,0,0,0,0,0.0,0.0,0.0,0.0,0.0,0.0,0.0,0.0,0,False,,0.002036945812807884,0.453363228699552,0.012188340807174866,0.018314611872146096,40.56310679611651,25.63157894736842
20160927_DG,29.8,24.6,83.1,25.9,83.6,21.9,26.9,75.3,21.2,28.0,71.3,21.5,26.8,72.4,21.0,23.9,75.5,19.5,23.5,70.0,18.7,23.8,54.8,19.6,71,2016-09-27,DG,9,1,27,Tuesday,False,0,0,0,0,0,0,0,0,0.0,0.0,0.0,0.0,0.0,0.0,0.0,0.0,0,False,,0.0023643410852713194,0.3995967741935483,0.018967999999999964,0.01918217054263562,39.65116279069768,27.153846153846153
20160927_DJ,25.8,22.4,92.0,26.8,83.3,22.1,24.7,85.3,20.8,28.1,74.3,21.7,27.0,75.0,20.8,25.9,71.3,20.6,23.6,68.4,19.1,24.7,64.6,19.2,29,2016-09-27,DJ,9,1,27,Tuesday,False,0,0,0,0,0,0,0,0,0.0,0.0,0.0,0.0,0.0,0.0,0.0,0.0,0,False,,0.002341666666666668,0.3991666666666671,0.010633333333333307,0.019770833333333317,23.9831223628692,13.230769230769232
20160927_GB,28.145833333000002,23.254166667,88.895833333,24.683333333,87.8125,20.675,25.929166666999997,80.87083333300001,19.891666667,26.525,78.68333333300001,20.025,25.420833333,79.5375,19.166666667,22.5125,80.49583333300001,18.379166667,23.525,71.841666667,17.95,23.245833333,62.416666667,18.308333333,62,2016-09-27,GB,9,1,27,Tuesday,False,0,0,0,0,0,0,0,0,0.0,0.0,0.0,0.0,0.0,0.0,0.0,0.0,0,False,,0.003187999999999983,0.4271708683473389,0.017437799043062162,0.011317456359102229,27.737623762376238,20.701570680628272
20160927_GG,23.164285714000002,20.678571429,89.578571429,27.752380952,71.014285714,22.6,28.383333333000003,70.126190476,21.792857143000003,28.152380951999998,70.078571429,21.326190476,27.421428571,67.857142857,20.492857143,26.573809524,57.90952381,20.826190476,24.552380951999996,54.55,19.073809524,26.00952381,47.145238095,19.869047619,227,2016-09-27,GG,9,1,27,Tuesday,False,0,0,0,0,0,0,0,0,0.0,0.0,0.0,0.0,0.0,0.0,0.0,0.0,0,False,,0.0034533159268929103,0.5227801268498921,0.007342857142857129,0.0344015167364016,42.37608695652174,26.147308781869693
20160927_GJ,31.5,25.7,87.6,28.6,87.4,23.7,27.9,79.5,23.0,27.8,75.0,22.6,27.8,71.8,21.7,27.5,67.0,21.5,25.1,63.4,20.4,26.6,56.9,21.2,54,2016-09-27,GJ,9,1,27,Tuesday,False,0,0,0,0,0,0,0,0,0.0,0.0,0.0,0.0,0.0,0.0,0.0,0.0,0,False,,0.0026231155778894486,0.509326424870466,0.010673366834170831,0.01430653266331656,21.39,12.359477124183009
20160927_GN,29.095454545,24.445454545,87.55909090899999,26.381818181999996,85.527272727,22.495454545,27.495454545,77.413636364,21.554545455,27.795454545,76.859090909,21.209090909,26.913636364000002,78.104545455,20.495454545,23.818181818000003,77.295454545,19.7,24.440909090999998,68.054545455,19.140909090999997,24.772727273,57.922727273,19.818181818,68,2016-09-27,GN,9,1,27,Tuesday,False,0,0,0,0,0,0,0,0,0.0,0.0,0.0,0.0,0.0,0.0,0.0,0.0,0,False,,0.0044883636363636,0.4018115942028998,0.015673913043478212,0.019317636363636332,47.30783242258653,31.572519083969464
20160927_GW,21.438888889,19.394444444,92.15555555600001,25.261111110999998,81.122222222,19.822222222,26.4,76.888888889,19.933333333,25.944444444000002,76.255555556,19.2,24.927777778000003,76.25,18.166666667,23.95,73.95555555600001,18.194444444000002,22.922222222,72.938888889,16.755555555999997,22.922222222,64.81666666699999,17.305555555999998,33,2016-09-27,GW,9,1,27,Tuesday,False,0,0,0,0,0,0,0,0,0.0,0.0,0.0,0.0,0.0,0.0,0.0,0.0,0,False,,0.0017592233009708766,0.5135922330097095,0.015101941747572772,0.014080582524271832,37.512195121951216,28.753846153846155
20160927_IC,23.78,20.81,94.64,28.51,80.45,23.61,26.67,81.66,22.2,26.18,81.51,21.74,25.78,80.1,21.31,26.12,67.36,21.79,25.01,57.8,20.45,25.77,53.76,20.75,46,2016-09-27,IC,9,1,27,Tuesday,False,0,0,0,0,0,0,0,0,0.0,0.0,0.0,0.0,0.0,0.0,0.0,0.0,0,False,,0.004418799999999975,0.5983999999999992,0.012365999999999957,0.033954799999999966,43.967741935483865,26.83050847457627
20160927_JB,30.006666666999998,24.2,84.373333333,28.206666666999997,82.02,22.5,26.033333333,81.093333333,20.72,28.073333333,74.26,20.686666667,26.8,72.43333333300001,19.986666667,25.9,71.52,19.693333332999998,24.593333333,67.9,18.606666667,24.88,61.16,19.0,86,2016-09-27,JB,9,1,27,Tuesday,False,0,0,0,0,0,0,0,0,0.0,0.0,0.0,0.0,0.0,0.0,0.0,0.0,0,False,,0.003521164021164011,0.365873015873016,0.01674011299435026,0.011652116402116369,28.286931818181817,18.489451476793253
20160927_JJ,28.0,25.25,90.95,26.25,93.35,24.6,26.25,81.85,23.8,25.7,76.2,22.7,24.9,73.1,21.95,24.8,70.25,21.95,24.7,65.85,21.9,24.95,60.8,22.2,13,2016-09-27,JJ,9,1,27,Tuesday,False,0,0,0,0,0,0,0,0,0.0,0.0,0.0,0.0,0.0,0.0,0.0,0.0,0,False,,0.0017250000000000028,0.26043956043956057,0.013380434782608695,0.009045977011494255,32.07894736842105,18.805194805194805
20160927_JN,30.168181818,25.195454545,86.98636363600001,27.772727273,86.418181818,23.386363636,27.172727273000003,80.91818181800001,22.068181818000003,27.122727273000002,78.445454545,21.527272727,26.609090909000003,76.713636364,20.918181818,26.104545455,72.127272727,20.695454545,24.786363636,66.709090909,19.990909091,25.572727273,65.072727273,20.318181818,54,2016-09-27,JN,9,1,27,Tuesday,False,0,0,0,0,0,0,0,0,0.0,0.0,0.0,0.0,0.0,0.0,0.0,0.0,0,False,,0.006684168865435334,0.541114058355437,0.015740157480314904,0.014526446280991716,34.12698412698413,22.948717948717945
20160927_SU,23.8,21.0,82.5,28.9,59.1,23.6,29.7,57.6,23.0,28.9,60.6,22.3,27.9,57.9,21.4,27.2,46.3,21.9,25.3,43.4,20.2,26.8,41.1,20.6,253,2016-09-27,SU,9,1,27,Tuesday,False,0,0,0,0,0,0,0,0,0.0,0.0,0.0,0.0,0.0,0.0,0.0,0.0,0,False,,0.004308411214953246,0.6053738317757008,0.006559718969554976,0.04310981308411211,38.46386946386945,23.642458100558663
20160927_US,28.0,24.1,92.6,25.6,89.9,22.2,28.0,74.1,21.3,25.0,82.8,20.4,24.2,88.6,20.1,21.3,92.1,19.1,23.6,71.8,19.9,22.6,64.1,19.9,22,2016-09-27,US,9,1,27,Tuesday,False,0,0,0,0,0,0,0,0,0.0,0.0,0.0,0.0,0.0,0.0,0.0,0.0,0,False,,0.01313081395348833,0.5926136363636356,0.011808823529411731,0.029870588235294118,46.98011363636363,28.257352941176467
20160928_BS,25.1,22.9,97.5,29.7,84.4,25.3,27.3,76.4,24.2,27.6,69.8,23.0,26.8,69.9,22.6,26.3,74.3,21.8,24.6,75.6,20.8,25.6,60.6,21.1,72,2016-09-28,BS,9,2,28,Wednesday,False,0,0,0,0,0,0,0,0,0.0,0.0,0.0,0.0,0.0,0.0,0.0,0.0,0,False,,0.004958333333333309,0.3518518518518524,0.011253968253968228,0.02004761904761904,28.23265306122449,17.204545454545453
20160928_CB,26.406666667,21.6,79.6,24.573333333,89.39333333299999,21.553333333,25.813333333000003,77.586666667,21.093333333,25.64,78.846666667,20.166666667,27.846666666999997,70.18,20.7,26.826666666999998,70.013333333,19.793333333,25.586666667,66.233333333,19.58,23.393333333,64.086666667,17.713333332999998,31,2016-09-28,CB,9,2,28,Wednesday,False,0,0,0,0,0,0,0,0,0.0,0.0,0.0,0.0,0.0,0.0,0.0,0.0,0,False,,0.002275618374558305,0.3325088339222609,0.020466431095406332,0.016980212014134258,34.855633802816904,25.2851711026616
20160928_CN,25.03125,21.08125,88.8125,24.85625,93.63125,21.475,27.85,84.59375,21.9875,26.15,85.2625,20.36875,27.51875,80.575,20.1375,26.58125,80.81875,19.2875,25.825,76.325,19.74375,24.075,71.29375,18.6,43,2016-09-28,CN,9,2,28,Wednesday,False,0,0,0,0,0,0,0,0,0.0,0.0,0.0,0.0,0.0,0.0,0.0,0.0,0,False,,0.0022069892473118306,0.4138095238095235,0.0204142857142857,0.01667204301075268,34.661904761904765,18.037735849056602
20160928_DG,25.8,22.4,86.1,29.8,83.1,24.6,25.9,83.6,21.9,26.9,75.3,21.2,28.0,71.3,21.5,26.8,72.4,21.0,23.9,75.5,19.5,23.5,70.0,18.7,64,2016-09-28,DG,9,2,28,Wednesday,False,0,0,0,0,0,0,0,0,0.0,0.0,0.0,0.0,0.0,0.0,0.0,0.0,0,False,,0.002254752851711028,0.2980916030534353,0.01568821292775661,0.017205323193916308,29.2007722007722,18.78531073446328
20160928_DJ,26.0,21.8,85.0,25.8,92.0,22.4,26.8,83.3,22.1,24.7,85.3,20.8,28.1,74.3,21.7,27.0,75.0,20.8,25.9,71.3,20.6,23.6,68.4,19.1,28,2016-09-28,DJ,9,2,28,Wednesday,False,0,0,0,0,0,0,0,0,0.0,0.0,0.0,0.0,0.0,0.0,0.0,0.0,0,False,,0.003325000000000002,0.4033333333333336,0.02398326359832636,0.022533333333333305,38.81666666666667,18.133333333333333
20160928_GB,26.358333333,21.945833333000003,86.6,28.145833333000002,88.895833333,23.254166667,24.683333333,87.8125,20.675,25.929166666999997,80.87083333300001,19.891666667,26.525,78.68333333300001,20.025,25.420833333,79.5375,19.166666667,22.5125,80.49583333300001,18.379166667,23.525,71.841666667,17.95,51,2016-09-28,GB,9,2,28,Wednesday,False,0,0,0,0,0,0,0,0,0.0,0.0,0.0,0.0,0.0,0.0,0.0,0.0,0,False,,0.003312918660287071,0.4568047337278115,0.02058851674641147,0.01093299492385784,29.9384236453202,20.27624309392265
20160928_GG,22.811904761999998,20.078571429,88.55,23.164285714000002,89.578571429,20.678571429,27.752380952,71.014285714,22.6,28.383333333000003,70.126190476,21.792857143000003,28.152380951999998,70.078571429,21.326190476,27.421428571,67.857142857,20.492857143,26.573809524,57.90952381,20.826190476,24.552380951999996,54.55,19.073809524,172,2016-09-28,GG,9,2,28,Wednesday,False,0,0,0,0,0,0,0,0,0.0,0.0,0.0,0.0,0.0,0.0,0.0,0.0,0,False,,0.0030850364963503104,0.4922304439746272,0.009671180931744298,0.030382193211488225,37.70265870862724,21.91725105189341
20160928_GJ,24.2,21.9,97.3,31.5,87.6,25.7,28.6,87.4,23.7,27.9,79.5,23.0,27.8,75.0,22.6,27.8,71.8,21.7,27.5,67.0,21.5,25.1,63.4,20.4,40,2016-09-28,GJ,9,2,28,Wednesday,False,0,0,0,0,0,0,0,0,0.0,0.0,0.0,0.0,0.0,0.0,0.0,0.0,0,False,,0.0023897435897435922,0.5567251461988306,0.010887179487179459,0.019374358974358952,34.68341708542714,25.079470198675494
20160928_GN,24.640909090999997,22.25,94.381818182,29.095454545,87.55909090899999,24.445454545,26.381818181999996,85.527272727,22.495454545,27.495454545,77.413636364,21.554545455,27.795454545,76.859090909,21.209090909,26.913636364000002,78.104545455,20.495454545,23.818181818000003,77.295454545,19.7,24.440909090999998,68.054545455,19.140909090999997,73,2016-09-28,GN,9,2,28,Wednesday,False,0,0,0,0,0,0,0,0,0.0,0.0,0.0,0.0,0.0,0.0,0.0,0.0,0,False,,0.003189318600368309,0.35801104972375897,0.012419889502762392,0.016530386740331457,31.904315196998123,20.138339920948614
20160928_GW,23.722222222,19.522222222,83.555555556,21.438888889,92.15555555600001,19.394444444,25.261111110999998,81.122222222,19.822222222,26.4,76.888888889,19.933333333,25.944444444000002,76.255555556,19.2,24.927777778000003,76.25,18.166666667,23.95,73.95555555600001,18.194444444000002,22.922222222,72.938888889,16.755555555999997,29,2016-09-28,GW,9,2,28,Wednesday,False,0,0,0,0,0,0,0,0,0.0,0.0,0.0,0.0,0.0,0.0,0.0,0.0,0,False,,0.001860194174757284,0.39854368932038814,0.024213592233009677,0.008988349514563095,27.135922330097088,16.704545454545453
20160928_IC,21.5,19.6,96.66,23.78,94.64,20.81,28.51,80.45,23.61,26.67,81.66,22.2,26.18,81.51,21.74,25.78,80.1,21.31,26.12,67.36,21.79,25.01,57.8,20.45,50,2016-09-28,IC,9,2,28,Wednesday,False,0,0,0,0,0,0,0,0,0.0,0.0,0.0,0.0,0.0,0.0,0.0,0.0,0,False,,0.004277272727272712,0.5487603305785123,0.013541322314049543,0.022246265560165956,37.12240663900415,19.4
20160928_JB,24.326666666999998,21.253333333,88.16,30.006666666999998,84.373333333,24.2,28.206666666999997,82.02,22.5,26.033333333,81.093333333,20.72,28.073333333,74.26,20.686666667,26.8,72.43333333300001,19.986666667,25.9,71.52,19.693333332999998,24.593333333,67.9,18.606666667,58,2016-09-28,JB,9,2,28,Wednesday,False,0,0,0,0,0,0,0,0,0.0,0.0,0.0,0.0,0.0,0.0,0.0,0.0,0,False,,0.0037807291666666475,0.3971354166666679,0.026136111111111103,0.014542968749999975,41.90502793296089,28.28813559322034
20160928_JJ,24.8,23.4,96.6,28.0,90.95,25.25,26.25,93.35,24.6,26.25,81.85,23.8,25.7,76.2,22.7,24.9,73.1,21.95,24.8,70.25,21.95,24.7,65.85,21.9,14,2016-09-28,JJ,9,2,28,Wednesday,False,0,0,0,0,0,0,0,0,0.0,0.0,0.0,0.0,0.0,0.0,0.0,0.0,0,False,,0.0015078947368421052,0.25714285714285695,0.012094117647058832,0.009241558441558448,24.164383561643834,14.597014925373134
20160928_JN,24.045454545,21.959090909,94.586363636,30.168181818,86.98636363600001,25.195454545,27.772727273,86.418181818,23.386363636,27.172727273000003,80.91818181800001,22.068181818000003,27.122727273000002,78.445454545,21.527272727,26.609090909000003,76.713636364,20.918181818,26.104545455,72.127272727,20.695454545,24.786363636,66.709090909,19.990909091,54,2016-09-28,JN,9,2,28,Wednesday,False,0,0,0,0,0,0,0,0,0.0,0.0,0.0,0.0,0.0,0.0,0.0,0.0,0,False,,0.004549863013698622,0.38923884514435664,0.012558823529411735,0.013421522309711251,25.78306878306878,17.05701754385965
20160928_SU,21.8,19.9,84.6,23.8,82.5,21.0,28.9,59.1,23.6,29.7,57.6,23.0,28.9,60.6,22.3,27.9,57.9,21.4,27.2,46.3,21.9,25.3,43.4,20.2,234,2016-09-28,SU,9,2,28,Wednesday,False,0,0,0,0,0,0,0,0,0.0,0.0,0.0,0.0,0.0,0.0,0.0,0.0,0,False,,0.004068075117370875,0.5594817432273261,0.008740610328638437,0.03484741784037558,36.18009478672986,20.952205882352946
20160928_US,25.2,22.3,96.9,28.0,92.6,24.1,25.6,89.9,22.2,28.0,74.1,21.3,25.0,82.8,20.4,24.2,88.6,20.1,21.3,92.1,19.1,23.6,71.8,19.9,15,2016-09-28,US,9,2,28,Wednesday,False,0,0,0,0,0,0,0,0,0.0,0.0,0.0,0.0,0.0,0.0,0.0,0.0,0,False,,0.005474860335195514,0.517039106145252,0.012380116959064286,0.020868715083798853,32.332361516034986,20.467625899280574
20160929_BS,20.9,18.9,86.5,25.1,97.5,22.9,29.7,84.4,25.3,27.3,76.4,24.2,27.6,69.8,23.0,26.8,69.9,22.6,26.3,74.3,21.8,24.6,75.6,20.8,73,2016-09-29,BS,9,3,29,Thursday,False,0,0,0,0,0,0,0,0,0.0,0.0,0.0,0.0,0.0,0.0,0.0,0.0,0,False,,0.003828915662650585,0.3166265060240956,0.025069815195071826,0.014020533880903466,24.443965517241377,11.413865546218489
20160929_CB,21.16,19.226666667,72.28666666699999,26.406666667,79.6,21.6,24.573333333,89.39333333299999,21.553333333,25.813333333000003,77.586666667,21.093333333,25.64,78.846666667,20.166666667,27.846666666999997,70.18,20.7,26.826666666999998,70.013333333,19.793333333,25.586666667,66.233333333,19.58,30,2016-09-29,CB,9,3,29,Thursday,False,0,0,0,0,0,0,0,0,0.0,0.0,0.0,0.0,0.0,0.0,0.0,0.0,0,False,,0.0021913194444444463,0.29444444444444456,0.016722222222222208,0.012893055555555527,19.225352112676056,10.745247148288973
20160929_CN,23.3875,20.06875,85.5625,25.03125,88.8125,21.08125,24.85625,93.63125,21.475,27.85,84.59375,21.9875,26.15,85.2625,20.36875,27.51875,80.575,20.1375,26.58125,80.81875,19.2875,25.825,76.325,19.74375,46,2016-09-29,CN,9,3,29,Thursday,False,0,0,0,0,0,0,0,0,0.0,0.0,0.0,0.0,0.0,0.0,0.0,0.0,0,False,,0.0017422885572139306,0.37365591397849457,0.014949074074074047,0.01466718749999998,31.08333333333333,13.25
20160929_DG,20.6,18.6,77.3,25.8,86.1,22.4,29.8,83.1,24.6,25.9,83.6,21.9,26.9,75.3,21.2,28.0,71.3,21.5,26.8,72.4,21.0,23.9,75.5,19.5,54,2016-09-29,DG,9,3,29,Thursday,False,0,0,0,0,0,0,0,0,0.0,0.0,0.0,0.0,0.0,0.0,0.0,0.0,0,False,,0.001866666666666668,0.22185185185185216,0.022844444444444417,0.010166666666666643,19.206766917293233,8.128654970760234
20160929_DJ,22.0,20.1,79.8,26.0,85.0,21.8,25.8,92.0,22.4,26.8,83.3,22.1,24.7,85.3,20.8,28.1,74.3,21.7,27.0,75.0,20.8,25.9,71.3,20.6,40,2016-09-29,DJ,9,3,29,Thursday,False,0,0,0,0,0,0,0,0,0.0,0.0,0.0,0.0,0.0,0.0,0.0,0.0,0,False,,0.001979166666666668,0.3491666666666658,0.019129166666666628,0.014362499999999973,23.50423728813559,8.830508474576273
20160929_GB,20.054166667,17.816666667,80.37083333300001,26.358333333,86.6,21.945833333000003,28.145833333000002,88.895833333,23.254166667,24.683333333,87.8125,20.675,25.929166666999997,80.87083333300001,19.891666667,26.525,78.68333333300001,20.025,25.420833333,79.5375,19.166666667,22.5125,80.49583333300001,18.379166667,72,2016-09-29,GB,9,3,29,Thursday,False,0,0,0,0,0,0,0,0,0.0,0.0,0.0,0.0,0.0,0.0,0.0,0.0,0,False,,0.0034814634146341354,0.4328402366863909,0.023490291262135886,0.008683804627249336,21.324455205811137,8.628048780487807
20160929_GG,23.980952380999998,19.980952380999998,70.747619048,22.811904761999998,88.55,20.078571429,23.164285714000002,89.578571429,20.678571429,27.752380952,71.014285714,22.6,28.383333333000003,70.126190476,21.792857143000003,28.152380951999998,70.078571429,21.326190476,27.421428571,67.857142857,20.492857143,26.573809524,57.90952381,20.826190476,190,2016-09-29,GG,9,3,29,Thursday,False,0,0,0,0,0,0,0,0,0.0,0.0,0.0,0.0,0.0,0.0,0.0,0.0,0,False,,0.002908868022952475,0.3947674418604582,0.013851651326475338,0.01752731554160125,20.17754424778761,8.710334788937411
20160929_GJ,23.9,21.2,93.8,24.2,97.3,21.9,31.5,87.6,25.7,28.6,87.4,23.7,27.9,79.5,23.0,27.8,75.0,22.6,27.8,71.8,21.7,27.5,67.0,21.5,41,2016-09-29,GJ,9,3,29,Thursday,False,0,0,0,0,0,0,0,0,0.0,0.0,0.0,0.0,0.0,0.0,0.0,0.0,0,False,,0.0024673366834170873,0.5519999999999993,0.012296482412060276,0.01609547738693464,32.870646766169145,21.836601307189547
20160929_GN,20.972727273,18.881818182,87.786363636,24.640909090999997,94.381818182,22.25,29.095454545,87.55909090899999,24.445454545,26.381818181999996,85.527272727,22.495454545,27.495454545,77.413636364,21.554545455,27.795454545,76.859090909,21.209090909,26.913636364000002,78.104545455,20.495454545,23.818181818000003,77.295454545,19.7,58,2016-09-29,GN,9,3,29,Thursday,False,0,0,0,0,0,0,0,0,0.0,0.0,0.0,0.0,0.0,0.0,0.0,0.0,0,False,,0.002545185185185185,0.3354898336414067,0.022693160813308657,0.011731053604436196,22.027829313543602,10.747081712062256
20160929_GW,20.377777778,17.222222222,73.28888888899999,23.722222222,83.555555556,19.522222222,21.438888889,92.15555555600001,19.394444444,25.261111110999998,81.122222222,19.822222222,26.4,76.888888889,19.933333333,25.944444444000002,76.255555556,19.2,24.927777778000003,76.25,18.166666667,23.95,73.95555555600001,18.194444444000002,34,2016-09-29,GW,9,3,29,Thursday,False,0,0,0,0,0,0,0,0,0.0,0.0,0.0,0.0,0.0,0.0,0.0,0.0,0,False,,0.0020046296296296322,0.29722222222222155,0.02382407407407404,0.008347685185185173,17.99537037037037,6.880597014925373
20160929_IC,24.94,20.25,83.25,21.5,96.66,19.6,23.78,94.64,20.81,28.51,80.45,23.61,26.67,81.66,22.2,26.18,81.51,21.74,25.78,80.1,21.31,26.12,67.36,21.79,55,2016-09-29,IC,9,3,29,Thursday,False,0,0,0,0,0,0,0,0,0.0,0.0,0.0,0.0,0.0,0.0,0.0,0.0,0,False,,0.00384134419551933,0.4808000000000008,0.01189999999999996,0.01859719999999997,24.963414634146343,8.940828402366863
20160929_JB,23.66,20.64,85.273333333,24.326666666999998,88.16,21.253333333,30.006666666999998,84.373333333,24.2,28.206666666999997,82.02,22.5,26.033333333,81.093333333,20.72,28.073333333,74.26,20.686666667,26.8,72.43333333300001,19.986666667,25.9,71.52,19.693333332999998,92,2016-09-29,JB,9,3,29,Thursday,False,0,0,0,0,0,0,0,0,0.0,0.0,0.0,0.0,0.0,0.0,0.0,0.0,0,False,,0.003607297297297287,0.4562500000000016,0.01647499999999997,0.01216718749999997,44.14804469273743,31.346320346320354
20160929_JJ,23.05,21.65,96.15,24.8,96.6,23.4,28.0,90.95,25.25,26.25,93.35,24.6,26.25,81.85,23.8,25.7,76.2,22.7,24.9,73.1,21.95,24.8,70.25,21.95,23,2016-09-29,JJ,9,3,29,Thursday,False,0,0,0,0,0,0,0,0,0.0,0.0,0.0,0.0,0.0,0.0,0.0,0.0,0,False,,0.0011204545454545458,0.31170212765957456,0.02625263157894736,0.004940476190476193,20.756410256410252,9.858823529411763
20160929_JN,22.531818182,20.495454545,90.868181818,24.045454545,94.586363636,21.959090909,30.168181818,86.98636363600001,25.195454545,27.772727273,86.418181818,23.386363636,27.172727273000003,80.91818181800001,22.068181818000003,27.122727273000002,78.445454545,21.527272727,26.609090909000003,76.713636364,20.918181818,26.104545455,72.127272727,20.695454545,66,2016-09-29,JN,9,3,29,Thursday,False,0,0,0,0,0,0,0,0,0.0,0.0,0.0,0.0,0.0,0.0,0.0,0.0,0,False,,0.003732240437158464,0.378590785907859,0.017172701949860685,0.010763143631436295,19.361930294906166,11.0
20160929_SU,24.8,20.4,64.4,21.8,84.6,19.9,23.8,82.5,21.0,28.9,59.1,23.6,29.7,57.6,23.0,28.9,60.6,22.3,27.9,57.9,21.4,27.2,46.3,21.9,216,2016-09-29,SU,9,3,29,Thursday,False,0,0,0,0,0,0,0,0,0.0,0.0,0.0,0.0,0.0,0.0,0.0,0.0,0,False,,0.003915995397008039,0.4478662053056531,0.012719217491369344,0.023343896713615,17.766398158803227,6.4926199261992625
20160929_US,20.3,18.4,87.8,25.2,96.9,22.3,28.0,92.6,24.1,25.6,89.9,22.2,28.0,74.1,21.3,25.0,82.8,20.4,24.2,88.6,20.1,21.3,92.1,19.1,7,2016-09-29,US,9,3,29,Thursday,False,0,0,0,0,0,0,0,0,0.0,0.0,0.0,0.0,0.0,0.0,0.0,0.0,0,False,,0.006031700288184401,0.331123919308357,0.022729106628242055,0.01480403458213254,24.135294117647057,9.928571428571429
20160930_BS,19.1,18.2,91.4,20.9,86.5,18.9,25.1,97.5,22.9,29.7,84.4,25.3,27.3,76.4,24.2,27.6,69.8,23.0,26.8,69.9,22.6,26.3,74.3,21.8,70,2016-09-30,BS,9,4,30,Friday,False,0,0,0,0,0,0,0,0,0.0,0.0,0.0,0.0,0.0,0.0,0.0,0.0,0,False,,0.00421739130434781,0.3340579710144933,0.017055670103092755,0.02102680412371129,25.30542986425339,12.900826446280991
20160930_CB,19.5,17.386666667,83.793333333,21.16,72.28666666699999,19.226666667,26.406666667,79.6,21.6,24.573333333,89.39333333299999,21.553333333,25.813333333000003,77.586666667,21.093333333,25.64,78.846666667,20.166666667,27.846666666999997,70.18,20.7,26.826666666999998,70.013333333,19.793333333,34,2016-09-30,CB,9,4,30,Friday,False,0,0,0,0,0,0,0,0,0.0,0.0,0.0,0.0,0.0,0.0,0.0,0.0,0,False,,0.002320350877192985,0.3312280701754385,0.008940350877192957,0.015784154929577427,20.444444444444443,8.155893536121672
20160930_CN,20.10625,17.9875,93.275,23.3875,85.5625,20.06875,25.03125,88.8125,21.08125,24.85625,93.63125,21.475,27.85,84.59375,21.9875,26.15,85.2625,20.36875,27.51875,80.575,20.1375,26.58125,80.81875,19.2875,42,2016-09-30,CN,9,4,30,Friday,False,0,0,0,0,0,0,0,0,0.0,0.0,0.0,0.0,0.0,0.0,0.0,0.0,0,False,,0.001870212765957448,0.30106951871657694,0.014519148936170187,0.015494312796208526,33.791489361702126,14.680555555555555
20160930_DG,18.4,17.1,91.4,20.6,77.3,18.6,25.8,86.1,22.4,29.8,83.1,24.6,25.9,83.6,21.9,26.9,75.3,21.2,28.0,71.3,21.5,26.8,72.4,21.0,54,2016-09-30,DG,9,4,30,Friday,False,0,0,0,0,0,0,0,0,0.0,0.0,0.0,0.0,0.0,0.0,0.0,0.0,0,False,,0.0022226148409894013,0.31378091872791497,0.006420494699646612,0.01956890459363955,23.0531914893617,12.8
20160930_DJ,18.5,17.6,90.9,22.0,79.8,20.1,26.0,85.0,21.8,25.8,92.0,22.4,26.8,83.3,22.1,24.7,85.3,20.8,28.1,74.3,21.7,27.0,75.0,20.8,37,2016-09-30,DJ,9,4,30,Friday,False,0,0,0,0,0,0,0,0,0.0,0.0,0.0,0.0,0.0,0.0,0.0,0.0,0,False,,0.0020958333333333345,0.39625,0.009349999999999976,0.0173083333333333,21.14583333333333,6.825
20160930_GB,18.0625,16.541666667,91.395833333,20.054166667,80.37083333300001,17.816666667,26.358333333,86.6,21.945833333000003,28.145833333000002,88.895833333,23.254166667,24.683333333,87.8125,20.675,25.929166666999997,80.87083333300001,19.891666667,26.525,78.68333333300001,20.025,25.420833333,79.5375,19.166666667,61,2016-09-30,GB,9,4,30,Friday,False,0,0,0,0,0,0,0,0,0.0,0.0,0.0,0.0,0.0,0.0,0.0,0.0,0,False,,0.0032002392344497505,0.4088082901554407,0.010914572864321577,0.01221108312342566,21.352644836272038,10.491978609625669
20160930_GG,23.280952381,19.792857143,75.907142857,23.980952380999998,70.747619048,19.980952380999998,22.811904761999998,88.55,20.078571429,23.164285714000002,89.578571429,20.678571429,27.752380952,71.014285714,22.6,28.383333333000003,70.126190476,21.792857143000003,28.152380951999998,70.078571429,21.326190476,27.421428571,67.857142857,20.492857143,182,2016-09-30,GG,9,4,30,Friday,False,0,0,0,0,0,0,0,0,0.0,0.0,0.0,0.0,0.0,0.0,0.0,0.0,0,False,,0.00353163371488027,0.4264488935721737,0.013783243243243204,0.024968753260302637,31.922570016474467,15.461979913916789
20160930_GJ,19.8,18.5,98.1,23.9,93.8,21.2,24.2,97.3,21.9,31.5,87.6,25.7,28.6,87.4,23.7,27.9,79.5,23.0,27.8,75.0,22.6,27.8,71.8,21.7,34,2016-09-30,GJ,9,4,30,Friday,False,0,0,0,0,0,0,0,0,0.0,0.0,0.0,0.0,0.0,0.0,0.0,0.0,0,False,,0.0022128712871287144,0.39157303370786495,0.011257425742574236,0.016485148514851458,14.193069306930695,7.246753246753247
20160930_GN,18.754545455,17.522727273,92.913636364,20.972727273,87.786363636,18.881818182,24.640909090999997,94.381818182,22.25,29.095454545,87.55909090899999,24.445454545,26.381818181999996,85.527272727,22.495454545,27.495454545,77.413636364,21.554545455,27.795454545,76.859090909,21.209090909,26.913636364000002,78.104545455,20.495454545,63,2016-09-30,GN,9,4,30,Friday,False,0,0,0,0,0,0,0,0,0.0,0.0,0.0,0.0,0.0,0.0,0.0,0.0,0,False,,0.00260872727272727,0.32400000000000073,0.015041894353369712,0.014740545454545425,21.474545454545453,10.813229571984436
20160930_GW,22.444444444000002,17.961111110999997,81.622222222,20.377777778,73.28888888899999,17.222222222,23.722222222,83.555555556,19.522222222,21.438888889,92.15555555600001,19.394444444,25.261111110999998,81.122222222,19.822222222,26.4,76.888888889,19.933333333,25.944444444000002,76.255555556,19.2,24.927777778000003,76.25,18.166666667,46,2016-09-30,GW,9,4,30,Friday,False,0,0,0,0,0,0,0,0,0.0,0.0,0.0,0.0,0.0,0.0,0.0,0.0,0,False,,0.002147222222222225,0.37638888888888905,0.016574074074074043,0.012231481481481472,26.421296296296298,13.44927536231884
20160930_IC,23.14,20.42,87.06,24.94,83.25,20.25,21.5,96.66,19.6,23.78,94.64,20.81,28.51,80.45,23.61,26.67,81.66,22.2,26.18,81.51,21.74,25.78,80.1,21.31,42,2016-09-30,IC,9,4,30,Friday,False,0,0,0,0,0,0,0,0,0.0,0.0,0.0,0.0,0.0,0.0,0.0,0.0,0,False,,0.005173206751054832,0.4851405622489959,0.015575452716297759,0.026479275653923526,33.5,15.471232876712326
20160930_JB,19.473333333,17.64,93.65333333299999,23.66,85.273333333,20.64,24.326666666999998,88.16,21.253333333,30.006666666999998,84.373333333,24.2,28.206666666999997,82.02,22.5,26.033333333,81.093333333,20.72,28.073333333,74.26,20.686666667,26.8,72.43333333300001,19.986666667,74,2016-09-30,JB,9,4,30,Friday,False,0,0,0,0,0,0,0,0,0.0,0.0,0.0,0.0,0.0,0.0,0.0,0.0,0,False,,0.0033882191780821858,0.3736979166666665,0.012761904761904728,0.015051562499999963,24.42857142857143,14.188284518828453
20160930_JJ,23.5,21.6,93.95,23.05,96.15,21.65,24.8,96.6,23.4,28.0,90.95,25.25,26.25,93.35,24.6,26.25,81.85,23.8,25.7,76.2,22.7,24.9,73.1,21.95,15,2016-09-30,JJ,9,4,30,Friday,False,0,0,0,0,0,0,0,0,0.0,0.0,0.0,0.0,0.0,0.0,0.0,0.0,0,False,,0.001141666666666667,0.2631578947368419,0.02642708333333331,0.005609375000000004,18.73015873015873,8.069767441860465
20160930_JN,19.568181818,18.231818182,94.604545455,22.531818182,90.868181818,20.495454545,24.045454545,94.586363636,21.959090909,30.168181818,86.98636363600001,25.195454545,27.772727273,86.418181818,23.386363636,27.172727273000003,80.91818181800001,22.068181818000003,27.122727273000002,78.445454545,21.527272727,26.609090909000003,76.713636364,20.918181818,55,2016-09-30,JN,9,4,30,Friday,False,0,0,0,0,0,0,0,0,0.0,0.0,0.0,0.0,0.0,0.0,0.0,0.0,0,False,,0.0035288571428571404,0.34985835694050965,0.018907185628742485,0.011967138810198268,15.397333333333336,7.685446009389671
20160930_SU,23.5,20.5,66.9,24.8,64.4,20.4,21.8,84.6,19.9,23.8,82.5,21.0,28.9,59.1,23.6,29.7,57.6,23.0,28.9,60.6,22.3,27.9,57.9,21.4,217,2016-09-30,SU,9,4,30,Friday,False,0,0,0,0,0,0,0,0,0.0,0.0,0.0,0.0,0.0,0.0,0.0,0.0,0,False,,0.004388954171562832,0.4957597173144876,0.010669800235017582,0.035621621621621545,31.240893066980025,13.561111111111114
20160930_US,19.0,17.4,97.4,20.3,87.8,18.4,25.2,96.9,22.3,28.0,92.6,24.1,25.6,89.9,22.2,28.0,74.1,21.3,25.0,82.8,20.4,24.2,88.6,20.1,10,2016-09-30,US,9,4,30,Friday,False,0,0,0,0,0,0,0,0,0.0,0.0,0.0,0.0,0.0,0.0,0.0,0.0,0,False,,0.0037270114942528697,0.3548850574712648,0.011626436781609174,0.020324712643678144,22.104477611940297,8.846153846153848
