,index,kma_jid,t_max,t_diff,t_avg,hu,pd_in,HW,date,place
16,16,20160102_BS,12.2,7.6,8.1,62.9,17,0,20160102,BS
17,17,20160102_CB,11.26,10.66,4.82,71.746666667,16,0,20160102,CB
18,18,20160102_CN,11.925,10.15,6.2125,83.80625,11,0,20160102,CN
19,19,20160102_DG,9.9,12.6,3.0,74.8,22,0,20160102,DG
20,20,20160102_DJ,12.3,10.3,6.6,76.5,6,0,20160102,DJ
21,21,20160102_GB,11.425,12.45,3.9666666667,67.1,27,0,20160102,GB
22,22,20160102_GG,9.9285714286,8.8714285714,5.4738095238,80.63571428600001,51,0,20160102,GG
23,23,20160102_GJ,12.7,11.4,6.5,78.6,15,0,20160102,GJ
24,24,20160102_GN,11.068181818,11.718181818,4.1227272727,72.16818181800001,19,0,20160102,GN
25,25,20160102_GW,9.6388888889,7.65,5.6166666667,66.766666667,9,0,20160102,GW
26,26,20160102_IC,11.04,7.09,7.35,91.63,10,0,20160102,IC
27,27,20160102_JB,12.246666667000001,12.12,5.7066666667,78.353333333,31,0,20160102,JB
28,28,20160102_JJ,15.75,7.25,12.25,64.3,7,0,20160102,JJ
29,29,20160102_JN,12.172727273,11.709090909,5.7272727273,80.104545455,22,0,20160102,JN
30,30,20160102_SU,9.5,8.5,5.7,76.9,45,0,20160102,SU
31,31,20160102_US,14.2,13.9,5.6,61.0,6,0,20160102,US
32,32,20160103_BS,16.6,8.7,11.4,68.3,0,0,20160103,BS
33,33,20160103_CB,12.006666667000001,11.926666667000001,5.2933333333,80.06,2,0,20160103,CB
34,34,20160103_CN,12.11875,10.625,6.125,90.05625,0,0,20160103,CN
35,35,20160103_DG,13.9,16.2,4.9,77.0,4,0,20160103,DG
36,36,20160103_DJ,14.1,13.1,6.9,83.5,1,0,20160103,DJ
37,37,20160103_GB,13.7125,14.633333333,5.2208333333,71.80833333300001,3,0,20160103,GB
38,38,20160103_GG,9.740476190499999,6.9333333333,5.5761904762,88.0,4,0,20160103,GG
39,39,20160103_GJ,13.7,10.0,7.3,78.9,0,0,20160103,GJ
40,40,20160103_GN,14.563636364,14.05,6.1954545455,77.677272727,1,0,20160103,GN
41,41,20160103_GW,10.372222222000001,9.2722222222,5.15,79.338888889,0,0,20160103,GW
42,42,20160103_IC,7.91,3.45,5.78,96.73,0,0,20160103,IC
43,43,20160103_JB,14.06,11.846666667000001,6.48,82.113333333,3,0,20160103,JB
44,44,20160103_JJ,16.45,6.7,12.7,66.9,1,0,20160103,JJ
45,45,20160103_JN,14.127272727000001,11.181818182,7.1227272727,80.481818182,2,0,20160103,JN
46,46,20160103_SU,9.4,4.3,6.5,80.6,9,0,20160103,SU
47,47,20160103_US,15.6,14.9,7.0,76.4,1,0,20160103,US
48,48,20160104_BS,15.2,7.6,10.4,46.3,105,0,20160104,BS
49,49,20160104_CB,7.8533333333,8.98,4.28,54.606666667,57,0,20160104,CB
50,50,20160104_CN,8.15,10.0125,3.9375,69.43125,90,0,20160104,CN
51,51,20160104_DG,11.4,10.3,5.8,58.1,82,0,20160104,DG
52,52,20160104_DJ,9.6,10.1,5.1,62.5,49,0,20160104,DJ
53,53,20160104_GB,10.8875,10.4,5.6375,51.854166667,108,0,20160104,GB
54,54,20160104_GG,6.380952381,8.2261904762,2.8285714286,55.716666667,288,0,20160104,GG
55,55,20160104_GJ,11.4,9.1,6.4,66.5,49,0,20160104,GJ
56,56,20160104_GN,13.809090909000002,11.563636364,6.990909090900002,56.772727273,104,0,20160104,GN
57,57,20160104_GW,8.394444444400001,8.538888888899999,4.45,46.372222222,46,0,20160104,GW
58,58,20160104_IC,5.16,7.21,2.12,70.64,56,0,20160104,IC
59,59,20160104_JB,9.7133333333,10.36,4.86,70.07333333300001,120,0,20160104,JB
60,60,20160104_JJ,14.5,4.9,11.95,65.3,24,0,20160104,JJ
61,61,20160104_JN,11.763636364000002,9.963636363600001,6.6863636363999985,66.26363636399999,81,0,20160104,JN
62,62,20160104_SU,5.3,7.8,2.0,54.4,260,0,20160104,SU
63,63,20160104_US,13.9,10.9,7.7,52.8,23,0,20160104,US
64,64,20160105_BS,8.1,4.9,5.3,40.9,112,0,20160105,BS
65,65,20160105_CB,2.8133333333,6.76,-1.073333333,39.073333333,42,0,20160105,CB
66,66,20160105_CN,2.65625,6.925,-0.7875,53.35625,69,0,20160105,CN
67,67,20160105_DG,5.9,5.0,2.9,29.4,77,0,20160105,DG
68,68,20160105_DJ,3.7,7.1,-0.6,45.4,34,0,20160105,DJ
69,69,20160105_GB,5.2416666667000005,6.895833333300001,1.1083333333,34.2125,63,0,20160105,GB
70,70,20160105_GG,1.9071428571,6.3928571429,-1.976190476,40.883333333,229,0,20160105,GG
71,71,20160105_GJ,5.8,6.5,2.4,40.3,43,0,20160105,GJ
72,72,20160105_GN,6.6136363636,6.8636363636,2.4727272727000003,52.659090909,63,0,20160105,GN
73,73,20160105_GW,3.9,8.3222222222,-0.705555556,34.344444444000004,37,0,20160105,GW
74,74,20160105_IC,0.24,4.12,-2.01,45.68,50,0,20160105,IC
75,75,20160105_JB,3.8333333333,6.8266666667,-2.36848e-16,55.133333333,106,0,20160105,JB
76,76,20160105_JJ,11.45,4.8,8.55,71.95,15,0,20160105,JJ
77,77,20160105_JN,5.5363636364,5.881818181799999,2.5545454545,53.690909091,52,0,20160105,JN
78,78,20160105_SU,1.5,6.3,-2.7,39.4,236,0,20160105,SU
79,79,20160105_US,7.8,7.1,3.9,31.9,11,0,20160105,US
80,80,20160106_BS,9.9,8.1,4.8,34.5,69,0,20160106,BS
81,81,20160106_CB,3.4333333333,9.94,-0.986666667,55.36,33,0,20160106,CB
82,82,20160106_CN,4.41875,10.16875,0.025,70.13125,49,0,20160106,CN
83,83,20160106_DG,5.8,6.6,2.2,47.5,65,0,20160106,DG
84,84,20160106_DJ,5.4,11.0,-0.1,62.9,38,0,20160106,DJ
85,85,20160106_GB,5.5583333333,9.6375,0.7583333333,46.254166667,56,0,20160106,GB
86,86,20160106_GG,2.7404761905,8.2,-1.488095238,58.804761905,197,0,20160106,GG
87,87,20160106_GJ,7.5,8.5,3.3,54.1,34,0,20160106,GJ
88,88,20160106_GN,7.672727272699999,9.5090909091,2.7318181818,44.686363636,51,0,20160106,GN
89,89,20160106_GW,4.0444444444,11.055555556,-1.711111111,52.744444443999996,39,0,20160106,GW
90,90,20160106_IC,2.46,5.25,-0.45,63.87,40,0,20160106,IC
91,91,20160106_JB,5.3066666667,10.26,0.4866666667,63.766666666999996,72,0,20160106,JB
92,92,20160106_JJ,10.6,4.3,8.25,68.5,12,0,20160106,JJ
93,93,20160106_JN,7.4363636363999985,8.8727272727,3.2545454545,55.981818182,43,0,20160106,JN
94,94,20160106_SU,1.7,6.6,-1.7,54.3,198,0,20160106,SU
95,95,20160106_US,8.7,8.5,3.9,34.1,12,0,20160106,US
96,96,20160107_BS,8.5,7.4,3.9,47.3,88,0,20160107,BS
97,97,20160107_CB,2.6666666667,7.126666666699999,-1.466666667,52.146666667,30,0,20160107,CB
98,98,20160107_CN,3.175,5.0625,0.19375,62.98125,53,0,20160107,CN
99,99,20160107_DG,5.3,6.0,1.7,50.4,61,0,20160107,DG
100,100,20160107_DJ,4.1,6.7,0.1,59.4,26,0,20160107,DJ
101,101,20160107_GB,4.7708333333,7.6333333333,0.5375,44.895833333,49,0,20160107,GB
102,102,20160107_GG,2.180952381,8.2714285714,-2.685714286,53.9,173,0,20160107,GG
103,103,20160107_GJ,5.2,4.0,2.7,63.4,38,0,20160107,GJ
104,104,20160107_GN,7.1909090909,8.3136363636,2.3363636364,50.227272727,65,0,20160107,GN
105,105,20160107_GW,2.8388888889,9.3055555556,-2.111111111,47.55,30,0,20160107,GW
106,106,20160107_IC,1.3,5.43,-2.24,60.68,52,0,20160107,IC
107,107,20160107_JB,3.6466666667,4.32,0.8066666667,63.606666667,93,0,20160107,JB
108,108,20160107_JJ,8.5,2.9,6.7,55.6,18,0,20160107,JJ
109,109,20160107_JN,5.654545454500001,4.55,2.9409090908999995,63.454545455,52,0,20160107,JN
110,110,20160107_SU,1.4,7.3,-3.4,51.8,214,0,20160107,SU
111,111,20160107_US,7.2,6.6,3.3,38.6,10,0,20160107,US
112,112,20160108_BS,6.9,7.4,2.5,44.1,91,0,20160108,BS
113,113,20160108_CB,2.2466666667,8.1733333333,-2.1,51.993333333,27,0,20160108,CB
114,114,20160108_CN,3.05625,6.91875,-0.65,70.68125,57,0,20160108,CN
115,115,20160108_DG,4.5,6.3,0.8,49.4,61,0,20160108,DG
116,116,20160108_DJ,3.4,7.6,-1.0,62.0,44,0,20160108,DJ
117,117,20160108_GB,4.4,8.275,-0.445833333,43.733333333000004,51,0,20160108,GB
118,118,20160108_GG,1.9785714286,9.688095238099999,-2.80952381,54.321428571000006,162,0,20160108,GG
119,119,20160108_GJ,4.8,5.0,1.2,81.0,27,0,20160108,GJ
120,120,20160108_GN,6.3772727273,8.845454545499999,1.2590909091,48.863636363999994,74,0,20160108,GN
121,121,20160108_GW,1.9722222222,9.65,-3.322222222,44.444444444,33,0,20160108,GW
122,122,20160108_IC,1.8,7.3,-2.09,63.4,49,0,20160108,IC
123,123,20160108_JB,3.3066666667,5.8,0.006666666700000001,71.46,67,0,20160108,JB
124,124,20160108_JJ,7.75,4.1,5.65,57.0,13,0,20160108,JJ
125,125,20160108_JN,5.15,5.4954545455,1.8545454545,70.19090909100001,46,0,20160108,JN
126,126,20160108_SU,1.0,7.9,-3.3,49.8,201,0,20160108,SU
127,127,20160108_US,6.7,7.3,2.2,38.5,9,0,20160108,US
128,128,20160109_BS,9.4,9.8,3.8,46.1,19,0,20160109,BS
129,129,20160109_CB,4.42,8.38,0.06,55.82,16,0,20160109,CB
130,130,20160109_CN,5.20625,7.26875,0.9875,72.09375,10,0,20160109,CN
131,131,20160109_DG,7.4,11.5,1.3,54.4,17,0,20160109,DG
132,132,20160109_DJ,6.1,8.0,1.4,60.8,11,0,20160109,DJ
133,133,20160109_GB,5.75,10.708333332999999,0.5125,49.958333333,14,0,20160109,GB
134,134,20160109_GG,3.1142857143,8.6619047619,-1.223809524,58.723809523999996,55,0,20160109,GG
135,135,20160109_GJ,7.7,8.0,2.5,65.0,13,0,20160109,GJ
136,136,20160109_GN,7.8954545455,11.422727273,1.8,51.372727273,24,0,20160109,GN
137,137,20160109_GW,3.15,10.166666667000001,-1.5666666669999998,48.8,9,0,20160109,GW
138,138,20160109_IC,2.81,7.33,-0.83,69.83,17,0,20160109,IC
139,139,20160109_JB,5.42,6.2933333333000006,1.7533333333,64.78,29,0,20160109,JB
140,140,20160109_JJ,9.0,5.4,6.05,56.1,4,0,20160109,JJ
141,141,20160109_JN,6.9363636363999985,8.095454545499999,2.2318181818,65.43636363600001,19,0,20160109,JN
142,142,20160109_SU,2.4,8.6,-2.1,57.1,53,0,20160109,SU
143,143,20160109_US,8.7,10.0,3.0,45.4,6,0,20160109,US
144,144,20160110_BS,10.1,9.6,4.8,46.1,1,0,20160110,BS
145,145,20160110_CB,4.8466666667,7.36,0.6733333333,52.526666667,1,0,20160110,CB
146,146,20160110_CN,5.43125,8.59375,0.3625,72.5,1,0,20160110,CN
147,147,20160110_DG,8.0,11.9,2.1,58.6,0,0,20160110,DG
148,148,20160110_DJ,5.4,7.2,1.2,63.8,1,0,20160110,DJ
149,149,20160110_GB,6.658333333300001,9.65,1.7291666667,51.3,0,0,20160110,GB
150,150,20160110_GG,5.0928571429,8.0047619048,0.6380952381,46.357142857,14,0,20160110,GG
151,151,20160110_GJ,8.5,8.6,3.7,59.4,0,0,20160110,GJ
152,152,20160110_GN,8.55,11.331818182000001,2.2090909091,54.536363636000004,3,0,20160110,GN
153,153,20160110_GW,5.455555555599999,9.0944444444,0.8388888889,41.972222222,0,0,20160110,GW
154,154,20160110_IC,3.46,5.55,1.16,52.42,0,0,20160110,IC
155,155,20160110_JB,6.873333333300001,9.313333333300001,1.8866666667,66.166666667,3,0,20160110,JB
156,156,20160110_JJ,10.95,6.1,7.55,60.35,0,0,20160110,JJ
157,157,20160110_JN,8.4090909091,9.5727272727,3.0954545455,62.57272727300001,1,0,20160110,JN
158,158,20160110_SU,3.8,6.5,0.3,42.3,11,0,20160110,SU
159,159,20160111_BS,10.1,8.4,4.5,27.6,100,0,20160111,BS
160,160,20160111_CB,2.4533333333000003,8.6933333333,-2.68,44.106666667,45,0,20160111,CB
161,161,20160111_CN,2.74375,8.68125,-2.1,65.4125,63,0,20160111,CN
162,162,20160111_DG,5.5,7.3,1.5,33.9,65,0,20160111,DG
163,163,20160111_DJ,3.8,9.2,-1.8,54.6,44,0,20160111,DJ
164,164,20160111_GB,5.2375,9.641666666699999,-0.279166667,37.379166667,75,0,20160111,GB
165,165,20160111_GG,1.7,8.0761904762,-3.233333333,40.916666667,200,0,20160111,GG
166,166,20160111_GJ,5.3,6.2,1.5,48.8,49,0,20160111,GJ
167,167,20160111_GN,7.459090909099999,8.8409090909,2.1772727273,36.240909091,78,0,20160111,GN
168,168,20160111_GW,2.1611111111000003,9.8111111111,-3.383333333,41.75,43,0,20160111,GW
169,169,20160111_IC,-0.79,5.05,-3.64,51.54,41,0,20160111,IC
170,170,20160111_JB,3.6466666667,7.78,-0.76,57.69333333300001,81,0,20160111,JB
171,171,20160111_JJ,9.9,4.55,7.35,60.55,19,0,20160111,JJ
172,172,20160111_JN,5.9772727273,7.0772727273000005,1.8818181818,51.922727273,59,0,20160111,JN
173,173,20160111_SU,0.9,7.4,-3.8,38.3,224,0,20160111,SU
174,174,20160111_US,8.4,8.1,3.5,22.3,16,0,20160111,US
175,175,20160112_BS,7.9,8.8,2.5,26.4,80,0,20160112,BS
176,176,20160112_CB,1.88,11.213333333,-4.046666667,52.08,23,0,20160112,CB
177,177,20160112_CN,2.3125,11.0375,-3.0375,69.63125,52,0,20160112,CN
178,178,20160112_DG,5.2,11.1,-0.5,38.1,64,0,20160112,DG
179,179,20160112_DJ,3.4,10.9,-2.7,58.8,46,0,20160112,DJ
180,180,20160112_GB,4.8416666667,12.1,-1.704166667,38.420833333000004,72,0,20160112,GB
181,181,20160112_GG,1.1119047619,10.538095238,-4.788095238,51.207142857,220,0,20160112,GG
182,182,20160112_GJ,4.1,8.3,-0.3,53.6,42,0,20160112,GJ
183,183,20160112_GN,6.3363636364,10.413636364,0.4272727273,30.977272727,67,0,20160112,GN
184,184,20160112_GW,2.3333333333,12.583333332999999,-4.066666667,42.95555555600001,36,0,20160112,GW
185,185,20160112_IC,-0.49,7.12,-4.44,57.95,45,0,20160112,IC
186,186,20160112_JB,2.7333333333,10.3,-2.453333333,61.973333333,83,0,20160112,JB
187,187,20160112_JJ,7.15,3.3,5.15,56.7,18,0,20160112,JJ
188,188,20160112_JN,4.5545454545,7.9863636364,0.2681818182,54.604545455,60,0,20160112,JN
189,189,20160112_SU,0.7,9.8,-5.2,46.0,235,0,20160112,SU
190,190,20160112_US,7.7,9.0,2.0,20.9,12,0,20160112,US
191,191,20160113_BS,6.9,9.1,1.5,46.4,69,0,20160113,BS
192,192,20160113_CB,1.0,6.5533333333,-2.38,70.07333333300001,33,0,20160113,CB
193,193,20160113_CN,1.4,5.36875,-1.36875,83.01875,50,0,20160113,CN
194,194,20160113_DG,3.1,7.0,0.0,57.1,55,0,20160113,DG
195,195,20160113_DJ,1.5,5.2,-1.5,77.4,25,0,20160113,DJ
196,196,20160113_GB,2.525,7.854166666699999,-1.129166667,54.304166667,61,0,20160113,GB
197,197,20160113_GG,0.8142857143000001,9.0738095238,-3.833333333,65.66190476199999,192,0,20160113,GG
198,198,20160113_GJ,4.5,5.8,1.0,70.8,40,0,20160113,GJ
199,199,20160113_GN,5.1818181818,9.5909090909,-0.040909091,51.95,46,0,20160113,GN
200,200,20160113_GW,0.7777777778,9.0611111111,-3.366666667,54.783333333,41,0,20160113,GW
201,201,20160113_IC,0.24,7.2,-3.61,73.5,52,0,20160113,IC
202,202,20160113_JB,1.0866666667,4.4,-1.1,84.473333333,53,0,20160113,JB
203,203,20160113_JJ,5.9,3.75,4.25,59.4,8,0,20160113,JJ
204,204,20160113_JN,3.6318181818,4.9818181818000005,0.9590909091,66.890909091,56,0,20160113,JN
205,205,20160113_SU,0.1,8.3,-4.5,63.0,201,0,20160113,SU
206,206,20160113_US,5.9,7.7,1.2,44.6,12,0,20160113,US
207,207,20160114_BS,8.3,8.1,2.9,50.3,72,0,20160114,BS
208,208,20160114_CB,1.9533333333,9.52,-2.5333333330000003,51.18,46,0,20160114,CB
209,209,20160114_CN,2.63125,9.1125,-1.89375,70.59375,55,0,20160114,CN
210,210,20160114_DG,3.9,6.9,0.2,56.1,65,0,20160114,DG
211,211,20160114_DJ,3.7,10.2,-1.3,57.5,30,0,20160114,DJ
212,212,20160114_GB,3.2416666667,8.15,-1.25,48.416666667,54,0,20160114,GB
213,213,20160114_GG,0.9976190476,10.811904762000001,-3.69047619,59.24047619,205,0,20160114,GG
214,214,20160114_GJ,5.8,6.4,1.4,74.4,28,0,20160114,GJ
215,215,20160114_GN,5.718181818200001,8.845454545499999,0.6909090909000001,54.477272727,60,0,20160114,GN
216,216,20160114_GW,0.6888888889,9.3888888889,-3.327777778,47.2,26,0,20160114,GW
217,217,20160114_IC,1.33,7.99,-2.6,64.74,39,0,20160114,IC
218,218,20160114_JB,2.9133333333,6.96,-1.173333333,77.26,71,0,20160114,JB
219,219,20160114_JJ,8.4,4.05,5.95,49.1,12,0,20160114,JJ
220,220,20160114_JN,5.7454545455,8.0181818182,1.5,64.33181818199999,49,0,20160114,JN
221,221,20160114_SU,1.3,9.7,-3.4,52.1,233,0,20160114,SU
222,222,20160114_US,5.7,7.5,1.1,53.1,14,0,20160114,US
223,223,20160115_BS,10.6,11.1,4.2,45.6,77,0,20160115,BS
224,224,20160115_CB,4.7,10.446666667,-1.213333333,68.32,31,0,20160115,CB
225,225,20160115_CN,5.83125,10.26875,0.26875,78.2875,40,0,20160115,CN
226,226,20160115_DG,6.8,12.8,-0.3,66.3,53,0,20160115,DG
227,227,20160115_DJ,6.4,10.1,0.5,70.5,37,0,20160115,DJ
228,228,20160115_GB,5.9291666667,12.4625,-0.95,62.445833333,76,0,20160115,GB
229,229,20160115_GG,4.7452380952,9.719047619,-0.8785714290000001,65.266666667,181,0,20160115,GG
230,230,20160115_GJ,8.4,10.6,2.6,63.5,29,0,20160115,GJ
231,231,20160115_GN,7.8227272727,12.559090909000002,0.8181818181999999,58.82272727300001,63,0,20160115,GN
232,232,20160115_GW,3.1833333333,9.3722222222,-2.288888889,66.883333333,36,0,20160115,GW
233,233,20160115_IC,5.13,7.82,0.6,61.23,51,0,20160115,IC
234,234,20160115_JB,6.2866666667,10.44,0.3133333333,76.413333333,80,0,20160115,JB
235,235,20160115_JJ,11.0,6.75,6.85,54.5,23,0,20160115,JJ
236,236,20160115_JN,8.5,11.690909090999998,2.05,66.795454545,46,0,20160115,JN
237,237,20160115_SU,5.3,9.6,-0.4,52.3,174,0,20160115,SU
238,238,20160115_US,8.8,13.3,1.5,58.3,13,0,20160115,US
239,239,20160116_BS,10.4,8.1,5.7,50.9,11,0,20160116,BS
240,240,20160116_CB,6.2333333333,12.32,-0.793333333,67.473333333,13,0,20160116,CB
241,241,20160116_CN,7.275,10.7875,1.21875,78.3125,11,0,20160116,CN
242,242,20160116_DG,8.3,13.1,0.6,68.9,21,0,20160116,DG
243,243,20160116_DJ,8.2,12.6,0.9,73.8,6,0,20160116,DJ
244,244,20160116_GB,7.7625,13.4625,0.0166666667,63.616666667,20,0,20160116,GB
245,245,20160116_GG,3.9761904762,7.4547619048,0.0452380952,71.511904762,54,0,20160116,GG
246,246,20160116_GJ,10.0,9.4,4.6,59.5,10,0,20160116,GJ
247,247,20160116_GN,8.2909090909,10.527272727,2.0409090909,62.172727273,25,0,20160116,GN
248,248,20160116_GW,3.7833333333,11.366666667,-2.166666667,72.355555556,9,0,20160116,GW
249,249,20160116_IC,5.24,5.68,1.83,76.19,14,0,20160116,IC
250,250,20160116_JB,8.766666666699999,11.706666667,1.8066666667,70.06666666699999,28,0,20160116,JB
251,251,20160116_JJ,11.55,7.85,7.6,61.45,2,0,20160116,JJ
252,252,20160116_JN,9.786363636399999,10.004545455,3.9863636364,62.022727273,12,0,20160116,JN
253,253,20160116_SU,2.8,4.9,-0.2,68.0,58,0,20160116,SU
254,254,20160116_US,8.7,10.5,2.8,63.1,4,0,20160116,US
255,255,20160117_BS,10.3,5.2,6.6,77.4,0,0,20160117,BS
256,256,20160117_CB,5.533333333300001,8.16,1.3666666666999998,75.34,0,0,20160117,CB
257,257,20160117_CN,6.5625,8.14375,2.34375,79.99375,0,0,20160117,CN
258,258,20160117_DG,4.5,6.3,1.4,81.5,0,0,20160117,DG
259,259,20160117_DJ,5.3,6.3,1.7,84.0,0,0,20160117,DJ
260,260,20160117_GB,4.8,7.175,1.5583333333000002,82.579166667,2,0,20160117,GB
261,261,20160117_GG,5.690476190499999,7.5476190476,1.5738095238,69.74047619,8,0,20160117,GG
262,262,20160117_GJ,6.6,4.2,3.7,76.5,0,0,20160117,GJ
263,263,20160117_GN,7.031818181799999,6.9272727273,3.2590909091,74.95,1,0,20160117,GN
264,264,20160117_GW,4.7,8.3611111111,0.3944444444,82.033333333,2,0,20160117,GW
265,265,20160117_IC,5.18,4.59,2.24,78.65,0,0,20160117,IC
266,266,20160117_JB,4.8,5.4066666667,1.92,84.22,1,0,20160117,JB
267,267,20160117_JJ,10.3,2.55,9.1,80.55,0,0,20160117,JJ
268,268,20160117_JN,6.9772727273,5.4454545455,4.0681818182,76.613636364,1,0,20160117,JN
269,269,20160117_SU,5.4,6.1,1.7,64.0,7,0,20160117,SU
270,270,20160117_US,8.6,8.1,4.5,80.0,0,0,20160117,US
271,271,20160118_BS,6.9,10.9,2.3,57.4,67,0,20160118,BS
272,272,20160118_CB,1.5866666666999998,11.373333333,-4.053333333,71.07333333300001,37,0,20160118,CB
273,273,20160118_CN,2.1375,9.7875,-3.2875,79.83125,59,0,20160118,CN
274,274,20160118_DG,3.7,8.8,-0.2,62.1,68,0,20160118,DG
275,275,20160118_DJ,1.6,10.1,-3.1,75.5,46,0,20160118,DJ
276,276,20160118_GB,3.6583333333,10.9,-1.125,60.595833333,81,0,20160118,GB
277,277,20160118_GG,0.9,12.138095238,-5.507142857000001,61.188095238,209,0,20160118,GG
278,278,20160118_GJ,3.2,7.6,-0.8,84.9,42,0,20160118,GJ
279,279,20160118_GN,5.1954545455000005,9.4136363636,0.9090909091,54.259090908999994,72,0,20160118,GN
280,280,20160118_GW,1.9555555556,12.966666667,-3.594444444,56.233333333000004,33,0,20160118,GW
281,281,20160118_IC,1.74,12.5,-5.98,71.58,51,0,20160118,IC
282,282,20160118_JB,2.4066666667,8.366666666699999,-2.2,80.24,87,0,20160118,JB
283,283,20160118_JJ,8.6,9.5,3.7,65.1,18,0,20160118,JJ
284,284,20160118_JN,3.6318181818,7.5727272727,-0.231818182,76.66818181800001,66,0,20160118,JN
285,285,20160118_SU,0.4,12.7,-6.3,59.8,237,0,20160118,SU
286,286,20160118_US,6.1,9.9,2.2,52.9,17,0,20160118,US
287,287,20160119_BS,0.7,6.1,-3.1,36.8,61,0,20160119,BS
288,288,20160119_CB,-6.853333332999999,5.52,-9.913333332999999,57.453333333,35,0,20160119,CB
289,289,20160119_CN,-5.49375,4.66875,-7.96875,71.7625,35,0,20160119,CN
290,290,20160119_DG,-3.6,4.9,-6.3,46.8,53,0,20160119,DG
291,291,20160119_DJ,-5.3,5.9,-8.3,66.0,37,0,20160119,DJ
292,292,20160119_GB,-4.579166667,5.0291666667,-7.470833333,40.7375,58,0,20160119,GB
293,293,20160119_GG,-7.823809524,6.1571428571,-11.5952381,48.595238095,155,0,20160119,GG
294,294,20160119_GJ,-2.0,3.8,-4.5,79.5,28,0,20160119,GJ
295,295,20160119_GN,-0.936363636,5.1090909091,-3.895454545,35.531818181999995,47,0,20160119,GN
296,296,20160119_GW,-7.088888889,6.5222222222,-10.76666667,35.694444444,45,0,20160119,GW
297,297,20160119_IC,-8.43,4.94,-11.3,59.77,43,0,20160119,IC
298,298,20160119_JB,-4.94,4.7666666667,-7.406666667,78.826666667,50,0,20160119,JB
299,299,20160119_JJ,2.95,4.05,0.85,64.1,11,0,20160119,JJ
300,300,20160119_JN,-1.645454545,3.8454545455,-3.868181818,71.781818182,35,0,20160119,JN
301,301,20160119_SU,-8.9,6.2,-12.8,45.9,220,0,20160119,SU
302,302,20160119_US,-0.3,5.6,-3.9,32.4,17,0,20160119,US
303,303,20160120_BS,2.0,8.6,-2.5,36.1,61,0,20160120,BS
304,304,20160120_CB,-5.54,8.84,-10.04666667,59.246666667,29,0,20160120,CB
305,305,20160120_CN,-4.33125,7.86875,-8.45625,76.24375,42,0,20160120,CN
306,306,20160120_DG,-1.8,7.0,-5.4,49.5,64,0,20160120,DG
307,307,20160120_DJ,-3.5,8.5,-8.1,67.9,28,0,20160120,DJ
308,308,20160120_GB,-1.945833333,9.1625,-6.5875,46.558333333,60,0,20160120,GB
309,309,20160120_GG,-5.2976190480000005,9.207142857100001,-10.23333333,51.092857143,182,0,20160120,GG
310,310,20160120_GJ,-0.8,6.0,-4.5,64.1,35,0,20160120,GJ
311,311,20160120_GN,0.8181818181999999,8.65,-3.754545455,39.6,61,0,20160120,GN
312,312,20160120_GW,-3.094444444,11.516666667,-9.288888888999999,52.75,30,0,20160120,GW
313,313,20160120_IC,-6.14,7.0,-9.56,59.15,43,0,20160120,IC
314,314,20160120_JB,-3.44,9.1466666667,-7.793333333,74.32,65,0,20160120,JB
315,315,20160120_JJ,5.05,3.95,3.0,64.0,11,0,20160120,JJ
316,316,20160120_JN,-0.086363636,5.6590909091,-3.395454545,63.227272727,45,0,20160120,JN
317,317,20160120_SU,-5.2,9.3,-10.5,43.6,194,0,20160120,SU
318,318,20160120_US,1.5,9.4,-3.7,42.4,8,0,20160120,US
319,319,20160121_BS,3.3,6.8,-0.9,29.9,53,0,20160121,BS
320,320,20160121_CB,-1.993333333,9.4133333333,-7.126666667,58.18,45,0,20160121,CB
321,321,20160121_CN,-1.3125,9.0625,-6.19375,72.85625,50,0,20160121,CN
322,322,20160121_DG,0.4,8.2,-3.4,38.9,54,0,20160121,DG
323,323,20160121_DJ,-0.5,8.3,-5.7,64.5,32,0,20160121,DJ
324,324,20160121_GB,0.6791666667,8.8458333333,-4.158333333,42.058333333,59,0,20160121,GB
325,325,20160121_GG,-1.947619048,8.8952380952,-6.921428571,52.538095238000004,181,0,20160121,GG
326,326,20160121_GJ,0.8,6.1,-3.0,59.8,35,0,20160121,GJ
327,327,20160121_GN,2.1454545455000003,7.8909090909,-2.154545455,34.409090909,49,0,20160121,GN
328,328,20160121_GW,-0.355555556,10.811111110999999,-6.494444444,49.977777778000004,33,0,20160121,GW
329,329,20160121_IC,-3.33,6.02,-6.57,59.56,42,0,20160121,IC
330,330,20160121_JB,-1.533333333,8.0133333333,-5.873333333,70.773333333,69,0,20160121,JB
331,331,20160121_JJ,5.15,2.8,3.6,67.9,16,0,20160121,JJ
332,332,20160121_JN,0.8454545455,5.5181818182,-2.409090909,60.118181818000004,51,0,20160121,JN
333,333,20160121_SU,-2.3,7.9,-7.1,44.3,199,0,20160121,SU
334,334,20160121_US,3.1,8.7,-1.6,31.5,10,0,20160121,US
335,335,20160122_BS,6.7,9.4,0.8,23.9,49,0,20160122,BS
336,336,20160122_CB,-1.333333333,11.186666667,-6.7,50.713333333,35,0,20160122,CB
337,337,20160122_CN,-1.3875,11.06875,-6.13125,65.90625,48,0,20160122,CN
338,338,20160122_DG,1.6,6.8,-2.1,32.0,64,0,20160122,DG
339,339,20160122_DJ,-0.3,10.6,-5.7,59.1,34,0,20160122,DJ
340,340,20160122_GB,1.9208333333,10.754166667,-3.254166667,36.441666667,63,0,20160122,GB
341,341,20160122_GG,-2.595238095,9.3047619048,-7.069047619,43.70952381,124,0,20160122,GG
342,342,20160122_GJ,1.1,7.6,-2.8,44.6,33,0,20160122,GJ
343,343,20160122_GN,4.3954545455,10.390909091000001,-0.927272727,25.65,65,0,20160122,GN
344,344,20160122_GW,-0.672222222,11.277777777999999,-6.05,43.55,30,0,20160122,GW
345,345,20160122_IC,-3.96,5.46,-6.56,48.46,40,0,20160122,IC
346,346,20160122_JB,-0.96,11.313333333,-6.006666667,62.3,87,0,20160122,JB
347,347,20160122_JJ,6.0,4.4,3.75,59.2,14,0,20160122,JJ
348,348,20160122_JN,1.9,7.2318181818,-1.990909091,46.190909091,54,0,20160122,JN
349,349,20160122_SU,-3.8,7.3,-7.6,40.5,190,0,20160122,SU
350,350,20160122_US,5.4,10.7,-0.2,24.3,8,0,20160122,US
351,351,20160123_BS,1.1,9.6,-2.9,32.0,18,0,20160123,BS
352,352,20160123_CB,-5.42,7.42,-8.94,45.446666666999995,9,0,20160123,CB
353,353,20160123_CN,-4.3625,7.1,-8.175,69.9625,14,0,20160123,CN
354,354,20160123_DG,-2.3,8.4,-5.8,37.6,11,0,20160123,DG
355,355,20160123_DJ,-4.7,6.8,-8.2,64.8,3,0,20160123,DJ
356,356,20160123_GB,-2.725,8.991666666699999,-6.170833332999999,31.825,13,0,20160123,GB
357,357,20160123_GG,-6.995238095,8.1095238095,-10.40714286,40.797619048,52,0,20160123,GG
358,358,20160123_GJ,-3.2,5.2,-5.8,60.8,10,0,20160123,GJ
359,359,20160123_GN,0.0909090909,9.6863636364,-4.145454545,30.772727273,30,0,20160123,GN
360,360,20160123_GW,-4.961111111,8.6111111111,-8.644444444,26.616666666999997,6,0,20160123,GW
361,361,20160123_IC,-7.06,7.97,-10.7,55.7,13,0,20160123,IC
362,362,20160123_JB,-4.853333333,6.073333333300001,-7.68,67.026666667,18,0,20160123,JB
363,363,20160123_JJ,4.25,8.85,0.05,70.7,2,0,20160123,JJ
364,364,20160123_JN,-2.3,6.0181818182,-5.181818182,62.340909091,23,0,20160123,JN
365,365,20160123_SU,-8.3,7.7,-11.5,42.0,52,0,20160123,SU
366,366,20160123_US,0.4,9.1,-3.4,26.9,2,0,20160123,US
367,367,20160124_BS,-4.2,6.0,-7.6,45.4,4,0,20160124,BS
368,368,20160124_CB,-9.933333333,6.953333333300001,-13.30666667,54.813333333,0,0,20160124,CB
369,369,20160124_CN,-8.275,6.48125,-11.61875,77.925,3,0,20160124,CN
370,370,20160124_DG,-7.6,5.4,-10.2,49.0,2,0,20160124,DG
371,371,20160124_DJ,-8.7,8.3,-12.7,70.5,0,0,20160124,DJ
372,372,20160124_GB,-7.1791666670000005,7.3208333333,-10.80416667,41.9125,0,0,20160124,GB
373,373,20160124_GG,-9.526190476,7.6571428571,-13.53333333,49.69047619,8,0,20160124,GG
374,374,20160124_GJ,-7.7,4.0,-9.5,77.6,0,0,20160124,GJ
375,375,20160124_GN,-5.595454545,5.5409090909000005,-8.472727273,44.677272726999995,1,0,20160124,GN
376,376,20160124_GW,-7.527777778,9.5888888889,-12.43333333,35.7,0,0,20160124,GW
377,377,20160124_IC,-10.43,5.98,-13.18,58.9,3,0,20160124,IC
378,378,20160124_JB,-8.526666667,5.3,-11.29333333,76.666666667,1,0,20160124,JB
379,379,20160124_JJ,-0.6,5.5,-3.45,71.8,0,0,20160124,JJ
380,380,20160124_JN,-5.986363636,4.3181818182,-8.204545455,75.30909090899999,1,0,20160124,JN
381,381,20160124_SU,-10.5,7.5,-14.4,48.5,5,0,20160124,SU
382,382,20160125_BS,2.4,10.6,-2.6,44.8,64,0,20160125,BS
383,383,20160125_CB,-3.206666667,11.96,-8.98,61.02,31,0,20160125,CB
384,384,20160125_CN,-3.35625,11.35625,-8.69375,81.975,61,0,20160125,CN
385,385,20160125_DG,0.1,10.3,-5.0,54.9,69,0,20160125,DG
386,386,20160125_DJ,-2.1,12.1,-7.8,75.1,42,0,20160125,DJ
387,387,20160125_GB,-0.470833333,11.575,-6.233333332999999,48.0625,70,0,20160125,GB
388,388,20160125_GG,-3.15,12.083333332999999,-9.247619047999999,53.623809523999995,219,0,20160125,GG
389,389,20160125_GJ,-1.5,9.7,-5.5,77.6,29,0,20160125,GJ
390,390,20160125_GN,2.0363636364,12.363636364000001,-4.131818182,49.690909091,61,0,20160125,GN
391,391,20160125_GW,-2.605555556,12.855555555999999,-9.155555556,44.761111111000005,44,0,20160125,GW
392,392,20160125_IC,-3.99,8.41,-7.82,60.66,51,0,20160125,IC
393,393,20160125_JB,-2.106666667,13.353333333,-8.013333333,75.28,63,0,20160125,JB
394,394,20160125_JJ,3.4,5.2,1.3,72.7,14,0,20160125,JJ
395,395,20160125_JN,-0.177272727,8.8227272727,-3.827272727,75.818181818,41,0,20160125,JN
396,396,20160125_SU,-3.4,10.9,-9.4,47.1,229,0,20160125,SU
397,397,20160125_US,2.3,9.7,-2.9,42.6,14,0,20160125,US
398,398,20160126_BS,7.3,11.2,1.4,49.4,68,0,20160126,BS
399,399,20160126_CB,1.86,10.586666667000001,-3.426666667,71.446666667,38,0,20160126,CB
400,400,20160126_CN,3.48125,10.14375,-2.075,80.4,59,0,20160126,CN
401,401,20160126_DG,4.9,10.4,-0.7,59.5,69,0,20160126,DG
402,402,20160126_DJ,3.5,9.8,-1.8,76.3,27,0,20160126,DJ
403,403,20160126_GB,3.7958333333,11.891666667,-1.8625,56.2125,64,0,20160126,GB
404,404,20160126_GG,2.0523809524,10.492857143,-3.504761905,71.283333333,202,0,20160126,GG
405,405,20160126_GJ,4.0,7.8,-0.2,74.8,43,0,20160126,GJ
406,406,20160126_GN,5.759090909099998,12.986363635999998,-0.854545455,54.581818182,70,0,20160126,GN
407,407,20160126_GW,1.5722222222,12.783333333,-3.944444444,57.761111111000005,53,0,20160126,GW
408,408,20160126_IC,2.85,8.81,-1.23,78.83,48,0,20160126,IC
409,409,20160126_JB,2.96,8.9866666667,-1.5866666669999998,76.353333333,91,0,20160126,JB
410,410,20160126_JJ,6.95,3.9,4.95,61.35,14,0,20160126,JJ
411,411,20160126_JN,4.05,7.2909090909,0.2227272727,72.08181818199999,64,0,20160126,JN
412,412,20160126_SU,1.7,10.2,-3.3,64.5,234,0,20160126,SU
413,413,20160126_US,7.6,11.9,0.8,52.9,17,0,20160126,US
414,414,20160127_BS,9.2,8.5,4.7,52.5,65,0,20160127,BS
415,415,20160127_CB,4.5333333333,11.24,-1.54,65.033333333,31,0,20160127,CB
416,416,20160127_CN,4.725,12.525,-2.1,80.34375,61,0,20160127,CN
417,417,20160127_DG,8.1,12.5,0.9,56.4,62,0,20160127,DG
418,418,20160127_DJ,5.8,10.6,-0.1,71.6,29,0,20160127,DJ
419,419,20160127_GB,6.9208333333,11.079166667,0.8625,48.7875,54,0,20160127,GB
420,420,20160127_GG,4.3428571429,10.454761905,-1.402380952,63.797619048,219,0,20160127,GG
421,421,20160127_GJ,6.7,8.1,2.0,75.9,39,0,20160127,GJ
422,422,20160127_GN,8.3363636364,12.090909090999999,1.6590909091,55.5,48,0,20160127,GN
423,423,20160127_GW,4.7555555556,9.8222222222,-0.5166666670000001,49.777777778,27,0,20160127,GW
424,424,20160127_IC,3.62,7.53,-0.5,71.02,55,0,20160127,IC
425,425,20160127_JB,5.6866666667,11.213333333,-0.62,74.133333333,62,0,20160127,JB
426,426,20160127_JJ,9.45,5.85,6.7,60.0,26,0,20160127,JJ
427,427,20160127_JN,6.9863636364,9.3772727273,1.7545454545,72.163636364,62,0,20160127,JN
428,428,20160127_SU,4.3,9.0,-1.1,56.3,231,0,20160127,SU
429,429,20160127_US,9.7,13.0,2.3,54.8,14,0,20160127,US
430,430,20160128_BS,6.0,3.9,4.4,69.9,69,0,20160128,BS
431,431,20160128_CB,2.22,9.526666666699999,-1.3666666669999998,65.893333333,37,0,20160128,CB
432,432,20160128_CN,2.7,9.425,-0.16875,74.6,40,0,20160128,CN
433,433,20160128_DG,2.5,6.9,-0.7,76.1,59,0,20160128,DG
434,434,20160128_DJ,2.4,7.4,-0.4,78.4,29,0,20160128,DJ
435,435,20160128_GB,3.7875,8.6291666667,0.20416666670000005,62.95,65,0,20160128,GB
436,436,20160128_GG,4.169047619,11.34047619,-0.75,58.157142857,187,0,20160128,GG
437,437,20160128_GJ,4.8,4.4,2.6,87.6,36,0,20160128,GJ
438,438,20160128_GN,3.7954545455,5.6136363636,1.5045454545,72.363636364,59,0,20160128,GN
439,439,20160128_GW,3.8388888889,11.405555556,-1.522222222,56.788888889,31,0,20160128,GW
440,440,20160128_IC,3.47,6.94,0.4,62.32,43,0,20160128,IC
441,441,20160128_JB,2.38,7.6933333333,-0.033333333,84.92666666699999,76,0,20160128,JB
442,442,20160128_JJ,12.4,6.55,9.15,92.05,17,0,20160128,JJ
443,443,20160128_JN,4.5136363636,4.2272727273,2.7409090909,86.65,62,0,20160128,JN
444,444,20160128_SU,3.5,9.1,-0.5,51.5,233,0,20160128,SU
445,445,20160128_US,4.4,5.9,1.9,74.0,7,0,20160128,US
446,446,20160129_BS,5.3,1.8,4.6,91.9,65,0,20160129,BS
447,447,20160129_CB,5.3333333333,5.573333333300001,2.4333333333,69.04,35,0,20160129,CB
448,448,20160129_CN,4.68125,4.39375,2.325,73.73125,44,0,20160129,CN
449,449,20160129_DG,1.8,2.0,0.9,98.0,45,0,20160129,DG
450,450,20160129_DJ,5.7,4.7,3.0,81.1,31,0,20160129,DJ
451,451,20160129_GB,4.1333333333,4.0208333333,2.0916666667,89.808333333,51,0,20160129,GB
452,452,20160129_GG,5.85,7.769047619,1.7333333333,50.471428571000004,149,0,20160129,GG
453,453,20160129_GJ,5.1,2.1,3.9,97.5,27,0,20160129,GJ
454,454,20160129_GN,4.0409090909,2.2454545455,3.1181818182,88.254545455,52,0,20160129,GN
455,455,20160129_GW,4.1,5.9444444444,1.1722222222,69.427777778,36,0,20160129,GW
456,456,20160129_IC,4.85,5.82,1.45,53.68,38,0,20160129,IC
457,457,20160129_JB,4.16,3.1466666667000003,2.2466666667,90.23333333299999,68,0,20160129,JB
458,458,20160129_JJ,10.15,2.25,8.9,87.5,9,0,20160129,JJ
459,459,20160129_JN,5.1363636364,2.2681818182,3.8272727273,91.004545455,58,0,20160129,JN
460,460,20160129_SU,5.4,6.8,1.9,43.6,180,0,20160129,SU
461,461,20160129_US,5.5,2.4,4.5,96.4,13,0,20160129,US
462,462,20160130_BS,8.7,4.2,6.1,78.6,29,0,20160130,BS
463,463,20160130_CB,7.706666666699999,9.9,1.7666666667,70.106666667,11,0,20160130,CB
464,464,20160130_CN,6.6,9.9,1.11875,83.325,15,0,20160130,CN
465,465,20160130_DG,4.8,4.8,2.1,95.0,22,0,20160130,DG
466,466,20160130_DJ,10.0,11.1,3.3,78.8,8,0,20160130,DJ
467,467,20160130_GB,5.825,6.395833333300001,2.425,88.8375,15,0,20160130,GB
468,468,20160130_GG,6.3023809524,10.211904762,0.4119047619,67.102380952,49,0,20160130,GG
469,469,20160130_GJ,9.8,9.3,3.7,81.9,12,0,20160130,GJ
470,470,20160130_GN,7.5363636364,6.8590909091,4.1181818182,79.409090909,20,0,20160130,GN
471,471,20160130_GW,5.416666666699999,7.8611111111,1.1444444444,76.361111111,8,0,20160130,GW
472,472,20160130_IC,3.8,6.51,-0.2,74.98,12,0,20160130,IC
473,473,20160130_JB,6.7666666667,7.966666666699999,1.9866666667,86.48666666700001,30,0,20160130,JB
474,474,20160130_JJ,9.7,3.2,8.1,81.85,4,0,20160130,JJ
475,475,20160130_JN,8.195454545499999,7.6909090909,3.7909090909,82.26363636399999,17,0,20160130,JN
476,476,20160130_SU,5.2,7.7,0.6,59.5,42,0,20160130,SU
477,477,20160130_US,6.7,4.7,5.0,91.5,5,0,20160130,US
478,478,20160131_BS,7.0,5.6,3.8,62.6,2,0,20160131,BS
479,479,20160131_CB,1.7,6.6866666667,-2.273333333,52.073333333,2,0,20160131,CB
480,480,20160131_CN,1.1875,5.6375,-1.9625,65.98125,1,0,20160131,CN
481,481,20160131_DG,4.2,5.7,1.2,61.0,1,0,20160131,DG
482,482,20160131_DJ,2.9,7.1,-1.5,61.4,0,0,20160131,DJ
483,483,20160131_GB,3.8833333333,6.3666666667,0.4625,54.416666667,1,0,20160131,GB
484,484,20160131_GG,0.5928571429,6.5928571429,-3.219047619,44.154761905,9,0,20160131,GG
485,485,20160131_GJ,2.2,4.1,-0.2,63.9,1,0,20160131,GJ
486,486,20160131_GN,5.8590909091,7.15,1.8545454545,61.590909091,0,0,20160131,GN
487,487,20160131_GW,2.5,7.005555555599999,-1.3666666669999998,53.811111111,0,0,20160131,GW
488,488,20160131_IC,-0.56,5.71,-3.96,51.06,1,0,20160131,IC
489,489,20160131_JB,1.3866666666999998,5.3266666667,-1.62,69.706666667,2,0,20160131,JB
490,490,20160131_JJ,8.95,5.4,5.9,70.8,1,0,20160131,JJ
491,491,20160131_JN,3.1409090909,4.5863636364,0.4272727273,64.209090909,3,0,20160131,JN
492,492,20160131_SU,0.3,6.8,-3.9,34.0,10,0,20160131,SU
493,493,20160131_US,7.1,7.7,2.4,58.3,1,0,20160131,US
510,510,20160202_BS,7.9,11.9,1.2,30.8,110,0,20160202,BS
511,511,20160202_CB,1.2933333333,12.36,-5.233333333,47.733333333000004,43,0,20160202,CB
512,512,20160202_CN,1.19375,11.96875,-5.08125,66.725,56,0,20160202,CN
513,513,20160202_DG,3.9,9.2,-1.9,43.0,77,0,20160202,DG
514,514,20160202_DJ,2.6,12.3,-3.9,53.1,42,0,20160202,DJ
515,515,20160202_GB,3.7333333333,12.025,-2.7625,43.45,89,0,20160202,GB
516,516,20160202_GG,1.319047619,12.395238095,-5.423809524,47.002380951999996,223,0,20160202,GG
517,517,20160202_GJ,2.3,8.0,-2.1,52.6,39,0,20160202,GJ
518,518,20160202_GN,5.2318181818000005,11.777272727,-1.2909090909999998,38.904545455,56,0,20160202,GN
519,519,20160202_GW,1.4722222222,13.233333333,-5.411111111,47.616666667,41,0,20160202,GW
520,520,20160202_IC,-0.29,7.67,-4.36,50.56,48,0,20160202,IC
521,521,20160202_JB,1.4266666667,10.986666667,-4.26,65.906666667,96,0,20160202,JB
522,522,20160202_JJ,6.0,3.95,3.55,62.75,15,0,20160202,JJ
523,523,20160202_JN,3.2318181818,8.1772727273,-1.572727273,56.440909091,68,0,20160202,JN
524,524,20160202_SU,0.9,10.9,-5.3,41.8,252,0,20160202,SU
525,525,20160202_US,6.1,10.9,0.5,32.0,15,0,20160202,US
526,526,20160203_BS,7.5,10.3,1.9,37.3,93,0,20160203,BS
527,527,20160203_CB,3.76,14.913333332999999,-3.386666667,54.66,33,0,20160203,CB
528,528,20160203_CN,4.55625,14.1875,-2.89375,73.79375,58,0,20160203,CN
529,529,20160203_DG,5.3,11.4,-0.4,50.4,77,0,20160203,DG
530,530,20160203_DJ,5.4,14.5,-1.9,62.3,43,0,20160203,DJ
531,531,20160203_GB,4.9125,13.245833333,-1.5666666669999998,47.341666667,66,0,20160203,GB
532,532,20160203_GG,4.45,14.230952381,-3.078571429,57.069047618999996,230,0,20160203,GG
533,533,20160203_GJ,5.7,11.6,-0.1,56.5,33,0,20160203,GJ
534,534,20160203_GN,6.3772727273,12.204545455,-0.245454545,46.422727273,62,0,20160203,GN
535,535,20160203_GW,3.4777777778,14.872222222000001,-3.877777778,48.616666667,44,0,20160203,GW
536,536,20160203_IC,4.03,10.04,-1.15,58.21,48,0,20160203,IC
537,537,20160203_JB,4.1666666667,12.94,-2.473333333,68.21333333300001,98,0,20160203,JB
538,538,20160203_JJ,7.85,5.95,4.65,58.7,15,0,20160203,JJ
539,539,20160203_JN,5.740909090900002,11.345454545,-0.18636363600000005,56.677272726999995,53,0,20160203,JN
540,540,20160203_SU,4.0,12.3,-2.4,49.6,241,0,20160203,SU
541,541,20160203_US,7.2,10.2,1.4,34.8,17,0,20160203,US
542,542,20160204_BS,7.3,8.1,3.2,41.0,94,0,20160204,BS
543,543,20160204_CB,4.88,10.513333333,-0.6266666670000001,50.806666666999995,44,0,20160204,CB
544,544,20160204_CN,5.075,12.18125,-1.11875,67.2375,44,0,20160204,CN
545,545,20160204_DG,6.5,8.9,2.3,48.4,64,0,20160204,DG
546,546,20160204_DJ,5.9,12.2,-0.5,56.0,57,0,20160204,DJ
547,547,20160204_GB,5.966666666699999,10.3,0.9291666667,46.804166667,77,0,20160204,GB
548,548,20160204_GG,5.0357142857,10.169047619,-0.654761905,56.335714286000005,233,0,20160204,GG
549,549,20160204_GJ,6.5,10.3,0.7,58.9,37,0,20160204,GJ
550,550,20160204_GN,7.1409090909,11.413636364,1.3909090909,47.104545455,71,0,20160204,GN
551,551,20160204_GW,6.044444444400001,12.311111110999999,-0.283333333,44.4,38,0,20160204,GW
552,552,20160204_IC,3.88,7.05,0.15,65.93,41,0,20160204,IC
553,553,20160204_JB,4.6066666667,11.12,-1.073333333,67.266666667,82,0,20160204,JB
554,554,20160204_JJ,10.0,6.1,6.7,55.9,10,0,20160204,JJ
555,555,20160204_JN,6.795454545499999,10.677272727,1.0090909091,60.695454545,54,0,20160204,JN
556,556,20160204_SU,3.9,7.9,-0.7,50.1,230,0,20160204,SU
557,557,20160204_US,7.0,9.0,3.2,40.0,10,0,20160204,US
558,558,20160205_BS,10.1,9.8,4.1,29.4,92,0,20160205,BS
559,559,20160205_CB,3.8466666667,10.606666667,-1.773333333,44.106666667,46,0,20160205,CB
560,560,20160205_CN,4.41875,11.8125,-1.7,63.56875,52,0,20160205,CN
561,561,20160205_DG,6.0,7.8,1.8,35.0,67,0,20160205,DG
562,562,20160205_DJ,5.5,11.2,-0.7,51.0,49,0,20160205,DJ
563,563,20160205_GB,5.9833333333,10.041666667000001,0.31666666670000004,36.358333333000004,79,0,20160205,GB
564,564,20160205_GG,3.6571428571,11.554761905,-2.3428571430000003,44.966666667,185,0,20160205,GG
565,565,20160205_GJ,5.7,7.9,1.2,53.6,22,0,20160205,GJ
566,566,20160205_GN,8.8090909091,11.795454545,2.4090909091,36.336363636,69,0,20160205,GN
567,567,20160205_GW,3.7555555556,10.811111110999999,-1.944444444,36.45,42,0,20160205,GW
568,568,20160205_IC,2.56,8.1,-1.48,55.02,48,0,20160205,IC
569,569,20160205_JB,4.3866666667,10.926666667000001,-1.4333333330000002,64.54,88,0,20160205,JB
570,570,20160205_JJ,10.05,5.75,6.6,55.9,14,0,20160205,JJ
571,571,20160205_JN,6.15,8.6636363636,1.2954545455,56.781818181999995,44,0,20160205,JN
572,572,20160205_SU,3.4,10.2,-2.2,39.4,193,0,20160205,SU
573,573,20160205_US,9.9,10.9,3.9,25.4,19,0,20160205,US
574,574,20160206_BS,7.0,7.7,2.4,37.8,17,0,20160206,BS
575,575,20160206_CB,2.2866666667,8.78,-2.58,46.813333333,15,0,20160206,CB
576,576,20160206_CN,1.80625,8.35,-2.4625,62.66875,13,0,20160206,CN
577,577,20160206_DG,4.5,8.9,0.2,41.0,17,0,20160206,DG
578,578,20160206_DJ,3.4,8.0,-1.6,51.5,10,0,20160206,DJ
579,579,20160206_GB,4.475,9.8333333333,-0.770833333,44.920833333000004,23,0,20160206,GB
580,580,20160206_GG,2.3452380952,9.9428571429,-3.026190476,44.833333333,46,0,20160206,GG
581,581,20160206_GJ,2.8,5.2,-0.4,59.1,13,0,20160206,GJ
582,582,20160206_GN,5.9636363636,9.9181818182,0.6818181818000001,44.32272727300001,32,0,20160206,GN
583,583,20160206_GW,2.5055555556,10.661111111,-3.1777777780000003,58.255555556000004,10,0,20160206,GW
584,584,20160206_IC,0.56,5.48,-2.58,51.75,10,0,20160206,IC
585,585,20160206_JB,2.16,7.64,-1.966666667,62.526666667,25,0,20160206,JB
586,586,20160206_JJ,6.35,3.9,4.2,56.2,2,0,20160206,JJ
587,587,20160206_JN,2.9090909091,6.2227272726999985,-0.3,62.377272727,15,0,20160206,JN
588,588,20160206_SU,2.0,8.2,-3.1,38.6,47,0,20160206,SU
589,589,20160206_US,6.6,7.9,2.1,33.4,4,0,20160206,US
590,590,20160207_BS,9.4,11.1,3.3,43.6,1,0,20160207,BS
591,591,20160207_CB,3.68,14.526666667,-3.606666667,48.82,1,0,20160207,CB
592,592,20160207_CN,3.86875,13.8875,-3.1625,68.85,2,0,20160207,CN
593,593,20160207_DG,6.5,11.9,0.0,45.8,1,0,20160207,DG
594,594,20160207_DJ,4.9,14.0,-2.3,54.3,0,0,20160207,DJ
595,595,20160207_GB,5.854166666699999,13.55,-1.3375,45.433333333,2,0,20160207,GB
596,596,20160207_GG,3.5023809524,13.278571429000001,-3.3357142860000004,52.830952381,7,0,20160207,GG
597,597,20160207_GJ,5.3,10.9,-0.4,52.0,0,0,20160207,GJ
598,598,20160207_GN,7.1818181818,12.604545455,0.15,45.995454545,2,0,20160207,GN
599,599,20160207_GW,3.5555555556,13.572222222,-3.5,50.572222222,1,0,20160207,GW
600,600,20160207_IC,2.19,9.08,-2.09,60.97,1,0,20160207,IC
601,601,20160207_JB,3.6466666667,12.506666667000001,-2.94,60.54,2,0,20160207,JB
602,602,20160207_JJ,7.65,5.8,4.4,55.05,0,0,20160207,JJ
603,603,20160207_JN,5.55,11.304545455,-0.28636363600000003,55.45,1,0,20160207,JN
604,604,20160207_SU,3.5,11.8,-2.9,46.5,8,0,20160207,SU
605,605,20160207_US,8.4,10.4,2.3,54.3,0,0,20160207,US
606,606,20160208_BS,8.8,10.0,4.5,39.9,1,0,20160208,BS
607,607,20160208_CB,6.926666666699999,14.386666667,1.12,52.813333333,0,0,20160208,CB
608,608,20160208_CN,7.675,14.0125,1.74375,71.275,2,0,20160208,CN
609,609,20160208_DG,8.9,14.5,2.6,46.8,1,0,20160208,DG
610,610,20160208_DJ,8.1,13.8,2.2,58.9,0,0,20160208,DJ
611,611,20160208_GB,7.595833333300001,14.129166667,1.1458333333,44.154166667,1,0,20160208,GB
612,612,20160208_GG,6.2619047619,11.673809524000001,1.1761904762,64.647619048,1,0,20160208,GG
613,613,20160208_GJ,9.2,12.7,2.8,59.0,3,0,20160208,GJ
614,614,20160208_GN,8.6181818182,13.063636364,2.9636363636,43.76363636399999,0,0,20160208,GN
615,615,20160208_GW,4.8611111111000005,11.666666667000001,-0.5,64.05,2,0,20160208,GW
616,616,20160208_IC,5.83,8.7,1.77,81.03,2,0,20160208,IC
617,617,20160208_JB,7.64,13.133333333,2.08,58.826666667,1,0,20160208,JB
618,618,20160208_JJ,11.15,7.0,7.75,47.85,1,0,20160208,JJ
619,619,20160208_JN,9.0454545455,13.377272727000001,3.0272727273,60.168181818,1,0,20160208,JN
620,620,20160208_SU,5.5,9.8,1.3,62.1,8,0,20160208,SU
621,621,20160208_US,9.0,10.4,3.7,39.9,0,0,20160208,US
622,622,20160209_BS,11.9,8.5,6.4,31.5,2,0,20160209,BS
623,623,20160209_CB,6.413333333300001,9.06,1.5133333333,44.55333333300001,1,0,20160209,CB
624,624,20160209_CN,7.26875,10.675,1.53125,62.225,0,0,20160209,CN
625,625,20160209_DG,7.9,8.5,3.9,36.0,3,0,20160209,DG
626,626,20160209_DJ,7.8,8.8,2.6,48.1,8,0,20160209,DJ
627,627,20160209_GB,7.2958333333,8.766666666699999,2.9375,35.3125,2,0,20160209,GB
628,628,20160209_GG,6.5,10.380952381,0.7285714286,54.330952381,6,0,20160209,GG
629,629,20160209_GJ,8.6,8.8,4.0,48.6,1,0,20160209,GJ
630,630,20160209_GN,9.9863636364,9.6636363636,5.1727272727,30.213636364,0,0,20160209,GN
631,631,20160209_GW,5.4055555556,8.866666666699999,0.9944444444,47.938888889,4,0,20160209,GW
632,632,20160209_IC,5.99,7.96,1.47,63.34,3,0,20160209,IC
633,633,20160209_JB,6.7466666667,9.3066666667,1.9266666667,55.366666667,4,0,20160209,JB
634,634,20160209_JJ,12.9,8.0,9.1,43.5,0,0,20160209,JJ
635,635,20160209_JN,8.8818181818,9.9227272727,3.75,49.704545455,3,0,20160209,JN
636,636,20160209_SU,5.5,9.4,0.3,52.5,14,0,20160209,SU
637,637,20160209_US,9.4,8.1,5.8,26.9,0,0,20160209,US
638,638,20160210_BS,11.8,10.5,6.3,40.4,22,0,20160210,BS
639,639,20160210_CB,11.046666667,17.56,1.32,48.393333333,12,0,20160210,CB
640,640,20160210_CN,11.525,16.8625,1.9875,64.075,18,0,20160210,CN
641,641,20160210_DG,11.9,16.2,3.3,50.4,13,0,20160210,DG
642,642,20160210_DJ,12.7,17.3,3.3,48.8,7,0,20160210,DJ
643,643,20160210_GB,10.095833333,15.216666667,1.725,49.141666666999996,20,0,20160210,GB
644,644,20160210_GG,10.416666667000001,16.188095238,1.9023809524,48.623809523999995,44,0,20160210,GG
645,645,20160210_GJ,14.0,16.7,5.0,48.5,6,0,20160210,GJ
646,646,20160210_GN,11.290909091,14.136363635999999,3.5954545455,45.418181818,20,0,20160210,GN
647,647,20160210_GW,8.6611111111,15.3,0.25,55.244444443999996,8,0,20160210,GW
648,648,20160210_IC,8.33,11.37,3.04,50.81,19,0,20160210,IC
649,649,20160210_JB,12.5,17.146666667,3.1,55.633333333,17,0,20160210,JB
650,650,20160210_JJ,14.9,10.25,9.85,58.75,3,0,20160210,JJ
651,651,20160210_JN,12.195454545,15.563636364,3.9,55.786363636000004,15,0,20160210,JN
652,652,20160210_SU,10.7,15.0,2.7,38.5,46,0,20160210,SU
653,653,20160210_US,12.0,12.0,5.3,46.6,6,0,20160210,US
654,654,20160211_BS,14.7,10.7,9.2,63.9,73,0,20160211,BS
655,655,20160211_CB,13.76,16.806666667000002,5.966666666699999,41.186666667,45,0,20160211,CB
656,656,20160211_CN,15.3375,16.4625,8.20625,52.45,71,0,20160211,CN
657,657,20160211_DG,13.3,16.1,5.5,63.8,70,0,20160211,DG
658,658,20160211_DJ,14.7,16.5,6.8,49.5,45,0,20160211,DJ
659,659,20160211_GB,12.7375,16.229166667,4.8208333333,56.754166667,88,0,20160211,GB
660,660,20160211_GG,14.054761905,14.595238095,7.469047618999999,36.05952381,243,0,20160211,GG
661,661,20160211_GJ,17.1,13.1,10.9,53.3,60,0,20160211,GJ
662,662,20160211_GN,14.086363636,14.372727272999999,7.1772727273,59.25,67,0,20160211,GN
663,663,20160211_GW,11.416666667000001,16.538888889000006,3.4722222222,60.55,52,0,20160211,GW
664,664,20160211_IC,14.4,10.97,9.13,41.75,59,0,20160211,IC
665,665,20160211_JB,16.306666667000002,14.513333333,9.633333333300001,50.0,92,0,20160211,JB
666,666,20160211_JJ,18.1,7.6,14.9,67.0,17,0,20160211,JJ
667,667,20160211_JN,15.204545455,12.204545455,10.172727273,61.490909091000006,91,0,20160211,JN
668,668,20160211_SU,13.5,11.9,8.1,29.3,218,0,20160211,SU
669,669,20160211_US,14.2,14.9,6.7,73.6,17,0,20160211,US
670,670,20160212_BS,13.9,4.2,12.3,90.9,77,0,20160212,BS
671,671,20160212_CB,11.173333332999999,4.6333333333,9.04,86.79333333299999,31,0,20160212,CB
672,672,20160212_CN,11.81875,4.60625,10.075,93.68125,56,0,20160212,CN
673,673,20160212_DG,12.6,6.9,9.7,94.0,45,0,20160212,DG
674,674,20160212_DJ,11.9,4.2,10.0,91.4,27,0,20160212,DJ
675,675,20160212_GB,11.304166667,6.533333333300001,8.5625,91.2,70,0,20160212,GB
676,676,20160212_GG,10.116666667,3.7214285714,8.5214285714,95.00952381,179,0,20160212,GG
677,677,20160212_GJ,15.6,4.3,13.7,95.8,29,0,20160212,GJ
678,678,20160212_GN,13.918181817999999,6.531818181799999,10.986363635999998,89.804545455,69,0,20160212,GN
679,679,20160212_GW,8.0,4.6,5.5222222222,94.04444444399999,38,0,20160212,GW
680,680,20160212_IC,11.01,3.62,9.52,97.0,43,0,20160212,IC
681,681,20160212_JB,13.746666667000001,4.46,12.193333333,90.66,78,0,20160212,JB
682,682,20160212_JJ,18.5,3.3,16.6,88.25,12,0,20160212,JJ
683,683,20160212_JN,15.827272727,4.5363636364,13.622727272999999,92.45,53,0,20160212,JN
684,684,20160212_SU,10.0,3.2,8.4,95.3,178,0,20160212,SU
685,685,20160212_US,14.7,8.0,11.3,92.5,11,0,20160212,US
686,686,20160213_BS,15.8,3.3,14.5,98.8,25,0,20160213,BS
687,687,20160213_CB,17.293333333,9.2466666667,11.966666667,91.53333333299999,16,0,20160213,CB
688,688,20160213_CN,18.4375,12.925,12.21875,94.0625,18,0,20160213,CN
689,689,20160213_DG,15.9,5.6,13.0,96.3,19,0,20160213,DG
690,690,20160213_DJ,18.7,9.7,13.0,92.3,14,0,20160213,DJ
691,691,20160213_GB,16.370833333,8.0375,11.758333333,94.458333333,15,0,20160213,GB
692,692,20160213_GG,15.354761905,10.304761905,10.976190476,95.23333333299999,71,0,20160213,GG
693,693,20160213_GJ,19.8,13.3,14.2,94.5,15,0,20160213,GJ
694,694,20160213_GN,16.077272727,5.0818181818,13.431818182,94.081818182,22,0,20160213,GN
695,695,20160213_GW,12.205555555999998,7.6833333333,7.9611111111,95.98333333299999,11,0,20160213,GW
696,696,20160213_IC,15.45,11.71,10.83,97.11,14,0,20160213,IC
697,697,20160213_JB,20.633333333,14.04,13.9,89.006666667,25,0,20160213,JB
698,698,20160213_JJ,18.6,9.45,14.75,94.7,4,0,20160213,JJ
699,699,20160213_JN,17.881818182,10.245454545,13.445454545,93.01818181799999,16,0,20160213,JN
700,700,20160213_SU,14.4,8.6,11.0,95.0,58,0,20160213,SU
701,701,20160213_US,16.9,4.6,14.7,95.5,2,0,20160213,US
702,702,20160214_BS,15.2,15.6,6.7,59.0,1,0,20160214,BS
703,703,20160214_CB,10.706666667,15.286666667,-0.7,73.43333333300001,1,0,20160214,CB
704,704,20160214_CN,5.59375,9.6125,-0.78125,76.80625,0,0,20160214,CN
705,705,20160214_DG,15.6,17.8,4.2,62.9,0,0,20160214,DG
706,706,20160214_DJ,8.9,12.5,-0.1,73.6,3,0,20160214,DJ
707,707,20160214_GB,12.8125,15.583333332999999,2.6458333333,65.483333333,2,0,20160214,GB
708,708,20160214_GG,5.5023809524,11.197619048,-1.821428571,74.61428571399999,4,0,20160214,GG
709,709,20160214_GJ,6.5,8.7,0.7,81.1,0,0,20160214,GJ
710,710,20160214_GN,14.9,16.25,4.5136363636,56.32272727300001,1,0,20160214,GN
711,711,20160214_GW,7.7222222222,11.377777777999999,0.0944444444,79.222222222,1,0,20160214,GW
712,712,20160214_IC,3.73,9.61,-2.54,78.76,2,0,20160214,IC
713,713,20160214_JB,6.8133333333,9.9866666667,-0.233333333,76.34,2,0,20160214,JB
714,714,20160214_JJ,9.6,7.65,4.8,68.8,0,0,20160214,JJ
715,715,20160214_JN,7.654545454500001,9.2818181818,1.1727272727,74.672727273,4,0,20160214,JN
716,716,20160214_SU,5.8,12.6,-2.6,73.1,5,0,20160214,SU
717,717,20160214_US,17.4,17.9,7.7,57.6,0,0,20160214,US
718,718,20160215_BS,4.2,7.7,-0.4,40.6,104,0,20160215,BS
719,719,20160215_CB,-1.14,6.56,-4.526666667,52.706666667,46,0,20160215,CB
720,720,20160215_CN,-0.21875,6.15,-3.50625,63.49375,70,0,20160215,CN
721,721,20160215_DG,0.9,6.1,-2.2,47.0,77,0,20160215,DG
722,722,20160215_DJ,0.8,7.5,-3.3,56.5,45,0,20160215,DJ
723,723,20160215_GB,0.4041666667,6.333333333300001,-2.904166667,43.441666667,87,0,20160215,GB
724,724,20160215_GG,-1.519047619,7.588095238099999,-5.145238095,52.361904761999995,210,0,20160215,GG
725,725,20160215_GJ,0.8,5.0,-2.1,73.5,55,0,20160215,GJ
726,726,20160215_GN,2.6318181818,6.7636363636,-1.195454545,39.722727273000004,88,0,20160215,GN
727,727,20160215_GW,-1.094444444,6.2722222222,-4.333333333,45.483333333000004,50,0,20160215,GW
728,728,20160215_IC,-2.08,6.63,-5.32,60.27,48,0,20160215,IC
729,729,20160215_JB,-0.133333333,6.046666666699999,-3.286666667,63.653333333,81,0,20160215,JB
730,730,20160215_JJ,3.8,4.35,1.6,66.9,24,0,20160215,JJ
731,731,20160215_JN,0.7136363636,4.4818181818000005,-1.722727273,67.622727273,73,0,20160215,JN
732,732,20160215_SU,-2.3,7.7,-5.8,48.4,249,0,20160215,SU
733,733,20160215_US,2.5,6.2,-0.8,35.8,9,0,20160215,US
734,734,20160216_BS,6.3,8.6,2.2,52.3,90,0,20160216,BS
735,735,20160216_CB,2.7466666667000004,8.3266666667,-1.6333333330000002,71.326666667,40,0,20160216,CB
736,736,20160216_CN,4.275,9.025,-0.3625,79.20625,41,0,20160216,CN
737,737,20160216_DG,4.9,7.3,1.1,56.0,67,0,20160216,DG
738,738,20160216_DJ,4.4,8.1,-0.2,73.5,38,0,20160216,DJ
739,739,20160216_GB,3.4791666667000003,8.1208333333,-0.345833333,57.420833333000004,68,0,20160216,GB
740,740,20160216_GG,2.1285714286,9.3547619048,-2.414285714,72.785714286,190,0,20160216,GG
741,741,20160216_GJ,5.7,8.4,1.3,69.9,40,0,20160216,GJ
742,742,20160216_GN,5.6090909091,9.3772727273,1.1863636364,53.872727273,62,0,20160216,GN
743,743,20160216_GW,2.0222222222,8.016666666699999,-1.844444444,61.816666667,33,0,20160216,GW
744,744,20160216_IC,2.28,7.9,-1.37,76.73,53,0,20160216,IC
745,745,20160216_JB,4.1266666667,7.38,0.20666666670000006,74.473333333,76,0,20160216,JB
746,746,20160216_JJ,7.95,5.9,5.2,58.05,23,0,20160216,JJ
747,747,20160216_JN,5.4818181818,7.8636363636,1.6363636363999998,64.281818182,42,0,20160216,JN
748,748,20160216_SU,1.1,7.8,-2.7,65.6,235,0,20160216,SU
749,749,20160216_US,6.6,9.3,2.3,44.9,15,0,20160216,US
750,750,20160217_BS,9.6,10.2,3.9,41.8,79,0,20160217,BS
751,751,20160217_CB,5.7266666667,11.713333333,-0.02,53.466666667,44,0,20160217,CB
752,752,20160217_CN,6.36875,11.59375,0.41875,73.23125,63,0,20160217,CN
753,753,20160217_DG,7.4,9.1,2.8,44.1,75,0,20160217,DG
754,754,20160217_DJ,6.8,11.1,0.9,61.3,33,0,20160217,DJ
755,755,20160217_GB,6.404166666699999,10.404166667,1.3833333333000002,43.8125,53,0,20160217,GB
756,756,20160217_GG,5.666666666699999,11.630952380999998,-0.071428571,59.99047619,227,0,20160217,GG
757,757,20160217_GJ,7.2,8.1,2.9,56.1,43,0,20160217,GJ
758,758,20160217_GN,8.0772727273,9.8727272727,2.65,46.740909091000006,71,0,20160217,GN
759,759,20160217_GW,5.2666666667,12.044444444000002,-0.15,50.472222222,40,0,20160217,GW
760,760,20160217_IC,4.77,6.28,1.36,67.49,54,0,20160217,IC
761,761,20160217_JB,5.8066666667,10.486666667,0.46,69.266666667,102,0,20160217,JB
762,762,20160217_JJ,8.85,4.9,6.1,53.8,12,0,20160217,JJ
763,763,20160217_JN,7.204545454500001,8.804545454500001,2.5818181818,58.081818182,56,0,20160217,JN
764,764,20160217_SU,5.4,10.6,0.0,53.9,238,0,20160217,SU
765,765,20160217_US,9.3,9.6,3.3,35.8,16,0,20160217,US
766,766,20160218_BS,9.9,9.6,5.7,49.4,55,0,20160218,BS
767,767,20160218_CB,8.9666666667,12.686666667,3.06,57.573333333,29,0,20160218,CB
768,768,20160218_CN,9.06875,12.2375,3.675,75.59375,44,0,20160218,CN
769,769,20160218_DG,10.6,13.3,3.7,57.0,52,0,20160218,DG
770,770,20160218_DJ,9.8,13.3,3.8,63.8,38,0,20160218,DJ
771,771,20160218_GB,9.65,13.108333333,2.8333333333,54.0,76,0,20160218,GB
772,772,20160218_GG,8.107142857100001,10.376190476,3.5952380952,69.16190476199999,193,0,20160218,GG
773,773,20160218_GJ,11.6,13.1,4.7,61.5,34,0,20160218,GJ
774,774,20160218_GN,10.077272727,13.340909090999999,3.7,56.077272727,68,0,20160218,GN
775,775,20160218_GW,8.255555555599999,10.077777778,3.8833333333,57.95,38,0,20160218,GW
776,776,20160218_IC,7.39,7.43,3.83,87.72,50,0,20160218,IC
777,777,20160218_JB,10.113333333,13.233333333,3.6933333333,61.946666666999995,85,0,20160218,JB
778,778,20160218_JJ,12.45,9.5,7.6,58.45,20,0,20160218,JJ
779,779,20160218_JN,10.804545455,13.272727273,3.9090909091,66.35,75,0,20160218,JN
780,780,20160218_SU,7.8,9.2,3.5,66.4,241,0,20160218,SU
781,781,20160218_US,12.1,13.9,5.0,47.9,9,0,20160218,US
782,782,20160219_BS,14.8,9.1,8.9,51.1,66,0,20160219,BS
783,783,20160219_CB,5.666666666699999,6.3933333333,2.66,61.66,40,0,20160219,CB
784,784,20160219_CN,6.11875,8.10625,2.43125,77.10625,48,0,20160219,CN
785,785,20160219_DG,11.1,11.8,5.4,56.8,60,0,20160219,DG
786,786,20160219_DJ,6.3,6.3,3.5,69.9,30,0,20160219,DJ
787,787,20160219_GB,9.2125,9.983333333300001,4.6583333333,47.858333333000004,60,0,20160219,GB
788,788,20160219_GG,4.8666666667000005,5.6738095238,2.0666666667,68.271428571,171,0,20160219,GG
789,789,20160219_GJ,11.8,9.9,7.0,58.6,38,0,20160219,GJ
790,790,20160219_GN,13.572727273,12.881818182,6.8727272727,53.318181818,62,0,20160219,GN
791,791,20160219_GW,6.6833333333,5.9722222222,3.8777777778,52.4,30,0,20160219,GW
792,792,20160219_IC,4.6,3.87,2.45,70.01,34,0,20160219,IC
793,793,20160219_JB,8.82,9.26,4.32,64.93333333300001,84,0,20160219,JB
794,794,20160219_JJ,12.05,4.4,9.8,66.95,18,0,20160219,JJ
795,795,20160219_JN,11.722727273,10.663636364,6.1272727273,64.06363636399999,51,0,20160219,JN
796,796,20160219_SU,4.4,4.3,2.3,56.4,190,0,20160219,SU
797,797,20160219_US,14.5,11.5,8.7,50.5,12,0,20160219,US
798,798,20160220_BS,11.6,7.8,7.8,56.1,15,0,20160220,BS
799,799,20160220_CB,7.98,9.76,2.0866666667,48.666666667,14,0,20160220,CB
800,800,20160220_CN,7.5375,9.09375,2.18125,58.85625,15,0,20160220,CN
801,801,20160220_DG,10.8,8.7,5.6,43.9,17,0,20160220,DG
802,802,20160220_DJ,8.9,9.9,2.5,53.5,4,0,20160220,DJ
803,803,20160220_GB,9.2375,9.795833333300001,4.0208333333,48.016666666999996,26,0,20160220,GB
804,804,20160220_GG,7.2357142857,9.8761904762,1.669047619,44.44047619,60,0,20160220,GG
805,805,20160220_GJ,9.4,8.3,4.7,44.4,7,0,20160220,GJ
806,806,20160220_GN,12.063636364,9.6909090909,6.581818181799999,42.318181818,22,0,20160220,GN
807,807,20160220_GW,6.6722222222,8.9111111111,1.8444444444,52.70555555600001,10,0,20160220,GW
808,808,20160220_IC,5.22,6.92,1.49,52.42,9,0,20160220,IC
809,809,20160220_JB,8.4666666667,9.7066666667,2.6133333333,58.8,38,0,20160220,JB
810,810,20160220_JJ,12.35,7.7,8.1,57.65,2,0,20160220,JJ
811,811,20160220_JN,9.3090909091,8.4136363636,4.5409090909,52.518181818,22,0,20160220,JN
812,812,20160220_SU,6.3,8.8,1.3,37.1,53,0,20160220,SU
813,813,20160220_US,10.4,7.1,6.8,55.4,2,0,20160220,US
814,814,20160221_BS,8.9,9.1,3.8,33.0,1,0,20160221,BS
815,815,20160221_CB,4.8933333333,9.74,-0.08,36.833333333,0,0,20160221,CB
816,816,20160221_CN,5.3375,9.55625,0.24375,55.1625,1,0,20160221,CN
817,817,20160221_DG,6.6,8.0,2.2,36.4,2,0,20160221,DG
818,818,20160221_DJ,5.8,9.5,0.4,45.4,2,0,20160221,DJ
819,819,20160221_GB,5.9958333333,9.7791666667,0.9833333333,33.483333333000004,5,0,20160221,GB
820,820,20160221_GG,4.7619047619,9.6357142857,-0.176190476,39.635714286,12,0,20160221,GG
821,821,20160221_GJ,7.3,7.6,2.4,42.4,0,0,20160221,GJ
822,822,20160221_GN,8.1136363636,10.063636364,2.7227272727,34.686363635999996,0,0,20160221,GN
823,823,20160221_GW,4.7777777778,9.144444444400001,0.2055555556,33.411111111,1,0,20160221,GW
824,824,20160221_IC,3.52,5.93,0.15,46.56,1,0,20160221,IC
825,825,20160221_JB,5.2466666667,9.2933333333,0.2733333333,52.52,1,0,20160221,JB
826,826,20160221_JJ,9.45,6.4,5.95,49.0,0,0,20160221,JJ
827,827,20160221_JN,6.9136363636,9.1181818182,1.9636363636,50.4,0,0,20160221,JN
828,828,20160221_SU,4.4,8.6,-0.6,36.4,12,0,20160221,SU
829,829,20160221_US,8.8,9.3,3.5,32.6,1,0,20160221,US
830,830,20160222_BS,10.4,7.3,6.6,44.4,79,0,20160222,BS
831,831,20160222_CB,6.626666666699999,9.16,1.8866666667,39.453333333,37,0,20160222,CB
832,832,20160222_CN,6.09375,8.24375,2.225,50.625,61,0,20160222,CN
833,833,20160222_DG,7.5,8.2,3.6,45.6,59,0,20160222,DG
834,834,20160222_DJ,7.0,8.4,2.9,43.3,37,0,20160222,DJ
835,835,20160222_GB,7.5583333333,9.075,3.175,37.8875,62,0,20160222,GB
836,836,20160222_GG,4.5666666667,6.8476190476,1.4404761905,40.102380952,180,0,20160222,GG
837,837,20160222_GJ,6.0,5.7,3.5,44.1,39,0,20160222,GJ
838,838,20160222_GN,8.3727272727,8.5136363636,4.4681818182,44.472727273000004,69,0,20160222,GN
839,839,20160222_GW,5.783333333300001,8.0555555556,1.7833333333,42.317647059,33,0,20160222,GW
840,840,20160222_IC,3.93,5.14,1.48,46.6,49,0,20160222,IC
841,841,20160222_JB,5.64,7.546666666699999,2.1066666667,52.74,83,0,20160222,JB
842,842,20160222_JJ,9.0,3.75,6.4,75.9,20,0,20160222,JJ
843,843,20160222_JN,6.4363636363999985,6.55,3.4318181818,53.290909091,61,0,20160222,JN
844,844,20160222_SU,4.2,6.4,1.1,36.6,244,0,20160222,SU
845,845,20160222_US,9.6,8.7,5.7,43.5,19,0,20160222,US
846,846,20160223_BS,12.8,8.9,7.9,37.4,74,0,20160223,BS
847,847,20160223_CB,6.74,9.6533333333,1.8666666667,48.8,41,0,20160223,CB
848,848,20160223_CN,6.74375,9.1625,2.05625,63.2,62,0,20160223,CN
849,849,20160223_DG,9.7,9.4,4.8,42.6,81,0,20160223,DG
850,850,20160223_DJ,8.1,10.8,2.5,55.3,39,0,20160223,DJ
851,851,20160223_GB,9.2791666667,10.25,4.0166666667,40.454166666999996,63,0,20160223,GB
852,852,20160223_GG,5.7452380952,9.369047619,1.0952380952,59.233333333000004,203,0,20160223,GG
853,853,20160223_GJ,9.6,9.9,4.0,43.8,35,0,20160223,GJ
854,854,20160223_GN,11.909090909000001,10.386363636,6.1727272727,38.818181818,76,0,20160223,GN
855,855,20160223_GW,7.2611111111,9.4888888889,2.4166666667,50.333333333,45,0,20160223,GW
856,856,20160223_IC,4.08,7.85,0.7,68.31,50,0,20160223,IC
857,857,20160223_JB,8.0933333333,10.12,2.56,55.506666667,96,0,20160223,JB
858,858,20160223_JJ,12.0,7.1,7.9,63.25,25,0,20160223,JJ
859,859,20160223_JN,9.4818181818,9.695454545499999,4.0772727273000005,52.690909091,55,0,20160223,JN
860,860,20160223_SU,4.5,9.0,0.7,56.0,239,0,20160223,SU
861,861,20160223_US,11.5,8.5,7.2,29.5,14,0,20160223,US
862,862,20160224_BS,8.4,8.9,3.0,49.3,71,0,20160224,BS
863,863,20160224_CB,2.9466666667,9.5066666667,-2.266666667,45.72,34,0,20160224,CB
864,864,20160224_CN,2.5625,9.48125,-2.25625,59.55,52,0,20160224,CN
865,865,20160224_DG,4.6,6.4,0.7,45.5,62,0,20160224,DG
866,866,20160224_DJ,4.1,10.6,-1.7,51.0,35,0,20160224,DJ
867,867,20160224_GB,3.725,7.770833333300001,-0.495833333,53.070833333,68,0,20160224,GB
868,868,20160224_GG,2.2952380952,9.016666666699999,-2.611904762,46.052380952,190,0,20160224,GG
869,869,20160224_GJ,3.2,6.3,-0.6,49.1,39,0,20160224,GJ
870,870,20160224_GN,6.509090909099998,8.8227272727,1.5772727272999998,36.286363636,60,0,20160224,GN
871,871,20160224_GW,2.4333333333,8.2166666667,-1.827777778,61.522222221999996,35,0,20160224,GW
872,872,20160224_IC,0.65,6.69,-2.57,54.02,49,0,20160224,IC
873,873,20160224_JB,1.9933333333,7.6733333333,-2.2,54.886666667,79,0,20160224,JB
874,874,20160224_JJ,6.4,4.4,3.5,52.95,12,0,20160224,JJ
875,875,20160224_JN,3.3318181818,5.95,-0.331818182,51.5,49,0,20160224,JN
876,876,20160224_SU,2.2,9.0,-3.0,42.0,211,0,20160224,SU
877,877,20160224_US,5.7,6.1,2.0,52.8,11,0,20160224,US
878,878,20160225_BS,8.8,10.9,3.1,34.9,75,0,20160225,BS
879,879,20160225_CB,4.9466666667000005,11.393333333,-0.246666667,50.19333333300001,33,0,20160225,CB
880,880,20160225_CN,6.075,13.00625,0.175,68.61875,49,0,20160225,CN
881,881,20160225_DG,6.8,9.9,1.6,41.3,60,0,20160225,DG
882,882,20160225_DJ,6.1,11.8,0.5,56.9,50,0,20160225,DJ
883,883,20160225_GB,5.6958333333,11.55,0.2916666667,43.429166667,70,0,20160225,GB
884,884,20160225_GG,5.585714285700001,12.019047619,-0.038095238,56.838095238,194,0,20160225,GG
885,885,20160225_GJ,7.7,11.0,1.5,47.5,45,0,20160225,GJ
886,886,20160225_GN,7.2863636364,11.331818182000001,1.3727272727000002,35.772727273,66,0,20160225,GN
887,887,20160225_GW,3.9777777778,10.922222222,-0.605555556,51.416666667,32,0,20160225,GW
888,888,20160225_IC,5.32,9.58,0.84,68.36,61,0,20160225,IC
889,889,20160225_JB,6.0,12.76,-0.286666667,57.253333333,71,0,20160225,JB
890,890,20160225_JJ,7.6,6.05,4.05,48.95,9,0,20160225,JJ
891,891,20160225_JN,6.9,11.404545455,0.9045454545,50.754545455,62,0,20160225,JN
892,892,20160225_SU,5.7,11.5,-0.2,49.9,222,0,20160225,SU
893,893,20160225_US,7.5,9.5,2.3,31.8,9,0,20160225,US
894,894,20160226_BS,10.6,9.3,6.1,52.4,79,0,20160226,BS
895,895,20160226_CB,5.926666666699999,7.3133333333,2.2533333333,75.56,35,0,20160226,CB
896,896,20160226_CN,6.3875,7.80625,2.44375,88.3125,50,0,20160226,CN
897,897,20160226_DG,8.4,10.6,3.3,68.3,83,0,20160226,DG
898,898,20160226_DJ,5.9,6.0,2.5,88.3,35,0,20160226,DJ
899,899,20160226_GB,6.966666666699999,8.866666666699999,2.6083333333,65.333333333,74,0,20160226,GB
900,900,20160226_GG,7.4357142857,10.252380952000001,2.4904761905,47.642857143,168,0,20160226,GG
901,901,20160226_GJ,7.9,9.2,3.5,74.5,26,0,20160226,GJ
902,902,20160226_GN,8.8363636364,11.313636364,3.6681818182,59.959090909,62,0,20160226,GN
903,903,20160226_GW,6.205555555599999,9.0444444444,1.7611111111000002,44.516666666999996,42,0,20160226,GW
904,904,20160226_IC,6.32,8.06,2.23,61.58,40,0,20160226,IC
905,905,20160226_JB,5.5133333333,6.926666666699999,2.1933333333,86.96666666700001,73,0,20160226,JB
906,906,20160226_JJ,12.4,9.65,8.4,50.05,16,0,20160226,JJ
907,907,20160226_JN,8.7409090909,11.354545455,3.5772727273,72.504545455,51,0,20160226,JN
908,908,20160226_SU,7.5,10.7,2.2,41.3,198,0,20160226,SU
909,909,20160226_US,9.8,11.0,5.4,50.0,10,0,20160226,US
910,910,20160227_BS,15.6,8.2,10.6,54.1,13,0,20160227,BS
911,911,20160227_CB,8.84,9.106666666699999,3.48,69.04,13,0,20160227,CB
912,912,20160227_CN,9.53125,8.6,4.475,77.0,22,0,20160227,CN
913,913,20160227_DG,12.3,10.8,6.6,66.8,17,0,20160227,DG
914,914,20160227_DJ,11.3,9.8,5.4,71.6,7,0,20160227,DJ
915,915,20160227_GB,10.6875,10.333333332999999,4.4291666667000005,67.945833333,21,0,20160227,GB
916,916,20160227_GG,7.7261904762,7.6857142857,2.8238095238,69.64047619,53,0,20160227,GG
917,917,20160227_GJ,13.7,8.5,8.9,55.9,12,0,20160227,GJ
918,918,20160227_GN,14.477272727,11.404545455,8.359090909099999,54.722727273000004,20,0,20160227,GN
919,919,20160227_GW,6.6388888889,7.8055555556,2.1388888889,67.438888889,7,0,20160227,GW
920,920,20160227_IC,6.74,5.58,3.0,82.47,13,0,20160227,IC
921,921,20160227_JB,11.373333333,9.3533333333,6.14,67.813333333,30,0,20160227,JB
922,922,20160227_JJ,14.1,4.35,11.7,70.0,1,0,20160227,JJ
923,923,20160227_JN,13.390909091,9.5727272727,8.4909090909,63.05,20,0,20160227,JN
924,924,20160227_SU,8.1,7.6,3.3,57.6,42,0,20160227,SU
925,925,20160227_US,14.3,9.5,9.0,67.4,2,0,20160227,US
926,926,20160228_BS,15.2,8.7,10.1,70.0,0,0,20160228,BS
927,927,20160228_CB,4.9666666667,7.9066666667,0.78,80.526666667,1,0,20160228,CB
928,928,20160228_CN,5.49375,8.4625,1.55625,84.06875,1,0,20160228,CN
929,929,20160228_DG,15.3,13.7,7.2,66.9,4,0,20160228,DG
930,930,20160228_DJ,5.7,6.6,2.2,86.1,0,0,20160228,DJ
931,931,20160228_GB,11.958333332999999,11.841666667,4.7458333333,71.333333333,2,0,20160228,GB
932,932,20160228_GG,6.4738095238,9.0238095238,0.8357142857,74.37857142899999,4,0,20160228,GG
933,933,20160228_GJ,14.7,13.6,6.7,76.0,1,0,20160228,GJ
934,934,20160228_GN,14.468181818,12.5,7.5136363636,68.268181818,0,0,20160228,GN
935,935,20160228_GW,5.6722222222,8.0722222222,0.6611111111,83.866666667,0,0,20160228,GW
936,936,20160228_IC,4.79,5.79,1.12,77.83,1,0,20160228,IC
937,937,20160228_JB,12.773333333,13.206666667,4.2666666667,80.04,2,0,20160228,JB
938,938,20160228_JJ,17.4,10.4,11.45,63.65,0,0,20160228,JJ
939,939,20160228_JN,14.627272727000001,12.918181817999999,7.0681818182,76.009090909,0,0,20160228,JN
940,940,20160228_SU,6.9,9.5,0.7,65.5,8,0,20160228,SU
941,941,20160228_US,15.9,12.8,9.1,68.1,1,0,20160228,US
942,942,20160229_BS,6.7,9.2,1.1,41.0,95,0,20160229,BS
943,943,20160229_CB,-0.713333333,6.38,-3.586666667,63.133333333,42,0,20160229,CB
944,944,20160229_CN,-0.05,5.05625,-2.2125,65.68125,58,0,20160229,CN
945,945,20160229_DG,2.4,5.5,-0.5,46.9,63,0,20160229,DG
946,946,20160229_DJ,0.3,5.8,-2.7,66.6,35,0,20160229,DJ
947,947,20160229_GB,2.1416666667,6.7,-1.5583333330000002,50.941666667,85,0,20160229,GB
948,948,20160229_GG,-0.495238095,5.0642857143,-3.15952381,50.94047619,194,0,20160229,GG
949,949,20160229_GJ,1.5,5.0,-1.1,63.0,39,0,20160229,GJ
950,950,20160229_GN,4.4681818182,8.0863636364,0.0227272727,43.786363636000004,80,0,20160229,GN
951,951,20160229_GW,-0.333333333,6.455555555599999,-3.4111111110000003,61.288888889,39,0,20160229,GW
952,952,20160229_IC,-0.5,3.51,-2.64,54.33,42,0,20160229,IC
953,953,20160229_JB,0.4333333333,5.76,-2.273333333,64.633333333,92,0,20160229,JB
954,954,20160229_JJ,7.55,7.05,3.25,53.2,23,0,20160229,JJ
955,955,20160229_JN,2.3318181818,5.4772727273,-0.581818182,60.427272726999995,74,0,20160229,JN
956,956,20160229_SU,-1.1,4.8,-3.8,48.6,225,0,20160229,SU
957,957,20160229_US,5.1,7.5,0.8,38.8,22,0,20160229,US
974,974,20160302_BS,11.4,11.3,6.3,42.0,108,0,20160302,BS
975,975,20160302_CB,9.4866666667,14.353333333,2.06,61.18,60,0,20160302,CB
976,976,20160302_CN,9.1125,13.46875,2.79375,79.175,72,0,20160302,CN
977,977,20160302_DG,13.5,16.9,4.8,47.4,74,0,20160302,DG
978,978,20160302_DJ,10.2,14.5,3.0,69.1,52,0,20160302,DJ
979,979,20160302_GB,11.5875,15.716666667,3.2958333333,49.25,95,0,20160302,GB
980,980,20160302_GG,8.5761904762,11.345238095,2.8738095238,72.37142857100001,309,0,20160302,GG
981,981,20160302_GJ,13.2,16.4,4.5,62.5,48,0,20160302,GJ
982,982,20160302_GN,11.613636364000001,15.359090909,4.1090909091,48.318181818,92,0,20160302,GN
983,983,20160302_GW,7.3277777778,10.788888889,2.3166666667,64.161111111,45,0,20160302,GW
984,984,20160302_IC,7.26,8.06,3.49,89.16,61,0,20160302,IC
985,985,20160302_JB,11.026666667,15.46,2.7666666667000004,63.326666667,133,0,20160302,JB
986,986,20160302_JJ,12.55,10.55,7.5,59.2,20,0,20160302,JJ
987,987,20160302_JN,11.418181817999999,15.545454545,3.5227272727,67.213636364,96,0,20160302,JN
988,988,20160302_SU,8.1,10.3,3.1,67.9,230,0,20160302,SU
989,989,20160302_US,14.6,15.3,6.8,32.5,23,0,20160302,US
990,990,20160303_BS,17.2,11.3,11.4,62.4,82,0,20160303,BS
991,991,20160303_CB,14.426666667000001,15.793333333,5.86,64.386666667,37,0,20160303,CB
992,992,20160303_CN,14.78125,13.71875,7.50625,79.475,53,0,20160303,CN
993,993,20160303_DG,17.5,19.0,8.3,54.5,83,0,20160303,DG
994,994,20160303_DJ,17.0,17.2,7.4,71.3,46,0,20160303,DJ
995,995,20160303_GB,15.908333333,17.6125,6.4333333333,55.383333333,74,0,20160303,GB
996,996,20160303_GG,13.297619048,10.211904762,7.359523809500001,70.071428571,235,0,20160303,GG
997,997,20160303_GJ,18.3,16.8,10.0,68.8,33,0,20160303,GJ
998,998,20160303_GN,16.6,16.854545455,8.4090909091,62.354545455,62,0,20160303,GN
999,999,20160303_GW,12.372222222000001,11.716666667,5.6333333333,71.411111111,42,0,20160303,GW
1000,1000,20160303_IC,11.61,7.24,8.24,82.32,42,0,20160303,IC
1001,1001,20160303_JB,16.74,17.466666667000002,7.8466666667,69.12,121,0,20160303,JB
1002,1002,20160303_JJ,15.4,8.7,12.15,67.25,24,0,20160303,JJ
1003,1003,20160303_JN,16.204545455,16.040909091,8.8636363636,72.609090909,70,0,20160303,JN
1004,1004,20160303_SU,13.9,9.5,8.1,65.1,262,0,20160303,SU
1005,1005,20160303_US,19.0,16.8,10.4,51.9,11,0,20160303,US
1006,1006,20160304_BS,12.4,1.8,11.5,96.9,73,0,20160304,BS
1007,1007,20160304_CB,14.466666667,11.84,9.133333333300001,73.186666667,35,0,20160304,CB
1008,1008,20160304_CN,14.8875,9.33125,11.14375,84.5375,69,0,20160304,CN
1009,1009,20160304_DG,9.4,5.2,7.2,91.6,75,0,20160304,DG
1010,1010,20160304_DJ,13.0,7.6,9.8,83.3,39,0,20160304,DJ
1011,1011,20160304_GB,11.704166667,10.2,7.2375,84.404166667,85,0,20160304,GB
1012,1012,20160304_GG,19.392857143,13.361904762,12.34047619,62.557142856999995,172,0,20160304,GG
1013,1013,20160304_GJ,14.0,3.9,11.8,98.8,36,0,20160304,GJ
1014,1014,20160304_GN,11.090909090999999,3.85,9.2454545455,92.47727272700001,73,0,20160304,GN
1015,1015,20160304_GW,14.138888889,13.244444444,6.9777777778,77.666666667,37,0,20160304,GW
1016,1016,20160304_IC,19.46,11.31,13.39,74.17,46,0,20160304,IC
1017,1017,20160304_JB,13.173333332999999,7.386666666699999,10.486666667,92.60666666700001,82,0,20160304,JB
1018,1018,20160304_JJ,20.2,6.55,16.5,74.9,11,0,20160304,JJ
1019,1019,20160304_JN,14.718181818,4.82,11.859090909,94.122727273,52,0,20160304,JN
1020,1020,20160304_SU,20.3,13.9,13.2,55.3,212,0,20160304,SU
1021,1021,20160304_US,10.7,3.4,9.1,91.0,8,0,20160304,US
1022,1022,20160305_BS,16.4,5.9,13.7,86.8,19,0,20160305,BS
1023,1023,20160305_CB,15.933333333,7.2933333333,12.24,86.433333333,17,0,20160305,CB
1024,1024,20160305_CN,18.53125,10.475,12.6375,91.6375,11,0,20160305,CN
1025,1025,20160305_DG,17.2,9.6,12.1,89.0,19,0,20160305,DG
1026,1026,20160305_DJ,18.0,10.3,12.2,91.9,6,0,20160305,DJ
1027,1027,20160305_GB,14.45,7.041666666699999,10.729166667000001,92.866666667,20,0,20160305,GB
1028,1028,20160305_GG,14.271428571,5.9904761905,11.254761905,92.580952381,54,0,20160305,GG
1029,1029,20160305_GJ,18.0,6.4,15.1,93.0,13,0,20160305,GJ
1030,1030,20160305_GN,16.231818182,6.7318181818,13.031818182,89.15,32,0,20160305,GN
1031,1031,20160305_GW,11.572222222,6.3611111111000005,8.0111111111,93.444444444,11,0,20160305,GW
1032,1032,20160305_IC,13.88,8.1,10.88,96.55,13,0,20160305,IC
1033,1033,20160305_JB,17.913333333,9.02,13.666666667000001,87.88,26,0,20160305,JB
1034,1034,20160305_JJ,19.75,5.4,17.15,85.45,2,0,20160305,JJ
1035,1035,20160305_JN,17.818181818,6.9363636363999985,14.636363635999999,90.75,16,0,20160305,JN
1036,1036,20160305_SU,13.5,4.4,11.3,91.3,59,0,20160305,SU
1037,1037,20160305_US,17.9,9.2,13.4,84.3,2,0,20160305,US
1038,1038,20160306_BS,17.1,5.4,13.3,98.6,0,0,20160306,BS
1039,1039,20160306_CB,14.053333333,9.4333333333,9.5066666667,64.9,1,0,20160306,CB
1040,1040,20160306_CN,13.75625,8.975,8.5375,70.06875,1,0,20160306,CN
1041,1041,20160306_DG,19.1,11.0,13.5,73.1,1,0,20160306,DG
1042,1042,20160306_DJ,14.7,8.2,10.3,69.1,1,0,20160306,DJ
1043,1043,20160306_GB,17.2125,12.016666667,11.758333333,74.5,0,0,20160306,GB
1044,1044,20160306_GG,13.476190476,9.483333333300001,7.9333333333,59.588095238,10,0,20160306,GG
1045,1045,20160306_GJ,18.5,10.0,12.2,69.5,1,0,20160306,GJ
1046,1046,20160306_GN,18.65,8.9681818182,13.718181818,85.55,2,0,20160306,GN
1047,1047,20160306_GW,12.977777778,9.75,8.6222222222,69.977777778,0,0,20160306,GW
1048,1048,20160306_IC,10.73,6.9,6.65,70.79,5,0,20160306,IC
1049,1049,20160306_JB,15.053333333,10.2,9.34,79.24,1,0,20160306,JB
1050,1050,20160306_JJ,16.15,5.05,13.1,88.1,1,0,20160306,JJ
1051,1051,20160306_JN,16.868181818,9.8636363636,11.25,77.51363636399999,1,0,20160306,JN
1052,1052,20160306_SU,12.9,8.6,7.9,51.0,9,0,20160306,SU
1053,1053,20160306_US,18.6,9.5,14.1,89.1,1,0,20160306,US
1054,1054,20160307_BS,16.2,8.4,11.4,68.4,75,0,20160307,BS
1055,1055,20160307_CB,15.633333333,13.526666667,8.313333333300001,56.826666667,47,0,20160307,CB
1056,1056,20160307_CN,14.65625,11.725,8.09375,67.23125,46,0,20160307,CN
1057,1057,20160307_DG,17.4,10.7,11.5,64.9,61,0,20160307,DG
1058,1058,20160307_DJ,16.3,12.9,9.0,65.5,53,0,20160307,DJ
1059,1059,20160307_GB,15.004166667,12.3375,8.8791666667,67.24583333300001,72,0,20160307,GB
1060,1060,20160307_GG,12.166666667000001,8.9476190476,7.7785714286,48.933333333,223,0,20160307,GG
1061,1061,20160307_GJ,18.6,11.7,11.9,65.1,48,0,20160307,GJ
1062,1062,20160307_GN,17.077272727,9.931818181799999,11.281818182,69.890909091,92,0,20160307,GN
1063,1063,20160307_GW,11.95,10.888888889,6.2777777778,67.255555556,43,0,20160307,GW
1064,1064,20160307_IC,10.32,5.33,7.42,58.42,36,0,20160307,IC
1065,1065,20160307_JB,16.966666667000002,13.6,9.313333333300001,73.24,100,0,20160307,JB
1066,1066,20160307_JJ,18.05,7.8,14.2,82.6,29,0,20160307,JJ
1067,1067,20160307_JN,16.745454545,11.186363636,10.936363636,77.327272727,71,0,20160307,JN
1068,1068,20160307_SU,12.2,7.4,8.1,36.9,252,0,20160307,SU
1069,1069,20160307_US,16.6,10.5,10.6,70.3,20,0,20160307,US
1070,1070,20160308_BS,13.4,8.3,9.6,66.6,74,0,20160308,BS
1071,1071,20160308_CB,7.6866666667,6.2333333333,4.5333333333,42.06,29,0,20160308,CB
1072,1072,20160308_CN,7.1625,6.1375,4.18125,55.74375,56,0,20160308,CN
1073,1073,20160308_DG,10.6,3.5,8.9,41.1,64,0,20160308,DG
1074,1074,20160308_DJ,7.8,6.1,5.0,51.1,34,0,20160308,DJ
1075,1075,20160308_GB,10.125,5.9916666667,7.3166666667,39.533333333,62,0,20160308,GB
1076,1076,20160308_GG,6.880952381,7.5476190476,3.1976190476,44.180952381000004,187,0,20160308,GG
1077,1077,20160308_GJ,11.4,9.8,6.5,63.8,42,0,20160308,GJ
1078,1078,20160308_GN,11.913636364,7.868181818200001,8.3636363636,59.868181818000004,60,0,20160308,GN
1079,1079,20160308_GW,8.25,6.9833333333,4.8166666667,45.177777778,44,0,20160308,GW
1080,1080,20160308_IC,6.14,7.27,2.58,51.43,37,0,20160308,IC
1081,1081,20160308_JB,8.473333333300001,6.2933333333000006,5.42,58.086666666999996,100,0,20160308,JB
1082,1082,20160308_JJ,14.85,7.95,10.95,77.4,12,0,20160308,JJ
1083,1083,20160308_JN,10.763636364000002,8.7590909091,6.5590909091,68.895454545,58,0,20160308,JN
1084,1084,20160308_SU,7.0,8.4,2.7,40.4,227,0,20160308,SU
1085,1085,20160308_US,11.2,3.9,9.6,48.5,15,0,20160308,US
1086,1086,20160309_BS,13.4,10.8,6.9,70.5,74,0,20160309,BS
1087,1087,20160309_CB,7.8666666667,8.9266666667,2.04,41.006666667,38,0,20160309,CB
1088,1088,20160309_CN,5.96875,6.8,1.4625,50.15625,55,0,20160309,CN
1089,1089,20160309_DG,12.2,8.0,6.4,46.8,54,0,20160309,DG
1090,1090,20160309_DJ,8.4,9.5,2.2,45.6,33,0,20160309,DJ
1091,1091,20160309_GB,9.6583333333,7.8875,4.6791666667000005,50.370833333,54,0,20160309,GB
1092,1092,20160309_GG,6.3214285714,8.340476190499999,1.0642857143,39.69047619,192,0,20160309,GG
1093,1093,20160309_GJ,8.1,7.1,3.0,51.0,26,0,20160309,GJ
1094,1094,20160309_GN,12.068181818,10.509090909,5.8590909091,59.65,60,0,20160309,GN
1095,1095,20160309_GW,6.6722222222,8.2277777778,1.5166666667,59.32777777800001,37,0,20160309,GW
1096,1096,20160309_IC,3.52,5.59,-0.03,47.86,49,0,20160309,IC
1097,1097,20160309_JB,7.373333333300001,7.7666666667,2.2666666667,48.166666667,76,0,20160309,JB
1098,1098,20160309_JJ,10.25,4.55,7.35,65.55,10,0,20160309,JJ
1099,1099,20160309_JN,7.918181818200001,6.968181818200001,3.1954545455,56.795454545,51,0,20160309,JN
1100,1100,20160309_SU,5.3,8.0,0.3,37.5,224,0,20160309,SU
1101,1101,20160309_US,10.6,7.3,5.9,73.4,11,0,20160309,US
1102,1102,20160310_BS,10.8,8.7,5.6,37.8,55,0,20160310,BS
1103,1103,20160310_CB,4.54,7.286666666699999,0.1066666667,37.486666667,38,0,20160310,CB
1104,1104,20160310_CN,4.19375,6.875,0.28125,49.025,44,0,20160310,CN
1105,1105,20160310_DG,7.0,6.7,2.9,35.0,68,0,20160310,DG
1106,1106,20160310_DJ,5.6,8.7,0.3,44.3,34,0,20160310,DJ
1107,1107,20160310_GB,6.6708333333,8.2791666667,1.95,44.545833333000004,42,0,20160310,GB
1108,1108,20160310_GG,4.1666666667,7.6428571429,-0.235714286,38.447619048,207,0,20160310,GG
1109,1109,20160310_GJ,5.8,6.6,1.3,41.3,31,0,20160310,GJ
1110,1110,20160310_GN,8.8318181818,8.5454545455,3.8409090909,31.0,58,0,20160310,GN
1111,1111,20160310_GW,4.1611111111,7.5666666667,0.0611111111,46.25,42,0,20160310,GW
1112,1112,20160310_IC,2.48,5.17,-0.33,47.03,36,0,20160310,IC
1113,1113,20160310_JB,5.0733333333,7.7333333333,0.3133333333,45.0,73,0,20160310,JB
1114,1114,20160310_JJ,8.5,4.7,5.9,55.55,18,0,20160310,JJ
1115,1115,20160310_JN,5.5681818182,6.1409090909,1.6045454545,43.890909091000005,56,0,20160310,JN
1116,1116,20160310_SU,3.1,7.4,-1.1,37.8,229,0,20160310,SU
1117,1117,20160310_US,9.8,7.8,5.2,35.4,10,0,20160310,US
1118,1118,20160311_BS,10.0,10.8,3.5,41.5,78,0,20160311,BS
1119,1119,20160311_CB,5.1266666667,9.8466666667,-0.08666666699999999,41.686666667,29,0,20160311,CB
1120,1120,20160311_CN,5.1875,10.125,-0.03125,55.79375,48,0,20160311,CN
1121,1121,20160311_DG,6.9,8.7,2.3,38.4,61,0,20160311,DG
1122,1122,20160311_DJ,6.4,10.7,0.6,46.8,30,0,20160311,DJ
1123,1123,20160311_GB,6.0,9.9375,0.7083333333,42.008333333,68,0,20160311,GB
1124,1124,20160311_GG,4.880952381,9.7238095238,-0.045238095,44.895238095,193,0,20160311,GG
1125,1125,20160311_GJ,6.1,8.2,1.4,46.6,31,0,20160311,GJ
1126,1126,20160311_GN,7.845454545499999,10.25,2.3136363636,37.072727273000005,51,0,20160311,GN
1127,1127,20160311_GW,4.6055555556,10.122222222000001,-0.4166666670000001,41.422222221999995,35,0,20160311,GW
1128,1128,20160311_IC,3.45,6.36,0.01,54.73,51,0,20160311,IC
1129,1129,20160311_JB,4.9466666667000005,9.0933333333,-0.04,53.673333333,69,0,20160311,JB
1130,1130,20160311_JJ,8.7,5.95,5.15,52.15,17,0,20160311,JJ
1131,1131,20160311_JN,6.168181818200001,8.536363636399999,1.5181818182,48.96818181800001,55,0,20160311,JN
1132,1132,20160311_SU,4.6,10.1,-0.5,43.8,189,0,20160311,SU
1133,1133,20160311_US,8.3,9.3,2.8,39.4,9,0,20160311,US
1134,1134,20160312_BS,10.3,9.6,5.1,35.9,20,0,20160312,BS
1135,1135,20160312_CB,8.6466666667,13.926666667000001,1.84,44.88,16,0,20160312,CB
1136,1136,20160312_CN,8.33125,13.80625,1.6125,61.03125,23,0,20160312,CN
1137,1137,20160312_DG,9.8,11.6,4.1,40.1,12,0,20160312,DG
1138,1138,20160312_DJ,10.2,15.2,2.8,44.1,9,0,20160312,DJ
1139,1139,20160312_GB,8.8,13.475,2.3833333333,45.175,15,0,20160312,GB
1140,1140,20160312_GG,7.330952381,11.00952381,1.9476190476,60.266666666999996,45,0,20160312,GG
1141,1141,20160312_GJ,10.6,13.1,4.1,36.3,15,0,20160312,GJ
1142,1142,20160312_GN,10.1,12.572727273,3.7136363636,38.172727273,13,0,20160312,GN
1143,1143,20160312_GW,7.1055555556,11.716666667,1.7722222222,52.244444443999996,7,0,20160312,GW
1144,1144,20160312_IC,5.59,6.85,2.52,75.01,14,0,20160312,IC
1145,1145,20160312_JB,9.0133333333,14.34,1.98,49.066666667,23,0,20160312,JB
1146,1146,20160312_JJ,9.15,7.05,6.1,48.55,2,0,20160312,JJ
1147,1147,20160312_JN,9.7818181818,13.1,3.5454545455,41.927272726999995,21,0,20160312,JN
1148,1148,20160312_SU,6.4,9.7,2.0,55.6,48,0,20160312,SU
1149,1149,20160312_US,10.6,11.4,4.6,34.3,4,0,20160312,US
1150,1150,20160313_BS,10.7,5.5,7.6,44.6,3,0,20160313,BS
1151,1151,20160313_CB,7.333333333300001,8.0133333333,2.82,57.513333333,0,0,20160313,CB
1152,1152,20160313_CN,8.9125,8.8875,3.71875,66.975,1,0,20160313,CN
1153,1153,20160313_DG,9.3,7.1,5.7,50.9,1,0,20160313,DG
1154,1154,20160313_DJ,9.2,8.4,4.1,56.5,0,0,20160313,DJ
1155,1155,20160313_GB,9.0,8.7375,4.3291666667,52.15,1,0,20160313,GB
1156,1156,20160313_GG,7.2119047619,6.114285714299999,3.5476190476,70.164285714,6,0,20160313,GG
1157,1157,20160313_GJ,8.7,5.7,5.2,57.3,0,0,20160313,GJ
1158,1158,20160313_GN,9.4181818182,6.918181818200001,5.7318181818,49.204545455,2,0,20160313,GN
1159,1159,20160313_GW,7.0611111111,6.0722222222000015,3.6333333333,66.366666667,2,0,20160313,GW
1160,1160,20160313_IC,6.44,4.29,3.67,84.07,1,0,20160313,IC
1161,1161,20160313_JB,8.9133333333,8.4333333333,4.2266666667,54.613333333,4,0,20160313,JB
1162,1162,20160313_JJ,10.1,3.65,8.15,73.8,0,0,20160313,JJ
1163,1163,20160313_JN,8.3409090909,6.0045454545000005,4.8181818182,63.395454545,0,0,20160313,JN
1164,1164,20160313_SU,6.5,4.6,3.7,68.1,7,0,20160313,SU
1165,1165,20160313_US,10.5,7.3,7.1,43.0,0,0,20160313,US
1166,1166,20160314_BS,14.3,10.2,7.7,57.8,82,0,20160314,BS
1167,1167,20160314_CB,9.7266666667,10.846666667000001,3.5466666667,61.46,49,0,20160314,CB
1168,1168,20160314_CN,9.225,10.53125,3.51875,72.4125,66,0,20160314,CN
1169,1169,20160314_DG,12.1,9.9,6.2,56.1,68,0,20160314,DG
1170,1170,20160314_DJ,10.2,9.9,4.4,64.1,51,0,20160314,DJ
1171,1171,20160314_GB,10.229166667000001,11.733333333,3.8043478261,60.247826087,81,0,20160314,GB
1172,1172,20160314_GG,9.7761904762,9.4238095238,4.4761904762,64.866666667,211,0,20160314,GG
1173,1173,20160314_GJ,9.9,8.4,4.9,61.1,48,0,20160314,GJ
1174,1174,20160314_GN,12.990909090999999,11.972727273,6.43,51.1,77,0,20160314,GN
1175,1175,20160314_GW,8.461111111100001,9.744444444400001,3.0333333333,66.622222222,47,0,20160314,GW
1176,1176,20160314_IC,8.5,6.63,4.77,68.19,51,0,20160314,IC
1177,1177,20160314_JB,8.7933333333,10.193333333,3.1,70.36,106,0,20160314,JB
1178,1178,20160314_JJ,11.3,5.9,8.1,58.7,17,0,20160314,JJ
1179,1179,20160314_JN,10.027272727,9.4090909091,4.8545454545,64.972727273,58,0,20160314,JN
1180,1180,20160314_SU,9.6,8.3,4.7,57.0,238,0,20160314,SU
1181,1181,20160314_US,11.3,8.7,5.7,62.5,15,0,20160314,US
1182,1182,20160315_BS,12.3,9.1,8.2,49.5,72,0,20160315,BS
1183,1183,20160315_CB,13.34,16.52,5.24,44.746666667,41,0,20160315,CB
1184,1184,20160315_CN,12.81875,16.95625,4.2875,63.85,51,0,20160315,CN
1185,1185,20160315_DG,15.6,17.0,7.6,49.8,68,0,20160315,DG
1186,1186,20160315_DJ,14.0,16.7,6.0,48.3,41,0,20160315,DJ
1187,1187,20160315_GB,13.933333333,16.6625,6.1166666667,49.091666667,62,0,20160315,GB
1188,1188,20160315_GG,12.473809524000002,14.688095237999999,4.9880952381,51.480952381,180,0,20160315,GG
1189,1189,20160315_GJ,15.5,16.0,7.2,47.6,29,0,20160315,GJ
1190,1190,20160315_GN,14.131818182,14.568181818,6.8045454545,48.65,61,0,20160315,GN
1191,1191,20160315_GW,12.544444444000002,15.761111110999998,5.5277777778,49.627777778,32,0,20160315,GW
1192,1192,20160315_IC,9.45,9.29,4.83,61.69,53,0,20160315,IC
1193,1193,20160315_JB,13.56,16.82,4.96,55.226666666999996,64,0,20160315,JB
1194,1194,20160315_JJ,12.25,8.25,8.75,56.2,10,0,20160315,JJ
1195,1195,20160315_JN,13.577272727,15.013636364000002,6.1454545455,55.595454545,58,0,20160315,JN
1196,1196,20160315_SU,12.4,13.4,5.2,43.4,242,0,20160315,SU
1197,1197,20160315_US,13.0,13.1,7.1,53.0,17,0,20160315,US
1198,1198,20160316_BS,16.2,8.9,11.2,45.9,75,0,20160316,BS
1199,1199,20160316_CB,16.213333332999998,13.92,8.133333333300001,36.86,32,0,20160316,CB
1200,1200,20160316_CN,14.89375,13.975,6.96875,54.71875,58,0,20160316,CN
1201,1201,20160316_DG,18.6,13.2,11.2,35.9,75,0,20160316,DG
1202,1202,20160316_DJ,17.1,13.6,9.2,40.1,31,0,20160316,DJ
1203,1203,20160316_GB,18.004166667,14.116666667,9.983333333300001,32.604166667,52,0,20160316,GB
1204,1204,20160316_GG,14.319047619000001,12.15,7.2738095238,50.971428571000004,236,0,20160316,GG
1205,1205,20160316_GJ,17.4,13.1,9.6,50.3,34,0,20160316,GJ
1206,1206,20160316_GN,17.054545455,12.936363636,9.4727272727,48.95,77,0,20160316,GN
1207,1207,20160316_GW,16.4,12.827777778,9.255555555599999,35.2,33,0,20160316,GW
1208,1208,20160316_IC,11.66,8.62,6.71,70.0,58,0,20160316,IC
1209,1209,20160316_JB,15.54,13.813333333,7.52,45.686666667,74,0,20160316,JB
1210,1210,20160316_JJ,15.5,7.5,11.6,58.1,8,0,20160316,JJ
1211,1211,20160316_JN,16.331818182,12.881818182,8.9181818182,60.004545455,55,0,20160316,JN
1212,1212,20160316_SU,13.8,11.1,7.5,45.1,236,0,20160316,SU
1213,1213,20160316_US,20.0,14.5,11.4,44.3,11,0,20160316,US
1214,1214,20160317_BS,16.9,9.1,12.6,57.4,76,0,20160317,BS
1215,1215,20160317_CB,18.36,19.48,9.34,39.106666667,32,0,20160317,CB
1216,1216,20160317_CN,17.45625,19.0125,8.8375,59.2125,51,0,20160317,CN
1217,1217,20160317_DG,21.1,19.2,12.4,37.0,65,0,20160317,DG
1218,1218,20160317_DJ,18.9,19.4,10.1,44.9,35,0,20160317,DJ
1219,1219,20160317_GB,19.9125,18.4375,11.375,34.554166667,65,0,20160317,GB
1220,1220,20160317_GG,15.535714286,15.35952381,8.7,46.966666667,198,0,20160317,GG
1221,1221,20160317_GJ,19.4,15.6,12.4,54.8,31,0,20160317,GJ
1222,1222,20160317_GN,18.440909090999998,16.190909090999998,10.672727273,55.027272726999996,67,0,20160317,GN
1223,1223,20160317_GW,17.338888889,15.994444444,9.8388888889,38.316666667,34,0,20160317,GW
1224,1224,20160317_IC,12.64,10.45,8.41,58.54,49,0,20160317,IC
1225,1225,20160317_JB,18.566666667,18.973333333,9.74,55.74,88,0,20160317,JB
1226,1226,20160317_JJ,19.5,10.85,14.4,66.95,14,0,20160317,JJ
1227,1227,20160317_JN,18.404545455,15.977272727,10.990909090999999,61.48636363600001,67,0,20160317,JN
1228,1228,20160317_SU,14.7,12.7,9.3,40.9,207,0,20160317,SU
1229,1229,20160317_US,19.6,15.2,12.7,42.8,14,0,20160317,US
1230,1230,20160318_BS,13.4,1.9,12.7,97.9,58,0,20160318,BS
1231,1231,20160318_CB,14.366666667,7.1866666667,10.286666667,74.653333333,33,0,20160318,CB
1232,1232,20160318_CN,16.36875,8.5125,11.20625,81.0375,40,0,20160318,CN
1233,1233,20160318_DG,13.7,5.1,10.7,89.8,49,0,20160318,DG
1234,1234,20160318_DJ,13.9,5.5,11.0,88.0,20,0,20160318,DJ
1235,1235,20160318_GB,13.379166667,5.3041666667000005,10.545833333,84.725,64,0,20160318,GB
1236,1236,20160318_GG,19.669047619,11.933333333,12.511904762,56.24047619,170,0,20160318,GG
1237,1237,20160318_GJ,14.4,4.7,12.0,96.6,22,0,20160318,GJ
1238,1238,20160318_GN,12.781818182,4.1681818182,10.777272727,92.80909090899999,47,0,20160318,GN
1239,1239,20160318_GW,18.061111111,11.605555555999999,11.366666667,56.961111111,39,0,20160318,GW
1240,1240,20160318_IC,17.59,9.74,11.98,69.01,41,0,20160318,IC
1241,1241,20160318_JB,15.493333332999999,7.0133333333,11.226666667,91.23333333299999,64,0,20160318,JB
1242,1242,20160318_JJ,17.85,4.45,14.7,94.4,19,0,20160318,JJ
1243,1243,20160318_JN,14.331818182000001,5.3181818182,11.7,93.01363636399999,56,0,20160318,JN
1244,1244,20160318_SU,20.1,11.3,13.4,50.0,191,0,20160318,SU
1245,1245,20160318_US,14.0,3.1,12.7,89.4,9,0,20160318,US
1246,1246,20160319_BS,19.4,9.0,13.3,66.6,17,0,20160319,BS
1247,1247,20160319_CB,17.58,12.62,10.06,67.646666667,8,0,20160319,CB
1248,1248,20160319_CN,15.9375,12.55,8.94375,77.0375,21,0,20160319,CN
1249,1249,20160319_DG,16.9,10.2,10.8,73.4,19,0,20160319,DG
1250,1250,20160319_DJ,18.2,11.4,11.0,75.4,11,0,20160319,DJ
1251,1251,20160319_GB,16.320833333,10.870833333,10.295833333,71.783333333,16,0,20160319,GB
1252,1252,20160319_GG,17.335714285999998,12.535714286,10.388095238,64.383333333,62,0,20160319,GG
1253,1253,20160319_GJ,18.5,12.1,11.6,66.1,12,0,20160319,GJ
1254,1254,20160319_GN,18.959090909,10.954545455,12.427272727,69.340909091,23,0,20160319,GN
1255,1255,20160319_GW,16.705555556,12.688888889000001,9.7944444444,63.016666666999996,11,0,20160319,GW
1256,1256,20160319_IC,14.66,7.57,9.95,74.4,11,0,20160319,IC
1257,1257,20160319_JB,15.993333332999999,11.826666667000001,9.0866666667,78.07333333300001,34,0,20160319,JB
1258,1258,20160319_JJ,17.4,6.55,13.85,73.9,0,0,20160319,JJ
1259,1259,20160319_JN,16.940909090999998,11.227272727,10.95,71.863636364,34,0,20160319,JN
1260,1260,20160319_SU,18.1,11.5,11.4,58.3,57,0,20160319,SU
1261,1261,20160319_US,16.0,7.6,11.7,69.0,5,0,20160319,US
1262,1262,20160320_BS,14.2,5.6,10.6,60.9,1,0,20160320,BS
1263,1263,20160320_CB,15.906666667,13.46,8.946666666699999,60.066666667,2,0,20160320,CB
1264,1264,20160320_CN,15.425,14.925,7.1375,76.0625,0,0,20160320,CN
1265,1265,20160320_DG,11.7,4.4,9.0,65.1,1,0,20160320,DG
1266,1266,20160320_DJ,17.5,14.5,9.7,62.8,0,0,20160320,DJ
1267,1267,20160320_GB,11.8125,8.2708333333,7.5583333333,67.225,0,0,20160320,GB
1268,1268,20160320_GG,16.654761905,13.45,9.1714285714,62.357142857,10,0,20160320,GG
1269,1269,20160320_GJ,17.7,14.2,9.2,67.8,0,0,20160320,GJ
1270,1270,20160320_GN,13.918181817999999,6.4727272726999985,10.031818182,63.05,2,0,20160320,GN
1271,1271,20160320_GW,12.011111110999998,8.9277777778,7.6611111111,64.65,1,0,20160320,GW
1272,1272,20160320_IC,13.28,9.15,8.26,77.6,2,0,20160320,IC
1273,1273,20160320_JB,15.533333333,14.446666667,7.54,73.21333333300001,2,0,20160320,JB
1274,1274,20160320_JJ,15.1,6.8,11.8,73.35,0,0,20160320,JJ
1275,1275,20160320_JN,15.081818182000001,11.886363635999999,8.55,73.98636363600001,3,0,20160320,JN
1276,1276,20160320_SU,17.5,12.6,10.6,54.0,6,0,20160320,SU
1277,1277,20160320_US,11.7,4.0,9.1,63.9,3,0,20160320,US
1278,1278,20160321_BS,14.8,7.5,10.2,59.6,96,0,20160321,BS
1279,1279,20160321_CB,16.993333333,15.36,9.0066666667,54.186666667,39,0,20160321,CB
1280,1280,20160321_CN,15.71875,15.25,7.3,72.20625,73,0,20160321,CN
1281,1281,20160321_DG,16.8,11.6,10.8,54.4,69,0,20160321,DG
1282,1282,20160321_DJ,17.4,15.1,9.5,57.6,43,0,20160321,DJ
1283,1283,20160321_GB,15.216666667,13.629166667,8.2166666667,60.529166667,66,0,20160321,GB
1284,1284,20160321_GG,16.554761905,13.311904762000001,8.9928571429,61.13095238100001,234,0,20160321,GG
1285,1285,20160321_GJ,18.0,13.7,10.1,62.9,46,0,20160321,GJ
1286,1286,20160321_GN,16.1,10.695454545,9.8318181818,60.818181818,87,0,20160321,GN
1287,1287,20160321_GW,15.116666667,14.377777777999999,8.394444444400001,60.38888888899999,38,0,20160321,GW
1288,1288,20160321_IC,12.48,8.1,7.43,82.5,35,0,20160321,IC
1289,1289,20160321_JB,15.566666667,14.526666667,7.7133333333,70.366666667,96,0,20160321,JB
1290,1290,20160321_JJ,15.25,6.35,12.0,63.35,18,0,20160321,JJ
1291,1291,20160321_JN,16.054545455,12.8,9.1590909091,70.56363636399999,66,0,20160321,JN
1292,1292,20160321_SU,16.1,10.6,9.9,54.1,260,0,20160321,SU
1293,1293,20160321_US,13.9,7.6,9.7,56.5,13,0,20160321,US
1294,1294,20160322_BS,16.8,9.7,12.3,60.1,80,0,20160322,BS
1295,1295,20160322_CB,16.793333333,15.626666667,9.026666666699999,42.933333333,36,0,20160322,CB
1296,1296,20160322_CN,15.175,14.84375,7.41875,69.39375,52,0,20160322,CN
1297,1297,20160322_DG,20.2,15.7,12.9,45.0,65,0,20160322,DG
1298,1298,20160322_DJ,17.6,16.1,9.4,52.6,42,0,20160322,DJ
1299,1299,20160322_GB,19.183333333,16.725,10.925,45.866666667,73,0,20160322,GB
1300,1300,20160322_GG,14.278571429000001,12.626190476,7.6238095238,63.754761905,212,0,20160322,GG
1301,1301,20160322_GJ,18.4,14.6,9.6,59.1,29,0,20160322,GJ
1302,1302,20160322_GN,18.631818182,15.104545455,10.686363636,60.172727273,57,0,20160322,GN
1303,1303,20160322_GW,16.038888889000006,13.85,9.1833333333,48.61111111100001,39,0,20160322,GW
1304,1304,20160322_IC,9.85,6.57,5.99,89.76,43,0,20160322,IC
1305,1305,20160322_JB,15.946666667,15.62,7.5533333333,62.706666667,90,0,20160322,JB
1306,1306,20160322_JJ,15.65,8.2,11.3,65.7,23,0,20160322,JJ
1307,1307,20160322_JN,16.309090909000002,13.590909090999999,8.9136363636,64.35,78,0,20160322,JN
1308,1308,20160322_SU,13.8,10.3,8.0,58.1,232,0,20160322,SU
1309,1309,20160322_US,20.9,16.6,12.2,56.4,10,0,20160322,US
1310,1310,20160323_BS,15.1,6.9,11.0,66.5,61,0,20160323,BS
1311,1311,20160323_CB,13.426666667000001,9.6266666667,7.64,46.86,29,0,20160323,CB
1312,1312,20160323_CN,12.90625,9.5,7.25,62.10625,58,0,20160323,CN
1313,1313,20160323_DG,15.7,9.3,10.0,61.1,50,0,20160323,DG
1314,1314,20160323_DJ,14.5,9.9,8.3,55.0,27,0,20160323,DJ
1315,1315,20160323_GB,13.7,9.0833333333,8.6291666667,54.929166667,64,0,20160323,GB
1316,1316,20160323_GG,13.614285714000001,10.09047619,8.0571428571,54.238095238,203,0,20160323,GG
1317,1317,20160323_GJ,15.1,10.2,8.4,51.0,30,0,20160323,GJ
1318,1318,20160323_GN,16.222727273,10.081818182000001,10.686363636,56.45,63,0,20160323,GN
1319,1319,20160323_GW,10.666666667000001,8.505555555599999,5.8888888889,66.56666666699999,39,0,20160323,GW
1320,1320,20160323_IC,11.42,7.52,7.18,61.87,47,0,20160323,IC
1321,1321,20160323_JB,13.446666667,10.466666667,7.0933333333,62.126666666999995,66,0,20160323,JB
1322,1322,20160323_JJ,15.45,7.95,10.85,58.2,14,0,20160323,JJ
1323,1323,20160323_JN,14.627272727000001,9.7045454545,8.4727272727,56.23636363600001,48,0,20160323,JN
1324,1324,20160323_SU,13.8,10.0,8.2,49.6,213,0,20160323,SU
1325,1325,20160323_US,12.8,5.4,9.4,65.0,8,0,20160323,US
1326,1326,20160324_BS,13.5,8.1,8.6,58.1,70,0,20160324,BS
1327,1327,20160324_CB,12.673333332999999,12.573333332999999,6.28,46.273333333000004,36,0,20160324,CB
1328,1328,20160324_CN,12.3875,12.51875,5.8,55.725,49,0,20160324,CN
1329,1329,20160324_DG,10.8,7.8,6.8,64.8,45,0,20160324,DG
1330,1330,20160324_DJ,13.3,11.7,6.9,49.4,33,0,20160324,DJ
1331,1331,20160324_GB,11.408333333,9.7125,6.4208333333,56.820833333,74,0,20160324,GB
1332,1332,20160324_GG,12.807142857,12.219047619000001,6.588095238099999,43.833333333,209,0,20160324,GG
1333,1333,20160324_GJ,14.4,12.2,7.3,45.9,39,0,20160324,GJ
1334,1334,20160324_GN,12.75,8.1454545455,8.1,53.21818181800001,49,0,20160324,GN
1335,1335,20160324_GW,10.838888889000001,11.311111110999999,5.1166666667000005,57.783333333,33,0,20160324,GW
1336,1336,20160324_IC,10.26,8.17,6.12,46.08,47,0,20160324,IC
1337,1337,20160324_JB,12.74,13.54,5.426666666699999,57.073333333,73,0,20160324,JB
1338,1338,20160324_JJ,13.6,7.3,9.55,49.8,15,0,20160324,JJ
1339,1339,20160324_JN,12.863636364000001,10.477272727,6.9954545455,53.772727273,60,0,20160324,JN
1340,1340,20160324_SU,12.7,11.1,7.2,36.5,225,0,20160324,SU
1341,1341,20160324_US,10.4,6.2,7.2,60.5,10,0,20160324,US
1342,1342,20160325_BS,11.7,5.4,8.1,58.8,73,0,20160325,BS
1343,1343,20160325_CB,11.76,11.013333333,5.92,49.306666666999995,28,0,20160325,CB
1344,1344,20160325_CN,12.15625,13.68125,4.875,64.34375,65,0,20160325,CN
1345,1345,20160325_DG,11.6,8.3,6.5,71.3,47,0,20160325,DG
1346,1346,20160325_DJ,13.3,12.1,6.8,50.4,31,0,20160325,DJ
1347,1347,20160325_GB,9.9125,7.4375,5.666666666699999,67.341666667,64,0,20160325,GB
1348,1348,20160325_GG,12.271428571,11.480952381,6.1476190476,53.357142857,157,0,20160325,GG
1349,1349,20160325_GJ,14.1,12.2,6.7,58.6,25,0,20160325,GJ
1350,1350,20160325_GN,11.154545455,6.3272727273000005,7.368181818200001,65.381818182,55,0,20160325,GN
1351,1351,20160325_GW,10.277777777999999,9.144444444400001,5.1277777778,65.111111111,36,0,20160325,GW
1352,1352,20160325_IC,10.11,8.27,6.03,67.71,40,0,20160325,IC
1353,1353,20160325_JB,11.853333333,12.12,5.2666666667,62.546666667,75,0,20160325,JB
1354,1354,20160325_JJ,12.8,5.75,9.4,57.05,14,0,20160325,JJ
1355,1355,20160325_JN,12.304545455,11.195454545,6.118181818200001,64.23636363600001,58,0,20160325,JN
1356,1356,20160325_SU,12.6,10.5,7.1,43.9,202,0,20160325,SU
1357,1357,20160325_US,10.4,5.3,7.3,64.3,12,0,20160325,US
1358,1358,20160326_BS,11.1,5.5,7.4,78.0,26,0,20160326,BS
1359,1359,20160326_CB,12.546666667,13.42,5.586666666699999,48.026666667,12,0,20160326,CB
1360,1360,20160326_CN,12.10625,14.58125,4.33125,65.5125,21,0,20160326,CN
1361,1361,20160326_DG,13.6,10.8,7.2,72.5,17,0,20160326,DG
1362,1362,20160326_DJ,12.9,13.1,6.4,55.5,8,0,20160326,DJ
1363,1363,20160326_GB,12.766666667,11.795833333,6.15,66.829166667,17,0,20160326,GB
1364,1364,20160326_GG,12.826190475999999,12.680952380999999,5.757142857100001,58.65952381,62,0,20160326,GG
1365,1365,20160326_GJ,11.1,10.1,5.2,63.5,13,0,20160326,GJ
1366,1366,20160326_GN,11.9,9.1727272727,6.8227272727,68.959090909,24,0,20160326,GN
1367,1367,20160326_GW,12.777777777999999,13.188888889000001,5.8666666667,58.938888889,8,0,20160326,GW
1368,1368,20160326_IC,10.35,7.98,5.92,77.04,12,0,20160326,IC
1369,1369,20160326_JB,11.313333333,12.846666667000001,4.62,62.893333333,27,0,20160326,JB
1370,1370,20160326_JJ,12.55,6.4,8.65,48.35,5,0,20160326,JJ
1371,1371,20160326_JN,10.772727273,10.431818182,5.340909090899999,60.081818182,19,0,20160326,JN
1372,1372,20160326_SU,12.6,10.5,6.5,54.5,66,0,20160326,SU
1373,1373,20160326_US,11.4,7.7,5.7,87.6,1,0,20160326,US
1374,1374,20160327_BS,16.2,11.9,9.5,58.3,2,0,20160327,BS
1375,1375,20160327_CB,14.346666667000001,15.4,6.5133333333,41.613333333,1,0,20160327,CB
1376,1376,20160327_CN,13.7,15.8375,5.25,62.04375,0,0,20160327,CN
1377,1377,20160327_DG,15.7,13.9,9.7,46.8,3,0,20160327,DG
1378,1378,20160327_DJ,15.1,15.4,7.2,49.8,0,0,20160327,DJ
1379,1379,20160327_GB,14.866666667,14.65,7.720833333300001,48.995833333,0,0,20160327,GB
1380,1380,20160327_GG,13.604761905,12.997619047999999,6.5952380952,57.354761905,4,0,20160327,GG
1381,1381,20160327_GJ,15.3,14.2,7.1,49.9,0,0,20160327,GJ
1382,1382,20160327_GN,15.072727273,13.45,8.2181818182,54.640909091000005,3,0,20160327,GN
1383,1383,20160327_GW,14.244444444,14.083333332999999,7.55,47.383333333,0,0,20160327,GW
1384,1384,20160327_IC,10.71,8.06,6.3,79.7,1,0,20160327,IC
1385,1385,20160327_JB,13.22,14.233333333,5.5,57.48,1,0,20160327,JB
1386,1386,20160327_JJ,13.45,8.1,9.75,47.5,0,0,20160327,JJ
1387,1387,20160327_JN,13.927272727,13.704545455,6.6863636363999985,54.109090908999995,2,0,20160327,JN
1388,1388,20160327_SU,13.1,10.9,7.2,55.6,7,0,20160327,SU
1389,1389,20160327_US,15.7,13.6,8.8,59.5,1,0,20160327,US
1390,1390,20160328_BS,18.3,11.6,11.8,41.6,83,0,20160328,BS
1391,1391,20160328_CB,17.58,18.953333333,8.5466666667,36.273333333000004,52,0,20160328,CB
1392,1392,20160328_CN,16.6,18.1875,7.95,59.20625,58,0,20160328,CN
1393,1393,20160328_DG,18.7,15.0,11.6,31.6,71,0,20160328,DG
1394,1394,20160328_DJ,17.9,18.2,9.4,44.9,40,0,20160328,DJ
1395,1395,20160328_GB,18.179166667,16.633333333,9.675,34.866666667,75,0,20160328,GB
1396,1396,20160328_GG,17.383333333,16.776190476,8.9857142857,48.766666666999996,236,0,20160328,GG
1397,1397,20160328_GJ,18.8,17.8,9.8,50.3,38,0,20160328,GJ
1398,1398,20160328_GN,18.240909091,16.059090909000002,10.095454545,44.21818181800001,88,0,20160328,GN
1399,1399,20160328_GW,17.477777778,15.7,9.866666666699999,37.2,37,0,20160328,GW
1400,1400,20160328_IC,14.24,11.04,8.64,70.0,45,0,20160328,IC
1401,1401,20160328_JB,17.466666667000002,18.74,8.5466666667,48.32,97,0,20160328,JB
1402,1402,20160328_JJ,17.45,11.2,12.5,42.35,19,0,20160328,JJ
1403,1403,20160328_JN,16.886363636,16.554545455,8.9227272727,56.73636363600001,83,0,20160328,JN
1404,1404,20160328_SU,17.4,15.1,9.8,47.8,261,0,20160328,SU
1405,1405,20160328_US,19.0,13.3,12.6,32.6,20,0,20160328,US
1406,1406,20160329_BS,16.3,6.2,13.3,57.8,97,0,20160329,BS
1407,1407,20160329_CB,19.026666667,14.893333333,12.153333332999999,46.126666666999995,41,0,20160329,CB
1408,1408,20160329_CN,17.6125,12.94375,11.49375,68.81875,53,0,20160329,CN
1409,1409,20160329_DG,18.8,13.2,12.5,48.5,59,0,20160329,DG
1410,1410,20160329_DJ,18.3,11.8,12.9,54.9,35,0,20160329,DJ
1411,1411,20160329_GB,19.125,15.270833332999999,12.133333333,42.479166667,75,0,20160329,GB
1412,1412,20160329_GG,17.771428570999998,12.066666667,11.126190476,60.673809524,198,0,20160329,GG
1413,1413,20160329_GJ,16.4,9.6,12.0,65.3,32,0,20160329,GJ
1414,1414,20160329_GN,17.140909090999994,12.231818182,11.75,59.277272726999996,77,0,20160329,GN
1415,1415,20160329_GW,19.183333333,13.766666667,12.572222222,42.122222222,39,0,20160329,GW
1416,1416,20160329_IC,14.31,7.07,10.11,82.4,45,0,20160329,IC
1417,1417,20160329_JB,17.613333333,12.9,11.82,56.16,100,0,20160329,JB
1418,1418,20160329_JJ,16.8,6.1,14.25,53.75,11,0,20160329,JJ
1419,1419,20160329_JN,16.05,10.759090909000001,11.527272727,68.136363636,45,0,20160329,JN
1420,1420,20160329_SU,17.1,9.5,11.3,57.8,227,0,20160329,SU
1421,1421,20160329_US,18.5,11.7,13.0,55.0,14,0,20160329,US
1422,1422,20160330_BS,19.6,7.2,15.0,64.3,82,0,20160330,BS
1423,1423,20160330_CB,20.486666667,14.206666667,12.633333333,45.993333333,35,0,20160330,CB
1424,1424,20160330_CN,19.85,15.14375,11.475,63.06875,53,0,20160330,CN
1425,1425,20160330_DG,22.4,14.6,15.4,46.4,56,0,20160330,DG
1426,1426,20160330_DJ,22.9,15.3,14.4,53.0,38,0,20160330,DJ
1427,1427,20160330_GB,21.058333333,14.454166667,13.541666667000001,44.1125,57,0,20160330,GB
1428,1428,20160330_GG,18.361904762,12.392857142999999,11.071428570999998,56.280952381000006,193,0,20160330,GG
1429,1429,20160330_GJ,22.9,13.6,15.4,48.0,25,0,20160330,GJ
1430,1430,20160330_GN,21.654545455,13.359090909,14.290909091,57.640909091000005,52,0,20160330,GN
1431,1431,20160330_GW,18.922222222000002,12.422222222,12.383333333,46.038888889,31,0,20160330,GW
1432,1432,20160330_IC,13.51,7.62,8.67,79.97,44,0,20160330,IC
1433,1433,20160330_JB,21.086666667,15.48,12.62,56.1,69,0,20160330,JB
1434,1434,20160330_JJ,17.5,4.95,14.55,78.65,14,0,20160330,JJ
1435,1435,20160330_JN,21.190909090999998,13.586363636,13.272727273,65.972727273,51,0,20160330,JN
1436,1436,20160330_SU,18.3,11.3,11.5,49.9,209,0,20160330,SU
1437,1437,20160330_US,21.6,10.3,15.6,55.8,10,0,20160330,US
1438,1438,20160331_BS,19.3,8.2,14.8,69.9,61,0,20160331,BS
1439,1439,20160331_CB,20.88,18.026666667,11.92,35.426666667,22,0,20160331,CB
1440,1440,20160331_CN,22.38125,19.05,12.425,45.525,49,0,20160331,CN
1441,1441,20160331_DG,21.1,14.3,13.9,40.1,54,0,20160331,DG
1442,1442,20160331_DJ,21.7,16.6,13.1,42.4,40,0,20160331,DJ
1443,1443,20160331_GB,20.15,15.858333333,12.0125,39.7125,51,0,20160331,GB
1444,1444,20160331_GG,21.683333333,17.502380952,12.807142857,35.128571429000004,186,0,20160331,GG
1445,1445,20160331_GJ,22.3,13.2,15.0,43.9,43,0,20160331,GJ
1446,1446,20160331_GN,20.163636364000002,13.036363635999999,12.95,64.30909090899999,57,0,20160331,GN
1447,1447,20160331_GW,20.494444444000003,16.211111110999994,12.533333333,36.283333333,38,0,20160331,GW
1448,1448,20160331_IC,19.42,12.92,12.42,44.49,41,0,20160331,IC
1449,1449,20160331_JB,22.206666666999997,17.773333333,12.386666667,46.9,62,0,20160331,JB
1450,1450,20160331_JJ,15.9,2.9,13.95,84.4,13,0,20160331,JJ
1451,1451,20160331_JN,19.822727272999998,12.768181818,12.795454545,66.118181818,49,0,20160331,JN
1452,1452,20160331_SU,21.4,15.4,13.5,27.0,223,0,20160331,SU
1453,1453,20160331_US,20.9,12.7,13.4,63.8,4,0,20160331,US
1470,1470,20160402_BS,18.8,7.4,15.1,76.9,12,0,20160402,BS
1471,1471,20160402_CB,24.173333333000002,18.9,15.12,36.78,14,0,20160402,CB
1472,1472,20160402_CN,22.63125,18.6125,13.45625,56.5375,19,0,20160402,CN
1473,1473,20160402_DG,24.3,17.6,15.2,60.1,16,0,20160402,DG
1474,1474,20160402_DJ,24.6,17.7,16.0,40.9,5,0,20160402,DJ
1475,1475,20160402_GB,22.345833333,17.420833333,14.141666667,56.695833333,27,0,20160402,GB
1476,1476,20160402_GG,22.385714286,15.242857143,14.326190475999999,45.333333333,64,0,20160402,GG
1477,1477,20160402_GJ,24.1,14.8,16.6,53.0,6,0,20160402,GJ
1478,1478,20160402_GN,19.740909091,12.213636364000001,14.095454545,71.231818182,24,0,20160402,GN
1479,1479,20160402_GW,20.011111110999998,14.644444444000001,13.061111110999999,54.633333333,8,0,20160402,GW
1480,1480,20160402_IC,18.55,8.91,13.21,62.11,16,0,20160402,IC
1481,1481,20160402_JB,23.18,17.873333332999998,14.466666667,54.066666667,32,0,20160402,JB
1482,1482,20160402_JJ,19.95,8.45,16.1,65.85,2,0,20160402,JJ
1483,1483,20160402_JN,20.709090909,13.627272727000001,14.372727272999999,68.863636364,19,0,20160402,JN
1484,1484,20160402_SU,21.7,12.1,15.0,40.8,52,0,20160402,SU
1485,1485,20160402_US,18.1,10.7,13.9,84.1,4,0,20160402,US
1486,1486,20160403_BS,18.0,6.5,14.2,86.8,0,0,20160403,BS
1487,1487,20160403_CB,15.72,7.36,11.913333332999999,62.773333333000004,1,0,20160403,CB
1488,1488,20160403_CN,15.31875,7.2,11.88125,75.73125,1,0,20160403,CN
1489,1489,20160403_DG,15.6,6.4,11.7,83.4,1,0,20160403,DG
1490,1490,20160403_DJ,16.4,5.6,13.4,68.4,0,0,20160403,DJ
1491,1491,20160403_GB,16.404166667000002,8.2833333333,11.216666667,79.408333333,2,0,20160403,GB
1492,1492,20160403_GG,13.65,5.411904761900001,10.895238095,75.902380952,10,0,20160403,GG
1493,1493,20160403_GJ,17.7,5.5,14.1,85.1,0,0,20160403,GJ
1494,1494,20160403_GN,15.254545455,4.5772727273000005,12.881818182,90.695454545,1,0,20160403,GN
1495,1495,20160403_GW,13.311111110999999,6.1722222222,9.8444444444,78.805555556,0,0,20160403,GW
1496,1496,20160403_IC,13.26,4.47,10.65,78.2,1,0,20160403,IC
1497,1497,20160403_JB,15.9,6.3533333333,12.593333333,82.186666667,3,0,20160403,JB
1498,1498,20160403_JJ,17.7,2.85,16.0,91.5,0,0,20160403,JJ
1499,1499,20160403_JN,15.995454545,5.1,13.440909090999998,89.704545455,0,0,20160403,JN
1500,1500,20160403_SU,12.7,4.5,10.7,75.1,9,0,20160403,SU
1501,1501,20160403_US,16.6,6.6,12.6,96.8,0,0,20160403,US
1502,1502,20160404_BS,13.6,3.1,11.7,84.5,101,0,20160404,BS
1503,1503,20160404_CB,17.626666667000002,8.98,12.346666667000001,62.046666667,44,0,20160404,CB
1504,1504,20160404_CN,18.96875,11.88125,12.2,63.56875,65,0,20160404,CN
1505,1505,20160404_DG,13.1,4.1,10.7,83.0,78,0,20160404,DG
1506,1506,20160404_DJ,18.3,8.2,13.5,69.6,48,0,20160404,DJ
1507,1507,20160404_GB,12.916666667000001,5.3583333333,9.945833333300001,85.233333333,74,0,20160404,GB
1508,1508,20160404_GG,19.804761905,14.807142857,12.178571429000002,48.373809523999995,262,0,20160404,GG
1509,1509,20160404_GJ,17.8,7.1,13.4,80.5,43,0,20160404,GJ
1510,1510,20160404_GN,12.986363635999998,2.9818181818,11.213636364000001,87.3,82,0,20160404,GN
1511,1511,20160404_GW,17.511111110999998,12.283333333,10.966666667,66.472222222,49,0,20160404,GW
1512,1512,20160404_IC,17.58,12.08,11.14,56.13,39,0,20160404,IC
1513,1513,20160404_JB,16.266666667,7.62,11.866666667,78.053333333,100,0,20160404,JB
1514,1514,20160404_JJ,15.95,3.2,13.6,92.8,16,0,20160404,JJ
1515,1515,20160404_JN,15.131818182,4.8909090909,12.418181817999999,85.377272727,68,0,20160404,JN
1516,1516,20160404_SU,19.8,14.7,12.3,42.6,245,0,20160404,SU
1517,1517,20160404_US,12.0,3.7,10.1,96.9,11,0,20160404,US
1518,1518,20160405_BS,19.5,8.7,14.3,65.5,76,0,20160405,BS
1519,1519,20160405_CB,19.886666667,16.073333333,12.013333333,37.166666667,32,0,20160405,CB
1520,1520,20160405_CN,18.5375,16.86875,9.99375,52.33125,58,0,20160405,CN
1521,1521,20160405_DG,20.9,12.4,14.1,52.4,71,0,20160405,DG
1522,1522,20160405_DJ,20.8,15.2,13.0,39.3,27,0,20160405,DJ
1523,1523,20160405_GB,20.454166667,14.679166667,12.941666667,51.445833333,51,0,20160405,GB
1524,1524,20160405_GG,18.338095238,14.14047619,11.030952380999999,45.688095238,199,0,20160405,GG
1525,1525,20160405_GJ,21.2,14.1,12.9,41.9,34,0,20160405,GJ
1526,1526,20160405_GN,20.372727273,11.872727272999999,13.272727273,65.386363636,62,0,20160405,GN
1527,1527,20160405_GW,20.661111111,16.327777777999998,13.061111110999999,40.144444444,41,0,20160405,GW
1528,1528,20160405_IC,13.04,7.08,9.24,73.75,29,0,20160405,IC
1529,1529,20160405_JB,18.866666667,15.166666667000001,10.533333333,50.826666667,83,0,20160405,JB
1530,1530,20160405_JJ,16.75,4.85,13.95,78.45,15,0,20160405,JJ
1531,1531,20160405_JN,19.140909090999997,12.15,12.172727273,53.6,55,0,20160405,JN
1532,1532,20160405_SU,18.1,12.2,11.4,45.1,243,0,20160405,SU
1533,1533,20160405_US,19.5,12.6,13.0,72.8,20,0,20160405,US
1534,1534,20160406_BS,20.9,9.9,14.8,60.6,79,0,20160406,BS
1535,1535,20160406_CB,22.653333333000003,18.566666667,13.26,43.266666666999996,33,0,20160406,CB
1536,1536,20160406_CN,22.975,19.71875,12.60625,56.05,59,0,20160406,CN
1537,1537,20160406_DG,22.1,13.8,14.1,53.5,49,0,20160406,DG
1538,1538,20160406_DJ,23.7,18.2,13.9,50.1,25,0,20160406,DJ
1539,1539,20160406_GB,21.008333333,14.8375,13.225,52.116666667,59,0,20160406,GB
1540,1540,20160406_GG,22.995238095,17.84047619,14.030952380999999,45.397619048,184,0,20160406,GG
1541,1541,20160406_GJ,20.7,12.1,12.5,55.3,31,0,20160406,GJ
1542,1542,20160406_GN,20.881818182,13.281818182,12.781818182,62.886363636000006,57,0,20160406,GN
1543,1543,20160406_GW,20.927777778,14.783333333,13.594444444,49.283333333,29,0,20160406,GW
1544,1544,20160406_IC,21.23,14.49,13.27,60.38,31,0,20160406,IC
1545,1545,20160406_JB,21.76,17.46,11.406666667,61.033333333,71,0,20160406,JB
1546,1546,20160406_JJ,18.15,6.45,15.0,80.55,14,0,20160406,JJ
1547,1547,20160406_JN,18.7,12.072727273,11.731818182,63.131818181999996,52,0,20160406,JN
1548,1548,20160406_SU,22.9,16.3,14.4,44.3,225,0,20160406,SU
1549,1549,20160406_US,20.3,10.2,14.9,50.0,21,0,20160406,US
1550,1550,20160407_BS,16.5,5.1,12.7,93.8,65,0,20160407,BS
1551,1551,20160407_CB,18.513333333,10.126666667,12.666666667000001,74.673333333,36,0,20160407,CB
1552,1552,20160407_CN,18.40625,9.53125,12.6125,82.16875,41,0,20160407,CN
1553,1553,20160407_DG,17.6,8.2,13.1,84.8,58,0,20160407,DG
1554,1554,20160407_DJ,18.6,9.5,13.2,78.9,22,0,20160407,DJ
1555,1555,20160407_GB,17.3625,8.733333333300001,12.179166667,84.65,70,0,20160407,GB
1556,1556,20160407_GG,20.647619048,10.738095238,13.830952381,74.314285714,224,0,20160407,GG
1557,1557,20160407_GJ,17.3,7.9,13.0,86.3,40,0,20160407,GJ
1558,1558,20160407_GN,17.586363635999998,8.068181818200001,12.481818182,86.71818181799999,61,0,20160407,GN
1559,1559,20160407_GW,18.794444444,9.038888888899999,13.305555556,76.15555555600001,29,0,20160407,GW
1560,1560,20160407_IC,19.14,10.35,13.1,80.69,43,0,20160407,IC
1561,1561,20160407_JB,16.393333333,7.7,11.6,87.3,75,0,20160407,JB
1562,1562,20160407_JJ,20.75,7.75,15.45,86.8,11,0,20160407,JJ
1563,1563,20160407_JN,16.386363636,6.9318181818,12.531818182,89.28181818200001,47,0,20160407,JN
1564,1564,20160407_SU,20.6,10.1,14.1,69.5,234,0,20160407,SU
1565,1565,20160407_US,16.2,6.1,12.4,93.8,9,0,20160407,US
1566,1566,20160408_BS,21.7,9.3,16.5,61.8,75,0,20160408,BS
1567,1567,20160408_CB,22.086666667,14.993333332999999,13.606666667,62.226666666999996,29,0,20160408,CB
1568,1568,20160408_CN,19.525,12.85625,11.20625,82.35625,56,0,20160408,CN
1569,1569,20160408_DG,24.8,16.1,16.8,52.6,52,0,20160408,DG
1570,1570,20160408_DJ,21.8,13.5,14.0,71.5,29,0,20160408,DJ
1571,1571,20160408_GB,23.475,15.241666667,16.0,49.2625,64,0,20160408,GB
1572,1572,20160408_GG,19.583333333,12.302380952,11.016666667,79.347619048,161,0,20160408,GG
1573,1573,20160408_GJ,23.5,14.2,15.4,64.1,28,0,20160408,GJ
1574,1574,20160408_GN,23.213636364,13.377272727000001,15.540909091,60.304545455,57,0,20160408,GN
1575,1575,20160408_GW,21.411111111,13.583333332999999,14.722222222000001,48.694444444,51,0,20160408,GW
1576,1576,20160408_IC,13.8,7.44,8.05,95.81,38,0,20160408,IC
1577,1577,20160408_JB,21.133333333,13.486666667,12.273333333,75.88,73,0,20160408,JB
1578,1578,20160408_JJ,18.25,5.9,14.45,82.2,16,0,20160408,JJ
1579,1579,20160408_JN,21.586363635999998,12.668181817999999,14.122727272999999,71.109090909,52,0,20160408,JN
1580,1580,20160408_SU,18.7,10.9,11.1,76.1,194,0,20160408,SU
1581,1581,20160408_US,22.1,11.9,16.6,55.9,13,0,20160408,US
1582,1582,20160409_BS,22.6,9.5,17.2,50.6,14,0,20160409,BS
1583,1583,20160409_CB,22.68,14.58,15.306666667,62.286666667,9,0,20160409,CB
1584,1584,20160409_CN,20.275,13.03125,12.89375,77.2,17,0,20160409,CN
1585,1585,20160409_DG,25.7,15.5,18.2,42.0,21,0,20160409,DG
1586,1586,20160409_DJ,23.3,13.5,15.9,59.9,5,0,20160409,DJ
1587,1587,20160409_GB,24.7,15.25,17.066666667,47.266666666999996,15,0,20160409,GB
1588,1588,20160409_GG,16.238095238,8.9761904762,11.542857142999999,85.204761905,53,0,20160409,GG
1589,1589,20160409_GJ,25.2,15.1,17.0,52.6,11,0,20160409,GJ
1590,1590,20160409_GN,24.218181818,15.140909091,16.040909091,53.759090908999994,25,0,20160409,GN
1591,1591,20160409_GW,20.222222222,12.016666667,15.222222222000001,58.594444444,6,0,20160409,GW
1592,1592,20160409_IC,12.13,5.39,9.58,97.06,12,0,20160409,IC
1593,1593,20160409_JB,23.553333333,17.14,14.113333333,61.633333333,25,0,20160409,JB
1594,1594,20160409_JJ,19.85,8.0,15.05,70.2,2,0,20160409,JJ
1595,1595,20160409_JN,23.440909090999998,14.8,15.295454545,61.286363636000004,18,0,20160409,JN
1596,1596,20160409_SU,14.1,6.7,10.7,83.9,42,0,20160409,SU
1597,1597,20160409_US,24.3,13.1,17.9,42.6,5,0,20160409,US
1598,1598,20160410_BS,18.9,7.6,15.6,58.8,0,0,20160410,BS
1599,1599,20160410_CB,24.066666667,13.78,15.833333332999999,56.913333333000004,1,0,20160410,CB
1600,1600,20160410_CN,22.0125,14.26875,13.56875,78.44375,1,0,20160410,CN
1601,1601,20160410_DG,19.8,9.7,13.6,66.1,0,0,20160410,DG
1602,1602,20160410_DJ,24.6,13.9,16.6,60.4,3,0,20160410,DJ
1603,1603,20160410_GB,21.025,13.2625,13.0125,66.054166667,1,0,20160410,GB
1604,1604,20160410_GG,20.654761905,12.166666667000001,13.14047619,75.964285714,7,0,20160410,GG
1605,1605,20160410_GJ,25.1,14.6,16.9,59.5,0,0,20160410,GJ
1606,1606,20160410_GN,22.236363636,12.854545455,15.077272727,62.1,2,0,20160410,GN
1607,1607,20160410_GW,17.388888889,10.722222222000001,10.838888889000001,65.733333333,2,0,20160410,GW
1608,1608,20160410_IC,16.24,7.49,11.29,89.9,1,0,20160410,IC
1609,1609,20160410_JB,23.666666666999998,16.353333333,14.653333332999999,64.533333333,1,0,20160410,JB
1610,1610,20160410_JJ,19.3,6.5,15.65,66.2,0,0,20160410,JJ
1611,1611,20160410_JN,23.104545455,14.695454545,14.866666667,68.222727273,3,0,20160410,JN
1612,1612,20160410_SU,20.7,11.4,13.4,71.3,5,0,20160410,SU
1613,1613,20160410_US,17.0,6.6,13.4,71.5,0,0,20160410,US
1614,1614,20160411_BS,14.0,4.9,10.5,65.5,89,0,20160411,BS
1615,1615,20160411_CB,17.773333333,10.133333333,12.128571429,49.69285714300001,42,0,20160411,CB
1616,1616,20160411_CN,19.325,12.95,12.16875,64.975,57,0,20160411,CN
1617,1617,20160411_DG,13.6,6.4,9.8,64.1,73,0,20160411,DG
1618,1618,20160411_DJ,19.0,10.6,13.2,58.6,37,0,20160411,DJ
1619,1619,20160411_GB,13.279166667,7.7375,8.8826086957,64.504347826,68,0,20160411,GB
1620,1620,20160411_GG,19.161904762,12.957142857000001,12.34047619,48.066666667,200,0,20160411,GG
1621,1621,20160411_GJ,22.4,12.0,14.5,68.5,32,0,20160411,GJ
1622,1622,20160411_GN,13.363636364000001,5.0045454545,10.690909091,65.895454545,73,0,20160411,GN
1623,1623,20160411_GW,15.288888889,10.483333333,9.3333333333,56.438888889,50,0,20160411,GW
1624,1624,20160411_IC,16.92,10.95,11.23,62.79,59,0,20160411,IC
1625,1625,20160411_JB,19.96,12.073333332999999,12.913333332999999,68.526666667,89,0,20160411,JB
1626,1626,20160411_JJ,18.4,5.75,14.65,73.75,16,0,20160411,JJ
1627,1627,20160411_JN,17.7,8.5454545455,12.854545455,75.663636364,60,0,20160411,JN
1628,1628,20160411_SU,19.4,13.7,12.5,43.8,241,0,20160411,SU
1629,1629,20160411_US,11.3,4.7,8.6,74.8,18,0,20160411,US
1630,1630,20160412_BS,15.9,7.9,12.5,64.3,98,0,20160412,BS
1631,1631,20160412_CB,20.56,14.16,13.3,45.16,31,0,20160412,CB
1632,1632,20160412_CN,21.2,13.7625,13.7375,58.9375,43,0,20160412,CN
1633,1633,20160412_DG,19.8,15.8,12.4,59.9,55,0,20160412,DG
1634,1634,20160412_DJ,22.1,14.6,14.8,49.6,29,0,20160412,DJ
1635,1635,20160412_GB,18.025,14.6375,11.141666667,59.275,56,0,20160412,GB
1636,1636,20160412_GG,19.754761905,10.888095238,13.721428570999999,48.483333333000004,207,0,20160412,GG
1637,1637,20160412_GJ,22.2,13.6,15.1,57.9,63,0,20160412,GJ
1638,1638,20160412_GN,17.795454545,11.890909091,11.922727273,61.386363636000006,75,0,20160412,GN
1639,1639,20160412_GW,18.283333332999998,14.133333333,11.5,57.54444444399999,46,0,20160412,GW
1640,1640,20160412_IC,17.81,8.88,13.22,63.36,47,0,20160412,IC
1641,1641,20160412_JB,22.6,14.713333333,14.62,55.806666666999995,84,0,20160412,JB
1642,1642,20160412_JJ,19.35,7.3,15.95,75.0,20,0,20160412,JJ
1643,1643,20160412_JN,18.759090909,10.177272727,13.513636364000002,65.118181818,60,0,20160412,JN
1644,1644,20160412_SU,19.4,9.1,14.1,42.6,251,0,20160412,SU
1645,1645,20160412_US,15.7,11.6,11.0,71.5,11,0,20160412,US
1646,1646,20160413_BS,16.0,2.0,14.6,93.9,15,0,20160413,BS
1647,1647,20160413_CB,18.466666667000002,8.6,13.3,88.10666666700001,9,0,20160413,CB
1648,1648,20160413_CN,20.55,10.10625,14.44375,90.43125,24,0,20160413,CN
1649,1649,20160413_DG,17.1,4.6,14.6,94.3,15,0,20160413,DG
1650,1650,20160413_DJ,19.0,7.1,14.4,92.3,21,0,20160413,DJ
1651,1651,20160413_GB,15.258333333,4.7291666667,13.029166667,93.945833333,25,0,20160413,GB
1652,1652,20160413_GG,21.407142857,10.554761905,14.954761905,75.33809523800001,45,0,20160413,GG
1653,1653,20160413_GJ,20.4,5.2,16.9,94.0,12,0,20160413,GJ
1654,1654,20160413_GN,15.727272727,4.4181818182,13.990909090999999,93.054545455,24,0,20160413,GN
1655,1655,20160413_GW,19.983333333,10.733333333,13.944444444,72.472222222,12,0,20160413,GW
1656,1656,20160413_IC,18.89,8.25,13.96,90.69,12,0,20160413,IC
1657,1657,20160413_JB,19.453333333,7.2733333333,15.186666667,91.39333333299999,22,0,20160413,JB
1658,1658,20160413_JJ,20.8,6.55,16.45,91.1,0,0,20160413,JJ
1659,1659,20160413_JN,18.836363635999998,5.6136363636,16.063636364,93.03181818200001,17,0,20160413,JN
1660,1660,20160413_SU,21.4,10.0,15.6,67.5,41,0,20160413,SU
1661,1661,20160413_US,16.3,4.2,14.2,94.0,4,0,20160413,US
1662,1662,20160414_BS,21.4,8.2,17.4,66.8,82,0,20160414,BS
1663,1663,20160414_CB,20.126666667000002,10.153333332999999,14.813333333,68.013333333,45,0,20160414,CB
1664,1664,20160414_CN,18.85,10.475,12.49375,84.36875,60,0,20160414,CN
1665,1665,20160414_DG,25.3,13.0,18.2,54.8,60,0,20160414,DG
1666,1666,20160414_DJ,21.3,10.8,15.4,72.5,45,0,20160414,DJ
1667,1667,20160414_GB,23.1875,13.120833333,15.883333333,63.154166667,74,0,20160414,GB
1668,1668,20160414_GG,18.147619048,10.145238095,11.821428570999998,80.854761905,217,0,20160414,GG
1669,1669,20160414_GJ,24.0,10.9,17.2,70.4,44,0,20160414,GJ
1670,1670,20160414_GN,25.55,13.722727273,17.85,57.731818182,77,0,20160414,GN
1671,1671,20160414_GW,21.194444444000002,12.616666667,14.394444444000001,61.538888889,45,0,20160414,GW
1672,1672,20160414_IC,12.14,5.08,8.84,96.36,48,0,20160414,IC
1673,1673,20160414_JB,18.613333333,9.66,13.246666667000001,82.76,75,0,20160414,JB
1674,1674,20160414_JJ,22.4,9.55,16.0,79.3,13,0,20160414,JJ
1675,1675,20160414_JN,22.281818182,11.254545455,15.895454545,74.631818182,77,0,20160414,JN
1676,1676,20160414_SU,18.6,9.3,12.4,75.9,251,0,20160414,SU
1677,1677,20160414_US,24.8,13.9,18.3,56.6,5,0,20160414,US
1678,1678,20160415_BS,18.1,6.6,14.6,56.8,74,0,20160415,BS
1679,1679,20160415_CB,23.693333333,18.086666667,14.726666667,51.466666667,31,0,20160415,CB
1680,1680,20160415_CN,23.375,18.15625,13.4875,67.06875,52,0,20160415,CN
1681,1681,20160415_DG,21.9,11.7,14.9,58.5,50,0,20160415,DG
1682,1682,20160415_DJ,24.8,18.1,15.6,57.8,35,0,20160415,DJ
1683,1683,20160415_GB,19.625,12.804166667,13.170833333,60.5625,66,0,20160415,GB
1684,1684,20160415_GG,23.516666667,17.283333332999998,14.395238095,52.70952381,177,0,20160415,GG
1685,1685,20160415_GJ,25.2,18.0,15.9,57.6,28,0,20160415,GJ
1686,1686,20160415_GN,20.213636364,12.295454545,13.863636364000001,57.177272726999995,66,0,20160415,GN
1687,1687,20160415_GW,20.95,15.577777778,13.755555556,51.061111111,45,0,20160415,GW
1688,1688,20160415_IC,19.81,14.21,12.79,70.01,41,0,20160415,IC
1689,1689,20160415_JB,24.553333333,18.313333333,14.4,65.92,86,0,20160415,JB
1690,1690,20160415_JJ,20.6,8.3,16.45,63.8,13,0,20160415,JJ
1691,1691,20160415_JN,21.140909090999997,14.036363635999999,14.2,65.095454545,62,0,20160415,JN
1692,1692,20160415_SU,23.1,15.0,15.0,46.4,215,0,20160415,SU
1693,1693,20160415_US,16.7,7.1,13.1,66.5,11,0,20160415,US
1694,1694,20160416_BS,19.2,8.7,15.0,77.5,24,0,20160416,BS
1695,1695,20160416_CB,21.5,13.8,14.446666667,65.833333333,9,0,20160416,CB
1696,1696,20160416_CN,20.50625,13.49375,14.44375,79.1875,14,0,20160416,CN
1697,1697,20160416_DG,21.0,13.0,15.0,69.6,12,0,20160416,DG
1698,1698,20160416_DJ,20.5,11.5,14.8,77.5,4,0,20160416,DJ
1699,1699,20160416_GB,21.208333333,14.0375,14.325,70.80833333300001,25,0,20160416,GB
1700,1700,20160416_GG,21.283333332999998,13.00952381,14.59047619,66.280952381,62,0,20160416,GG
1701,1701,20160416_GJ,18.9,8.1,15.8,80.5,13,0,20160416,GJ
1702,1702,20160416_GN,18.986363636,11.904545455,13.840909090999999,79.786363636,17,0,20160416,GN
1703,1703,20160416_GW,23.877777778000002,16.227777778,14.8,60.194444444,7,0,20160416,GW
1704,1704,20160416_IC,20.14,9.21,15.1,73.63,15,0,20160416,IC
1705,1705,20160416_JB,19.546666667,10.993333332999999,14.986666667,77.913333333,22,0,20160416,JB
1706,1706,20160416_JJ,21.65,7.2,18.8,79.55,2,0,20160416,JJ
1707,1707,20160416_JN,19.4,9.7818181818,15.359090909,84.704545455,17,0,20160416,JN
1708,1708,20160416_SU,20.7,10.9,14.9,58.9,45,0,20160416,SU
1709,1709,20160416_US,20.2,12.8,14.1,80.4,2,0,20160416,US
1710,1710,20160417_BS,20.9,7.5,16.5,49.3,0,0,20160417,BS
1711,1711,20160417_CB,16.04,7.2533333333,12.14,53.086666666999996,1,0,20160417,CB
1712,1712,20160417_CN,15.98125,6.825,11.5,68.86875,3,0,20160417,CN
1713,1713,20160417_DG,20.1,6.7,16.3,44.8,1,0,20160417,DG
1714,1714,20160417_DJ,16.8,6.9,12.2,60.6,0,0,20160417,DJ
1715,1715,20160417_GB,18.191666667,7.1416666667,14.4875,49.2625,2,0,20160417,GB
1716,1716,20160417_GG,14.99047619,6.3285714286,11.245238095,68.014285714,5,0,20160417,GG
1717,1717,20160417_GJ,17.1,6.9,12.6,65.5,1,0,20160417,GJ
1718,1718,20160417_GN,19.881818182,7.954545454500001,15.636363635999999,46.07272727300001,1,0,20160417,GN
1719,1719,20160417_GW,16.266666667,6.7777777778,12.727777778,55.127777778,2,0,20160417,GW
1720,1720,20160417_IC,14.68,6.37,10.32,87.9,0,0,20160417,IC
1721,1721,20160417_JB,17.78,8.686666666699999,11.34,68.52,3,0,20160417,JB
1722,1722,20160417_JJ,18.55,6.6,14.3,68.45,0,0,20160417,JJ
1723,1723,20160417_JN,16.609090909000006,6.240909090900002,12.531818182,69.195454545,3,0,20160417,JN
1724,1724,20160417_SU,14.5,6.2,10.8,66.8,5,0,20160417,SU
1725,1725,20160417_US,21.4,8.6,17.2,48.9,0,0,20160417,US
1726,1726,20160418_BS,19.2,6.3,15.2,41.5,87,0,20160418,BS
1727,1727,20160418_CB,18.646666667,12.26,11.946666667,54.82,47,0,20160418,CB
1728,1728,20160418_CN,17.11875,10.85,11.43125,73.81875,62,0,20160418,CN
1729,1729,20160418_DG,21.8,9.8,16.2,34.6,79,0,20160418,DG
1730,1730,20160418_DJ,18.3,9.9,12.3,68.0,44,0,20160418,DJ
1731,1731,20160418_GB,20.366666667,10.829166667,14.179166667,39.35,82,0,20160418,GB
1732,1732,20160418_GG,18.804761905,12.49047619,11.145238095,68.83809523800001,209,0,20160418,GG
1733,1733,20160418_GJ,17.5,7.8,13.3,67.0,54,0,20160418,GJ
1734,1734,20160418_GN,20.368181818,9.431818181799999,14.977272727,39.445454545,86,0,20160418,GN
1735,1735,20160418_GW,18.738888889000002,12.527777777999999,11.877777777999999,52.194444444,43,0,20160418,GW
1736,1736,20160418_IC,16.11,8.83,10.19,86.15,43,0,20160418,IC
1737,1737,20160418_JB,17.48,10.086666667000001,12.246666667000001,63.586666666999996,82,0,20160418,JB
1738,1738,20160418_JJ,18.0,5.85,14.45,56.2,22,0,20160418,JJ
1739,1739,20160418_JN,17.740909091,8.3272727273,13.281818182,66.06363636399999,69,0,20160418,JN
1740,1740,20160418_SU,18.6,11.5,11.2,65.4,247,0,20160418,SU
1741,1741,20160418_US,20.2,7.9,15.4,36.9,10,0,20160418,US
1742,1742,20160419_BS,19.9,7.4,14.9,54.1,71,0,20160419,BS
1743,1743,20160419_CB,18.826666667,11.746666667000001,11.966666667,55.026666667,34,0,20160419,CB
1744,1744,20160419_CN,18.75,12.53125,11.46875,72.4,59,0,20160419,CN
1745,1745,20160419_DG,21.0,11.2,14.5,45.0,67,0,20160419,DG
1746,1746,20160419_DJ,19.3,12.9,12.8,63.9,23,0,20160419,DJ
1747,1747,20160419_GB,18.641666667,11.120833333,12.4625,52.4,58,0,20160419,GB
1748,1748,20160419_GG,18.952380952000002,12.09047619,11.942857143,62.654761905,201,0,20160419,GG
1749,1749,20160419_GJ,21.2,12.7,14.3,54.9,44,0,20160419,GJ
1750,1750,20160419_GN,20.863636364,11.868181818,14.245454545,45.977272727,66,0,20160419,GN
1751,1751,20160419_GW,17.65,10.538888888999999,11.816666667,58.9,46,0,20160419,GW
1752,1752,20160419_IC,15.43,8.39,10.63,82.28,46,0,20160419,IC
1753,1753,20160419_JB,19.493333333,13.633333333,12.04,64.346666667,89,0,20160419,JB
1754,1754,20160419_JJ,18.65,6.15,14.9,68.45,21,0,20160419,JJ
1755,1755,20160419_JN,20.045454545,12.163636364,13.463636364000001,61.731818182,48,0,20160419,JN
1756,1756,20160419_SU,19.2,12.7,12.0,55.1,236,0,20160419,SU
1757,1757,20160419_US,17.7,8.1,13.6,56.6,12,0,20160419,US
1758,1758,20160420_BS,20.5,9.3,15.4,64.9,82,0,20160420,BS
1759,1759,20160420_CB,18.646666667,12.293333333,12.6,62.2,37,0,20160420,CB
1760,1760,20160420_CN,18.025,11.93125,12.35625,75.49375,73,0,20160420,CN
1761,1761,20160420_DG,22.2,14.9,15.6,49.8,70,0,20160420,DG
1762,1762,20160420_DJ,18.0,10.9,13.1,70.3,26,0,20160420,DJ
1763,1763,20160420_GB,20.470833332999998,14.420833333,13.7625,56.2875,56,0,20160420,GB
1764,1764,20160420_GG,19.976190476,10.671428571,13.926190475999999,61.780952381000006,198,0,20160420,GG
1765,1765,20160420_GJ,22.4,12.6,16.0,58.5,35,0,20160420,GJ
1766,1766,20160420_GN,20.936363636,13.218181818,14.422727273,59.054545455,60,0,20160420,GN
1767,1767,20160420_GW,21.127777778,13.322222222,14.26,53.346666667,33,0,20160420,GW
1768,1768,20160420_IC,19.16,9.17,13.54,75.66,41,0,20160420,IC
1769,1769,20160420_JB,20.933333333,13.96,14.8,56.86,92,0,20160420,JB
1770,1770,20160420_JJ,20.6,8.85,17.05,70.5,10,0,20160420,JJ
1771,1771,20160420_JN,19.990909091,11.690909090999998,14.631818182,71.040909091,57,0,20160420,JN
1772,1772,20160420_SU,20.9,10.8,14.3,54.0,237,0,20160420,SU
1773,1773,20160420_US,19.9,10.9,15.1,63.4,11,0,20160420,US
1774,1774,20160421_BS,18.4,4.4,15.5,92.1,62,0,20160421,BS
1775,1775,20160421_CB,17.193333332999998,7.5,13.32,87.526666667,29,0,20160421,CB
1776,1776,20160421_CN,18.375,7.65,13.5375,92.575,34,0,20160421,CN
1777,1777,20160421_DG,17.0,7.4,14.5,84.8,52,0,20160421,DG
1778,1778,20160421_DJ,16.6,5.8,13.7,93.9,34,0,20160421,DJ
1779,1779,20160421_GB,16.55,6.6125,13.183333333,89.820833333,61,0,20160421,GB
1780,1780,20160421_GG,18.195238095,7.6333333333,13.878571429,89.071428571,191,0,20160421,GG
1781,1781,20160421_GJ,16.8,3.9,15.1,97.9,36,0,20160421,GJ
1782,1782,20160421_GN,17.495454545,5.1454545455,14.772727273,88.92272727299999,50,0,20160421,GN
1783,1783,20160421_GW,16.75,6.7888888889,12.766666667,91.088888889,39,0,20160421,GW
1784,1784,20160421_IC,16.35,5.13,13.16,96.55,50,0,20160421,IC
1785,1785,20160421_JB,16.086666667,4.4733333333,13.406666667,92.46666666700001,65,0,20160421,JB
1786,1786,20160421_JJ,22.4,8.65,16.85,88.5,14,0,20160421,JJ
1787,1787,20160421_JN,17.413636364000002,4.7,15.145454545,94.136363636,63,0,20160421,JN
1788,1788,20160421_SU,16.9,6.6,13.5,87.6,222,0,20160421,SU
1789,1789,20160421_US,16.8,3.4,14.8,96.6,12,0,20160421,US
1790,1790,20160422_BS,22.9,9.2,16.9,80.3,76,0,20160422,BS
1791,1791,20160422_CB,25.04,12.506666667000001,17.446666667,67.193333333,28,0,20160422,CB
1792,1792,20160422_CN,22.1375,10.59375,15.05,85.06875,58,0,20160422,CN
1793,1793,20160422_DG,27.2,15.6,19.4,61.8,59,0,20160422,DG
1794,1794,20160422_DJ,24.5,11.9,17.4,77.8,39,0,20160422,DJ
1795,1795,20160422_GB,26.641666667,15.725,18.629166667,61.133333333,67,0,20160422,GB
1796,1796,20160422_GG,21.497619048,10.771428571,14.3,83.795238095,148,0,20160422,GG
1797,1797,20160422_GJ,25.2,12.6,17.9,76.6,31,0,20160422,GJ
1798,1798,20160422_GN,24.709090909,13.240909090999999,17.009090909,72.045454545,62,0,20160422,GN
1799,1799,20160422_GW,25.488888889000002,14.7,17.988888889000002,59.038888889,38,0,20160422,GW
1800,1800,20160422_IC,15.42,5.71,11.51,97.05,45,0,20160422,IC
1801,1801,20160422_JB,25.233333333,13.673333332999999,17.36,71.886666667,83,0,20160422,JB
1802,1802,20160422_JJ,20.7,8.5,16.1,81.55,16,0,20160422,JJ
1803,1803,20160422_JN,23.531818182,11.786363635999999,16.663636364000002,78.231818182,69,0,20160422,JN
1804,1804,20160422_SU,18.6,8.5,13.5,83.4,193,0,20160422,SU
1805,1805,20160422_US,26.2,14.5,19.1,67.8,5,0,20160422,US
1806,1806,20160423_BS,18.9,4.1,16.7,55.1,19,0,20160423,BS
1807,1807,20160423_CB,20.846666667,11.093333333,14.506666667000001,48.74,13,0,20160423,CB
1808,1808,20160423_CN,20.85625,12.43125,13.46875,65.43125,22,0,20160423,CN
1809,1809,20160423_DG,22.1,6.7,17.9,37.1,18,0,20160423,DG
1810,1810,20160423_DJ,22.2,10.9,15.4,56.4,7,0,20160423,DJ
1811,1811,20160423_GB,20.920833333,9.15,16.158333332999998,40.033333333,22,0,20160423,GB
1812,1812,20160423_GG,20.383333333,12.221428570999999,13.504761905,56.180952381000004,60,0,20160423,GG
1813,1813,20160423_GJ,21.1,7.3,17.1,56.6,10,0,20160423,GJ
1814,1814,20160423_GN,20.222727273,7.2681818182,15.986363635999998,54.518181818,17,0,20160423,GN
1815,1815,20160423_GW,20.227777778,10.922222222,14.605555555999999,42.005555556,8,0,20160423,GW
1816,1816,20160423_IC,17.76,9.84,12.04,74.54,10,0,20160423,IC
1817,1817,20160423_JB,22.246666667,10.946666667,15.513333333,58.286666667,20,0,20160423,JB
1818,1818,20160423_JJ,18.95,4.6,16.0,85.75,8,0,20160423,JJ
1819,1819,20160423_JN,20.118181818,6.868181818200001,16.072727272999998,70.068181818,18,0,20160423,JN
1820,1820,20160423_SU,19.8,12.0,13.5,52.1,48,0,20160423,SU
1821,1821,20160423_US,19.8,6.3,16.3,63.5,3,0,20160423,US
1822,1822,20160424_BS,21.8,8.4,16.5,39.8,1,0,20160424,BS
1823,1823,20160424_CB,23.186666666999997,17.7,14.406666667,40.113333333,2,0,20160424,CB
1824,1824,20160424_CN,22.875,17.69375,13.9625,53.2375,2,0,20160424,CN
1825,1825,20160424_DG,21.8,12.0,15.6,39.5,3,0,20160424,DG
1826,1826,20160424_DJ,24.0,17.0,15.4,45.5,1,0,20160424,DJ
1827,1827,20160424_GB,21.354166667,14.5125,13.858333333,45.470833333,1,0,20160424,GB
1828,1828,20160424_GG,23.576190476,16.769047619000002,14.75,47.104761905,4,0,20160424,GG
1829,1829,20160424_GJ,24.9,14.0,17.3,32.3,1,0,20160424,GJ
1830,1830,20160424_GN,23.213636364,13.731818182,15.518181818,45.168181818,3,0,20160424,GN
1831,1831,20160424_GW,20.594444444,14.772222222,13.205555555999998,44.366666667,0,0,20160424,GW
1832,1832,20160424_IC,20.93,12.03,14.62,54.39,2,0,20160424,IC
1833,1833,20160424_JB,23.166666666999998,15.986666667,14.74,50.48,3,0,20160424,JB
1834,1834,20160424_JJ,21.25,7.3,16.8,58.55,0,0,20160424,JJ
1835,1835,20160424_JN,22.454545455,12.763636364000002,15.495454545,50.26363636399999,4,0,20160424,JN
1836,1836,20160424_SU,23.7,15.6,15.5,39.6,9,0,20160424,SU
1837,1837,20160424_US,19.7,9.4,14.6,49.4,0,0,20160424,US
1838,1838,20160425_BS,22.5,10.3,16.9,34.1,77,0,20160425,BS
1839,1839,20160425_CB,25.993333333000002,18.94,16.553333333,42.846666667,48,0,20160425,CB
1840,1840,20160425_CN,25.425,18.6625,15.81875,52.14375,74,0,20160425,CN
1841,1841,20160425_DG,25.9,18.0,17.2,54.0,67,0,20160425,DG
1842,1842,20160425_DJ,26.6,17.7,17.7,46.9,46,0,20160425,DJ
1843,1843,20160425_GB,24.666666666999998,18.8625,15.266666667,50.520833333,83,0,20160425,GB
1844,1844,20160425_GG,25.542857143000003,17.071428571,16.530952381,41.60952381,216,0,20160425,GG
1845,1845,20160425_GJ,27.4,16.2,18.6,46.5,37,0,20160425,GJ
1846,1846,20160425_GN,25.127272726999998,16.022727273,16.227272727,47.323809524,93,0,20160425,GN
1847,1847,20160425_GW,25.205555556,19.411111111,15.911111110999999,48.816666667,51,0,20160425,GW
1848,1848,20160425_IC,21.56,11.77,15.32,51.14,50,0,20160425,IC
1849,1849,20160425_JB,25.62,17.313333333,16.393333333,54.366666667,106,0,20160425,JB
1850,1850,20160425_JJ,21.25,7.35,17.8,44.8,18,0,20160425,JJ
1851,1851,20160425_JN,24.845454545,15.35,16.518181818,55.377272727,103,0,20160425,JN
1852,1852,20160425_SU,25.3,15.1,17.2,34.8,270,0,20160425,SU
1853,1853,20160425_US,22.4,13.9,15.4,51.8,25,0,20160425,US
1854,1854,20160426_BS,24.2,12.0,17.5,45.9,90,0,20160426,BS
1855,1855,20160426_CB,28.873333333,20.16,19.54,38.813333333,60,0,20160426,CB
1856,1856,20160426_CN,27.60625,19.36875,18.19375,50.64375,52,0,20160426,CN
1857,1857,20160426_DG,24.2,14.6,16.2,62.0,52,0,20160426,DG
1858,1858,20160426_DJ,29.2,19.6,19.9,41.6,39,0,20160426,DJ
1859,1859,20160426_GB,24.1,15.7,16.016666667,58.704166666999996,73,0,20160426,GB
1860,1860,20160426_GG,29.116666666999997,18.919047619,20.095238095,41.961904761999996,205,0,20160426,GG
1861,1861,20160426_GJ,27.2,15.6,18.7,67.1,38,0,20160426,GJ
1862,1862,20160426_GN,25.295454545,16.45,17.154545455,56.131818181999996,68,0,20160426,GN
1863,1863,20160426_GW,24.594444444,15.855555555999999,15.827777778,54.783333333,42,0,20160426,GW
1864,1864,20160426_IC,27.8,16.15,19.69,51.47,55,0,20160426,IC
1865,1865,20160426_JB,26.046666666999997,17.24,17.473333333,59.833333333,81,0,20160426,JB
1866,1866,20160426_JJ,22.85,8.2,18.05,72.7,9,0,20160426,JJ
1867,1867,20160426_JN,24.654545455,15.25,16.745454545,71.490909091,69,0,20160426,JN
1868,1868,20160426_SU,29.6,17.5,21.1,34.8,228,0,20160426,SU
1869,1869,20160426_US,23.6,14.5,15.3,62.6,15,0,20160426,US
1870,1870,20160427_BS,13.5,2.5,12.0,90.9,77,0,20160427,BS
1871,1871,20160427_CB,18.94,8.82,13.126666667,66.693333333,29,0,20160427,CB
1872,1872,20160427_CN,17.9875,6.0625,13.95625,76.875,49,0,20160427,CN
1873,1873,20160427_DG,12.8,3.4,10.1,94.4,53,0,20160427,DG
1874,1874,20160427_DJ,19.4,7.9,13.3,81.4,32,0,20160427,DJ
1875,1875,20160427_GB,13.554166667,4.4458333333,10.575,86.570833333,59,0,20160427,GB
1876,1876,20160427_GG,20.188095238,6.0452380952,16.616666667,38.921428571,188,0,20160427,GG
1877,1877,20160427_GJ,16.1,4.2,13.1,98.0,29,0,20160427,GJ
1878,1878,20160427_GN,14.709090909,3.9181818182,11.740909090999999,88.27272727299999,51,0,20160427,GN
1879,1879,20160427_GW,14.388888889,5.25,11.211111111,63.738888888999995,32,0,20160427,GW
1880,1880,20160427_IC,20.23,6.03,17.03,45.2,45,0,20160427,IC
1881,1881,20160427_JB,15.666666667000001,4.1866666667,12.853333333,88.62666666700001,79,0,20160427,JB
1882,1882,20160427_JJ,16.15,2.9,14.55,92.55,11,0,20160427,JJ
1883,1883,20160427_JN,15.154545455,3.1090909091000003,13.113636364000001,92.654545455,45,0,20160427,JN
1884,1884,20160427_SU,20.7,6.2,17.2,32.0,208,0,20160427,SU
1885,1885,20160427_US,12.0,1.7,10.9,97.9,11,0,20160427,US
1886,1886,20160428_BS,16.1,5.0,13.3,76.9,75,0,20160428,BS
1887,1887,20160428_CB,20.7,11.253333332999999,14.413333332999999,58.706666667,41,0,20160428,CB
1888,1888,20160428_CN,20.54375,11.33125,14.05625,73.01875,43,0,20160428,CN
1889,1889,20160428_DG,19.1,9.6,13.0,72.3,69,0,20160428,DG
1890,1890,20160428_DJ,20.5,10.7,14.3,72.8,37,0,20160428,DJ
1891,1891,20160428_GB,17.9875,9.1875,12.633333333,72.24583333300001,70,0,20160428,GB
1892,1892,20160428_GG,22.326190476,10.80952381,16.273809524,42.55,193,0,20160428,GG
1893,1893,20160428_GJ,20.5,9.0,14.5,81.4,37,0,20160428,GJ
1894,1894,20160428_GN,18.677272727000002,7.954545454500001,13.863636364000001,78.0,69,0,20160428,GN
1895,1895,20160428_GW,18.683333333,11.344444444,12.216666667,57.822222222,27,0,20160428,GW
1896,1896,20160428_IC,19.35,7.23,14.75,58.3,49,0,20160428,IC
1897,1897,20160428_JB,18.88,9.5133333333,13.24,78.993333333,72,0,20160428,JB
1898,1898,20160428_JJ,15.9,3.4,14.1,89.8,19,0,20160428,JJ
1899,1899,20160428_JN,19.05,8.3545454545,14.113636364000001,84.972727273,73,0,20160428,JN
1900,1900,20160428_SU,23.0,10.6,17.2,34.4,235,0,20160428,SU
1901,1901,20160428_US,15.5,6.3,11.6,80.4,8,0,20160428,US
1902,1902,20160429_BS,18.9,7.4,15.2,51.9,80,0,20160429,BS
1903,1903,20160429_CB,22.446666667,13.42,15.233333333,50.886666667,33,0,20160429,CB
1904,1904,20160429_CN,20.24375,12.7,13.49375,73.5125,58,0,20160429,CN
1905,1905,20160429_DG,22.7,13.3,15.5,55.6,62,0,20160429,DG
1906,1906,20160429_DJ,22.1,13.6,15.1,60.6,27,0,20160429,DJ
1907,1907,20160429_GB,20.941666667,13.475,14.141666667,58.920833333000004,62,0,20160429,GB
1908,1908,20160429_GG,22.402380951999998,12.378571429,15.476190476,55.783333333,176,0,20160429,GG
1909,1909,20160429_GJ,23.0,12.9,15.5,63.1,28,0,20160429,GJ
1910,1910,20160429_GN,20.327272727,9.55,15.05,60.981818182,62,0,20160429,GN
1911,1911,20160429_GW,20.866666667,14.0,14.372222222000001,51.783333333,34,0,20160429,GW
1912,1912,20160429_IC,18.39,7.86,13.89,80.71,39,0,20160429,IC
1913,1913,20160429_JB,21.1,13.793333333,13.573333332999999,70.106666667,69,0,20160429,JB
1914,1914,20160429_JJ,18.6,7.25,14.95,69.7,13,0,20160429,JJ
1915,1915,20160429_JN,20.522727273,11.536363635999999,14.245454545,72.472727273,70,0,20160429,JN
1916,1916,20160429_SU,22.6,11.7,16.2,47.6,204,0,20160429,SU
1917,1917,20160429_US,19.2,10.7,14.2,58.1,15,0,20160429,US
1918,1918,20160430_BS,20.9,8.1,16.7,65.9,19,0,20160430,BS
1919,1919,20160430_CB,24.373333333,16.286666667000002,16.386666667,49.04,12,0,20160430,CB
1920,1920,20160430_CN,22.2125,14.025,15.5375,61.43125,16,0,20160430,CN
1921,1921,20160430_DG,26.9,17.1,18.5,58.6,15,0,20160430,DG
1922,1922,20160430_DJ,24.0,14.5,17.2,53.0,8,0,20160430,DJ
1923,1923,20160430_GB,25.616666666999997,16.941666667,17.491666667,52.9,23,0,20160430,GB
1924,1924,20160430_GG,21.983333333,12.054761905,16.014285714,52.297619048,50,0,20160430,GG
1925,1925,20160430_GJ,25.2,15.4,17.0,55.5,12,0,20160430,GJ
1926,1926,20160430_GN,23.263636364,13.595454545,16.568181818,61.622727273,21,0,20160430,GN
1927,1927,20160430_GW,22.605555556,12.011111110999998,16.522222222,52.29444444399999,10,0,20160430,GW
1928,1928,20160430_IC,18.55,8.33,14.8,65.88,14,0,20160430,IC
1929,1929,20160430_JB,24.993333333000002,17.6,16.66,54.473333333,28,0,20160430,JB
1930,1930,20160430_JJ,21.05,9.3,16.6,52.55,2,0,20160430,JJ
1931,1931,20160430_JN,23.359090909000006,14.804545455,15.631818182,64.259090909,20,0,20160430,JN
1932,1932,20160430_SU,20.4,9.6,15.9,45.3,49,0,20160430,SU
1933,1933,20160430_US,24.9,15.0,17.9,58.9,6,0,20160430,US
1950,1950,20160502_BS,24.2,8.5,19.9,78.3,119,0,20160502,BS
1951,1951,20160502_CB,28.493333333000002,17.746666667,19.433333333,59.08,46,0,20160502,CB
1952,1952,20160502_CN,27.65,15.5625,19.3125,74.21875,77,0,20160502,CN
1953,1953,20160502_DG,27.0,14.5,20.0,64.0,80,0,20160502,DG
1954,1954,20160502_DJ,29.0,16.9,19.8,69.4,56,0,20160502,DJ
1955,1955,20160502_GB,27.004166667,16.045833333,19.433333333,60.908333333,79,0,20160502,GB
1956,1956,20160502_GG,28.192857143,13.442857143,20.430952380999997,68.295238095,283,0,20160502,GG
1957,1957,20160502_GJ,25.2,10.5,19.2,78.6,45,0,20160502,GJ
1958,1958,20160502_GN,24.077272726999997,11.686363636,18.763636364,76.98636363600001,92,0,20160502,GN
1959,1959,20160502_GW,25.716666667,15.611111111,17.516666667,64.95,48,0,20160502,GW
1960,1960,20160502_IC,26.97,9.99,20.35,79.49,53,0,20160502,IC
1961,1961,20160502_JB,25.933333333,13.826666667000001,19.106666667,68.14,127,0,20160502,JB
1962,1962,20160502_JJ,23.1,6.05,20.15,76.2,19,0,20160502,JJ
1963,1963,20160502_JN,23.081818182,9.904545454500001,18.254545455,85.713636364,80,0,20160502,JN
1964,1964,20160502_SU,28.4,11.9,21.1,64.5,304,0,20160502,SU
1965,1965,20160502_US,25.6,13.9,20.1,63.5,27,0,20160502,US
1966,1966,20160503_BS,19.5,5.1,16.4,77.5,88,0,20160503,BS
1967,1967,20160503_CB,18.86,9.02,14.326666667000001,81.04,38,0,20160503,CB
1968,1968,20160503_CN,18.95625,8.06875,14.2125,86.40625,63,0,20160503,CN
1969,1969,20160503_DG,21.4,6.8,17.6,71.1,72,0,20160503,DG
1970,1970,20160503_DJ,18.5,7.9,14.3,87.4,24,0,20160503,DJ
1971,1971,20160503_GB,20.366666667,8.275,15.995833333,74.954166667,71,0,20160503,GB
1972,1972,20160503_GG,18.05952381,8.685714285700001,13.357142857000001,89.20952381,238,0,20160503,GG
1973,1973,20160503_GJ,19.7,6.9,15.5,85.6,29,0,20160503,GJ
1974,1974,20160503_GN,20.736363636,6.6,16.722727273,72.227272727,61,0,20160503,GN
1975,1975,20160503_GW,20.155555556,9.9388888889,14.666666667000001,77.033333333,52,0,20160503,GW
1976,1976,20160503_IC,17.34,7.59,13.08,95.08,42,0,20160503,IC
1977,1977,20160503_JB,19.753333333,8.1933333333,15.046666667,78.78,98,0,20160503,JB
1978,1978,20160503_JJ,21.25,6.65,17.55,74.95,20,0,20160503,JJ
1979,1979,20160503_JN,19.422727273,6.545454545499999,15.65,82.65,53,0,20160503,JN
1980,1980,20160503_SU,17.6,8.7,12.9,86.1,240,0,20160503,SU
1981,1981,20160503_US,21.3,6.3,17.4,72.1,12,0,20160503,US
1982,1982,20160504_BS,26.0,11.9,19.8,37.6,81,0,20160504,BS
1983,1983,20160504_CB,22.16,10.593333333,16.82,33.893333333,51,0,20160504,CB
1984,1984,20160504_CN,21.99375,10.975,16.0125,53.98125,81,0,20160504,CN
1985,1985,20160504_DG,25.0,10.3,19.5,31.8,85,0,20160504,DG
1986,1986,20160504_DJ,23.0,10.5,17.1,46.4,41,0,20160504,DJ
1987,1987,20160504_GB,23.491666666999997,10.5,18.279166667000002,29.4875,81,0,20160504,GB
1988,1988,20160504_GG,20.578571429,9.9738095238,15.733333333,46.82857142899999,265,0,20160504,GG
1989,1989,20160504_GJ,22.6,11.7,16.6,65.1,48,0,20160504,GJ
1990,1990,20160504_GN,25.486363636,12.390909091,19.027272727,32.745454545,72,0,20160504,GN
1991,1991,20160504_GW,20.433333333,10.144444444,15.916666667000001,38.827777778000005,53,0,20160504,GW
1992,1992,20160504_IC,18.59,7.32,15.34,59.91,54,0,20160504,IC
1993,1993,20160504_JB,21.313333333,11.246666667000001,15.286666667,57.853333333,80,0,20160504,JB
1994,1994,20160504_JJ,23.85,8.25,19.4,50.35,12,0,20160504,JJ
1995,1995,20160504_JN,22.113636364,11.813636364,16.322727272999998,62.863636363999994,62,0,20160504,JN
1996,1996,20160504_SU,20.6,10.4,15.7,46.6,256,0,20160504,SU
1997,1997,20160504_US,24.7,9.9,19.7,28.9,16,0,20160504,US
1998,1998,20160505_BS,25.0,10.7,19.0,46.3,7,0,20160505,BS
1999,1999,20160505_CB,27.32,19.046666667,18.82,41.693333333000005,1,0,20160505,CB
2000,2000,20160505_CN,26.64375,19.5,18.39375,57.56875,5,0,20160505,CN
2001,2001,20160505_DG,28.0,16.3,20.3,35.9,5,0,20160505,DG
2002,2002,20160505_DJ,27.9,18.7,19.6,51.8,3,0,20160505,DJ
2003,2003,20160505_GB,26.729166666999998,16.133333333,18.9125,36.008333333,3,0,20160505,GB
2004,2004,20160505_GG,26.492857143000002,17.992857143,18.288095238,54.757142857,15,0,20160505,GG
2005,2005,20160505_GJ,26.9,16.5,18.5,64.1,0,0,20160505,GJ
2006,2006,20160505_GN,24.877272726999998,14.877272727000001,17.772727273,44.904545455,4,0,20160505,GN
2007,2007,20160505_GW,25.522222221999996,16.066666667,17.433333333,43.188888889,2,0,20160505,GW
2008,2008,20160505_IC,25.31,15.02,17.88,63.91,0,0,20160505,IC
2009,2009,20160505_JB,27.266666667,19.6,18.493333333,53.42,2,0,20160505,JB
2010,2010,20160505_JJ,22.35,6.95,18.45,72.1,0,0,20160505,JJ
2011,2011,20160505_JN,24.022727273,14.431818182,17.372727273,67.945454545,1,0,20160505,JN
2012,2012,20160505_SU,26.9,16.7,18.9,50.8,11,0,20160505,SU
2013,2013,20160505_US,26.3,11.9,20.2,30.6,2,0,20160505,US
2014,2014,20160506_BS,19.2,3.3,17.3,93.4,60,0,20160506,BS
2015,2015,20160506_CB,24.8,10.833333332999999,19.006666667,66.733333333,33,0,20160506,CB
2016,2016,20160506_CN,22.79375,10.8125,17.7,83.63125,43,0,20160506,CN
2017,2017,20160506_DG,24.0,5.6,20.5,74.3,53,0,20160506,DG
2018,2018,20160506_DJ,26.2,11.7,20.5,73.1,28,0,20160506,DJ
2019,2019,20160506_GB,23.9625,8.3,19.395833333,69.3375,44,0,20160506,GB
2020,2020,20160506_GG,18.95952381,6.3833333333,16.230952380999998,90.085714286,145,0,20160506,GG
2021,2021,20160506_GJ,25.2,10.3,19.9,81.5,19,0,20160506,GJ
2022,2022,20160506_GN,20.295454545,4.8045454545,17.795454545,87.57727272700001,42,0,20160506,GN
2023,2023,20160506_GW,20.688888889,8.461111111100001,15.994444444,78.622222222,30,0,20160506,GW
2024,2024,20160506_IC,18.63,6.5,14.78,96.76,36,0,20160506,IC
2025,2025,20160506_JB,26.0,13.133333333,19.313333333,76.126666667,68,0,20160506,JB
2026,2026,20160506_JJ,21.55,5.7,18.05,93.5,9,0,20160506,JJ
2027,2027,20160506_JN,23.177272727,8.4409090909,18.681818182,87.26818181799999,50,0,20160506,JN
2028,2028,20160506_SU,18.6,5.6,16.3,89.3,156,0,20160506,SU
2029,2029,20160506_US,19.8,3.6,17.8,89.8,11,0,20160506,US
2030,2030,20160507_BS,25.2,9.1,20.0,55.6,24,0,20160507,BS
2031,2031,20160507_CB,23.046666666999997,12.386666667,16.346666667,52.1,12,0,20160507,CB
2032,2032,20160507_CN,22.41875,13.7875,15.05625,66.64375,16,0,20160507,CN
2033,2033,20160507_DG,25.5,10.3,19.8,43.3,26,0,20160507,DG
2034,2034,20160507_DJ,24.6,13.3,17.1,57.9,5,0,20160507,DJ
2035,2035,20160507_GB,24.8125,12.133333333,18.333333333,44.254166667,14,0,20160507,GB
2036,2036,20160507_GG,22.407142856999997,12.592857143,15.819047619000001,64.97380952399999,58,0,20160507,GG
2037,2037,20160507_GJ,23.3,11.8,17.3,43.4,6,0,20160507,GJ
2038,2038,20160507_GN,25.181818181999997,11.95,18.809090909000002,52.231818182,36,0,20160507,GN
2039,2039,20160507_GW,23.483333333,12.388888889,16.55,55.033333333,3,0,20160507,GW
2040,2040,20160507_IC,19.35,8.74,15.33,77.77,11,0,20160507,IC
2041,2041,20160507_JB,22.053333333,12.386666667,15.226666667,63.36,22,0,20160507,JB
2042,2042,20160507_JJ,21.0,6.0,17.85,66.2,1,0,20160507,JJ
2043,2043,20160507_JN,23.122727273000002,11.390909091,17.018181818,53.077272727,16,0,20160507,JN
2044,2044,20160507_SU,22.6,11.9,16.5,60.3,63,0,20160507,SU
2045,2045,20160507_US,24.9,10.6,19.7,47.0,2,0,20160507,US
2046,2046,20160508_BS,23.1,6.9,19.2,41.9,0,0,20160508,BS
2047,2047,20160508_CB,26.82,18.373333332999998,18.253333333,47.42,1,0,20160508,CB
2048,2048,20160508_CN,25.8375,17.9625,17.29375,60.55,1,0,20160508,CN
2049,2049,20160508_DG,26.1,15.6,18.7,51.6,1,0,20160508,DG
2050,2050,20160508_DJ,27.5,17.7,19.1,52.0,0,0,20160508,DJ
2051,2051,20160508_GB,24.595833333,15.758333333,17.108333333,53.241666667,2,0,20160508,GB
2052,2052,20160508_GG,26.466666667,16.297619047999998,18.602380952,52.271428571,5,0,20160508,GG
2053,2053,20160508_GJ,25.4,14.5,18.9,43.9,0,0,20160508,GJ
2054,2054,20160508_GN,23.740909091,12.731818182,17.736363636,48.895454545,3,0,20160508,GN
2055,2055,20160508_GW,24.577777778,15.283333333,17.238888889000002,57.45,2,0,20160508,GW
2056,2056,20160508_IC,24.32,11.96,18.13,65.19,2,0,20160508,IC
2057,2057,20160508_JB,26.0,18.213333332999998,17.246666667,57.426666667,2,0,20160508,JB
2058,2058,20160508_JJ,23.45,9.05,18.0,64.3,0,0,20160508,JJ
2059,2059,20160508_JN,23.75,13.972727273,17.636363636,54.259090908999994,1,0,20160508,JN
2060,2060,20160508_SU,26.8,15.2,19.4,44.8,9,0,20160508,SU
2061,2061,20160508_US,22.3,8.9,17.8,51.5,0,0,20160508,US
2062,2062,20160509_BS,22.3,6.2,18.6,64.9,103,0,20160509,BS
2063,2063,20160509_CB,26.26,13.18,19.426666667,46.406666666999996,42,0,20160509,CB
2064,2064,20160509_CN,25.275,12.75625,18.25,60.0625,69,0,20160509,CN
2065,2065,20160509_DG,24.9,9.8,19.9,52.0,76,0,20160509,DG
2066,2066,20160509_DJ,26.6,12.0,20.0,53.9,36,0,20160509,DJ
2067,2067,20160509_GB,23.654166667,10.925,18.1875,55.691666667,75,0,20160509,GB
2068,2068,20160509_GG,25.645238095,11.104761905,19.716666667000002,51.411904762,233,0,20160509,GG
2069,2069,20160509_GJ,19.4,3.8,17.1,70.6,43,0,20160509,GJ
2070,2070,20160509_GN,22.818181818000003,8.3,18.077272727,61.359090908999995,72,0,20160509,GN
2071,2071,20160509_GW,24.316666667,11.477777778,17.95,57.155555556,55,0,20160509,GW
2072,2072,20160509_IC,22.14,7.04,18.22,71.28,53,0,20160509,IC
2073,2073,20160509_JB,22.94,8.4,17.54,62.726666666999996,100,0,20160509,JB
2074,2074,20160509_JJ,17.7,2.8,15.8,93.9,20,0,20160509,JJ
2075,2075,20160509_JN,19.559090909000002,4.7090909091,16.686363636,75.768181818,74,0,20160509,JN
2076,2076,20160509_SU,25.4,9.1,20.2,43.0,259,0,20160509,SU
2077,2077,20160509_US,23.1,8.5,18.4,59.5,19,0,20160509,US
2078,2078,20160510_BS,17.2,4.1,15.1,92.8,62,0,20160510,BS
2079,2079,20160510_CB,17.993333333,6.08,13.7,84.38,31,0,20160510,CB
2080,2080,20160510_CN,16.46875,4.35,13.81875,92.075,44,0,20160510,CN
2081,2081,20160510_DG,20.1,8.1,14.5,90.9,51,0,20160510,DG
2082,2082,20160510_DJ,17.7,5.2,14.1,91.3,37,0,20160510,DJ
2083,2083,20160510_GB,17.933333333,6.2666666667,13.716666667,88.566666667,66,0,20160510,GB
2084,2084,20160510_GG,18.233333333,5.3952380952,14.607142857000001,83.302380952,206,0,20160510,GG
2085,2085,20160510_GJ,16.1,2.4,14.6,98.8,39,0,20160510,GJ
2086,2086,20160510_GN,17.268181818,4.6090909091,14.704545455,90.77727272700001,60,0,20160510,GN
2087,2087,20160510_GW,16.483333333,5.2388888889,12.877777777999999,86.166666667,25,0,20160510,GW
2088,2088,20160510_IC,16.87,4.32,14.02,94.33,38,0,20160510,IC
2089,2089,20160510_JB,15.853333333,3.5866666667,13.66,91.95333333299999,60,0,20160510,JB
2090,2090,20160510_JJ,16.45,2.6,15.2,95.45,22,0,20160510,JJ
2091,2091,20160510_JN,16.127272727,2.9681818182,14.431818182,95.44090909100001,68,0,20160510,JN
2092,2092,20160510_SU,18.1,5.6,14.5,82.4,252,0,20160510,SU
2093,2093,20160510_US,17.5,5.5,14.2,95.5,10,0,20160510,US
2094,2094,20160511_BS,18.7,5.5,15.1,81.4,77,0,20160511,BS
2095,2095,20160511_CB,23.02,11.753333332999999,16.5,67.486666667,31,0,20160511,CB
2096,2096,20160511_CN,22.275,11.40625,15.80625,77.975,54,0,20160511,CN
2097,2097,20160511_DG,23.4,10.9,17.2,74.3,67,0,20160511,DG
2098,2098,20160511_DJ,23.3,11.4,17.0,75.9,39,0,20160511,DJ
2099,2099,20160511_GB,21.295833333,10.066666667,15.3875,74.145833333,75,0,20160511,GB
2100,2100,20160511_GG,23.402380951999998,12.904761905,16.385714286,65.43333333300001,225,0,20160511,GG
2101,2101,20160511_GJ,24.0,11.0,17.1,77.1,32,0,20160511,GJ
2102,2102,20160511_GN,21.286363636,8.95,15.722727273,77.027272727,68,0,20160511,GN
2103,2103,20160511_GW,21.133333333,11.355555555999999,15.194444444,68.622222222,50,0,20160511,GW
2104,2104,20160511_IC,20.18,8.85,15.22,81.66,44,0,20160511,IC
2105,2105,20160511_JB,22.033333333,10.146666667,15.933333333,75.326666667,77,0,20160511,JB
2106,2106,20160511_JJ,19.5,6.1,15.65,84.2,14,0,20160511,JJ
2107,2107,20160511_JN,21.563636364,8.890909090900001,16.122727273,81.536363636,61,0,20160511,JN
2108,2108,20160511_SU,23.5,13.1,16.4,60.9,225,0,20160511,SU
2109,2109,20160511_US,18.9,7.0,14.4,87.6,14,0,20160511,US
2110,2110,20160512_BS,23.5,9.8,18.3,64.6,56,0,20160512,BS
2111,2111,20160512_CB,25.866666666999997,15.293333333,18.306666667000002,61.253333333,29,0,20160512,CB
2112,2112,20160512_CN,23.4625,13.18125,16.99375,76.73125,45,0,20160512,CN
2113,2113,20160512_DG,27.4,15.2,19.6,60.3,59,0,20160512,DG
2114,2114,20160512_DJ,25.7,14.0,18.8,69.3,31,0,20160512,DJ
2115,2115,20160512_GB,26.8,16.3125,18.704166667,61.791666667,68,0,20160512,GB
2116,2116,20160512_GG,24.228571429000002,13.223809524000002,17.464285714000006,67.457142857,230,0,20160512,GG
2117,2117,20160512_GJ,26.2,13.6,19.0,72.3,37,0,20160512,GJ
2118,2118,20160512_GN,24.713636364,12.659090909000001,18.004545455,65.413636364,74,0,20160512,GN
2119,2119,20160512_GW,25.172222222,14.105555555999999,18.577777777999998,56.255555556000004,35,0,20160512,GW
2120,2120,20160512_IC,20.28,8.35,15.8,88.62,37,0,20160512,IC
2121,2121,20160512_JB,25.473333333000003,14.166666667000001,18.106666667,70.166666667,80,0,20160512,JB
2122,2122,20160512_JJ,20.95,7.6,17.1,78.95,12,0,20160512,JJ
2123,2123,20160512_JN,23.940909090999998,12.086363636,17.659090909,77.495454545,49,0,20160512,JN
2124,2124,20160512_SU,24.0,11.9,17.8,62.4,220,0,20160512,SU
2125,2125,20160512_US,25.8,14.5,18.7,59.4,9,0,20160512,US
2126,2126,20160513_BS,21.7,6.8,17.7,69.1,78,0,20160513,BS
2127,2127,20160513_CB,22.906666667,10.113333333,17.18,60.36,30,0,20160513,CB
2128,2128,20160513_CN,22.0375,9.35625,16.46875,72.3375,54,0,20160513,CN
2129,2129,20160513_DG,22.2,9.5,16.7,71.0,55,0,20160513,DG
2130,2130,20160513_DJ,22.5,8.4,17.6,68.3,31,0,20160513,DJ
2131,2131,20160513_GB,21.95,11.779166667,15.908333333,66.1875,61,0,20160513,GB
2132,2132,20160513_GG,24.84047619,12.273809524,17.892857143,61.864285714,183,0,20160513,GG
2133,2133,20160513_GJ,23.3,8.8,18.3,71.6,23,0,20160513,GJ
2134,2134,20160513_GN,23.304545455,10.918181817999999,17.209090909,69.086363636,59,0,20160513,GN
2135,2135,20160513_GW,22.594444444,11.888888889,16.355555556,57.461111111,33,0,20160513,GW
2136,2136,20160513_IC,23.12,11.03,17.26,67.06,52,0,20160513,IC
2137,2137,20160513_JB,21.853333333000002,9.1933333333,16.233333333,75.94,81,0,20160513,JB
2138,2138,20160513_JJ,19.95,5.85,16.9,78.55,11,0,20160513,JJ
2139,2139,20160513_JN,22.0,8.609090909099999,17.159090909,77.713636364,51,0,20160513,JN
2140,2140,20160513_SU,25.4,12.7,18.6,57.0,189,0,20160513,SU
2141,2141,20160513_US,22.1,10.5,16.0,70.3,12,0,20160513,US
2142,2142,20160514_BS,21.3,8.2,16.9,66.3,7,0,20160514,BS
2143,2143,20160514_CB,25.866666666999997,14.673333332999999,18.833333333,46.226666666999996,2,0,20160514,CB
2144,2144,20160514_CN,25.2875,13.63125,18.66875,63.1875,12,0,20160514,CN
2145,2145,20160514_DG,23.1,14.0,16.3,68.6,3,0,20160514,DG
2146,2146,20160514_DJ,26.5,13.0,20.3,56.0,0,0,20160514,DJ
2147,2147,20160514_GB,22.429166666999997,14.829166667,15.3125,64.595833333,5,0,20160514,GB
2148,2148,20160514_GG,26.702380952,12.954761905,19.628571429,50.45952381,12,0,20160514,GG
2149,2149,20160514_GJ,26.4,12.4,20.1,60.8,1,0,20160514,GJ
2150,2150,20160514_GN,23.663636364000002,12.5,17.154545455,64.804545455,5,0,20160514,GN
2151,2151,20160514_GW,24.133333333000003,15.666666667000001,16.433333333,56.283333333,2,0,20160514,GW
2152,2152,20160514_IC,24.93,9.77,18.95,61.86,4,0,20160514,IC
2153,2153,20160514_JB,26.02,14.053333333,18.56,64.92,11,0,20160514,JB
2154,2154,20160514_JJ,21.55,5.5,18.25,76.95,1,0,20160514,JJ
2155,2155,20160514_JN,23.495454545,10.354545455,18.290909091,69.577272727,7,0,20160514,JN
2156,2156,20160514_SU,26.9,11.8,20.2,47.1,9,0,20160514,SU
2157,2157,20160514_US,19.2,8.1,15.2,77.3,2,0,20160514,US
2158,2158,20160515_BS,23.1,8.9,19.0,84.6,2,0,20160515,BS
2159,2159,20160515_CB,26.073333333,13.893333333,19.053333333,65.62,0,0,20160515,CB
2160,2160,20160515_CN,24.78125,12.70625,17.625,81.04375,2,0,20160515,CN
2161,2161,20160515_DG,25.1,14.0,19.8,74.3,2,0,20160515,DG
2162,2162,20160515_DJ,26.2,12.0,19.7,73.8,1,0,20160515,DJ
2163,2163,20160515_GB,25.341666667,15.15,18.820833333,69.87916666699999,2,0,20160515,GB
2164,2164,20160515_GG,24.723809524,12.214285714,17.357142857,77.05952381,7,0,20160515,GG
2165,2165,20160515_GJ,25.0,12.1,19.3,81.6,0,0,20160515,GJ
2166,2166,20160515_GN,23.222727273,10.890909091,18.663636364000002,81.94090909100001,2,0,20160515,GN
2167,2167,20160515_GW,22.283333333,11.144444444000001,16.311111111,73.71111111100001,0,0,20160515,GW
2168,2168,20160515_IC,22.84,10.7,16.41,86.68,1,0,20160515,IC
2169,2169,20160515_JB,24.64,12.786666667,18.466666667000002,75.68,3,0,20160515,JB
2170,2170,20160515_JJ,26.2,11.0,20.8,80.35,0,0,20160515,JJ
2171,2171,20160515_JN,23.304545455,10.013636364,18.622727273,86.336363636,1,0,20160515,JN
2172,2172,20160515_SU,24.2,11.9,17.4,73.9,9,0,20160515,SU
2173,2173,20160515_US,24.3,13.2,19.2,85.4,0,0,20160515,US
2174,2174,20160516_BS,20.0,8.5,15.6,77.4,87,0,20160516,BS
2175,2175,20160516_CB,21.84,12.66,15.033333333,53.48,31,0,20160516,CB
2176,2176,20160516_CN,21.39375,11.60625,14.94375,69.6125,63,0,20160516,CN
2177,2177,20160516_DG,22.5,11.9,15.9,63.1,62,0,20160516,DG
2178,2178,20160516_DJ,22.2,12.2,15.9,59.4,40,0,20160516,DJ
2179,2179,20160516_GB,21.9875,12.1,15.408333333,57.4375,85,0,20160516,GB
2180,2180,20160516_GG,21.873809524000002,11.292857142999999,15.607142857000001,62.576190476,220,0,20160516,GG
2181,2181,20160516_GJ,21.9,11.9,15.6,60.6,55,0,20160516,GJ
2182,2182,20160516_GN,22.186363636,12.090909090999999,15.968181818,61.359090908999995,68,0,20160516,GN
2183,2183,20160516_GW,22.216666667,11.622222222000001,16.266666667,47.7,49,0,20160516,GW
2184,2184,20160516_IC,18.3,6.85,14.66,77.84,40,0,20160516,IC
2185,2185,20160516_JB,20.673333333,11.74,14.126666667,66.106666667,114,0,20160516,JB
2186,2186,20160516_JJ,21.05,8.1,16.55,59.35,23,0,20160516,JJ
2187,2187,20160516_JN,21.222727273,11.390909091,15.059090909000002,65.759090909,71,0,20160516,JN
2188,2188,20160516_SU,21.9,11.1,15.9,57.0,249,0,20160516,SU
2189,2189,20160516_US,21.6,10.7,16.1,71.4,14,0,20160516,US
2190,2190,20160517_BS,25.3,12.6,18.6,36.5,97,0,20160517,BS
2191,2191,20160517_CB,27.106666667,18.753333333,17.993333333,50.433333333,37,0,20160517,CB
2192,2192,20160517_CN,26.0125,17.31875,17.49375,69.5625,47,0,20160517,CN
2193,2193,20160517_DG,27.4,19.2,18.5,53.3,72,0,20160517,DG
2194,2194,20160517_DJ,27.0,16.3,19.1,56.3,42,0,20160517,DJ
2195,2195,20160517_GB,26.729166666999998,18.691666667,17.816666667,46.825,55,0,20160517,GB
2196,2196,20160517_GG,26.688095238000002,17.021428570999998,18.335714285999998,57.407142857,240,0,20160517,GG
2197,2197,20160517_GJ,27.9,17.4,19.2,57.5,46,0,20160517,GJ
2198,2198,20160517_GN,27.236363636,18.890909090999997,17.640909090999997,48.031818181999995,51,0,20160517,GN
2199,2199,20160517_GW,27.272222221999996,17.911111111,18.616666667,47.38888888899999,46,0,20160517,GW
2200,2200,20160517_IC,23.73,12.37,17.45,71.27,50,0,20160517,IC
2201,2201,20160517_JB,26.066666667,18.073333333,17.346666667,61.133333333,90,0,20160517,JB
2202,2202,20160517_JJ,24.55,11.0,19.35,42.15,22,0,20160517,JJ
2203,2203,20160517_JN,26.445454545,17.045454545,17.868181818,64.731818182,61,0,20160517,JN
2204,2204,20160517_SU,26.6,15.7,19.3,48.8,246,0,20160517,SU
2205,2205,20160517_US,24.8,16.5,17.4,47.3,9,0,20160517,US
2206,2206,20160518_BS,26.8,12.1,20.2,42.6,68,0,20160518,BS
2207,2207,20160518_CB,29.713333333,18.98,20.626666667000002,49.093333333000004,28,0,20160518,CB
2208,2208,20160518_CN,29.0875,18.075,20.3625,60.1,64,0,20160518,CN
2209,2209,20160518_DG,31.1,19.3,21.8,52.1,55,0,20160518,DG
2210,2210,20160518_DJ,29.8,17.8,21.5,55.1,26,0,20160518,DJ
2211,2211,20160518_GB,29.725,18.695833333,20.2875,48.958333333,63,0,20160518,GB
2212,2212,20160518_GG,29.642857143,17.492857143,21.169047619,51.297619048,208,0,20160518,GG
2213,2213,20160518_GJ,31.1,17.5,22.6,55.8,39,0,20160518,GJ
2214,2214,20160518_GN,29.259090909,18.018181818,19.904545455,51.190909091,57,0,20160518,GN
2215,2215,20160518_GW,29.016666667,16.811111111,20.3,49.13888888899999,39,0,20160518,GW
2216,2216,20160518_IC,27.09,12.7,20.74,57.07,57,0,20160518,IC
2217,2217,20160518_JB,29.673333333000002,18.693333332999998,20.353333333,58.446666666999995,65,0,20160518,JB
2218,2218,20160518_JJ,24.6,9.35,20.05,49.75,10,0,20160518,JJ
2219,2219,20160518_JN,28.85,16.604545455,20.572727272999998,63.181818182,56,0,20160518,JN
2220,2220,20160518_SU,29.5,16.0,22.3,40.3,245,0,20160518,SU
2221,2221,20160518_US,27.1,14.6,19.5,51.0,12,0,20160518,US
2222,2222,20160519_BS,25.5,10.3,20.5,54.3,62,0,20160519,BS
2223,2223,20160519_CB,31.08,18.326666667,21.926666667,44.486666667,37,0,20160519,CB
2224,2224,20160519_CN,30.5625,17.6,21.2,59.36875,49,0,20160519,CN
2225,2225,20160519_DG,29.9,17.8,20.8,49.4,40,0,20160519,DG
2226,2226,20160519_DJ,31.3,16.7,23.3,51.1,33,0,20160519,DJ
2227,2227,20160519_GB,28.208333333000002,17.291666667,19.0625,53.2375,63,0,20160519,GB
2228,2228,20160519_GG,31.511904761999997,17.264285714,23.1,44.823809524,185,0,20160519,GG
2229,2229,20160519_GJ,29.3,12.8,22.1,56.5,36,0,20160519,GJ
2230,2230,20160519_GN,28.263636364,16.159090909,19.468181817999998,55.9,64,0,20160519,GN
2231,2231,20160519_GW,29.316666667,17.333333333,20.283333332999998,49.05,37,0,20160519,GW
2232,2232,20160519_IC,29.35,13.12,23.47,48.97,60,0,20160519,IC
2233,2233,20160519_JB,28.693333333,15.573333332999999,20.066666667,57.146666667,85,0,20160519,JB
2234,2234,20160519_JJ,24.15,7.1,19.85,62.05,15,0,20160519,JJ
2235,2235,20160519_JN,26.895454545,12.45,20.059090909000002,63.145454545,46,0,20160519,JN
2236,2236,20160519_SU,31.9,15.6,24.3,36.4,241,0,20160519,SU
2237,2237,20160519_US,26.2,14.1,19.1,54.4,6,0,20160519,US
2238,2238,20160520_BS,25.5,8.7,20.7,61.4,72,0,20160520,BS
2239,2239,20160520_CB,29.906666667,17.646666667,21.44,40.253333333,36,0,20160520,CB
2240,2240,20160520_CN,29.025,16.475,20.6375,61.30625,57,0,20160520,CN
2241,2241,20160520_DG,29.6,17.7,20.0,55.3,69,0,20160520,DG
2242,2242,20160520_DJ,30.1,15.6,22.7,48.0,45,0,20160520,DJ
2243,2243,20160520_GB,26.620833333,16.866666667,18.191666667,58.166666667,55,0,20160520,GB
2244,2244,20160520_GG,30.995238095,15.852380952,22.864285714,43.864285714,175,0,20160520,GG
2245,2245,20160520_GJ,30.0,15.2,22.9,51.9,37,0,20160520,GJ
2246,2246,20160520_GN,27.790909091,15.059090909000002,20.127272727,58.05,49,0,20160520,GN
2247,2247,20160520_GW,26.583333333000002,15.9,18.205555556,51.722222222,42,0,20160520,GW
2248,2248,20160520_IC,27.59,10.42,22.08,61.0,44,0,20160520,IC
2249,2249,20160520_JB,29.133333333000003,17.373333332999998,20.426666667,55.853333333,62,0,20160520,JB
2250,2250,20160520_JJ,25.05,9.5,20.85,61.4,14,0,20160520,JJ
2251,2251,20160520_JN,28.195454545,14.931818182,20.990909091,59.545454545,49,0,20160520,JN
2252,2252,20160520_SU,31.6,14.8,24.0,32.0,177,0,20160520,SU
2253,2253,20160520_US,25.4,12.4,18.6,71.5,9,0,20160520,US
2254,2254,20160521_BS,26.0,9.4,21.0,43.4,21,0,20160521,BS
2255,2255,20160521_CB,28.993333333000002,16.626666667000002,21.053333333,36.873333333000005,7,0,20160521,CB
2256,2256,20160521_CN,29.13125,15.56875,21.44375,50.99375,22,0,20160521,CN
2257,2257,20160521_DG,27.2,15.8,19.4,54.8,14,0,20160521,DG
2258,2258,20160521_DJ,29.4,13.1,23.1,36.8,8,0,20160521,DJ
2259,2259,20160521_GB,26.683333333,17.004166667,18.170833333,52.825,17,0,20160521,GB
2260,2260,20160521_GG,30.026190476,14.176190475999999,23.004761905,32.580952380999996,45,0,20160521,GG
2261,2261,20160521_GJ,30.5,13.5,23.7,41.6,16,0,20160521,GJ
2262,2262,20160521_GN,27.704545455,14.4,20.159090909,52.240909091000006,20,0,20160521,GN
2263,2263,20160521_GW,26.788888889000006,17.411111111,18.238888889000002,50.533333333,12,0,20160521,GW
2264,2264,20160521_IC,29.0,10.4,23.85,35.8,18,0,20160521,IC
2265,2265,20160521_JB,29.16,15.373333333,21.38,51.66,25,0,20160521,JB
2266,2266,20160521_JJ,23.95,5.45,21.0,65.5,3,0,20160521,JJ
2267,2267,20160521_JN,28.363636364,13.154545455,21.613636364,52.895454545,28,0,20160521,JN
2268,2268,20160521_SU,30.4,12.6,24.1,23.8,55,0,20160521,SU
2269,2269,20160521_US,25.2,13.1,18.8,58.8,6,0,20160521,US
2270,2270,20160522_BS,26.0,8.9,20.9,49.9,0,0,20160522,BS
2271,2271,20160522_CB,29.84,18.086666667,21.266666667,39.086666666999996,2,0,20160522,CB
2272,2272,20160522_CN,29.7125,17.025,21.18125,50.65625,1,0,20160522,CN
2273,2273,20160522_DG,27.4,16.9,19.2,51.6,1,0,20160522,DG
2274,2274,20160522_DJ,30.3,16.6,22.6,41.8,0,0,20160522,DJ
2275,2275,20160522_GB,26.6375,17.516666667,17.995833333,54.7375,3,0,20160522,GB
2276,2276,20160522_GG,30.854761905,14.888095238,23.314285714,41.271428571,4,0,20160522,GG
2277,2277,20160522_GJ,30.3,13.4,23.5,44.9,1,0,20160522,GJ
2278,2278,20160522_GN,27.963636364,14.877272727000001,20.027272727,52.459090909,1,0,20160522,GN
2279,2279,20160522_GW,27.622222221999998,16.85,19.122222222,53.333333333,1,0,20160522,GW
2280,2280,20160522_IC,28.49,9.59,23.17,43.3,0,0,20160522,IC
2281,2281,20160522_JB,29.466666667,16.393333333,21.206666667,49.813333333,0,0,20160522,JB
2282,2282,20160522_JJ,23.1,4.15,20.9,68.5,0,0,20160522,JJ
2283,2283,20160522_JN,27.786363636,11.790909091,21.554545455,53.704545455,1,0,20160522,JN
2284,2284,20160522_SU,31.7,14.1,24.7,35.0,9,0,20160522,SU
2285,2285,20160522_US,25.2,12.9,18.2,57.6,0,0,20160522,US
2286,2286,20160523_BS,24.4,8.7,19.5,68.5,89,0,20160523,BS
2287,2287,20160523_CB,29.626666667,17.026666667,21.706666666999997,42.653333333,42,0,20160523,CB
2288,2288,20160523_CN,28.8125,15.725,21.34375,57.1625,66,0,20160523,CN
2289,2289,20160523_DG,30.6,19.4,21.7,50.5,71,0,20160523,DG
2290,2290,20160523_DJ,30.4,15.4,23.1,48.3,45,0,20160523,DJ
2291,2291,20160523_GB,27.6625,18.441666667,19.404166667000002,54.795833333000004,87,0,20160523,GB
2292,2292,20160523_GG,28.947619048000004,12.730952381,22.295238095,49.13095238100001,231,0,20160523,GG
2293,2293,20160523_GJ,29.5,12.6,23.2,52.0,40,0,20160523,GJ
2294,2294,20160523_GN,27.168181818,14.545454545,20.304545455,59.159090909,82,0,20160523,GN
2295,2295,20160523_GW,26.422222222,14.677777778,19.533333332999998,60.1,44,0,20160523,GW
2296,2296,20160523_IC,25.93,8.75,20.79,66.19,43,0,20160523,IC
2297,2297,20160523_JB,29.246666667,15.446666667,21.96,52.733333333000004,119,0,20160523,JB
2298,2298,20160523_JJ,26.65,7.35,22.65,65.35,17,0,20160523,JJ
2299,2299,20160523_JN,27.081818182,11.763636364000002,21.568181818000003,61.96818181800001,92,0,20160523,JN
2300,2300,20160523_SU,29.4,11.1,23.3,43.0,254,0,20160523,SU
2301,2301,20160523_US,25.1,13.5,18.8,79.5,19,0,20160523,US
2302,2302,20160524_BS,20.7,2.2,19.3,87.9,81,0,20160524,BS
2303,2303,20160524_CB,20.98,6.3133333333,17.653333333,79.72,32,0,20160524,CB
2304,2304,20160524_CN,20.74375,6.33125,17.3375,88.0,48,0,20160524,CN
2305,2305,20160524_DG,22.7,6.8,19.8,84.1,61,0,20160524,DG
2306,2306,20160524_DJ,21.9,6.4,18.3,84.1,30,0,20160524,DJ
2307,2307,20160524_GB,21.6125,6.575,18.625,81.1,65,0,20160524,GB
2308,2308,20160524_GG,21.073809524,6.7547619048000005,16.616666667,87.76666666700001,192,0,20160524,GG
2309,2309,20160524_GJ,21.4,5.3,18.8,88.3,43,0,20160524,GJ
2310,2310,20160524_GN,20.990909091,4.6181818182,19.090909091,88.73636363600002,46,0,20160524,GN
2311,2311,20160524_GW,21.733333333,7.3722222222,17.455555556,78.46111111100001,48,0,20160524,GW
2312,2312,20160524_IC,19.3,4.81,15.72,96.53,49,0,20160524,IC
2313,2313,20160524_JB,21.433333333,7.2266666667,17.553333333,86.166666667,82,0,20160524,JB
2314,2314,20160524_JJ,22.15,5.0,19.1,91.95,16,0,20160524,JJ
2315,2315,20160524_JN,21.154545455,5.404545454500001,18.518181818,90.131818182,61,0,20160524,JN
2316,2316,20160524_SU,21.8,6.4,16.8,82.6,232,0,20160524,SU
2317,2317,20160524_US,22.0,5.5,19.4,90.6,17,0,20160524,US
2318,2318,20160525_BS,23.8,7.4,19.9,71.9,88,0,20160525,BS
2319,2319,20160525_CB,25.2,12.88,18.453333333,71.993333333,30,0,20160525,CB
2320,2320,20160525_CN,24.1,10.55625,18.58125,82.38125,43,0,20160525,CN
2321,2321,20160525_DG,28.0,14.2,21.3,68.0,59,0,20160525,DG
2322,2322,20160525_DJ,25.5,13.1,19.5,74.8,36,0,20160525,DJ
2323,2323,20160525_GB,27.1375,13.9875,19.741666667,64.733333333,63,0,20160525,GB
2324,2324,20160525_GG,24.097619048000002,9.935714285700001,19.266666667,74.202380952,213,0,20160525,GG
2325,2325,20160525_GJ,26.9,13.0,20.4,73.5,35,0,20160525,GJ
2326,2326,20160525_GN,26.736363636,12.454545455,19.871428571,69.89047619,71,0,20160525,GN
2327,2327,20160525_GW,24.983333333,11.0,19.6,61.055555556,31,0,20160525,GW
2328,2328,20160525_IC,21.91,6.44,18.33,93.02,40,0,20160525,IC
2329,2329,20160525_JB,25.62,13.28,18.686666667,74.2,82,0,20160525,JB
2330,2330,20160525_JJ,22.45,6.05,19.2,78.05,19,0,20160525,JJ
2331,2331,20160525_JN,25.763636364,11.727272727,19.686363636,76.327272727,55,0,20160525,JN
2332,2332,20160525_SU,24.4,9.1,19.7,67.9,234,0,20160525,SU
2333,2333,20160525_US,25.5,9.9,20.2,74.0,10,0,20160525,US
2334,2334,20160526_BS,26.0,8.1,22.1,61.9,71,0,20160526,BS
2335,2335,20160526_CB,25.253333333,10.24,20.1,69.44,35,0,20160526,CB
2336,2336,20160526_CN,24.375,9.63125,19.575,79.8625,46,0,20160526,CN
2337,2337,20160526_DG,28.2,12.7,22.6,66.1,43,0,20160526,DG
2338,2338,20160526_DJ,26.4,10.8,21.0,74.0,50,0,20160526,DJ
2339,2339,20160526_GB,27.5625,13.333333332999999,21.220833332999998,63.579166666999996,73,0,20160526,GB
2340,2340,20160526_GG,23.402380951999998,6.7380952381,19.319047619000003,76.397619048,198,0,20160526,GG
2341,2341,20160526_GJ,28.4,11.5,21.9,68.9,47,0,20160526,GJ
2342,2342,20160526_GN,27.931818181999997,13.277272727,21.395454545,66.518181818,53,0,20160526,GN
2343,2343,20160526_GW,23.7,7.3611111111,19.705555556,70.133333333,36,0,20160526,GW
2344,2344,20160526_IC,20.11,4.06,17.88,95.39,63,0,20160526,IC
2345,2345,20160526_JB,26.1,11.686666667,20.233333333,71.66,92,0,20160526,JB
2346,2346,20160526_JJ,23.4,5.9,20.4,72.5,13,0,20160526,JJ
2347,2347,20160526_JN,26.809090909000002,11.136363635999999,21.054545455,73.577272727,76,0,20160526,JN
2348,2348,20160526_SU,22.9,5.4,19.4,72.0,222,0,20160526,SU
2349,2349,20160526_US,27.6,11.5,22.2,63.9,6,0,20160526,US
2350,2350,20160527_BS,26.7,5.9,23.0,52.6,71,0,20160527,BS
2351,2351,20160527_CB,28.686666666999997,12.853333333,21.766666667,54.293333333,35,0,20160527,CB
2352,2352,20160527_CN,27.9875,12.23125,20.85,69.21875,47,0,20160527,CN
2353,2353,20160527_DG,29.1,7.8,24.3,54.6,71,0,20160527,DG
2354,2354,20160527_DJ,29.1,11.2,22.9,58.4,50,0,20160527,DJ
2355,2355,20160527_GB,27.3125,10.2375,21.904166667,57.129166667,56,0,20160527,GB
2356,2356,20160527_GG,27.254761905,12.733333333,20.707142857,66.714285714,185,0,20160527,GG
2357,2357,20160527_GJ,29.6,10.5,23.3,63.5,31,0,20160527,GJ
2358,2358,20160527_GN,28.695454545,9.6454545455,22.963636364,56.759090908999994,64,0,20160527,GN
2359,2359,20160527_GW,26.038888889000006,11.194444444,19.888888889,63.872222222,36,0,20160527,GW
2360,2360,20160527_IC,24.45,9.05,19.45,87.64,45,0,20160527,IC
2361,2361,20160527_JB,28.806666667,11.766666667,22.006666666999998,62.013333333,68,0,20160527,JB
2362,2362,20160527_JJ,22.6,5.15,19.15,86.1,19,0,20160527,JJ
2363,2363,20160527_JN,27.613636364,9.2590909091,22.018181818000002,71.904545455,60,0,20160527,JN
2364,2364,20160527_SU,27.1,12.3,20.9,61.3,186,0,20160527,SU
2365,2365,20160527_US,25.4,5.4,22.3,57.1,16,0,20160527,US
2366,2366,20160528_BS,24.1,4.9,21.0,65.5,14,0,20160528,BS
2367,2367,20160528_CB,27.966666667,11.633333333,21.22,52.773333333000004,10,0,20160528,CB
2368,2368,20160528_CN,26.3375,10.85,20.04375,68.175,15,0,20160528,CN
2369,2369,20160528_DG,29.2,10.0,23.5,50.6,18,0,20160528,DG
2370,2370,20160528_DJ,28.0,9.8,22.0,57.5,7,0,20160528,DJ
2371,2371,20160528_GB,28.783333333,12.375,21.804166666999997,54.375,21,0,20160528,GB
2372,2372,20160528_GG,27.471428571,11.883333333,20.769047619000002,63.378571429,61,0,20160528,GG
2373,2373,20160528_GJ,26.9,9.5,21.5,65.1,13,0,20160528,GJ
2374,2374,20160528_GN,26.459090909,9.109090909099999,20.972727273,68.58181818199999,27,0,20160528,GN
2375,2375,20160528_GW,28.833333333000002,13.7,21.444444444000002,54.761111111000005,11,0,20160528,GW
2376,2376,20160528_IC,23.8,8.52,19.16,79.01,18,0,20160528,IC
2377,2377,20160528_JB,26.32,9.8733333333,20.046666667,62.546666667,23,0,20160528,JB
2378,2378,20160528_JJ,22.4,5.55,18.65,85.45,3,0,20160528,JJ
2379,2379,20160528_JN,24.75,7.3272727273,20.168181818,77.2,17,0,20160528,JN
2380,2380,20160528_SU,28.0,10.8,21.7,56.1,71,0,20160528,SU
2381,2381,20160528_US,26.8,9.1,21.9,62.9,6,0,20160528,US
2382,2382,20160529_BS,25.4,7.5,20.0,75.4,1,0,20160529,BS
2383,2383,20160529_CB,26.6,10.813333333,20.313333333,54.82,0,0,20160529,CB
2384,2384,20160529_CN,26.1125,11.09375,19.7,70.45625,2,0,20160529,CN
2385,2385,20160529_DG,28.6,11.0,22.8,57.8,2,0,20160529,DG
2386,2386,20160529_DJ,26.9,9.4,21.1,60.8,1,0,20160529,DJ
2387,2387,20160529_GB,27.6,12.179166667,20.783333332999998,61.220833333,1,0,20160529,GB
2388,2388,20160529_GG,27.126190475999998,11.15952381,20.642857143,62.530952381000006,6,0,20160529,GG
2389,2389,20160529_GJ,26.7,9.4,20.7,69.4,1,0,20160529,GJ
2390,2390,20160529_GN,26.127272726999998,9.640909090900001,20.195454545,76.231818182,2,0,20160529,GN
2391,2391,20160529_GW,27.066666667,12.038888889,20.3,61.711111111,1,0,20160529,GW
2392,2392,20160529_IC,24.44,8.39,19.55,84.47,0,0,20160529,IC
2393,2393,20160529_JB,25.24,10.073333332999999,19.173333333,72.21333333300001,2,0,20160529,JB
2394,2394,20160529_JJ,19.25,2.45,17.6,94.15,0,0,20160529,JJ
2395,2395,20160529_JN,25.281818182,8.2454545455,19.890909090999997,77.381818182,1,0,20160529,JN
2396,2396,20160529_SU,27.6,10.4,21.5,56.1,12,0,20160529,SU
2397,2397,20160529_US,26.7,10.0,21.1,65.8,0,0,20160529,US
2398,2398,20160530_BS,26.6,7.3,22.4,62.3,82,0,20160530,BS
2399,2399,20160530_CB,28.893333333,15.213333333,21.426666667,55.246666667,38,0,20160530,CB
2400,2400,20160530_CN,27.96875,14.8125,20.4,72.8625,65,0,20160530,CN
2401,2401,20160530_DG,32.3,16.0,24.6,52.9,65,0,20160530,DG
2402,2402,20160530_DJ,29.4,15.0,22.0,66.0,36,0,20160530,DJ
2403,2403,20160530_GB,28.016666667,13.516666667,21.4625,60.416666667,72,0,20160530,GB
2404,2404,20160530_GG,28.523809524,13.366666667,21.39047619,64.25952381,216,0,20160530,GG
2405,2405,20160530_GJ,29.9,14.6,22.3,61.9,38,0,20160530,GJ
2406,2406,20160530_GN,31.013636364,15.422727273,22.477272727,60.240909091000006,97,0,20160530,GN
2407,2407,20160530_GW,27.122222221999998,13.416666667000001,19.977777778,64.261111111,44,0,20160530,GW
2408,2408,20160530_IC,24.68,7.6,20.42,83.85,49,0,20160530,IC
2409,2409,20160530_JB,27.513333333000002,14.413333332999999,20.193333332999998,70.313333333,104,0,20160530,JB
2410,2410,20160530_JJ,25.55,9.6,21.0,69.55,14,0,20160530,JJ
2411,2411,20160530_JN,28.827272726999997,13.636363635999999,21.736363636,67.68636363600001,82,0,20160530,JN
2412,2412,20160530_SU,28.9,12.0,22.1,57.3,235,0,20160530,SU
2413,2413,20160530_US,26.8,9.1,21.4,72.5,13,0,20160530,US
2414,2414,20160531_BS,30.5,12.7,23.8,55.1,81,0,20160531,BS
2415,2415,20160531_CB,28.313333333000003,12.993333332999999,21.78,58.246666667,41,0,20160531,CB
2416,2416,20160531_CN,26.25,11.3625,20.36875,76.68125,42,0,20160531,CN
2417,2417,20160531_DG,30.8,11.4,25.2,47.1,58,0,20160531,DG
2418,2418,20160531_DJ,27.9,11.7,22.0,64.9,35,0,20160531,DJ
2419,2419,20160531_GB,30.025,14.045833333,22.833333333000002,53.066666667,60,0,20160531,GB
2420,2420,20160531_GG,27.321428571,11.34047619,20.938095238,71.48095238100001,210,0,20160531,GG
2421,2421,20160531_GJ,28.6,11.9,22.1,60.8,38,0,20160531,GJ
2422,2422,20160531_GN,30.290909091,15.168181817999999,22.854545455,58.622727273,49,0,20160531,GN
2423,2423,20160531_GW,27.616666666999997,12.711111111,20.994444444000003,58.333333333,38,0,20160531,GW
2424,2424,20160531_IC,23.08,6.63,19.34,91.33,36,0,20160531,IC
2425,2425,20160531_JB,26.853333333000002,12.673333332999999,20.546666667,67.226666667,66,0,20160531,JB
2426,2426,20160531_JJ,25.1,7.65,21.15,58.7,15,0,20160531,JJ
2427,2427,20160531_JN,27.05,10.977272727,21.413636364000002,66.0,63,0,20160531,JN
2428,2428,20160531_SU,27.6,10.2,21.6,63.6,226,0,20160531,SU
2429,2429,20160531_US,30.3,13.1,24.0,54.3,10,0,20160531,US
2446,2446,20160602_BS,24.0,8.3,19.8,60.5,84,0,20160602,BS
2447,2447,20160602_CB,28.846666666999997,15.706666667,21.5,44.273333333000004,28,0,20160602,CB
2448,2448,20160602_CN,27.38125,12.74375,20.8625,71.0125,66,0,20160602,CN
2449,2449,20160602_DG,28.0,15.7,20.8,54.8,49,0,20160602,DG
2450,2450,20160602_DJ,29.3,14.2,22.5,51.1,39,0,20160602,DJ
2451,2451,20160602_GB,26.875,16.45,19.258333333,53.433333333,67,0,20160602,GB
2452,2452,20160602_GG,28.788095238,13.054761905,22.416666666999998,47.504761905,218,0,20160602,GG
2453,2453,20160602_GJ,28.4,10.2,22.0,70.8,51,0,20160602,GJ
2454,2454,20160602_GN,26.736363636,13.790909091,19.586363635999998,56.240909091000006,78,0,20160602,GN
2455,2455,20160602_GW,26.8,15.583333332999999,19.561111111,51.166666667,39,0,20160602,GW
2456,2456,20160602_IC,25.49,7.54,21.58,66.42,58,0,20160602,IC
2457,2457,20160602_JB,27.586666667,12.833333332999999,20.733333333,67.82,100,0,20160602,JB
2458,2458,20160602_JJ,24.25,7.15,20.7,55.75,19,0,20160602,JJ
2459,2459,20160602_JN,25.940909090999998,9.7681818182,20.513636364,69.495454545,68,0,20160602,JN
2460,2460,20160602_SU,29.1,11.9,23.2,38.3,260,0,20160602,SU
2461,2461,20160602_US,23.8,11.4,18.7,65.9,12,0,20160602,US
2462,2462,20160603_BS,25.7,8.9,21.1,49.4,87,0,20160603,BS
2463,2463,20160603_CB,28.726666666999996,13.913333332999999,21.78,53.206666667,26,0,20160603,CB
2464,2464,20160603_CN,28.01875,12.73125,21.31875,67.7,56,0,20160603,CN
2465,2465,20160603_DG,31.2,15.3,23.9,44.8,70,0,20160603,DG
2466,2466,20160603_DJ,29.0,11.9,22.7,60.1,26,0,20160603,DJ
2467,2467,20160603_GB,29.716666667,16.604166667,21.975,50.833333333,71,0,20160603,GB
2468,2468,20160603_GG,27.816666667,11.94047619,21.714285714000006,55.688095238,190,0,20160603,GG
2469,2469,20160603_GJ,28.6,12.0,22.7,61.8,40,0,20160603,GJ
2470,2470,20160603_GN,28.204545455,14.027272727,21.313636364,55.731818182,62,0,20160603,GN
2471,2471,20160603_GW,28.383333333000003,14.188888889000001,21.994444444000006,51.105555556000006,42,0,20160603,GW
2472,2472,20160603_IC,24.44,8.27,20.21,70.86,49,0,20160603,IC
2473,2473,20160603_JB,28.433333333,13.726666667,21.786666667,62.186666667,69,0,20160603,JB
2474,2474,20160603_JJ,26.75,8.15,22.5,58.25,20,0,20160603,JJ
2475,2475,20160603_JN,26.8,11.809090909000002,21.204545455,65.654545455,70,0,20160603,JN
2476,2476,20160603_SU,27.7,10.1,22.2,48.1,219,0,20160603,SU
2477,2477,20160603_US,28.2,14.4,22.3,51.4,10,0,20160603,US
2478,2478,20160604_BS,23.8,7.2,19.7,78.8,14,0,20160604,BS
2479,2479,20160604_CB,23.113333333000003,6.7533333333000005,19.706666667,62.273333333000004,8,0,20160604,CB
2480,2480,20160604_CN,21.58125,5.35,19.05625,79.50625,18,0,20160604,CN
2481,2481,20160604_DG,23.0,5.6,20.5,71.0,16,0,20160604,DG
2482,2482,20160604_DJ,22.0,4.9,19.9,77.0,5,0,20160604,DJ
2483,2483,20160604_GB,23.608333333,6.854166666699999,20.158333332999998,65.3375,24,0,20160604,GB
2484,2484,20160604_GG,24.928571429,7.3761904762,20.521428570999998,60.611904761999995,60,0,20160604,GG
2485,2485,20160604_GJ,22.2,6.9,18.4,86.8,11,0,20160604,GJ
2486,2486,20160604_GN,22.659090909,6.5590909091,18.504545455,81.55909090899999,28,0,20160604,GN
2487,2487,20160604_GW,25.166666666999998,9.6222222222,20.038888889000003,57.777777778,2,0,20160604,GW
2488,2488,20160604_IC,23.66,5.62,20.15,81.37,17,0,20160604,IC
2489,2489,20160604_JB,21.226666667,5.5533333333,18.653333333,80.2,37,0,20160604,JB
2490,2490,20160604_JJ,22.75,6.35,18.15,88.55,4,0,20160604,JJ
2491,2491,20160604_JN,21.063636364,5.0772727273000005,18.272727273,89.06363636399998,24,0,20160604,JN
2492,2492,20160604_SU,26.3,8.1,21.2,51.8,47,0,20160604,SU
2493,2493,20160604_US,23.9,7.1,19.4,79.9,4,0,20160604,US
2494,2494,20160605_BS,25.1,8.0,20.6,73.3,1,0,20160605,BS
2495,2495,20160605_CB,30.146666666999998,16.026666667,22.393333333,51.506666667,0,0,20160605,CB
2496,2496,20160605_CN,29.675,15.18125,22.075,66.7,0,0,20160605,CN
2497,2497,20160605_DG,25.6,8.8,20.8,67.8,1,0,20160605,DG
2498,2498,20160605_DJ,30.3,15.7,22.9,59.3,0,0,20160605,DJ
2499,2499,20160605_GB,26.304166666999997,11.395833332999999,20.1,65.458333333,2,0,20160605,GB
2500,2500,20160605_GG,31.133333333000003,15.311904762000001,23.730952380999998,55.019047619,2,0,20160605,GG
2501,2501,20160605_GJ,26.2,11.5,21.0,75.5,1,0,20160605,GJ
2502,2502,20160605_GN,26.922727273000003,10.895454545,21.172727273,65.977272727,3,0,20160605,GN
2503,2503,20160605_GW,27.0,12.905555556,20.305555555999998,62.783333333,1,0,20160605,GW
2504,2504,20160605_IC,28.75,11.91,22.99,66.96,2,0,20160605,IC
2505,2505,20160605_JB,28.866666666999997,14.806666667,21.02,67.086666667,0,0,20160605,JB
2506,2506,20160605_JJ,22.5,5.25,19.9,82.45,0,0,20160605,JJ
2507,2507,20160605_JN,24.881818181999996,9.5818181818,20.631818182,75.772727273,2,0,20160605,JN
2508,2508,20160605_SU,32.2,14.9,24.7,47.3,5,0,20160605,SU
2509,2509,20160605_US,22.7,6.2,19.5,83.1,0,0,20160605,US
2510,2510,20160606_BS,20.4,2.1,19.3,85.9,11,0,20160606,BS
2511,2511,20160606_CB,22.726666666999996,6.76,19.56,67.406666667,2,0,20160606,CB
2512,2512,20160606_CN,24.1375,7.29375,20.15625,78.06875,7,0,20160606,CN
2513,2513,20160606_DG,19.3,1.6,18.4,87.4,6,0,20160606,DG
2514,2514,20160606_DJ,24.5,6.1,20.8,73.8,0,0,20160606,DJ
2515,2515,20160606_GB,20.841666667000002,6.033333333300001,18.170833333,82.56666666699999,13,0,20160606,GB
2516,2516,20160606_GG,26.74047619,7.4380952381,22.266666667,57.545238095,17,0,20160606,GG
2517,2517,20160606_GJ,22.4,3.5,20.1,86.6,0,0,20160606,GJ
2518,2518,20160606_GN,20.195454545,2.6954545455,18.868181818,84.35,8,0,20160606,GN
2519,2519,20160606_GW,25.15,9.9222222222,19.755555555999997,67.84444444399999,4,0,20160606,GW
2520,2520,20160606_IC,25.56,5.45,21.93,70.28,5,0,20160606,IC
2521,2521,20160606_JB,23.226666666999996,6.0,19.813333333,77.606666667,10,0,20160606,JB
2522,2522,20160606_JJ,21.6,3.35,19.7,91.85,0,0,20160606,JJ
2523,2523,20160606_JN,22.072727273,3.3727272727,19.972727273,83.927272727,6,0,20160606,JN
2524,2524,20160606_SU,28.4,7.6,23.3,49.1,16,0,20160606,SU
2525,2525,20160606_US,18.9,1.6,18.0,96.6,1,0,20160606,US
2526,2526,20160607_BS,25.4,6.6,20.9,85.4,99,0,20160607,BS
2527,2527,20160607_CB,26.766666667,9.0333333333,21.56,67.56,53,0,20160607,CB
2528,2528,20160607_CN,26.325,8.75625,21.18125,77.1,69,0,20160607,CN
2529,2529,20160607_DG,28.4,10.6,22.9,73.6,71,0,20160607,DG
2530,2530,20160607_DJ,26.7,8.3,21.9,75.6,48,0,20160607,DJ
2531,2531,20160607_GB,26.566666667,9.3958333333,21.25,76.025,84,0,20160607,GB
2532,2532,20160607_GG,26.819047619000006,8.4047619048,21.771428570999998,72.097619048,286,0,20160607,GG
2533,2533,20160607_GJ,25.2,6.5,21.4,85.5,67,0,20160607,GJ
2534,2534,20160607_GN,26.231818181999998,8.1227272727,21.35,81.077272727,92,0,20160607,GN
2535,2535,20160607_GW,25.583333333000002,7.994444444400001,20.7,74.088888889,60,0,20160607,GW
2536,2536,20160607_IC,24.86,6.88,20.88,89.55,58,0,20160607,IC
2537,2537,20160607_JB,25.713333333,7.373333333300001,20.946666667,79.4,101,0,20160607,JB
2538,2538,20160607_JJ,23.35,4.4,20.25,93.55,15,0,20160607,JJ
2539,2539,20160607_JN,24.268181818000002,5.8227272727,20.9,86.8,93,0,20160607,JN
2540,2540,20160607_SU,25.9,6.3,21.7,69.5,273,0,20160607,SU
2541,2541,20160607_US,24.4,6.8,20.4,90.4,22,0,20160607,US
2542,2542,20160608_BS,22.2,3.4,20.4,89.1,84,0,20160608,BS
2543,2543,20160608_CB,26.593333333,8.733333333300001,21.46,65.68,36,0,20160608,CB
2544,2544,20160608_CN,26.05,8.4125,21.01875,78.8875,62,0,20160608,CN
2545,2545,20160608_DG,24.7,5.1,21.9,87.0,75,0,20160608,DG
2546,2546,20160608_DJ,27.1,8.0,22.4,72.1,34,0,20160608,DJ
2547,2547,20160608_GB,23.979166666999998,5.8125,20.679166667,84.883333333,79,0,20160608,GB
2548,2548,20160608_GG,26.964285714000006,9.3547619048,21.471428571,73.704761905,227,0,20160608,GG
2549,2549,20160608_GJ,26.4,7.0,22.5,75.8,31,0,20160608,GJ
2550,2550,20160608_GN,24.313636364,5.759090909099998,21.195454545,86.118181818,90,0,20160608,GN
2551,2551,20160608_GW,25.227777778000004,7.583333333300001,20.972222222,74.9,46,0,20160608,GW
2552,2552,20160608_IC,22.75,5.83,19.45,95.61,49,0,20160608,IC
2553,2553,20160608_JB,25.373333333,7.2133333333,21.1,76.18,79,0,20160608,JB
2554,2554,20160608_JJ,22.05,3.4,20.15,92.3,13,0,20160608,JJ
2555,2555,20160608_JN,24.986363636,6.404545454500001,21.459090909,82.16818181800001,66,0,20160608,JN
2556,2556,20160608_SU,27.7,9.5,22.1,65.9,236,0,20160608,SU
2557,2557,20160608_US,24.2,5.5,20.8,93.5,12,0,20160608,US
2558,2558,20160609_BS,26.1,6.5,21.9,80.3,71,0,20160609,BS
2559,2559,20160609_CB,30.046666666999997,14.02,23.0,60.526666667,28,0,20160609,CB
2560,2560,20160609_CN,29.29375,13.5,22.18125,74.225,51,0,20160609,CN
2561,2561,20160609_DG,27.4,7.7,22.7,75.8,58,0,20160609,DG
2562,2562,20160609_DJ,30.2,12.7,24.0,65.8,31,0,20160609,DJ
2563,2563,20160609_GB,27.620833333,10.4625,22.0,74.704166667,64,0,20160609,GB
2564,2564,20160609_GG,30.25952381,13.195238095,23.107142857,67.573809524,205,0,20160609,GG
2565,2565,20160609_GJ,29.6,10.3,23.4,75.9,36,0,20160609,GJ
2566,2566,20160609_GN,27.854545455,9.05,22.077272726999997,80.163636364,62,0,20160609,GN
2567,2567,20160609_GW,27.744444444000006,11.216666667,21.561111111,71.733333333,37,0,20160609,GW
2568,2568,20160609_IC,26.62,9.28,21.51,84.4,36,0,20160609,IC
2569,2569,20160609_JB,29.053333333,11.833333332999999,22.466666667,73.06666666699999,87,0,20160609,JB
2570,2570,20160609_JJ,23.55,4.5,20.6,88.9,9,0,20160609,JJ
2571,2571,20160609_JN,27.927272727,9.213636363600001,22.3,80.754545455,50,0,20160609,JN
2572,2572,20160609_SU,31.3,13.5,24.1,59.5,225,0,20160609,SU
2573,2573,20160609_US,24.5,4.9,21.4,90.4,7,0,20160609,US
2574,2574,20160610_BS,25.3,5.2,22.3,78.0,70,0,20160610,BS
2575,2575,20160610_CB,31.553333333,13.566666667,24.526666666999997,61.5,31,0,20160610,CB
2576,2576,20160610_CN,28.8375,11.68125,22.89375,80.315384615,60,0,20160610,CN
2577,2577,20160610_DG,32.1,13.9,24.5,64.4,52,0,20160610,DG
2578,2578,20160610_DJ,31.2,11.6,25.3,67.8,30,0,20160610,DJ
2579,2579,20160610_GB,29.208333333000002,12.2,22.883333333000003,70.2125,67,0,20160610,GB
2580,2580,20160610_GG,30.528571429,11.921428571,23.802380951999996,67.19,195,0,20160610,GG
2581,2581,20160610_GJ,29.7,10.7,23.7,75.6,40,0,20160610,GJ
2582,2582,20160610_GN,27.868181818000004,9.3363636364,22.695454545,75.495454545,68,0,20160610,GN
2583,2583,20160610_GW,29.211111110999997,13.45,22.366666666999997,67.133333333,48,0,20160610,GW
2584,2584,20160610_IC,26.31,8.46,21.76,87.15,43,0,20160610,IC
2585,2585,20160610_JB,29.08,10.966666667,23.006666666999998,75.76,70,0,20160610,JB
2586,2586,20160610_JJ,25.8,6.9,22.45,80.9,21,0,20160610,JJ
2587,2587,20160610_JN,27.227272727,8.0909090909,22.631818181999996,79.977272727,60,0,20160610,JN
2588,2588,20160610_SU,31.3,11.1,24.6,60.9,204,0,20160610,SU
2589,2589,20160610_US,25.8,6.2,21.9,84.6,14,0,20160610,US
2590,2590,20160611_BS,26.6,6.5,23.1,80.6,25,0,20160611,BS
2591,2591,20160611_CB,30.013333333000002,9.6266666667,24.693333333,66.953333333,10,0,20160611,CB
2592,2592,20160611_CN,28.175,8.1,24.0125,81.51875,13,0,20160611,CN
2593,2593,20160611_DG,31.6,10.9,25.3,64.3,15,0,20160611,DG
2594,2594,20160611_DJ,29.8,8.9,25.6,71.5,12,0,20160611,DJ
2595,2595,20160611_GB,30.4,11.8375,24.104166666999998,71.404166667,17,0,20160611,GB
2596,2596,20160611_GG,27.971428571,7.3547619048,23.64047619,78.245238095,61,0,20160611,GG
2597,2597,20160611_GJ,29.5,9.5,24.3,80.3,11,0,20160611,GJ
2598,2598,20160611_GN,28.331818182,9.55,23.345454545,79.181818182,17,0,20160611,GN
2599,2599,20160611_GW,28.133333333000003,9.3888888889,23.061111111,71.85,7,0,20160611,GW
2600,2600,20160611_IC,25.61,5.52,22.16,94.25,8,0,20160611,IC
2601,2601,20160611_JB,28.833333333000002,9.68,23.806666667,78.546666667,28,0,20160611,JB
2602,2602,20160611_JJ,26.6,5.6,23.65,87.4,4,0,20160611,JJ
2603,2603,20160611_JN,27.15,7.6136363636,23.163636364000002,84.759090909,23,0,20160611,JN
2604,2604,20160611_SU,26.5,5.6,23.5,74.3,51,0,20160611,SU
2605,2605,20160611_US,28.6,10.4,23.9,79.6,10,0,20160611,US
2606,2606,20160612_BS,24.1,3.0,22.4,91.9,1,0,20160612,BS
2607,2607,20160612_CB,27.306666667,6.3266666667,23.926666667,78.48,1,0,20160612,CB
2608,2608,20160612_CN,26.0625,5.73125,23.11875,89.225,0,0,20160612,CN
2609,2609,20160612_DG,26.3,4.6,23.9,77.6,0,0,20160612,DG
2610,2610,20160612_DJ,27.4,4.3,24.9,81.1,3,0,20160612,DJ
2611,2611,20160612_GB,26.741666666999997,6.2666666667,23.254166667,82.6375,0,0,20160612,GB
2612,2612,20160612_GG,27.485714286,7.533333333300001,23.454761905,83.95952381,6,0,20160612,GG
2613,2613,20160612_GJ,26.5,4.1,24.1,88.1,1,0,20160612,GJ
2614,2614,20160612_GN,25.590909091,5.0363636364,22.622727273000002,89.454545455,1,0,20160612,GN
2615,2615,20160612_GW,28.511111110999998,8.75,23.211111110999997,78.894444444,1,0,20160612,GW
2616,2616,20160612_IC,25.15,7.07,21.51,96.64,1,0,20160612,IC
2617,2617,20160612_JB,25.9,5.26,23.126666667,85.726666667,1,0,20160612,JB
2618,2618,20160612_JJ,24.15,3.45,22.5,95.25,0,0,20160612,JJ
2619,2619,20160612_JN,25.477272727,3.8363636364,23.318181818000003,91.090909091,2,0,20160612,JN
2620,2620,20160612_SU,26.7,6.8,23.5,79.4,2,0,20160612,SU
2621,2621,20160612_US,24.6,4.2,21.9,95.6,0,0,20160612,US
2622,2622,20160613_BS,25.7,5.3,21.9,86.4,98,0,20160613,BS
2623,2623,20160613_CB,29.193333333,9.366666666699999,23.733333333,67.373333333,39,0,20160613,CB
2624,2624,20160613_CN,28.15,9.16875,22.51875,80.09375,68,0,20160613,CN
2625,2625,20160613_DG,28.3,9.1,23.1,74.6,68,0,20160613,DG
2626,2626,20160613_DJ,29.6,8.8,24.6,72.8,41,0,20160613,DJ
2627,2627,20160613_GB,27.7125,8.570833333300001,22.35,78.0,77,0,20160613,GB
2628,2628,20160613_GG,28.980952380999998,10.266666667,22.9,76.07619047600001,221,0,20160613,GG
2629,2629,20160613_GJ,30.4,9.8,24.1,78.5,38,0,20160613,GJ
2630,2630,20160613_GN,28.040909091,7.6409090909,23.090909091,80.659090909,79,0,20160613,GN
2631,2631,20160613_GW,26.761111110999998,8.2055555556,21.666666666999998,75.255555556,39,0,20160613,GW
2632,2632,20160613_IC,25.52,7.92,20.64,94.0,45,0,20160613,IC
2633,2633,20160613_JB,28.213333333,9.313333333300001,22.346666666999997,78.193333333,86,0,20160613,JB
2634,2634,20160613_JJ,24.75,4.45,22.05,89.15,15,0,20160613,JJ
2635,2635,20160613_JN,27.913636364000002,7.6772727273,23.118181818000004,82.281818182,69,0,20160613,JN
2636,2636,20160613_SU,29.6,10.2,23.5,70.5,263,0,20160613,SU
2637,2637,20160613_US,24.1,4.9,20.8,93.1,18,0,20160613,US
2638,2638,20160614_BS,24.2,4.1,21.1,87.3,102,0,20160614,BS
2639,2639,20160614_CB,29.766666667,11.146666667,23.64,68.293333333,23,0,20160614,CB
2640,2640,20160614_CN,27.99375,10.29375,22.08125,82.3875,56,0,20160614,CN
2641,2641,20160614_DG,28.4,9.9,22.6,72.9,67,0,20160614,DG
2642,2642,20160614_DJ,30.3,10.9,24.2,73.9,40,0,20160614,DJ
2643,2643,20160614_GB,26.795833333,8.420833333300001,21.845454545,79.786363636,58,0,20160614,GB
2644,2644,20160614_GG,29.183333333,10.702380952,23.111904761999998,70.930952381,241,0,20160614,GG
2645,2645,20160614_GJ,29.9,10.8,23.6,73.9,62,0,20160614,GJ
2646,2646,20160614_GN,26.781818182,6.6272727273,22.55,79.140909091,64,0,20160614,GN
2647,2647,20160614_GW,26.627777778000002,9.494444444400001,21.316666667,75.888888889,37,0,20160614,GW
2648,2648,20160614_IC,25.22,6.9,21.36,90.38,69,0,20160614,IC
2649,2649,20160614_JB,29.193333333,11.8,22.2,76.54,78,0,20160614,JB
2650,2650,20160614_JJ,24.75,4.95,21.75,81.45,16,0,20160614,JJ
2651,2651,20160614_JN,27.245454545,8.3409090909,22.522727273,79.41818181800001,64,0,20160614,JN
2652,2652,20160614_SU,29.5,9.8,23.8,62.5,248,0,20160614,SU
2653,2653,20160614_US,24.6,6.4,20.7,92.8,14,0,20160614,US
2654,2654,20160615_BS,24.2,4.3,22.4,85.4,84,0,20160615,BS
2655,2655,20160615_CB,25.94,6.24,21.846666666999997,77.62,29,0,20160615,CB
2656,2656,20160615_CN,25.3375,6.30625,21.19375,87.34375,60,0,20160615,CN
2657,2657,20160615_DG,25.6,6.2,23.3,69.1,58,0,20160615,DG
2658,2658,20160615_DJ,26.1,5.8,22.3,81.9,34,0,20160615,DJ
2659,2659,20160615_GB,24.804166666999997,5.95,21.929166666999997,79.4,64,0,20160615,GB
2660,2660,20160615_GG,24.95,7.3166666667,20.764285714,86.288095238,196,0,20160615,GG
2661,2661,20160615_GJ,25.3,4.7,22.3,84.0,35,0,20160615,GJ
2662,2662,20160615_GN,25.095454545,5.8863636364,22.513636364,82.540909091,62,0,20160615,GN
2663,2663,20160615_GW,24.133333333000003,6.05,20.077777777999998,87.144444444,42,0,20160615,GW
2664,2664,20160615_IC,22.96,5.7,19.68,94.65,39,0,20160615,IC
2665,2665,20160615_JB,25.433333333,6.7666666667,21.78,79.04,55,0,20160615,JB
2666,2666,20160615_JJ,25.4,5.85,22.9,81.65,13,0,20160615,JJ
2667,2667,20160615_JN,24.813636364,5.2090909091,22.136363636,86.05,50,0,20160615,JN
2668,2668,20160615_SU,24.5,7.1,20.9,81.8,214,0,20160615,SU
2669,2669,20160615_US,25.4,7.4,22.6,83.9,12,0,20160615,US
2670,2670,20160616_BS,26.4,4.7,23.6,81.4,80,0,20160616,BS
2671,2671,20160616_CB,25.346666666999997,6.5133333333,21.486666666999998,72.74,35,0,20160616,CB
2672,2672,20160616_CN,25.0,7.03125,20.83125,82.96875,57,0,20160616,CN
2673,2673,20160616_DG,28.9,7.0,24.8,63.1,46,0,20160616,DG
2674,2674,20160616_DJ,25.8,6.7,21.7,79.6,34,0,20160616,DJ
2675,2675,20160616_GB,27.720833333,7.9375,23.241666666999997,69.56666666699999,61,0,20160616,GB
2676,2676,20160616_GG,25.171428571,6.7880952381,20.895238095,79.035714286,199,0,20160616,GG
2677,2677,20160616_GJ,24.6,5.6,21.8,83.4,40,0,20160616,GJ
2678,2678,20160616_GN,28.3,8.0590909091,24.072727273,72.995454545,56,0,20160616,GN
2679,2679,20160616_GW,25.094444444,6.45,21.244444444000003,73.238888889,45,0,20160616,GW
2680,2680,20160616_IC,22.65,4.85,19.91,95.46,53,0,20160616,IC
2681,2681,20160616_JB,24.46,6.3666666667,20.986666667,80.28666666699999,72,0,20160616,JB
2682,2682,20160616_JJ,24.9,4.85,22.15,82.4,13,0,20160616,JJ
2683,2683,20160616_JN,24.445454545,5.3090909091,21.768181818000002,82.572727273,59,0,20160616,JN
2684,2684,20160616_SU,24.9,6.3,20.9,73.5,241,0,20160616,SU
2685,2685,20160616_US,28.4,7.1,24.4,78.0,9,0,20160616,US
2686,2686,20160617_BS,28.6,9.3,22.9,67.6,86,0,20160617,BS
2687,2687,20160617_CB,29.053333333,11.833333332999999,22.913333333,61.44,34,0,20160617,CB
2688,2688,20160617_CN,27.66875,11.375,21.9875,76.40625,55,0,20160617,CN
2689,2689,20160617_DG,32.0,12.5,25.3,51.0,58,0,20160617,DG
2690,2690,20160617_DJ,29.3,12.9,23.3,67.3,32,0,20160617,DJ
2691,2691,20160617_GB,30.641666667,12.4875,24.0875,57.829166666999996,69,0,20160617,GB
2692,2692,20160617_GG,28.873809524000002,11.030952380999999,23.24047619,68.985714286,168,0,20160617,GG
2693,2693,20160617_GJ,30.4,12.7,23.6,69.6,26,0,20160617,GJ
2694,2694,20160617_GN,30.659090909,13.713636364000001,23.359090909000006,64.536363636,61,0,20160617,GN
2695,2695,20160617_GW,29.255555555999997,10.355555556,23.9,58.5,37,0,20160617,GW
2696,2696,20160617_IC,26.07,7.95,22.12,87.87,38,0,20160617,IC
2697,2697,20160617_JB,29.653333333000003,13.62,22.726666666999996,69.226666667,80,0,20160617,JB
2698,2698,20160617_JJ,25.15,6.45,21.8,81.5,14,0,20160617,JJ
2699,2699,20160617_JN,28.55,11.345454545,22.472727273,74.759090909,47,0,20160617,JN
2700,2700,20160617_SU,29.1,10.5,23.8,63.1,187,0,20160617,SU
2701,2701,20160617_US,30.8,12.4,24.0,63.5,14,0,20160617,US
2702,2702,20160618_BS,25.5,6.4,22.4,80.5,22,0,20160618,BS
2703,2703,20160618_CB,31.233333333,13.96,24.466666667,60.26,8,0,20160618,CB
2704,2704,20160618_CN,29.0625,11.55,23.0,76.34375,16,0,20160618,CN
2705,2705,20160618_DG,33.5,13.2,26.3,52.3,16,1,20160618,DG
2706,2706,20160618_DJ,31.0,12.5,25.1,66.6,14,0,20160618,DJ
2707,2707,20160618_GB,31.616666666999997,13.608333333,24.841666667,58.870833333,22,0,20160618,GB
2708,2708,20160618_GG,29.445238095,10.5,23.776190476,67.488095238,51,0,20160618,GG
2709,2709,20160618_GJ,30.3,11.0,23.9,74.5,9,0,20160618,GJ
2710,2710,20160618_GN,28.831818182,10.95,23.027272727,74.618181818,27,0,20160618,GN
2711,2711,20160618_GW,30.411111111,12.377777777999999,23.983333333,63.061111111,7,0,20160618,GW
2712,2712,20160618_IC,24.57,5.47,21.65,91.42,19,0,20160618,IC
2713,2713,20160618_JB,30.28,12.813333333,23.633333333000003,69.54,19,0,20160618,JB
2714,2714,20160618_JJ,24.6,5.0,22.45,85.45,2,0,20160618,JJ
2715,2715,20160618_JN,27.945454545,9.9818181818,22.690909090999998,81.01363636399999,16,0,20160618,JN
2716,2716,20160618_SU,29.9,9.8,24.5,58.0,56,0,20160618,SU
2717,2717,20160618_US,29.0,10.0,24.7,67.4,4,0,20160618,US
2718,2718,20160619_BS,28.6,7.6,23.9,88.4,1,0,20160619,BS
2719,2719,20160619_CB,30.186666666999997,10.333333332999999,24.513333333000002,60.893333333,0,0,20160619,CB
2720,2720,20160619_CN,28.44375,8.86875,23.6875,77.5875,1,0,20160619,CN
2721,2721,20160619_DG,32.6,12.1,25.8,59.6,1,0,20160619,DG
2722,2722,20160619_DJ,30.1,8.4,25.7,63.8,0,0,20160619,DJ
2723,2723,20160619_GB,30.066666667,10.966666667,23.825,68.125,2,0,20160619,GB
2724,2724,20160619_GG,29.071428571,9.3523809524,23.876190475999998,70.930952381,10,0,20160619,GG
2725,2725,20160619_GJ,31.5,9.9,25.8,75.9,0,0,20160619,GJ
2726,2726,20160619_GN,30.509090909,9.6636363636,24.713636364,79.077272727,1,0,20160619,GN
2727,2727,20160619_GW,26.966666667,9.0444444444,22.0,72.661111111,2,0,20160619,GW
2728,2728,20160619_IC,26.69,7.04,22.65,91.38,0,0,20160619,IC
2729,2729,20160619_JB,29.133333333000003,8.96,24.04,74.1,2,0,20160619,JB
2730,2730,20160619_JJ,27.0,4.65,23.95,90.25,0,0,20160619,JJ
2731,2731,20160619_JN,29.459090909,7.922727272699999,24.586363635999998,83.4,2,0,20160619,JN
2732,2732,20160619_SU,29.3,9.0,24.1,64.5,10,0,20160619,SU
2733,2733,20160619_US,31.0,10.2,25.0,76.8,0,0,20160619,US
2734,2734,20160620_BS,28.7,7.6,23.9,88.1,77,0,20160620,BS
2735,2735,20160620_CB,30.433333333,12.106666667,24.173333333000002,65.22,32,0,20160620,CB
2736,2736,20160620_CN,29.16875,10.6875,23.125,82.80625,64,0,20160620,CN
2737,2737,20160620_DG,31.5,12.4,25.1,61.9,69,0,20160620,DG
2738,2738,20160620_DJ,29.5,9.5,24.2,77.4,38,0,20160620,DJ
2739,2739,20160620_GB,30.658333333,13.170833333,23.8625,69.054166667,82,0,20160620,GB
2740,2740,20160620_GG,30.219047619,11.342857143,24.471428571,70.32619047600001,217,0,20160620,GG
2741,2741,20160620_GJ,24.4,3.0,22.9,97.1,40,0,20160620,GJ
2742,2742,20160620_GN,27.527272727,7.1727272727,23.231818181999998,87.554545455,85,0,20160620,GN
2743,2743,20160620_GW,27.677777778000003,10.238888889,22.505555555999997,72.016666667,34,0,20160620,GW
2744,2744,20160620_IC,26.77,7.45,23.0,90.88,51,0,20160620,IC
2745,2745,20160620_JB,26.426666667,8.3,21.853333333000002,87.24,120,0,20160620,JB
2746,2746,20160620_JJ,26.3,4.45,23.5,94.15,11,0,20160620,JJ
2747,2747,20160620_JN,24.622727273000002,3.4863636364,22.713636364,94.054545455,74,0,20160620,JN
2748,2748,20160620_SU,30.7,11.1,24.7,66.0,214,0,20160620,SU
2749,2749,20160620_US,31.3,11.6,24.7,82.1,26,0,20160620,US
2750,2750,20160621_BS,24.6,3.4,22.4,89.6,71,0,20160621,BS
2751,2751,20160621_CB,31.28,11.88,25.233333333,63.76,36,0,20160621,CB
2752,2752,20160621_CN,30.3625,11.425,24.24375,79.79375,54,0,20160621,CN
2753,2753,20160621_DG,25.3,3.3,23.3,74.0,66,0,20160621,DG
2754,2754,20160621_DJ,32.0,12.3,26.1,72.3,26,0,20160621,DJ
2755,2755,20160621_GB,26.683333333,6.7958333333,22.820833333000003,78.295833333,60,0,20160621,GB
2756,2756,20160621_GG,30.871428571,10.911904762,25.264285714,68.983333333,199,0,20160621,GG
2757,2757,20160621_GJ,30.9,9.1,25.4,84.3,49,0,20160621,GJ
2758,2758,20160621_GN,25.140909090999997,4.0454545455,22.686363636,89.85,74,0,20160621,GN
2759,2759,20160621_GW,28.638888889,10.438888889,23.133333333000003,70.65555555600001,44,0,20160621,GW
2760,2760,20160621_IC,27.27,6.28,23.78,91.5,53,0,20160621,IC
2761,2761,20160621_JB,29.8,9.7466666667,24.233333333,79.893333333,96,0,20160621,JB
2762,2762,20160621_JJ,26.6,5.9,23.35,90.55,23,0,20160621,JJ
2763,2763,20160621_JN,28.518181818000002,6.9318181818,24.109090909000006,87.345454545,57,0,20160621,JN
2764,2764,20160621_SU,31.3,10.3,26.0,60.1,192,0,20160621,SU
2765,2765,20160621_US,24.3,3.6,21.9,92.0,11,0,20160621,US
2766,2766,20160622_BS,23.3,2.0,21.9,93.8,74,0,20160622,BS
2767,2767,20160622_CB,30.12,8.5933333333,24.993333333000002,68.193333333,34,0,20160622,CB
2768,2768,20160622_CN,30.19375,9.025,24.35,84.6375,58,0,20160622,CN
2769,2769,20160622_DG,25.5,4.6,22.8,79.1,71,0,20160622,DG
2770,2770,20160622_DJ,31.1,7.9,25.4,79.5,37,0,20160622,DJ
2771,2771,20160622_GB,26.354166666999998,6.5458333333,22.541666666999998,82.1,67,0,20160622,GB
2772,2772,20160622_GG,30.202380952,9.0952380952,24.419047619,78.34047619,171,0,20160622,GG
2773,2773,20160622_GJ,24.9,3.3,22.8,93.4,23,0,20160622,GJ
2774,2774,20160622_GN,23.368181818000004,2.4590909091,21.9,92.85,47,0,20160622,GN
2775,2775,20160622_GW,27.411111111,8.472222222200001,21.85,81.222222222,33,0,20160622,GW
2776,2776,20160622_IC,27.12,5.58,23.77,93.12,51,0,20160622,IC
2777,2777,20160622_JB,27.066666667,6.006666666699999,23.566666667,83.633333333,83,0,20160622,JB
2778,2778,20160622_JJ,25.4,3.8,23.35,97.75,10,0,20160622,JJ
2779,2779,20160622_JN,23.445454545,2.4090909091,22.204545455,93.295454545,40,0,20160622,JN
2780,2780,20160622_SU,30.2,9.3,24.3,75.1,188,0,20160622,SU
2781,2781,20160622_US,23.1,2.3,21.7,96.1,19,0,20160622,US
2782,2782,20160623_BS,26.6,6.0,23.5,79.3,69,0,20160623,BS
2783,2783,20160623_CB,31.713333333,11.586666667000001,25.633333333000003,65.413333333,32,0,20160623,CB
2784,2784,20160623_CN,29.6125,9.68125,24.4125,83.125,47,0,20160623,CN
2785,2785,20160623_DG,32.7,12.4,26.2,60.1,71,0,20160623,DG
2786,2786,20160623_DJ,31.7,10.8,26.2,72.8,34,0,20160623,DJ
2787,2787,20160623_GB,30.066666667,10.841666667,24.516666667,70.05,52,0,20160623,GB
2788,2788,20160623_GG,30.288095238,10.295238095,24.564285714,76.616666667,176,0,20160623,GG
2789,2789,20160623_GJ,30.3,8.9,25.2,84.6,34,0,20160623,GJ
2790,2790,20160623_GN,28.918181818,8.2909090909,24.018181818000002,75.759090909,63,0,20160623,GN
2791,2791,20160623_GW,28.322222221999997,9.5444444444,23.133333333000003,76.15555555600001,32,0,20160623,GW
2792,2792,20160623_IC,28.02,7.9,23.29,93.45,57,0,20160623,IC
2793,2793,20160623_JB,29.9,9.7266666667,24.666666666999998,78.14,78,0,20160623,JB
2794,2794,20160623_JJ,27.3,6.3,23.85,89.6,13,0,20160623,JJ
2795,2795,20160623_JN,28.413636364000002,7.0227272727,24.131818181999996,84.995454545,70,0,20160623,JN
2796,2796,20160623_SU,29.4,9.8,24.7,71.0,200,0,20160623,SU
2797,2797,20160623_US,27.4,8.4,22.9,82.1,11,0,20160623,US
2798,2798,20160624_BS,24.2,3.0,22.6,92.9,57,0,20160624,BS
2799,2799,20160624_CB,24.96,5.1933333333,21.633333333000003,85.16,35,0,20160624,CB
2800,2800,20160624_CN,25.54375,6.20625,21.61875,90.86875,53,0,20160624,CN
2801,2801,20160624_DG,25.5,5.4,22.7,81.0,56,0,20160624,DG
2802,2802,20160624_DJ,24.8,5.4,22.2,90.6,19,0,20160624,DJ
2803,2803,20160624_GB,24.758333333000003,4.9875,21.766666667,87.64166666700001,73,0,20160624,GB
2804,2804,20160624_GG,26.180952380999997,5.9642857143,22.545238095,83.94047619,163,0,20160624,GG
2805,2805,20160624_GJ,25.6,5.2,22.2,92.4,28,0,20160624,GJ
2806,2806,20160624_GN,26.290909091,5.9,22.595454545,87.140909091,42,0,20160624,GN
2807,2807,20160624_GW,23.488888889000002,4.927777777799999,20.705555556,87.29444444399998,35,0,20160624,GW
2808,2808,20160624_IC,25.6,5.2,22.46,91.6,33,0,20160624,IC
2809,2809,20160624_JB,24.553333333,5.16,21.573333333,88.84,81,0,20160624,JB
2810,2810,20160624_JJ,30.0,7.65,24.55,86.95,15,0,20160624,JJ
2811,2811,20160624_JN,25.559090909000002,4.9,22.486363636,90.322727273,56,0,20160624,JN
2812,2812,20160624_SU,25.7,4.6,23.1,75.8,169,0,20160624,SU
2813,2813,20160624_US,24.7,4.3,22.2,93.8,7,0,20160624,US
2814,2814,20160625_BS,25.7,5.1,22.7,67.6,28,0,20160625,BS
2815,2815,20160625_CB,27.813333333000003,9.72,22.42,60.306666666999995,5,0,20160625,CB
2816,2816,20160625_CN,26.75625,9.38125,22.075,75.5125,22,0,20160625,CN
2817,2817,20160625_DG,29.6,8.6,24.9,47.4,15,0,20160625,DG
2818,2818,20160625_DJ,27.7,8.9,22.9,69.4,9,0,20160625,DJ
2819,2819,20160625_GB,28.133333333000003,9.1125,23.058333333,57.529166667,19,0,20160625,GB
2820,2820,20160625_GG,27.002380952,8.438095238099999,22.380952381,68.319047619,57,0,20160625,GG
2821,2821,20160625_GJ,28.0,8.0,23.2,75.3,10,0,20160625,GJ
2822,2822,20160625_GN,27.4,8.054545454500001,23.068181818000003,64.681818182,26,0,20160625,GN
2823,2823,20160625_GW,26.005555555999997,8.5333333333,21.644444444,62.233333333000004,8,0,20160625,GW
2824,2824,20160625_IC,25.39,6.32,22.41,83.59,15,0,20160625,IC
2825,2825,20160625_JB,26.686666666999997,7.78,22.36,72.406666667,18,0,20160625,JB
2826,2826,20160625_JJ,25.45,4.35,22.6,81.45,4,0,20160625,JJ
2827,2827,20160625_JN,27.063636364,7.2363636364,22.809090909000002,72.372727273,24,0,20160625,JN
2828,2828,20160625_SU,26.7,7.5,22.8,63.1,51,0,20160625,SU
2829,2829,20160625_US,27.3,7.1,23.3,66.6,5,0,20160625,US
2830,2830,20160626_BS,28.6,9.0,23.3,70.9,4,0,20160626,BS
2831,2831,20160626_CB,29.713333333,12.8,23.12,60.426666667,2,0,20160626,CB
2832,2832,20160626_CN,28.94375,12.49375,22.5875,76.21875,1,0,20160626,CN
2833,2833,20160626_DG,30.9,12.2,24.8,53.3,2,0,20160626,DG
2834,2834,20160626_DJ,30.0,11.3,23.9,71.0,2,0,20160626,DJ
2835,2835,20160626_GB,29.495833333,12.625,23.2375,62.029166667,1,0,20160626,GB
2836,2836,20160626_GG,30.326190476,12.461904762,23.692857143,66.292857143,4,0,20160626,GG
2837,2837,20160626_GJ,29.7,10.5,24.1,70.9,1,0,20160626,GJ
2838,2838,20160626_GN,29.909090909,11.754545455,23.731818181999998,67.01363636399999,2,0,20160626,GN
2839,2839,20160626_GW,29.111111111,12.555555556,22.638888889,63.533333333,2,0,20160626,GW
2840,2840,20160626_IC,27.39,8.19,23.23,84.41,2,0,20160626,IC
2841,2841,20160626_JB,28.453333333000003,11.053333333,22.54,71.726666667,2,0,20160626,JB
2842,2842,20160626_JJ,27.6,6.8,23.3,81.15,0,0,20160626,JJ
2843,2843,20160626_JN,28.990909091,10.004545455,23.381818181999996,74.55,0,0,20160626,JN
2844,2844,20160626_SU,30.3,10.9,24.4,58.4,4,0,20160626,SU
2845,2845,20160626_US,28.7,11.0,23.3,69.4,0,0,20160626,US
2846,2846,20160627_BS,23.4,4.1,20.5,93.0,103,0,20160627,BS
2847,2847,20160627_CB,28.773333333000004,11.546666667,23.046666666999997,63.913333333000004,46,0,20160627,CB
2848,2848,20160627_CN,28.5125,11.51875,22.54375,76.89375,62,0,20160627,CN
2849,2849,20160627_DG,27.8,9.0,22.6,72.9,75,0,20160627,DG
2850,2850,20160627_DJ,28.3,9.5,23.3,72.5,45,0,20160627,DJ
2851,2851,20160627_GB,28.133333333000003,10.854166667000001,22.779166667,70.0375,99,0,20160627,GB
2852,2852,20160627_GG,29.380952381,10.428571429,23.79047619,65.585714286,256,0,20160627,GG
2853,2853,20160627_GJ,25.7,6.4,22.3,78.6,48,0,20160627,GJ
2854,2854,20160627_GN,24.977272727,6.8863636364,21.1,85.80909090899999,92,0,20160627,GN
2855,2855,20160627_GW,27.55,10.088888889,21.933333333,70.505555556,44,0,20160627,GW
2856,2856,20160627_IC,27.67,7.45,23.27,80.21,54,0,20160627,IC
2857,2857,20160627_JB,26.746666667,9.8066666667,21.473333333,77.833333333,98,0,20160627,JB
2858,2858,20160627_JJ,22.1,4.5,19.6,85.2,13,0,20160627,JJ
2859,2859,20160627_JN,24.127272726999998,5.7727272727,20.990909091,85.886363636,77,0,20160627,JN
2860,2860,20160627_SU,29.5,9.6,24.4,55.5,291,0,20160627,SU
2861,2861,20160627_US,27.0,8.3,22.0,85.4,20,0,20160627,US
2862,2862,20160628_BS,25.3,6.5,22.1,72.6,92,0,20160628,BS
2863,2863,20160628_CB,29.773333333000004,12.46,23.46,63.013333333,31,0,20160628,CB
2864,2864,20160628_CN,29.73125,12.5125,23.1,76.98125,81,0,20160628,CN
2865,2865,20160628_DG,27.8,9.4,23.0,68.8,64,0,20160628,DG
2866,2866,20160628_DJ,30.1,12.1,24.0,74.3,43,0,20160628,DJ
2867,2867,20160628_GB,27.975,10.125,22.320833333000003,71.575,70,0,20160628,GB
2868,2868,20160628_GG,30.0,10.947619048,24.276190476,67.028571429,223,0,20160628,GG
2869,2869,20160628_GJ,26.0,6.5,22.9,77.4,36,0,20160628,GJ
2870,2870,20160628_GN,25.963636364,7.545454545499999,21.840909091,76.268181818,65,0,20160628,GN
2871,2871,20160628_GW,28.172222222,11.522222222,22.166666666999998,71.84444444399999,39,0,20160628,GW
2872,2872,20160628_IC,26.58,6.73,22.67,90.07,53,0,20160628,IC
2873,2873,20160628_JB,27.22,9.5133333333,22.266666667,78.653333333,89,0,20160628,JB
2874,2874,20160628_JJ,22.3,4.1,20.45,90.45,10,0,20160628,JJ
2875,2875,20160628_JN,24.595454545,5.6954545455,21.759090909,81.44090909100001,75,0,20160628,JN
2876,2876,20160628_SU,29.7,9.3,24.7,61.1,259,0,20160628,SU
2877,2877,20160628_US,26.1,8.6,21.7,77.5,22,0,20160628,US
2878,2878,20160629_BS,25.1,5.0,21.8,86.3,77,0,20160629,BS
2879,2879,20160629_CB,28.173333333000002,8.766666666699999,23.833333333000002,65.0,32,0,20160629,CB
2880,2880,20160629_CN,27.2125,7.375,23.41875,82.425,54,0,20160629,CN
2881,2881,20160629_DG,26.6,7.2,23.2,71.5,56,0,20160629,DG
2882,2882,20160629_DJ,28.2,7.0,24.8,74.0,40,0,20160629,DJ
2883,2883,20160629_GB,26.6125,8.241666666699999,22.520833333000002,74.545833333,76,0,20160629,GB
2884,2884,20160629_GG,29.435714286,8.8357142857,24.738095238000003,67.471428571,219,0,20160629,GG
2885,2885,20160629_GJ,25.8,5.2,23.0,85.4,38,0,20160629,GJ
2886,2886,20160629_GN,25.468181818,6.4727272726999985,21.881818181999996,84.231818182,66,0,20160629,GN
2887,2887,20160629_GW,28.3,9.6888888889,23.0,71.411111111,42,0,20160629,GW
2888,2888,20160629_IC,28.16,7.49,23.69,86.28,62,0,20160629,IC
2889,2889,20160629_JB,26.806666667,7.386666666699999,23.106666667,77.74,71,0,20160629,JB
2890,2890,20160629_JJ,24.25,3.8,22.15,96.3,13,0,20160629,JJ
2891,2891,20160629_JN,24.377272726999998,4.6090909091,22.045454545,87.9,59,0,20160629,JN
2892,2892,20160629_SU,30.2,9.3,25.3,58.0,245,0,20160629,SU
2893,2893,20160629_US,25.0,5.8,21.8,89.4,17,0,20160629,US
2894,2894,20160630_BS,27.2,6.9,23.3,84.0,59,0,20160630,BS
2895,2895,20160630_CB,29.433333333,7.8066666667,25.02,74.153333333,36,0,20160630,CB
2896,2896,20160630_CN,27.58125,5.54375,24.4625,86.98125,53,0,20160630,CN
2897,2897,20160630_DG,32.3,11.6,25.8,70.3,46,0,20160630,DG
2898,2898,20160630_DJ,29.2,6.1,25.5,82.1,38,0,20160630,DJ
2899,2899,20160630_GB,31.216666667,11.7625,24.870833333,73.920833333,49,0,20160630,GB
2900,2900,20160630_GG,28.064285714,5.5261904762,24.673809524,82.642857143,182,0,20160630,GG
2901,2901,20160630_GJ,29.6,7.3,24.8,87.5,37,0,20160630,GJ
2902,2902,20160630_GN,28.663636364000002,8.859090909099999,23.836363635999998,83.5,66,0,20160630,GN
2903,2903,20160630_GW,28.75,8.25,24.116666666999997,76.055555556,28,0,20160630,GW
2904,2904,20160630_IC,25.02,3.51,22.95,96.63,50,0,20160630,IC
2905,2905,20160630_JB,29.946666667,8.4266666667,24.94,78.57333333300001,88,0,20160630,JB
2906,2906,20160630_JJ,27.0,5.7,24.05,89.0,14,0,20160630,JJ
2907,2907,20160630_JN,27.804545455,6.3363636364,23.8,88.709090909,61,0,20160630,JN
2908,2908,20160630_SU,26.9,3.9,24.6,78.1,209,0,20160630,SU
2909,2909,20160630_US,30.0,10.7,24.9,80.4,11,0,20160630,US
2926,2926,20160702_BS,24.4,2.7,23.1,94.9,20,0,20160702,BS
2927,2927,20160702_CB,28.166666666999998,6.3933333333,24.02,80.206666667,12,0,20160702,CB
2928,2928,20160702_CN,27.71875,6.48125,23.55625,89.275,23,0,20160702,CN
2929,2929,20160702_DG,28.3,5.4,25.1,81.6,19,0,20160702,DG
2930,2930,20160702_DJ,28.0,5.8,24.5,86.8,11,0,20160702,DJ
2931,2931,20160702_GB,27.841666667,5.666666666699999,24.4125,85.008333333,22,0,20160702,GB
2932,2932,20160702_GG,27.452380952,6.680952381,23.50952381,84.976190476,63,0,20160702,GG
2933,2933,20160702_GJ,25.0,2.6,23.0,98.6,13,0,20160702,GJ
2934,2934,20160702_GN,26.363636364,4.2636363636,23.9,90.92272727299999,24,0,20160702,GN
2935,2935,20160702_GW,26.588888889,6.6,22.85,82.216666667,8,0,20160702,GW
2936,2936,20160702_IC,25.5,5.02,22.58,95.76,12,0,20160702,IC
2937,2937,20160702_JB,26.7,5.0266666667,23.24,89.973333333,30,0,20160702,JB
2938,2938,20160702_JJ,26.7,5.1,23.75,94.2,6,0,20160702,JJ
2939,2939,20160702_JN,25.236363636,3.3727272727,22.868181818000004,94.93636363600001,18,0,20160702,JN
2940,2940,20160702_SU,27.7,7.1,23.5,81.4,55,0,20160702,SU
2941,2941,20160702_US,27.3,4.8,25.2,88.6,2,0,20160702,US
2942,2942,20160703_BS,24.7,4.5,22.1,94.5,0,0,20160703,BS
2943,2943,20160703_CB,25.266666667,4.96,22.553333333,80.833333333,0,0,20160703,CB
2944,2944,20160703_CN,24.7375,4.6,22.30625,92.4375,2,0,20160703,CN
2945,2945,20160703_DG,26.7,6.4,22.8,88.0,2,0,20160703,DG
2946,2946,20160703_DJ,24.4,4.0,22.7,91.0,1,0,20160703,DJ
2947,2947,20160703_GB,26.475,6.658333333300001,22.845833333,86.004166667,0,0,20160703,GB
2948,2948,20160703_GG,26.316666667,5.7904761905,23.097619048000002,79.24047619,6,0,20160703,GG
2949,2949,20160703_GJ,23.1,2.8,21.9,99.0,0,0,20160703,GJ
2950,2950,20160703_GN,24.654545455,4.0181818182,22.031818182,94.081818182,2,0,20160703,GN
2951,2951,20160703_GW,26.705555556,7.0277777778,22.911111111,78.516666667,1,0,20160703,GW
2952,2952,20160703_IC,25.36,5.4,22.31,94.1,1,0,20160703,IC
2953,2953,20160703_JB,23.973333333000003,3.8266666667,21.773333333000004,93.76,1,0,20160703,JB
2954,2954,20160703_JJ,26.9,5.4,23.45,96.4,0,0,20160703,JJ
2955,2955,20160703_JN,23.013636364,2.7545454545,21.577272726999997,95.954545455,0,0,20160703,JN
2956,2956,20160703_SU,26.8,5.7,23.5,70.4,4,0,20160703,SU
2957,2957,20160703_US,26.0,5.9,22.3,97.9,0,0,20160703,US
2958,2958,20160704_BS,22.1,1.7,21.0,99.1,88,0,20160704,BS
2959,2959,20160704_CB,23.573333333,4.1266666667,21.233333333,95.18666666700001,43,0,20160704,CB
2960,2960,20160704_CN,25.49375,5.26875,22.6,97.60625,64,0,20160704,CN
2961,2961,20160704_DG,23.0,2.5,21.4,90.9,71,0,20160704,DG
2962,2962,20160704_DJ,24.6,4.6,22.1,97.0,38,0,20160704,DJ
2963,2963,20160704_GB,21.9625,2.625,20.525,96.025,85,0,20160704,GB
2964,2964,20160704_GG,23.9,3.6666666667,21.79047619,91.564285714,231,0,20160704,GG
2965,2965,20160704_GJ,28.2,6.1,25.7,98.0,37,0,20160704,GJ
2966,2966,20160704_GN,26.513636364,5.6136363636,23.436363636,94.195454545,77,0,20160704,GN
2967,2967,20160704_GW,22.272222221999996,3.5111111111,20.1,92.46666666700001,33,0,20160704,GW
2968,2968,20160704_IC,24.27,3.46,22.09,95.66,45,0,20160704,IC
2969,2969,20160704_JB,27.96,6.9866666667,24.46,91.353333333,101,0,20160704,JB
2970,2970,20160704_JJ,30.35,6.55,26.95,86.55,24,0,20160704,JJ
2971,2971,20160704_JN,27.440909090999998,5.404545454500001,24.927272727,94.9,71,0,20160704,JN
2972,2972,20160704_SU,24.1,3.9,21.8,85.1,238,0,20160704,SU
2973,2973,20160704_US,22.8,2.8,21.1,98.0,17,0,20160704,US
2974,2974,20160705_BS,26.1,6.1,23.5,98.3,92,0,20160705,BS
2975,2975,20160705_CB,29.82,8.5666666667,25.306666667,85.166666667,29,0,20160705,CB
2976,2976,20160705_CN,28.65625,6.575,25.18125,92.7,59,0,20160705,CN
2977,2977,20160705_DG,32.6,11.5,27.1,72.3,69,0,20160705,DG
2978,2978,20160705_DJ,30.4,8.3,25.8,90.0,30,0,20160705,DJ
2979,2979,20160705_GB,30.991666666999997,10.55,25.1375,82.970833333,77,0,20160705,GB
2980,2980,20160705_GG,25.54047619,4.819047619,23.111904761999998,95.807142857,191,0,20160705,GG
2981,2981,20160705_GJ,30.9,6.0,26.9,92.6,42,0,20160705,GJ
2982,2982,20160705_GN,28.963636364,6.0363636364,26.05,87.790909091,49,0,20160705,GN
2983,2983,20160705_GW,23.355555556,5.4111111111,20.666666667,91.488888889,40,0,20160705,GW
2984,2984,20160705_IC,24.03,3.61,22.52,97.1,43,0,20160705,IC
2985,2985,20160705_JB,30.973333333000003,6.8,27.1,80.266666667,101,0,20160705,JB
2986,2986,20160705_JJ,30.45,5.25,28.0,80.75,17,0,20160705,JJ
2987,2987,20160705_JN,29.277272727,4.9227272727,26.527272727,90.831818182,59,0,20160705,JN
2988,2988,20160705_SU,24.8,4.6,23.1,93.6,215,0,20160705,SU
2989,2989,20160705_US,29.9,9.1,25.6,89.3,16,0,20160705,US
2990,2990,20160706_BS,29.2,8.9,25.0,90.6,70,0,20160706,BS
2991,2991,20160706_CB,28.546666666999997,6.873333333300001,23.893333333,89.9,36,0,20160706,CB
2992,2992,20160706_CN,27.5875,6.175,23.39375,93.48125,55,0,20160706,CN
2993,2993,20160706_DG,31.0,10.3,24.3,88.4,55,0,20160706,DG
2994,2994,20160706_DJ,27.1,4.3,24.3,94.5,26,0,20160706,DJ
2995,2995,20160706_GB,26.008333333000003,5.325,22.625,93.2375,69,0,20160706,GB
2996,2996,20160706_GG,26.880952381,7.119047619,22.40952381,84.516666667,217,0,20160706,GG
2997,2997,20160706_GJ,29.4,4.9,26.5,97.4,33,0,20160706,GJ
2998,2998,20160706_GN,30.286363636,7.3863636364,26.168181818,87.859090909,67,0,20160706,GN
2999,2999,20160706_GW,24.25,5.95,20.55,88.255555556,32,0,20160706,GW
3000,3000,20160706_IC,24.47,5.15,21.34,95.9,37,0,20160706,IC
3001,3001,20160706_JB,27.94,5.3,24.773333333000004,91.333333333,60,0,20160706,JB
3002,3002,20160706_JJ,30.75,5.9,27.1,85.9,18,0,20160706,JJ
3003,3003,20160706_JN,28.854545455,4.5681818182,26.136363636,93.3,44,0,20160706,JN
3004,3004,20160706_SU,26.9,6.6,22.9,74.0,241,0,20160706,SU
3005,3005,20160706_US,30.0,10.4,24.3,91.0,10,0,20160706,US
3006,3006,20160707_BS,27.6,8.1,23.7,89.9,83,0,20160707,BS
3007,3007,20160707_CB,29.026666666999997,7.2,24.94,82.913333333,26,0,20160707,CB
3008,3008,20160707_CN,28.325,7.13125,24.3625,90.09375,54,0,20160707,CN
3009,3009,20160707_DG,32.6,13.2,24.3,76.3,62,0,20160707,DG
3010,3010,20160707_DJ,30.3,7.7,25.7,87.0,34,0,20160707,DJ
3011,3011,20160707_GB,29.066666667,9.0916666667,23.247826086999996,87.139130435,67,0,20160707,GB
3012,3012,20160707_GG,28.247619048,8.4261904762,23.60952381,79.8,186,0,20160707,GG
3013,3013,20160707_GJ,31.8,9.0,26.6,89.9,32,0,20160707,GJ
3014,3014,20160707_GN,30.822727273,9.0181818182,25.477272727,84.859090909,64,0,20160707,GN
3015,3015,20160707_GW,25.744444444000006,7.0277777778,21.916666666999998,83.561111111,41,0,20160707,GW
3016,3016,20160707_IC,26.73,7.05,23.02,89.45,39,0,20160707,IC
3017,3017,20160707_JB,30.066666667,7.98,25.08,86.40666666700001,70,0,20160707,JB
3018,3018,20160707_JJ,30.55,7.05,26.5,82.6,9,0,20160707,JJ
3019,3019,20160707_JN,30.268181818000002,7.2909090909,25.904545455,88.131818182,61,0,20160707,JN
3020,3020,20160707_SU,28.5,8.4,24.0,71.6,247,0,20160707,SU
3021,3021,20160707_US,27.7,7.9,23.4,93.4,10,0,20160707,US
3022,3022,20160708_BS,30.4,7.3,24.9,86.6,73,0,20160708,BS
3023,3023,20160708_CB,32.766666666999996,11.073333332999999,26.4,71.793333333,26,0,20160708,CB
3024,3024,20160708_CN,32.30625,11.04375,26.21875,79.26875,55,0,20160708,CN
3025,3025,20160708_DG,31.7,11.7,25.8,70.5,73,0,20160708,DG
3026,3026,20160708_DJ,32.6,11.0,26.9,77.4,37,0,20160708,DJ
3027,3027,20160708_GB,31.045833333,11.05,24.95,78.75,61,0,20160708,GB
3028,3028,20160708_GG,32.716666667,12.266666667,26.59047619,73.311904762,155,0,20160708,GG
3029,3029,20160708_GJ,31.5,9.6,26.6,86.3,40,0,20160708,GJ
3030,3030,20160708_GN,30.540909091,8.5045454545,25.127272726999998,83.527272727,68,0,20160708,GN
3031,3031,20160708_GW,30.4,11.238888889000002,23.85,79.361111111,39,0,20160708,GW
3032,3032,20160708_IC,30.42,9.41,25.65,88.5,47,0,20160708,IC
3033,3033,20160708_JB,32.013333333,11.08,25.82,79.333333333,71,0,20160708,JB
3034,3034,20160708_JJ,28.4,4.4,25.95,85.65,17,0,20160708,JJ
3035,3035,20160708_JN,30.304545455,8.1727272727,25.890909090999997,85.431818182,55,0,20160708,JN
3036,3036,20160708_SU,32.4,11.2,27.3,66.5,204,0,20160708,SU
3037,3037,20160708_US,30.5,8.7,24.6,90.0,10,0,20160708,US
3038,3038,20160709_BS,29.0,6.4,25.6,78.6,26,0,20160709,BS
3039,3039,20160709_CB,32.966666667,11.56,26.653333333000003,66.72,6,0,20160709,CB
3040,3040,20160709_CN,32.3125,11.125,26.10625,80.06875,22,0,20160709,CN
3041,3041,20160709_DG,33.9,12.4,27.9,67.9,14,1,20160709,DG
3042,3042,20160709_DJ,33.1,10.4,27.5,75.8,9,1,20160709,DJ
3043,3043,20160709_GB,32.7125,12.229166667000001,26.170833333,74.4625,22,0,20160709,GB
3044,3044,20160709_GG,32.695238095,10.847619048,26.878571429,71.892857143,62,0,20160709,GG
3045,3045,20160709_GJ,33.8,9.5,27.8,81.3,9,1,20160709,GJ
3046,3046,20160709_GN,31.872727273000002,10.277272727,26.031818182,78.509090909,27,0,20160709,GN
3047,3047,20160709_GW,31.366666666999997,11.9,25.088888889,75.03888888899999,8,0,20160709,GW
3048,3048,20160709_IC,30.59,7.48,26.09,87.43,17,0,20160709,IC
3049,3049,20160709_JB,32.493333333,10.62,26.32,79.146666667,24,0,20160709,JB
3050,3050,20160709_JJ,28.65,6.1,24.95,86.05,3,0,20160709,JJ
3051,3051,20160709_JN,31.354545455,8.8772727273,26.195454545,84.272727273,32,0,20160709,JN
3052,3052,20160709_SU,32.7,9.5,27.7,64.8,54,0,20160709,SU
3053,3053,20160709_US,30.1,8.9,25.4,84.5,3,0,20160709,US
3054,3054,20160710_BS,29.3,6.2,25.4,83.6,1,0,20160710,BS
3055,3055,20160710_CB,31.966666667,11.06,26.246666667,69.346666667,0,0,20160710,CB
3056,3056,20160710_CN,31.4,10.8,25.48125,81.1125,0,0,20160710,CN
3057,3057,20160710_DG,33.5,9.0,28.6,59.1,1,1,20160710,DG
3058,3058,20160710_DJ,32.0,9.8,27.2,75.5,1,0,20160710,DJ
3059,3059,20160710_GB,32.054166667,10.641666667,26.145833333000002,74.475,1,0,20160710,GB
3060,3060,20160710_GG,32.802380952,10.921428571,26.788095238,72.302380952,9,0,20160710,GG
3061,3061,20160710_GJ,31.2,7.8,27.4,84.8,1,0,20160710,GJ
3062,3062,20160710_GN,31.572727273,9.1590909091,26.486363636,81.2,0,0,20160710,GN
3063,3063,20160710_GW,31.061111111,10.116666667,25.505555555999997,74.486666667,3,0,20160710,GW
3064,3064,20160710_IC,29.79,7.76,25.57,91.06,0,0,20160710,IC
3065,3065,20160710_JB,31.026666666999997,9.186666666699999,25.82,79.28666666699999,1,0,20160710,JB
3066,3066,20160710_JJ,25.55,2.85,23.95,91.0,0,0,20160710,JJ
3067,3067,20160710_JN,28.922727273000003,6.1772727273,25.613636364,88.318181818,2,0,20160710,JN
3068,3068,20160710_SU,33.1,9.9,27.9,64.4,7,1,20160710,SU
3069,3069,20160710_US,32.3,10.0,27.0,79.6,0,0,20160710,US
3070,3070,20160711_BS,27.0,3.5,24.7,92.3,90,0,20160711,BS
3071,3071,20160711_CB,32.626666666999995,10.466666667,26.646666666999998,70.92666666699999,38,0,20160711,CB
3072,3072,20160711_CN,31.9375,10.5875,25.94375,82.49375,75,0,20160711,CN
3073,3073,20160711_DG,29.9,6.5,26.0,78.3,75,0,20160711,DG
3074,3074,20160711_DJ,32.9,9.0,27.1,78.9,40,0,20160711,DJ
3075,3075,20160711_GB,29.9875,8.3875,25.408333333,83.391666667,62,0,20160711,GB
3076,3076,20160711_GG,33.55,10.34047619,27.780952381,71.14047619,229,1,20160711,GG
3077,3077,20160711_GJ,30.1,5.7,26.5,90.5,30,0,20160711,GJ
3078,3078,20160711_GN,27.677272727,4.2909090909,24.827272726999997,90.77272727299999,81,0,20160711,GN
3079,3079,20160711_GW,31.25,9.894444444400001,25.833333333000002,75.661111111,39,0,20160711,GW
3080,3080,20160711_IC,31.41,8.44,26.45,87.14,68,0,20160711,IC
3081,3081,20160711_JB,30.153333333000003,7.613333333300001,25.14,86.213333333,82,0,20160711,JB
3082,3082,20160711_JJ,24.85,2.4,23.8,95.65,15,0,20160711,JJ
3083,3083,20160711_JN,28.409090909,5.0045454545,25.109090909000006,90.78181818200001,78,0,20160711,JN
3084,3084,20160711_SU,33.4,8.6,28.4,67.4,267,1,20160711,SU
3085,3085,20160711_US,28.7,6.0,25.0,93.6,13,0,20160711,US
3086,3086,20160712_BS,25.2,2.7,24.0,95.8,81,0,20160712,BS
3087,3087,20160712_CB,28.68,6.74,24.813333333000003,82.98,35,0,20160712,CB
3088,3088,20160712_CN,28.71875,6.40625,24.875,88.38125,58,0,20160712,CN
3089,3089,20160712_DG,29.7,5.5,26.5,77.6,59,0,20160712,DG
3090,3090,20160712_DJ,28.4,5.2,25.7,86.9,36,0,20160712,DJ
3091,3091,20160712_GB,29.795833333,6.8291666667,25.379166667,86.46666666700001,67,0,20160712,GB
3092,3092,20160712_GG,30.171428571,8.4595238095,25.611904761999998,77.021428571,204,0,20160712,GG
3093,3093,20160712_GJ,27.2,4.2,24.5,96.6,50,0,20160712,GJ
3094,3094,20160712_GN,27.154545455,4.3590909091,24.518181818000002,91.94090909100001,66,0,20160712,GN
3095,3095,20160712_GW,26.772222221999996,4.75,23.905555556,87.577777778,56,0,20160712,GW
3096,3096,20160712_IC,28.3,6.91,24.97,84.6,52,0,20160712,IC
3097,3097,20160712_JB,27.88,5.4866666667,24.613333333000003,87.66,78,0,20160712,JB
3098,3098,20160712_JJ,26.35,3.6,24.7,97.0,15,0,20160712,JJ
3099,3099,20160712_JN,25.513636364,3.0045454545,23.668181818,94.98636363600001,66,0,20160712,JN
3100,3100,20160712_SU,30.9,8.8,26.3,65.5,269,0,20160712,SU
3101,3101,20160712_US,28.9,6.0,25.4,92.8,12,0,20160712,US
3102,3102,20160713_BS,29.5,6.8,25.9,86.5,72,0,20160713,BS
3103,3103,20160713_CB,29.753333333,7.76,25.48,71.833333333,27,0,20160713,CB
3104,3104,20160713_CN,29.76875,8.5875,24.98125,84.36875,58,0,20160713,CN
3105,3105,20160713_DG,32.4,8.7,28.1,65.4,77,0,20160713,DG
3106,3106,20160713_DJ,30.4,7.3,26.3,79.3,27,0,20160713,DJ
3107,3107,20160713_GB,30.879166667,8.775,26.333333333000002,75.31666666699999,62,0,20160713,GB
3108,3108,20160713_GG,29.292857143000003,7.0714285714,25.535714285999997,77.488095238,209,0,20160713,GG
3109,3109,20160713_GJ,31.2,8.2,26.6,85.9,31,0,20160713,GJ
3110,3110,20160713_GN,30.763636364,8.068181818200001,26.336363635999998,84.25,56,0,20160713,GN
3111,3111,20160713_GW,28.511111110999998,6.966666666699999,24.572222221999997,80.427777778,39,0,20160713,GW
3112,3112,20160713_IC,27.29,4.69,24.69,95.11,45,0,20160713,IC
3113,3113,20160713_JB,30.026666666999997,7.953333333300001,25.3,83.18,91,0,20160713,JB
3114,3114,20160713_JJ,28.6,3.95,25.9,95.75,14,0,20160713,JJ
3115,3115,20160713_JN,29.472727273,6.6954545455,25.618181818000004,88.26818181799999,60,0,20160713,JN
3116,3116,20160713_SU,29.5,6.3,26.3,69.0,245,0,20160713,SU
3117,3117,20160713_US,30.9,8.2,26.7,83.8,12,0,20160713,US
3118,3118,20160714_BS,31.9,9.1,26.2,72.1,88,0,20160714,BS
3119,3119,20160714_CB,29.86,8.9,24.68,72.93333333300001,34,0,20160714,CB
3120,3120,20160714_CN,30.0875,8.75,25.2,81.9,53,0,20160714,CN
3121,3121,20160714_DG,32.3,9.6,26.0,66.6,58,0,20160714,DG
3122,3122,20160714_DJ,31.0,8.9,26.1,77.0,32,0,20160714,DJ
3123,3123,20160714_GB,29.045833333,8.6375,24.025,77.75416666699999,62,0,20160714,GB
3124,3124,20160714_GG,31.361904761999998,8.2238095238,26.538095238,74.016666667,205,0,20160714,GG
3125,3125,20160714_GJ,30.2,7.5,25.8,80.3,36,0,20160714,GJ
3126,3126,20160714_GN,32.690909091,10.377272727000001,26.6,73.427272727,53,0,20160714,GN
3127,3127,20160714_GW,28.188888889,7.3222222222000015,23.922222222,76.883333333,26,0,20160714,GW
3128,3128,20160714_IC,29.53,6.56,25.9,88.25,40,0,20160714,IC
3129,3129,20160714_JB,29.266666667,7.886666666699999,24.82,79.006666667,78,0,20160714,JB
3130,3130,20160714_JJ,28.75,5.35,25.35,85.9,12,0,20160714,JJ
3131,3131,20160714_JN,29.718181818,7.7136363636,25.318181818000003,80.722727273,65,0,20160714,JN
3132,3132,20160714_SU,32.4,8.4,27.5,66.9,246,0,20160714,SU
3133,3133,20160714_US,30.6,8.5,25.1,78.4,7,0,20160714,US
3134,3134,20160715_BS,27.6,5.4,24.4,70.3,83,0,20160715,BS
3135,3135,20160715_CB,29.293333333000003,9.24,24.733333333,64.653333333,32,0,20160715,CB
3136,3136,20160715_CN,29.25625,7.49375,25.325,76.2625,58,0,20160715,CN
3137,3137,20160715_DG,29.8,9.3,24.3,67.5,59,0,20160715,DG
3138,3138,20160715_DJ,30.0,7.3,25.9,71.6,43,0,20160715,DJ
3139,3139,20160715_GB,28.0875,9.233333333300001,23.325,73.845833333,68,0,20160715,GB
3140,3140,20160715_GG,28.897619048000003,6.4428571429,25.711904762,65.383333333,178,0,20160715,GG
3141,3141,20160715_GJ,30.9,8.3,26.0,74.9,32,0,20160715,GJ
3142,3142,20160715_GN,29.595454545,7.4772727273,25.109090909000006,70.213636364,63,0,20160715,GN
3143,3143,20160715_GW,27.7,8.3777777778,23.344444444,71.133333333,45,0,20160715,GW
3144,3144,20160715_IC,28.29,4.88,25.57,77.61,46,0,20160715,IC
3145,3145,20160715_JB,30.453333333000003,8.8,25.526666666999997,72.806666667,78,0,20160715,JB
3146,3146,20160715_JJ,28.95,6.55,25.45,80.0,14,0,20160715,JJ
3147,3147,20160715_JN,28.840909091,7.0181818182,24.877272726999998,76.840909091,48,0,20160715,JN
3148,3148,20160715_SU,29.2,5.5,26.2,60.0,225,0,20160715,SU
3149,3149,20160715_US,27.1,7.2,23.1,81.8,13,0,20160715,US
3150,3150,20160716_BS,24.3,2.3,23.0,91.9,19,0,20160716,BS
3151,3151,20160716_CB,23.186666666999997,3.4733333333,21.213333332999998,88.56,8,0,20160716,CB
3152,3152,20160716_CN,24.71875,4.36875,21.975,94.4625,14,0,20160716,CN
3153,3153,20160716_DG,22.8,1.6,22.1,84.4,11,0,20160716,DG
3154,3154,20160716_DJ,24.5,4.2,22.1,92.4,13,0,20160716,DJ
3155,3155,20160716_GB,22.2625,2.1416666667,20.945833333,93.416666667,15,0,20160716,GB
3156,3156,20160716_GG,23.371428571,3.6738095238,20.911904762,95.48809523799999,46,0,20160716,GG
3157,3157,20160716_GJ,25.0,3.0,23.5,91.6,8,0,20160716,GJ
3158,3158,20160716_GN,24.295454545,2.7636363636000003,22.722727273,90.831818182,15,0,20160716,GN
3159,3159,20160716_GW,22.011111110999998,3.3666666667,19.772222222,94.077777778,2,0,20160716,GW
3160,3160,20160716_IC,23.42,3.46,20.91,97.11,13,0,20160716,IC
3161,3161,20160716_JB,25.733333333,4.6066666667,23.073333333,85.04,21,0,20160716,JB
3162,3162,20160716_JJ,30.35,6.85,25.7,85.8,1,0,20160716,JJ
3163,3163,20160716_JN,25.631818181999996,3.6954545455,23.381818181999996,89.35,10,0,20160716,JN
3164,3164,20160716_SU,23.8,4.0,20.8,92.8,57,0,20160716,SU
3165,3165,20160716_US,23.1,2.0,22.0,97.3,5,0,20160716,US
3166,3166,20160717_BS,28.6,6.8,25.2,79.6,3,0,20160717,BS
3167,3167,20160717_CB,25.9,5.36,22.66,80.633333333,2,0,20160717,CB
3168,3168,20160717_CN,24.75,4.075,22.2125,88.91875,0,0,20160717,CN
3169,3169,20160717_DG,31.6,10.4,26.0,70.1,0,0,20160717,DG
3170,3170,20160717_DJ,26.4,5.3,23.3,83.1,2,0,20160717,DJ
3171,3171,20160717_GB,29.0375,8.5375,23.933333333,81.125,1,0,20160717,GB
3172,3172,20160717_GG,23.171428571,2.819047619,21.542857143000003,89.666666667,11,0,20160717,GG
3173,3173,20160717_GJ,28.8,7.1,24.4,86.5,0,0,20160717,GJ
3174,3174,20160717_GN,29.940909090999998,9.2818181818,24.959090909,79.409090909,1,0,20160717,GN
3175,3175,20160717_GW,23.772222221999996,4.2333333333,21.183333333,90.066666667,2,0,20160717,GW
3176,3176,20160717_IC,22.55,2.48,21.09,96.96,1,0,20160717,IC
3177,3177,20160717_JB,26.973333333000003,6.333333333300001,23.246666667,78.953333333,2,0,20160717,JB
3178,3178,20160717_JJ,27.95,5.0,25.0,80.7,0,0,20160717,JJ
3179,3179,20160717_JN,28.122727273000002,6.6636363636,24.304545455,83.695454545,1,0,20160717,JN
3180,3180,20160717_SU,23.1,2.7,21.7,82.9,6,0,20160717,SU
3181,3181,20160717_US,28.8,7.6,25.1,84.9,1,0,20160717,US
3182,3182,20160718_BS,28.0,5.6,24.4,86.0,91,0,20160718,BS
3183,3183,20160718_CB,28.44,8.38,23.44,74.62,46,0,20160718,CB
3184,3184,20160718_CN,28.24375,9.49375,23.075,84.43125,59,0,20160718,CN
3185,3185,20160718_DG,30.9,9.3,25.9,64.4,92,0,20160718,DG
3186,3186,20160718_DJ,28.9,8.0,24.3,78.9,52,0,20160718,DJ
3187,3187,20160718_GB,28.779166667,9.1125,23.816666667,78.045833333,80,0,20160718,GB
3188,3188,20160718_GG,28.497619048,8.0571428571,23.869047619,80.7,237,0,20160718,GG
3189,3189,20160718_GJ,30.0,9.9,25.2,78.9,44,0,20160718,GJ
3190,3190,20160718_GN,30.245454545,9.6363636364,24.940909090999998,78.886363636,81,0,20160718,GN
3191,3191,20160718_GW,26.822222221999997,7.1222222222000005,22.633333333000003,81.54444444399999,35,0,20160718,GW
3192,3192,20160718_IC,26.59,6.11,23.04,95.29,50,0,20160718,IC
3193,3193,20160718_JB,28.88,9.96,23.566666667,78.57333333300001,88,0,20160718,JB
3194,3194,20160718_JJ,27.15,3.9,25.05,82.7,16,0,20160718,JJ
3195,3195,20160718_JN,29.281818182,9.3363636364,24.381818181999996,80.786363636,60,0,20160718,JN
3196,3196,20160718_SU,28.4,7.7,24.4,75.1,240,0,20160718,SU
3197,3197,20160718_US,29.0,7.9,24.4,87.9,17,0,20160718,US
3198,3198,20160719_BS,28.4,5.2,25.2,79.1,96,0,20160719,BS
3199,3199,20160719_CB,32.186666667,13.08,25.893333333,70.273333333,28,0,20160719,CB
3200,3200,20160719_CN,31.8625,12.50625,25.70625,80.4375,56,0,20160719,CN
3201,3201,20160719_DG,29.8,7.2,25.1,74.4,56,0,20160719,DG
3202,3202,20160719_DJ,32.4,12.1,26.7,76.8,37,0,20160719,DJ
3203,3203,20160719_GB,28.720833333,8.508333333300001,24.145833333000002,79.6375,60,0,20160719,GB
3204,3204,20160719_GG,32.195238095,12.088095238,26.373809524000002,73.652380952,185,0,20160719,GG
3205,3205,20160719_GJ,31.7,9.6,26.9,75.9,41,0,20160719,GJ
3206,3206,20160719_GN,29.672727273000003,7.5181818182,25.154545455,79.886363636,67,0,20160719,GN
3207,3207,20160719_GW,28.611111111,9.133333333300001,23.416666666999998,80.244444444,30,0,20160719,GW
3208,3208,20160719_IC,30.34,8.82,26.02,88.46,49,0,20160719,IC
3209,3209,20160719_JB,31.873333333,12.34,25.573333333,77.373333333,68,0,20160719,JB
3210,3210,20160719_JJ,30.3,5.8,27.05,84.85,12,0,20160719,JJ
3211,3211,20160719_JN,30.090909091,8.2409090909,25.718181818,79.959090909,57,0,20160719,JN
3212,3212,20160719_SU,32.4,11.5,27.1,65.5,246,0,20160719,SU
3213,3213,20160719_US,26.6,4.6,23.4,91.1,8,0,20160719,US
3214,3214,20160720_BS,28.4,6.2,24.7,72.8,74,0,20160720,BS
3215,3215,20160720_CB,30.393333333,8.2,26.013333333000002,70.493333333,26,0,20160720,CB
3216,3216,20160720_CN,32.25625,9.71875,26.8625,81.075,56,0,20160720,CN
3217,3217,20160720_DG,29.0,7.0,24.7,67.5,56,0,20160720,DG
3218,3218,20160720_DJ,31.8,8.0,27.3,77.3,45,0,20160720,DJ
3219,3219,20160720_GB,26.883333333000003,5.9458333333,23.379166667,80.0875,74,0,20160720,GB
3220,3220,20160720_GG,32.669047619000004,9.483333333300001,27.95952381,69.461904762,218,0,20160720,GG
3221,3221,20160720_GJ,32.7,9.9,27.3,72.6,42,0,20160720,GJ
3222,3222,20160720_GN,30.072727273,9.0136363636,24.963636364,73.44090909100001,58,0,20160720,GN
3223,3223,20160720_GW,29.005555555999997,8.9888888889,23.916666666999998,77.43333333300001,39,0,20160720,GW
3224,3224,20160720_IC,31.57,7.32,27.91,88.07,49,0,20160720,IC
3225,3225,20160720_JB,32.613333333,10.8,27.066666667,72.626666667,72,0,20160720,JB
3226,3226,20160720_JJ,30.25,4.75,27.1,82.15,13,0,20160720,JJ
3227,3227,20160720_JN,30.459090909,8.1772727273,26.022727273,75.295454545,50,0,20160720,JN
3228,3228,20160720_SU,32.9,8.9,28.6,62.5,247,0,20160720,SU
3229,3229,20160720_US,26.3,5.7,23.0,85.4,13,0,20160720,US
3230,3230,20160721_BS,27.9,6.3,24.4,73.6,84,0,20160721,BS
3231,3231,20160721_CB,31.04,9.38,25.72,68.586666667,28,0,20160721,CB
3232,3232,20160721_CN,32.00625,9.39375,27.10625,78.4125,43,0,20160721,CN
3233,3233,20160721_DG,29.2,8.1,24.1,69.1,59,0,20160721,DG
3234,3234,20160721_DJ,31.6,9.4,27.0,74.6,46,0,20160721,DJ
3235,3235,20160721_GB,27.65,7.8083333333,23.375,77.6625,65,0,20160721,GB
3236,3236,20160721_GG,31.816666667,7.8214285714,27.495238095,68.273809524,211,0,20160721,GG
3237,3237,20160721_GJ,33.1,10.1,27.4,72.8,42,1,20160721,GJ
3238,3238,20160721_GN,29.554545455,8.4545454545,24.627272726999998,75.8,66,0,20160721,GN
3239,3239,20160721_GW,28.461111110999997,8.472222222200001,23.666666666999998,77.15,33,0,20160721,GW
3240,3240,20160721_IC,31.51,6.64,27.87,84.86,52,0,20160721,IC
3241,3241,20160721_JB,32.62,10.22,26.966666667,71.94,81,0,20160721,JB
3242,3242,20160721_JJ,29.3,3.9,27.1,84.6,11,0,20160721,JJ
3243,3243,20160721_JN,30.059090909000002,7.8181818182,25.672727273000003,76.477272727,68,0,20160721,JN
3244,3244,20160721_SU,32.2,7.3,28.3,61.3,235,0,20160721,SU
3245,3245,20160721_US,26.9,8.0,22.8,85.6,11,0,20160721,US
3246,3246,20160722_BS,28.2,6.6,24.5,75.0,75,0,20160722,BS
3247,3247,20160722_CB,32.626666666999995,10.406666667,27.22,64.62,30,0,20160722,CB
3248,3248,20160722_CN,32.9625,9.8,27.95,78.63125,67,0,20160722,CN
3249,3249,20160722_DG,30.6,9.7,25.1,66.4,50,0,20160722,DG
3250,3250,20160722_DJ,33.2,9.6,28.4,71.8,34,1,20160722,DJ
3251,3251,20160722_GB,29.275,9.7791666667,24.016666667,75.083333333,67,0,20160722,GB
3252,3252,20160722_GG,33.716666667,9.266666666699999,28.692857143,68.72380952399999,180,1,20160722,GG
3253,3253,20160722_GJ,32.2,8.6,27.3,78.3,36,0,20160722,GJ
3254,3254,20160722_GN,29.454545455,7.9409090909,24.636363636,77.518181818,63,0,20160722,GN
3255,3255,20160722_GW,30.672222222,10.6,24.911111111,73.422222222,34,0,20160722,GW
3256,3256,20160722_IC,32.29,6.55,28.42,87.36,46,0,20160722,IC
3257,3257,20160722_JB,33.12,10.293333333,27.513333333000002,73.3,87,1,20160722,JB
3258,3258,20160722_JJ,29.2,3.55,27.1,85.85,15,0,20160722,JJ
3259,3259,20160722_JN,29.754545455,6.990909090900002,25.709090909,79.240909091,42,0,20160722,JN
3260,3260,20160722_SU,34.1,8.8,29.1,64.0,187,1,20160722,SU
3261,3261,20160722_US,27.2,8.3,23.0,84.5,10,0,20160722,US
3262,3262,20160723_BS,29.5,7.3,25.3,77.6,15,0,20160723,BS
3263,3263,20160723_CB,33.113333333,9.766666666699999,28.133333333000003,67.353333333,10,1,20160723,CB
3264,3264,20160723_CN,32.425,8.50625,28.0625,80.05,15,0,20160723,CN
3265,3265,20160723_DG,34.0,13.4,27.3,63.5,15,1,20160723,DG
3266,3266,20160723_DJ,33.6,8.8,29.5,73.5,9,1,20160723,DJ
3267,3267,20160723_GB,30.95,10.65,25.116666666999997,77.075,24,0,20160723,GB
3268,3268,20160723_GG,31.59047619,5.5166666667,28.297619048,76.711904762,44,0,20160723,GG
3269,3269,20160723_GJ,32.8,9.7,27.9,76.5,12,0,20160723,GJ
3270,3270,20160723_GN,30.631818181999996,9.5818181818,25.563636364,76.6,17,0,20160723,GN
3271,3271,20160723_GW,29.538888889000006,8.7166666667,24.738888889000002,80.572222222,6,0,20160723,GW
3272,3272,20160723_IC,30.14,4.44,27.62,92.94,9,0,20160723,IC
3273,3273,20160723_JB,33.453333333,10.973333333,27.68,74.106666667,16,1,20160723,JB
3274,3274,20160723_JJ,30.7,5.2,27.65,84.55,2,0,20160723,JJ
3275,3275,20160723_JN,30.813636364,8.6727272727,26.313636364,80.045454545,16,0,20160723,JN
3276,3276,20160723_SU,31.6,4.4,28.7,70.4,65,0,20160723,SU
3277,3277,20160723_US,29.9,9.7,24.9,84.5,2,0,20160723,US
3278,3278,20160724_BS,30.4,7.1,26.7,85.1,0,0,20160724,BS
3279,3279,20160724_CB,32.8,7.4733333333,28.566666667,74.02,1,0,20160724,CB
3280,3280,20160724_CN,31.99375,6.9125,27.96875,85.75625,0,0,20160724,CN
3281,3281,20160724_DG,36.0,12.6,27.6,73.3,1,1,20160724,DG
3282,3282,20160724_DJ,32.9,6.5,29.6,76.8,1,0,20160724,DJ
3283,3283,20160724_GB,33.258333333,11.1625,27.216666667,79.025,0,1,20160724,GB
3284,3284,20160724_GG,30.988095238000003,4.5452380952,27.976190476,82.98095238100001,9,0,20160724,GG
3285,3285,20160724_GJ,34.2,8.8,29.3,79.5,0,1,20160724,GJ
3286,3286,20160724_GN,33.031818181999995,11.113636364000001,27.277272727,81.222727273,1,1,20160724,GN
3287,3287,20160724_GW,28.222222222,5.1,25.227777778000004,86.744444444,1,0,20160724,GW
3288,3288,20160724_IC,28.68,2.47,26.85,96.89,1,0,20160724,IC
3289,3289,20160724_JB,33.473333333,9.7266666667,28.206666666999997,76.673333333,3,1,20160724,JB
3290,3290,20160724_JN,32.431818182,8.3863636364,28.040909091,83.3,2,0,20160724,JN
3291,3291,20160724_SU,30.1,3.1,28.0,77.9,12,0,20160724,SU
3292,3292,20160724_US,33.3,11.6,27.4,84.8,0,1,20160724,US
3293,3293,20160725_BS,31.2,5.2,27.5,85.4,80,0,20160725,BS
3294,3294,20160725_CB,32.486666667,6.8533333333,28.233333333,75.62,31,0,20160725,CB
3295,3295,20160725_CN,31.88125,7.10625,27.78125,85.3125,56,0,20160725,CN
3296,3296,20160725_DG,32.6,8.0,27.1,83.9,71,0,20160725,DG
3297,3297,20160725_DJ,32.5,5.6,29.2,75.0,41,0,20160725,DJ
3298,3298,20160725_GB,30.891666667,6.7583333333,26.6375,88.05,65,0,20160725,GB
3299,3299,20160725_GG,31.752380952,6.0285714286,28.138095238000002,82.945238095,238,0,20160725,GG
3300,3300,20160725_GJ,33.9,7.9,29.6,77.6,48,1,20160725,GJ
3301,3301,20160725_GN,33.227272727,8.1636363636,27.740909091,84.595454545,69,1,20160725,GN
3302,3302,20160725_GW,28.466666667,5.2222222222,25.233333333,88.25,51,0,20160725,GW
3303,3303,20160725_IC,29.77,4.51,26.92,96.59,44,0,20160725,IC
3304,3304,20160725_JB,32.886666667,7.82,28.373333333,77.593333333,91,0,20160725,JB
3305,3305,20160725_JJ,31.2,5.1,28.4,82.2,18,0,20160725,JJ
3306,3306,20160725_JN,32.772727273,7.5272727273000015,28.554545455,80.804545455,73,0,20160725,JN
3307,3307,20160725_SU,31.4,5.0,28.4,75.3,228,0,20160725,SU
3308,3308,20160725_US,31.7,7.5,26.7,93.4,15,0,20160725,US
3309,3309,20160726_BS,31.1,4.9,28.3,82.1,80,0,20160726,BS
3310,3310,20160726_CB,33.206666667,9.8,28.066666667,69.246666667,37,1,20160726,CB
3311,3311,20160726_CN,32.375,8.875,27.7625,82.85625,59,0,20160726,CN
3312,3312,20160726_DG,35.0,9.6,29.7,68.6,57,1,20160726,DG
3313,3313,20160726_DJ,33.3,9.1,29.0,73.5,22,1,20160726,DJ
3314,3314,20160726_GB,34.0,10.295833333,28.358333333,75.2125,56,1,20160726,GB
3315,3315,20160726_GG,31.976190476,7.45,27.828571429,78.57619047600001,194,0,20160726,GG
3316,3316,20160726_GJ,34.3,8.3,29.8,77.9,44,1,20160726,GJ
3317,3317,20160726_GN,33.118181818000004,8.1363636364,28.55,81.290909091,60,1,20160726,GN
3318,3318,20160726_GW,30.316666667,7.3166666667,26.305555555999998,79.75,26,0,20160726,GW
3319,3319,20160726_IC,29.18,4.1,26.93,96.26,54,0,20160726,IC
3320,3320,20160726_JB,33.426666667,9.5666666667,28.346666666999997,75.826666667,88,1,20160726,JB
3321,3321,20160726_JJ,31.5,5.0,28.75,83.05,7,0,20160726,JJ
3322,3322,20160726_JN,32.681818182,7.7909090909,28.5,82.218181818,62,0,20160726,JN
3323,3323,20160726_SU,31.9,6.3,28.4,69.0,239,0,20160726,SU
3324,3324,20160726_US,33.8,9.6,28.6,83.5,13,1,20160726,US
3325,3325,20160727_BS,32.2,5.9,28.7,80.0,76,0,20160727,BS
3326,3326,20160727_CB,31.7,7.7933333333,27.54,74.813333333,30,0,20160727,CB
3327,3327,20160727_CN,30.525,6.18125,27.46875,87.45,49,0,20160727,CN
3328,3328,20160727_DG,36.1,10.3,30.3,63.5,56,1,20160727,DG
3329,3329,20160727_DJ,31.8,5.9,28.7,77.9,20,0,20160727,DJ
3330,3330,20160727_GB,34.141666666999996,10.1875,28.820833333000003,71.108333333,60,1,20160727,GB
3331,3331,20160727_GG,29.226190476,3.9047619048,27.238095238000003,83.926190476,199,0,20160727,GG
3332,3332,20160727_GJ,32.8,6.5,28.8,82.0,31,0,20160727,GJ
3333,3333,20160727_GN,33.7,8.35,29.013636364,78.3,66,1,20160727,GN
3334,3334,20160727_GW,29.238888889000002,5.0944444444,26.488888889000002,78.84444444399999,35,0,20160727,GW
3335,3335,20160727_IC,28.02,2.23,26.64,96.54,49,0,20160727,IC
3336,3336,20160727_JB,32.853333333,8.766666666699999,28.173333333000002,74.74,52,0,20160727,JB
3337,3337,20160727_JJ,32.15,5.25,29.05,83.3,14,0,20160727,JJ
3338,3338,20160727_JN,32.213636364,7.0545454545,28.213636364,84.304545455,63,0,20160727,JN
3339,3339,20160727_SU,28.9,2.2,27.6,76.4,205,0,20160727,SU
3340,3340,20160727_US,33.6,8.5,29.0,77.3,10,1,20160727,US
3341,3341,20160728_BS,31.4,4.2,28.5,81.6,61,0,20160728,BS
3342,3342,20160728_CB,32.98,8.64,28.266666667,67.6,20,0,20160728,CB
3343,3343,20160728_CN,31.125,7.75,27.3375,82.725,48,0,20160728,CN
3344,3344,20160728_DG,35.4,8.1,30.8,62.6,61,1,20160728,DG
3345,3345,20160728_DJ,32.3,7.2,28.9,70.5,28,0,20160728,DJ
3346,3346,20160728_GB,34.4625,9.804166666699999,28.983333333,71.395833333,60,1,20160728,GB
3347,3347,20160728_GG,30.773809524,5.4214285714,27.735714286,78.138095238,169,0,20160728,GG
3348,3348,20160728_GJ,33.9,7.4,29.7,82.9,33,1,20160728,GJ
3349,3349,20160728_GN,33.068181818,6.5863636364,28.959090909,80.072727273,61,1,20160728,GN
3350,3350,20160728_GW,31.866666666999997,7.8444444444,27.511111110999998,74.061111111,49,0,20160728,GW
3351,3351,20160728_IC,28.13,3.77,26.09,96.02,47,0,20160728,IC
3352,3352,20160728_JB,32.2,7.786666666699999,27.993333333000002,76.206666667,81,0,20160728,JB
3353,3353,20160728_JJ,32.95,5.35,29.2,83.9,13,0,20160728,JJ
3354,3354,20160728_JN,32.65,6.2909090909000005,28.986363636,84.663636364,59,0,20160728,JN
3355,3355,20160728_SU,30.5,3.8,28.0,70.6,195,0,20160728,SU
3356,3356,20160728_US,33.1,6.6,29.4,79.8,3,1,20160728,US
3357,3357,20160729_BS,31.9,5.8,28.7,81.8,68,0,20160729,BS
3358,3358,20160729_CB,29.873333333,7.02,26.066666667,82.18,30,0,20160729,CB
3359,3359,20160729_CN,30.31875,7.35,26.5125,89.6,49,0,20160729,CN
3360,3360,20160729_DG,36.0,9.8,30.9,67.1,60,1,20160729,DG
3361,3361,20160729_DJ,32.5,8.4,28.2,80.5,36,0,20160729,DJ
3362,3362,20160729_GB,33.508333333,10.45,28.216666667,75.1,61,1,20160729,GB
3363,3363,20160729_GG,27.864285714,4.6214285714,25.688095238000002,90.123809524,145,0,20160729,GG
3364,3364,20160729_GJ,35.3,7.7,30.5,79.0,32,1,20160729,GJ
3365,3365,20160729_GN,34.059090909,8.4545454545,29.090909091,80.786363636,59,1,20160729,GN
3366,3366,20160729_GW,28.527777778,5.25,25.711111110999997,81.877777778,44,0,20160729,GW
3367,3367,20160729_IC,27.88,4.66,25.54,96.76,36,0,20160729,IC
3368,3368,20160729_JB,34.353333333,9.946666666699999,29.053333333,76.386666667,87,1,20160729,JB
3369,3369,20160729_JJ,32.05,4.3,29.55,81.05,15,0,20160729,JJ
3370,3370,20160729_JN,33.777272726999996,7.531818181799999,29.409090909,82.145454545,58,1,20160729,JN
3371,3371,20160729_SU,28.4,5.0,26.3,82.3,189,0,20160729,SU
3372,3372,20160729_US,34.2,8.8,29.4,81.6,13,1,20160729,US
3373,3373,20160730_BS,32.7,5.9,28.8,81.1,18,0,20160730,BS
3374,3374,20160730_CB,32.306666666999995,7.9,27.02,84.413333333,13,0,20160730,CB
3375,3375,20160730_CN,32.3375,7.275,27.8875,89.51875,19,0,20160730,CN
3376,3376,20160730_DG,35.1,9.4,29.7,70.5,19,1,20160730,DG
3377,3377,20160730_DJ,34.0,7.7,29.1,81.5,13,1,20160730,DJ
3378,3378,20160730_GB,34.033333333,9.5666666667,28.375,78.104166667,18,1,20160730,GB
3379,3379,20160730_GG,32.635714286,7.0904761905,28.15,82.67380952399999,45,0,20160730,GG
3380,3380,20160730_GJ,34.5,7.5,30.4,77.8,8,1,20160730,GJ
3381,3381,20160730_GN,34.772727273,9.4545454545,29.272727273,78.745454545,17,1,20160730,GN
3382,3382,20160730_GW,31.883333333000003,7.3388888889,27.466666667,80.777777778,8,0,20160730,GW
3383,3383,20160730_IC,30.36,5.87,26.97,92.86,10,0,20160730,IC
3384,3384,20160730_JB,34.32,9.1133333333,29.08,75.826666667,33,1,20160730,JB
3385,3385,20160730_JJ,32.4,5.0,29.35,79.7,1,0,20160730,JJ
3386,3386,20160730_JN,33.409090909,7.3545454545,29.268181818000002,81.44090909100001,20,1,20160730,JN
3387,3387,20160730_SU,33.0,6.6,28.6,73.5,38,0,20160730,SU
3388,3388,20160730_US,31.9,5.8,28.9,86.6,4,0,20160730,US
3389,3389,20160731_BS,32.1,5.8,29.0,75.9,1,0,20160731,BS
3390,3390,20160731_CB,33.773333333000004,9.4266666667,28.18,76.233333333,0,1,20160731,CB
3391,3391,20160731_CN,33.30625,8.8125,28.01875,85.16875,0,1,20160731,CN
3392,3392,20160731_DG,35.1,12.4,28.1,77.0,1,1,20160731,DG
3393,3393,20160731_DJ,34.7,8.5,29.9,77.3,1,1,20160731,DJ
3394,3394,20160731_GB,33.858333333000004,9.9791666667,27.791666666999998,79.725,4,1,20160731,GB
3395,3395,20160731_GG,32.980952381,7.340476190499999,28.364285714,81.380952381,13,0,20160731,GG
3396,3396,20160731_GJ,36.0,9.6,30.2,72.8,0,1,20160731,GJ
3397,3397,20160731_GN,35.095454545,10.35,28.609090909000006,78.454545455,0,1,20160731,GN
3398,3398,20160731_GW,31.65,8.1833333333,26.494444444000006,83.54444444399999,2,0,20160731,GW
3399,3399,20160731_IC,30.57,4.64,27.63,95.6,0,0,20160731,IC
3400,3400,20160731_JB,33.926666667,9.32,28.44,76.4,2,1,20160731,JB
3401,3401,20160731_JJ,31.05,4.35,28.75,78.75,0,0,20160731,JJ
3402,3402,20160731_JN,34.168181818,8.6272727273,29.168181818,77.640909091,1,1,20160731,JN
3403,3403,20160731_SU,32.8,6.2,28.9,72.1,7,0,20160731,SU
3404,3404,20160731_US,33.0,9.5,27.8,86.9,1,0,20160731,US
3421,3421,20160802_BS,31.1,5.9,27.3,79.9,101,0,20160802,BS
3422,3422,20160802_CB,30.42,7.666666666699999,26.506666666999998,78.74,28,0,20160802,CB
3423,3423,20160802_CN,30.94375,7.40625,26.68125,88.3125,55,0,20160802,CN
3424,3424,20160802_DG,32.2,7.9,26.7,79.4,56,0,20160802,DG
3425,3425,20160802_DJ,30.3,6.4,27.3,82.1,30,0,20160802,DJ
3426,3426,20160802_GB,30.533333333,7.458333333300001,25.758333333000003,85.8625,74,0,20160802,GB
3427,3427,20160802_GG,30.85,6.2666666667,27.121428571,81.238095238,223,0,20160802,GG
3428,3428,20160802_GJ,31.1,5.6,28.1,83.9,47,0,20160802,GJ
3429,3429,20160802_GN,32.818181818,9.5181818182,26.227272727,85.077272727,75,0,20160802,GN
3430,3430,20160802_GW,29.966666667,6.8833333333,25.633333333000003,84.122222222,30,0,20160802,GW
3431,3431,20160802_IC,29.97,5.01,26.85,96.21,49,0,20160802,IC
3432,3432,20160802_JB,30.906666667,7.0133333333,26.846666666999997,80.266666667,93,0,20160802,JB
3433,3433,20160802_JJ,31.05,4.15,28.55,78.65,11,0,20160802,JJ
3434,3434,20160802_JN,30.895454545,6.5227272727,27.318181818000003,84.790909091,55,0,20160802,JN
3435,3435,20160802_SU,31.1,6.1,27.2,72.5,222,0,20160802,SU
3436,3436,20160802_US,30.9,9.1,24.4,94.8,14,0,20160802,US
3437,3437,20160803_BS,31.1,6.2,27.3,80.9,61,0,20160803,BS
3438,3438,20160803_CB,32.713333333,10.286666667,26.906666667,75.806666667,30,0,20160803,CB
3439,3439,20160803_CN,32.625,9.725,27.03125,84.00625,53,0,20160803,CN
3440,3440,20160803_DG,33.2,9.2,26.5,78.3,65,1,20160803,DG
3441,3441,20160803_DJ,34.0,10.8,28.3,75.5,27,1,20160803,DJ
3442,3442,20160803_GB,31.2375,8.525,25.9,84.891666667,68,0,20160803,GB
3443,3443,20160803_GG,34.095238095,10.335714286,28.642857143,71.12857142899999,210,1,20160803,GG
3444,3444,20160803_GJ,31.9,7.8,26.6,88.5,23,0,20160803,GJ
3445,3445,20160803_GN,31.427272727,8.5,26.440909090999998,83.16818181800001,61,0,20160803,GN
3446,3446,20160803_GW,31.594444444,9.1277777778,26.344444444,80.188888889,41,0,20160803,GW
3447,3447,20160803_IC,32.24,7.3,28.1,87.4,46,0,20160803,IC
3448,3448,20160803_JB,31.666666666999998,8.7466666667,26.713333333,78.22,70,0,20160803,JB
3449,3449,20160803_JJ,28.7,3.75,27.25,83.25,15,0,20160803,JJ
3450,3450,20160803_JN,30.877272726999998,7.1454545455,26.604545455,86.872727273,47,0,20160803,JN
3451,3451,20160803_SU,34.2,10.2,29.1,65.4,196,1,20160803,SU
3452,3452,20160803_US,30.3,7.0,26.0,92.0,9,0,20160803,US
3453,3453,20160804_BS,31.7,6.2,28.3,76.3,70,0,20160804,BS
3454,3454,20160804_CB,33.873333333000005,10.64,28.32,70.246666667,37,1,20160804,CB
3455,3455,20160804_CN,34.3375,11.00625,28.425,81.0625,38,1,20160804,CN
3456,3456,20160804_DG,33.8,10.3,27.7,73.4,45,1,20160804,DG
3457,3457,20160804_DJ,35.5,11.0,29.9,70.8,34,1,20160804,DJ
3458,3458,20160804_GB,32.320833333,9.6541666667,26.9,79.45,72,0,20160804,GB
3459,3459,20160804_GG,34.935714286,10.245238095,29.221428571,73.376190476,173,1,20160804,GG
3460,3460,20160804_GJ,33.9,10.1,28.6,79.5,31,1,20160804,GJ
3461,3461,20160804_GN,32.4,8.4090909091,27.431818181999997,79.609090909,61,0,20160804,GN
3462,3462,20160804_GW,32.277777778,10.005555556000001,26.661111111,76.166666667,43,0,20160804,GW
3463,3463,20160804_IC,33.19,7.53,28.91,91.15,39,1,20160804,IC
3464,3464,20160804_JB,34.086666666999996,10.786666667,28.086666667,76.5,76,1,20160804,JB
3465,3465,20160804_JJ,31.35,6.3,27.7,84.55,16,0,20160804,JJ
3466,3466,20160804_JN,32.695454545,8.7181818182,28.081818182,79.209090909,50,0,20160804,JN
3467,3467,20160804_SU,35.7,9.7,30.7,59.6,187,1,20160804,SU
3468,3468,20160804_US,30.2,6.9,26.6,89.0,2,0,20160804,US
3469,3469,20160805_BS,32.0,6.6,28.1,77.1,85,0,20160805,BS
3470,3470,20160805_CB,34.853333333,11.093333333,29.013333333000002,67.82,20,1,20160805,CB
3471,3471,20160805_CN,34.23125,10.2625,28.75,81.35625,45,1,20160805,CN
3472,3472,20160805_DG,34.5,11.1,28.5,67.9,43,1,20160805,DG
3473,3473,20160805_DJ,35.8,10.3,30.7,69.0,37,1,20160805,DJ
3474,3474,20160805_GB,33.129166667,10.358333333,27.441666667,76.68333333300001,55,1,20160805,GB
3475,3475,20160805_GG,35.369047619,10.302380952,29.814285714,71.726190476,156,1,20160805,GG
3476,3476,20160805_GJ,35.1,10.0,29.7,77.3,34,1,20160805,GJ
3477,3477,20160805_GN,33.095454545,9.404545454500001,27.854545455,77.136363636,67,1,20160805,GN
3478,3478,20160805_GW,32.944444444,12.038888889,26.65,73.855555556,38,0,20160805,GW
3479,3479,20160805_IC,33.36,7.11,29.34,91.15,32,1,20160805,IC
3480,3480,20160805_JB,34.24,10.1,28.42,77.673333333,72,1,20160805,JB
3481,3481,20160805_JJ,31.05,5.2,28.25,86.45,22,0,20160805,JJ
3482,3482,20160805_JN,33.395454545,9.3090909091,28.472727273,77.490909091,53,1,20160805,JN
3483,3483,20160805_SU,36.0,9.5,31.2,60.1,185,1,20160805,SU
3484,3484,20160805_US,31.6,8.6,26.6,88.8,11,0,20160805,US
3485,3485,20160806_BS,32.7,7.3,28.9,77.9,15,0,20160806,BS
3486,3486,20160806_CB,35.18,11.386666667,28.9,69.853333333,9,1,20160806,CB
3487,3487,20160806_CN,34.1875,10.34375,28.35,82.025,14,1,20160806,CN
3488,3488,20160806_DG,35.1,10.6,29.5,67.0,14,1,20160806,DG
3489,3489,20160806_DJ,35.4,9.8,29.6,74.3,7,1,20160806,DJ
3490,3490,20160806_GB,33.958333333,11.220833333,28.0375,75.783333333,18,1,20160806,GB
3491,3491,20160806_GG,34.757142857,9.483333333300001,29.638095238000002,72.985714286,62,1,20160806,GG
3492,3492,20160806_GJ,34.5,8.4,29.7,78.6,9,1,20160806,GJ
3493,3493,20160806_GN,33.872727273,9.7409090909,28.440909090999998,76.395454545,22,1,20160806,GN
3494,3494,20160806_GW,33.322222222,12.138888889,27.055555555999998,73.644444444,9,1,20160806,GW
3495,3495,20160806_IC,33.32,7.16,29.12,88.42,8,1,20160806,IC
3496,3496,20160806_JB,34.346666667,10.953333333,28.04,78.646666667,18,1,20160806,JB
3497,3497,20160806_JJ,31.85,6.0,28.45,84.0,4,0,20160806,JJ
3498,3498,20160806_JN,33.463636364,9.140909090900001,28.563636364,78.804545455,15,1,20160806,JN
3499,3499,20160806_SU,34.0,7.4,30.5,64.8,36,1,20160806,SU
3500,3500,20160806_US,33.0,9.8,27.9,84.9,2,0,20160806,US
3501,3501,20160807_BS,33.0,6.5,29.5,72.4,0,0,20160807,BS
3502,3502,20160807_CB,34.646666667,10.526666667,28.72,69.14,1,1,20160807,CB
3503,3503,20160807_CN,33.6875,10.2875,27.825,81.5125,0,1,20160807,CN
3504,3504,20160807_DG,34.6,9.6,28.6,73.6,0,1,20160807,DG
3505,3505,20160807_DJ,34.9,10.6,28.8,78.4,0,1,20160807,DJ
3506,3506,20160807_GB,35.233333333000004,11.458333332999999,29.045833333,72.295833333,1,1,20160807,GB
3507,3507,20160807_GG,34.678571429,8.9761904762,29.452380952,66.714285714,9,1,20160807,GG
3508,3508,20160807_GJ,33.1,8.7,27.5,89.6,0,1,20160807,GJ
3509,3509,20160807_GN,34.072727273000005,9.7318181818,28.595454545,76.977272727,0,1,20160807,GN
3510,3510,20160807_GW,33.611111111,10.083333332999999,27.872222221999998,76.822222222,0,1,20160807,GW
3511,3511,20160807_IC,32.62,7.11,28.62,82.28,0,0,20160807,IC
3512,3512,20160807_JB,34.146666667,10.766666667,27.666666666999998,79.206666667,3,1,20160807,JB
3513,3513,20160807_JJ,32.3,6.85,28.4,82.45,0,0,20160807,JJ
3514,3514,20160807_JN,33.163636364,8.6681818182,27.845454545,84.645454545,2,1,20160807,JN
3515,3515,20160807_SU,35.0,8.0,30.6,56.0,8,1,20160807,SU
3516,3516,20160807_US,33.3,8.9,28.9,81.9,1,1,20160807,US
3517,3517,20160808_BS,34.4,7.6,29.6,73.0,94,1,20160808,BS
3518,3518,20160808_CB,34.76,11.42,28.786666667,67.3,42,1,20160808,CB
3519,3519,20160808_CN,34.225,11.30625,28.2,79.28125,65,1,20160808,CN
3520,3520,20160808_DG,35.6,10.7,28.5,73.4,75,1,20160808,DG
3521,3521,20160808_DJ,34.8,10.3,29.7,72.8,47,1,20160808,DJ
3522,3522,20160808_GB,34.975,10.6625,28.133333333000003,77.891666667,78,1,20160808,GB
3523,3523,20160808_GG,34.933333333,10.147619048,29.369047619,72.564285714,252,1,20160808,GG
3524,3524,20160808_GJ,34.8,10.6,27.9,87.5,40,1,20160808,GJ
3525,3525,20160808_GN,35.686363635999996,11.3,28.227272727,78.427272727,76,1,20160808,GN
3526,3526,20160808_GW,33.072222222,9.7,26.966666667,77.444444444,38,1,20160808,GW
3527,3527,20160808_IC,32.72,6.89,28.8,90.48,41,0,20160808,IC
3528,3528,20160808_JB,33.913333333000004,10.506666667000001,27.733333333,78.54,109,1,20160808,JB
3529,3529,20160808_JJ,31.65,4.95,28.8,78.35,15,0,20160808,JJ
3530,3530,20160808_JN,34.136363636,10.009090909,28.118181818000004,81.631818182,69,1,20160808,JN
3531,3531,20160808_SU,35.5,9.1,30.5,63.1,252,1,20160808,SU
3532,3532,20160808_US,33.3,8.2,28.6,84.6,21,1,20160808,US
3533,3533,20160809_BS,32.9,6.7,28.9,70.6,85,0,20160809,BS
3534,3534,20160809_CB,33.886666667,9.4266666667,28.206666666999997,73.106666667,36,1,20160809,CB
3535,3535,20160809_CN,33.6125,9.5375,28.1,83.7,59,1,20160809,CN
3536,3536,20160809_DG,31.8,6.9,27.7,66.8,53,0,20160809,DG
3537,3537,20160809_DJ,34.3,8.9,28.4,80.9,37,1,20160809,DJ
3538,3538,20160809_GB,31.383333333000003,8.3791666667,26.683333333,75.104166667,73,0,20160809,GB
3539,3539,20160809_GG,33.852380952,8.280952381,29.066666667,74.192857143,201,1,20160809,GG
3540,3540,20160809_GJ,32.4,7.6,27.5,92.6,49,0,20160809,GJ
3541,3541,20160809_GN,32.990909091,8.5409090909,27.831818182,77.836363636,57,0,20160809,GN
3542,3542,20160809_GW,31.072222221999997,8.3055555556,26.472222222,74.827777778,41,0,20160809,GW
3543,3543,20160809_IC,33.29,8.04,29.08,87.41,52,1,20160809,IC
3544,3544,20160809_JB,33.56,9.92,27.98,79.113333333,84,1,20160809,JB
3545,3545,20160809_JJ,31.6,4.75,29.25,80.4,18,0,20160809,JJ
3546,3546,20160809_JN,32.763636364,8.1863636364,27.995454545,84.454545455,70,0,20160809,JN
3547,3547,20160809_SU,33.6,7.2,29.3,68.3,227,1,20160809,SU
3548,3548,20160809_US,30.1,6.3,26.5,84.0,13,0,20160809,US
3549,3549,20160810_BS,32.2,7.2,29.0,71.6,82,0,20160810,BS
3550,3550,20160810_CB,34.24,9.526666666699999,28.74,69.72,33,1,20160810,CB
3551,3551,20160810_CN,33.63125,9.20625,28.33125,81.60625,60,1,20160810,CN
3552,3552,20160810_DG,35.4,12.4,29.4,62.6,53,1,20160810,DG
3553,3553,20160810_DJ,34.6,9.4,29.3,76.4,30,1,20160810,DJ
3554,3554,20160810_GB,34.808333333,12.491666667,28.045833333,72.395833333,68,1,20160810,GB
3555,3555,20160810_GG,33.988095238,8.7380952381,28.9,73.11428571399999,181,1,20160810,GG
3556,3556,20160810_GJ,34.5,9.3,29.5,82.6,41,1,20160810,GJ
3557,3557,20160810_GN,34.277272726999996,10.336363636,28.822727273,75.113636364,74,1,20160810,GN
3558,3558,20160810_GW,32.122222222,9.016666666699999,27.25,77.633333333,40,0,20160810,GW
3559,3559,20160810_IC,31.02,5.53,28.06,88.36,59,0,20160810,IC
3560,3560,20160810_JB,33.986666667,9.12,28.56,77.106666667,67,1,20160810,JB
3561,3561,20160810_JJ,31.45,4.15,29.0,80.3,16,0,20160810,JJ
3562,3562,20160810_JN,33.822727273000005,9.0,28.8,81.19090909100001,61,1,20160810,JN
3563,3563,20160810_SU,34.8,8.7,29.4,66.3,210,1,20160810,SU
3564,3564,20160810_US,32.6,10.0,27.6,83.0,11,0,20160810,US
3565,3565,20160811_BS,34.8,7.9,30.6,72.1,81,1,20160811,BS
3566,3566,20160811_CB,35.113333333,11.966666667,28.966666667,66.793333333,34,1,20160811,CB
3567,3567,20160811_CN,34.85,12.175,28.59375,77.70625,55,1,20160811,CN
3568,3568,20160811_DG,37.8,12.3,31.4,61.0,48,1,20160811,DG
3569,3569,20160811_DJ,35.6,11.2,29.9,70.1,30,1,20160811,DJ
3570,3570,20160811_GB,35.8125,12.3125,29.195833333000003,71.204166667,57,1,20160811,GB
3571,3571,20160811_GG,35.519047619,10.75,29.60952381,73.264285714,181,1,20160811,GG
3572,3572,20160811_GJ,36.7,11.5,30.6,72.0,38,1,20160811,GJ
3573,3573,20160811_GN,36.322727273000005,11.322727273,29.936363636,74.631818182,61,1,20160811,GN
3574,3574,20160811_GW,33.727777778000004,9.855555555599999,28.2,74.577777778,29,1,20160811,GW
3575,3575,20160811_IC,33.53,7.69,28.92,88.82,47,1,20160811,IC
3576,3576,20160811_JB,35.14,11.513333333,28.94,73.586666667,82,1,20160811,JB
3577,3577,20160811_JJ,32.2,5.85,29.4,73.45,12,0,20160811,JJ
3578,3578,20160811_JN,35.859090909,10.686363636,29.854545455,75.7,63,1,20160811,JN
3579,3579,20160811_SU,36.4,10.3,30.5,64.1,217,1,20160811,SU
3580,3580,20160811_US,34.7,9.7,29.3,82.4,12,1,20160811,US
3581,3581,20160812_BS,34.5,6.6,31.0,72.1,76,1,20160812,BS
3582,3582,20160812_CB,35.22,11.286666667,29.233333333,65.306666667,28,1,20160812,CB
3583,3583,20160812_CN,34.78125,11.50625,28.625,77.31875,55,1,20160812,CN
3584,3584,20160812_DG,37.7,11.3,31.8,58.5,70,1,20160812,DG
3585,3585,20160812_DJ,36.5,11.6,30.3,67.5,28,1,20160812,DJ
3586,3586,20160812_GB,36.404166667,12.3125,29.754166667,69.758333333,68,1,20160812,GB
3587,3587,20160812_GG,35.078571429,9.9428571429,29.352380951999997,77.11428571399999,150,1,20160812,GG
3588,3588,20160812_GJ,37.2,11.3,30.6,72.6,37,1,20160812,GJ
3589,3589,20160812_GN,36.236363636,10.504545455,30.486363636,74.136363636,61,1,20160812,GN
3590,3590,20160812_GW,34.311111111,10.627777777999999,28.6,73.311111111,34,1,20160812,GW
3591,3591,20160812_IC,32.35,6.12,28.91,90.84,48,0,20160812,IC
3592,3592,20160812_JB,35.146666667,11.2,28.88,74.28,54,1,20160812,JB
3593,3593,20160812_JJ,32.9,6.05,29.7,71.85,7,0,20160812,JJ
3594,3594,20160812_JN,35.7,10.445454545,29.813636364,75.35,62,1,20160812,JN
3595,3595,20160812_SU,35.9,9.5,30.4,68.3,238,1,20160812,SU
3596,3596,20160812_US,35.3,9.7,29.8,83.9,12,1,20160812,US
3597,3597,20160813_BS,35.3,7.1,31.3,66.1,22,1,20160813,BS
3598,3598,20160813_CB,34.526666667,10.426666667000001,28.98,68.226666667,11,1,20160813,CB
3599,3599,20160813_CN,34.03125,10.48125,28.46875,80.93125,11,1,20160813,CN
3600,3600,20160813_DG,38.1,12.0,32.4,51.1,9,1,20160813,DG
3601,3601,20160813_DJ,36.0,10.8,30.2,70.6,8,1,20160813,DJ
3602,3602,20160813_GB,36.7625,12.4125,30.075,66.258333333,19,1,20160813,GB
3603,3603,20160813_GG,34.521428571,8.5119047619,29.614285714,75.328571429,53,1,20160813,GG
3604,3604,20160813_GJ,35.7,10.3,30.1,73.1,11,1,20160813,GJ
3605,3605,20160813_GN,36.345454545,10.663636364,30.295454545,70.445454545,28,1,20160813,GN
3606,3606,20160813_GW,34.533333333,9.8277777778,29.155555556,72.188888889,10,1,20160813,GW
3607,3607,20160813_IC,31.78,5.3,28.81,94.8,14,0,20160813,IC
3608,3608,20160813_JB,34.38,10.92,28.48,75.44,22,1,20160813,JB
3609,3609,20160813_JJ,33.0,6.25,29.85,68.65,2,0,20160813,JJ
3610,3610,20160813_JN,35.240909091,10.372727272999999,29.622727273000002,74.31363636399999,11,1,20160813,JN
3611,3611,20160813_SU,35.1,8.3,30.2,67.9,61,1,20160813,SU
3612,3612,20160813_US,35.7,9.7,31.0,75.9,2,1,20160813,US
3613,3613,20160814_BS,37.3,9.0,31.7,63.8,0,1,20160814,BS
3614,3614,20160814_CB,33.713333333,9.0066666667,28.66,72.693333333,1,1,20160814,CB
3615,3615,20160814_CN,33.50625,9.2875,28.45625,83.20625,1,1,20160814,CN
3616,3616,20160814_DG,37.0,10.5,31.9,54.8,0,1,20160814,DG
3617,3617,20160814_DJ,35.0,8.9,29.9,75.1,0,1,20160814,DJ
3618,3618,20160814_GB,35.375,10.6875,29.670833333,68.15,3,1,20160814,GB
3619,3619,20160814_GG,32.514285714,6.3785714286,28.69047619,81.969047619,8,0,20160814,GG
3620,3620,20160814_GN,36.55,11.309090909000002,30.304545455,69.904545455,3,1,20160814,GN
3621,3621,20160814_GW,33.011111111,8.233333333300001,27.766666667,80.377777778,0,1,20160814,GW
3622,3622,20160814_IC,30.33,3.62,28.33,96.46,2,0,20160814,IC
3623,3623,20160814_JB,34.206666667,9.68,28.873333333,77.48,3,1,20160814,JB
3624,3624,20160814_JJ,32.95,6.2,29.9,72.1,1,0,20160814,JJ
3625,3625,20160814_JN,34.3,8.9954545455,29.386363636,78.536363636,0,1,20160814,JN
3626,3626,20160814_SU,31.8,4.5,28.9,74.0,7,0,20160814,SU
3627,3627,20160814_US,34.9,7.9,30.3,73.4,2,1,20160814,US
3628,3628,20160815_BS,36.6,11.3,29.4,75.0,10,1,20160815,BS
3629,3629,20160815_CB,34.333333333,9.4266666667,28.713333333,67.006666667,0,1,20160815,CB
3630,3630,20160815_CN,33.55625,8.975,28.025,79.3625,4,1,20160815,CN
3631,3631,20160815_DG,36.0,9.1,30.7,61.9,4,1,20160815,DG
3632,3632,20160815_DJ,35.5,9.0,30.0,70.6,0,1,20160815,DJ
3633,3633,20160815_GB,34.604166667,9.8083333333,28.55,73.616666667,5,1,20160815,GB
3634,3634,20160815_GG,33.754761905,8.4285714286,28.685714286,73.071428571,10,1,20160815,GG
3635,3635,20160815_GJ,32.6,6.4,28.8,85.8,1,0,20160815,GJ
3636,3636,20160815_GN,35.118181818000004,9.304545454500001,29.05,76.609090909,4,1,20160815,GN
3637,3637,20160815_GW,32.255555556,7.4,27.833333333000002,76.416666667,4,0,20160815,GW
3638,3638,20160815_IC,31.5,5.93,27.87,87.89,3,0,20160815,IC
3639,3639,20160815_JB,32.933333333,8.28,27.86,79.393333333,2,0,20160815,JB
3640,3640,20160815_JJ,33.05,5.8,29.8,72.2,1,1,20160815,JJ
3641,3641,20160815_JN,32.827272727,7.131818181799999,28.504545455,82.44090909100001,6,0,20160815,JN
3642,3642,20160815_SU,34.0,8.2,29.1,65.5,12,1,20160815,SU
3643,3643,20160815_US,33.8,8.3,28.4,83.6,1,1,20160815,US
3644,3644,20160816_BS,30.9,5.9,28.0,80.3,106,0,20160816,BS
3645,3645,20160816_CB,34.32,9.2866666667,28.833333333000002,61.37333333300001,46,1,20160816,CB
3646,3646,20160816_CN,34.21875,10.475,27.99375,72.8125,86,1,20160816,CN
3647,3647,20160816_DG,32.8,7.2,28.3,65.0,76,0,20160816,DG
3648,3648,20160816_DJ,35.5,9.4,29.9,64.1,48,1,20160816,DJ
3649,3649,20160816_GB,32.608333333000004,8.5333333333,27.433333333,72.945833333,71,0,20160816,GB
3650,3650,20160816_GG,34.323809524,9.535714285700001,28.861904761999998,70.19047619,239,1,20160816,GG
3651,3651,20160816_GJ,34.9,9.9,28.7,76.0,55,1,20160816,GJ
3652,3652,20160816_GN,32.659090909,7.422727272699999,27.813636364,80.277272727,91,0,20160816,GN
3653,3653,20160816_GW,32.366666667,8.8611111111,27.044444444,75.472222222,48,0,20160816,GW
3654,3654,20160816_IC,31.75,6.46,28.37,89.79,63,0,20160816,IC
3655,3655,20160816_JB,33.68,9.82,27.766666667,71.606666667,105,1,20160816,JB
3656,3656,20160816_JJ,32.55,5.35,29.55,69.45,15,0,20160816,JJ
3657,3657,20160816_JN,33.704545455,9.1909090909,28.163636364000002,75.613636364,76,1,20160816,JN
3658,3658,20160816_SU,34.9,8.7,29.3,64.9,193,1,20160816,SU
3659,3659,20160816_US,30.2,6.0,26.8,86.5,18,0,20160816,US
3660,3660,20160817_BS,32.3,7.0,28.5,70.3,95,0,20160817,BS
3661,3661,20160817_CB,34.113333333,10.566666667,28.506666666999998,63.14,35,1,20160817,CB
3662,3662,20160817_CN,33.95625,11.4375,27.71875,77.6375,49,1,20160817,CN
3663,3663,20160817_DG,35.2,11.6,28.2,66.5,68,1,20160817,DG
3664,3664,20160817_DJ,35.1,10.4,29.8,66.4,44,1,20160817,DJ
3665,3665,20160817_GB,33.383333333,10.583333332999999,27.354166666999998,72.954166667,69,1,20160817,GB
3666,3666,20160817_GG,34.35,9.95,28.95,71.31666666699999,185,1,20160817,GG
3667,3667,20160817_GJ,34.1,9.3,28.4,82.4,38,1,20160817,GJ
3668,3668,20160817_GN,33.595454545,9.5818181818,27.804545455,76.213636364,58,1,20160817,GN
3669,3669,20160817_GW,32.361111111,9.8333333333,26.877777778000002,75.027777778,33,0,20160817,GW
3670,3670,20160817_IC,32.44,6.98,28.75,87.33,44,0,20160817,IC
3671,3671,20160817_JB,33.233333333000004,10.326666667000001,27.773333333000004,73.393333333,73,1,20160817,JB
3672,3672,20160817_JJ,32.45,7.1,28.6,69.0,12,0,20160817,JJ
3673,3673,20160817_JN,32.977272727,9.0909090909,27.845454545,80.454545455,51,0,20160817,JN
3674,3674,20160817_SU,34.7,9.6,29.9,60.4,226,1,20160817,SU
3675,3675,20160817_US,31.6,8.7,27.0,83.9,20,0,20160817,US
3676,3676,20160818_BS,32.5,6.8,28.6,71.8,77,0,20160818,BS
3677,3677,20160818_CB,34.826666667,10.846666667000001,28.94,64.46,30,1,20160818,CB
3678,3678,20160818_CN,33.7625,10.4375,27.95,78.8375,50,1,20160818,CN
3679,3679,20160818_DG,35.0,11.0,28.8,64.4,65,1,20160818,DG
3680,3680,20160818_DJ,34.8,9.5,29.7,70.6,40,1,20160818,DJ
3681,3681,20160818_GB,33.55,10.616666667,27.683333333,72.19166666699999,83,1,20160818,GB
3682,3682,20160818_GG,34.469047619,9.4452380952,29.15,69.561904762,181,1,20160818,GG
3683,3683,20160818_GJ,34.7,10.6,28.9,79.3,39,1,20160818,GJ
3684,3684,20160818_GN,33.822727273000005,9.6272727273,28.218181818,73.863636364,60,1,20160818,GN
3685,3685,20160818_GW,32.55,9.7611111111,26.95,77.266666667,41,0,20160818,GW
3686,3686,20160818_IC,32.77,7.07,28.74,83.81,39,0,20160818,IC
3687,3687,20160818_JB,34.106666667,9.8266666667,27.966666667,76.593333333,90,1,20160818,JB
3688,3688,20160818_JJ,31.95,5.1,29.3,76.6,12,0,20160818,JJ
3689,3689,20160818_JN,33.890909091,9.4863636364,28.495454545,77.01363636399999,70,1,20160818,JN
3690,3690,20160818_SU,34.3,8.1,29.9,61.9,219,1,20160818,SU
3691,3691,20160818_US,30.8,7.4,27.1,83.6,10,0,20160818,US
3692,3692,20160819_BS,32.7,7.1,28.6,71.1,77,0,20160819,BS
3693,3693,20160819_CB,35.293333333,10.72,29.186666666999997,61.733333333000004,36,1,20160819,CB
3694,3694,20160819_CN,33.86875,9.925,28.40625,79.0,45,1,20160819,CN
3695,3695,20160819_DG,34.6,10.7,28.6,63.5,51,1,20160819,DG
3696,3696,20160819_DJ,37.3,12.3,30.3,66.5,42,1,20160819,DJ
3697,3697,20160819_GB,33.75,10.895833332999999,27.783333333,69.12083333300001,64,1,20160819,GB
3698,3698,20160819_GG,33.404761905,7.588095238099999,29.05952381,73.992857143,163,1,20160819,GG
3699,3699,20160819_GJ,34.8,9.7,29.6,73.4,30,1,20160819,GJ
3700,3700,20160819_GN,34.359090909,10.895454545,28.25,71.695454545,64,1,20160819,GN
3701,3701,20160819_GW,32.183333333,8.3444444444,27.188888889,76.7,32,0,20160819,GW
3702,3702,20160819_IC,31.87,5.26,29.06,87.1,38,0,20160819,IC
3703,3703,20160819_JB,34.693333333000005,11.22,28.08,71.813333333,68,1,20160819,JB
3704,3704,20160819_JJ,31.6,5.05,28.75,81.15,23,0,20160819,JJ
3705,3705,20160819_JN,33.836363636,9.554545454500001,28.7,74.790909091,59,1,20160819,JN
3706,3706,20160819_SU,33.2,6.6,28.9,69.5,221,1,20160819,SU
3707,3707,20160819_US,31.3,8.0,27.1,82.8,12,0,20160819,US
3708,3708,20160820_BS,31.7,5.8,28.6,68.0,16,0,20160820,BS
3709,3709,20160820_CB,36.04,11.5,29.62,53.05333333300001,17,1,20160820,CB
3710,3710,20160820_CN,35.2625,10.55625,28.8375,75.975,13,1,20160820,CN
3711,3711,20160820_DG,33.6,10.2,28.1,62.5,16,1,20160820,DG
3712,3712,20160820_DJ,37.6,11.4,31.2,56.4,9,1,20160820,DJ
3713,3713,20160820_GB,33.45,10.925,27.366666666999997,67.9625,22,1,20160820,GB
3714,3714,20160820_GG,34.869047619,8.435714285700001,29.861904761999998,65.70952381,52,1,20160820,GG
3715,3715,20160820_GJ,35.9,9.9,29.9,76.3,13,1,20160820,GJ
3716,3716,20160820_GN,34.122727273,9.5590909091,28.359090909000006,68.18636363600001,19,1,20160820,GN
3717,3717,20160820_GW,33.233333333000004,9.538888888899999,27.755555555999997,71.116666667,6,1,20160820,GW
3718,3718,20160820_IC,33.91,6.73,29.32,84.61,12,1,20160820,IC
3719,3719,20160820_JB,35.32,11.273333333,28.413333333,71.966666667,23,1,20160820,JB
3720,3720,20160820_JJ,32.05,5.8,28.65,76.25,2,0,20160820,JJ
3721,3721,20160820_JN,34.081818182,9.2090909091,28.663636364000002,76.068181818,17,1,20160820,JN
3722,3722,20160820_SU,34.9,8.4,30.1,59.0,47,1,20160820,SU
3723,3723,20160820_US,30.6,6.6,27.2,78.6,3,0,20160820,US
3724,3724,20160821_BS,33.3,7.4,29.1,68.4,1,1,20160821,BS
3725,3725,20160821_CB,34.446666666999995,11.173333332999999,28.286666667,54.26,1,1,20160821,CB
3726,3726,20160821_CN,33.8625,10.18125,28.06875,69.56875,2,1,20160821,CN
3727,3727,20160821_DG,33.9,10.3,28.4,60.8,0,1,20160821,DG
3728,3728,20160821_DJ,34.9,9.7,29.7,56.6,2,1,20160821,DJ
3729,3729,20160821_GB,33.366666667,11.629166667,27.275,68.845833333,3,1,20160821,GB
3730,3730,20160821_GG,35.702380952,9.280952381,29.85,61.61904761899999,5,1,20160821,GG
3731,3731,20160821_GJ,35.9,10.2,29.9,73.0,0,1,20160821,GJ
3732,3732,20160821_GN,34.159090909,11.118181818,28.363636364,68.1,6,1,20160821,GN
3733,3733,20160821_GW,32.333333333,9.6277777778,26.538888889000006,73.4,0,0,20160821,GW
3734,3734,20160821_IC,33.88,6.93,29.62,75.64,0,1,20160821,IC
3735,3735,20160821_JB,34.74,12.24,28.246666667,66.56666666699999,2,1,20160821,JB
3736,3736,20160821_JJ,31.9,5.6,28.8,72.1,1,0,20160821,JJ
3737,3737,20160821_JN,34.213636364,9.7818181818,28.845454545,73.540909091,2,1,20160821,JN
3738,3738,20160821_SU,36.6,9.7,30.7,57.5,9,1,20160821,SU
3739,3739,20160821_US,30.8,5.4,27.4,81.1,2,0,20160821,US
3740,3740,20160822_BS,32.5,6.2,28.9,70.1,68,0,20160822,BS
3741,3741,20160822_CB,35.193333333000005,12.673333332999999,28.7,59.0,43,1,20160822,CB
3742,3742,20160822_CN,34.68125,12.43125,28.2,74.58125,63,1,20160822,CN
3743,3743,20160822_DG,34.6,11.3,28.4,65.3,81,1,20160822,DG
3744,3744,20160822_DJ,36.7,12.7,30.3,61.5,33,1,20160822,DJ
3745,3745,20160822_GB,33.379166667,11.445833333,27.35,70.291666667,72,1,20160822,GB
3746,3746,20160822_GG,35.107142857,10.445238095,29.369047619,68.592857143,201,1,20160822,GG
3747,3747,20160822_GJ,35.7,10.0,29.8,76.3,44,1,20160822,GJ
3748,3748,20160822_GN,34.990909091,11.309090909000002,28.609090909000006,70.118181818,78,1,20160822,GN
3749,3749,20160822_GW,32.566666667,10.561111111,26.55,73.06666666699999,36,0,20160822,GW
3750,3750,20160822_IC,33.63,8.51,28.92,85.55,50,1,20160822,IC
3751,3751,20160822_JB,34.633333333,11.766666667,28.18,71.38,87,1,20160822,JB
3752,3752,20160822_JJ,32.4,4.95,29.35,74.45,17,0,20160822,JJ
3753,3753,20160822_JN,34.172727273,9.463636363600001,28.795454545,77.863636364,70,1,20160822,JN
3754,3754,20160822_SU,36.3,10.5,30.7,58.0,246,1,20160822,SU
3755,3755,20160822_US,31.6,7.1,27.4,82.8,19,0,20160822,US
3756,3756,20160823_BS,31.2,5.7,27.6,70.3,94,0,20160823,BS
3757,3757,20160823_CB,33.46,9.2266666667,28.086666667,64.146666667,31,1,20160823,CB
3758,3758,20160823_CN,32.425,9.0125,27.31875,81.925,63,0,20160823,CN
3759,3759,20160823_DG,32.5,8.0,27.9,64.4,72,0,20160823,DG
3760,3760,20160823_DJ,33.4,8.0,28.8,74.3,26,1,20160823,DJ
3761,3761,20160823_GB,31.558333333,8.8458333333,26.558333333,71.50416666699999,55,0,20160823,GB
3762,3762,20160823_GG,33.183333333,7.880952381,28.373809524000002,72.111904762,161,1,20160823,GG
3763,3763,20160823_GJ,34.1,9.7,27.9,86.0,46,1,20160823,GJ
3764,3764,20160823_GN,31.840909091,7.3772727273,27.468181818,73.3,67,0,20160823,GN
3765,3765,20160823_GW,32.266666666999996,10.405555556,26.611111111,70.494444444,38,0,20160823,GW
3766,3766,20160823_IC,31.95,5.69,28.67,84.46,61,0,20160823,IC
3767,3767,20160823_JB,31.886666666999997,8.133333333300001,27.126666667,79.28,96,0,20160823,JB
3768,3768,20160823_JJ,31.55,5.3,28.75,73.7,26,0,20160823,JJ
3769,3769,20160823_JN,32.55,7.954545454500001,27.9,80.6,70,0,20160823,JN
3770,3770,20160823_SU,33.0,7.0,28.3,68.8,231,0,20160823,SU
3771,3771,20160823_US,29.7,5.8,26.3,81.8,9,0,20160823,US
3772,3772,20160824_BS,31.8,7.6,27.6,66.0,85,0,20160824,BS
3773,3773,20160824_CB,34.1,10.86,28.073333333,54.54,44,1,20160824,CB
3774,3774,20160824_CN,33.14375,9.7875,27.7,76.15625,55,1,20160824,CN
3775,3775,20160824_DG,33.9,11.8,27.5,61.5,62,1,20160824,DG
3776,3776,20160824_DJ,34.5,10.8,28.9,66.8,41,1,20160824,DJ
3777,3777,20160824_GB,33.020833333,11.741666667,26.416666666999998,66.583333333,65,1,20160824,GB
3778,3778,20160824_GG,33.1,7.5738095238,28.64047619,64.964285714,190,1,20160824,GG
3779,3779,20160824_GJ,34.9,10.4,29.1,72.6,34,1,20160824,GJ
3780,3780,20160824_GN,33.881818181999996,11.536363635999999,27.204545455,64.127272727,62,1,20160824,GN
3781,3781,20160824_GW,31.505555555999997,8.972222222200001,26.194444444000002,70.15555555600001,28,0,20160824,GW
3782,3782,20160824_IC,31.8,5.95,28.08,81.28,46,0,20160824,IC
3783,3783,20160824_JB,34.226666666999996,10.913333332999999,27.973333333000003,71.98,80,1,20160824,JB
3784,3784,20160824_JJ,30.9,4.6,28.2,74.25,10,0,20160824,JJ
3785,3785,20160824_JN,34.118181818000004,10.436363636,28.109090909000006,69.527272727,66,1,20160824,JN
3786,3786,20160824_SU,32.9,6.5,29.1,59.1,206,0,20160824,SU
3787,3787,20160824_US,30.1,8.1,25.8,80.0,16,0,20160824,US
3788,3788,20160825_BS,33.4,8.5,28.6,73.4,67,1,20160825,BS
3789,3789,20160825_CB,33.746666667,12.2,27.606666667,59.626666666999995,29,1,20160825,CB
3790,3790,20160825_CN,33.45,11.26875,27.5,75.33125,61,1,20160825,CN
3791,3791,20160825_DG,36.2,15.2,29.5,54.9,56,1,20160825,DG
3792,3792,20160825_DJ,33.9,10.1,28.5,65.9,34,1,20160825,DJ
3793,3793,20160825_GB,34.483333333000004,14.645833332999999,27.429166666999997,65.075,59,1,20160825,GB
3794,3794,20160825_GG,32.84047619,9.4785714286,27.133333333000003,73.633333333,178,0,20160825,GG
3795,3795,20160825_GJ,35.0,10.8,28.8,68.3,39,1,20160825,GJ
3796,3796,20160825_GN,34.263636364,12.890909091,27.563636364,70.659090909,65,1,20160825,GN
3797,3797,20160825_GW,32.411111111,11.455555555999998,26.061111111,73.21111111100001,41,0,20160825,GW
3798,3798,20160825_IC,30.94,7.67,26.78,88.83,58,0,20160825,IC
3799,3799,20160825_JB,33.54,11.693333333,27.046666666999997,69.833333333,85,1,20160825,JB
3800,3800,20160825_JJ,31.45,5.0,28.35,78.1,10,0,20160825,JJ
3801,3801,20160825_JN,33.904545455,11.336363636,27.795454545,72.204545455,62,1,20160825,JN
3802,3802,20160825_SU,32.2,8.2,27.1,70.4,227,0,20160825,SU
3803,3803,20160825_US,32.7,11.0,27.5,82.0,8,0,20160825,US
3804,3804,20160826_BS,27.9,7.1,24.3,74.6,87,0,20160826,BS
3805,3805,20160826_CB,26.14,9.026666666699999,20.5,78.56666666699999,36,0,20160826,CB
3806,3806,20160826_CN,26.01875,7.075,21.89375,87.2,51,0,20160826,CN
3807,3807,20160826_DG,30.2,11.1,22.3,75.9,61,0,20160826,DG
3808,3808,20160826_DJ,27.4,8.3,22.0,84.4,31,0,20160826,DJ
3809,3809,20160826_GB,26.9125,9.7833333333,20.333333333,83.866666667,56,0,20160826,GB
3810,3810,20160826_GG,26.938095238000002,8.0761904762,22.302380951999996,66.416666667,158,0,20160826,GG
3811,3811,20160826_GJ,28.5,9.0,23.9,93.8,32,0,20160826,GJ
3812,3812,20160826_GN,28.445454545,9.0772727273,22.809090909000002,84.16818181800001,51,0,20160826,GN
3813,3813,20160826_GW,24.627777778000002,9.288888888899999,19.65,72.65,33,0,20160826,GW
3814,3814,20160826_IC,27.05,7.09,23.11,67.18,41,0,20160826,IC
3815,3815,20160826_JB,26.26,7.34,22.48,87.48666666700001,69,0,20160826,JB
3816,3816,20160826_JJ,31.7,6.2,27.95,73.9,10,0,20160826,JJ
3817,3817,20160826_JN,29.877272726999998,9.45,24.381818181999996,85.75,57,0,20160826,JN
3818,3818,20160826_SU,28.2,8.7,23.0,57.0,200,0,20160826,SU
3819,3819,20160826_US,27.2,8.3,22.3,85.9,11,0,20160826,US
3820,3820,20160827_BS,28.2,8.4,23.6,61.6,16,0,20160827,BS
3821,3821,20160827_CB,27.033333333,11.7,21.64,58.006666667,10,0,20160827,CB
3822,3822,20160827_CN,27.5,9.8875,22.44375,67.78125,12,0,20160827,CN
3823,3823,20160827_DG,27.4,8.8,23.1,56.9,13,0,20160827,DG
3824,3824,20160827_DJ,27.9,9.9,22.6,63.9,8,0,20160827,DJ
3825,3825,20160827_GB,27.079166667,10.658333333,21.641666667,64.033333333,21,0,20160827,GB
3826,3826,20160827_GG,28.854761905,12.754761905,22.842857143000003,50.076190476,56,0,20160827,GG
3827,3827,20160827_GJ,26.2,7.5,22.2,82.3,9,0,20160827,GJ
3828,3828,20160827_GN,28.513636364,9.1772727273,23.418181818,60.5,16,0,20160827,GN
3829,3829,20160827_GW,26.305555555999998,12.866666667,20.316666667,65.861111111,7,0,20160827,GW
3830,3830,20160827_IC,28.03,9.7,23.55,51.48,8,0,20160827,IC
3831,3831,20160827_JB,26.34,7.6933333333,22.18,69.266666667,24,0,20160827,JB
3832,3832,20160827_JJ,25.7,3.5,24.4,83.95,2,0,20160827,JJ
3833,3833,20160827_JN,26.236363636,6.6272727273,22.5,75.981818182,24,0,20160827,JN
3834,3834,20160827_SU,29.7,12.8,23.4,43.3,64,0,20160827,SU
3835,3835,20160827_US,25.9,4.5,23.3,61.5,0,0,20160827,US
3836,3836,20160828_BS,24.0,6.4,19.0,94.3,1,0,20160828,BS
3837,3837,20160828_CB,23.333333333000002,6.32,19.36,77.973333333,0,0,20160828,CB
3838,3838,20160828_CN,25.16875,7.76875,20.325,80.79375,2,0,20160828,CN
3839,3839,20160828_DG,23.0,5.1,19.3,88.6,3,0,20160828,DG
3840,3840,20160828_DJ,24.5,6.7,20.0,81.8,2,0,20160828,DJ
3841,3841,20160828_GB,21.7125,4.5041666667,18.691666667,92.55,1,0,20160828,GB
3842,3842,20160828_GG,23.926190476,5.7476190476,20.707142857,68.164285714,7,0,20160828,GG
3843,3843,20160828_GJ,25.5,8.8,20.4,84.6,1,0,20160828,GJ
3844,3844,20160828_GN,22.463636364,4.909090909100001,18.968181817999998,90.113636364,1,0,20160828,GN
3845,3845,20160828_GW,21.516666667,4.9555555556,18.805555555999998,83.43333333300001,0,0,20160828,GW
3846,3846,20160828_IC,25.89,6.56,22.08,68.39,2,0,20160828,IC
3847,3847,20160828_JB,23.793333333000003,6.4733333333,19.713333332999998,82.326666667,0,0,20160828,JB
3848,3848,20160828_JJ,25.95,5.5,23.0,80.15,0,0,20160828,JJ
3849,3849,20160828_JN,25.027272727,8.1363636364,20.322727272999998,82.245454545,0,0,20160828,JN
3850,3850,20160828_SU,24.5,6.2,21.0,62.5,6,0,20160828,SU
3851,3851,20160828_US,23.2,5.7,18.7,97.6,0,0,20160828,US
3852,3852,20160829_BS,25.7,8.2,21.3,66.8,64,0,20160829,BS
3853,3853,20160829_CB,25.093333333,9.133333333300001,19.433333333,70.226666667,54,0,20160829,CB
3854,3854,20160829_CN,27.075,11.475,20.8625,74.2875,68,0,20160829,CN
3855,3855,20160829_DG,25.6,7.7,21.4,60.3,66,0,20160829,DG
3856,3856,20160829_DJ,27.2,11.4,20.5,75.1,47,0,20160829,DJ
3857,3857,20160829_GB,23.745833333,7.520833333300001,19.441666667,72.1125,83,0,20160829,GB
3858,3858,20160829_GG,26.976190476,10.114285714,21.423809524,63.216666667,214,0,20160829,GG
3859,3859,20160829_GJ,27.1,10.5,21.9,69.8,48,0,20160829,GJ
3860,3860,20160829_GN,26.868181818000004,9.8318181818,21.563636364,63.722727273000004,74,0,20160829,GN
3861,3861,20160829_GW,21.377777778,5.9611111111,18.066666667,81.355555556,38,0,20160829,GW
3862,3862,20160829_IC,26.81,8.43,22.82,63.61,50,0,20160829,IC
3863,3863,20160829_JB,26.62,11.113333333,20.593333333,70.08,85,0,20160829,JB
3864,3864,20160829_JJ,27.6,5.95,24.25,59.35,18,0,20160829,JJ
3865,3865,20160829_JN,26.954545455,9.7,21.890909090999997,66.990909091,93,0,20160829,JN
3866,3866,20160829_SU,27.1,9.7,22.2,54.5,244,0,20160829,SU
3867,3867,20160829_US,24.2,7.2,20.1,75.5,18,0,20160829,US
3868,3868,20160830_BS,26.0,6.6,22.6,58.6,75,0,20160830,BS
3869,3869,20160830_CB,23.26,7.8133333333,19.06,77.93333333300001,32,0,20160830,CB
3870,3870,20160830_CN,24.0125,7.36875,20.375,80.2,50,0,20160830,CN
3871,3871,20160830_DG,26.0,9.1,21.9,60.1,61,0,20160830,DG
3872,3872,20160830_DJ,22.6,6.0,19.6,82.6,46,0,20160830,DJ
3873,3873,20160830_GB,24.970833333,9.1208333333,20.170833333,69.5875,64,0,20160830,GB
3874,3874,20160830_GG,24.680952380999997,8.035714285700001,20.388095238,68.404761905,181,0,20160830,GG
3875,3875,20160830_GJ,26.1,6.9,22.7,70.1,41,0,20160830,GJ
3876,3876,20160830_GN,26.322727273,8.9909090909,22.166666666999998,59.695238095,61,0,20160830,GN
3877,3877,20160830_GW,22.205555556,6.6888888889,18.616666667,78.166666667,38,0,20160830,GW
3878,3878,20160830_IC,24.47,5.03,21.34,73.54,40,0,20160830,IC
3879,3879,20160830_JB,24.193333333,6.82,20.753333333,71.52,79,0,20160830,JB
3880,3880,20160830_JJ,27.55,5.35,24.65,61.45,19,0,20160830,JJ
3881,3881,20160830_JN,26.131818181999996,6.8863636364,22.618181818000004,67.909090909,69,0,20160830,JN
3882,3882,20160830_SU,24.5,6.6,20.6,60.4,223,0,20160830,SU
3883,3883,20160830_US,26.4,10.1,21.4,66.8,15,0,20160830,US
3884,3884,20160831_BS,29.8,8.3,25.3,52.5,56,0,20160831,BS
3885,3885,20160831_CB,23.013333333000002,6.78,19.406666667,77.08,26,0,20160831,CB
3886,3886,20160831_CN,24.30625,6.675,20.8125,82.9625,47,0,20160831,CN
3887,3887,20160831_DG,28.5,8.2,24.7,46.8,68,0,20160831,DG
3888,3888,20160831_DJ,24.8,7.2,21.8,72.9,28,0,20160831,DJ
3889,3889,20160831_GB,25.770833333000002,7.7666666667,21.683333333,61.333333333,68,0,20160831,GB
3890,3890,20160831_GG,20.521428570999998,4.2047619048,18.178571429,88.126190476,206,0,20160831,GG
3891,3891,20160831_GJ,28.5,8.0,24.6,65.0,31,0,20160831,GJ
3892,3892,20160831_GN,29.490909091,8.654545454500001,24.890909090999997,49.01363636399999,65,0,20160831,GN
3893,3893,20160831_GW,20.983333333,4.0833333333,18.9,72.833333333,50,0,20160831,GW
3894,3894,20160831_IC,20.74,3.9,18.92,94.64,50,0,20160831,IC
3895,3895,20160831_JB,26.14,7.2333333333,22.96,64.5,68,0,20160831,JB
3896,3896,20160831_JJ,28.5,6.3,25.25,65.85,18,0,20160831,JJ
3897,3897,20160831_JN,28.504545455,7.7636363636,24.559090909000002,63.26363636399999,43,0,20160831,JN
3898,3898,20160831_SU,19.2,3.1,17.7,85.3,219,0,20160831,SU
3899,3899,20160831_US,29.4,8.0,25.0,48.5,12,0,20160831,US
3916,3916,20160902_BS,24.9,5.2,21.2,93.9,74,0,20160902,BS
3917,3917,20160902_CB,24.6,4.54,21.906666667,77.026666667,31,0,20160902,CB
3918,3918,20160902_CN,27.09375,6.2875,23.44375,81.35625,77,0,20160902,CN
3919,3919,20160902_DG,21.5,2.6,20.1,93.8,75,0,20160902,DG
3920,3920,20160902_DJ,24.9,3.7,22.7,81.0,40,0,20160902,DJ
3921,3921,20160902_GB,22.841666667,4.0083333333,19.975,93.76666666700001,70,0,20160902,GB
3922,3922,20160902_GG,28.726190476,8.9785714286,23.688095238000002,73.983333333,196,0,20160902,GG
3923,3923,20160902_GJ,24.8,5.1,21.6,94.1,33,0,20160902,GJ
3924,3924,20160902_GN,23.345454545,4.5090909091,19.781818182000002,94.859090909,50,0,20160902,GN
3925,3925,20160902_GW,24.95,6.2666666667,21.216666667000002,84.911111111,35,0,20160902,GW
3926,3926,20160902_IC,28.96,8.48,24.12,82.92,52,0,20160902,IC
3927,3927,20160902_JB,24.906666667,5.24,21.773333333000004,83.42,93,0,20160902,JB
3928,3928,20160902_JJ,24.35,2.8,22.9,95.05,18,0,20160902,JJ
3929,3929,20160902_JN,24.595454545,5.1227272727,21.436363636,91.67272727299999,64,0,20160902,JN
3930,3930,20160902_SU,29.0,8.4,24.2,68.5,234,0,20160902,SU
3931,3931,20160902_US,25.1,6.3,20.7,96.1,9,0,20160902,US
3932,3932,20160903_BS,27.9,5.7,24.4,87.6,17,0,20160903,BS
3933,3933,20160903_CB,28.693333333,8.92,23.726666666999996,75.126666667,5,0,20160903,CB
3934,3934,20160903_CN,29.7875,9.40625,24.08125,81.125,18,0,20160903,CN
3935,3935,20160903_DG,24.4,5.2,21.6,93.5,14,0,20160903,DG
3936,3936,20160903_DJ,30.3,9.5,25.0,76.0,9,0,20160903,DJ
3937,3937,20160903_GB,23.579166667,4.5625,21.445833333,95.05,19,0,20160903,GB
3938,3938,20160903_GG,29.035714285999997,8.4261904762,23.878571429,79.08809523800001,57,0,20160903,GG
3939,3939,20160903_GJ,31.7,11.0,25.8,79.4,6,0,20160903,GJ
3940,3940,20160903_GN,25.686363636,5.9090909091,22.427272727,92.904545455,15,0,20160903,GN
3941,3941,20160903_GW,25.733333333,6.6944444444,21.783333333,89.166666667,9,0,20160903,GW
3942,3942,20160903_IC,28.33,6.61,24.17,89.4,10,0,20160903,IC
3943,3943,20160903_JB,30.573333333,10.62,24.326666666999998,76.773333333,17,0,20160903,JB
3944,3944,20160903_JJ,27.2,4.85,24.6,88.95,4,0,20160903,JJ
3945,3945,20160903_JN,29.859090909000006,10.013636364,24.577272726999997,82.759090909,26,0,20160903,JN
3946,3946,20160903_SU,28.6,8.2,23.9,73.8,45,0,20160903,SU
3947,3947,20160903_US,26.3,6.2,22.4,97.6,1,0,20160903,US
3948,3948,20160904_BS,28.4,5.2,25.6,78.6,1,0,20160904,BS
3949,3949,20160904_CB,30.3,9.02,25.093333333,78.78666666699999,1,0,20160904,CB
3950,3950,20160904_CN,30.49375,9.9875,25.33125,83.29375,1,0,20160904,CN
3951,3951,20160904_DG,27.8,6.2,23.7,87.6,0,0,20160904,DG
3952,3952,20160904_DJ,30.4,8.1,26.2,80.3,1,0,20160904,DJ
3953,3953,20160904_GB,28.658333333,7.9958333333,23.7625,87.90416666700001,1,0,20160904,GB
3954,3954,20160904_GG,29.571428571,8.2761904762,25.404761905,77.70952381,6,0,20160904,GG
3955,3955,20160904_GN,28.990909091,7.7363636364,24.636363636,85.909090909,2,0,20160904,GN
3956,3956,20160904_GW,26.688888889,6.3388888889,22.922222222,86.377777778,1,0,20160904,GW
3957,3957,20160904_IC,28.02,6.02,24.63,93.02,1,0,20160904,IC
3958,3958,20160904_JB,30.94,9.7,25.433333333,79.953333333,0,0,20160904,JB
3959,3959,20160904_JJ,28.95,5.45,26.3,80.4,0,0,20160904,JJ
3960,3960,20160904_JN,31.390909090999997,8.845454545499999,26.15,82.172727273,2,0,20160904,JN
3961,3961,20160904_SU,29.6,7.5,25.6,71.3,8,0,20160904,SU
3962,3962,20160904_US,25.8,4.8,23.4,96.9,0,0,20160904,US
3963,3963,20160905_BS,29.2,5.3,25.3,83.8,113,0,20160905,BS
3964,3964,20160905_CB,30.46,8.633333333300001,25.1,80.42,36,0,20160905,CB
3965,3965,20160905_CN,30.4375,9.7125,25.11875,84.0125,80,0,20160905,CN
3966,3966,20160905_DG,27.8,5.8,24.2,86.8,70,0,20160905,DG
3967,3967,20160905_DJ,30.5,6.5,26.2,82.4,43,0,20160905,DJ
3968,3968,20160905_GB,27.141666667,5.8125,23.404166667,91.133333333,82,0,20160905,GB
3969,3969,20160905_GG,31.021428570999998,8.811904761900001,26.028571429,74.06666666699999,241,0,20160905,GG
3970,3970,20160905_GJ,30.7,7.6,26.2,83.0,43,0,20160905,GJ
3971,3971,20160905_GN,29.077272726999997,6.3181818182,24.840909091,87.604545455,83,0,20160905,GN
3972,3972,20160905_GW,27.783333333,6.8722222222000005,23.388888889,85.577777778,46,0,20160905,GW
3973,3973,20160905_IC,29.09,6.92,25.19,89.24,54,0,20160905,IC
3974,3974,20160905_JB,30.086666667,8.4933333333,24.866666666999997,84.026666667,108,0,20160905,JB
3975,3975,20160905_JJ,28.6,4.15,26.0,84.25,17,0,20160905,JJ
3976,3976,20160905_JN,30.318181818000003,7.65,25.645454545,84.027272727,65,0,20160905,JN
3977,3977,20160905_SU,31.1,8.1,26.4,66.1,278,0,20160905,SU
3978,3978,20160905_US,27.1,5.2,23.5,96.8,21,0,20160905,US
3979,3979,20160906_BS,28.8,5.3,25.6,80.8,92,0,20160906,BS
3980,3980,20160906_CB,27.94,8.473333333300001,23.386666666999997,77.2,43,0,20160906,CB
3981,3981,20160906_CN,27.26875,8.60625,22.69375,85.45,67,0,20160906,CN
3982,3982,20160906_DG,28.6,5.7,25.1,77.5,69,0,20160906,DG
3983,3983,20160906_DJ,28.1,6.6,24.4,79.0,35,0,20160906,DJ
3984,3984,20160906_GB,27.991666666999997,7.466666666699999,23.629166667,84.954166667,67,0,20160906,GB
3985,3985,20160906_GG,28.607142857,8.419047619,23.933333333,79.15952381,211,0,20160906,GG
3986,3986,20160906_GJ,27.6,6.6,24.3,85.6,41,0,20160906,GJ
3987,3987,20160906_GN,28.095454545,5.9227272727,24.6,86.109090909,73,0,20160906,GN
3988,3988,20160906_GW,27.494444444000006,7.8833333333,22.977777778000004,81.772222222,33,0,20160906,GW
3989,3989,20160906_IC,26.92,5.68,23.86,93.36,62,0,20160906,IC
3990,3990,20160906_JB,27.88,8.7466666667,22.96,81.106666667,78,0,20160906,JB
3991,3991,20160906_JJ,26.65,3.6,24.85,82.8,11,0,20160906,JJ
3992,3992,20160906_JN,26.804545455,6.0409090909000005,23.740909091,87.354545455,56,0,20160906,JN
3993,3993,20160906_SU,29.0,8.0,24.7,69.0,255,0,20160906,SU
3994,3994,20160906_US,29.4,8.1,24.6,90.6,16,0,20160906,US
3995,3995,20160907_BS,28.8,5.0,25.3,77.9,84,0,20160907,BS
3996,3996,20160907_CB,28.046666666999997,9.16,22.926666667,75.613333333,32,0,20160907,CB
3997,3997,20160907_CN,27.9,9.1,22.5625,83.73125,55,0,20160907,CN
3998,3998,20160907_DG,30.1,9.5,24.5,76.1,77,0,20160907,DG
3999,3999,20160907_DJ,27.8,8.0,23.7,76.8,24,0,20160907,DJ
4000,4000,20160907_GB,28.441666667,9.1,23.1,80.37083333300001,76,0,20160907,GB
4001,4001,20160907_GG,28.380952381,8.0404761905,23.711904762,78.56666666699999,257,0,20160907,GG
4002,4002,20160907_GJ,26.2,5.4,23.4,86.9,30,0,20160907,GJ
4003,4003,20160907_GN,28.4,6.9409090909,24.204545455,82.25,60,0,20160907,GN
4004,4004,20160907_GW,27.15,8.1111111111,22.2,80.1,40,0,20160907,GW
4005,4005,20160907_IC,26.78,5.59,23.52,90.1,54,0,20160907,IC
4006,4006,20160907_JB,27.626666667,8.6133333333,22.466666667,79.366666667,74,0,20160907,JB
4007,4007,20160907_JJ,26.7,3.7,24.25,79.75,20,0,20160907,JJ
4008,4008,20160907_JN,26.509090909,5.2909090909,23.595454545,83.177272727,71,0,20160907,JN
4009,4009,20160907_SU,28.6,7.7,24.3,69.8,269,0,20160907,SU
4010,4010,20160907_US,28.1,5.7,24.3,87.8,14,0,20160907,US
4011,4011,20160908_BS,28.4,8.3,23.9,72.3,91,0,20160908,BS
4012,4012,20160908_CB,28.453333333000003,9.74,22.606666667,75.046666667,39,0,20160908,CB
4013,4013,20160908_CN,28.475,9.7375,22.8375,84.6,62,0,20160908,CN
4014,4014,20160908_DG,29.2,11.2,23.1,73.9,51,0,20160908,DG
4015,4015,20160908_DJ,28.9,9.2,23.3,80.3,36,0,20160908,DJ
4016,4016,20160908_GB,27.645833333000002,9.795833333300001,22.1125,80.99583333300001,72,0,20160908,GB
4017,4017,20160908_GG,27.054761905,6.4976190476,22.738095238000003,82.311904762,210,0,20160908,GG
4018,4018,20160908_GJ,30.6,11.8,23.9,76.6,45,0,20160908,GJ
4019,4019,20160908_GN,29.386363636,11.004545455,23.536363636,73.472727273,66,0,20160908,GN
4020,4020,20160908_GW,26.388888889,7.1388888889,21.644444444,82.161111111,41,0,20160908,GW
4021,4021,20160908_IC,26.13,4.57,23.25,92.95,39,0,20160908,IC
4022,4022,20160908_JB,28.68,11.006666667000001,22.706666666999997,77.9,86,0,20160908,JB
4023,4023,20160908_JJ,27.9,6.45,24.65,71.3,8,0,20160908,JJ
4024,4024,20160908_JN,29.318181818000003,10.627272727000001,23.613636364,74.495454545,67,0,20160908,JN
4025,4025,20160908_SU,26.5,5.0,23.0,76.4,238,0,20160908,SU
4026,4026,20160908_US,27.3,9.3,22.3,84.0,13,0,20160908,US
4027,4027,20160909_BS,28.4,6.2,24.6,78.4,84,0,20160909,BS
4028,4028,20160909_CB,28.76,10.073333332999999,22.96,75.233333333,31,0,20160909,CB
4029,4029,20160909_CN,28.7375,10.31875,22.66875,82.21875,50,0,20160909,CN
4030,4030,20160909_DG,29.6,9.8,23.8,75.3,62,0,20160909,DG
4031,4031,20160909_DJ,28.8,8.6,23.9,80.8,43,0,20160909,DJ
4032,4032,20160909_GB,27.4875,9.079166666699999,22.295833333,82.37083333300001,58,0,20160909,GB
4033,4033,20160909_GG,28.530952381,8.9547619048,23.183333333,79.719047619,211,0,20160909,GG
4034,4034,20160909_GJ,30.2,9.1,24.2,77.0,35,0,20160909,GJ
4035,4035,20160909_GN,29.309090909000002,9.3954545455,23.686363636,79.627272727,63,0,20160909,GN
4036,4036,20160909_GW,26.5,8.2611111111,21.394444444,81.927777778,36,0,20160909,GW
4037,4037,20160909_IC,27.44,6.41,23.65,89.37,43,0,20160909,IC
4038,4038,20160909_JB,29.073333333,10.686666667,22.573333333,76.726666667,80,0,20160909,JB
4039,4039,20160909_JJ,28.2,6.15,24.8,74.2,16,0,20160909,JJ
4040,4040,20160909_JN,29.540909091,9.845454545499999,23.7,77.036363636,68,0,20160909,JN
4041,4041,20160909_SU,29.3,9.6,23.9,71.1,214,0,20160909,SU
4042,4042,20160909_US,26.5,7.0,22.9,89.9,15,0,20160909,US
4043,4043,20160910_BS,27.7,5.4,23.8,81.3,23,0,20160910,BS
4044,4044,20160910_CB,28.54,10.12,23.066666667,73.78666666699999,6,0,20160910,CB
4045,4045,20160910_CN,28.94375,11.48125,22.43125,83.7125,8,0,20160910,CN
4046,4046,20160910_DG,27.1,5.7,23.0,80.0,21,0,20160910,DG
4047,4047,20160910_DJ,28.7,9.6,23.2,82.5,8,0,20160910,DJ
4048,4048,20160910_GB,25.483333333,6.1625,21.745833333,87.1625,18,0,20160910,GB
4049,4049,20160910_GG,28.645238095,9.6142857143,23.502380952,76.319047619,75,0,20160910,GG
4050,4050,20160910_GJ,31.1,12.1,23.0,84.5,14,0,20160910,GJ
4051,4051,20160910_GN,27.559090909000002,7.0681818182,23.122727273000002,83.381818182,23,0,20160910,GN
4052,4052,20160910_GW,26.866666666999997,8.7055555556,21.727777778000004,82.0,12,0,20160910,GW
4053,4053,20160910_IC,28.0,7.37,23.85,92.43,12,0,20160910,IC
4054,4054,20160910_JB,28.653333333000003,11.513333333,21.953333333000003,80.806666667,26,0,20160910,JB
4055,4055,20160910_JJ,27.05,5.4,24.15,74.55,3,0,20160910,JJ
4056,4056,20160910_JN,29.195454545,10.695454545,22.854545455,82.75,25,0,20160910,JN
4057,4057,20160910_SU,29.1,9.1,24.4,65.4,67,0,20160910,SU
4058,4058,20160910_US,24.3,4.2,21.9,97.6,5,0,20160910,US
4059,4059,20160911_BS,28.3,7.2,24.2,74.6,0,0,20160911,BS
4060,4060,20160911_CB,28.48,8.9,23.573333333,70.153333333,0,0,20160911,CB
4061,4061,20160911_CN,28.4375,10.28125,22.8375,81.19375,2,0,20160911,CN
4062,4062,20160911_DG,27.1,6.9,23.3,77.0,2,0,20160911,DG
4063,4063,20160911_DJ,28.5,8.9,23.9,77.5,0,0,20160911,DJ
4064,4064,20160911_GB,26.5875,7.333333333300001,22.295833333,85.041666667,3,0,20160911,GB
4065,4065,20160911_GG,27.911904762,7.419047619,23.733333333,72.773809524,6,0,20160911,GG
4066,4066,20160911_GJ,26.9,7.9,23.0,90.9,0,0,20160911,GJ
4067,4067,20160911_GN,27.177272727,7.4818181818,23.1,80.459090909,4,0,20160911,GN
4068,4068,20160911_GW,26.294444444,7.388888888899999,22.05,82.95,0,0,20160911,GW
4069,4069,20160911_IC,26.68,5.41,23.51,89.41,0,0,20160911,IC
4070,4070,20160911_JB,28.406666667,10.073333332999999,22.72,81.0,2,0,20160911,JB
4071,4071,20160911_JJ,27.1,4.3,24.75,79.7,0,0,20160911,JJ
4072,4072,20160911_JN,27.072727273,7.531818181799999,23.25,85.95,3,0,20160911,JN
4073,4073,20160911_SU,28.2,6.1,24.5,66.3,4,0,20160911,SU
4074,4074,20160911_US,26.5,7.6,22.5,89.5,0,0,20160911,US
4075,4075,20160912_BS,23.4,3.0,21.3,90.4,72,0,20160912,BS
4076,4076,20160912_CB,27.56,7.5133333333,23.04,71.56666666699999,47,0,20160912,CB
4077,4077,20160912_CN,27.825,8.4625,22.68125,84.93125,87,0,20160912,CN
4078,4078,20160912_DG,22.8,4.0,20.4,89.5,76,0,20160912,DG
4079,4079,20160912_DJ,27.8,6.8,23.5,78.9,44,0,20160912,DJ
4080,4080,20160912_GB,23.320833333000003,5.1708333333,20.358333333,91.85833333299999,109,0,20160912,GB
4081,4081,20160912_GG,28.283333333,7.4214285714,23.678571429,73.304761905,252,0,20160912,GG
4082,4082,20160912_GJ,27.9,7.6,23.1,84.5,54,0,20160912,GJ
4083,4083,20160912_GN,24.045454545,5.1727272727,20.727272727,89.82727272700001,100,0,20160912,GN
4084,4084,20160912_GW,25.166666666999998,6.5666666667,21.166666667,84.444444444,44,0,20160912,GW
4085,4085,20160912_IC,27.7,6.66,23.74,90.11,54,0,20160912,IC
4086,4086,20160912_JB,27.98,8.893333333300001,22.386666666999997,81.42666666699999,114,0,20160912,JB
4087,4087,20160912_JJ,25.45,5.5,22.75,83.0,15,0,20160912,JJ
4088,4088,20160912_JN,26.777272727,7.3136363636000015,22.236363636,84.113636364,82,0,20160912,JN
4089,4089,20160912_SU,27.5,6.1,23.4,68.9,258,0,20160912,SU
4090,4090,20160912_US,22.4,2.6,20.5,98.0,18,0,20160912,US
4091,4091,20160913_BS,27.4,7.7,23.0,75.8,86,0,20160913,BS
4092,4092,20160913_CB,28.973333333000003,11.52,22.986666666999998,69.78,20,0,20160913,CB
4093,4093,20160913_CN,29.25625,11.40625,22.8,81.45625,58,0,20160913,CN
4094,4094,20160913_DG,28.1,10.3,22.2,76.1,64,0,20160913,DG
4095,4095,20160913_DJ,29.5,10.8,24.1,73.9,33,0,20160913,DJ
4096,4096,20160913_GB,26.970833333,10.354166667000001,21.120833333,82.358333333,64,0,20160913,GB
4097,4097,20160913_GG,29.823809524,10.504761905,23.966666667,70.602380952,186,0,20160913,GG
4098,4098,20160913_GJ,30.5,11.2,24.8,77.4,53,0,20160913,GJ
4099,4099,20160913_GN,28.331818182,10.513636364,22.509090909,77.718181818,55,0,20160913,GN
4100,4100,20160913_GW,26.327777778,9.1555555556,21.388888889,79.09444444399999,43,0,20160913,GW
4101,4101,20160913_IC,28.35,8.88,23.89,85.09,36,0,20160913,IC
4102,4102,20160913_JB,29.98,12.573333332999999,23.02,76.493333333,83,0,20160913,JB
4103,4103,20160913_JJ,27.6,6.7,24.35,73.6,15,0,20160913,JJ
4104,4104,20160913_JN,29.122727273000002,10.331818182000001,23.504545455,79.981818182,70,0,20160913,JN
4105,4105,20160913_SU,30.8,11.2,24.6,62.5,253,0,20160913,SU
4106,4106,20160913_US,25.8,7.6,21.7,89.4,16,0,20160913,US
4107,4107,20160914_BS,28.2,8.0,23.5,76.5,1,0,20160914,BS
4108,4108,20160914_CB,29.073333333,9.973333333300001,23.32,71.533333333,1,0,20160914,CB
4109,4109,20160914_CN,28.75625,10.33125,22.83125,80.8375,4,0,20160914,CN
4110,4110,20160914_DG,28.2,9.8,23.1,75.3,5,0,20160914,DG
4111,4111,20160914_DJ,29.1,8.6,24.2,73.5,5,0,20160914,DJ
4112,4112,20160914_GB,26.691666667,9.1833333333,21.720833333,83.229166667,3,0,20160914,GB
4113,4113,20160914_GG,28.769047619000002,8.7619047619,23.754761905,74.578571429,9,0,20160914,GG
4114,4114,20160914_GJ,28.6,6.8,24.3,84.0,3,0,20160914,GJ
4115,4115,20160914_GN,28.213636364,9.8318181818,22.559090909000002,80.959090909,4,0,20160914,GN
4116,4116,20160914_GW,26.661111111,8.25,21.611111111,81.7,1,0,20160914,GW
4117,4117,20160914_IC,27.9,6.25,24.29,84.6,4,0,20160914,IC
4118,4118,20160914_JB,28.446666667,8.98,23.12,78.813333333,11,0,20160914,JB
4119,4119,20160914_JJ,27.1,4.5,23.85,77.8,0,0,20160914,JJ
4120,4120,20160914_JN,27.590909091,7.0909090909,23.440909090999998,82.73636363600001,6,0,20160914,JN
4121,4121,20160914_SU,28.9,7.5,24.6,66.1,12,0,20160914,SU
4122,4122,20160914_US,26.8,8.5,22.0,88.6,1,0,20160914,US
4123,4123,20160915_BS,27.7,6.6,24.1,78.5,0,0,20160915,BS
4124,4124,20160915_CB,28.78,11.273333333,22.533333333,71.733333333,0,0,20160915,CB
4125,4125,20160915_CN,28.80625,12.71875,22.01875,79.025,1,0,20160915,CN
4126,4126,20160915_DG,28.6,9.4,23.6,77.3,2,0,20160915,DG
4127,4127,20160915_DJ,28.7,10.3,23.5,73.0,1,0,20160915,DJ
4128,4128,20160915_GB,27.354166666999998,9.3125,22.020833333000002,84.304166667,1,0,20160915,GB
4129,4129,20160915_GG,28.607142857,10.530952381,22.95952381,76.57619047600001,1,0,20160915,GG
4130,4130,20160915_GJ,30.0,9.7,24.6,80.8,1,0,20160915,GJ
4131,4131,20160915_GN,28.563636364,9.0272727273,23.486363636,81.122727273,3,0,20160915,GN
4132,4132,20160915_GW,26.411111111,8.3388888889,21.555555555999998,81.327777778,0,0,20160915,GW
4133,4133,20160915_IC,26.82,6.21,23.39,91.01,1,0,20160915,IC
4134,4134,20160915_JB,29.573333333,11.6,23.22,75.21333333300001,2,0,20160915,JB
4135,4135,20160915_JJ,27.1,5.45,23.95,77.2,1,0,20160915,JJ
4136,4136,20160915_JN,28.922727273000003,9.4727272727,23.845454545,81.93636363600001,4,0,20160915,JN
4137,4137,20160915_SU,29.5,10.7,23.9,68.1,13,0,20160915,SU
4138,4138,20160915_US,26.9,7.9,22.6,90.0,0,0,20160915,US
4139,4139,20160916_BS,26.0,3.7,23.8,80.9,0,0,20160916,BS
4140,4140,20160916_CB,26.38,7.6066666667,21.993333333000002,79.313333333,0,0,20160916,CB
4141,4141,20160916_CN,25.11875,6.125,21.60625,89.7875,5,0,20160916,CN
4142,4142,20160916_DG,24.9,4.2,22.3,88.0,0,0,20160916,DG
4143,4143,20160916_DJ,25.4,4.7,22.4,85.3,2,0,20160916,DJ
4144,4144,20160916_GB,25.091666667,5.520833333300001,21.754166667,88.76666666700001,5,0,20160916,GB
4145,4145,20160916_GG,28.392857143,9.0571428571,23.523809524,75.828571429,9,0,20160916,GG
4146,4146,20160916_GJ,23.6,3.2,21.7,97.8,1,0,20160916,GJ
4147,4147,20160916_GN,24.709090909,3.3772727273000003,22.668181818,89.713636364,2,0,20160916,GN
4148,4148,20160916_GW,27.094444444,8.9555555556,21.905555556,76.327777778,0,0,20160916,GW
4149,4149,20160916_IC,27.24,6.15,23.75,87.72,2,0,20160916,IC
4150,4150,20160916_JB,22.7,2.88,21.173333333,92.32,1,0,20160916,JB
4151,4151,20160916_JJ,26.15,4.1,24.65,82.7,0,0,20160916,JJ
4152,4152,20160916_JN,23.731818181999998,3.3363636364,22.013636364,92.1,3,0,20160916,JN
4153,4153,20160916_SU,29.5,9.1,24.6,64.9,7,0,20160916,SU
4154,4154,20160916_US,25.2,4.5,22.4,96.0,1,0,20160916,US
4155,4155,20160917_BS,23.3,4.4,20.5,95.5,10,0,20160917,BS
4156,4156,20160917_CB,20.833333333,1.7066666667,19.82,94.666666667,12,0,20160917,CB
4157,4157,20160917_CN,21.6,1.98125,20.45625,94.125,13,0,20160917,CN
4158,4158,20160917_DG,21.0,2.8,19.7,95.0,7,0,20160917,DG
4159,4159,20160917_DJ,21.3,1.7,20.2,96.9,5,0,20160917,DJ
4160,4160,20160917_GB,20.745833333,2.2583333333,19.55,95.770833333,19,0,20160917,GB
4161,4161,20160917_GG,26.785714285999997,7.9857142857,22.176190476,75.916666667,43,0,20160917,GG
4162,4162,20160917_GJ,23.6,4.8,20.5,99.0,9,0,20160917,GJ
4163,4163,20160917_GN,21.963636364,3.5681818182,19.713636364,95.104545455,11,0,20160917,GN
4164,4164,20160917_GW,23.627777778000002,5.744444444400001,20.0,84.472222222,3,0,20160917,GW
4165,4165,20160917_IC,27.34,8.39,23.19,78.08,12,0,20160917,IC
4166,4166,20160917_JB,21.273333333,2.5533333333000003,19.76,94.89333333299999,16,0,20160917,JB
4167,4167,20160917_JJ,28.2,3.95,25.8,89.9,4,0,20160917,JJ
4168,4168,20160917_JN,24.490909091,5.1,21.522727273,94.818181818,12,0,20160917,JN
4169,4169,20160917_SU,28.2,9.7,23.1,64.8,32,0,20160917,SU
4170,4170,20160917_US,22.0,3.7,20.3,98.0,1,0,20160917,US
4171,4171,20160918_BS,23.1,2.5,21.4,85.3,1,0,20160918,BS
4172,4172,20160918_CB,21.9,4.1666666667,19.473333333,83.673333333,0,0,20160918,CB
4173,4173,20160918_CN,23.05625,5.11875,19.98125,86.9,2,0,20160918,CN
4174,4174,20160918_DG,21.4,3.3,19.5,89.5,2,0,20160918,DG
4175,4175,20160918_DJ,20.7,2.6,19.1,91.6,1,0,20160918,DJ
4176,4176,20160918_GB,21.275,3.3541666667000003,19.445833333,88.725,0,0,20160918,GB
4177,4177,20160918_GG,27.757142856999998,8.1476190476,22.852380951999997,60.8,12,0,20160918,GG
4178,4178,20160918_GJ,22.7,4.6,20.2,98.8,2,0,20160918,GJ
4179,4179,20160918_GN,21.945454545,3.0954545455,20.263636364,88.745454545,6,0,20160918,GN
4180,4180,20160918_GW,23.661111111,5.9444444444,20.333333333,72.761111111,2,0,20160918,GW
4181,4181,20160918_IC,27.27,7.81,23.31,71.74,2,0,20160918,IC
4182,4182,20160918_JB,20.486666667,2.88,19.18,92.38666666700001,1,0,20160918,JB
4183,4183,20160918_JJ,26.55,4.9,23.9,92.65,0,0,20160918,JJ
4184,4184,20160918_JN,23.618181818000004,4.2454545455,21.309090909000002,89.590909091,1,0,20160918,JN
4185,4185,20160918_SU,28.3,8.1,23.5,53.4,9,0,20160918,SU
4186,4186,20160918_US,22.1,2.6,20.7,93.4,0,0,20160918,US
4187,4187,20160919_BS,21.8,2.2,20.5,77.4,92,0,20160919,BS
4188,4188,20160919_CB,23.693333333,8.133333333300001,19.533333332999998,67.373333333,41,0,20160919,CB
4189,4189,20160919_CN,25.50625,9.13125,20.60625,72.73125,99,0,20160919,CN
4190,4190,20160919_DG,23.3,5.3,20.3,70.0,94,0,20160919,DG
4191,4191,20160919_DJ,23.6,6.2,20.0,75.6,52,0,20160919,DJ
4192,4192,20160919_GB,22.183333333,5.1,19.579166667,74.0,108,0,20160919,GB
4193,4193,20160919_GG,27.004761905,9.983333333300001,21.207142857,59.504761905,237,0,20160919,GG
4194,4194,20160919_GJ,26.2,8.0,21.3,77.5,56,0,20160919,GJ
4195,4195,20160919_GN,23.640909090999997,4.8272727273000005,20.804761905,70.033333333,97,0,20160919,GN
4196,4196,20160919_GW,22.711111110999997,7.6444444444,18.627777778,70.95555555600001,48,0,20160919,GW
4197,4197,20160919_IC,26.68,8.55,21.88,68.27,63,0,20160919,IC
4198,4198,20160919_JB,25.56,8.2,20.426666667,72.72,100,0,20160919,JB
4199,4199,20160919_JJ,22.7,2.05,21.8,85.6,16,0,20160919,JJ
4200,4200,20160919_JN,25.045454545,6.0,21.468181817999998,75.640909091,99,0,20160919,JN
4201,4201,20160919_SU,27.8,9.6,21.9,53.3,260,0,20160919,SU
4202,4202,20160919_US,23.0,4.2,20.5,81.9,15,0,20160919,US
4203,4203,20160920_BS,25.1,6.8,20.9,55.5,88,0,20160920,BS
4204,4204,20160920_CB,24.34,12.22,18.16,56.446666666999995,46,0,20160920,CB
4205,4205,20160920_CN,24.6625,11.05625,18.96875,64.50625,66,0,20160920,CN
4206,4206,20160920_DG,23.8,8.8,19.6,54.8,63,0,20160920,DG
4207,4207,20160920_DJ,24.7,11.0,19.2,64.6,37,0,20160920,DJ
4208,4208,20160920_GB,23.245833333,9.5958333333,18.308333333,62.416666667,55,0,20160920,GB
4209,4209,20160920_GG,26.00952381,11.619047619000002,19.869047619,47.145238095,259,0,20160920,GG
4210,4210,20160920_GJ,26.6,10.3,21.2,56.9,50,0,20160920,GJ
4211,4211,20160920_GN,24.772727273,9.1863636364,19.818181818,57.922727273,78,0,20160920,GN
4212,4212,20160920_GW,22.922222222,10.527777777999999,17.305555555999998,64.81666666699999,42,0,20160920,GW
4213,4213,20160920_IC,25.77,10.42,20.75,53.76,58,0,20160920,IC
4214,4214,20160920_JB,24.88,11.193333333,19.0,61.16,92,0,20160920,JB
4215,4215,20160920_JJ,24.95,4.5,22.2,60.8,16,0,20160920,JJ
4216,4216,20160920_JN,25.572727273,9.5636363636,20.318181818,65.072727273,75,0,20160920,JN
4217,4217,20160920_SU,26.8,11.4,20.6,41.1,263,0,20160920,SU
4218,4218,20160920_US,22.6,4.7,19.9,64.1,14,0,20160920,US
4219,4219,20160921_BS,25.6,7.9,21.1,60.6,67,0,20160921,BS
4220,4220,20160921_CB,23.393333333,12.413333332999999,17.713333332999998,64.086666667,27,0,20160921,CB
4221,4221,20160921_CN,24.075,11.29375,18.6,71.29375,62,0,20160921,CN
4222,4222,20160921_DG,23.5,10.4,18.7,70.0,55,0,20160921,DG
4223,4223,20160921_DJ,23.6,10.8,19.1,68.4,40,0,20160921,DJ
4224,4224,20160921_GB,23.525,11.325,17.95,71.841666667,87,0,20160921,GB
4225,4225,20160921_GG,24.552380951999996,11.50952381,19.073809524,54.55,227,0,20160921,GG
4226,4226,20160921_GJ,25.1,9.5,20.4,63.4,40,0,20160921,GJ
4227,4227,20160921_GN,24.440909090999998,10.709090909,19.140909090999997,68.054545455,70,0,20160921,GN
4228,4228,20160921_GW,22.922222222,11.833333332999999,16.755555555999994,72.938888889,48,0,20160921,GW
4229,4229,20160921_IC,25.01,9.53,20.45,57.8,57,0,20160921,IC
4230,4230,20160921_JB,24.593333333,12.526666667,18.606666667,67.9,89,0,20160921,JB
4231,4231,20160921_JJ,24.7,5.05,21.9,65.85,14,0,20160921,JJ
4232,4232,20160921_JN,24.786363636,9.5590909091,19.990909091,66.709090909,55,0,20160921,JN
4233,4233,20160921_SU,25.3,11.0,20.2,43.4,292,0,20160921,SU
4234,4234,20160921_US,23.6,7.2,19.9,71.8,14,0,20160921,US
4235,4235,20160922_BS,24.6,5.4,20.8,75.6,61,0,20160922,BS
4236,4236,20160922_CB,25.586666667,10.08,19.58,66.233333333,39,0,20160922,CB
4237,4237,20160922_CN,25.825,10.1875,19.74375,76.325,53,0,20160922,CN
4238,4238,20160922_DG,23.9,6.7,19.5,75.5,57,0,20160922,DG
4239,4239,20160922_DJ,25.9,8.8,20.6,71.3,37,0,20160922,DJ
4240,4240,20160922_GB,22.5125,7.0875,18.379166667,80.49583333300001,67,0,20160922,GB
4241,4241,20160922_GG,26.573809524,10.092857143,20.826190476,57.90952381,219,0,20160922,GG
4242,4242,20160922_GJ,27.5,9.7,21.5,67.0,35,0,20160922,GJ
4243,4243,20160922_GN,23.818181818000003,6.7318181818,19.7,77.295454545,51,0,20160922,GN
4244,4244,20160922_GW,23.95,10.05,18.194444444000002,73.95555555600001,41,0,20160922,GW
4245,4245,20160922_IC,26.12,8.03,21.79,67.36,46,0,20160922,IC
4246,4246,20160922_JB,25.9,9.9533333333,19.693333332999998,71.52,99,0,20160922,JB
4247,4247,20160922_JJ,24.8,5.3,21.95,70.25,15,0,20160922,JJ
4248,4248,20160922_JN,26.104545455,8.75,20.695454545,72.127272727,64,0,20160922,JN
4249,4249,20160922_SU,27.2,9.7,21.9,46.3,253,0,20160922,SU
4250,4250,20160922_US,21.3,3.8,19.1,92.1,13,0,20160922,US
4251,4251,20160923_BS,26.3,8.0,21.8,74.3,84,0,20160923,BS
4252,4252,20160923_CB,26.826666666999998,12.9,19.793333333,70.013333333,39,0,20160923,CB
4253,4253,20160923_CN,26.58125,13.1375,19.2875,80.81875,62,0,20160923,CN
4254,4254,20160923_DG,26.8,10.5,21.0,72.4,68,0,20160923,DG
4255,4255,20160923_DJ,27.0,11.6,20.8,75.0,49,0,20160923,DJ
4256,4256,20160923_GB,25.420833333,11.6,19.166666667,79.5375,62,0,20160923,GB
4257,4257,20160923_GG,27.421428571,12.380952380999998,20.492857143,67.857142857,184,0,20160923,GG
4258,4258,20160923_GJ,27.8,10.6,21.7,71.8,37,0,20160923,GJ
4259,4259,20160923_GN,26.913636364000002,11.463636364000001,20.495454545,78.104545455,59,0,20160923,GN
4260,4260,20160923_GW,24.927777778000003,12.127777777999999,18.166666667,76.25,41,0,20160923,GW
4261,4261,20160923_IC,25.78,8.8,21.31,80.1,41,0,20160923,IC
4262,4262,20160923_JB,26.8,12.346666667000001,19.986666667,72.43333333300001,96,0,20160923,JB
4263,4263,20160923_JJ,24.9,6.15,21.95,73.1,23,0,20160923,JJ
4264,4264,20160923_JN,26.609090909000006,10.490909091,20.918181818,76.713636364,56,0,20160923,JN
4265,4265,20160923_SU,27.9,11.5,21.4,57.9,227,0,20160923,SU
4266,4266,20160923_US,24.2,7.9,20.1,88.6,13,0,20160923,US
4267,4267,20160924_BS,26.8,7.5,22.6,69.9,22,0,20160924,BS
4268,4268,20160924_CB,27.846666666999997,12.906666667,20.7,70.18,8,0,20160924,CB
4269,4269,20160924_CN,27.51875,13.1375,20.1375,80.575,18,0,20160924,CN
4270,4270,20160924_DG,28.0,11.6,21.5,71.3,15,0,20160924,DG
4271,4271,20160924_DJ,28.1,11.7,21.7,74.3,11,0,20160924,DJ
4272,4272,20160924_GB,26.525,11.070833333,20.025,78.68333333300001,16,0,20160924,GB
4273,4273,20160924_GG,28.152380951999998,12.569047619000001,21.326190476,70.078571429,62,0,20160924,GG
4274,4274,20160924_GJ,27.8,10.4,22.6,75.0,11,0,20160924,GJ
4275,4275,20160924_GN,27.795454545,10.95,21.209090909,76.859090909,21,0,20160924,GN
4276,4276,20160924_GW,25.944444444000002,12.055555556,19.2,76.255555556,9,0,20160924,GW
4277,4277,20160924_IC,26.18,8.2,21.74,81.51,7,0,20160924,IC
4278,4278,20160924_JB,28.073333333,13.406666667,20.686666667,74.26,22,0,20160924,JB
4279,4279,20160924_JJ,25.7,6.15,22.7,76.2,5,0,20160924,JJ
4280,4280,20160924_JN,27.122727273000002,10.495454545,21.527272727,78.445454545,28,0,20160924,JN
4281,4281,20160924_SU,28.9,12.4,22.3,60.6,49,0,20160924,SU
4282,4282,20160924_US,25.0,8.3,20.4,82.8,2,0,20160924,US
4283,4283,20160925_BS,27.6,8.3,23.0,69.8,3,0,20160925,BS
4284,4284,20160925_CB,25.64,9.68,20.166666667,78.846666667,1,0,20160925,CB
4285,4285,20160925_CN,26.15,10.3125,20.36875,85.2625,4,0,20160925,CN
4286,4286,20160925_DG,26.9,10.7,21.2,75.3,1,0,20160925,DG
4287,4287,20160925_DJ,24.7,7.5,20.8,85.3,1,0,20160925,DJ
4288,4288,20160925_GB,25.929166666999997,10.833333332999999,19.891666667,80.87083333300001,3,0,20160925,GB
4289,4289,20160925_GG,28.383333333000003,11.176190475999999,21.792857143000003,70.126190476,11,0,20160925,GG
4290,4290,20160925_GJ,27.9,9.2,23.0,79.5,0,0,20160925,GJ
4291,4291,20160925_GN,27.495454545,10.481818182,21.554545455,77.413636364,1,0,20160925,GN
4292,4292,20160925_GW,26.4,11.083333332999999,19.933333333,76.888888889,0,0,20160925,GW
4293,4293,20160925_IC,26.67,7.5,22.2,81.66,0,0,20160925,IC
4294,4294,20160925_JB,26.033333333,9.8466666667,20.72,81.093333333,3,0,20160925,JB
4295,4295,20160925_JJ,26.25,5.45,23.8,81.85,1,0,20160925,JJ
4296,4296,20160925_JN,27.172727273000003,9.6454545455,22.068181818000003,80.91818181800001,0,0,20160925,JN
4297,4297,20160925_SU,29.7,11.1,23.0,57.6,16,0,20160925,SU
4298,4298,20160925_US,28.0,11.7,21.3,74.1,1,0,20160925,US
4299,4299,20160926_BS,27.3,5.2,24.2,76.4,80,0,20160926,BS
4300,4300,20160926_CB,25.813333333000003,9.2733333333,21.093333333,77.586666667,54,0,20160926,CB
4301,4301,20160926_CN,27.85,10.35,21.9875,84.59375,74,0,20160926,CN
4302,4302,20160926_DG,25.9,7.2,21.9,83.6,68,0,20160926,DG
4303,4303,20160926_DJ,26.8,8.5,22.1,83.3,46,0,20160926,DJ
4304,4304,20160926_GB,24.683333333,7.8791666667,20.675,87.8125,89,0,20160926,GB
4305,4305,20160926_GG,27.752380952,9.3023809524,22.6,71.014285714,250,0,20160926,GG
4306,4306,20160926_GJ,28.6,7.6,23.7,87.4,41,0,20160926,GJ
4307,4307,20160926_GN,26.381818181999996,6.7454545455,22.495454545,85.527272727,72,0,20160926,GN
4308,4308,20160926_GW,25.261111110999998,9.005555555599999,19.822222222,81.122222222,46,0,20160926,GW
4309,4309,20160926_IC,28.51,8.17,23.61,80.45,57,0,20160926,IC
4310,4310,20160926_JB,28.206666666999997,10.54,22.5,82.02,98,0,20160926,JB
4311,4311,20160926_JJ,26.25,2.75,24.6,93.35,21,0,20160926,JJ
4312,4312,20160926_JN,27.772727273,7.2363636364,23.386363636,86.418181818,85,0,20160926,JN
4313,4313,20160926_SU,28.9,9.2,23.6,59.1,282,0,20160926,SU
4314,4314,20160926_US,25.6,6.6,22.2,89.9,19,0,20160926,US
4315,4315,20160927_BS,29.7,7.0,25.3,84.4,89,0,20160927,BS
4316,4316,20160927_CB,24.573333333,4.9933333333,21.553333333,89.39333333299999,35,0,20160927,CB
4317,4317,20160927_CN,24.85625,5.55,21.475,93.63125,46,0,20160927,CN
4318,4318,20160927_DG,29.8,8.8,24.6,83.1,71,0,20160927,DG
4319,4319,20160927_DJ,25.8,5.5,22.4,92.0,29,0,20160927,DJ
4320,4320,20160927_GB,28.145833333000002,7.7416666667,23.254166667,88.895833333,62,0,20160927,GB
4321,4321,20160927_GG,23.164285714000002,4.4,20.678571429,89.578571429,227,0,20160927,GG
4322,4322,20160927_GJ,31.5,10.0,25.7,87.6,54,0,20160927,GJ
4323,4323,20160927_GN,29.095454545,7.5363636364,24.445454545,87.55909090899998,68,0,20160927,GN
4324,4324,20160927_GW,21.438888889,3.9388888889,19.394444444,92.15555555600001,33,0,20160927,GW
4325,4325,20160927_IC,23.78,4.79,20.81,94.64,46,0,20160927,IC
4326,4326,20160927_JB,30.006666666999998,9.5466666667,24.2,84.373333333,86,0,20160927,JB
4327,4327,20160927_JJ,28.0,4.6,25.25,90.95,13,0,20160927,JJ
4328,4328,20160927_JN,30.168181818,8.45,25.195454545,86.98636363600002,54,0,20160927,JN
4329,4329,20160927_SU,23.8,4.7,21.0,82.5,253,0,20160927,SU
4330,4330,20160927_US,28.0,7.9,24.1,92.6,22,0,20160927,US
4331,4331,20160928_BS,25.1,4.2,22.9,97.5,72,0,20160928,BS
4332,4332,20160928_CB,26.406666667,8.12,21.6,79.6,31,0,20160928,CB
4333,4333,20160928_CN,25.03125,7.21875,21.08125,88.8125,43,0,20160928,CN
4334,4334,20160928_DG,25.8,5.7,22.4,86.1,64,0,20160928,DG
4335,4335,20160928_DJ,26.0,7.9,21.8,85.0,28,0,20160928,DJ
4336,4336,20160928_GB,26.358333333,7.35,21.945833333000003,86.6,51,0,20160928,GB
4337,4337,20160928_GG,22.811904761999998,4.4928571429,20.078571429,88.55,172,0,20160928,GG
4338,4338,20160928_GJ,24.2,3.6,21.9,97.3,40,0,20160928,GJ
4339,4339,20160928_GN,24.640909090999997,4.3090909091,22.25,94.381818182,73,0,20160928,GN
4340,4340,20160928_GW,23.722222222,7.2888888889,19.522222222,83.555555556,29,0,20160928,GW
4341,4341,20160928_IC,21.5,3.36,19.6,96.66,50,0,20160928,IC
4342,4342,20160928_JB,24.326666666999998,5.36,21.253333333,88.16,58,0,20160928,JB
4343,4343,20160928_JJ,24.8,2.3,23.4,96.6,14,0,20160928,JJ
4344,4344,20160928_JN,24.045454545,3.4181818182,21.959090909,94.586363636,54,0,20160928,JN
4345,4345,20160928_SU,21.8,3.1,19.9,84.6,234,0,20160928,SU
4346,4346,20160928_US,25.2,5.1,22.3,96.9,15,0,20160928,US
4347,4347,20160929_BS,20.9,2.6,18.9,86.5,73,0,20160929,BS
4348,4348,20160929_CB,21.16,4.0933333333,19.226666667,72.28666666699999,30,0,20160929,CB
4349,4349,20160929_CN,23.3875,6.3375,20.06875,85.5625,46,0,20160929,CN
4350,4350,20160929_DG,20.6,3.7,18.6,77.3,54,0,20160929,DG
4351,4351,20160929_DJ,22.0,4.0,20.1,79.8,40,0,20160929,DJ
4352,4352,20160929_GB,20.054166667,4.175,17.816666667,80.37083333300001,72,0,20160929,GB
4353,4353,20160929_GG,23.980952380999998,6.338095238099999,19.980952380999998,70.747619048,190,0,20160929,GG
4354,4354,20160929_GJ,23.9,4.4,21.2,93.8,41,0,20160929,GJ
4355,4355,20160929_GN,20.972727273,3.8590909091,18.881818182,87.786363636,58,0,20160929,GN
4356,4356,20160929_GW,20.377777778,5.466666666699999,17.222222222,73.28888888899999,34,0,20160929,GW
4357,4357,20160929_IC,24.94,7.72,20.25,83.25,55,0,20160929,IC
4358,4358,20160929_JB,23.66,5.2866666667,20.64,85.273333333,92,0,20160929,JB
4359,4359,20160929_JJ,23.05,2.55,21.65,96.15,23,0,20160929,JJ
4360,4360,20160929_JN,22.531818182,3.55,20.495454545,90.868181818,66,0,20160929,JN
4361,4361,20160929_SU,24.8,6.6,20.4,64.4,216,0,20160929,SU
4362,4362,20160929_US,20.3,3.2,18.4,87.8,7,0,20160929,US
4363,4363,20160930_BS,19.1,2.0,18.2,91.4,70,0,20160930,BS
4364,4364,20160930_CB,19.5,3.9066666667,17.386666667,83.793333333,34,0,20160930,CB
4365,4365,20160930_CN,20.10625,4.26875,17.9875,93.275,42,0,20160930,CN
4366,4366,20160930_DG,18.4,2.8,17.1,91.4,54,0,20160930,DG
4367,4367,20160930_DJ,18.5,2.3,17.6,90.9,37,0,20160930,DJ
4368,4368,20160930_GB,18.0625,3.1125,16.541666667,91.395833333,61,0,20160930,GB
4369,4369,20160930_GG,23.280952381,6.1928571429,19.792857143,75.907142857,182,0,20160930,GG
4370,4370,20160930_GJ,19.8,2.9,18.5,98.1,34,0,20160930,GJ
4371,4371,20160930_GN,18.754545455,2.5727272727,17.522727273,92.913636364,63,0,20160930,GN
4372,4372,20160930_GW,22.444444444000002,8.1666666667,17.961111110999997,81.622222222,46,0,20160930,GW
4373,4373,20160930_IC,23.14,5.4,20.42,87.06,42,0,20160930,IC
4374,4374,20160930_JB,19.473333333,3.0266666667,17.64,93.65333333299999,74,0,20160930,JB
4375,4375,20160930_JJ,23.5,3.05,21.6,93.95,15,0,20160930,JJ
4376,4376,20160930_JN,19.568181818,2.5772727273,18.231818182,94.604545455,55,0,20160930,JN
4377,4377,20160930_SU,23.5,5.8,20.5,66.9,217,0,20160930,SU
4378,4378,20160930_US,19.0,3.4,17.4,97.4,10,0,20160930,US
4395,4395,20161002_BS,27.4,7.5,23.1,84.4,3,0,20161002,BS
4396,4396,20161002_CB,23.4,6.533333333300001,20.313333333,79.733333333,1,0,20161002,CB
4397,4397,20161002_CN,23.7625,6.56875,20.2375,91.04375,0,0,20161002,CN
4398,4398,20161002_DG,26.7,7.7,22.1,82.5,2,0,20161002,DG
4399,4399,20161002_DJ,23.4,5.8,20.7,88.9,0,0,20161002,DJ
4400,4400,20161002_GB,24.8625,7.4833333333,20.725,85.445833333,3,0,20161002,GB
4401,4401,20161002_GG,21.561904761999998,4.9428571429,18.752380952,89.404761905,4,0,20161002,GG
4402,4402,20161002_GJ,27.3,7.0,23.5,92.6,0,0,20161002,GJ
4403,4403,20161002_GN,26.013636364,6.7727272727,22.118181818000004,88.6,1,0,20161002,GN
4404,4404,20161002_GW,21.188888889,5.6,18.027777778,84.111111111,0,0,20161002,GW
4405,4405,20161002_IC,22.41,5.58,19.28,96.6,0,0,20161002,IC
4406,4406,20161002_JB,27.313333333000003,9.3333333333,22.413333333,86.03333333299999,5,0,20161002,JB
4407,4407,20161002_JJ,29.55,6.95,25.8,89.3,1,0,20161002,JJ
4408,4408,20161002_JN,25.818181818000003,5.4863636364,22.9,90.709090909,0,0,20161002,JN
4409,4409,20161002_SU,22.4,5.7,19.0,84.1,10,0,20161002,SU
4410,4410,20161002_US,26.9,8.5,21.9,91.3,1,0,20161002,US
4411,4411,20161003_BS,28.3,5.9,25.2,86.1,5,0,20161003,BS
4412,4412,20161003_CB,27.74,9.3333333333,22.62,86.79333333299999,6,0,20161003,CB
4413,4413,20161003_CN,26.725,9.20625,22.51875,91.0125,5,0,20161003,CN
4414,4414,20161003_DG,27.6,6.4,24.3,83.9,8,0,20161003,DG
4415,4415,20161003_DJ,26.8,7.2,23.4,91.3,3,0,20161003,DJ
4416,4416,20161003_GB,26.991666666999997,7.625,22.3625,88.916666667,9,0,20161003,GB
4417,4417,20161003_GG,27.814285714,9.9166666667,22.29047619,81.888095238,15,0,20161003,GG
4418,4418,20161003_GJ,27.3,6.4,24.0,96.3,0,0,20161003,GJ
4419,4419,20161003_GN,28.377272726999998,7.1863636363999985,24.359090909000006,87.304545455,3,0,20161003,GN
4420,4420,20161003_GW,25.177777778000003,8.9555555556,20.033333332999998,85.783333333,2,0,20161003,GW
4421,4421,20161003_IC,26.0,7.44,21.93,87.27,5,0,20161003,IC
4422,4422,20161003_JB,25.113333333000003,5.9466666667,22.533333333,91.553333333,9,0,20161003,JB
4423,4423,20161003_JJ,28.75,5.2,25.6,89.8,1,0,20161003,JJ
4424,4424,20161003_JN,26.963636364,5.8727272727,23.981818181999998,92.954545455,6,0,20161003,JN
4425,4425,20161003_SU,27.9,8.3,22.7,73.3,15,0,20161003,SU
4426,4426,20161003_US,29.3,7.7,24.8,87.8,2,0,20161003,US
4427,4427,20161004_BS,27.5,6.1,23.6,74.5,128,0,20161004,BS
4428,4428,20161004_CB,27.746666667,11.72,21.266666667,71.766666667,54,0,20161004,CB
4429,4429,20161004_CN,28.5,12.93125,21.61875,79.13125,118,0,20161004,CN
4430,4430,20161004_DG,25.6,6.6,21.7,77.5,87,0,20161004,DG
4431,4431,20161004_DJ,27.9,10.2,22.1,78.8,44,0,20161004,DJ
4432,4432,20161004_GB,25.675,9.133333333300001,20.541666667,79.366666667,106,0,20161004,GB
4433,4433,20161004_GG,28.564285714,14.142857142999999,21.454761905,66.835714286,311,0,20161004,GG
4434,4434,20161004_GJ,31.1,12.5,23.5,83.1,55,0,20161004,GJ
4435,4435,20161004_GN,28.154545455,9.4909090909,22.613636364,75.745454545,117,0,20161004,GN
4436,4436,20161004_GW,24.366666666999997,9.6388888889,18.972222222,76.261111111,52,0,20161004,GW
4437,4437,20161004_IC,27.67,11.16,22.17,74.48,76,0,20161004,IC
4438,4438,20161004_JB,29.34,12.26,22.466666667,75.653333333,131,0,20161004,JB
4439,4439,20161004_JJ,26.7,4.75,24.2,89.6,25,0,20161004,JJ
4440,4440,20161004_JN,29.245454545,10.331818182000001,23.381818181999996,78.854545455,109,0,20161004,JN
4441,4441,20161004_SU,29.0,13.4,22.0,58.9,336,0,20161004,SU
4442,4442,20161004_US,25.4,5.3,22.2,85.8,25,0,20161004,US
4443,4443,20161005_BS,26.4,6.4,21.8,84.6,67,0,20161005,BS
4444,4444,20161005_CB,23.22,6.82,18.913333333,84.206666667,40,0,20161005,CB
4445,4445,20161005_CN,25.0375,8.61875,19.55,88.175,71,0,20161005,CN
4446,4446,20161005_DG,23.4,5.9,19.7,85.3,63,0,20161005,DG
4447,4447,20161005_DJ,24.3,6.6,19.6,89.1,39,0,20161005,DJ
4448,4448,20161005_GB,22.716666667,6.4208333333,18.5875,90.166666667,71,0,20161005,GB
4449,4449,20161005_GG,26.402380951999998,9.5714285714,20.404761905,72.01904761899999,234,0,20161005,GG
4450,4450,20161005_GJ,25.1,6.7,21.1,91.1,28,0,20161005,GJ
4451,4451,20161005_GN,26.554545455,8.786363636399999,20.781818182000002,85.3,52,0,20161005,GN
4452,4452,20161005_GW,21.372222222,6.2666666667,17.644444444,86.805555556,36,0,20161005,GW
4453,4453,20161005_IC,25.45,7.78,20.9,80.21,57,0,20161005,IC
4454,4454,20161005_JB,24.153333333000003,7.24,19.553333333,89.46,82,0,20161005,JB
4455,4455,20161005_JJ,28.25,7.9,23.25,81.75,11,0,20161005,JJ
4456,4456,20161005_JN,25.190909090999998,6.9863636364,21.145454545,87.090909091,43,0,20161005,JN
4457,4457,20161005_SU,27.2,9.7,21.1,61.9,263,0,20161005,SU
4458,4458,20161005_US,23.8,5.5,20.6,91.9,11,0,20161005,US
4459,4459,20161006_BS,26.4,7.3,22.3,74.3,93,0,20161006,BS
4460,4460,20161006_CB,23.7,9.633333333300001,17.846666667,71.346666667,33,0,20161006,CB
4461,4461,20161006_CN,23.1375,10.575,17.34375,76.275,48,0,20161006,CN
4462,4462,20161006_DG,25.4,9.6,20.4,75.1,62,0,20161006,DG
4463,4463,20161006_DJ,23.9,9.5,18.2,73.9,36,0,20161006,DJ
4464,4464,20161006_GB,24.633333333000003,9.7916666667,18.908333332999998,78.395833333,58,0,20161006,GB
4465,4465,20161006_GG,23.535714285999997,10.111904762,17.630952381,67.619047619,201,0,20161006,GG
4466,4466,20161006_GJ,25.9,10.0,20.1,74.0,34,0,20161006,GJ
4467,4467,20161006_GN,27.095454545,11.222727273,20.322727272999998,74.231818182,75,0,20161006,GN
4468,4468,20161006_GW,22.316666667,8.233333333300001,17.45,80.916666667,35,0,20161006,GW
4469,4469,20161006_IC,21.18,7.65,17.37,71.26,47,0,20161006,IC
4470,4470,20161006_JB,23.966666667,10.026666667,18.126666667000002,77.666666667,71,0,20161006,JB
4471,4471,20161006_JJ,25.15,5.2,22.3,76.0,10,0,20161006,JJ
4472,4472,20161006_JN,25.377272726999998,9.7181818182,19.886363636,74.681818182,69,0,20161006,JN
4473,4473,20161006_SU,23.5,9.9,18.0,59.3,214,0,20161006,SU
4474,4474,20161006_US,25.6,9.7,20.8,82.5,8,0,20161006,US
4475,4475,20161007_BS,23.8,5.1,20.8,71.5,85,0,20161007,BS
4476,4476,20161007_CB,23.493333333000002,9.9,17.986666667,77.966666667,32,0,20161007,CB
4477,4477,20161007_CN,24.475,11.775,18.08125,84.9375,56,0,20161007,CN
4478,4478,20161007_DG,23.5,6.9,18.7,78.3,44,0,20161007,DG
4479,4479,20161007_DJ,24.3,10.1,18.5,82.8,33,0,20161007,DJ
4480,4480,20161007_GB,22.179166666999997,7.0875,18.095833332999998,79.85,59,0,20161007,GB
4481,4481,20161007_GG,24.473809524,9.65,19.042857143,75.497619048,193,0,20161007,GG
4482,4482,20161007_GJ,22.0,6.3,18.4,91.0,32,0,20161007,GJ
4483,4483,20161007_GN,23.186363636,6.8863636364,19.281818182000002,79.118181818,48,0,20161007,GN
4484,4484,20161007_GW,22.194444444000002,7.583333333300001,17.805555555999998,80.027777778,36,0,20161007,GW
4485,4485,20161007_IC,24.5,8.42,19.3,83.55,47,0,20161007,IC
4486,4486,20161007_JB,22.886666666999997,10.42,17.153333333,85.693333333,73,0,20161007,JB
4487,4487,20161007_JJ,24.65,3.5,22.75,85.5,17,0,20161007,JJ
4488,4488,20161007_JN,21.8,6.081818181799999,18.963636364,85.654545455,63,0,20161007,JN
4489,4489,20161007_SU,24.8,8.3,19.7,67.8,186,0,20161007,SU
4490,4490,20161007_US,21.8,4.6,19.4,82.4,15,0,20161007,US
4491,4491,20161008_BS,22.6,6.5,19.3,93.3,25,0,20161008,BS
4492,4492,20161008_CB,21.606666667,7.74,16.88,73.106666667,8,0,20161008,CB
4493,4493,20161008_CN,22.025,8.2125,17.2375,78.69375,13,0,20161008,CN
4494,4494,20161008_DG,20.8,5.0,18.0,78.8,18,0,20161008,DG
4495,4495,20161008_DJ,21.8,7.6,17.2,80.4,11,0,20161008,DJ
4496,4496,20161008_GB,21.308333333,7.1083333333,17.208333333,78.9375,23,0,20161008,GB
4497,4497,20161008_GG,22.05,10.8,16.976190476,69.361904762,69,0,20161008,GG
4498,4498,20161008_GJ,20.3,4.6,17.8,87.1,13,0,20161008,GJ
4499,4499,20161008_GN,20.6,5.6772727273,17.859090909000003,89.895454545,24,0,20161008,GN
4500,4500,20161008_GW,22.122222221999998,8.5444444444,17.327777777999998,66.261111111,5,0,20161008,GW
4501,4501,20161008_IC,20.62,10.1,16.68,78.12,8,0,20161008,IC
4502,4502,20161008_JB,21.366666667,7.6,17.226666667,82.98,28,0,20161008,JB
4503,4503,20161008_JJ,25.5,7.75,21.8,88.55,5,0,20161008,JJ
4504,4504,20161008_JN,20.436363636,5.159090909100001,18.027272727,85.713636364,17,0,20161008,JN
4505,4505,20161008_SU,21.8,11.5,16.8,66.4,51,0,20161008,SU
4506,4506,20161008_US,22.8,7.0,18.4,89.4,6,0,20161008,US
4507,4507,20161009_BS,22.0,8.9,16.2,58.3,1,0,20161009,BS
4508,4508,20161009_CB,16.793333333,9.66,11.326666667000001,54.866666667,0,0,20161009,CB
4509,4509,20161009_CN,16.3875,8.44375,11.675,62.54375,0,0,20161009,CN
4510,4510,20161009_DG,19.0,8.0,14.6,52.9,0,0,20161009,DG
4511,4511,20161009_DJ,16.7,9.1,11.8,62.6,1,0,20161009,DJ
4512,4512,20161009_GB,18.170833333,8.6375,13.333333332999999,59.558333333,0,0,20161009,GB
4513,4513,20161009_GG,16.630952381,9.8476190476,11.380952380999998,50.666666667,6,0,20161009,GG
4514,4514,20161009_GJ,18.4,7.7,13.9,54.3,2,0,20161009,GJ
4515,4515,20161009_GN,20.377272727,9.5772727273,14.604545455,58.359090908999995,1,0,20161009,GN
4516,4516,20161009_GW,16.438888889,9.05,11.522222222,60.433333333,1,0,20161009,GW
4517,4517,20161009_IC,15.23,7.56,11.45,56.1,1,0,20161009,IC
4518,4518,20161009_JB,17.2,8.86,12.14,61.246666667,1,0,20161009,JB
4519,4519,20161009_JJ,20.75,5.25,17.85,57.95,0,0,20161009,JJ
4520,4520,20161009_JN,18.531818182000002,8.2181818182,14.231818182,57.804545455,1,0,20161009,JN
4521,4521,20161009_SU,16.6,10.1,11.3,46.3,10,0,20161009,SU
4522,4522,20161009_US,19.0,7.4,14.4,67.9,1,0,20161009,US
4523,4523,20161010_BS,21.6,7.1,17.2,65.0,89,0,20161010,BS
4524,4524,20161010_CB,18.02,11.04,12.033333333,70.693333333,43,0,20161010,CB
4525,4525,20161010_CN,18.03125,10.53125,11.96875,73.24375,57,0,20161010,CN
4526,4526,20161010_DG,19.7,9.5,14.8,69.9,70,0,20161010,DG
4527,4527,20161010_DJ,18.5,10.1,12.7,73.9,37,0,20161010,DJ
4528,4528,20161010_GB,18.904166667000002,10.220833333,13.341666667,74.4375,78,0,20161010,GB
4529,4529,20161010_GG,20.602380952,13.873809524,12.866666667,55.726190476000006,211,0,20161010,GG
4530,4530,20161010_GJ,19.5,9.4,14.8,65.0,40,0,20161010,GJ
4531,4531,20161010_GN,20.7,10.272727273,15.259090909000001,70.413636364,85,0,20161010,GN
4532,4532,20161010_GW,18.705555556,11.372222222000001,12.188888889000001,70.116666667,35,0,20161010,GW
4533,4533,20161010_IC,18.22,9.61,13.42,55.07,34,0,20161010,IC
4534,4534,20161010_JB,18.346666667,10.326666667000001,12.653333332999999,70.71333333300001,99,0,20161010,JB
4535,4535,20161010_JJ,21.7,6.2,18.65,65.0,14,0,20161010,JJ
4536,4536,20161010_JN,19.677272727000002,9.7272727273,14.768181818,67.75,79,0,20161010,JN
4537,4537,20161010_SU,21.4,14.0,14.0,43.3,225,0,20161010,SU
4538,4538,20161010_US,19.3,7.7,15.1,75.0,20,0,20161010,US
4539,4539,20161011_BS,19.8,4.3,17.0,68.9,91,0,20161011,BS
4540,4540,20161011_CB,20.193333332999998,11.046666667,13.533333333,75.18,26,0,20161011,CB
4541,4541,20161011_CN,20.94375,12.3375,13.50625,81.625,57,0,20161011,CN
4542,4542,20161011_DG,20.5,9.1,15.3,74.8,65,0,20161011,DG
4543,4543,20161011_DJ,20.5,10.2,14.3,78.4,49,0,20161011,DJ
4544,4544,20161011_GB,20.625,10.458333332999999,14.358333333,77.9,72,0,20161011,GB
4545,4545,20161011_GG,20.876190475999998,11.695238095,14.54047619,71.188095238,214,0,20161011,GG
4546,4546,20161011_GJ,20.6,8.0,15.8,75.4,38,0,20161011,GJ
4547,4547,20161011_GN,19.772727273,7.118181818200001,15.245454545,77.372727273,60,0,20161011,GN
4548,4548,20161011_GW,20.822222222,12.722222222000001,14.044444444000002,68.894444444,32,0,20161011,GW
4549,4549,20161011_IC,19.99,8.6,15.99,78.21,51,0,20161011,IC
4550,4550,20161011_JB,20.64,10.586666667000001,13.866666667,79.033333333,88,0,20161011,JB
4551,4551,20161011_JJ,21.15,3.85,19.0,67.1,18,0,20161011,JJ
4552,4552,20161011_JN,19.972727273,7.259090909099998,15.609090909,76.681818182,61,0,20161011,JN
4553,4553,20161011_SU,21.1,11.1,15.4,62.4,239,0,20161011,SU
4554,4554,20161011_US,20.0,7.0,15.6,82.5,15,0,20161011,US
4555,4555,20161012_BS,23.6,8.6,18.6,60.3,76,0,20161012,BS
4556,4556,20161012_CB,20.493333333,10.693333333,14.013333333,66.02,33,0,20161012,CB
4557,4557,20161012_CN,20.425,10.94375,13.8875,73.64375,51,0,20161012,CN
4558,4558,20161012_DG,22.7,10.8,16.5,70.1,56,0,20161012,DG
4559,4559,20161012_DJ,21.0,10.0,14.9,66.9,30,0,20161012,DJ
4560,4560,20161012_GB,21.141666667,10.4375,15.0,72.425,49,0,20161012,GB
4561,4561,20161012_GG,20.645238095,10.128571428999999,14.842857143,64.047619048,186,0,20161012,GG
4562,4562,20161012_GJ,23.1,10.6,16.7,67.5,31,0,20161012,GJ
4563,4563,20161012_GN,23.259090909,10.831818182000001,16.904545455,67.754545455,74,0,20161012,GN
4564,4564,20161012_GW,19.361111111,9.8222222222,13.511111110999998,73.061111111,40,0,20161012,GW
4565,4565,20161012_IC,18.53,7.22,14.79,65.43,51,0,20161012,IC
4566,4566,20161012_JB,21.46,11.36,14.473333333,72.146666667,72,0,20161012,JB
4567,4567,20161012_JJ,22.5,5.15,19.6,61.95,14,0,20161012,JJ
4568,4568,20161012_JN,22.536363636,9.859090909099999,16.809090909000002,69.41818181800001,53,0,20161012,JN
4569,4569,20161012_SU,20.7,9.3,15.5,57.0,240,0,20161012,SU
4570,4570,20161012_US,21.5,8.0,17.1,71.6,13,0,20161012,US
4571,4571,20161013_BS,21.5,4.8,18.5,70.1,71,0,20161013,BS
4572,4572,20161013_CB,20.173333333,11.513333333,13.313333333,66.026666667,39,0,20161013,CB
4573,4573,20161013_CN,20.0375,11.33125,13.1,73.5375,43,0,20161013,CN
4574,4574,20161013_DG,20.9,8.0,16.1,72.1,50,0,20161013,DG
4575,4575,20161013_DJ,20.1,9.7,14.1,69.1,31,0,20161013,DJ
4576,4576,20161013_GB,20.479166667,9.5208333333,14.6875,75.983333333,51,0,20161013,GB
4577,4577,20161013_GG,21.447619048,13.25952381,14.092857143,56.980952381,165,0,20161013,GG
4578,4578,20161013_GJ,19.4,6.3,15.8,74.5,28,0,20161013,GJ
4579,4579,20161013_GN,20.418181818,7.031818181799999,16.186363636,78.659090909,61,0,20161013,GN
4580,4580,20161013_GW,20.216666667000002,11.738888889000002,13.188888889000001,68.53888888899999,27,0,20161013,GW
4581,4581,20161013_IC,19.83,9.7,14.78,58.42,53,0,20161013,IC
4582,4582,20161013_JB,19.126666667000002,8.733333333300001,13.88,73.82,62,0,20161013,JB
4583,4583,20161013_JJ,22.05,4.15,19.7,70.15,13,0,20161013,JJ
4584,4584,20161013_JN,19.236363636,6.0772727273000005,15.804545455,77.113636364,51,0,20161013,JN
4585,4585,20161013_SU,21.9,12.6,15.2,44.1,210,0,20161013,SU
4586,4586,20161013_US,22.1,8.0,16.8,84.6,5,0,20161013,US
4587,4587,20161014_BS,24.0,9.1,18.8,67.3,61,0,20161014,BS
4588,4588,20161014_CB,22.546666666999997,15.393333333,14.006666667000001,70.846666667,28,0,20161014,CB
4589,4589,20161014_CN,23.2125,15.475,14.84375,77.64375,40,0,20161014,CN
4590,4590,20161014_DG,22.9,12.8,15.8,73.3,48,0,20161014,DG
4591,4591,20161014_DJ,22.9,14.3,15.2,76.0,37,0,20161014,DJ
4592,4592,20161014_GB,22.508333333000003,13.666666667000001,14.566666667,75.445833333,50,0,20161014,GB
4593,4593,20161014_GG,23.078571429,13.930952380999999,15.473809524000002,72.702380952,156,0,20161014,GG
4594,4594,20161014_GJ,25.4,14.5,17.5,69.6,34,0,20161014,GJ
4595,4595,20161014_GN,23.927272727,12.85,16.295454545,74.336363636,48,0,20161014,GN
4596,4596,20161014_GW,21.977777778000004,13.466666667,14.527777777999999,72.466666667,35,0,20161014,GW
4597,4597,20161014_IC,21.5,8.49,16.78,82.48,37,0,20161014,IC
4598,4598,20161014_JB,24.38,16.526666667,15.18,72.9,58,0,20161014,JB
4599,4599,20161014_JJ,24.05,5.45,20.65,72.5,13,0,20161014,JJ
4600,4600,20161014_JN,24.504545455,13.45,16.804545455,73.254545455,42,0,20161014,JN
4601,4601,20161014_SU,23.5,13.0,16.7,61.8,195,0,20161014,SU
4602,4602,20161014_US,22.4,10.3,16.9,75.0,13,0,20161014,US
4603,4603,20161015_BS,23.5,7.3,19.5,67.8,20,0,20161015,BS
4604,4604,20161015_CB,24.893333333,15.893333333,16.093333333,72.14,9,0,20161015,CB
4605,4605,20161015_CN,25.30625,14.49375,17.31875,76.4125,17,0,20161015,CN
4606,4606,20161015_DG,23.5,13.3,16.6,76.3,24,0,20161015,DG
4607,4607,20161015_DJ,25.2,14.5,17.3,74.4,2,0,20161015,DJ
4608,4608,20161015_GB,23.104166666999998,13.479166667000001,15.545833333,80.18333333300001,23,0,20161015,GB
4609,4609,20161015_GG,26.264285714,15.052380952,17.773809524,70.35952381,45,0,20161015,GG
4610,4610,20161015_GJ,24.9,12.4,18.7,71.1,9,0,20161015,GJ
4611,4611,20161015_GN,23.7,12.172727273,16.968181817999998,74.94090909100001,27,0,20161015,GN
4612,4612,20161015_GW,23.955555556,13.005555556,16.238888889000002,74.922222222,7,0,20161015,GW
4613,4613,20161015_IC,24.78,10.7,18.96,78.01,12,0,20161015,IC
4614,4614,20161015_JB,25.233333333,15.48,16.853333333,73.453333333,24,0,20161015,JB
4615,4615,20161015_JJ,23.45,5.15,20.5,73.85,0,0,20161015,JJ
4616,4616,20161015_JN,24.540909091,12.677272727,17.895454545,72.127272727,17,0,20161015,JN
4617,4617,20161015_SU,27.1,14.7,19.1,60.6,53,0,20161015,SU
4618,4618,20161015_US,21.9,9.7,17.2,82.9,4,0,20161015,US
4619,4619,20161016_BS,18.9,1.4,17.9,92.1,0,0,20161016,BS
4620,4620,20161016_CB,19.953333333,6.453333333300001,16.266666667,83.626666667,0,0,20161016,CB
4621,4621,20161016_CN,19.7625,5.58125,16.46875,90.2875,1,0,20161016,CN
4622,4622,20161016_DG,16.8,3.2,15.0,92.9,0,0,20161016,DG
4623,4623,20161016_DJ,20.3,5.1,16.9,86.5,3,0,20161016,DJ
4624,4624,20161016_GB,17.804166667,5.075,15.1,92.77916666700001,3,0,20161016,GB
4625,4625,20161016_GG,19.347619048,4.5738095238,16.69047619,80.82619047600001,6,0,20161016,GG
4626,4626,20161016_GJ,17.8,3.1,16.4,95.1,0,0,20161016,GJ
4627,4627,20161016_GN,17.277272727,3.0818181818,15.813636364,93.53181818200001,2,0,20161016,GN
4628,4628,20161016_GW,19.316666667,6.8777777778,15.372222222000001,84.327777778,3,0,20161016,GW
4629,4629,20161016_IC,19.45,3.5,17.52,86.4,0,0,20161016,IC
4630,4630,20161016_JB,18.433333333,4.24,15.86,91.053333333,2,0,20161016,JB
4631,4631,20161016_JJ,23.25,3.4,21.6,87.3,1,0,20161016,JJ
4632,4632,20161016_JN,18.359090909000003,3.3136363636,16.972727273,93.259090909,1,0,20161016,JN
4633,4633,20161016_SU,19.5,4.1,17.2,74.1,10,0,20161016,SU
4634,4634,20161016_US,17.1,2.2,15.9,98.0,3,0,20161016,US
4635,4635,20161017_BS,25.9,8.9,20.8,83.8,99,0,20161017,BS
4636,4636,20161017_CB,22.373333333,9.0066666667,17.006666667,81.893333333,33,0,20161017,CB
4637,4637,20161017_CN,22.46875,9.6625,17.075,87.89375,64,0,20161017,CN
4638,4638,20161017_DG,24.3,9.2,18.7,80.5,61,0,20161017,DG
4639,4639,20161017_DJ,23.2,8.7,17.6,85.1,42,0,20161017,DJ
4640,4640,20161017_GB,23.3625,9.4041666667,17.6375,84.045833333,80,0,20161017,GB
4641,4641,20161017_GG,22.154761905,8.2952380952,17.161904762,81.616666667,212,0,20161017,GG
4642,4642,20161017_GJ,23.1,7.1,18.8,92.1,63,0,20161017,GJ
4643,4643,20161017_GN,25.059090909000002,10.109090908999999,18.818181818,85.854545455,62,0,20161017,GN
4644,4644,20161017_GW,22.611111111,10.088888889,16.75,76.238888889,41,0,20161017,GW
4645,4645,20161017_IC,20.96,5.87,17.47,93.05,51,0,20161017,IC
4646,4646,20161017_JB,22.433333333,8.2733333333,17.58,88.633333333,85,0,20161017,JB
4647,4647,20161017_JJ,24.65,5.3,21.6,82.45,11,0,20161017,JJ
4648,4648,20161017_JN,23.55,7.831818181799999,19.154545455,88.47272727299999,80,0,20161017,JN
4649,4649,20161017_SU,21.7,7.2,17.5,76.1,248,0,20161017,SU
4650,4650,20161017_US,25.4,10.3,19.1,91.6,21,0,20161017,US
4651,4651,20161018_BS,24.5,7.8,20.1,72.5,73,0,20161018,BS
4652,4652,20161018_CB,21.666666666999998,9.5133333333,15.76,85.253333333,27,0,20161018,CB
4653,4653,20161018_CN,21.90625,11.35,15.0625,88.9625,47,0,20161018,CN
4654,4654,20161018_DG,23.6,11.2,17.0,82.5,55,0,20161018,DG
4655,4655,20161018_DJ,21.5,8.5,16.1,90.0,39,0,20161018,DJ
4656,4656,20161018_GB,21.970833333,10.3125,16.275,84.9,53,0,20161018,GB
4657,4657,20161018_GG,22.538095238,11.49047619,15.728571429,81.573809524,191,0,20161018,GG
4658,4658,20161018_GJ,23.9,10.3,18.1,81.0,50,0,20161018,GJ
4659,4659,20161018_GN,22.886363636,9.3818181818,17.709090909,79.659090909,74,0,20161018,GN
4660,4660,20161018_GW,21.988888889000002,10.322222222,15.922222222,80.95555555600001,33,0,20161018,GW
4661,4661,20161018_IC,21.56,9.61,16.13,78.54,43,0,20161018,IC
4662,4662,20161018_JB,22.54,10.386666667,16.086666667,84.306666667,84,0,20161018,JB
4663,4663,20161018_JJ,23.15,4.9,20.75,81.3,14,0,20161018,JJ
4664,4664,20161018_JN,23.304545455,9.2363636364,17.922727273,81.154545455,83,0,20161018,JN
4665,4665,20161018_SU,24.0,12.8,17.0,70.9,228,0,20161018,SU
4666,4666,20161018_US,22.5,7.5,18.5,85.9,10,0,20161018,US
4667,4667,20161019_BS,24.0,7.0,19.6,74.6,67,0,20161019,BS
4668,4668,20161019_CB,23.013333333000002,11.546666667,16.06,80.146666667,25,0,20161019,CB
4669,4669,20161019_CN,23.325,12.34375,15.64375,86.55625,58,0,20161019,CN
4670,4670,20161019_DG,23.5,10.0,17.4,80.6,60,0,20161019,DG
4671,4671,20161019_DJ,23.6,10.8,17.2,83.5,33,0,20161019,DJ
4672,4672,20161019_GB,23.383333333000003,10.829166667,16.670833333,81.6,61,0,20161019,GB
4673,4673,20161019_GG,24.057142857,11.79047619,16.861904762,77.25952381,217,0,20161019,GG
4674,4674,20161019_GJ,24.0,9.6,18.5,85.9,34,0,20161019,GJ
4675,4675,20161019_GN,23.513636364,9.8272727273,17.486363636,81.972727273,62,0,20161019,GN
4676,4676,20161019_GW,23.038888889000006,11.177777778,16.672222222000002,75.34444444399999,37,0,20161019,GW
4677,4677,20161019_IC,21.98,7.39,17.45,86.52,41,0,20161019,IC
4678,4678,20161019_JB,22.64,10.513333333,16.193333332999998,85.18,70,0,20161019,JB
4679,4679,20161019_JJ,23.4,3.8,20.9,81.4,14,0,20161019,JJ
4680,4680,20161019_JN,23.754545455,9.4,18.077272727,84.472727273,59,0,20161019,JN
4681,4681,20161019_SU,24.3,10.3,18.0,67.6,203,0,20161019,SU
4682,4682,20161019_US,23.3,9.7,18.0,88.8,6,0,20161019,US
4683,4683,20161020_BS,24.2,8.0,19.5,68.0,59,0,20161020,BS
4684,4684,20161020_CB,22.546666666999997,12.546666667,16.06,76.313333333,29,0,20161020,CB
4685,4685,20161020_CN,22.19375,12.43125,16.2375,83.9875,52,0,20161020,CN
4686,4686,20161020_DG,22.9,10.5,17.6,76.4,56,0,20161020,DG
4687,4687,20161020_DJ,22.7,11.5,16.7,82.0,37,0,20161020,DJ
4688,4688,20161020_GB,22.7125,11.195833333,16.675,75.645833333,55,0,20161020,GB
4689,4689,20161020_GG,24.942857143,13.645238095,17.426190476,70.538095238,188,0,20161020,GG
4690,4690,20161020_GJ,21.5,8.8,17.4,85.4,41,0,20161020,GJ
4691,4691,20161020_GN,23.127272726999998,10.390909091000001,17.868181818,74.140909091,57,0,20161020,GN
4692,4692,20161020_GW,22.977777778000004,11.866666667,15.677777778,74.377777778,34,0,20161020,GW
4693,4693,20161020_IC,24.11,10.1,18.59,77.87,54,0,20161020,IC
4694,4694,20161020_JB,22.24,11.3,16.306666667000002,82.333333333,87,0,20161020,JB
4695,4695,20161020_JJ,21.55,3.55,20.1,80.2,11,0,20161020,JJ
4696,4696,20161020_JN,21.140909090999997,7.85,17.513636364,81.068181818,53,0,20161020,JN
4697,4697,20161020_SU,25.8,12.9,18.6,61.3,201,0,20161020,SU
4698,4698,20161020_US,24.1,8.5,18.9,73.6,6,0,20161020,US
4699,4699,20161021_BS,18.4,2.0,17.4,70.4,68,0,20161021,BS
4700,4700,20161021_CB,18.226666667,3.0933333333,16.42,66.133333333,32,0,20161021,CB
4701,4701,20161021_CN,19.24375,3.74375,17.04375,76.85,54,0,20161021,CN
4702,4702,20161021_DG,17.9,3.2,16.5,71.4,52,0,20161021,DG
4703,4703,20161021_DJ,18.8,3.1,16.8,76.3,37,0,20161021,DJ
4704,4704,20161021_GB,17.108333333,3.2625,15.470833333,76.470833333,62,0,20161021,GB
4705,4705,20161021_GG,20.7,5.2,17.447619048,63.419047619,177,0,20161021,GG
4706,4706,20161021_GJ,19.6,3.3,17.9,78.9,35,0,20161021,GJ
4707,4707,20161021_GN,18.640909090999997,3.4045454545,16.904545455,72.159090909,60,0,20161021,GN
4708,4708,20161021_GW,18.25,5.0666666667,15.3,76.53888888899999,48,0,20161021,GW
4709,4709,20161021_IC,21.26,4.57,18.1,72.1,35,0,20161021,IC
4710,4710,20161021_JB,19.82,4.68,17.113333333,74.113333333,67,0,20161021,JB
4711,4711,20161021_JJ,21.05,2.65,19.35,90.85,16,0,20161021,JJ
4712,4712,20161021_JN,19.409090909,2.7545454545,17.804545455,76.377272727,53,0,20161021,JN
4713,4713,20161021_SU,22.0,6.3,17.9,58.6,187,0,20161021,SU
4714,4714,20161021_US,17.9,2.2,16.6,75.5,14,0,20161021,US
4715,4715,20161022_BS,22.3,6.5,18.3,70.6,14,0,20161022,BS
4716,4716,20161022_CB,21.44,8.0333333333,16.993333333,67.133333333,7,0,20161022,CB
4717,4717,20161022_CN,21.65625,7.85625,17.21875,78.0375,15,0,20161022,CN
4718,4718,20161022_DG,20.8,7.0,17.0,75.3,20,0,20161022,DG
4719,4719,20161022_DJ,22.1,7.8,17.5,73.9,11,0,20161022,DJ
4720,4720,20161022_GB,20.525,7.395833333300001,16.233333333,77.9125,15,0,20161022,GB
4721,4721,20161022_GG,21.938095238000002,7.9238095238,17.673809524,65.64047619,51,0,20161022,GG
4722,4722,20161022_GJ,22.4,7.5,18.4,75.1,15,0,20161022,GJ
4723,4723,20161022_GN,21.390909090999997,7.15,17.268181818,74.290909091,16,0,20161022,GN
4724,4724,20161022_GW,20.155555556,8.2611111111,16.016666667,74.872222222,7,0,20161022,GW
4725,4725,20161022_IC,20.6,5.36,17.78,80.35,9,0,20161022,IC
4726,4726,20161022_JB,21.46,7.42,17.06,76.006666667,29,0,20161022,JB
4727,4727,20161022_JJ,20.05,1.75,19.05,93.55,2,0,20161022,JJ
4728,4728,20161022_JN,21.572727273,6.5909090909,17.709090909,77.818181818,23,0,20161022,JN
4729,4729,20161022_SU,22.8,8.3,18.3,59.0,54,0,20161022,SU
4730,4730,20161022_US,21.0,7.0,17.2,81.0,2,0,20161022,US
4731,4731,20161023_BS,19.0,4.9,16.4,69.9,1,0,20161023,BS
4732,4732,20161023_CB,17.313333333,6.8666666667,13.793333333,72.446666667,0,0,20161023,CB
4733,4733,20161023_CN,18.025,6.68125,14.59375,82.75,3,0,20161023,CN
4734,4734,20161023_DG,16.9,4.6,14.9,70.0,3,0,20161023,DG
4735,4735,20161023_DJ,17.9,6.5,15.0,77.9,0,0,20161023,DJ
4736,4736,20161023_GB,16.308333333,5.6125,13.483333333,76.283333333,2,0,20161023,GB
4737,4737,20161023_GG,17.55,7.6166666667,13.273809524,72.3,3,0,20161023,GG
4738,4738,20161023_GJ,21.1,8.2,16.8,84.1,1,0,20161023,GJ
4739,4739,20161023_GN,17.8,4.2272727273,15.85,69.336363636,2,0,20161023,GN
4740,4740,20161023_GW,15.211111111,7.205555555599999,11.477777778,74.34444444399999,0,0,20161023,GW
4741,4741,20161023_IC,17.49,6.46,13.84,81.31,1,0,20161023,IC
4742,4742,20161023_JB,19.3,6.86,15.626666667,77.96,2,0,20161023,JB
4743,4743,20161023_JJ,22.15,4.85,18.95,79.25,1,0,20161023,JJ
4744,4744,20161023_JN,20.486363636,6.1136363636,17.227272727,75.540909091,2,0,20161023,JN
4745,4745,20161023_SU,17.8,7.2,13.3,66.3,8,0,20161023,SU
4746,4746,20161024_BS,21.2,7.4,16.2,61.5,82,0,20161024,BS
4747,4747,20161024_CB,19.28,12.24,13.626666667,66.013333333,53,0,20161024,CB
4748,4748,20161024_CN,19.53125,10.16875,14.7,77.73125,76,0,20161024,CN
4749,4749,20161024_DG,19.4,8.6,14.7,65.3,75,0,20161024,DG
4750,4750,20161024_DJ,20.4,10.6,15.5,67.5,31,0,20161024,DJ
4751,4751,20161024_GB,18.6125,10.416666667000001,12.858333333,72.1375,72,0,20161024,GB
4752,4752,20161024_GG,19.819047619000003,11.919047619,14.495238095,61.854761905,221,0,20161024,GG
4753,4753,20161024_GJ,19.7,7.3,16.0,79.1,40,0,20161024,GJ
4754,4754,20161024_GN,20.254545455,7.8227272727,15.336363636,64.704545455,71,0,20161024,GN
4755,4755,20161024_GW,18.422222222000002,13.227777778,11.433333333,72.95555555600001,39,0,20161024,GW
4756,4756,20161024_IC,20.0,10.17,15.34,71.43,56,0,20161024,IC
4757,4757,20161024_JB,19.526666667,7.8466666667,15.48,70.733333333,90,0,20161024,JB
4758,4758,20161024_JJ,21.3,4.25,18.9,75.3,8,0,20161024,JJ
4759,4759,20161024_JN,20.05,6.5409090909000005,16.513636364,70.895454545,72,0,20161024,JN
4760,4760,20161024_SU,20.6,11.6,15.1,54.8,228,0,20161024,SU
4761,4761,20161024_US,18.1,6.9,14.6,69.3,18,0,20161024,US
4762,4762,20161025_BS,21.7,6.7,18.5,78.9,84,0,20161025,BS
4763,4763,20161025_CB,18.2,7.386666666699999,13.426666667000001,88.913333333,42,0,20161025,CB
4764,4764,20161025_CN,19.4375,8.6125,14.45625,91.825,51,0,20161025,CN
4765,4765,20161025_DG,20.5,8.2,15.6,81.6,53,0,20161025,DG
4766,4766,20161025_DJ,20.0,7.7,14.7,89.1,23,0,20161025,DJ
4767,4767,20161025_GB,18.545833333,7.5791666667,13.875,88.09166666700001,61,0,20161025,GB
4768,4768,20161025_GG,18.028571429,6.5904761905,13.680952380999999,90.26666666700001,199,0,20161025,GG
4769,4769,20161025_GJ,20.1,7.6,16.6,85.9,43,0,20161025,GJ
4770,4770,20161025_GN,21.218181817999998,8.7772727273,16.145454545,83.745454545,53,0,20161025,GN
4771,4771,20161025_GW,15.622222222000001,5.1555555556,12.472222222000001,90.805555556,40,0,20161025,GW
4772,4772,20161025_IC,18.08,5.44,14.7,90.49,47,0,20161025,IC
4773,4773,20161025_JB,19.68,7.913333333300001,15.366666667,84.36,75,0,20161025,JB
4774,4774,20161025_JJ,25.6,8.2,20.0,81.1,20,0,20161025,JJ
4775,4775,20161025_JN,20.404545455,7.7227272726999985,16.759090909,83.340909091,67,0,20161025,JN
4776,4776,20161025_SU,17.5,5.0,14.1,84.0,252,0,20161025,SU
4777,4777,20161025_US,22.4,11.1,17.0,86.3,15,0,20161025,US
4778,4778,20161026_BS,22.8,7.6,18.2,66.5,88,0,20161026,BS
4779,4779,20161026_CB,16.253333333,7.12,12.446666667,85.98,31,0,20161026,CB
4780,4780,20161026_CN,17.29375,8.3,12.71875,89.30625,60,0,20161026,CN
4781,4781,20161026_DG,20.1,9.8,14.9,76.3,66,0,20161026,DG
4782,4782,20161026_DJ,16.8,6.0,13.4,87.9,36,0,20161026,DJ
4783,4783,20161026_GB,18.9125,9.0583333333,13.820833333,81.125,65,0,20161026,GB
4784,4784,20161026_GG,16.178571429,6.911904761900001,12.64047619,87.20714285700001,206,0,20161026,GG
4785,4785,20161026_GJ,19.7,9.2,15.2,78.4,36,0,20161026,GJ
4786,4786,20161026_GN,20.459090909,8.859090909099999,15.527272727,75.08181818199999,71,0,20161026,GN
4787,4787,20161026_GW,16.955555556,7.2888888889,13.15,81.40555555600001,33,0,20161026,GW
4788,4788,20161026_IC,16.7,5.8,13.9,86.46,51,0,20161026,IC
4789,4789,20161026_JB,18.98,8.9933333333,13.92,80.413333333,77,0,20161026,JB
4790,4790,20161026_JJ,21.25,6.0,17.7,78.6,11,0,20161026,JJ
4791,4791,20161026_JN,19.295454545,8.3272727273,15.077272727,79.631818182,59,0,20161026,JN
4792,4792,20161026_SU,16.3,5.8,13.3,81.0,244,0,20161026,SU
4793,4793,20161026_US,22.2,9.5,16.5,80.1,16,0,20161026,US
4794,4794,20161027_BS,20.0,4.5,17.6,66.4,64,0,20161027,BS
4795,4795,20161027_CB,18.866666667,10.726666667,13.893333333,75.02,31,0,20161027,CB
4796,4796,20161027_CN,17.99375,9.3,13.79375,85.5125,34,0,20161027,CN
4797,4797,20161027_DG,19.7,10.4,14.9,74.9,43,0,20161027,DG
4798,4798,20161027_DJ,18.0,7.8,14.2,82.3,33,0,20161027,DJ
4799,4799,20161027_GB,18.383333333,9.7375,13.875,78.05,53,0,20161027,GB
4800,4800,20161027_GG,20.102380952,11.678571429000002,14.354761905,72.345238095,183,0,20161027,GG
4801,4801,20161027_GJ,19.2,7.9,15.7,74.5,30,0,20161027,GJ
4802,4802,20161027_GN,19.486363636,9.1363636364,15.359090909,72.445454545,60,0,20161027,GN
4803,4803,20161027_GW,19.516666667,10.022222222,14.088888889000001,74.65,38,0,20161027,GW
4804,4804,20161027_IC,19.54,10.36,14.83,63.65,53,0,20161027,IC
4805,4805,20161027_JB,18.72,10.526666667,14.06,78.893333333,81,0,20161027,JB
4806,4806,20161027_JJ,22.65,6.25,19.55,78.1,14,0,20161027,JJ
4807,4807,20161027_JN,19.904545455,8.9272727273,16.027272727,72.531818182,63,0,20161027,JN
4808,4808,20161027_SU,20.9,12.3,14.6,65.4,218,0,20161027,SU
4809,4809,20161027_US,18.1,6.4,16.2,76.0,10,0,20161027,US
4810,4810,20161028_BS,17.3,2.2,15.6,89.8,71,0,20161028,BS
4811,4811,20161028_CB,15.566666667,4.3666666667000005,13.173333332999999,81.346666667,25,0,20161028,CB
4812,4812,20161028_CN,16.39375,4.5125,13.88125,84.8625,47,0,20161028,CN
4813,4813,20161028_DG,15.9,2.7,14.7,83.6,44,0,20161028,DG
4814,4814,20161028_DJ,15.7,4.6,13.5,91.4,31,0,20161028,DJ
4815,4815,20161028_GB,15.691666667,3.4166666667000003,13.891666667,88.370833333,55,0,20161028,GB
4816,4816,20161028_GG,17.8,7.2619047619,14.280952380999999,67.311904762,170,0,20161028,GG
4817,4817,20161028_GJ,17.1,4.2,14.6,88.3,32,0,20161028,GJ
4818,4818,20161028_GN,16.377272727,3.1681818182,14.513636364000002,86.818181818,55,0,20161028,GN
4819,4819,20161028_GW,16.822222222,6.3944444444,13.361111111,79.65555555600001,26,0,20161028,GW
4820,4820,20161028_IC,17.5,7.37,14.69,62.7,42,0,20161028,IC
4821,4821,20161028_JB,15.793333333,3.6533333333,13.766666667,85.92,66,0,20161028,JB
4822,4822,20161028_JJ,22.35,5.3,19.1,87.1,8,0,20161028,JJ
4823,4823,20161028_JN,17.186363636,3.6045454545,14.854545455,85.659090909,47,0,20161028,JN
4824,4824,20161028_SU,18.4,8.2,14.6,61.8,181,0,20161028,SU
4825,4825,20161028_US,16.6,2.5,15.0,95.6,14,0,20161028,US
4826,4826,20161029_BS,17.4,4.8,14.7,70.6,17,0,20161029,BS
4827,4827,20161029_CB,12.293333333,7.14,8.8533333333,63.066666667,10,0,20161029,CB
4828,4828,20161029_CN,12.75,7.30625,9.025,61.23125,15,0,20161029,CN
4829,4829,20161029_DG,15.6,5.5,13.0,68.3,12,0,20161029,DG
4830,4830,20161029_DJ,13.5,7.4,9.2,68.4,7,0,20161029,DJ
4831,4831,20161029_GB,14.354166667000001,5.775,11.416666667000001,76.366666667,13,0,20161029,GB
4832,4832,20161029_GG,12.078571429,8.483333333300001,8.119047619,46.292857143,47,0,20161029,GG
4833,4833,20161029_GJ,14.6,6.9,11.3,61.3,14,0,20161029,GJ
4834,4834,20161029_GN,16.377272727,6.631818181799999,13.25,71.818181818,19,0,20161029,GN
4835,4835,20161029_GW,12.711111111,6.9222222222,9.35,70.833333333,5,0,20161029,GW
4836,4836,20161029_IC,10.4,5.77,7.63,40.13,10,0,20161029,IC
4837,4837,20161029_JB,13.853333333,7.8466666667,9.893333333300001,64.453333333,27,0,20161029,JB
4838,4838,20161029_JJ,18.2,4.35,15.85,64.8,1,0,20161029,JJ
4839,4839,20161029_JN,15.35,7.0363636364,11.872727272999999,61.309090909,17,0,20161029,JN
4840,4840,20161029_SU,11.2,7.7,7.8,40.3,46,0,20161029,SU
4841,4841,20161029_US,14.7,4.1,12.9,85.4,1,0,20161029,US
4842,4842,20161030_BS,19.0,9.2,12.9,56.8,1,0,20161030,BS
4843,4843,20161030_CB,13.813333333,13.526666667,6.0666666667,53.086666666999996,2,0,20161030,CB
4844,4844,20161030_CN,14.375,14.4375,6.5625,59.33125,0,0,20161030,CN
4845,4845,20161030_DG,16.4,10.7,9.8,45.9,0,0,20161030,DG
4846,4846,20161030_DJ,14.5,13.3,7.1,54.8,2,0,20161030,DJ
4847,4847,20161030_GB,15.208333332999999,11.4,8.429166666699999,60.1875,1,0,20161030,GB
4848,4848,20161030_GG,14.857142857000001,14.680952380999999,6.9476190476,43.64047619,7,0,20161030,GG
4849,4849,20161030_GJ,16.9,11.0,10.1,44.1,0,0,20161030,GJ
4850,4850,20161030_GN,16.677272727000002,10.309090909,10.272727273,57.831818182,2,0,20161030,GN
4851,4851,20161030_GW,13.261111110999998,12.016666667,6.6388888889,57.966666667,1,0,20161030,GW
4852,4852,20161030_IC,13.38,9.77,8.44,33.0,1,0,20161030,IC
4853,4853,20161030_JB,15.0,12.706666667,7.5933333333,54.686666667,2,0,20161030,JB
4854,4854,20161030_JJ,18.05,5.25,15.05,57.95,0,0,20161030,JJ
4855,4855,20161030_JN,16.277272727,10.731818182,9.845454545499999,52.172727273,0,0,20161030,JN
4856,4856,20161030_SU,15.1,13.5,7.9,31.9,7,0,20161030,SU
4857,4857,20161030_US,16.7,9.5,10.8,58.8,0,0,20161030,US
4858,4858,20161031_BS,15.1,4.4,12.7,60.1,89,0,20161031,BS
4859,4859,20161031_CB,10.006666667000001,6.86,6.8133333333,64.873333333,49,0,20161031,CB
4860,4860,20161031_CN,10.94375,6.84375,7.575,71.35625,61,0,20161031,CN
4861,4861,20161031_DG,11.8,6.0,9.5,65.3,71,0,20161031,DG
4862,4862,20161031_DJ,10.4,5.5,7.8,70.0,52,0,20161031,DJ
4863,4863,20161031_GB,11.129166667,6.716666666699999,8.3958333333,68.93333333300001,70,0,20161031,GB
4864,4864,20161031_GG,9.285714285700001,8.1095238095,6.0142857143,61.016666666999996,220,0,20161031,GG
4865,4865,20161031_GJ,13.1,5.7,9.8,70.3,37,0,20161031,GJ
4866,4866,20161031_GN,12.804545455,6.35,9.6590909091,72.404545455,69,0,20161031,GN
4867,4867,20161031_GW,10.605555556,7.3722222222,7.5,58.394444443999994,32,0,20161031,GW
4868,4868,20161031_IC,9.53,7.79,6.59,61.76,49,0,20161031,IC
4869,4869,20161031_JB,12.86,7.98,8.6266666667,67.04,88,0,20161031,JB
4870,4870,20161031_JJ,17.65,4.3,15.3,68.85,15,0,20161031,JJ
4871,4871,20161031_JN,13.059090909000002,6.3863636364,9.945454545499999,73.277272727,71,0,20161031,JN
4872,4872,20161031_SU,8.2,7.5,5.7,59.9,220,0,20161031,SU
4873,4873,20161031_US,13.3,5.9,10.5,74.4,18,0,20161031,US
4890,4890,20161102_BS,14.1,11.0,8.2,35.9,78,0,20161102,BS
4891,4891,20161102_CB,10.64,14.633333333,3.7266666667,57.486666667,35,0,20161102,CB
4892,4892,20161102_CN,11.3875,14.33125,4.625,70.2625,67,0,20161102,CN
4893,4893,20161102_DG,12.4,10.1,6.8,39.9,64,0,20161102,DG
4894,4894,20161102_DJ,11.7,14.1,5.1,64.1,33,0,20161102,DJ
4895,4895,20161102_GB,11.95,13.070833333,5.0541666667000005,50.895833333,76,0,20161102,GB
4896,4896,20161102_GG,10.54047619,13.888095238,3.8571428571,60.280952381000006,237,0,20161102,GG
4897,4897,20161102_GJ,12.7,10.4,7.5,57.0,24,0,20161102,GJ
4898,4898,20161102_GN,13.413636364,12.595454545,6.654545454500001,47.886363636000006,73,0,20161102,GN
4899,4899,20161102_GW,10.544444444,13.233333333,4.4611111111,52.372222222,40,0,20161102,GW
4900,4900,20161102_IC,9.69,10.5,4.94,58.7,48,0,20161102,IC
4901,4901,20161102_JB,11.786666667,13.64,5.0,64.733333333,79,0,20161102,JB
4902,4902,20161102_JJ,15.0,6.15,11.85,64.5,15,0,20161102,JJ
4903,4903,20161102_JN,12.986363635999998,11.159090909000001,7.25,59.759090908999994,62,0,20161102,JN
4904,4904,20161102_SU,10.5,13.2,4.1,53.1,226,0,20161102,SU
4905,4905,20161102_US,12.2,10.3,6.8,41.6,19,0,20161102,US
4906,4906,20161103_BS,17.5,11.6,11.2,58.0,96,0,20161103,BS
4907,4907,20161103_CB,13.74,11.14,7.0266666667,68.946666667,35,0,20161103,CB
4908,4908,20161103_CN,15.3,12.6125,7.38125,77.85,47,0,20161103,CN
4909,4909,20161103_DG,14.6,13.3,7.6,71.1,65,0,20161103,DG
4910,4910,20161103_DJ,14.8,11.1,8.1,76.3,47,0,20161103,DJ
4911,4911,20161103_GB,14.075,12.595833333,7.2,68.733333333,59,0,20161103,GB
4912,4912,20161103_GG,14.221428570999999,10.554761905,8.4428571429,69.280952381,190,0,20161103,GG
4913,4913,20161103_GJ,16.4,12.0,9.8,74.8,33,0,20161103,GJ
4914,4914,20161103_GN,15.768181818,12.654545455,8.9863636364,69.195454545,73,0,20161103,GN
4915,4915,20161103_GW,13.1,9.4055555556,8.1222222222,62.027777778,34,0,20161103,GW
4916,4916,20161103_IC,13.51,8.05,10.39,67.09,44,0,20161103,IC
4917,4917,20161103_JB,14.42,11.24,8.0933333333,77.386666667,87,0,20161103,JB
4918,4918,20161103_JJ,18.1,7.75,13.7,63.9,16,0,20161103,JJ
4919,4919,20161103_JN,16.263636364,12.259090909000001,9.5,73.659090909,64,0,20161103,JN
4920,4920,20161103_SU,14.1,9.9,9.1,62.8,231,0,20161103,SU
4921,4921,20161103_US,15.3,13.0,8.6,69.8,12,0,20161103,US
4922,4922,20161104_BS,19.0,8.9,14.1,56.0,61,0,20161104,BS
4923,4923,20161104_CB,17.186666667,16.34,9.186666666699999,70.346666667,31,0,20161104,CB
4924,4924,20161104_CN,17.1625,15.3,10.14375,82.76875,44,0,20161104,CN
4925,4925,20161104_DG,18.0,15.5,9.3,69.4,45,0,20161104,DG
4926,4926,20161104_DJ,17.4,14.7,9.9,77.5,27,0,20161104,DJ
4927,4927,20161104_GB,17.716666667000002,15.458333332999999,9.0916666667,67.920833333,56,0,20161104,GB
4928,4928,20161104_GG,16.042857143,10.371428571000001,11.545238095,71.45952381,162,0,20161104,GG
4929,4929,20161104_GJ,18.0,13.0,11.4,80.5,28,0,20161104,GJ
4930,4930,20161104_GN,17.918181818,14.013636364000002,10.331818182000001,70.48636363600001,55,0,20161104,GN
4931,4931,20161104_GW,15.894444444000001,10.9,11.222222222000001,65.133333333,33,0,20161104,GW
4932,4932,20161104_IC,16.61,7.02,13.04,73.92,45,0,20161104,IC
4933,4933,20161104_JB,17.5,14.24,9.6533333333,77.28666666699999,74,0,20161104,JB
4934,4934,20161104_JJ,18.85,8.3,14.35,66.8,11,0,20161104,JJ
4935,4935,20161104_JN,17.881818182,13.568181818,10.686363636,79.363636364,59,0,20161104,JN
4936,4936,20161104_SU,15.7,7.5,12.3,67.0,148,0,20161104,SU
4937,4937,20161104_US,19.4,14.2,12.1,59.9,14,0,20161104,US
4938,4938,20161105_BS,20.5,8.2,15.9,70.0,19,0,20161105,BS
4939,4939,20161105_CB,18.7,11.433333333,12.553333333,75.7,6,0,20161105,CB
4940,4940,20161105_CN,19.1375,9.96875,13.58125,87.24375,16,0,20161105,CN
4941,4941,20161105_DG,20.3,15.4,12.0,75.3,17,0,20161105,DG
4942,4942,20161105_DJ,19.2,10.5,13.3,81.3,4,0,20161105,DJ
4943,4943,20161105_GB,19.870833333,14.883333333,12.320833333,72.408333333,17,0,20161105,GB
4944,4944,20161105_GG,18.947619048,8.5023809524,14.283333333,81.395238095,64,0,20161105,GG
4945,4945,20161105_GJ,21.2,11.5,14.5,82.9,12,0,20161105,GJ
4946,4946,20161105_GN,20.7,14.2,12.854545455,77.677272727,13,0,20161105,GN
4947,4947,20161105_GW,18.622222222,8.6722222222,14.355555555999999,69.1,9,0,20161105,GW
4948,4948,20161105_IC,17.94,5.67,15.14,85.06,14,0,20161105,IC
4949,4949,20161105_JB,20.166666667,12.726666667,13.013333333,79.873333333,23,0,20161105,JB
4950,4950,20161105_JJ,21.8,9.4,16.85,70.65,2,0,20161105,JJ
4951,4951,20161105_JN,20.736363636,12.577272727,13.713636364000001,82.0,23,0,20161105,JN
4952,4952,20161105_SU,18.1,5.9,15.0,77.4,43,0,20161105,SU
4953,4953,20161105_US,21.2,12.8,14.6,70.5,2,0,20161105,US
4954,4954,20161106_BS,16.6,3.7,14.3,79.0,3,0,20161106,BS
4955,4955,20161106_CB,16.226666667,7.3066666667,12.586666667000001,68.48,0,0,20161106,CB
4956,4956,20161106_CN,18.9375,9.6125,13.8125,78.83125,2,0,20161106,CN
4957,4957,20161106_DG,14.5,5.7,12.3,78.3,0,0,20161106,DG
4958,4958,20161106_DJ,18.2,8.4,13.3,78.9,0,0,20161106,DJ
4959,4959,20161106_GB,14.045833333,5.7625,11.320833333,79.958333333,1,0,20161106,GB
4960,4960,20161106_GG,18.116666667,6.769047619,14.002380952000001,63.521428571,7,0,20161106,GG
4961,4961,20161106_GJ,21.9,13.2,14.1,78.8,0,0,20161106,GJ
4962,4962,20161106_GN,16.009090909,7.240909090900002,12.777272727,77.777272727,2,0,20161106,GN
4963,4963,20161106_GW,12.866666667,3.8111111111,10.422222222,75.505555556,0,0,20161106,GW
4964,4964,20161106_IC,18.13,5.23,14.95,65.73,1,0,20161106,IC
4965,4965,20161106_JB,19.526666667,12.313333333,13.173333332999999,76.18,1,0,20161106,JB
4966,4966,20161106_JJ,21.65,8.45,17.55,73.2,0,0,20161106,JJ
4967,4967,20161106_JN,20.018181818,11.0,14.1,77.5,4,0,20161106,JN
4968,4968,20161106_SU,18.3,6.4,14.0,59.4,10,0,20161106,SU
4969,4969,20161106_US,15.8,4.3,12.8,95.3,0,0,20161106,US
4970,4970,20161107_BS,18.5,5.9,14.3,68.9,88,0,20161107,BS
4971,4971,20161107_CB,18.28,8.393333333300001,13.646666667,65.7,34,0,20161107,CB
4972,4972,20161107_CN,17.9,8.5625,13.36875,78.4375,61,0,20161107,CN
4973,4973,20161107_DG,17.4,7.9,12.9,75.5,67,0,20161107,DG
4974,4974,20161107_DJ,18.8,8.0,14.3,72.5,49,0,20161107,DJ
4975,4975,20161107_GB,16.629166667,7.404166666699999,12.166666667000001,79.429166667,66,0,20161107,GB
4976,4976,20161107_GG,17.888095238,9.0571428571,12.995238095,71.811904762,243,0,20161107,GG
4977,4977,20161107_GJ,20.6,10.8,15.0,72.1,56,0,20161107,GJ
4978,4978,20161107_GN,18.286363636,9.5,13.054545455,74.872727273,67,0,20161107,GN
4979,4979,20161107_GW,16.227777778,7.466666666699999,12.227777778,75.95,56,0,20161107,GW
4980,4980,20161107_IC,16.62,7.91,12.83,74.7,44,0,20161107,IC
4981,4981,20161107_JB,19.006666667,9.9266666667,13.866666667,70.76,83,0,20161107,JB
4982,4982,20161107_JJ,21.2,5.2,17.9,66.45,7,0,20161107,JJ
4983,4983,20161107_JN,19.472727273,8.568181818200001,14.9,72.2,72,0,20161107,JN
4984,4984,20161107_SU,17.8,9.3,12.8,71.3,221,0,20161107,SU
4985,4985,20161107_US,16.2,5.4,13.2,84.4,11,0,20161107,US
4986,4986,20161108_BS,15.9,7.7,12.5,54.6,84,0,20161108,BS
4987,4987,20161108_CB,11.113333333,10.42,6.3533333333,61.87333333300001,31,0,20161108,CB
4988,4988,20161108_CN,10.71875,8.925,6.4625,68.0125,44,0,20161108,CN
4989,4989,20161108_DG,13.5,8.3,10.6,51.6,51,0,20161108,DG
4990,4990,20161108_DJ,12.3,11.4,6.9,69.0,40,0,20161108,DJ
4991,4991,20161108_GB,13.995833333,10.583333332999999,9.3083333333,62.370833333,67,0,20161108,GB
4992,4992,20161108_GG,8.9928571429,8.7,4.769047619,59.647619048,214,0,20161108,GG
4993,4993,20161108_GJ,14.7,9.5,9.2,66.0,25,0,20161108,GJ
4994,4994,20161108_GN,15.313636364,9.9363636364,11.322727273,57.345454545,66,0,20161108,GN
4995,4995,20161108_GW,12.038888889,9.7833333333,7.2777777778,66.383333333,38,0,20161108,GW
4996,4996,20161108_IC,8.72,7.78,4.05,56.72,43,0,20161108,IC
4997,4997,20161108_JB,12.186666667,9.893333333300001,7.42,67.366666667,77,0,20161108,JB
4998,4998,20161108_JJ,17.4,6.45,13.8,77.05,19,0,20161108,JJ
4999,4999,20161108_JN,14.340909090999999,8.4863636364,9.6318181818,65.822727273,71,0,20161108,JN
5000,5000,20161108_SU,8.4,8.0,4.1,58.0,213,0,20161108,SU
5001,5001,20161108_US,14.3,8.8,11.2,63.0,22,0,20161108,US
5002,5002,20161109_BS,15.8,12.0,9.7,54.3,62,0,20161109,BS
5003,5003,20161109_CB,9.02,11.84,2.2933333333,55.246666667,34,0,20161109,CB
5004,5004,20161109_CN,9.01875,11.76875,2.6875,58.2875,50,0,20161109,CN
5005,5005,20161109_DG,12.0,10.4,6.0,53.8,52,0,20161109,DG
5006,5006,20161109_DJ,9.8,12.9,3.1,54.0,27,0,20161109,DJ
5007,5007,20161109_GB,11.391666667,11.35,4.8583333333,61.470833333,52,0,20161109,GB
5008,5008,20161109_GG,8.769047619,11.802380952,2.1738095238,47.973809523999996,165,0,20161109,GG
5009,5009,20161109_GJ,11.5,11.0,5.8,43.8,31,0,20161109,GJ
5010,5010,20161109_GN,13.277272727,12.104545455,6.85,51.368181818000004,58,0,20161109,GN
5011,5011,20161109_GW,8.8055555556,9.8444444444,2.9333333333,65.394444444,32,0,20161109,GW
5012,5012,20161109_IC,6.24,8.64,1.95,43.53,39,0,20161109,IC
5013,5013,20161109_JB,9.7466666667,12.02,3.4066666667,57.546666667,67,0,20161109,JB
5014,5014,20161109_JJ,13.95,5.2,11.6,55.35,8,0,20161109,JJ
5015,5015,20161109_JN,11.513636364000002,10.318181818,6.0181818182,48.390909091000005,47,0,20161109,JN
5016,5016,20161109_SU,8.6,11.8,2.1,41.1,220,0,20161109,SU
5017,5017,20161109_US,12.8,10.5,7.3,66.1,7,0,20161109,US
5018,5018,20161110_BS,14.3,4.6,11.0,74.3,56,0,20161110,BS
5019,5019,20161110_CB,12.0,11.16,5.92,74.44,34,0,20161110,CB
5020,5020,20161110_CN,11.01875,9.775,6.23125,78.0875,41,0,20161110,CN
5021,5021,20161110_DG,14.2,9.9,9.4,68.8,55,0,20161110,DG
5022,5022,20161110_DJ,12.0,9.6,6.8,79.3,34,0,20161110,DJ
5023,5023,20161110_GB,13.1125,10.154166667,7.904166666699999,74.8125,48,0,20161110,GB
5024,5024,20161110_GG,10.480952381,9.7642857143,5.9619047619000005,64.54047619,173,0,20161110,GG
5025,5025,20161110_GJ,12.8,7.2,8.5,78.0,28,0,20161110,GJ
5026,5026,20161110_GN,14.486363635999998,8.681818181799999,9.695454545499999,71.090909091,69,0,20161110,GN
5027,5027,20161110_GW,10.338888889,9.9055555556,5.5388888889,74.894444444,33,0,20161110,GW
5028,5028,20161110_IC,9.79,8.24,6.28,61.25,53,0,20161110,IC
5029,5029,20161110_JB,11.506666667000001,9.04,6.58,78.18,71,0,20161110,JB
5030,5030,20161110_JJ,15.55,4.6,13.15,75.85,11,0,20161110,JJ
5031,5031,20161110_JN,12.954545455,7.495454545499999,8.7590909091,77.786363636,42,0,20161110,JN
5032,5032,20161110_SU,9.8,8.3,6.0,55.5,191,0,20161110,SU
5033,5033,20161110_US,14.0,7.2,9.5,87.5,8,0,20161110,US
5034,5034,20161111_BS,17.8,9.6,12.8,60.6,72,0,20161111,BS
5035,5035,20161111_CB,14.18,10.66,8.233333333300001,71.353333333,27,0,20161111,CB
5036,5036,20161111_CN,14.69375,10.825,8.8125,80.96875,41,0,20161111,CN
5037,5037,20161111_DG,15.9,10.2,10.2,66.0,42,0,20161111,DG
5038,5038,20161111_DJ,14.8,9.0,9.3,78.1,35,0,20161111,DJ
5039,5039,20161111_GB,15.204166667,10.816666667,9.170833333300001,67.329166667,62,0,20161111,GB
5040,5040,20161111_GG,14.335714285999998,9.5285714286,8.7214285714,68.254761905,194,0,20161111,GG
5041,5041,20161111_GJ,16.4,9.6,10.4,75.0,29,0,20161111,GJ
5042,5042,20161111_GN,17.177272727000002,11.631818182,10.604545455,66.859090909,55,0,20161111,GN
5043,5043,20161111_GW,13.811111110999999,10.133333333,8.4888888889,64.172222222,34,0,20161111,GW
5044,5044,20161111_IC,13.41,6.08,10.2,61.61,42,0,20161111,IC
5045,5045,20161111_JB,14.753333332999999,10.48,8.946666666699999,74.466666667,70,0,20161111,JB
5046,5046,20161111_JJ,18.35,6.95,14.4,61.15,13,0,20161111,JJ
5047,5047,20161111_JN,16.368181818,10.822727273,10.131818182,73.2,48,0,20161111,JN
5048,5048,20161111_SU,14.2,8.0,9.1,63.3,173,0,20161111,SU
5049,5049,20161111_US,16.5,10.9,10.7,70.1,14,0,20161111,US
5050,5050,20161112_BS,20.3,11.5,14.6,62.1,19,0,20161112,BS
5051,5051,20161112_CB,17.573333333,16.52,8.2066666667,70.553333333,8,0,20161112,CB
5052,5052,20161112_CN,17.8125,15.70625,9.44375,79.8625,14,0,20161112,CN
5053,5053,20161112_DG,18.7,15.9,10.2,69.4,16,0,20161112,DG
5054,5054,20161112_DJ,18.6,15.9,9.7,76.9,8,0,20161112,DJ
5055,5055,20161112_GB,17.841666667000002,15.525,8.825,68.283333333,20,0,20161112,GB
5056,5056,20161112_GG,17.064285714,13.516666667,10.573809524,68.311904762,41,0,20161112,GG
5057,5057,20161112_GJ,21.2,16.3,12.3,73.1,19,0,20161112,GJ
5058,5058,20161112_GN,18.881818182,14.922727273,10.809090909000002,72.181818182,15,0,20161112,GN
5059,5059,20161112_GW,17.194444444000002,15.022222222,9.7611111111,60.483333333000004,4,0,20161112,GW
5060,5060,20161112_IC,15.73,7.41,12.51,66.69,9,0,20161112,IC
5061,5061,20161112_JB,19.273333333,16.786666667000002,9.94,68.206666667,19,0,20161112,JB
5062,5062,20161112_JJ,20.4,10.45,15.8,61.25,2,0,20161112,JJ
5063,5063,20161112_JN,19.581818182,15.518181818,11.55,74.140909091,15,0,20161112,JN
5064,5064,20161112_SU,16.7,11.6,11.4,62.1,49,0,20161112,SU
5065,5065,20161112_US,19.5,14.2,12.2,67.6,1,0,20161112,US
5066,5066,20161113_BS,18.0,5.1,15.8,79.1,1,0,20161113,BS
5067,5067,20161113_CB,18.593333333,13.633333333,11.373333333,72.486666667,2,0,20161113,CB
5068,5068,20161113_CN,19.54375,12.875,13.0,83.75625,2,0,20161113,CN
5069,5069,20161113_DG,17.8,13.2,11.1,78.6,3,0,20161113,DG
5070,5070,20161113_DJ,18.1,11.5,12.1,79.4,2,0,20161113,DJ
5071,5071,20161113_GB,18.0375,13.8125,10.975,77.1875,1,0,20161113,GB
5072,5072,20161113_GG,18.228571429000002,8.1571428571,13.554761905,80.726190476,5,0,20161113,GG
5073,5073,20161113_GJ,20.0,10.0,14.7,84.9,0,0,20161113,GJ
5074,5074,20161113_GN,17.372727273,9.3818181818,12.95,82.468181818,3,0,20161113,GN
5075,5075,20161113_GW,16.883333333,9.1611111111,11.727777778,79.55,0,0,20161113,GW
5076,5076,20161113_IC,18.77,6.44,15.32,75.18,0,0,20161113,IC
5077,5077,20161113_JB,19.553333333,12.726666667,13.34,74.28,3,0,20161113,JB
5078,5078,20161113_JJ,21.65,6.15,17.65,84.2,1,0,20161113,JJ
5079,5079,20161113_JN,19.372727273,10.05,14.327272727,84.19090909100001,4,0,20161113,JN
5080,5080,20161113_SU,18.1,6.0,14.4,74.8,7,0,20161113,SU
5081,5081,20161113_US,18.0,10.4,13.7,86.3,0,0,20161113,US
5082,5082,20161114_BS,19.5,3.8,17.0,88.5,78,0,20161114,BS
5083,5083,20161114_CB,21.22,13.32,14.273333333,74.57333333300001,34,0,20161114,CB
5084,5084,20161114_CN,20.93125,12.0125,14.45625,83.81875,73,0,20161114,CN
5085,5085,20161114_DG,20.4,10.0,14.4,83.3,78,0,20161114,DG
5086,5086,20161114_DJ,21.9,12.4,15.3,80.1,32,0,20161114,DJ
5087,5087,20161114_GB,20.0,10.495833333,14.245833333,82.1,73,0,20161114,GB
5088,5088,20161114_GG,16.552380952,7.114285714299999,13.035714286,84.254761905,211,0,20161114,GG
5089,5089,20161114_GJ,17.3,2.9,15.8,98.0,51,0,20161114,GJ
5090,5090,20161114_GN,17.459090909,4.3772727273,14.931818182,92.35,66,0,20161114,GN
5091,5091,20161114_GW,17.738888889000002,10.105555556,13.094444444,81.03888888899999,49,0,20161114,GW
5092,5092,20161114_IC,15.64,5.83,13.56,80.85,50,0,20161114,IC
5093,5093,20161114_JB,18.826666667,8.8533333333,14.553333333,85.173333333,73,0,20161114,JB
5094,5094,20161114_JJ,23.05,6.6,19.0,93.8,17,0,20161114,JJ
5095,5095,20161114_JN,17.959090909,3.5909090909,16.040909091,91.01363636399999,69,0,20161114,JN
5096,5096,20161114_SU,15.8,5.6,13.2,78.5,217,0,20161114,SU
5097,5097,20161114_US,20.3,6.7,16.0,93.5,16,0,20161114,US
5098,5098,20161115_BS,19.9,8.3,15.2,57.0,71,0,20161115,BS
5099,5099,20161115_CB,14.286666667,12.786666667,7.6933333333,48.073333333,33,0,20161115,CB
5100,5100,20161115_CN,13.39375,12.61875,7.21875,59.33125,61,0,20161115,CN
5101,5101,20161115_DG,17.0,11.5,12.2,42.4,36,0,20161115,DG
5102,5102,20161115_DJ,14.6,11.9,8.3,52.6,35,0,20161115,DJ
5103,5103,20161115_GB,16.558333333,12.5,10.733333333,53.15,58,0,20161115,GB
5104,5104,20161115_GG,11.102380952,9.233333333300001,5.8071428571000006,47.60952381,198,0,20161115,GG
5105,5105,20161115_GJ,15.4,10.2,10.7,53.0,49,0,20161115,GJ
5106,5106,20161115_GN,18.445454545,12.690909090999998,12.640909091,51.459090909,74,0,20161115,GN
5107,5107,20161115_GW,14.561111110999999,12.066666667,8.1944444444,56.483333333000004,41,0,20161115,GW
5108,5108,20161115_IC,10.06,7.39,5.62,46.78,30,0,20161115,IC
5109,5109,20161115_JB,14.366666667,12.46,8.7,56.36,86,0,20161115,JB
5110,5110,20161115_JJ,18.6,7.5,15.25,66.95,14,0,20161115,JJ
5111,5111,20161115_JN,15.781818182,10.045,11.15,56.440909091,57,0,20161115,JN
5112,5112,20161115_SU,10.2,7.7,5.2,44.3,226,0,20161115,SU
5113,5113,20161115_US,17.4,8.0,13.8,64.6,16,0,20161115,US
5114,5114,20161116_BS,19.0,9.5,13.2,44.3,72,0,20161116,BS
5115,5115,20161116_CB,11.786666667,13.86,4.36,58.653333333,23,0,20161116,CB
5116,5116,20161116_CN,12.1125,13.86875,4.43125,69.51875,53,0,20161116,CN
5117,5117,20161116_DG,16.1,14.5,9.1,41.9,64,0,20161116,DG
5118,5118,20161116_DJ,12.9,13.4,5.7,63.4,36,0,20161116,DJ
5119,5119,20161116_GB,14.858333333,14.425,7.225,50.070833333,63,0,20161116,GB
5120,5120,20161116_GG,11.895238095,13.1,4.7452380952,54.533333333,184,0,20161116,GG
5121,5121,20161116_GJ,16.8,14.3,9.2,49.9,35,0,20161116,GJ
5122,5122,20161116_GN,16.636363636,13.677272727,9.036363636399999,52.068181818,65,0,20161116,GN
5123,5123,20161116_GW,12.622222222000001,12.888888889,5.3833333333,58.672222221999995,31,0,20161116,GW
5124,5124,20161116_IC,10.11,8.97,5.59,51.15,45,0,20161116,IC
5125,5125,20161116_JB,13.3,14.366666667,5.48,63.52,76,0,20161116,JB
5126,5126,20161116_JJ,17.75,8.15,13.8,66.0,15,0,20161116,JJ
5127,5127,20161116_JN,16.809090909000002,14.709090909,8.595454545499999,57.695454545,57,0,20161116,JN
5128,5128,20161116_SU,12.0,12.0,5.2,44.3,200,0,20161116,SU
5129,5129,20161116_US,17.9,12.4,11.6,38.5,10,0,20161116,US
5130,5130,20161117_BS,18.6,9.4,13.3,53.6,50,0,20161117,BS
5131,5131,20161117_CB,14.633333333,14.166666667000001,6.44,61.366666667,30,0,20161117,CB
5132,5132,20161117_CN,15.25625,13.6625,7.71875,70.05,42,0,20161117,CN
5133,5133,20161117_DG,15.5,9.6,10.2,55.4,42,0,20161117,DG
5134,5134,20161117_DJ,15.4,12.1,8.1,65.9,34,0,20161117,DJ
5135,5135,20161117_GB,15.225,12.016666667,8.0666666667,60.579166666999996,57,0,20161117,GB
5136,5136,20161117_GG,15.90952381,13.564285714,7.8976190476,65.719047619,149,0,20161117,GG
5137,5137,20161117_GJ,20.0,11.9,13.6,47.1,31,0,20161117,GJ
5138,5138,20161117_GN,17.595454545,11.677272727,10.822727273,58.695454545,55,0,20161117,GN
5139,5139,20161117_GW,14.216666667,13.033333333,6.35,66.71111111100001,34,0,20161117,GW
5140,5140,20161117_IC,13.57,8.2,9.26,63.8,46,0,20161117,IC
5141,5141,20161117_JB,17.453333333,14.56,9.4866666667,60.833333333,82,0,20161117,JB
5142,5142,20161117_JJ,19.65,7.5,16.05,65.65,9,0,20161117,JJ
5143,5143,20161117_JN,18.518181818,12.25,11.640909091,58.836363636,49,0,20161117,JN
5144,5144,20161117_SU,16.5,12.5,9.1,56.4,228,0,20161117,SU
5145,5145,20161117_US,16.5,8.3,11.5,56.5,3,0,20161117,US
5146,5146,20161118_BS,20.8,9.4,15.2,80.5,66,0,20161118,BS
5147,5147,20161118_CB,13.7,12.346666667000001,7.96,78.333333333,33,0,20161118,CB
5148,5148,20161118_CN,14.49375,12.5875,8.55,87.9125,48,0,20161118,CN
5149,5149,20161118_DG,16.5,12.5,10.4,82.1,52,0,20161118,DG
5150,5150,20161118_DJ,13.8,10.8,9.0,84.1,27,0,20161118,DJ
5151,5151,20161118_GB,15.804166667,12.991666667,9.554166666699999,82.979166667,51,0,20161118,GB
5152,5152,20161118_GG,14.626190476,11.638095238,9.3166666667,71.41190476199999,161,0,20161118,GG
5153,5153,20161118_GJ,15.6,7.8,11.9,85.9,30,0,20161118,GJ
5154,5154,20161118_GN,17.327272727,11.781818182,11.418181817999999,82.772727273,51,0,20161118,GN
5155,5155,20161118_GW,14.577777778,13.0,8.5833333333,73.088888889,41,0,20161118,GW
5156,5156,20161118_IC,15.07,8.48,11.45,61.43,35,0,20161118,IC
5157,5157,20161118_JB,15.64,12.093333333,9.6933333333,82.36,66,0,20161118,JB
5158,5158,20161118_JJ,21.8,5.85,19.1,76.9,14,0,20161118,JJ
5159,5159,20161118_JN,16.086363635999998,8.7590909091,12.259090909000001,85.509090909,53,0,20161118,JN
5160,5160,20161118_SU,14.6,9.7,10.3,58.4,164,0,20161118,SU
5161,5161,20161118_US,19.8,12.2,13.0,88.1,8,0,20161118,US
5162,5162,20161119_BS,20.4,7.0,15.9,88.4,11,0,20161119,BS
5163,5163,20161119_CB,13.593333333,4.2133333333,11.64,91.53333333299999,13,0,20161119,CB
5164,5164,20161119_CN,14.7,4.625,12.45625,96.325,16,0,20161119,CN
5165,5165,20161119_DG,18.3,7.1,13.9,86.9,13,0,20161119,DG
5166,5166,20161119_DJ,14.3,3.9,12.6,96.3,6,0,20161119,DJ
5167,5167,20161119_GB,16.3875,6.175,12.904166667,89.34166666700001,23,0,20161119,GB
5168,5168,20161119_GG,16.40952381,6.8047619048,12.621428571,80.142857143,44,0,20161119,GG
5169,5169,20161119_GJ,16.4,3.9,14.7,98.9,14,0,20161119,GJ
5170,5170,20161119_GN,19.281818182000002,7.5681818182,14.4,90.613636364,25,0,20161119,GN
5171,5171,20161119_GW,16.705555556,7.8555555556,12.838888889000001,75.472222222,8,0,20161119,GW
5172,5172,20161119_IC,15.72,5.56,12.57,78.58,12,0,20161119,IC
5173,5173,20161119_JB,15.086666667000001,4.58,12.946666667,95.96666666700001,21,0,20161119,JB
5174,5174,20161119_JJ,22.25,4.95,18.7,88.4,5,0,20161119,JJ
5175,5175,20161119_JN,16.7,3.5227272727,14.968181818,95.94090909100001,24,0,20161119,JN
5176,5176,20161119_SU,18.6,8.7,13.0,71.1,41,0,20161119,SU
5177,5177,20161119_US,20.9,8.9,15.3,93.0,3,0,20161119,US
5178,5178,20161120_BS,19.4,5.4,15.8,71.3,1,0,20161120,BS
5179,5179,20161120_CB,16.366666667,11.386666667,10.793333333,70.5,1,0,20161120,CB
5180,5180,20161120_CN,15.88125,10.5875,10.5875,70.80625,0,0,20161120,CN
5181,5181,20161120_DG,19.6,8.9,14.2,70.5,3,0,20161120,DG
5182,5182,20161120_DJ,16.4,9.7,11.5,76.0,1,0,20161120,DJ
5183,5183,20161120_GB,18.541666667,10.720833333,12.870833333,71.06666666699999,1,0,20161120,GB
5184,5184,20161120_GG,15.742857143,10.569047619,10.069047619,53.00952381,9,0,20161120,GG
5185,5185,20161120_GJ,18.6,7.7,14.1,77.8,0,0,20161120,GJ
5186,5186,20161120_GN,19.736363636,9.5818181818,14.186363636,75.231818182,3,0,20161120,GN
5187,5187,20161120_GW,16.866666667,11.788888889,11.183333333,62.25,1,0,20161120,GW
5188,5188,20161120_IC,13.1,7.05,9.03,50.4,0,0,20161120,IC
5189,5189,20161120_JB,17.693333332999998,11.073333332999999,11.86,74.42666666699999,1,0,20161120,JB
5190,5190,20161120_JJ,19.2,3.2,17.75,83.95,0,0,20161120,JJ
5191,5191,20161120_JN,18.636363636,8.3545454545,14.022727273,78.990909091,1,0,20161120,JN
5192,5192,20161120_SU,15.3,8.9,9.8,48.6,10,0,20161120,SU
5193,5193,20161120_US,19.5,6.9,15.0,74.8,0,0,20161120,US
5194,5194,20161121_BS,18.8,5.8,14.9,70.8,92,0,20161121,BS
5195,5195,20161121_CB,11.38,7.28,7.92,81.84,40,0,20161121,CB
5196,5196,20161121_CN,12.5875,7.58125,8.93125,79.4375,70,0,20161121,CN
5197,5197,20161121_DG,16.8,9.1,12.5,77.8,69,0,20161121,DG
5198,5198,20161121_DJ,11.6,6.1,8.7,89.1,38,0,20161121,DJ
5199,5199,20161121_GB,15.275,8.758333333300001,10.804166667,81.30833333300001,83,0,20161121,GB
5200,5200,20161121_GG,13.645238095,10.033333333,8.8285714286,53.245238095,222,0,20161121,GG
5201,5201,20161121_GJ,17.3,7.5,13.8,80.3,28,0,20161121,GJ
5202,5202,20161121_GN,16.086363635999998,7.8,12.177272727,81.090909091,83,0,20161121,GN
5203,5203,20161121_GW,11.216666667,7.833333333300001,7.5,71.855555556,44,0,20161121,GW
5204,5204,20161121_IC,15.01,9.7,9.36,46.44,48,0,20161121,IC
5205,5205,20161121_JB,14.473333333,8.473333333300001,10.406666667,83.57333333300001,85,0,20161121,JB
5206,5206,20161121_JJ,19.35,3.6,17.6,89.45,16,0,20161121,JJ
5207,5207,20161121_JN,16.7,7.1136363636,13.463636364000001,84.022727273,65,0,20161121,JN
5208,5208,20161121_SU,14.6,9.5,9.5,40.5,241,0,20161121,SU
5209,5209,20161121_US,17.2,7.8,13.2,82.6,23,0,20161121,US
5210,5210,20161122_BS,15.5,9.3,11.1,59.6,67,0,20161122,BS
5211,5211,20161122_CB,8.86,8.3066666667,4.4133333333,57.3,44,0,20161122,CB
5212,5212,20161122_CN,9.525,8.7,4.525,62.59375,44,0,20161122,CN
5213,5213,20161122_DG,11.3,7.1,7.9,56.0,54,0,20161122,DG
5214,5214,20161122_DJ,9.5,8.8,4.9,63.0,32,0,20161122,DJ
5215,5215,20161122_GB,11.179166667,7.458333333300001,7.3375,63.041666667,53,0,20161122,GB
5216,5216,20161122_GG,8.669047619,10.1,2.9833333333,44.92142857100001,235,0,20161122,GG
5217,5217,20161122_GJ,13.2,9.5,7.5,60.8,49,0,20161122,GJ
5218,5218,20161122_GN,13.763636364000002,8.390909090900001,9.3227272727,61.186363636,58,0,20161122,GN
5219,5219,20161122_GW,9.027777777799999,7.55,5.3722222222000005,68.611111111,37,0,20161122,GW
5220,5220,20161122_IC,7.97,9.62,1.82,48.28,39,0,20161122,IC
5221,5221,20161122_JB,10.646666667,9.3866666667,5.5666666667,63.46,78,0,20161122,JB
5222,5222,20161122_JJ,17.95,8.1,13.4,76.75,18,0,20161122,JJ
5223,5223,20161122_JN,13.190909090999998,8.7909090909,8.140909090900001,63.454545455,61,0,20161122,JN
5224,5224,20161122_SU,8.4,10.5,2.0,43.3,228,0,20161122,SU
5225,5225,20161122_US,13.6,8.2,9.5,68.3,23,0,20161122,US
5226,5226,20161123_BS,14.5,9.5,8.3,49.0,66,0,20161123,BS
5227,5227,20161123_CB,5.46,8.6266666667,0.6466666667000001,40.733333333000004,32,0,20161123,CB
5228,5228,20161123_CN,5.1625,7.86875,1.0125,51.4,54,0,20161123,CN
5229,5229,20161123_DG,10.1,8.0,5.6,31.5,61,0,20161123,DG
5230,5230,20161123_DJ,6.2,9.5,0.8,44.9,40,0,20161123,DJ
5231,5231,20161123_GB,9.3625,8.2791666667,4.5208333333,45.766666666999996,63,0,20161123,GB
5232,5232,20161123_GG,4.1833333333,8.6452380952,-0.952380952,38.90952381,188,0,20161123,GG
5233,5233,20161123_GJ,7.6,7.1,3.6,42.8,32,0,20161123,GJ
5234,5234,20161123_GN,11.545454545,8.695454545499999,6.5772727273000005,38.195454545,65,0,20161123,GN
5235,5235,20161123_GW,6.0388888889,7.6833333333,1.9277777778,52.588888888999996,35,0,20161123,GW
5236,5236,20161123_IC,2.59,7.33,-1.63,44.29,39,0,20161123,IC
5237,5237,20161123_JB,6.54,8.473333333300001,1.8533333333,47.506666667,66,0,20161123,JB
5238,5238,20161123_JJ,12.25,3.6,9.8,61.95,11,0,20161123,JJ
5239,5239,20161123_JN,8.4,6.9636363636,4.4863636364,47.190909091,63,0,20161123,JN
5240,5240,20161123_SU,3.6,8.4,-1.8,37.5,204,0,20161123,SU
5241,5241,20161123_US,10.0,6.8,6.5,55.0,12,0,20161123,US
5242,5242,20161124_BS,9.5,9.4,4.1,26.8,72,0,20161124,BS
5243,5243,20161124_CB,3.4466666667,9.0066666667,-1.46,46.906666666999996,25,0,20161124,CB
5244,5244,20161124_CN,4.59375,8.2625,-0.1125,61.6,41,0,20161124,CN
5245,5245,20161124_DG,5.8,7.1,1.8,31.3,51,0,20161124,DG
5246,5246,20161124_DJ,5.2,10.1,-0.2,54.8,29,0,20161124,DJ
5247,5247,20161124_GB,5.8166666667,8.6458333333,0.9375,35.741666667,61,0,20161124,GB
5248,5248,20161124_GG,3.0809523810000004,8.9285714286,-1.823809524,41.669047619000004,169,0,20161124,GG
5249,5249,20161124_GJ,6.8,7.3,2.7,54.0,20,0,20161124,GJ
5250,5250,20161124_GN,8.2590909091,9.1454545455,2.95,35.286363636,59,0,20161124,GN
5251,5251,20161124_GW,4.5111111111,9.733333333300001,-0.7222222220000001,37.822222222,31,0,20161124,GW
5252,5252,20161124_IC,1.99,6.54,-1.34,41.9,40,0,20161124,IC
5253,5253,20161124_JB,5.0466666667,7.7333333333,0.4466666667,58.02,71,0,20161124,JB
5254,5254,20161124_JJ,9.6,3.3,7.75,57.25,20,0,20161124,JJ
5255,5255,20161124_JN,7.154545454500001,7.3954545455,3.1272727273000003,56.536363636000004,50,0,20161124,JN
5256,5256,20161124_SU,2.4,8.6,-2.5,37.8,233,0,20161124,SU
5257,5257,20161124_US,8.1,9.1,2.7,29.0,2,0,20161124,US
5258,5258,20161125_BS,11.7,10.8,5.7,38.8,63,0,20161125,BS
5259,5259,20161125_CB,6.1866666667,11.866666667,-0.4,58.893333333,32,0,20161125,CB
5260,5260,20161125_CN,7.59375,10.64375,1.39375,64.6125,52,0,20161125,CN
5261,5261,20161125_DG,8.2,8.0,3.5,43.5,55,0,20161125,DG
5262,5262,20161125_DJ,7.8,11.0,1.4,64.0,34,0,20161125,DJ
5263,5263,20161125_GB,7.7583333333,10.95,1.625,47.9,54,0,20161125,GB
5264,5264,20161125_GG,6.5642857143,11.197619048,0.4857142857,50.704761905,161,0,20161125,GG
5265,5265,20161125_GJ,10.2,9.3,4.8,53.1,31,0,20161125,GJ
5266,5266,20161125_GN,10.122727272999999,11.022727273,3.9454545455,49.831818182,58,0,20161125,GN
5267,5267,20161125_GW,6.466666666699999,11.916666667000001,-0.355555556,50.45,36,0,20161125,GW
5268,5268,20161125_IC,5.59,7.74,2.29,45.47,48,0,20161125,IC
5269,5269,20161125_JB,8.313333333300001,10.593333333,2.1533333333,62.973333333,70,0,20161125,JB
5270,5270,20161125_JJ,12.35,4.95,9.8,59.2,13,0,20161125,JJ
5271,5271,20161125_JN,9.8954545455,9.5272727273,4.4818181818000005,60.227272727,50,0,20161125,JN
5272,5272,20161125_SU,6.0,9.5,1.0,43.9,172,0,20161125,SU
5273,5273,20161125_US,9.0,9.3,3.9,43.3,10,0,20161125,US
5274,5274,20161126_BS,10.3,7.5,6.5,60.9,12,0,20161126,BS
5275,5275,20161126_CB,2.4066666667,7.26,-0.706666667,80.76,10,0,20161126,CB
5276,5276,20161126_CN,3.80625,6.85625,0.9125,88.31875,18,0,20161126,CN
5277,5277,20161126_DG,4.7,7.7,0.7,80.4,15,0,20161126,DG
5278,5278,20161126_DJ,3.3,6.2,0.2,87.5,6,0,20161126,DJ
5279,5279,20161126_GB,4.6,8.491666666699999,0.3833333333,75.304166667,16,0,20161126,GB
5280,5280,20161126_GG,2.8095238095,5.0904761905,0.4904761905,77.147619048,42,0,20161126,GG
5281,5281,20161126_GJ,6.2,5.2,3.4,78.8,8,0,20161126,GJ
5282,5282,20161126_GN,5.4954545455,6.509090909099998,2.6954545455,74.772727273,21,0,20161126,GN
5283,5283,20161126_GW,3.6055555556,7.655555555599999,0.3666666667,70.277777778,3,0,20161126,GW
5284,5284,20161126_IC,3.57,2.59,2.14,76.44,4,0,20161126,IC
5285,5285,20161126_JB,3.64,6.46,0.5733333333,84.313333333,17,0,20161126,JB
5286,5286,20161126_JJ,13.6,5.5,11.0,78.65,1,0,20161126,JJ
5287,5287,20161126_JN,5.9636363636,5.7090909091,3.6181818182,81.613636364,23,0,20161126,JN
5288,5288,20161126_SU,2.7,3.4,0.9,69.6,46,0,20161126,SU
5289,5289,20161126_US,7.4,7.4,3.8,66.4,3,0,20161126,US
5290,5290,20161127_BS,10.8,5.7,7.4,65.6,0,0,20161127,BS
5291,5291,20161127_CB,7.073333333300001,7.333333333300001,2.5533333333000003,86.58,3,0,20161127,CB
5292,5292,20161127_CN,8.95,8.2875,3.70625,91.90625,2,0,20161127,CN
5293,5293,20161127_DG,9.0,8.1,4.0,82.3,1,0,20161127,DG
5294,5294,20161127_DJ,7.1,6.1,3.0,93.3,1,0,20161127,DJ
5295,5295,20161127_GB,6.5583333333,6.3625,2.9291666667,81.9,0,0,20161127,GB
5296,5296,20161127_GG,7.085714285700001,6.833333333300001,3.3666666667,87.6,10,0,20161127,GG
5297,5297,20161127_GJ,10.8,9.3,5.9,82.5,0,0,20161127,GJ
5298,5298,20161127_GN,10.418181817999999,8.15,5.5863636364,73.618181818,0,0,20161127,GN
5299,5299,20161127_GW,7.7388888889,6.9722222222,3.6,75.133333333,2,0,20161127,GW
5300,5300,20161127_IC,7.89,5.79,4.71,84.41,0,0,20161127,IC
5301,5301,20161127_JB,9.4933333333,9.9533333333,3.4133333333,86.84666666700001,2,0,20161127,JB
5302,5302,20161127_JJ,14.0,4.35,11.85,70.5,0,0,20161127,JJ
5303,5303,20161127_JN,10.918181817999999,8.1181818182,6.4590909091,78.677272727,0,0,20161127,JN
5304,5304,20161127_SU,6.6,6.1,3.3,81.3,10,0,20161127,SU
5305,5305,20161127_US,10.0,6.6,6.0,73.8,0,0,20161127,US
5306,5306,20161128_BS,11.9,7.8,7.0,47.4,70,0,20161128,BS
5307,5307,20161128_CB,6.993333333300001,8.446666666699999,2.22,63.973333333,49,0,20161128,CB
5308,5308,20161128_CN,7.5625,8.7625,3.00625,70.15,65,0,20161128,CN
5309,5309,20161128_DG,9.0,8.5,4.7,55.4,60,0,20161128,DG
5310,5310,20161128_DJ,8.4,8.8,2.8,72.0,36,0,20161128,DJ
5311,5311,20161128_GB,8.55,9.2541666667,3.6739130435,61.430434783,62,0,20161128,GB
5312,5312,20161128_GG,6.364285714299999,7.7928571429,1.7071428571,61.30952381,255,0,20161128,GG
5313,5313,20161128_GJ,9.5,7.1,6.0,58.9,45,0,20161128,GJ
5314,5314,20161128_GN,11.127272727000001,9.8863636364,5.35,58.081818182,75,0,20161128,GN
5315,5315,20161128_GW,6.6611111111,8.1888888889,1.9611111111,64.95,38,0,20161128,GW
5316,5316,20161128_IC,5.05,4.97,2.25,55.56,49,0,20161128,IC
5317,5317,20161128_JB,8.313333333300001,9.3,3.6733333333,67.62,86,0,20161128,JB
5318,5318,20161128_JJ,12.75,4.9,10.2,62.0,13,0,20161128,JJ
5319,5319,20161128_JN,9.7090909091,6.8590909091,6.418181818200001,59.240909091000006,85,0,20161128,JN
5320,5320,20161128_SU,5.6,7.0,1.4,57.9,217,0,20161128,SU
5321,5321,20161128_US,10.5,9.2,5.6,57.0,18,0,20161128,US
5322,5322,20161129_BS,14.8,11.7,8.6,44.0,74,0,20161129,BS
5323,5323,20161129_CB,8.0866666667,12.673333332999999,0.94,54.093333333000004,40,0,20161129,CB
5324,5324,20161129_CN,8.90625,13.40625,1.51875,64.675,50,0,20161129,CN
5325,5325,20161129_DG,10.2,10.3,5.0,42.3,66,0,20161129,DG
5326,5326,20161129_DJ,8.8,12.2,1.9,61.8,38,0,20161129,DJ
5327,5327,20161129_GB,10.4875,12.441666667,3.7041666667,55.070833333,59,0,20161129,GB
5328,5328,20161129_GG,8.0238095238,12.002380952000001,1.1261904762,50.028571428999996,202,0,20161129,GG
5329,5329,20161129_GJ,11.6,10.7,5.3,42.8,48,0,20161129,GJ
5330,5330,20161129_GN,12.509090909000001,12.618181818,5.3636363636,46.813636364,69,0,20161129,GN
5331,5331,20161129_GW,8.05,11.883333333,1.4333333333000002,64.022222222,30,0,20161129,GW
5332,5332,20161129_IC,6.34,7.14,2.64,43.65,34,0,20161129,IC
5333,5333,20161129_JB,9.5866666667,13.293333333,1.9933333333,62.106666667,81,0,20161129,JB
5334,5334,20161129_JJ,13.8,5.75,10.85,55.85,11,0,20161129,JJ
5335,5335,20161129_JN,11.804545455,11.209090909,5.3,49.168181818,67,0,20161129,JN
5336,5336,20161129_SU,8.6,11.4,1.7,40.8,226,0,20161129,SU
5337,5337,20161129_US,11.2,10.3,6.4,57.3,6,0,20161129,US
5338,5338,20161130_BS,14.8,5.7,10.9,88.8,68,0,20161130,BS
5339,5339,20161130_CB,11.126666667,12.626666667,5.0333333333,72.013333333,32,0,20161130,CB
5340,5340,20161130_CN,11.2625,12.2625,5.525,76.225,57,0,20161130,CN
5341,5341,20161130_DG,10.6,5.8,7.7,68.9,53,0,20161130,DG
5342,5342,20161130_DJ,11.5,12.2,5.5,77.8,29,0,20161130,DJ
5343,5343,20161130_GB,10.3,7.1916666667,6.8375,79.366666667,57,0,20161130,GB
5344,5344,20161130_GG,10.05952381,10.983333333,5.630952381,64.30952381,193,0,20161130,GG
5345,5345,20161130_GJ,8.6,6.0,5.8,78.8,26,0,20161130,GJ
5346,5346,20161130_GN,11.504545455,7.595454545499999,7.8181818182,75.554545455,68,0,20161130,GN
5347,5347,20161130_GW,9.8888888889,10.05,5.1222222222000005,76.79444444399999,47,0,20161130,GW
5348,5348,20161130_IC,9.4,7.24,6.69,64.58,53,0,20161130,IC
5349,5349,20161130_JB,11.126666667,12.273333333,5.3466666667,78.72,61,0,20161130,JB
5350,5350,20161130_JJ,16.65,5.8,13.15,74.55,13,0,20161130,JJ
5351,5351,20161130_JN,10.527272727,8.2454545455,6.3090909091,80.077272727,56,0,20161130,JN
5352,5352,20161130_SU,9.8,9.1,6.0,59.8,218,0,20161130,SU
5353,5353,20161130_US,11.2,3.9,9.2,98.0,9,0,20161130,US
5370,5370,20161202_BS,12.1,9.0,7.5,27.4,89,0,20161202,BS
5371,5371,20161202_CB,7.5133333333,12.64,0.6933333333,54.413333333000004,46,0,20161202,CB
5372,5372,20161202_CN,8.4375,13.6125,1.0375,72.45625,66,0,20161202,CN
5373,5373,20161202_DG,10.9,9.1,5.8,29.8,54,0,20161202,DG
5374,5374,20161202_DJ,8.5,12.6,1.8,62.1,39,0,20161202,DJ
5375,5375,20161202_GB,10.6875,12.308333333,3.9166666667,40.629166667,68,0,20161202,GB
5376,5376,20161202_GG,8.0452380952,12.5,1.1404761905,56.780952381000006,196,0,20161202,GG
5377,5377,20161202_GJ,10.6,11.0,4.5,57.6,35,0,20161202,GJ
5378,5378,20161202_GN,12.668181817999999,13.718181818,4.9227272727,46.231818182,69,0,20161202,GN
5379,5379,20161202_GW,9.7944444444,13.027777777999999,2.6,43.20555555600001,39,0,20161202,GW
5380,5380,20161202_IC,7.54,9.06,2.83,55.57,51,0,20161202,IC
5381,5381,20161202_JB,8.9866666667,12.906666667,1.6266666666999998,68.38,84,0,20161202,JB
5382,5382,20161202_JJ,13.0,6.8,9.45,63.35,16,0,20161202,JJ
5383,5383,20161202_JN,10.695454545,11.409090909000001,4.5227272727,59.618181818000004,65,0,20161202,JN
5384,5384,20161202_SU,7.9,11.4,1.6,48.4,188,0,20161202,SU
5385,5385,20161202_US,13.6,12.9,6.4,33.1,15,0,20161202,US
5386,5386,20161203_BS,16.8,12.3,9.8,39.9,21,0,20161203,BS
5387,5387,20161203_CB,10.173333332999999,14.94,1.8666666667,64.113333333,10,0,20161203,CB
5388,5388,20161203_CN,10.44375,14.34375,2.425,79.03125,13,0,20161203,CN
5389,5389,20161203_DG,12.3,14.9,4.9,53.5,9,0,20161203,DG
5390,5390,20161203_DJ,10.8,13.6,3.2,71.3,10,0,20161203,DJ
5391,5391,20161203_GB,12.9375,15.225,4.6916666667,52.241666667,15,0,20161203,GB
5392,5392,20161203_GG,11.002380952000001,13.45952381,3.3833333333,69.771428571,60,0,20161203,GG
5393,5393,20161203_GJ,12.2,13.3,5.1,66.3,20,0,20161203,GJ
5394,5394,20161203_GN,14.018181818,14.840909090999999,5.490909090900002,54.781818181999995,18,0,20161203,GN
5395,5395,20161203_GW,11.538888889,14.588888889000001,4.0055555556,57.144444443999994,6,0,20161203,GW
5396,5396,20161203_IC,10.39,8.93,5.3,71.66,15,0,20161203,IC
5397,5397,20161203_JB,10.953333333,14.86,2.58,71.666666667,24,0,20161203,JB
5398,5398,20161203_JJ,15.45,8.55,10.9,70.3,3,0,20161203,JJ
5399,5399,20161203_JN,12.790909091,13.895454545,4.7454545455,69.663636364,19,0,20161203,JN
5400,5400,20161203_SU,11.3,12.0,4.5,58.8,49,0,20161203,SU
5401,5401,20161203_US,16.1,14.9,8.8,41.0,3,0,20161203,US
5402,5402,20161204_BS,13.1,4.8,10.5,53.9,1,0,20161204,BS
5403,5403,20161204_CB,8.2,9.866666666699999,2.96,69.766666667,0,0,20161204,CB
5404,5404,20161204_CN,9.59375,10.35,4.36875,83.375,0,0,20161204,CN
5405,5405,20161204_DG,9.8,8.8,4.8,67.6,0,0,20161204,DG
5406,5406,20161204_DJ,8.8,9.0,4.1,76.8,0,0,20161204,DJ
5407,5407,20161204_GB,9.8416666667,8.95,4.9208333333,59.925,0,0,20161204,GB
5408,5408,20161204_GG,8.5952380952,8.1380952381,4.4404761905,70.876190476,2,0,20161204,GG
5409,5409,20161204_GN,11.486363635999998,8.9590909091,6.3863636364,69.568181818,2,0,20161204,GN
5410,5410,20161204_GW,9.5611111111,8.027777777799999,5.2333333333,58.872222222,0,0,20161204,GW
5411,5411,20161204_IC,9.05,5.2,6.76,69.14,0,0,20161204,IC
5412,5412,20161204_JB,10.08,10.026666667,4.9733333333,72.233333333,3,0,20161204,JB
5413,5413,20161204_JJ,14.6,5.6,12.15,71.75,0,0,20161204,JJ
5414,5414,20161204_JN,11.331818182000001,8.1590909091,6.7363636364,79.022727273,4,0,20161204,JN
5415,5415,20161204_SU,9.5,7.5,5.5,60.1,3,0,20161204,SU
5416,5416,20161205_BS,16.3,8.8,11.5,61.4,75,0,20161205,BS
5417,5417,20161205_CB,13.313333333,10.693333333,7.28,65.533333333,40,0,20161205,CB
5418,5418,20161205_CN,13.325,9.90625,7.9625,75.66875,87,0,20161205,CN
5419,5419,20161205_DG,15.4,15.0,7.8,63.4,67,0,20161205,DG
5420,5420,20161205_DJ,14.2,9.5,8.9,69.1,44,0,20161205,DJ
5421,5421,20161205_GB,14.508333333,13.295833333,7.783333333300001,61.129166667,97,0,20161205,GB
5422,5422,20161205_GG,11.145238095,10.021428571,6.1428571429,71.67380952399999,225,0,20161205,GG
5423,5423,20161205_GJ,15.0,9.2,9.3,75.8,41,0,20161205,GJ
5424,5424,20161205_GN,15.622727272999999,13.072727273,8.8272727273,69.536363636,79,0,20161205,GN
5425,5425,20161205_GW,11.527777777999999,9.3444444444,6.744444444400001,65.077777778,36,0,20161205,GW
5426,5426,20161205_IC,10.33,9.14,6.75,72.93,54,0,20161205,IC
5427,5427,20161205_JB,13.633333333,8.9333333333,8.4533333333,74.093333333,103,0,20161205,JB
5428,5428,20161205_JJ,16.6,6.1,13.4,66.5,15,0,20161205,JJ
5429,5429,20161205_JN,14.940909090999998,9.7909090909,9.2909090909,76.94090909100001,78,0,20161205,JN
5430,5430,20161205_SU,10.3,9.8,5.9,69.1,258,0,20161205,SU
5431,5431,20161205_US,17.4,13.5,10.5,60.6,23,0,20161205,US
5432,5432,20161206_BS,10.5,6.8,6.5,30.8,71,0,20161206,BS
5433,5433,20161206_CB,4.7933333333,9.42,-0.16,44.813333333,38,0,20161206,CB
5434,5434,20161206_CN,5.45,10.175,0.43125,52.23125,51,0,20161206,CN
5435,5435,20161206_DG,8.3,10.2,3.3,37.5,46,0,20161206,DG
5436,5436,20161206_DJ,6.6,9.2,1.2,48.4,48,0,20161206,DJ
5437,5437,20161206_GB,7.666666666699999,10.5,2.2875,39.783333333,71,0,20161206,GB
5438,5438,20161206_GG,4.3928571429000005,8.7380952381,-0.847619048,41.261904762,199,0,20161206,GG
5439,5439,20161206_GJ,7.8,7.6,3.9,47.3,35,0,20161206,GJ
5440,5440,20161206_GN,9.7954545455,10.340909091,4.5090909091,39.204545455,66,0,20161206,GN
5441,5441,20161206_GW,5.25,8.5833333333,0.7722222222,41.827777778000005,38,0,20161206,GW
5442,5442,20161206_IC,2.97,5.9,-0.4,40.73,45,0,20161206,IC
5443,5443,20161206_JB,6.2,9.64,1.2866666667,53.153333333,88,0,20161206,JB
5444,5444,20161206_JJ,11.65,5.8,8.6,62.5,18,0,20161206,JJ
5445,5445,20161206_JN,8.0272727273,9.0454545455,3.8454545455,52.895454545,58,0,20161206,JN
5446,5446,20161206_SU,4.3,8.5,-1.1,38.5,198,0,20161206,SU
5447,5447,20161206_US,10.1,9.8,4.7,33.0,17,0,20161206,US
5448,5448,20161207_BS,11.5,10.6,6.2,46.1,72,0,20161207,BS
5449,5449,20161207_CB,5.7266666667,11.993333332999999,0.02,68.76,43,0,20161207,CB
5450,5450,20161207_CN,9.46875,14.75625,2.33125,78.26875,47,0,20161207,CN
5451,5451,20161207_DG,5.1,10.0,0.5,56.4,51,0,20161207,DG
5452,5452,20161207_DJ,8.7,13.1,2.2,72.4,49,0,20161207,DJ
5453,5453,20161207_GB,5.1,10.025,-0.070833333,62.15,61,0,20161207,GB
5454,5454,20161207_GG,7.3952380952,11.55952381,1.369047619,64.24047619,178,0,20161207,GG
5455,5455,20161207_GJ,7.1,8.8,2.4,75.5,34,0,20161207,GJ
5456,5456,20161207_GN,9.0318181818,11.986363635999998,2.7181818182,61.595454545,56,0,20161207,GN
5457,5457,20161207_GW,5.2722222222,9.2055555556,0.5333333333,62.005555556000004,37,0,20161207,GW
5458,5458,20161207_IC,7.38,7.87,3.24,63.62,52,0,20161207,IC
5459,5459,20161207_JB,8.06,12.646666667,2.04,75.373333333,61,0,20161207,JB
5460,5460,20161207_JJ,13.85,8.15,9.9,64.35,9,0,20161207,JJ
5461,5461,20161207_JN,9.8636363636,12.004545455,3.4454545455,75.427272727,52,0,20161207,JN
5462,5462,20161207_SU,7.5,10.2,1.7,58.3,209,0,20161207,SU
5463,5463,20161207_US,10.4,11.1,4.8,46.0,11,0,20161207,US
5464,5464,20161208_BS,12.8,9.0,8.4,57.1,59,0,20161208,BS
5465,5465,20161208_CB,7.62,11.446666667,2.1533333333,78.8,29,0,20161208,CB
5466,5466,20161208_CN,9.13125,12.5375,3.28125,85.18125,41,0,20161208,CN
5467,5467,20161208_DG,10.4,12.8,3.8,62.6,37,0,20161208,DG
5468,5468,20161208_DJ,9.8,11.6,4.1,77.9,32,0,20161208,DJ
5469,5469,20161208_GB,9.7916666667,13.520833332999999,2.7583333333,67.35,54,0,20161208,GB
5470,5470,20161208_GG,6.4476190476,10.438095237999999,1.9833333333,77.164285714,174,0,20161208,GG
5471,5471,20161208_GJ,11.1,12.0,5.5,75.5,25,0,20161208,GJ
5472,5472,20161208_GN,11.718181818,12.345454545,5.0714285714,66.56666666699999,56,0,20161208,GN
5473,5473,20161208_GW,7.1833333333,10.905555556,1.7666666667,68.022222222,37,0,20161208,GW
5474,5474,20161208_IC,6.97,8.35,3.78,69.45,52,0,20161208,IC
5475,5475,20161208_JB,10.193333333,11.986666667,3.92,79.026666667,68,0,20161208,JB
5476,5476,20161208_JJ,14.95,8.25,11.25,66.7,10,0,20161208,JJ
5477,5477,20161208_JN,11.8,11.690909090999998,5.6954545455,75.213636364,54,0,20161208,JN
5478,5478,20161208_SU,6.1,9.1,2.1,70.0,207,0,20161208,SU
5479,5479,20161208_US,13.1,11.6,6.7,60.6,13,0,20161208,US
5480,5480,20161209_BS,13.7,9.0,9.2,44.6,64,0,20161209,BS
5481,5481,20161209_CB,6.6733333333,8.3733333333,3.1933333333,65.0,25,0,20161209,CB
5482,5482,20161209_CN,7.48125,8.775,3.8375,69.1875,46,0,20161209,CN
5483,5483,20161209_DG,10.4,8.5,6.3,48.1,40,0,20161209,DG
5484,5484,20161209_DJ,7.9,8.9,4.1,67.4,49,0,20161209,DJ
5485,5485,20161209_GB,9.304166666699999,9.295833333300001,4.6541666667,58.1375,53,0,20161209,GB
5486,5486,20161209_GG,5.4976190476,8.2238095238,1.8619047619,66.754761905,160,0,20161209,GG
5487,5487,20161209_GJ,10.2,9.6,6.1,63.4,24,0,20161209,GJ
5488,5488,20161209_GN,12.727272727,10.686363636,7.6454545455,49.57272727300001,64,0,20161209,GN
5489,5489,20161209_GW,6.7777777778,8.8333333333,2.7444444444,63.227777778000004,33,0,20161209,GW
5490,5490,20161209_IC,5.66,7.94,2.14,64.75,46,0,20161209,IC
5491,5491,20161209_JB,9.0466666667,10.56,4.4466666667000005,67.673333333,66,0,20161209,JB
5492,5492,20161209_JJ,15.0,7.35,11.25,60.5,6,0,20161209,JJ
5493,5493,20161209_JN,10.704545455,9.2045454545,6.4636363636,62.781818181999995,58,0,20161209,JN
5494,5494,20161209_SU,4.2,7.1,1.4,65.8,153,0,20161209,SU
5495,5495,20161209_US,11.4,8.8,7.7,48.8,9,0,20161209,US
5496,5496,20161210_BS,11.4,9.9,5.7,29.1,23,0,20161210,BS
5497,5497,20161210_CB,5.22,10.953333333,-1.146666667,54.666666667,11,0,20161210,CB
5498,5498,20161210_CN,5.70625,11.21875,-0.56875,63.775,13,0,20161210,CN
5499,5499,20161210_DG,8.7,11.7,3.1,36.6,20,0,20161210,DG
5500,5500,20161210_DJ,6.4,10.8,-0.1,56.0,7,0,20161210,DJ
5501,5501,20161210_GB,8.1125,11.8375,1.4208333333,46.429166667,15,0,20161210,GB
5502,5502,20161210_GG,4.2785714286,10.238095238,-1.461904762,53.054761905,66,0,20161210,GG
5503,5503,20161210_GJ,8.9,10.3,2.6,43.9,13,0,20161210,GJ
5504,5504,20161210_GN,10.354545455,11.795454545,3.4590909091000004,36.490909091,22,0,20161210,GN
5505,5505,20161210_GW,5.2,10.766666667,-0.961111111,56.944444444,7,0,20161210,GW
5506,5506,20161210_IC,2.25,6.35,-1.01,50.81,7,0,20161210,IC
5507,5507,20161210_JB,6.3533333333,11.213333333,-0.16,60.12,29,0,20161210,JB
5508,5508,20161210_JJ,12.4,5.3,9.1,53.1,1,0,20161210,JJ
5509,5509,20161210_JN,8.8863636364,10.195454545,2.9954545455,49.018181818,21,0,20161210,JN
5510,5510,20161210_SU,3.6,9.5,-1.6,47.6,34,0,20161210,SU
5511,5511,20161210_US,8.9,8.9,3.9,37.0,0,0,20161210,US
5512,5512,20161211_BS,12.6,11.9,6.3,35.3,0,0,20161211,BS
5513,5513,20161211_CB,6.2466666667,14.14,-2.006666667,57.346666667,2,0,20161211,CB
5514,5514,20161211_CN,6.5625,13.775,-1.0625,57.84375,2,0,20161211,CN
5515,5515,20161211_DG,8.2,13.0,1.3,43.5,1,0,20161211,DG
5516,5516,20161211_DJ,6.9,13.1,-0.6,57.1,0,0,20161211,DJ
5517,5517,20161211_GB,8.295833333300001,13.691666667,0.425,52.316666667,0,0,20161211,GB
5518,5518,20161211_GG,5.5428571429,12.766666667,-1.821428571,52.083333333,8,0,20161211,GG
5519,5519,20161211_GJ,9.9,12.1,3.2,37.4,1,0,20161211,GJ
5520,5520,20161211_GN,9.5136363636,12.795454545,2.1772727273,40.786363636,4,0,20161211,GN
5521,5521,20161211_GW,5.8388888889,12.611111111,-1.477777778,59.54444444399999,3,0,20161211,GW
5522,5522,20161211_IC,4.24,8.48,-0.33,44.11,0,0,20161211,IC
5523,5523,20161211_JB,7.626666666699999,14.473333333,-0.66,55.2,1,0,20161211,JB
5524,5524,20161211_JJ,12.0,7.0,9.0,54.6,0,0,20161211,JJ
5525,5525,20161211_JN,9.6363636364,13.072727273,2.6636363636,46.01363636399999,1,0,20161211,JN
5526,5526,20161211_SU,6.4,12.5,-1.1,42.6,7,0,20161211,SU
5527,5527,20161211_US,11.1,11.5,4.3,44.4,0,0,20161211,US
5528,5528,20161212_BS,15.2,9.5,9.6,63.6,84,0,20161212,BS
5529,5529,20161212_CB,9.66,15.006666667000001,2.3,57.5,47,0,20161212,CB
5530,5530,20161212_CN,10.66875,15.175,3.53125,62.41875,68,0,20161212,CN
5531,5531,20161212_DG,10.5,13.4,3.8,56.5,64,0,20161212,DG
5532,5532,20161212_DJ,11.0,14.2,4.3,56.4,38,0,20161212,DJ
5533,5533,20161212_GB,10.8375,13.920833333,3.8166666667,56.295833333000004,66,0,20161212,GB
5534,5534,20161212_GG,7.3238095238,11.952380952,1.7047619047999998,48.569047618999996,211,0,20161212,GG
5535,5535,20161212_GJ,12.2,10.5,6.9,61.1,47,0,20161212,GJ
5536,5536,20161212_GN,10.677272727,11.009090909000001,5.159090909100001,57.413636364,70,0,20161212,GN
5537,5537,20161212_GW,7.0,12.161111110999999,1.4833333333,55.338888888999996,36,0,20161212,GW
5538,5538,20161212_IC,6.06,8.23,2.75,44.94,39,0,20161212,IC
5539,5539,20161212_JB,11.746666667000001,14.773333333,4.6066666667,64.253333333,82,0,20161212,JB
5540,5540,20161212_JJ,16.5,7.4,13.4,65.45,11,0,20161212,JJ
5541,5541,20161212_JN,12.045454545,10.509090909,6.9636363636,67.213636364,63,0,20161212,JN
5542,5542,20161212_SU,6.3,9.3,2.3,37.9,197,0,20161212,SU
5543,5543,20161212_US,14.4,12.5,7.4,69.5,13,0,20161212,US
5544,5544,20161213_BS,11.6,3.1,9.8,64.5,59,0,20161213,BS
5545,5545,20161213_CB,9.2066666667,9.8,3.6,69.166666667,37,0,20161213,CB
5546,5546,20161213_CN,8.7875,9.525,3.5875,76.2625,69,0,20161213,CN
5547,5547,20161213_DG,10.1,8.2,6.5,65.9,62,0,20161213,DG
5548,5548,20161213_DJ,9.6,8.6,4.5,74.9,36,0,20161213,DJ
5549,5549,20161213_GB,11.3125,9.8375,6.3791666667,65.025,63,0,20161213,GB
5550,5550,20161213_GG,8.564285714299999,9.9785714286,2.7904761905,61.371428571,225,0,20161213,GG
5551,5551,20161213_GJ,10.2,5.9,7.2,77.4,45,0,20161213,GJ
5552,5552,20161213_GN,10.340909091,6.704545454500001,7.4818181818,65.209090909,55,0,20161213,GN
5553,5553,20161213_GW,9.2611111111,9.383333333300001,4.15,67.488888889,37,0,20161213,GW
5554,5554,20161213_IC,6.84,7.13,3.4,60.23,35,0,20161213,IC
5555,5555,20161213_JB,9.2866666667,7.3,5.2733333333,73.993333333,93,0,20161213,JB
5556,5556,20161213_JJ,15.7,5.1,13.05,78.45,18,0,20161213,JJ
5557,5557,20161213_JN,10.709090909,5.8545454545,7.5727272727,76.518181818,63,0,20161213,JN
5558,5558,20161213_SU,8.8,9.2,3.4,53.6,233,0,20161213,SU
5559,5559,20161213_US,11.0,5.0,8.9,70.3,15,0,20161213,US
5560,5560,20161214_BS,11.0,8.7,5.9,64.4,57,0,20161214,BS
5561,5561,20161214_CB,2.3466666667,4.28,0.24,72.306666667,29,0,20161214,CB
5562,5562,20161214_CN,3.31875,6.8375,0.14375,75.05,65,0,20161214,CN
5563,5563,20161214_DG,6.7,4.5,4.0,63.9,60,0,20161214,DG
5564,5564,20161214_DJ,2.7,5.6,0.0,74.9,39,0,20161214,DJ
5565,5565,20161214_GB,5.9875,5.6708333333,2.5083333333,77.766666667,59,0,20161214,GB
5566,5566,20161214_GG,0.8523809523999999,3.2595238095,-0.892857143,68.707142857,181,0,20161214,GG
5567,5567,20161214_GJ,4.5,5.0,2.6,61.0,36,0,20161214,GJ
5568,5568,20161214_GN,8.9681818182,9.4227272727,4.1,55.477272727,63,0,20161214,GN
5569,5569,20161214_GW,3.0666666667,3.9111111111,0.6444444443999999,88.133333333,39,0,20161214,GW
5570,5570,20161214_IC,0.58,3.75,-1.22,56.86,46,0,20161214,IC
5571,5571,20161214_JB,3.7866666667,7.2266666667,0.2133333333,69.22,63,0,20161214,JB
5572,5572,20161214_JJ,10.85,5.4,7.3,58.8,9,0,20161214,JJ
5573,5573,20161214_JN,5.6454545455,4.840909090899999,3.1772727273,58.545454545,63,0,20161214,JN
5574,5574,20161214_SU,-0.1,2.2,-1.4,68.1,191,0,20161214,SU
5575,5575,20161214_US,8.4,7.1,4.6,83.3,9,0,20161214,US
5576,5576,20161215_BS,7.0,8.0,2.2,45.3,68,0,20161215,BS
5577,5577,20161215_CB,1.26,7.58,-2.213333333,48.653333333,31,0,20161215,CB
5578,5578,20161215_CN,1.9625,6.55,-1.51875,58.24375,45,0,20161215,CN
5579,5579,20161215_DG,3.9,6.7,0.8,43.3,48,0,20161215,DG
5580,5580,20161215_DJ,3.0,8.9,-1.4,55.6,40,0,20161215,DJ
5581,5581,20161215_GB,3.275,7.2666666667,-0.254166667,50.504166667,55,0,20161215,GB
5582,5582,20161215_GG,-0.40952381,6.919047619,-4.357142857,44.966666667,197,0,20161215,GG
5583,5583,20161215_GJ,3.6,4.5,0.6,70.3,30,0,20161215,GJ
5584,5584,20161215_GN,5.7772727273000015,8.8863636364,0.9954545455,45.213636363999996,51,0,20161215,GN
5585,5585,20161215_GW,1.0166666667,7.9833333333,-2.544444444,61.655555556,33,0,20161215,GW
5586,5586,20161215_IC,-1.82,4.68,-4.19,44.31,49,0,20161215,IC
5587,5587,20161215_JB,2.5866666667,6.78,-1.2,61.786666667,82,0,20161215,JB
5588,5588,20161215_JJ,6.85,3.55,5.15,60.95,5,0,20161215,JJ
5589,5589,20161215_JN,3.75,4.1272727273,1.3272727273,63.981818182,79,0,20161215,JN
5590,5590,20161215_SU,-1.5,6.1,-5.0,41.8,197,0,20161215,SU
5591,5591,20161215_US,4.9,7.2,1.3,47.3,8,0,20161215,US
5592,5592,20161216_BS,6.4,9.6,1.0,28.1,64,0,20161216,BS
5593,5593,20161216_CB,1.06,10.346666667000001,-3.66,47.473333333,22,0,20161216,CB
5594,5594,20161216_CN,2.45625,11.7125,-2.46875,63.55,43,0,20161216,CN
5595,5595,20161216_DG,3.2,7.7,-0.6,32.3,43,0,20161216,DG
5596,5596,20161216_DJ,2.8,11.1,-2.4,52.4,40,0,20161216,DJ
5597,5597,20161216_GB,2.9916666667,9.5625,-1.766666667,38.933333333,61,0,20161216,GB
5598,5598,20161216_GG,0.480952381,10.721428571,-4.564285714,45.652380952,155,0,20161216,GG
5599,5599,20161216_GJ,4.1,7.4,0.5,56.5,37,0,20161216,GJ
5600,5600,20161216_GN,5.5181818182,10.572727273,-0.15,34.6,50,0,20161216,GN
5601,5601,20161216_GW,1.1833333333,11.222222222000001,-4.044444444,48.11111111100001,45,0,20161216,GW
5602,5602,20161216_IC,-0.35,7.68,-3.42,48.51,38,0,20161216,IC
5603,5603,20161216_JB,2.7066666667000003,9.8333333333,-1.813333333,58.353333333,66,0,20161216,JB
5604,5604,20161216_JJ,7.6,4.9,5.6,59.75,11,0,20161216,JJ
5605,5605,20161216_JN,4.3909090909,7.2272727273,0.7727272727,58.681818182,56,0,20161216,JN
5606,5606,20161216_SU,0.0,9.8,-4.7,40.3,164,0,20161216,SU
5607,5607,20161216_US,4.6,9.3,0.1,31.0,9,0,20161216,US
5608,5608,20161217_BS,11.4,12.1,5.4,48.9,12,0,20161217,BS
5609,5609,20161217_CB,9.62,11.853333333,2.9866666667,62.433333333,18,0,20161217,CB
5610,5610,20161217_CN,10.8,13.0875,3.21875,76.7875,16,0,20161217,CN
5611,5611,20161217_DG,10.5,13.3,3.4,57.9,18,0,20161217,DG
5612,5612,20161217_DJ,10.5,10.8,4.0,67.9,9,0,20161217,DJ
5613,5613,20161217_GB,10.2625,12.1875,3.45,59.795833333000004,14,0,20161217,GB
5614,5614,20161217_GG,8.7904761905,11.614285714000001,2.7547619048,65.914285714,50,0,20161217,GG
5615,5615,20161217_GJ,11.0,11.0,4.5,67.6,15,0,20161217,GJ
5616,5616,20161217_GN,11.236363635999998,15.0,2.9045454545,58.681818182,19,0,20161217,GN
5617,5617,20161217_GW,7.9833333333,10.866666667,2.9111111111000003,60.13888888899999,3,0,20161217,GW
5618,5618,20161217_IC,9.76,10.43,5.03,68.98,11,0,20161217,IC
5619,5619,20161217_JB,10.473333333,12.166666667000001,3.12,67.513333333,31,0,20161217,JB
5620,5620,20161217_JJ,12.05,7.65,7.7,69.2,8,0,20161217,JJ
5621,5621,20161217_JN,10.895454545,11.890909091,4.1727272727,69.95,17,0,20161217,JN
5622,5622,20161217_SU,8.0,10.7,2.7,60.1,42,0,20161217,SU
5623,5623,20161217_US,11.3,10.2,5.7,50.9,2,0,20161217,US
5624,5624,20161218_BS,13.5,9.8,8.5,56.5,0,0,20161218,BS
5625,5625,20161218_CB,9.3,12.24,2.6133333333,75.14,2,0,20161218,CB
5626,5626,20161218_CN,10.08125,11.20625,4.375,82.5,1,0,20161218,CN
5627,5627,20161218_DG,10.5,12.4,4.0,68.8,2,0,20161218,DG
5628,5628,20161218_DJ,9.5,11.3,3.8,78.5,1,0,20161218,DJ
5629,5629,20161218_GB,10.825,13.095833333,3.7875,67.041666667,0,0,20161218,GB
5630,5630,20161218_GG,7.9,6.5666666667,4.4880952381,74.476190476,5,0,20161218,GG
5631,5631,20161218_GJ,13.0,13.0,6.4,77.5,0,0,20161218,GJ
5632,5632,20161218_GN,11.927272727,14.163636364,4.25,70.590909091,2,0,20161218,GN
5633,5633,20161218_GW,9.0666666667,8.1,4.3111111111,69.744444444,1,0,20161218,GW
5634,5634,20161218_IC,8.42,3.47,6.59,68.99,1,0,20161218,IC
5635,5635,20161218_JB,10.8,13.686666667,3.7466666667,78.54,0,0,20161218,JB
5636,5636,20161218_JJ,16.55,10.55,12.25,69.95,0,0,20161218,JJ
5637,5637,20161218_JN,12.959090909,13.954545455,6.0863636364,79.409090909,2,0,20161218,JN
5638,5638,20161218_SU,8.1,5.4,4.9,68.8,6,0,20161218,SU
5639,5639,20161218_US,14.6,13.8,7.0,58.8,0,0,20161218,US
5640,5640,20161219_BS,13.0,5.3,10.7,90.4,74,0,20161219,BS
5641,5641,20161219_CB,9.9,8.0933333333,5.98,81.98,30,0,20161219,CB
5642,5642,20161219_CN,12.06875,8.95625,7.3375,92.7625,81,0,20161219,CN
5643,5643,20161219_DG,7.5,4.3,5.7,84.3,55,0,20161219,DG
5644,5644,20161219_DJ,10.6,5.5,7.8,89.4,39,0,20161219,DJ
5645,5645,20161219_GB,8.883333333300001,6.6958333333,6.2375,82.525,73,0,20161219,GB
5646,5646,20161219_GG,11.835714285999998,8.5761904762,6.7380952381,76.133333333,197,0,20161219,GG
5647,5647,20161219_GJ,13.3,6.5,10.2,98.5,24,0,20161219,GJ
5648,5648,20161219_GN,8.5909090909,4.7681818182,6.8772727273,89.754545455,79,0,20161219,GN
5649,5649,20161219_GW,10.611111111,9.5333333333,5.6444444444,78.04444444399999,42,0,20161219,GW
5650,5650,20161219_IC,12.0,6.34,8.11,74.07,56,0,20161219,IC
5651,5651,20161219_JB,12.706666667,8.266666666699999,8.5133333333,93.786666667,102,0,20161219,JB
5652,5652,20161219_JJ,17.6,4.3,15.55,85.65,16,0,20161219,JJ
5653,5653,20161219_JN,11.95,5.2181818182,9.7818181818,95.390909091,69,0,20161219,JN
5654,5654,20161219_SU,12.0,7.7,7.2,66.0,245,0,20161219,SU
5655,5655,20161219_US,12.5,8.2,9.6,82.0,16,0,20161219,US
5656,5656,20161220_BS,17.1,7.3,12.4,80.0,77,0,20161220,BS
5657,5657,20161220_CB,12.766666667,10.686666667,6.34,80.12,41,0,20161220,CB
5658,5658,20161220_CN,12.80625,10.50625,6.48125,88.23125,53,0,20161220,CN
5659,5659,20161220_DG,12.6,7.9,8.1,87.1,57,0,20161220,DG
5660,5660,20161220_DJ,13.3,9.0,8.2,82.9,34,0,20161220,DJ
5661,5661,20161220_GB,12.754166667,9.5958333333,7.4,85.304166667,54,0,20161220,GB
5662,5662,20161220_GG,13.442857143,11.054761905,6.1595238095,80.383333333,186,0,20161220,GG
5663,5663,20161220_GJ,15.1,7.6,10.3,83.9,51,0,20161220,GJ
5664,5664,20161220_GN,14.809090909000002,9.095454545499999,9.3772727273,84.327272727,61,0,20161220,GN
5665,5665,20161220_GW,11.727777778,10.161111111,5.1722222222,84.938888889,31,0,20161220,GW
5666,5666,20161220_IC,9.97,5.1,7.01,78.3,44,0,20161220,IC
5667,5667,20161220_JB,13.446666667,10.353333333,7.7933333333,83.76,89,0,20161220,JB
5668,5668,20161220_JJ,16.45,5.0,13.95,85.2,17,0,20161220,JJ
5669,5669,20161220_JN,14.445454545,8.2954545455,9.5,85.527272727,76,0,20161220,JN
5670,5670,20161220_SU,13.6,9.2,7.6,71.3,227,0,20161220,SU
5671,5671,20161220_US,15.3,7.1,10.9,87.9,16,0,20161220,US
5672,5672,20161221_BS,16.9,6.7,13.5,84.6,61,0,20161221,BS
5673,5673,20161221_CB,13.066666667,12.553333333,7.493333333300001,83.68,33,0,20161221,CB
5674,5674,20161221_CN,14.28125,13.5125,8.55,89.8375,58,0,20161221,CN
5675,5675,20161221_DG,11.0,7.7,6.8,96.4,61,0,20161221,DG
5676,5676,20161221_DJ,12.6,10.8,8.2,89.9,41,0,20161221,DJ
5677,5677,20161221_GB,11.529166667,8.9875,7.3055555556,90.566666667,71,0,20161221,GB
5678,5678,20161221_GG,12.888095238,11.214285714,7.5976190476,82.157142857,218,0,20161221,GG
5679,5679,20161221_GJ,16.9,9.8,12.8,89.9,35,0,20161221,GJ
5680,5680,20161221_GN,14.2,9.6863636364,9.1727272727,91.42272727299999,64,0,20161221,GN
5681,5681,20161221_GW,11.677777778,11.183333333,6.2333333333,85.35,43,0,20161221,GW
5682,5682,20161221_IC,12.88,7.93,8.95,78.9,45,0,20161221,IC
5683,5683,20161221_JB,15.56,13.813333333,9.7866666667,87.473333333,58,0,20161221,JB
5684,5684,20161221_JJ,21.05,6.3,18.3,91.3,12,0,20161221,JJ
5685,5685,20161221_JN,18.195454545,11.122727272999999,12.722727273,88.5,45,0,20161221,JN
5686,5686,20161221_SU,12.6,8.5,7.9,75.5,242,0,20161221,SU
5687,5687,20161221_US,16.2,9.8,11.4,93.8,11,0,20161221,US
5688,5688,20161222_BS,17.6,10.6,11.9,76.9,52,0,20161222,BS
5689,5689,20161222_CB,14.213333333,10.926666667000001,7.666666666699999,81.746666667,29,0,20161222,CB
5690,5690,20161222_CN,15.275,11.78125,7.1375,89.73125,42,0,20161222,CN
5691,5691,20161222_DG,16.6,10.6,11.4,70.5,49,0,20161222,DG
5692,5692,20161222_DJ,14.8,11.0,7.8,88.4,33,0,20161222,DJ
5693,5693,20161222_GB,15.425,10.095833333,10.2875,74.775,59,0,20161222,GB
5694,5694,20161222_GG,11.978571429,9.7047619048,5.8833333333,91.414285714,214,0,20161222,GG
5695,5695,20161222_GJ,17.3,11.8,8.6,88.3,29,0,20161222,GJ
5696,5696,20161222_GN,18.195454545,12.113636364000001,11.5,71.963636364,48,0,20161222,GN
5697,5697,20161222_GW,11.494444444,8.3,6.3166666667,88.0,36,0,20161222,GW
5698,5698,20161222_IC,12.61,10.52,5.71,90.62,28,0,20161222,IC
5699,5699,20161222_JB,17.246666667,13.36,7.7133333333,86.933333333,70,0,20161222,JB
5700,5700,20161222_JJ,20.35,12.0,10.95,77.25,15,0,20161222,JJ
5701,5701,20161222_JN,18.677272727000002,13.172727273,8.8954545455,82.80909090899999,61,0,20161222,JN
5702,5702,20161222_SU,11.0,9.5,5.5,90.3,212,0,20161222,SU
5703,5703,20161222_US,17.4,10.5,13.4,76.4,11,0,20161222,US
5704,5704,20161223_BS,8.0,6.5,4.7,52.0,65,0,20161223,BS
5705,5705,20161223_CB,3.32,5.3466666667,0.0733333333,73.28666666699999,46,0,20161223,CB
5706,5706,20161223_CN,3.59375,4.4625,0.5,84.8625,47,0,20161223,CN
5707,5707,20161223_DG,6.1,5.5,3.3,57.1,62,0,20161223,DG
5708,5708,20161223_DJ,3.9,5.2,0.8,79.9,35,0,20161223,DJ
5709,5709,20161223_GB,5.4541666667,5.875,2.4333333333,61.2125,52,0,20161223,GB
5710,5710,20161223_GG,2.3,5.4904761905,-1.5642857140000002,74.254761905,178,0,20161223,GG
5711,5711,20161223_GJ,5.5,3.8,2.8,82.8,39,0,20161223,GJ
5712,5712,20161223_GN,6.7714285714,5.3333333333,4.0727272727,53.504545455,54,0,20161223,GN
5713,5713,20161223_GW,4.0888888889,5.4,0.6777777778,66.061111111,41,0,20161223,GW
5714,5714,20161223_IC,2.1,5.13,-1.74,72.54,45,0,20161223,IC
5715,5715,20161223_JB,4.6,4.225,1.1333333333,81.833333333,60,0,20161223,JB
5716,5716,20161223_JJ,8.9,3.25,7.25,60.95,14,0,20161223,JJ
5717,5717,20161223_JN,5.6066666667,3.4466666667,3.3727272727,73.009090909,51,0,20161223,JN
5718,5718,20161223_SU,1.5,5.9,-2.5,71.1,165,0,20161223,SU
5719,5719,20161223_US,7.2,6.8,4.2,57.8,10,0,20161223,US
5720,5720,20161224_BS,10.1,10.3,4.4,58.3,12,0,20161224,BS
5721,5721,20161224_CB,0.9733333333,4.4466666667000005,-1.66,69.113333333,12,0,20161224,CB
5722,5722,20161224_CN,1.29375,4.3625,-1.18125,77.06875,9,0,20161224,CN
5723,5723,20161224_DG,5.0,6.9,1.3,60.4,11,0,20161224,DG
5724,5724,20161224_DJ,1.3,3.8,-1.1,72.8,5,0,20161224,DJ
5725,5725,20161224_GB,5.0791666667,8.054166666699999,0.5958333333,67.141666667,21,0,20161224,GB
5726,5726,20161224_GG,1.1261904762,5.0976190476,-1.99047619,67.583333333,58,0,20161224,GG
5727,5727,20161224_GJ,5.6,5.4,2.3,65.0,7,0,20161224,GJ
5728,5728,20161224_GN,7.0909090909,8.7363636364,2.3954545455000003,60.531818181999995,16,0,20161224,GN
5729,5729,20161224_GW,2.9666666667,4.7333333333,0.2166666667,71.916666667,10,0,20161224,GW
5730,5730,20161224_IC,0.3,4.37,-2.09,68.01,9,0,20161224,IC
5731,5731,20161224_JB,2.88,5.2333333333,-0.2,72.4,25,0,20161224,JB
5732,5732,20161224_JJ,9.35,4.45,7.3,64.9,5,0,20161224,JJ
5733,5733,20161224_JN,6.1090909091,6.0136363636,2.9136363636,65.068181818,27,0,20161224,JN
5734,5734,20161224_SU,1.1,5.4,-2.4,66.0,47,0,20161224,SU
5735,5735,20161224_US,7.3,8.6,2.7,66.5,3,0,20161224,US
5736,5736,20161225_BS,14.8,11.3,9.0,64.9,3,0,20161225,BS
5737,5737,20161225_CB,6.873333333300001,12.106666667,0.56,78.266666667,0,0,20161225,CB
5738,5738,20161225_CN,6.6875,11.5625,0.8,83.1,0,0,20161225,CN
5739,5739,20161225_DG,10.1,11.6,4.0,72.6,2,0,20161225,DG
5740,5740,20161225_DJ,7.3,11.8,1.3,79.1,0,0,20161225,DJ
5741,5741,20161225_GB,10.383333333,12.45,3.8375,78.395833333,1,0,20161225,GB
5742,5742,20161225_GG,6.5642857143,11.588095238,0.7547619048,76.926190476,2,0,20161225,GG
5743,5743,20161225_GJ,10.8,12.3,4.9,68.9,1,0,20161225,GJ
5744,5744,20161225_GN,11.572727273,12.786363635999999,5.0954545455,71.5,1,0,20161225,GN
5745,5745,20161225_GW,7.7333333333,10.155555556,2.1666666667,79.338888889,0,0,20161225,GW
5746,5746,20161225_IC,4.69,8.21,0.88,74.08,0,0,20161225,IC
5747,5747,20161225_JB,9.053333333300001,13.466666667,2.1733333333,76.21333333300001,2,0,20161225,JB
5748,5748,20161225_JJ,14.25,7.65,10.55,73.3,0,0,20161225,JJ
5749,5749,20161225_JN,10.245454545,12.072727273,4.5409090909,74.354545455,0,0,20161225,JN
5750,5750,20161225_SU,6.4,10.9,1.0,69.5,4,0,20161225,SU
5751,5751,20161225_US,12.7,10.7,7.7,78.6,0,0,20161225,US
5752,5752,20161226_BS,10.0,3.6,8.8,87.4,63,0,20161226,BS
5753,5753,20161226_CB,3.98,2.5666666667,2.6466666667,87.026666667,41,0,20161226,CB
5754,5754,20161226_CN,4.19375,2.7375,2.98125,92.49375,60,0,20161226,CN
5755,5755,20161226_DG,6.4,2.3,5.4,88.8,67,0,20161226,DG
5756,5756,20161226_DJ,4.3,2.0,3.1,92.4,36,0,20161226,DJ
5757,5757,20161226_GB,6.666666666699999,3.3416666667,4.9666666667,87.42083333299999,71,0,20161226,GB
5758,5758,20161226_GG,4.5666666667,3.9952380952,2.569047619,79.007142857,240,0,20161226,GG
5759,5759,20161226_GJ,7.9,3.9,6.1,96.8,35,0,20161226,GJ
5760,5760,20161226_GN,7.5681818182,2.2681818182,6.4636363636,89.22272727299999,71,0,20161226,GN
5761,5761,20161226_GW,5.9111111111,4.5055555556,3.5611111111,80.444444444,53,0,20161226,GW
5762,5762,20161226_IC,3.78,2.81,2.47,72.45,43,0,20161226,IC
5763,5763,20161226_JB,5.46,2.8066666667,3.9333333333,92.633333333,83,0,20161226,JB
5764,5764,20161226_JJ,16.65,6.5,13.0,93.25,9,0,20161226,JJ
5765,5765,20161226_JN,8.4727272727,3.7136363636,6.654545454500001,92.790909091,76,0,20161226,JN
5766,5766,20161226_SU,4.4,3.1,2.5,73.8,234,0,20161226,SU
5767,5767,20161226_US,8.7,3.1,7.3,92.5,18,0,20161226,US
5768,5768,20161227_BS,8.4,8.6,4.3,56.4,69,0,20161227,BS
5769,5769,20161227_CB,2.7533333333,8.106666666699999,-0.38,64.093333333,29,0,20161227,CB
5770,5770,20161227_CN,3.28125,8.19375,0.2,65.4625,69,0,20161227,CN
5771,5771,20161227_DG,6.5,8.0,2.8,53.8,60,0,20161227,DG
5772,5772,20161227_DJ,4.0,9.1,0.3,64.6,42,0,20161227,DJ
5773,5773,20161227_GB,5.1916666667,7.470833333300001,1.9333333333,64.633333333,59,0,20161227,GB
5774,5774,20161227_GG,2.130952381,8.233333333300001,-1.49047619,57.714285714,180,0,20161227,GG
5775,5775,20161227_GJ,4.7,6.5,2.3,62.3,61,0,20161227,GJ
5776,5776,20161227_GN,7.6409090909,8.85,3.7227272727,52.577272727,67,0,20161227,GN
5777,5777,20161227_GW,3.1,7.5166666667,-0.211111111,80.6,28,0,20161227,GW
5778,5778,20161227_IC,1.4,7.22,-1.84,53.25,46,0,20161227,IC
5779,5779,20161227_JB,3.9666666667,8.186666666699999,0.8066666667,63.3,85,0,20161227,JB
5780,5780,20161227_JJ,10.85,7.55,6.1,62.4,12,0,20161227,JJ
5781,5781,20161227_JN,5.531818181799999,6.5863636364,2.6727272727,61.813636364,57,0,20161227,JN
5782,5782,20161227_SU,1.3,7.6,-2.3,54.6,221,0,20161227,SU
5783,5783,20161227_US,7.1,7.7,3.5,63.4,12,0,20161227,US
5784,5784,20161228_BS,10.5,12.8,3.7,50.0,67,0,20161228,BS
5785,5785,20161228_CB,2.8933333333,11.306666667,-3.18,58.94,31,0,20161228,CB
5786,5786,20161228_CN,3.03125,11.81875,-3.11875,68.24375,59,0,20161228,CN
5787,5787,20161228_DG,6.1,11.2,0.3,46.3,58,0,20161228,DG
5788,5788,20161228_DJ,4.1,11.6,-2.5,58.5,37,0,20161228,DJ
5789,5789,20161228_GB,5.7375,11.55,-0.475,53.195833333,57,0,20161228,GB
5790,5790,20161228_GG,2.5761904762,11.373809524,-3.661904762,54.238095238,197,0,20161228,GG
5791,5791,20161228_GJ,6.4,11.0,-0.1,49.5,32,0,20161228,GJ
5792,5792,20161228_GN,7.7545454545,12.240909090999999,0.8045454545,52.418181818,68,0,20161228,GN
5793,5793,20161228_GW,2.8055555556,9.9111111111,-2.316666667,64.083333333,32,0,20161228,GW
5794,5794,20161228_IC,0.8,8.56,-3.62,53.55,49,0,20161228,IC
5795,5795,20161228_JB,4.04,11.833333332999999,-2.613333333,63.966666667,72,0,20161228,JB
5796,5796,20161228_JJ,8.9,6.15,5.7,56.1,13,0,20161228,JJ
5797,5797,20161228_JN,6.4409090909,10.295454545,0.5,55.677272726999995,52,0,20161228,JN
5798,5798,20161228_SU,2.6,11.0,-3.7,49.0,194,0,20161228,SU
5799,5799,20161228_US,8.5,11.2,2.0,59.4,16,0,20161228,US
5800,5800,20161229_BS,7.8,8.6,2.5,36.5,53,0,20161229,BS
5801,5801,20161229_CB,-0.08,5.7,-3.12,55.38,35,0,20161229,CB
5802,5802,20161229_CN,0.83125,6.9,-2.5875,67.40625,37,0,20161229,CN
5803,5803,20161229_DG,3.2,5.6,0.3,37.5,47,0,20161229,DG
5804,5804,20161229_DJ,1.4,5.9,-2.3,61.5,42,0,20161229,DJ
5805,5805,20161229_GB,2.8458333333,6.975,-0.825,44.508333333,82,0,20161229,GB
5806,5806,20161229_GG,-0.447619048,6.1285714286,-3.676190476,53.32857142899999,161,0,20161229,GG
5807,5807,20161229_GJ,2.9,5.2,-0.4,60.9,29,0,20161229,GJ
5808,5808,20161229_GN,5.6636363636,8.4590909091,0.9,43.122727273,49,0,20161229,GN
5809,5809,20161229_GW,0.7555555556,6.744444444400001,-2.422222222,48.472222222,29,0,20161229,GW
5810,5810,20161229_IC,-1.42,4.45,-3.54,56.24,42,0,20161229,IC
5811,5811,20161229_JB,1.3133333333,6.72,-2.173333333,63.166666667,71,0,20161229,JB
5812,5812,20161229_JJ,8.6,4.35,5.95,62.35,12,0,20161229,JJ
5813,5813,20161229_JN,3.2181818182,5.45,0.4045454545,62.445454545,52,0,20161229,JN
5814,5814,20161229_SU,-1.1,6.1,-4.2,53.1,199,0,20161229,SU
5815,5815,20161229_US,4.9,7.1,1.3,36.3,7,0,20161229,US
5816,5816,20161230_BS,8.6,10.6,2.4,28.4,72,0,20161230,BS
5817,5817,20161230_CB,3.1066666667,12.34,-2.986666667,60.673333333,27,0,20161230,CB
5818,5818,20161230_CN,3.68125,12.5875,-2.5625,77.53125,37,0,20161230,CN
5819,5819,20161230_DG,5.5,8.6,0.8,38.8,50,0,20161230,DG
5820,5820,20161230_DJ,4.8,12.9,-1.8,67.6,24,0,20161230,DJ
5821,5821,20161230_GB,5.0083333333,11.383333333,-0.7958333329999999,47.275,66,0,20161230,GB
5822,5822,20161230_GG,2.1761904762,11.973809524000002,-3.804761905,59.49047619,164,0,20161230,GG
5823,5823,20161230_GJ,5.8,9.5,0.3,56.5,31,0,20161230,GJ
5824,5824,20161230_GN,7.0636363636000015,12.081818182000001,0.17727272730000002,41.168181818,61,0,20161230,GN
5825,5825,20161230_GW,2.9666666667,11.744444444,-2.405555556,53.8,28,0,20161230,GW
5826,5826,20161230_IC,2.31,9.71,-2.29,58.75,30,0,20161230,IC
5827,5827,20161230_JB,4.3066666667,12.626666667,-2.566666667,68.21333333300001,60,0,20161230,JB
5828,5828,20161230_JJ,9.0,5.1,5.9,64.45,12,0,20161230,JJ
5829,5829,20161230_JN,6.0136363636,10.181818182,0.4,57.445454545,56,0,20161230,JN
5830,5830,20161230_SU,1.0,10.1,-3.9,50.9,161,0,20161230,SU
5831,5831,20161230_US,6.4,9.7,0.9,37.9,15,0,20161230,US
5832,5832,20161231_BS,10.6,10.6,4.7,53.5,17,0,20161231,BS
5833,5833,20161231_CB,4.3933333333,8.66,0.1533333333,76.126666667,13,0,20161231,CB
5834,5834,20161231_CN,6.35,8.69375,1.425,87.225,16,0,20161231,CN
5835,5835,20161231_DG,7.9,10.1,2.3,68.6,12,0,20161231,DG
5836,5836,20161231_DJ,5.2,6.5,1.4,79.9,7,0,20161231,DJ
5837,5837,20161231_GB,7.595833333300001,10.091666667,2.0916666667,64.4375,12,0,20161231,GB
5838,5838,20161231_GG,5.3404761905,9.314285714299999,0.4119047619,75.302380952,48,0,20161231,GG
5839,5839,20161231_GJ,5.9,8.7,1.9,77.5,12,0,20161231,GJ
5840,5840,20161231_GN,9.3227272727,12.413636364,2.4272727273,61.918181818,14,0,20161231,GN
5841,5841,20161231_GW,5.9833333333,8.4111111111,1.2944444444,63.972222222,2,0,20161231,GW
5842,5842,20161231_IC,6.86,7.9,2.51,75.16,9,0,20161231,IC
5843,5843,20161231_JB,5.8466666667,9.46,1.04,78.273333333,21,0,20161231,JB
5844,5844,20161231_JJ,10.3,6.45,7.05,64.15,3,0,20161231,JJ
5845,5845,20161231_JN,7.6772727273,10.863636364000001,2.3636363636,75.404545455,25,0,20161231,JN
5846,5846,20161231_SU,5.7,9.3,0.7,65.4,38,0,20161231,SU
5847,5847,20161231_US,9.1,8.5,4.8,57.1,1,0,20161231,US
