kma_jid,t_max,t_diff,t_avg,hu,pd_in,HW
20160101_BS,10.9,9.8,5.3,52.1,583,0
20160101_CB,5.6333333333,11.093333333,0.32,74.333333333,91,0
20160101_CN,7.325,11.64375,1.975,81.58125,214,0
20160101_DG,8.0,12.0,1.7,70.5,246,0
20160101_DJ,7.7,11.9,1.6,77.4,186,0
20160101_GB,7.529166666699999,12.204166667,1.225,63.966666667,280,0
20160101_GG,4.6928571429,8.9333333333,0.9714285714,78.592857143,759,0
20160101_GJ,8.1,9.6,3.2,73.1,177,0
20160101_GN,8.818181818200001,12.418181817999999,1.9590909091,63.690909091,382,0
20160101_GW,5.3055555556,9.644444444400001,0.8611111111,65.922222222,69,0
20160101_IC,5.73,6.63,2.92,82.92,127,0
20160101_JB,7.4066666667,11.073333332999999,1.2733333333,77.693333333,339,0
20160101_JJ,11.25,5.6,8.55,60.95,18,0
20160101_JN,8.2454545455,10.604545455,2.7909090908999996,73.554545455,215,0
20160101_SU,4.0,7.3,1.2,73.0,396,0
20160101_US,12.0,13.6,4.0,53.3,122,0
20160102_BS,12.2,7.6,8.1,62.9,17,0
20160102_CB,11.26,10.66,4.82,71.746666667,16,0
20160102_CN,11.925,10.15,6.2125,83.80625,11,0
20160102_DG,9.9,12.6,3.0,74.8,22,0
20160102_DJ,12.3,10.3,6.6,76.5,6,0
20160102_GB,11.425,12.45,3.9666666667,67.1,27,0
20160102_GG,9.9285714286,8.8714285714,5.4738095238,80.63571428600001,51,0
20160102_GJ,12.7,11.4,6.5,78.6,15,0
20160102_GN,11.068181818,11.718181818,4.1227272727,72.16818181800001,19,0
20160102_GW,9.6388888889,7.65,5.6166666667,66.766666667,9,0
20160102_IC,11.04,7.09,7.35,91.63,10,0
20160102_JB,12.246666667000001,12.12,5.7066666666999994,78.353333333,31,0
20160102_JJ,15.75,7.25,12.25,64.3,7,0
20160102_JN,12.172727273,11.709090909,5.7272727273,80.104545455,22,0
20160102_SU,9.5,8.5,5.7,76.9,45,0
20160102_US,14.2,13.9,5.6,61.0,6,0
20160103_BS,16.6,8.7,11.4,68.3,0,0
20160103_CB,12.006666667000001,11.926666667000001,5.2933333333,80.06,2,0
20160103_CN,12.11875,10.625,6.125,90.05625,0,0
20160103_DG,13.9,16.2,4.9,77.0,4,0
20160103_DJ,14.1,13.1,6.9,83.5,1,0
20160103_GB,13.7125,14.633333333,5.2208333333,71.80833333300001,3,0
20160103_GG,9.740476190499999,6.9333333333,5.5761904762,88.0,4,0
20160103_GJ,13.7,10.0,7.3,78.9,0,0
20160103_GN,14.563636364,14.05,6.1954545455,77.677272727,1,0
20160103_GW,10.372222222000001,9.2722222222,5.15,79.338888889,0,0
20160103_IC,7.91,3.45,5.78,96.73,0,0
20160103_JB,14.06,11.846666667000001,6.48,82.113333333,3,0
20160103_JJ,16.45,6.7,12.7,66.9,1,0
20160103_JN,14.127272727000001,11.181818182,7.1227272727,80.481818182,2,0
20160103_SU,9.4,4.3,6.5,80.6,9,0
20160103_US,15.6,14.9,7.0,76.4,1,0
20160104_BS,15.2,7.6,10.4,46.3,105,0
20160104_CB,7.8533333333,8.98,4.28,54.606666667,57,0
20160104_CN,8.15,10.0125,3.9375,69.43125,90,0
20160104_DG,11.4,10.3,5.8,58.1,82,0
20160104_DJ,9.6,10.1,5.1,62.5,49,0
20160104_GB,10.8875,10.4,5.6375,51.854166667,108,0
20160104_GG,6.380952381,8.2261904762,2.8285714286,55.716666667,288,0
20160104_GJ,11.4,9.1,6.4,66.5,49,0
20160104_GN,13.809090909000002,11.563636364,6.990909090900001,56.772727273,104,0
20160104_GW,8.394444444400001,8.538888888899999,4.45,46.372222222,46,0
20160104_IC,5.16,7.21,2.12,70.64,56,0
20160104_JB,9.7133333333,10.36,4.86,70.07333333300001,120,0
20160104_JJ,14.5,4.9,11.95,65.3,24,0
20160104_JN,11.763636364000002,9.963636363600001,6.686363636399999,66.26363636399999,81,0
20160104_SU,5.3,7.8,2.0,54.4,260,0
20160104_US,13.9,10.9,7.7,52.8,23,0
20160105_BS,8.1,4.9,5.3,40.9,112,0
20160105_CB,2.8133333332999997,6.76,-1.073333333,39.073333333,42,0
20160105_CN,2.65625,6.925,-0.7875,53.35625,69,0
20160105_DG,5.9,5.0,2.9,29.4,77,0
20160105_DJ,3.7,7.1,-0.6,45.4,34,0
20160105_GB,5.2416666667000005,6.895833333300001,1.1083333333,34.2125,63,0
20160105_GG,1.9071428571,6.3928571429,-1.976190476,40.883333333,229,0
20160105_GJ,5.8,6.5,2.4,40.3,43,0
20160105_GN,6.6136363636,6.8636363636,2.4727272727000003,52.659090909,63,0
20160105_GW,3.9,8.3222222222,-0.705555556,34.344444444000004,37,0
20160105_IC,0.24,4.12,-2.01,45.68,50,0
20160105_JB,3.8333333332999997,6.8266666666999996,-2.36848e-16,55.133333333,106,0
20160105_JJ,11.45,4.8,8.55,71.95,15,0
20160105_JN,5.5363636364,5.881818181799999,2.5545454545,53.690909091,52,0
20160105_SU,1.5,6.3,-2.7,39.4,236,0
20160105_US,7.8,7.1,3.9,31.9,11,0
20160106_BS,9.9,8.1,4.8,34.5,69,0
20160106_CB,3.4333333333,9.94,-0.986666667,55.36,33,0
20160106_CN,4.41875,10.16875,0.025,70.13125,49,0
20160106_DG,5.8,6.6,2.2,47.5,65,0
20160106_DJ,5.4,11.0,-0.1,62.9,38,0
20160106_GB,5.5583333333,9.6375,0.7583333333,46.254166667,56,0
20160106_GG,2.7404761905,8.2,-1.488095238,58.804761905,197,0
20160106_GJ,7.5,8.5,3.3,54.1,34,0
20160106_GN,7.6727272726999995,9.5090909091,2.7318181818,44.686363636,51,0
20160106_GW,4.0444444444,11.055555556,-1.711111111,52.744444443999996,39,0
20160106_IC,2.46,5.25,-0.45,63.87,40,0
20160106_JB,5.3066666667,10.26,0.48666666670000003,63.766666666999996,72,0
20160106_JJ,10.6,4.3,8.25,68.5,12,0
20160106_JN,7.436363636399999,8.8727272727,3.2545454545,55.981818182,43,0
20160106_SU,1.7,6.6,-1.7,54.3,198,0
20160106_US,8.7,8.5,3.9,34.1,12,0
20160107_BS,8.5,7.4,3.9,47.3,88,0
20160107_CB,2.6666666667,7.126666666699999,-1.466666667,52.146666667,30,0
20160107_CN,3.175,5.0625,0.19375,62.98125,53,0
20160107_DG,5.3,6.0,1.7,50.4,61,0
20160107_DJ,4.1,6.7,0.1,59.4,26,0
20160107_GB,4.7708333333,7.6333333333,0.5375,44.895833333,49,0
20160107_GG,2.180952381,8.2714285714,-2.685714286,53.9,173,0
20160107_GJ,5.2,4.0,2.7,63.4,38,0
20160107_GN,7.1909090909,8.3136363636,2.3363636363999998,50.227272727,65,0
20160107_GW,2.8388888888999997,9.3055555556,-2.111111111,47.55,30,0
20160107_IC,1.3,5.43,-2.24,60.68,52,0
20160107_JB,3.6466666667000003,4.32,0.8066666667,63.606666667,93,0
20160107_JJ,8.5,2.9,6.7,55.6,18,0
20160107_JN,5.654545454500001,4.55,2.9409090908999995,63.454545455,52,0
20160107_SU,1.4,7.3,-3.4,51.8,214,0
20160107_US,7.2,6.6,3.3,38.6,10,0
20160108_BS,6.9,7.4,2.5,44.1,91,0
20160108_CB,2.2466666667,8.1733333333,-2.1,51.993333333,27,0
20160108_CN,3.05625,6.91875,-0.65,70.68125,57,0
20160108_DG,4.5,6.3,0.8,49.4,61,0
20160108_DJ,3.4,7.6,-1.0,62.0,44,0
20160108_GB,4.4,8.275,-0.44583333299999994,43.733333333000004,51,0
20160108_GG,1.9785714286000002,9.688095238099999,-2.80952381,54.321428571000006,162,0
20160108_GJ,4.8,5.0,1.2,81.0,27,0
20160108_GN,6.3772727273,8.845454545499999,1.2590909091,48.863636363999994,74,0
20160108_GW,1.9722222222,9.65,-3.3222222219999997,44.444444444,33,0
20160108_IC,1.8,7.3,-2.09,63.4,49,0
20160108_JB,3.3066666667,5.8,0.006666666700000001,71.46,67,0
20160108_JJ,7.75,4.1,5.65,57.0,13,0
20160108_JN,5.15,5.4954545454999995,1.8545454545,70.19090909100001,46,0
20160108_SU,1.0,7.9,-3.3,49.8,201,0
20160108_US,6.7,7.3,2.2,38.5,9,0
20160109_BS,9.4,9.8,3.8,46.1,19,0
20160109_CB,4.42,8.38,0.06,55.82,16,0
20160109_CN,5.20625,7.26875,0.9875,72.09375,10,0
20160109_DG,7.4,11.5,1.3,54.4,17,0
20160109_DJ,6.1,8.0,1.4,60.8,11,0
20160109_GB,5.75,10.708333332999999,0.5125,49.958333333,14,0
20160109_GG,3.1142857143000002,8.6619047619,-1.223809524,58.723809523999996,55,0
20160109_GJ,7.7,8.0,2.5,65.0,13,0
20160109_GN,7.8954545455,11.422727273,1.8,51.372727273,24,0
20160109_GW,3.15,10.166666667000001,-1.5666666669999998,48.8,9,0
20160109_IC,2.81,7.33,-0.83,69.83,17,0
20160109_JB,5.42,6.2933333333000006,1.7533333333,64.78,29,0
20160109_JJ,9.0,5.4,6.05,56.1,4,0
20160109_JN,6.936363636399999,8.095454545499999,2.2318181818,65.43636363600001,19,0
20160109_SU,2.4,8.6,-2.1,57.1,53,0
20160109_US,8.7,10.0,3.0,45.4,6,0
20160110_BS,10.1,9.6,4.8,46.1,1,0
20160110_CB,4.8466666667,7.36,0.6733333333,52.526666667,1,0
20160110_CN,5.43125,8.59375,0.3625,72.5,1,0
20160110_DG,8.0,11.9,2.1,58.6,0,0
20160110_DJ,5.4,7.2,1.2,63.8,1,0
20160110_GB,6.658333333300001,9.65,1.7291666666999999,51.3,0,0
20160110_GG,5.0928571429,8.0047619048,0.6380952381,46.357142857,14,0
20160110_GJ,8.5,8.6,3.7,59.4,0,0
20160110_GN,8.55,11.331818182000001,2.2090909091,54.536363636000004,3,0
20160110_GW,5.455555555599999,9.0944444444,0.8388888889,41.972222222,0,0
20160110_IC,3.46,5.55,1.16,52.42,0,0
20160110_JB,6.873333333300001,9.313333333300001,1.8866666666999998,66.166666667,3,0
20160110_JJ,10.95,6.1,7.55,60.35,0,0
20160110_JN,8.4090909091,9.5727272727,3.0954545455,62.572727273000005,1,0
20160110_SU,3.8,6.5,0.3,42.3,11,0
20160111_BS,10.1,8.4,4.5,27.6,100,0
20160111_CB,2.4533333333000003,8.6933333333,-2.68,44.106666667,45,0
20160111_CN,2.74375,8.68125,-2.1,65.4125,63,0
20160111_DG,5.5,7.3,1.5,33.9,65,0
20160111_DJ,3.8,9.2,-1.8,54.6,44,0
20160111_GB,5.2375,9.641666666699999,-0.279166667,37.379166667,75,0
20160111_GG,1.7,8.0761904762,-3.233333333,40.916666667,200,0
20160111_GJ,5.3,6.2,1.5,48.8,49,0
20160111_GN,7.4590909090999995,8.8409090909,2.1772727273,36.240909091,78,0
20160111_GW,2.1611111111000003,9.8111111111,-3.383333333,41.75,43,0
20160111_IC,-0.79,5.05,-3.64,51.54,41,0
20160111_JB,3.6466666667000003,7.78,-0.76,57.693333333000005,81,0
20160111_JJ,9.9,4.55,7.35,60.55,19,0
20160111_JN,5.9772727273,7.0772727273000005,1.8818181818000002,51.922727273,59,0
20160111_SU,0.9,7.4,-3.8,38.3,224,0
20160111_US,8.4,8.1,3.5,22.3,16,0
20160112_BS,7.9,8.8,2.5,26.4,80,0
20160112_CB,1.88,11.213333333,-4.046666667,52.08,23,0
20160112_CN,2.3125,11.0375,-3.0375,69.63125,52,0
20160112_DG,5.2,11.1,-0.5,38.1,64,0
20160112_DJ,3.4,10.9,-2.7,58.8,46,0
20160112_GB,4.8416666667,12.1,-1.704166667,38.420833333000004,72,0
20160112_GG,1.1119047619,10.538095238,-4.788095238,51.207142857,220,0
20160112_GJ,4.1,8.3,-0.3,53.6,42,0
20160112_GN,6.3363636364,10.413636364,0.4272727273,30.977272727,67,0
20160112_GW,2.3333333333,12.583333332999999,-4.066666667,42.95555555600001,36,0
20160112_IC,-0.49,7.12,-4.44,57.95,45,0
20160112_JB,2.7333333332999996,10.3,-2.4533333330000002,61.973333333,83,0
20160112_JJ,7.15,3.3,5.15,56.7,18,0
20160112_JN,4.5545454544999995,7.9863636364,0.2681818182,54.604545455,60,0
20160112_SU,0.7,9.8,-5.2,46.0,235,0
20160112_US,7.7,9.0,2.0,20.9,12,0
20160113_BS,6.9,9.1,1.5,46.4,69,0
20160113_CB,1.0,6.5533333333,-2.38,70.07333333300001,33,0
20160113_CN,1.4,5.36875,-1.36875,83.01875,50,0
20160113_DG,3.1,7.0,0.0,57.1,55,0
20160113_DJ,1.5,5.2,-1.5,77.4,25,0
20160113_GB,2.525,7.854166666699999,-1.129166667,54.304166667,61,0
20160113_GG,0.8142857143000001,9.0738095238,-3.833333333,65.66190476199999,192,0
20160113_GJ,4.5,5.8,1.0,70.8,40,0
20160113_GN,5.1818181818,9.5909090909,-0.040909091,51.95,46,0
20160113_GW,0.7777777778,9.0611111111,-3.366666667,54.783333333,41,0
20160113_IC,0.24,7.2,-3.61,73.5,52,0
20160113_JB,1.0866666667,4.4,-1.1,84.473333333,53,0
20160113_JJ,5.9,3.75,4.25,59.4,8,0
20160113_JN,3.6318181818,4.9818181818000005,0.9590909090999999,66.890909091,56,0
20160113_SU,0.1,8.3,-4.5,63.0,201,0
20160113_US,5.9,7.7,1.2,44.6,12,0
20160114_BS,8.3,8.1,2.9,50.3,72,0
20160114_CB,1.9533333333,9.52,-2.5333333330000003,51.18,46,0
20160114_CN,2.63125,9.1125,-1.89375,70.59375,55,0
20160114_DG,3.9,6.9,0.2,56.1,65,0
20160114_DJ,3.7,10.2,-1.3,57.5,30,0
20160114_GB,3.2416666667,8.15,-1.25,48.416666667,54,0
20160114_GG,0.9976190476000001,10.811904762000001,-3.69047619,59.24047619,205,0
20160114_GJ,5.8,6.4,1.4,74.4,28,0
20160114_GN,5.718181818200001,8.845454545499999,0.6909090909000001,54.477272727,60,0
20160114_GW,0.6888888889,9.3888888889,-3.327777778,47.2,26,0
20160114_IC,1.33,7.99,-2.6,64.74,39,0
20160114_JB,2.9133333332999998,6.96,-1.173333333,77.26,71,0
20160114_JJ,8.4,4.05,5.95,49.1,12,0
20160114_JN,5.7454545454999995,8.0181818182,1.5,64.33181818199999,49,0
20160114_SU,1.3,9.7,-3.4,52.1,233,0
20160114_US,5.7,7.5,1.1,53.1,14,0
20160115_BS,10.6,11.1,4.2,45.6,77,0
20160115_CB,4.7,10.446666667,-1.213333333,68.32,31,0
20160115_CN,5.83125,10.26875,0.26875,78.2875,40,0
20160115_DG,6.8,12.8,-0.3,66.3,53,0
20160115_DJ,6.4,10.1,0.5,70.5,37,0
20160115_GB,5.9291666667,12.4625,-0.95,62.445833333,76,0
20160115_GG,4.7452380951999995,9.719047619,-0.8785714290000001,65.266666667,181,0
20160115_GJ,8.4,10.6,2.6,63.5,29,0
20160115_GN,7.8227272727,12.559090909000002,0.8181818181999999,58.822727273000005,63,0
20160115_GW,3.1833333333,9.3722222222,-2.288888889,66.883333333,36,0
20160115_IC,5.13,7.82,0.6,61.23,51,0
20160115_JB,6.2866666666999995,10.44,0.31333333329999996,76.413333333,80,0
20160115_JJ,11.0,6.75,6.85,54.5,23,0
20160115_JN,8.5,11.690909090999998,2.05,66.795454545,46,0
20160115_SU,5.3,9.6,-0.4,52.3,174,0
20160115_US,8.8,13.3,1.5,58.3,13,0
20160116_BS,10.4,8.1,5.7,50.9,11,0
20160116_CB,6.2333333333,12.32,-0.793333333,67.473333333,13,0
20160116_CN,7.275,10.7875,1.21875,78.3125,11,0
20160116_DG,8.3,13.1,0.6,68.9,21,0
20160116_DJ,8.2,12.6,0.9,73.8,6,0
20160116_GB,7.7625,13.4625,0.0166666667,63.616666667,20,0
20160116_GG,3.9761904762,7.4547619048,0.045238095199999995,71.511904762,54,0
20160116_GJ,10.0,9.4,4.6,59.5,10,0
20160116_GN,8.2909090909,10.527272727,2.0409090909,62.172727273,25,0
20160116_GW,3.7833333333,11.366666667,-2.166666667,72.355555556,9,0
20160116_IC,5.24,5.68,1.83,76.19,14,0
20160116_JB,8.766666666699999,11.706666667,1.8066666667,70.06666666699999,28,0
20160116_JJ,11.55,7.85,7.6,61.45,2,0
20160116_JN,9.786363636399999,10.004545455,3.9863636363999997,62.022727273,12,0
20160116_SU,2.8,4.9,-0.2,68.0,58,0
20160116_US,8.7,10.5,2.8,63.1,4,0
20160117_BS,10.3,5.2,6.6,77.4,0,0
20160117_CB,5.533333333300001,8.16,1.3666666666999998,75.34,0,0
20160117_CN,6.5625,8.14375,2.34375,79.99375,0,0
20160117_DG,4.5,6.3,1.4,81.5,0,0
20160117_DJ,5.3,6.3,1.7,84.0,0,0
20160117_GB,4.8,7.175,1.5583333333000002,82.579166667,2,0
20160117_GG,5.690476190499999,7.5476190476,1.5738095238,69.74047619,8,0
20160117_GJ,6.6,4.2,3.7,76.5,0,0
20160117_GN,7.031818181799999,6.9272727273,3.2590909091,74.95,1,0
20160117_GW,4.7,8.3611111111,0.3944444444,82.033333333,2,0
20160117_IC,5.18,4.59,2.24,78.65,0,0
20160117_JB,4.8,5.4066666667,1.92,84.22,1,0
20160117_JJ,10.3,2.55,9.1,80.55,0,0
20160117_JN,6.9772727273,5.4454545455,4.0681818182,76.613636364,1,0
20160117_SU,5.4,6.1,1.7,64.0,7,0
20160117_US,8.6,8.1,4.5,80.0,0,0
20160118_BS,6.9,10.9,2.3,57.4,67,0
20160118_CB,1.5866666666999998,11.373333333,-4.053333333,71.07333333300001,37,0
20160118_CN,2.1375,9.7875,-3.2875,79.83125,59,0
20160118_DG,3.7,8.8,-0.2,62.1,68,0
20160118_DJ,1.6,10.1,-3.1,75.5,46,0
20160118_GB,3.6583333333,10.9,-1.125,60.595833333,81,0
20160118_GG,0.9,12.138095238,-5.507142857000001,61.188095238,209,0
20160118_GJ,3.2,7.6,-0.8,84.9,42,0
20160118_GN,5.1954545455000005,9.4136363636,0.9090909091,54.259090908999994,72,0
20160118_GW,1.9555555556,12.966666667,-3.5944444439999996,56.233333333000004,33,0
20160118_IC,1.74,12.5,-5.98,71.58,51,0
20160118_JB,2.4066666667,8.366666666699999,-2.2,80.24,87,0
20160118_JJ,8.6,9.5,3.7,65.1,18,0
20160118_JN,3.6318181818,7.5727272727,-0.23181818199999998,76.66818181800001,66,0
20160118_SU,0.4,12.7,-6.3,59.8,237,0
20160118_US,6.1,9.9,2.2,52.9,17,0
20160119_BS,0.7,6.1,-3.1,36.8,61,0
20160119_CB,-6.853333332999999,5.52,-9.913333332999999,57.453333333,35,0
20160119_CN,-5.49375,4.66875,-7.96875,71.7625,35,0
20160119_DG,-3.6,4.9,-6.3,46.8,53,0
20160119_DJ,-5.3,5.9,-8.3,66.0,37,0
20160119_GB,-4.579166667,5.0291666667,-7.470833333,40.7375,58,0
20160119_GG,-7.823809524,6.1571428571,-11.5952381,48.595238095,155,0
20160119_GJ,-2.0,3.8,-4.5,79.5,28,0
20160119_GN,-0.9363636359999999,5.1090909091,-3.895454545,35.531818181999995,47,0
20160119_GW,-7.088888889,6.5222222222,-10.76666667,35.694444444,45,0
20160119_IC,-8.43,4.94,-11.3,59.77,43,0
20160119_JB,-4.94,4.7666666667,-7.4066666670000005,78.826666667,50,0
20160119_JJ,2.95,4.05,0.85,64.1,11,0
20160119_JN,-1.645454545,3.8454545455,-3.868181818,71.781818182,35,0
20160119_SU,-8.9,6.2,-12.8,45.9,220,0
20160119_US,-0.3,5.6,-3.9,32.4,17,0
20160120_BS,2.0,8.6,-2.5,36.1,61,0
20160120_CB,-5.54,8.84,-10.04666667,59.246666667,29,0
20160120_CN,-4.33125,7.86875,-8.45625,76.24375,42,0
20160120_DG,-1.8,7.0,-5.4,49.5,64,0
20160120_DJ,-3.5,8.5,-8.1,67.9,28,0
20160120_GB,-1.9458333330000002,9.1625,-6.5875,46.558333333,60,0
20160120_GG,-5.2976190480000005,9.207142857100001,-10.23333333,51.092857143,182,0
20160120_GJ,-0.8,6.0,-4.5,64.1,35,0
20160120_GN,0.8181818181999999,8.65,-3.754545455,39.6,61,0
20160120_GW,-3.0944444439999996,11.516666667,-9.288888888999999,52.75,30,0
20160120_IC,-6.14,7.0,-9.56,59.15,43,0
20160120_JB,-3.44,9.1466666667,-7.793333333,74.32,65,0
20160120_JJ,5.05,3.95,3.0,64.0,11,0
20160120_JN,-0.086363636,5.6590909091,-3.395454545,63.227272727,45,0
20160120_SU,-5.2,9.3,-10.5,43.6,194,0
20160120_US,1.5,9.4,-3.7,42.4,8,0
20160121_BS,3.3,6.8,-0.9,29.9,53,0
20160121_CB,-1.993333333,9.4133333333,-7.126666667,58.18,45,0
20160121_CN,-1.3125,9.0625,-6.19375,72.85625,50,0
20160121_DG,0.4,8.2,-3.4,38.9,54,0
20160121_DJ,-0.5,8.3,-5.7,64.5,32,0
20160121_GB,0.6791666667,8.8458333333,-4.158333333,42.058333333,59,0
20160121_GG,-1.9476190480000002,8.8952380952,-6.921428571,52.538095238000004,181,0
20160121_GJ,0.8,6.1,-3.0,59.8,35,0
20160121_GN,2.1454545455000003,7.8909090909,-2.154545455,34.409090909,49,0
20160121_GW,-0.355555556,10.811111110999999,-6.494444444,49.977777778000004,33,0
20160121_IC,-3.33,6.02,-6.57,59.56,42,0
20160121_JB,-1.533333333,8.0133333333,-5.873333333,70.773333333,69,0
20160121_JJ,5.15,2.8,3.6,67.9,16,0
20160121_JN,0.8454545455,5.5181818182,-2.409090909,60.118181818000004,51,0
20160121_SU,-2.3,7.9,-7.1,44.3,199,0
20160121_US,3.1,8.7,-1.6,31.5,10,0
20160122_BS,6.7,9.4,0.8,23.9,49,0
20160122_CB,-1.333333333,11.186666667,-6.7,50.713333333,35,0
20160122_CN,-1.3875,11.06875,-6.13125,65.90625,48,0
20160122_DG,1.6,6.8,-2.1,32.0,64,0
20160122_DJ,-0.3,10.6,-5.7,59.1,34,0
20160122_GB,1.9208333333,10.754166667,-3.254166667,36.441666667,63,0
20160122_GG,-2.595238095,9.3047619048,-7.069047619,43.70952381,124,0
20160122_GJ,1.1,7.6,-2.8,44.6,33,0
20160122_GN,4.3954545455,10.390909091000001,-0.9272727270000001,25.65,65,0
20160122_GW,-0.672222222,11.277777777999999,-6.05,43.55,30,0
20160122_IC,-3.96,5.46,-6.56,48.46,40,0
20160122_JB,-0.96,11.313333333,-6.006666667,62.3,87,0
20160122_JJ,6.0,4.4,3.75,59.2,14,0
20160122_JN,1.9,7.2318181818,-1.990909091,46.190909091,54,0
20160122_SU,-3.8,7.3,-7.6,40.5,190,0
20160122_US,5.4,10.7,-0.2,24.3,8,0
20160123_BS,1.1,9.6,-2.9,32.0,18,0
20160123_CB,-5.42,7.42,-8.94,45.446666666999995,9,0
20160123_CN,-4.3625,7.1,-8.175,69.9625,14,0
20160123_DG,-2.3,8.4,-5.8,37.6,11,0
20160123_DJ,-4.7,6.8,-8.2,64.8,3,0
20160123_GB,-2.725,8.991666666699999,-6.170833332999999,31.825,13,0
20160123_GG,-6.995238095,8.1095238095,-10.40714286,40.797619048,52,0
20160123_GJ,-3.2,5.2,-5.8,60.8,10,0
20160123_GN,0.0909090909,9.6863636364,-4.145454545,30.772727273,30,0
20160123_GW,-4.961111111,8.6111111111,-8.644444444,26.616666666999997,6,0
20160123_IC,-7.06,7.97,-10.7,55.7,13,0
20160123_JB,-4.853333333,6.073333333300001,-7.68,67.026666667,18,0
20160123_JJ,4.25,8.85,0.05,70.7,2,0
20160123_JN,-2.3,6.0181818182,-5.181818182,62.340909091,23,0
20160123_SU,-8.3,7.7,-11.5,42.0,52,0
20160123_US,0.4,9.1,-3.4,26.9,2,0
20160124_BS,-4.2,6.0,-7.6,45.4,4,0
20160124_CB,-9.933333333,6.953333333300001,-13.30666667,54.813333333,0,0
20160124_CN,-8.275,6.48125,-11.61875,77.925,3,0
20160124_DG,-7.6,5.4,-10.2,49.0,2,0
20160124_DJ,-8.7,8.3,-12.7,70.5,0,0
20160124_GB,-7.1791666670000005,7.3208333333,-10.80416667,41.9125,0,0
20160124_GG,-9.526190476,7.6571428571,-13.53333333,49.69047619,8,0
20160124_GJ,-7.7,4.0,-9.5,77.6,0,0
20160124_GN,-5.595454545,5.5409090909000005,-8.472727273,44.677272726999995,1,0
20160124_GW,-7.527777778,9.5888888889,-12.43333333,35.7,0,0
20160124_IC,-10.43,5.98,-13.18,58.9,3,0
20160124_JB,-8.526666667,5.3,-11.29333333,76.666666667,1,0
20160124_JJ,-0.6,5.5,-3.45,71.8,0,0
20160124_JN,-5.986363636,4.3181818182,-8.204545455,75.30909090899999,1,0
20160124_SU,-10.5,7.5,-14.4,48.5,5,0
20160125_BS,2.4,10.6,-2.6,44.8,64,0
20160125_CB,-3.206666667,11.96,-8.98,61.02,31,0
20160125_CN,-3.35625,11.35625,-8.69375,81.975,61,0
20160125_DG,0.1,10.3,-5.0,54.9,69,0
20160125_DJ,-2.1,12.1,-7.8,75.1,42,0
20160125_GB,-0.47083333299999997,11.575,-6.233333332999999,48.0625,70,0
20160125_GG,-3.15,12.083333332999999,-9.247619047999999,53.623809523999995,219,0
20160125_GJ,-1.5,9.7,-5.5,77.6,29,0
20160125_GN,2.0363636364,12.363636364000001,-4.131818182,49.690909091,61,0
20160125_GW,-2.605555556,12.855555555999999,-9.155555556,44.761111111000005,44,0
20160125_IC,-3.99,8.41,-7.82,60.66,51,0
20160125_JB,-2.106666667,13.353333333,-8.013333333,75.28,63,0
20160125_JJ,3.4,5.2,1.3,72.7,14,0
20160125_JN,-0.177272727,8.8227272727,-3.827272727,75.818181818,41,0
20160125_SU,-3.4,10.9,-9.4,47.1,229,0
20160125_US,2.3,9.7,-2.9,42.6,14,0
20160126_BS,7.3,11.2,1.4,49.4,68,0
20160126_CB,1.86,10.586666667000001,-3.4266666669999997,71.446666667,38,0
20160126_CN,3.48125,10.14375,-2.075,80.4,59,0
20160126_DG,4.9,10.4,-0.7,59.5,69,0
20160126_DJ,3.5,9.8,-1.8,76.3,27,0
20160126_GB,3.7958333332999996,11.891666667,-1.8625,56.2125,64,0
20160126_GG,2.0523809524,10.492857143,-3.504761905,71.283333333,202,0
20160126_GJ,4.0,7.8,-0.2,74.8,43,0
20160126_GN,5.759090909099999,12.986363635999998,-0.854545455,54.581818182,70,0
20160126_GW,1.5722222222,12.783333333,-3.9444444439999997,57.761111111000005,53,0
20160126_IC,2.85,8.81,-1.23,78.83,48,0
20160126_JB,2.96,8.9866666667,-1.5866666669999998,76.353333333,91,0
20160126_JJ,6.95,3.9,4.95,61.35,14,0
20160126_JN,4.05,7.2909090909000005,0.2227272727,72.08181818199999,64,0
20160126_SU,1.7,10.2,-3.3,64.5,234,0
20160126_US,7.6,11.9,0.8,52.9,17,0
20160127_BS,9.2,8.5,4.7,52.5,65,0
20160127_CB,4.5333333333,11.24,-1.54,65.033333333,31,0
20160127_CN,4.725,12.525,-2.1,80.34375,61,0
20160127_DG,8.1,12.5,0.9,56.4,62,0
20160127_DJ,5.8,10.6,-0.1,71.6,29,0
20160127_GB,6.9208333333,11.079166667,0.8625,48.7875,54,0
20160127_GG,4.3428571429,10.454761905,-1.402380952,63.797619048,219,0
20160127_GJ,6.7,8.1,2.0,75.9,39,0
20160127_GN,8.3363636364,12.090909090999999,1.6590909091,55.5,48,0
20160127_GW,4.7555555556,9.8222222222,-0.5166666670000001,49.777777778,27,0
20160127_IC,3.62,7.53,-0.5,71.02,55,0
20160127_JB,5.6866666667,11.213333333,-0.62,74.133333333,62,0
20160127_JJ,9.45,5.85,6.7,60.0,26,0
20160127_JN,6.9863636364,9.3772727273,1.7545454544999999,72.163636364,62,0
20160127_SU,4.3,9.0,-1.1,56.3,231,0
20160127_US,9.7,13.0,2.3,54.8,14,0
20160128_BS,6.0,3.9,4.4,69.9,69,0
20160128_CB,2.22,9.526666666699999,-1.3666666669999998,65.893333333,37,0
20160128_CN,2.7,9.425,-0.16875,74.6,40,0
20160128_DG,2.5,6.9,-0.7,76.1,59,0
20160128_DJ,2.4,7.4,-0.4,78.4,29,0
20160128_GB,3.7875,8.6291666667,0.20416666670000003,62.95,65,0
20160128_GG,4.169047619,11.34047619,-0.75,58.157142857,187,0
20160128_GJ,4.8,4.4,2.6,87.6,36,0
20160128_GN,3.7954545455,5.6136363636,1.5045454544999999,72.363636364,59,0
20160128_GW,3.8388888888999997,11.405555556,-1.522222222,56.788888889,31,0
20160128_IC,3.47,6.94,0.4,62.32,43,0
20160128_JB,2.38,7.6933333333,-0.033333333,84.92666666699999,76,0
20160128_JJ,12.4,6.55,9.15,92.05,17,0
20160128_JN,4.5136363636,4.2272727273,2.7409090909,86.65,62,0
20160128_SU,3.5,9.1,-0.5,51.5,233,0
20160128_US,4.4,5.9,1.9,74.0,7,0
20160129_BS,5.3,1.8,4.6,91.9,65,0
20160129_CB,5.3333333333,5.573333333300001,2.4333333333000002,69.04,35,0
20160129_CN,4.68125,4.39375,2.325,73.73125,44,0
20160129_DG,1.8,2.0,0.9,98.0,45,0
20160129_DJ,5.7,4.7,3.0,81.1,31,0
20160129_GB,4.1333333332999995,4.0208333333,2.0916666666999997,89.808333333,51,0
20160129_GG,5.85,7.769047619,1.7333333333,50.471428571000004,149,0
20160129_GJ,5.1,2.1,3.9,97.5,27,0
20160129_GN,4.0409090909,2.2454545455,3.1181818182,88.254545455,52,0
20160129_GW,4.1,5.9444444444,1.1722222222,69.427777778,36,0
20160129_IC,4.85,5.82,1.45,53.68,38,0
20160129_JB,4.16,3.1466666667000003,2.2466666667,90.23333333299999,68,0
20160129_JJ,10.15,2.25,8.9,87.5,9,0
20160129_JN,5.1363636364,2.2681818182,3.8272727273,91.004545455,58,0
20160129_SU,5.4,6.8,1.9,43.6,180,0
20160129_US,5.5,2.4,4.5,96.4,13,0
20160130_BS,8.7,4.2,6.1,78.6,29,0
20160130_CB,7.7066666666999994,9.9,1.7666666667,70.106666667,11,0
20160130_CN,6.6,9.9,1.11875,83.325,15,0
20160130_DG,4.8,4.8,2.1,95.0,22,0
20160130_DJ,10.0,11.1,3.3,78.8,8,0
20160130_GB,5.825,6.395833333300001,2.425,88.8375,15,0
20160130_GG,6.3023809524,10.211904762,0.41190476189999997,67.102380952,49,0
20160130_GJ,9.8,9.3,3.7,81.9,12,0
20160130_GN,7.5363636364,6.8590909091,4.1181818182,79.409090909,20,0
20160130_GW,5.416666666699999,7.8611111111000005,1.1444444444,76.361111111,8,0
20160130_IC,3.8,6.51,-0.2,74.98,12,0
20160130_JB,6.7666666667,7.966666666699999,1.9866666667,86.48666666700001,30,0
20160130_JJ,9.7,3.2,8.1,81.85,4,0
20160130_JN,8.195454545499999,7.6909090909,3.7909090908999996,82.26363636399999,17,0
20160130_SU,5.2,7.7,0.6,59.5,42,0
20160130_US,6.7,4.7,5.0,91.5,5,0
20160131_BS,7.0,5.6,3.8,62.6,2,0
20160131_CB,1.7,6.6866666667,-2.273333333,52.073333333,2,0
20160131_CN,1.1875,5.6375,-1.9625,65.98125,1,0
20160131_DG,4.2,5.7,1.2,61.0,1,0
20160131_DJ,2.9,7.1,-1.5,61.4,0,0
20160131_GB,3.8833333333,6.3666666667,0.4625,54.416666667,1,0
20160131_GG,0.5928571429,6.5928571429,-3.219047619,44.154761905,9,0
20160131_GJ,2.2,4.1,-0.2,63.9,1,0
20160131_GN,5.8590909091,7.15,1.8545454545,61.590909091,0,0
20160131_GW,2.5,7.005555555599999,-1.3666666669999998,53.811111111,0,0
20160131_IC,-0.56,5.71,-3.96,51.06,1,0
20160131_JB,1.3866666666999998,5.3266666667,-1.62,69.706666667,2,0
20160131_JJ,8.95,5.4,5.9,70.8,1,0
20160131_JN,3.1409090908999997,4.5863636364,0.4272727273,64.209090909,3,0
20160131_SU,0.3,6.8,-3.9,34.0,10,0
20160131_US,7.1,7.7,2.4,58.3,1,0
20160201_BS,7.3,8.5,1.7,34.3,676,0
20160201_CB,-0.033333333,8.6466666667,-5.006666667,46.96,126,0
20160201_CN,-0.2,8.2875,-4.8625,64.90625,260,0
20160201_DG,2.7,6.4,-1.2,40.5,305,0
20160201_DJ,1.7,9.1,-3.9,54.9,214,0
20160201_GB,3.0041666667,8.366666666699999,-1.7875,41.233333333000004,349,0
20160201_GG,-0.7238095240000001,8.4047619048,-5.630952381,40.40952381,953,0
20160201_GJ,0.7,4.7,-2.2,58.9,228,0
20160201_GN,4.7545454545,7.8409090909,-0.063636364,40.527272726999996,458,0
20160201_GW,0.9944444444,10.288888888999999,-4.516666667,44.172222221999995,90,0
20160201_IC,-2.35,5.38,-5.46,45.67,159,0
20160201_JB,0.013333333300000002,6.6866666667,-3.726666667,61.626666666999995,444,0
20160201_JJ,5.7,3.4,4.05,67.75,36,0
20160201_JN,1.7636363636,5.2272727273,-1.536363636,61.23636363600001,311,0
20160201_SU,-1.0,8.1,-6.0,36.0,586,0
20160201_US,6.7,8.3,1.3,30.4,145,0
20160202_BS,7.9,11.9,1.2,30.8,110,0
20160202_CB,1.2933333332999999,12.36,-5.233333333,47.733333333000004,43,0
20160202_CN,1.19375,11.96875,-5.08125,66.725,56,0
20160202_DG,3.9,9.2,-1.9,43.0,77,0
20160202_DJ,2.6,12.3,-3.9,53.1,42,0
20160202_GB,3.7333333332999996,12.025,-2.7625,43.45,89,0
20160202_GG,1.319047619,12.395238095,-5.423809524,47.002380951999996,223,0
20160202_GJ,2.3,8.0,-2.1,52.6,39,0
20160202_GN,5.2318181818000005,11.777272727,-1.2909090909999998,38.904545455,56,0
20160202_GW,1.4722222222,13.233333333,-5.411111111,47.616666667,41,0
20160202_IC,-0.29,7.67,-4.36,50.56,48,0
20160202_JB,1.4266666666999999,10.986666667,-4.26,65.906666667,96,0
20160202_JJ,6.0,3.95,3.55,62.75,15,0
20160202_JN,3.2318181818,8.1772727273,-1.5727272730000001,56.440909091,68,0
20160202_SU,0.9,10.9,-5.3,41.8,252,0
20160202_US,6.1,10.9,0.5,32.0,15,0
20160203_BS,7.5,10.3,1.9,37.3,93,0
20160203_CB,3.76,14.913333332999999,-3.386666667,54.66,33,0
20160203_CN,4.55625,14.1875,-2.89375,73.79375,58,0
20160203_DG,5.3,11.4,-0.4,50.4,77,0
20160203_DJ,5.4,14.5,-1.9,62.3,43,0
20160203_GB,4.9125,13.245833333,-1.5666666669999998,47.341666667,66,0
20160203_GG,4.45,14.230952381,-3.0785714289999997,57.069047618999996,230,0
20160203_GJ,5.7,11.6,-0.1,56.5,33,0
20160203_GN,6.3772727273,12.204545455,-0.245454545,46.422727273,62,0
20160203_GW,3.4777777777999996,14.872222222000001,-3.877777778,48.616666667,44,0
20160203_IC,4.03,10.04,-1.15,58.21,48,0
20160203_JB,4.1666666667,12.94,-2.4733333330000002,68.21333333300001,98,0
20160203_JJ,7.85,5.95,4.65,58.7,15,0
20160203_JN,5.740909090900001,11.345454545,-0.18636363600000003,56.677272726999995,53,0
20160203_SU,4.0,12.3,-2.4,49.6,241,0
20160203_US,7.2,10.2,1.4,34.8,17,0
20160204_BS,7.3,8.1,3.2,41.0,94,0
20160204_CB,4.88,10.513333333,-0.6266666670000001,50.806666666999995,44,0
20160204_CN,5.075,12.18125,-1.11875,67.2375,44,0
20160204_DG,6.5,8.9,2.3,48.4,64,0
20160204_DJ,5.9,12.2,-0.5,56.0,57,0
20160204_GB,5.966666666699999,10.3,0.9291666667,46.804166667,77,0
20160204_GG,5.0357142857,10.169047619,-0.654761905,56.335714286000005,233,0
20160204_GJ,6.5,10.3,0.7,58.9,37,0
20160204_GN,7.1409090909,11.413636364,1.3909090909000001,47.104545455,71,0
20160204_GW,6.044444444400001,12.311111110999999,-0.283333333,44.4,38,0
20160204_IC,3.88,7.05,0.15,65.93,41,0
20160204_JB,4.6066666667,11.12,-1.073333333,67.266666667,82,0
20160204_JJ,10.0,6.1,6.7,55.9,10,0
20160204_JN,6.795454545499999,10.677272727,1.0090909091,60.695454545,54,0
20160204_SU,3.9,7.9,-0.7,50.1,230,0
20160204_US,7.0,9.0,3.2,40.0,10,0
20160205_BS,10.1,9.8,4.1,29.4,92,0
20160205_CB,3.8466666667,10.606666667,-1.773333333,44.106666667,46,0
20160205_CN,4.41875,11.8125,-1.7,63.56875,52,0
20160205_DG,6.0,7.8,1.8,35.0,67,0
20160205_DJ,5.5,11.2,-0.7,51.0,49,0
20160205_GB,5.9833333333,10.041666667000001,0.31666666670000004,36.358333333000004,79,0
20160205_GG,3.6571428570999998,11.554761905,-2.3428571430000003,44.966666667,185,0
20160205_GJ,5.7,7.9,1.2,53.6,22,0
20160205_GN,8.8090909091,11.795454545,2.4090909091,36.336363636,69,0
20160205_GW,3.7555555556,10.811111110999999,-1.9444444440000002,36.45,42,0
20160205_IC,2.56,8.1,-1.48,55.02,48,0
20160205_JB,4.3866666667,10.926666667000001,-1.4333333330000002,64.54,88,0
20160205_JJ,10.05,5.75,6.6,55.9,14,0
20160205_JN,6.15,8.6636363636,1.2954545455,56.781818181999995,44,0
20160205_SU,3.4,10.2,-2.2,39.4,193,0
20160205_US,9.9,10.9,3.9,25.4,19,0
20160206_BS,7.0,7.7,2.4,37.8,17,0
20160206_CB,2.2866666667,8.78,-2.58,46.813333333,15,0
20160206_CN,1.80625,8.35,-2.4625,62.66875,13,0
20160206_DG,4.5,8.9,0.2,41.0,17,0
20160206_DJ,3.4,8.0,-1.6,51.5,10,0
20160206_GB,4.475,9.8333333333,-0.770833333,44.920833333000004,23,0
20160206_GG,2.3452380952,9.9428571429,-3.026190476,44.833333333,46,0
20160206_GJ,2.8,5.2,-0.4,59.1,13,0
20160206_GN,5.9636363636,9.9181818182,0.6818181818000001,44.322727273000005,32,0
20160206_GW,2.5055555556,10.661111111,-3.1777777780000003,58.255555556000004,10,0
20160206_IC,0.56,5.48,-2.58,51.75,10,0
20160206_JB,2.16,7.64,-1.966666667,62.526666667,25,0
20160206_JJ,6.35,3.9,4.2,56.2,2,0
20160206_JN,2.9090909091,6.222727272699999,-0.3,62.377272727,15,0
20160206_SU,2.0,8.2,-3.1,38.6,47,0
20160206_US,6.6,7.9,2.1,33.4,4,0
20160207_BS,9.4,11.1,3.3,43.6,1,0
20160207_CB,3.68,14.526666667,-3.606666667,48.82,1,0
20160207_CN,3.86875,13.8875,-3.1625,68.85,2,0
20160207_DG,6.5,11.9,0.0,45.8,1,0
20160207_DJ,4.9,14.0,-2.3,54.3,0,0
20160207_GB,5.854166666699999,13.55,-1.3375,45.433333333,2,0
20160207_GG,3.5023809524000002,13.278571429000001,-3.3357142860000004,52.830952381,7,0
20160207_GJ,5.3,10.9,-0.4,52.0,0,0
20160207_GN,7.1818181818,12.604545455,0.15,45.995454545,2,0
20160207_GW,3.5555555556,13.572222222,-3.5,50.572222222,1,0
20160207_IC,2.19,9.08,-2.09,60.97,1,0
20160207_JB,3.6466666667000003,12.506666667000001,-2.94,60.54,2,0
20160207_JJ,7.65,5.8,4.4,55.05,0,0
20160207_JN,5.55,11.304545455,-0.28636363600000003,55.45,1,0
20160207_SU,3.5,11.8,-2.9,46.5,8,0
20160207_US,8.4,10.4,2.3,54.3,0,0
20160208_BS,8.8,10.0,4.5,39.9,1,0
20160208_CB,6.926666666699999,14.386666667,1.12,52.813333333,0,0
20160208_CN,7.675,14.0125,1.74375,71.275,2,0
20160208_DG,8.9,14.5,2.6,46.8,1,0
20160208_DJ,8.1,13.8,2.2,58.9,0,0
20160208_GB,7.595833333300001,14.129166667,1.1458333333,44.154166667,1,0
20160208_GG,6.2619047619,11.673809524000001,1.1761904762,64.647619048,1,0
20160208_GJ,9.2,12.7,2.8,59.0,3,0
20160208_GN,8.6181818182,13.063636364,2.9636363636,43.76363636399999,0,0
20160208_GW,4.8611111111000005,11.666666667000001,-0.5,64.05,2,0
20160208_IC,5.83,8.7,1.77,81.03,2,0
20160208_JB,7.64,13.133333333,2.08,58.826666667,1,0
20160208_JJ,11.15,7.0,7.75,47.85,1,0
20160208_JN,9.0454545455,13.377272727000001,3.0272727273,60.168181818,1,0
20160208_SU,5.5,9.8,1.3,62.1,8,0
20160208_US,9.0,10.4,3.7,39.9,0,0
20160209_BS,11.9,8.5,6.4,31.5,2,0
20160209_CB,6.413333333300001,9.06,1.5133333333,44.553333333000005,1,0
20160209_CN,7.26875,10.675,1.53125,62.225,0,0
20160209_DG,7.9,8.5,3.9,36.0,3,0
20160209_DJ,7.8,8.8,2.6,48.1,8,0
20160209_GB,7.2958333333,8.766666666699999,2.9375,35.3125,2,0
20160209_GG,6.5,10.380952381,0.7285714286,54.330952381,6,0
20160209_GJ,8.6,8.8,4.0,48.6,1,0
20160209_GN,9.9863636364,9.6636363636,5.1727272726999995,30.213636364,0,0
20160209_GW,5.4055555555999995,8.866666666699999,0.9944444444,47.938888889,4,0
20160209_IC,5.99,7.96,1.47,63.34,3,0
20160209_JB,6.7466666666999995,9.3066666667,1.9266666666999999,55.366666667,4,0
20160209_JJ,12.9,8.0,9.1,43.5,0,0
20160209_JN,8.8818181818,9.9227272727,3.75,49.704545455,3,0
20160209_SU,5.5,9.4,0.3,52.5,14,0
20160209_US,9.4,8.1,5.8,26.9,0,0
20160210_BS,11.8,10.5,6.3,40.4,22,0
20160210_CB,11.046666667,17.56,1.32,48.393333333,12,0
20160210_CN,11.525,16.8625,1.9875,64.075,18,0
20160210_DG,11.9,16.2,3.3,50.4,13,0
20160210_DJ,12.7,17.3,3.3,48.8,7,0
20160210_GB,10.095833333,15.216666667,1.725,49.141666666999996,20,0
20160210_GG,10.416666667000001,16.188095238,1.9023809524000002,48.623809523999995,44,0
20160210_GJ,14.0,16.7,5.0,48.5,6,0
20160210_GN,11.290909091,14.136363635999999,3.5954545455,45.418181818,20,0
20160210_GW,8.6611111111,15.3,0.25,55.244444443999996,8,0
20160210_IC,8.33,11.37,3.04,50.81,19,0
20160210_JB,12.5,17.146666667,3.1,55.633333333,17,0
20160210_JJ,14.9,10.25,9.85,58.75,3,0
20160210_JN,12.195454545,15.563636364,3.9,55.786363636000004,15,0
20160210_SU,10.7,15.0,2.7,38.5,46,0
20160210_US,12.0,12.0,5.3,46.6,6,0
20160211_BS,14.7,10.7,9.2,63.9,73,0
20160211_CB,13.76,16.806666667000002,5.966666666699999,41.186666667,45,0
20160211_CN,15.3375,16.4625,8.20625,52.45,71,0
20160211_DG,13.3,16.1,5.5,63.8,70,0
20160211_DJ,14.7,16.5,6.8,49.5,45,0
20160211_GB,12.7375,16.229166667,4.8208333332999995,56.754166667,88,0
20160211_GG,14.054761905,14.595238095,7.4690476189999995,36.05952381,243,0
20160211_GJ,17.1,13.1,10.9,53.3,60,0
20160211_GN,14.086363636,14.372727272999999,7.1772727273,59.25,67,0
20160211_GW,11.416666667000001,16.538888889000003,3.4722222222,60.55,52,0
20160211_IC,14.4,10.97,9.13,41.75,59,0
20160211_JB,16.306666667000002,14.513333333,9.633333333300001,50.0,92,0
20160211_JJ,18.1,7.6,14.9,67.0,17,0
20160211_JN,15.204545455,12.204545455,10.172727273,61.490909091000006,91,0
20160211_SU,13.5,11.9,8.1,29.3,218,0
20160211_US,14.2,14.9,6.7,73.6,17,0
20160212_BS,13.9,4.2,12.3,90.9,77,0
20160212_CB,11.173333332999999,4.6333333332999995,9.04,86.79333333299999,31,0
20160212_CN,11.81875,4.60625,10.075,93.68125,56,0
20160212_DG,12.6,6.9,9.7,94.0,45,0
20160212_DJ,11.9,4.2,10.0,91.4,27,0
20160212_GB,11.304166667,6.533333333300001,8.5625,91.2,70,0
20160212_GG,10.116666667,3.7214285713999997,8.5214285714,95.00952381,179,0
20160212_GJ,15.6,4.3,13.7,95.8,29,0
20160212_GN,13.918181817999999,6.531818181799999,10.986363635999998,89.804545455,69,0
20160212_GW,8.0,4.6,5.5222222222,94.04444444399999,38,0
20160212_IC,11.01,3.62,9.52,97.0,43,0
20160212_JB,13.746666667000001,4.46,12.193333333,90.66,78,0
20160212_JJ,18.5,3.3,16.6,88.25,12,0
20160212_JN,15.827272727,4.5363636364,13.622727272999999,92.45,53,0
20160212_SU,10.0,3.2,8.4,95.3,178,0
20160212_US,14.7,8.0,11.3,92.5,11,0
20160213_BS,15.8,3.3,14.5,98.8,25,0
20160213_CB,17.293333333,9.2466666667,11.966666667,91.53333333299999,16,0
20160213_CN,18.4375,12.925,12.21875,94.0625,18,0
20160213_DG,15.9,5.6,13.0,96.3,19,0
20160213_DJ,18.7,9.7,13.0,92.3,14,0
20160213_GB,16.370833333,8.0375,11.758333333,94.458333333,15,0
20160213_GG,15.354761905,10.304761905,10.976190476,95.23333333299999,71,0
20160213_GJ,19.8,13.3,14.2,94.5,15,0
20160213_GN,16.077272727,5.0818181818,13.431818182,94.081818182,22,0
20160213_GW,12.205555555999998,7.6833333333,7.9611111111,95.98333333299999,11,0
20160213_IC,15.45,11.71,10.83,97.11,14,0
20160213_JB,20.633333333,14.04,13.9,89.006666667,25,0
20160213_JJ,18.6,9.45,14.75,94.7,4,0
20160213_JN,17.881818182,10.245454545,13.445454545,93.01818181799999,16,0
20160213_SU,14.4,8.6,11.0,95.0,58,0
20160213_US,16.9,4.6,14.7,95.5,2,0
20160214_BS,15.2,15.6,6.7,59.0,1,0
20160214_CB,10.706666667,15.286666667,-0.7,73.43333333300001,1,0
20160214_CN,5.59375,9.6125,-0.78125,76.80625,0,0
20160214_DG,15.6,17.8,4.2,62.9,0,0
20160214_DJ,8.9,12.5,-0.1,73.6,3,0
20160214_GB,12.8125,15.583333332999999,2.6458333333,65.483333333,2,0
20160214_GG,5.5023809524,11.197619048,-1.821428571,74.61428571399999,4,0
20160214_GJ,6.5,8.7,0.7,81.1,0,0
20160214_GN,14.9,16.25,4.5136363636,56.322727273000005,1,0
20160214_GW,7.7222222222,11.377777777999999,0.0944444444,79.222222222,1,0
20160214_IC,3.73,9.61,-2.54,78.76,2,0
20160214_JB,6.8133333333,9.9866666667,-0.233333333,76.34,2,0
20160214_JJ,9.6,7.65,4.8,68.8,0,0
20160214_JN,7.654545454500001,9.2818181818,1.1727272727,74.672727273,4,0
20160214_SU,5.8,12.6,-2.6,73.1,5,0
20160214_US,17.4,17.9,7.7,57.6,0,0
20160215_BS,4.2,7.7,-0.4,40.6,104,0
20160215_CB,-1.14,6.56,-4.526666667,52.706666667,46,0
20160215_CN,-0.21875,6.15,-3.50625,63.49375,70,0
20160215_DG,0.9,6.1,-2.2,47.0,77,0
20160215_DJ,0.8,7.5,-3.3,56.5,45,0
20160215_GB,0.4041666667,6.333333333300001,-2.9041666669999997,43.441666667,87,0
20160215_GG,-1.519047619,7.588095238099999,-5.145238095,52.361904761999995,210,0
20160215_GJ,0.8,5.0,-2.1,73.5,55,0
20160215_GN,2.6318181818,6.7636363636,-1.195454545,39.722727273000004,88,0
20160215_GW,-1.094444444,6.2722222222,-4.333333333,45.483333333000004,50,0
20160215_IC,-2.08,6.63,-5.32,60.27,48,0
20160215_JB,-0.133333333,6.046666666699999,-3.286666667,63.653333333,81,0
20160215_JJ,3.8,4.35,1.6,66.9,24,0
20160215_JN,0.7136363636,4.4818181818000005,-1.722727273,67.622727273,73,0
20160215_SU,-2.3,7.7,-5.8,48.4,249,0
20160215_US,2.5,6.2,-0.8,35.8,9,0
20160216_BS,6.3,8.6,2.2,52.3,90,0
20160216_CB,2.7466666667000004,8.3266666667,-1.6333333330000002,71.326666667,40,0
20160216_CN,4.275,9.025,-0.3625,79.20625,41,0
20160216_DG,4.9,7.3,1.1,56.0,67,0
20160216_DJ,4.4,8.1,-0.2,73.5,38,0
20160216_GB,3.4791666667000003,8.1208333333,-0.34583333299999997,57.420833333000004,68,0
20160216_GG,2.1285714286,9.3547619048,-2.414285714,72.785714286,190,0
20160216_GJ,5.7,8.4,1.3,69.9,40,0
20160216_GN,5.6090909091,9.3772727273,1.1863636364,53.872727273,62,0
20160216_GW,2.0222222222,8.016666666699999,-1.844444444,61.816666667,33,0
20160216_IC,2.28,7.9,-1.37,76.73,53,0
20160216_JB,4.1266666667,7.38,0.20666666670000003,74.473333333,76,0
20160216_JJ,7.95,5.9,5.2,58.05,23,0
20160216_JN,5.4818181818,7.8636363636,1.6363636363999998,64.281818182,42,0
20160216_SU,1.1,7.8,-2.7,65.6,235,0
20160216_US,6.6,9.3,2.3,44.9,15,0
20160217_BS,9.6,10.2,3.9,41.8,79,0
20160217_CB,5.7266666667,11.713333333,-0.02,53.466666667,44,0
20160217_CN,6.36875,11.59375,0.41875,73.23125,63,0
20160217_DG,7.4,9.1,2.8,44.1,75,0
20160217_DJ,6.8,11.1,0.9,61.3,33,0
20160217_GB,6.404166666699999,10.404166667,1.3833333333000002,43.8125,53,0
20160217_GG,5.666666666699999,11.630952380999998,-0.071428571,59.99047619,227,0
20160217_GJ,7.2,8.1,2.9,56.1,43,0
20160217_GN,8.0772727273,9.8727272727,2.65,46.740909091000006,71,0
20160217_GW,5.2666666667,12.044444444000002,-0.15,50.472222222,40,0
20160217_IC,4.77,6.28,1.36,67.49,54,0
20160217_JB,5.8066666667,10.486666667,0.46,69.266666667,102,0
20160217_JJ,8.85,4.9,6.1,53.8,12,0
20160217_JN,7.204545454500001,8.804545454500001,2.5818181818,58.081818182,56,0
20160217_SU,5.4,10.6,0.0,53.9,238,0
20160217_US,9.3,9.6,3.3,35.8,16,0
20160218_BS,9.9,9.6,5.7,49.4,55,0
20160218_CB,8.9666666667,12.686666667,3.06,57.573333333,29,0
20160218_CN,9.06875,12.2375,3.675,75.59375,44,0
20160218_DG,10.6,13.3,3.7,57.0,52,0
20160218_DJ,9.8,13.3,3.8,63.8,38,0
20160218_GB,9.65,13.108333333,2.8333333332999997,54.0,76,0
20160218_GG,8.107142857100001,10.376190476,3.5952380951999996,69.16190476199999,193,0
20160218_GJ,11.6,13.1,4.7,61.5,34,0
20160218_GN,10.077272727,13.340909090999999,3.7,56.077272727,68,0
20160218_GW,8.255555555599999,10.077777778,3.8833333333,57.95,38,0
20160218_IC,7.39,7.43,3.83,87.72,50,0
20160218_JB,10.113333333,13.233333333,3.6933333333,61.946666666999995,85,0
20160218_JJ,12.45,9.5,7.6,58.45,20,0
20160218_JN,10.804545455,13.272727273,3.9090909091,66.35,75,0
20160218_SU,7.8,9.2,3.5,66.4,241,0
20160218_US,12.1,13.9,5.0,47.9,9,0
20160219_BS,14.8,9.1,8.9,51.1,66,0
20160219_CB,5.666666666699999,6.3933333333,2.66,61.66,40,0
20160219_CN,6.11875,8.10625,2.43125,77.10625,48,0
20160219_DG,11.1,11.8,5.4,56.8,60,0
20160219_DJ,6.3,6.3,3.5,69.9,30,0
20160219_GB,9.2125,9.983333333300001,4.6583333333,47.858333333000004,60,0
20160219_GG,4.8666666667000005,5.6738095238,2.0666666666999998,68.271428571,171,0
20160219_GJ,11.8,9.9,7.0,58.6,38,0
20160219_GN,13.572727273,12.881818182,6.8727272727,53.318181818,62,0
20160219_GW,6.6833333333,5.9722222222,3.8777777777999995,52.4,30,0
20160219_IC,4.6,3.87,2.45,70.01,34,0
20160219_JB,8.82,9.26,4.32,64.93333333300001,84,0
20160219_JJ,12.05,4.4,9.8,66.95,18,0
20160219_JN,11.722727273,10.663636364,6.1272727273,64.06363636399999,51,0
20160219_SU,4.4,4.3,2.3,56.4,190,0
20160219_US,14.5,11.5,8.7,50.5,12,0
20160220_BS,11.6,7.8,7.8,56.1,15,0
20160220_CB,7.98,9.76,2.0866666667,48.666666667,14,0
20160220_CN,7.5375,9.09375,2.18125,58.85625,15,0
20160220_DG,10.8,8.7,5.6,43.9,17,0
20160220_DJ,8.9,9.9,2.5,53.5,4,0
20160220_GB,9.2375,9.795833333300001,4.0208333333,48.016666666999996,26,0
20160220_GG,7.2357142857,9.8761904762,1.669047619,44.44047619,60,0
20160220_GJ,9.4,8.3,4.7,44.4,7,0
20160220_GN,12.063636364,9.6909090909,6.581818181799999,42.318181818,22,0
20160220_GW,6.6722222222,8.9111111111,1.8444444443999999,52.70555555600001,10,0
20160220_IC,5.22,6.92,1.49,52.42,9,0
20160220_JB,8.4666666667,9.7066666667,2.6133333333,58.8,38,0
20160220_JJ,12.35,7.7,8.1,57.65,2,0
20160220_JN,9.3090909091,8.4136363636,4.5409090909,52.518181818,22,0
20160220_SU,6.3,8.8,1.3,37.1,53,0
20160220_US,10.4,7.1,6.8,55.4,2,0
20160221_BS,8.9,9.1,3.8,33.0,1,0
20160221_CB,4.8933333333,9.74,-0.08,36.833333333,0,0
20160221_CN,5.3375,9.55625,0.24375,55.1625,1,0
20160221_DG,6.6,8.0,2.2,36.4,2,0
20160221_DJ,5.8,9.5,0.4,45.4,2,0
20160221_GB,5.9958333333,9.7791666667,0.9833333333,33.483333333000004,5,0
20160221_GG,4.7619047619,9.6357142857,-0.176190476,39.635714286,12,0
20160221_GJ,7.3,7.6,2.4,42.4,0,0
20160221_GN,8.1136363636,10.063636364,2.7227272727,34.686363635999996,0,0
20160221_GW,4.7777777778,9.144444444400001,0.2055555556,33.411111111,1,0
20160221_IC,3.52,5.93,0.15,46.56,1,0
20160221_JB,5.2466666667,9.2933333333,0.2733333333,52.52,1,0
20160221_JJ,9.45,6.4,5.95,49.0,0,0
20160221_JN,6.9136363636,9.1181818182,1.9636363636,50.4,0,0
20160221_SU,4.4,8.6,-0.6,36.4,12,0
20160221_US,8.8,9.3,3.5,32.6,1,0
20160222_BS,10.4,7.3,6.6,44.4,79,0
20160222_CB,6.626666666699999,9.16,1.8866666666999998,39.453333333,37,0
20160222_CN,6.09375,8.24375,2.225,50.625,61,0
20160222_DG,7.5,8.2,3.6,45.6,59,0
20160222_DJ,7.0,8.4,2.9,43.3,37,0
20160222_GB,7.5583333333,9.075,3.175,37.8875,62,0
20160222_GG,4.5666666667,6.8476190476,1.4404761905,40.102380952,180,0
20160222_GJ,6.0,5.7,3.5,44.1,39,0
20160222_GN,8.3727272727,8.5136363636,4.4681818182,44.472727273000004,69,0
20160222_GW,5.783333333300001,8.0555555556,1.7833333333,42.317647059,33,0
20160222_IC,3.93,5.14,1.48,46.6,49,0
20160222_JB,5.64,7.546666666699999,2.1066666667,52.74,83,0
20160222_JJ,9.0,3.75,6.4,75.9,20,0
20160222_JN,6.436363636399999,6.55,3.4318181818,53.290909091,61,0
20160222_SU,4.2,6.4,1.1,36.6,244,0
20160222_US,9.6,8.7,5.7,43.5,19,0
20160223_BS,12.8,8.9,7.9,37.4,74,0
20160223_CB,6.74,9.6533333333,1.8666666666999998,48.8,41,0
20160223_CN,6.74375,9.1625,2.05625,63.2,62,0
20160223_DG,9.7,9.4,4.8,42.6,81,0
20160223_DJ,8.1,10.8,2.5,55.3,39,0
20160223_GB,9.2791666667,10.25,4.0166666667,40.454166666999996,63,0
20160223_GG,5.7452380951999995,9.369047619,1.0952380952,59.233333333000004,203,0
20160223_GJ,9.6,9.9,4.0,43.8,35,0
20160223_GN,11.909090909000001,10.386363636,6.1727272726999995,38.818181818,76,0
20160223_GW,7.2611111111,9.4888888889,2.4166666667,50.333333333,45,0
20160223_IC,4.08,7.85,0.7,68.31,50,0
20160223_JB,8.0933333333,10.12,2.56,55.506666667,96,0
20160223_JJ,12.0,7.1,7.9,63.25,25,0
20160223_JN,9.4818181818,9.695454545499999,4.0772727273000005,52.690909091,55,0
20160223_SU,4.5,9.0,0.7,56.0,239,0
20160223_US,11.5,8.5,7.2,29.5,14,0
20160224_BS,8.4,8.9,3.0,49.3,71,0
20160224_CB,2.9466666667,9.5066666667,-2.266666667,45.72,34,0
20160224_CN,2.5625,9.48125,-2.25625,59.55,52,0
20160224_DG,4.6,6.4,0.7,45.5,62,0
20160224_DJ,4.1,10.6,-1.7,51.0,35,0
20160224_GB,3.725,7.770833333300001,-0.495833333,53.070833333,68,0
20160224_GG,2.2952380952,9.016666666699999,-2.611904762,46.052380952,190,0
20160224_GJ,3.2,6.3,-0.6,49.1,39,0
20160224_GN,6.509090909099999,8.8227272727,1.5772727272999998,36.286363636,60,0
20160224_GW,2.4333333333000002,8.2166666667,-1.8277777780000002,61.522222221999996,35,0
20160224_IC,0.65,6.69,-2.57,54.02,49,0
20160224_JB,1.9933333333,7.6733333333000004,-2.2,54.886666667,79,0
20160224_JJ,6.4,4.4,3.5,52.95,12,0
20160224_JN,3.3318181818,5.95,-0.331818182,51.5,49,0
20160224_SU,2.2,9.0,-3.0,42.0,211,0
20160224_US,5.7,6.1,2.0,52.8,11,0
20160225_BS,8.8,10.9,3.1,34.9,75,0
20160225_CB,4.9466666667000005,11.393333333,-0.246666667,50.193333333000005,33,0
20160225_CN,6.075,13.00625,0.175,68.61875,49,0
20160225_DG,6.8,9.9,1.6,41.3,60,0
20160225_DJ,6.1,11.8,0.5,56.9,50,0
20160225_GB,5.6958333333,11.55,0.2916666667,43.429166667,70,0
20160225_GG,5.585714285700001,12.019047619,-0.038095238,56.838095238,194,0
20160225_GJ,7.7,11.0,1.5,47.5,45,0
20160225_GN,7.2863636364,11.331818182000001,1.3727272727000002,35.772727273,66,0
20160225_GW,3.9777777777999996,10.922222222,-0.605555556,51.416666667,32,0
20160225_IC,5.32,9.58,0.84,68.36,61,0
20160225_JB,6.0,12.76,-0.286666667,57.253333333,71,0
20160225_JJ,7.6,6.05,4.05,48.95,9,0
20160225_JN,6.9,11.404545455,0.9045454545,50.754545455,62,0
20160225_SU,5.7,11.5,-0.2,49.9,222,0
20160225_US,7.5,9.5,2.3,31.8,9,0
20160226_BS,10.6,9.3,6.1,52.4,79,0
20160226_CB,5.926666666699999,7.3133333333,2.2533333333,75.56,35,0
20160226_CN,6.3875,7.80625,2.44375,88.3125,50,0
20160226_DG,8.4,10.6,3.3,68.3,83,0
20160226_DJ,5.9,6.0,2.5,88.3,35,0
20160226_GB,6.966666666699999,8.866666666699999,2.6083333333,65.333333333,74,0
20160226_GG,7.4357142857000005,10.252380952000001,2.4904761905,47.642857143,168,0
20160226_GJ,7.9,9.2,3.5,74.5,26,0
20160226_GN,8.8363636364,11.313636364,3.6681818182,59.959090909,62,0
20160226_GW,6.205555555599999,9.0444444444,1.7611111111000002,44.516666666999996,42,0
20160226_IC,6.32,8.06,2.23,61.58,40,0
20160226_JB,5.5133333333,6.926666666699999,2.1933333333,86.96666666700001,73,0
20160226_JJ,12.4,9.65,8.4,50.05,16,0
20160226_JN,8.7409090909,11.354545455,3.5772727273,72.504545455,51,0
20160226_SU,7.5,10.7,2.2,41.3,198,0
20160226_US,9.8,11.0,5.4,50.0,10,0
20160227_BS,15.6,8.2,10.6,54.1,13,0
20160227_CB,8.84,9.106666666699999,3.48,69.04,13,0
20160227_CN,9.53125,8.6,4.475,77.0,22,0
20160227_DG,12.3,10.8,6.6,66.8,17,0
20160227_DJ,11.3,9.8,5.4,71.6,7,0
20160227_GB,10.6875,10.333333332999999,4.4291666667000005,67.945833333,21,0
20160227_GG,7.7261904762,7.6857142857000005,2.8238095238,69.64047619,53,0
20160227_GJ,13.7,8.5,8.9,55.9,12,0
20160227_GN,14.477272727,11.404545455,8.359090909099999,54.722727273000004,20,0
20160227_GW,6.6388888888999995,7.8055555556,2.1388888889,67.438888889,7,0
20160227_IC,6.74,5.58,3.0,82.47,13,0
20160227_JB,11.373333333,9.3533333333,6.14,67.813333333,30,0
20160227_JJ,14.1,4.35,11.7,70.0,1,0
20160227_JN,13.390909091,9.5727272727,8.4909090909,63.05,20,0
20160227_SU,8.1,7.6,3.3,57.6,42,0
20160227_US,14.3,9.5,9.0,67.4,2,0
20160228_BS,15.2,8.7,10.1,70.0,0,0
20160228_CB,4.9666666667,7.9066666667,0.78,80.526666667,1,0
20160228_CN,5.49375,8.4625,1.55625,84.06875,1,0
20160228_DG,15.3,13.7,7.2,66.9,4,0
20160228_DJ,5.7,6.6,2.2,86.1,0,0
20160228_GB,11.958333332999999,11.841666667,4.7458333333,71.333333333,2,0
20160228_GG,6.4738095238,9.0238095238,0.8357142857,74.37857142899999,4,0
20160228_GJ,14.7,13.6,6.7,76.0,1,0
20160228_GN,14.468181818,12.5,7.5136363636,68.268181818,0,0
20160228_GW,5.6722222222,8.0722222222,0.6611111111,83.866666667,0,0
20160228_IC,4.79,5.79,1.12,77.83,1,0
20160228_JB,12.773333333,13.206666667,4.2666666667,80.04,2,0
20160228_JJ,17.4,10.4,11.45,63.65,0,0
20160228_JN,14.627272727000001,12.918181817999999,7.0681818182,76.009090909,0,0
20160228_SU,6.9,9.5,0.7,65.5,8,0
20160228_US,15.9,12.8,9.1,68.1,1,0
20160229_BS,6.7,9.2,1.1,41.0,95,0
20160229_CB,-0.713333333,6.38,-3.586666667,63.133333333,42,0
20160229_CN,-0.05,5.05625,-2.2125,65.68125,58,0
20160229_DG,2.4,5.5,-0.5,46.9,63,0
20160229_DJ,0.3,5.8,-2.7,66.6,35,0
20160229_GB,2.1416666667,6.7,-1.5583333330000002,50.941666667,85,0
20160229_GG,-0.495238095,5.0642857143,-3.15952381,50.94047619,194,0
20160229_GJ,1.5,5.0,-1.1,63.0,39,0
20160229_GN,4.4681818182,8.0863636364,0.0227272727,43.786363636000004,80,0
20160229_GW,-0.333333333,6.455555555599999,-3.4111111110000003,61.288888889,39,0
20160229_IC,-0.5,3.51,-2.64,54.33,42,0
20160229_JB,0.43333333329999996,5.76,-2.273333333,64.633333333,92,0
20160229_JJ,7.55,7.05,3.25,53.2,23,0
20160229_JN,2.3318181818,5.4772727273,-0.581818182,60.427272726999995,74,0
20160229_SU,-1.1,4.8,-3.8,48.6,225,0
20160229_US,5.1,7.5,0.8,38.8,22,0
20160301_BS,7.7,12.0,1.4,38.8,569,0
20160301_CB,2.32,11.793333333,-3.24,56.74,89,0
20160301_CN,3.4,12.2125,-2.36875,71.425,218,0
20160301_DG,5.7,10.3,0.2,41.9,229,0
20160301_DJ,4.9,12.4,-1.4,59.8,169,0
20160301_GB,4.5375,11.7,-1.175,43.808333333,276,0
20160301_GG,2.6738095238,10.75952381,-2.421428571,52.035714286,717,0
20160301_GJ,5.8,10.1,-0.2,54.5,189,0
20160301_GN,6.5409090909000005,12.663636364,0.15454545449999998,41.077272727,398,0
20160301_GW,2.4722222222,12.738888889000002,-3.044444444,52.866666667,59,0
20160301_IC,1.6,7.01,-1.54,59.07,113,0
20160301_JB,3.66,11.52,-2.193333333,62.086666666999996,320,0
20160301_JJ,8.0,7.75,3.85,55.3,17,0
20160301_JN,5.5681818182,9.8272727273,-0.018181818,55.01363636399999,216,0
20160301_SU,2.1,9.6,-2.7,47.3,350,0
20160301_US,8.1,12.1,1.7,29.3,121,0
20160302_BS,11.4,11.3,6.3,42.0,108,0
20160302_CB,9.4866666667,14.353333333,2.06,61.18,60,0
20160302_CN,9.1125,13.46875,2.79375,79.175,72,0
20160302_DG,13.5,16.9,4.8,47.4,74,0
20160302_DJ,10.2,14.5,3.0,69.1,52,0
20160302_GB,11.5875,15.716666667,3.2958333332999996,49.25,95,0
20160302_GG,8.5761904762,11.345238095,2.8738095238,72.37142857100001,309,0
20160302_GJ,13.2,16.4,4.5,62.5,48,0
20160302_GN,11.613636364000001,15.359090909,4.1090909091,48.318181818,92,0
20160302_GW,7.3277777778,10.788888889,2.3166666666999998,64.161111111,45,0
20160302_IC,7.26,8.06,3.49,89.16,61,0
20160302_JB,11.026666667,15.46,2.7666666667000004,63.326666667,133,0
20160302_JJ,12.55,10.55,7.5,59.2,20,0
20160302_JN,11.418181817999999,15.545454545,3.5227272726999996,67.213636364,96,0
20160302_SU,8.1,10.3,3.1,67.9,230,0
20160302_US,14.6,15.3,6.8,32.5,23,0
20160303_BS,17.2,11.3,11.4,62.4,82,0
20160303_CB,14.426666667000001,15.793333333,5.86,64.386666667,37,0
20160303_CN,14.78125,13.71875,7.50625,79.475,53,0
20160303_DG,17.5,19.0,8.3,54.5,83,0
20160303_DJ,17.0,17.2,7.4,71.3,46,0
20160303_GB,15.908333333,17.6125,6.4333333333,55.383333333,74,0
20160303_GG,13.297619048,10.211904762,7.359523809500001,70.071428571,235,0
20160303_GJ,18.3,16.8,10.0,68.8,33,0
20160303_GN,16.6,16.854545455,8.4090909091,62.354545455,62,0
20160303_GW,12.372222222000001,11.716666667,5.6333333333,71.411111111,42,0
20160303_IC,11.61,7.24,8.24,82.32,42,0
20160303_JB,16.74,17.466666667000002,7.8466666667,69.12,121,0
20160303_JJ,15.4,8.7,12.15,67.25,24,0
20160303_JN,16.204545455,16.040909091,8.8636363636,72.609090909,70,0
20160303_SU,13.9,9.5,8.1,65.1,262,0
20160303_US,19.0,16.8,10.4,51.9,11,0
20160304_BS,12.4,1.8,11.5,96.9,73,0
20160304_CB,14.466666667,11.84,9.133333333300001,73.186666667,35,0
20160304_CN,14.8875,9.33125,11.14375,84.5375,69,0
20160304_DG,9.4,5.2,7.2,91.6,75,0
20160304_DJ,13.0,7.6,9.8,83.3,39,0
20160304_GB,11.704166667,10.2,7.2375,84.404166667,85,0
20160304_GG,19.392857143,13.361904762,12.34047619,62.557142856999995,172,0
20160304_GJ,14.0,3.9,11.8,98.8,36,0
20160304_GN,11.090909090999999,3.85,9.2454545455,92.47727272700001,73,0
20160304_GW,14.138888889,13.244444444,6.9777777778,77.666666667,37,0
20160304_IC,19.46,11.31,13.39,74.17,46,0
20160304_JB,13.173333332999999,7.386666666699999,10.486666667,92.60666666700001,82,0
20160304_JJ,20.2,6.55,16.5,74.9,11,0
20160304_JN,14.718181818,4.82,11.859090909,94.122727273,52,0
20160304_SU,20.3,13.9,13.2,55.3,212,0
20160304_US,10.7,3.4,9.1,91.0,8,0
20160305_BS,16.4,5.9,13.7,86.8,19,0
20160305_CB,15.933333333,7.2933333333000006,12.24,86.433333333,17,0
20160305_CN,18.53125,10.475,12.6375,91.6375,11,0
20160305_DG,17.2,9.6,12.1,89.0,19,0
20160305_DJ,18.0,10.3,12.2,91.9,6,0
20160305_GB,14.45,7.041666666699999,10.729166667000001,92.866666667,20,0
20160305_GG,14.271428571,5.9904761905,11.254761905,92.580952381,54,0
20160305_GJ,18.0,6.4,15.1,93.0,13,0
20160305_GN,16.231818182,6.7318181818,13.031818182,89.15,32,0
20160305_GW,11.572222222,6.3611111111000005,8.0111111111,93.444444444,11,0
20160305_IC,13.88,8.1,10.88,96.55,13,0
20160305_JB,17.913333333,9.02,13.666666667000001,87.88,26,0
20160305_JJ,19.75,5.4,17.15,85.45,2,0
20160305_JN,17.818181818,6.936363636399999,14.636363635999999,90.75,16,0
20160305_SU,13.5,4.4,11.3,91.3,59,0
20160305_US,17.9,9.2,13.4,84.3,2,0
20160306_BS,17.1,5.4,13.3,98.6,0,0
20160306_CB,14.053333333,9.4333333333,9.5066666667,64.9,1,0
20160306_CN,13.75625,8.975,8.5375,70.06875,1,0
20160306_DG,19.1,11.0,13.5,73.1,1,0
20160306_DJ,14.7,8.2,10.3,69.1,1,0
20160306_GB,17.2125,12.016666667,11.758333333,74.5,0,0
20160306_GG,13.476190476,9.483333333300001,7.9333333333,59.588095238,10,0
20160306_GJ,18.5,10.0,12.2,69.5,1,0
20160306_GN,18.65,8.9681818182,13.718181818,85.55,2,0
20160306_GW,12.977777778,9.75,8.6222222222,69.977777778,0,0
20160306_IC,10.73,6.9,6.65,70.79,5,0
20160306_JB,15.053333333,10.2,9.34,79.24,1,0
20160306_JJ,16.15,5.05,13.1,88.1,1,0
20160306_JN,16.868181818,9.8636363636,11.25,77.51363636399999,1,0
20160306_SU,12.9,8.6,7.9,51.0,9,0
20160306_US,18.6,9.5,14.1,89.1,1,0
20160307_BS,16.2,8.4,11.4,68.4,75,0
20160307_CB,15.633333333,13.526666667,8.313333333300001,56.826666667,47,0
20160307_CN,14.65625,11.725,8.09375,67.23125,46,0
20160307_DG,17.4,10.7,11.5,64.9,61,0
20160307_DJ,16.3,12.9,9.0,65.5,53,0
20160307_GB,15.004166667,12.3375,8.8791666667,67.24583333300001,72,0
20160307_GG,12.166666667000001,8.9476190476,7.7785714286,48.933333333,223,0
20160307_GJ,18.6,11.7,11.9,65.1,48,0
20160307_GN,17.077272727,9.931818181799999,11.281818182,69.890909091,92,0
20160307_GW,11.95,10.888888889,6.2777777778,67.255555556,43,0
20160307_IC,10.32,5.33,7.42,58.42,36,0
20160307_JB,16.966666667000002,13.6,9.313333333300001,73.24,100,0
20160307_JJ,18.05,7.8,14.2,82.6,29,0
20160307_JN,16.745454545,11.186363636,10.936363636,77.327272727,71,0
20160307_SU,12.2,7.4,8.1,36.9,252,0
20160307_US,16.6,10.5,10.6,70.3,20,0
20160308_BS,13.4,8.3,9.6,66.6,74,0
20160308_CB,7.6866666667,6.2333333333,4.5333333333,42.06,29,0
20160308_CN,7.1625,6.1375,4.18125,55.74375,56,0
20160308_DG,10.6,3.5,8.9,41.1,64,0
20160308_DJ,7.8,6.1,5.0,51.1,34,0
20160308_GB,10.125,5.9916666667,7.3166666667,39.533333333,62,0
20160308_GG,6.880952381,7.5476190476,3.1976190476,44.180952381000004,187,0
20160308_GJ,11.4,9.8,6.5,63.8,42,0
20160308_GN,11.913636364,7.868181818200001,8.3636363636,59.868181818000004,60,0
20160308_GW,8.25,6.9833333333,4.8166666667,45.177777778,44,0
20160308_IC,6.14,7.27,2.58,51.43,37,0
20160308_JB,8.473333333300001,6.2933333333000006,5.42,58.086666666999996,100,0
20160308_JJ,14.85,7.95,10.95,77.4,12,0
20160308_JN,10.763636364000002,8.7590909091,6.5590909091,68.895454545,58,0
20160308_SU,7.0,8.4,2.7,40.4,227,0
20160308_US,11.2,3.9,9.6,48.5,15,0
20160309_BS,13.4,10.8,6.9,70.5,74,0
20160309_CB,7.8666666667,8.9266666667,2.04,41.006666667,38,0
20160309_CN,5.96875,6.8,1.4625,50.15625,55,0
20160309_DG,12.2,8.0,6.4,46.8,54,0
20160309_DJ,8.4,9.5,2.2,45.6,33,0
20160309_GB,9.6583333333,7.8875,4.6791666667000005,50.370833333,54,0
20160309_GG,6.3214285714,8.340476190499999,1.0642857143,39.69047619,192,0
20160309_GJ,8.1,7.1,3.0,51.0,26,0
20160309_GN,12.068181818,10.509090909,5.8590909091,59.65,60,0
20160309_GW,6.6722222222,8.2277777778,1.5166666667,59.327777778000005,37,0
20160309_IC,3.52,5.59,-0.03,47.86,49,0
20160309_JB,7.373333333300001,7.7666666667,2.2666666667,48.166666667,76,0
20160309_JJ,10.25,4.55,7.35,65.55,10,0
20160309_JN,7.918181818200001,6.968181818200001,3.1954545455,56.795454545,51,0
20160309_SU,5.3,8.0,0.3,37.5,224,0
20160309_US,10.6,7.3,5.9,73.4,11,0
20160310_BS,10.8,8.7,5.6,37.8,55,0
20160310_CB,4.54,7.2866666666999995,0.1066666667,37.486666667,38,0
20160310_CN,4.19375,6.875,0.28125,49.025,44,0
20160310_DG,7.0,6.7,2.9,35.0,68,0
20160310_DJ,5.6,8.7,0.3,44.3,34,0
20160310_GB,6.6708333333,8.2791666667,1.95,44.545833333000004,42,0
20160310_GG,4.1666666667,7.6428571429,-0.23571428600000002,38.447619048,207,0
20160310_GJ,5.8,6.6,1.3,41.3,31,0
20160310_GN,8.8318181818,8.5454545455,3.8409090909,31.0,58,0
20160310_GW,4.1611111111,7.5666666667,0.061111111100000004,46.25,42,0
20160310_IC,2.48,5.17,-0.33,47.03,36,0
20160310_JB,5.0733333333,7.7333333333,0.31333333329999996,45.0,73,0
20160310_JJ,8.5,4.7,5.9,55.55,18,0
20160310_JN,5.5681818182,6.1409090909,1.6045454545,43.890909091000005,56,0
20160310_SU,3.1,7.4,-1.1,37.8,229,0
20160310_US,9.8,7.8,5.2,35.4,10,0
20160311_BS,10.0,10.8,3.5,41.5,78,0
20160311_CB,5.1266666667,9.8466666667,-0.08666666699999999,41.686666667,29,0
20160311_CN,5.1875,10.125,-0.03125,55.79375,48,0
20160311_DG,6.9,8.7,2.3,38.4,61,0
20160311_DJ,6.4,10.7,0.6,46.8,30,0
20160311_GB,6.0,9.9375,0.7083333333,42.008333333,68,0
20160311_GG,4.880952381,9.7238095238,-0.045238095,44.895238095,193,0
20160311_GJ,6.1,8.2,1.4,46.6,31,0
20160311_GN,7.845454545499999,10.25,2.3136363636,37.072727273000005,51,0
20160311_GW,4.6055555556,10.122222222000001,-0.41666666700000005,41.422222221999995,35,0
20160311_IC,3.45,6.36,0.01,54.73,51,0
20160311_JB,4.9466666667000005,9.0933333333,-0.04,53.673333333,69,0
20160311_JJ,8.7,5.95,5.15,52.15,17,0
20160311_JN,6.168181818200001,8.536363636399999,1.5181818182,48.968181818000005,55,0
20160311_SU,4.6,10.1,-0.5,43.8,189,0
20160311_US,8.3,9.3,2.8,39.4,9,0
20160312_BS,10.3,9.6,5.1,35.9,20,0
20160312_CB,8.6466666667,13.926666667000001,1.84,44.88,16,0
20160312_CN,8.33125,13.80625,1.6125,61.03125,23,0
20160312_DG,9.8,11.6,4.1,40.1,12,0
20160312_DJ,10.2,15.2,2.8,44.1,9,0
20160312_GB,8.8,13.475,2.3833333333,45.175,15,0
20160312_GG,7.330952381,11.00952381,1.9476190476,60.266666666999996,45,0
20160312_GJ,10.6,13.1,4.1,36.3,15,0
20160312_GN,10.1,12.572727273,3.7136363636,38.172727273,13,0
20160312_GW,7.1055555556,11.716666667,1.7722222222,52.244444443999996,7,0
20160312_IC,5.59,6.85,2.52,75.01,14,0
20160312_JB,9.0133333333,14.34,1.98,49.066666667,23,0
20160312_JJ,9.15,7.05,6.1,48.55,2,0
20160312_JN,9.7818181818,13.1,3.5454545455,41.927272726999995,21,0
20160312_SU,6.4,9.7,2.0,55.6,48,0
20160312_US,10.6,11.4,4.6,34.3,4,0
20160313_BS,10.7,5.5,7.6,44.6,3,0
20160313_CB,7.333333333300001,8.0133333333,2.82,57.513333333,0,0
20160313_CN,8.9125,8.8875,3.71875,66.975,1,0
20160313_DG,9.3,7.1,5.7,50.9,1,0
20160313_DJ,9.2,8.4,4.1,56.5,0,0
20160313_GB,9.0,8.7375,4.3291666667,52.15,1,0
20160313_GG,7.2119047619000005,6.114285714299999,3.5476190476,70.164285714,6,0
20160313_GJ,8.7,5.7,5.2,57.3,0,0
20160313_GN,9.4181818182,6.918181818200001,5.7318181818,49.204545455,2,0
20160313_GW,7.0611111111,6.072222222200001,3.6333333333,66.366666667,2,0
20160313_IC,6.44,4.29,3.67,84.07,1,0
20160313_JB,8.9133333333,8.4333333333,4.2266666667,54.613333333,4,0
20160313_JJ,10.1,3.65,8.15,73.8,0,0
20160313_JN,8.3409090909,6.0045454545000005,4.8181818182,63.395454545,0,0
20160313_SU,6.5,4.6,3.7,68.1,7,0
20160313_US,10.5,7.3,7.1,43.0,0,0
20160314_BS,14.3,10.2,7.7,57.8,82,0
20160314_CB,9.7266666667,10.846666667000001,3.5466666667,61.46,49,0
20160314_CN,9.225,10.53125,3.51875,72.4125,66,0
20160314_DG,12.1,9.9,6.2,56.1,68,0
20160314_DJ,10.2,9.9,4.4,64.1,51,0
20160314_GB,10.229166667000001,11.733333333,3.8043478261000003,60.247826087,81,0
20160314_GG,9.7761904762,9.4238095238,4.4761904762,64.866666667,211,0
20160314_GJ,9.9,8.4,4.9,61.1,48,0
20160314_GN,12.990909090999999,11.972727273,6.43,51.1,77,0
20160314_GW,8.461111111100001,9.744444444400001,3.0333333333,66.622222222,47,0
20160314_IC,8.5,6.63,4.77,68.19,51,0
20160314_JB,8.7933333333,10.193333333,3.1,70.36,106,0
20160314_JJ,11.3,5.9,8.1,58.7,17,0
20160314_JN,10.027272727,9.4090909091,4.8545454545,64.972727273,58,0
20160314_SU,9.6,8.3,4.7,57.0,238,0
20160314_US,11.3,8.7,5.7,62.5,15,0
20160315_BS,12.3,9.1,8.2,49.5,72,0
20160315_CB,13.34,16.52,5.24,44.746666667,41,0
20160315_CN,12.81875,16.95625,4.2875,63.85,51,0
20160315_DG,15.6,17.0,7.6,49.8,68,0
20160315_DJ,14.0,16.7,6.0,48.3,41,0
20160315_GB,13.933333333,16.6625,6.1166666667,49.091666667,62,0
20160315_GG,12.473809524000002,14.688095237999999,4.9880952381,51.480952381,180,0
20160315_GJ,15.5,16.0,7.2,47.6,29,0
20160315_GN,14.131818182,14.568181818,6.8045454545,48.65,61,0
20160315_GW,12.544444444000002,15.761111110999998,5.5277777778,49.627777778,32,0
20160315_IC,9.45,9.29,4.83,61.69,53,0
20160315_JB,13.56,16.82,4.96,55.226666666999996,64,0
20160315_JJ,12.25,8.25,8.75,56.2,10,0
20160315_JN,13.577272727,15.013636364000002,6.1454545455,55.595454545,58,0
20160315_SU,12.4,13.4,5.2,43.4,242,0
20160315_US,13.0,13.1,7.1,53.0,17,0
20160316_BS,16.2,8.9,11.2,45.9,75,0
20160316_CB,16.213333332999998,13.92,8.133333333300001,36.86,32,0
20160316_CN,14.89375,13.975,6.96875,54.71875,58,0
20160316_DG,18.6,13.2,11.2,35.9,75,0
20160316_DJ,17.1,13.6,9.2,40.1,31,0
20160316_GB,18.004166667,14.116666667,9.983333333300001,32.604166667,52,0
20160316_GG,14.319047619000001,12.15,7.2738095238,50.971428571000004,236,0
20160316_GJ,17.4,13.1,9.6,50.3,34,0
20160316_GN,17.054545455,12.936363636,9.4727272727,48.95,77,0
20160316_GW,16.4,12.827777778,9.255555555599999,35.2,33,0
20160316_IC,11.66,8.62,6.71,70.0,58,0
20160316_JB,15.54,13.813333333,7.52,45.686666667,74,0
20160316_JJ,15.5,7.5,11.6,58.1,8,0
20160316_JN,16.331818182,12.881818182,8.9181818182,60.004545455,55,0
20160316_SU,13.8,11.1,7.5,45.1,236,0
20160316_US,20.0,14.5,11.4,44.3,11,0
20160317_BS,16.9,9.1,12.6,57.4,76,0
20160317_CB,18.36,19.48,9.34,39.106666667,32,0
20160317_CN,17.45625,19.0125,8.8375,59.2125,51,0
20160317_DG,21.1,19.2,12.4,37.0,65,0
20160317_DJ,18.9,19.4,10.1,44.9,35,0
20160317_GB,19.9125,18.4375,11.375,34.554166667,65,0
20160317_GG,15.535714286,15.35952381,8.7,46.966666667,198,0
20160317_GJ,19.4,15.6,12.4,54.8,31,0
20160317_GN,18.440909090999998,16.190909090999998,10.672727273,55.027272726999996,67,0
20160317_GW,17.338888889,15.994444444,9.8388888889,38.316666667,34,0
20160317_IC,12.64,10.45,8.41,58.54,49,0
20160317_JB,18.566666667,18.973333333,9.74,55.74,88,0
20160317_JJ,19.5,10.85,14.4,66.95,14,0
20160317_JN,18.404545455,15.977272727,10.990909090999999,61.48636363600001,67,0
20160317_SU,14.7,12.7,9.3,40.9,207,0
20160317_US,19.6,15.2,12.7,42.8,14,0
20160318_BS,13.4,1.9,12.7,97.9,58,0
20160318_CB,14.366666667,7.1866666667,10.286666667,74.653333333,33,0
20160318_CN,16.36875,8.5125,11.20625,81.0375,40,0
20160318_DG,13.7,5.1,10.7,89.8,49,0
20160318_DJ,13.9,5.5,11.0,88.0,20,0
20160318_GB,13.379166667,5.3041666667000005,10.545833333,84.725,64,0
20160318_GG,19.669047619,11.933333333,12.511904762,56.24047619,170,0
20160318_GJ,14.4,4.7,12.0,96.6,22,0
20160318_GN,12.781818182,4.1681818182,10.777272727,92.80909090899999,47,0
20160318_GW,18.061111111,11.605555555999999,11.366666667,56.961111111,39,0
20160318_IC,17.59,9.74,11.98,69.01,41,0
20160318_JB,15.493333332999999,7.0133333333,11.226666667,91.23333333299999,64,0
20160318_JJ,17.85,4.45,14.7,94.4,19,0
20160318_JN,14.331818182000001,5.3181818182,11.7,93.01363636399999,56,0
20160318_SU,20.1,11.3,13.4,50.0,191,0
20160318_US,14.0,3.1,12.7,89.4,9,0
20160319_BS,19.4,9.0,13.3,66.6,17,0
20160319_CB,17.58,12.62,10.06,67.646666667,8,0
20160319_CN,15.9375,12.55,8.94375,77.0375,21,0
20160319_DG,16.9,10.2,10.8,73.4,19,0
20160319_DJ,18.2,11.4,11.0,75.4,11,0
20160319_GB,16.320833333,10.870833333,10.295833333,71.783333333,16,0
20160319_GG,17.335714285999998,12.535714286,10.388095238,64.383333333,62,0
20160319_GJ,18.5,12.1,11.6,66.1,12,0
20160319_GN,18.959090909,10.954545455,12.427272727,69.340909091,23,0
20160319_GW,16.705555556,12.688888889000001,9.7944444444,63.016666666999996,11,0
20160319_IC,14.66,7.57,9.95,74.4,11,0
20160319_JB,15.993333332999999,11.826666667000001,9.0866666667,78.07333333300001,34,0
20160319_JJ,17.4,6.55,13.85,73.9,0,0
20160319_JN,16.940909090999998,11.227272727,10.95,71.863636364,34,0
20160319_SU,18.1,11.5,11.4,58.3,57,0
20160319_US,16.0,7.6,11.7,69.0,5,0
20160320_BS,14.2,5.6,10.6,60.9,1,0
20160320_CB,15.906666667,13.46,8.946666666699999,60.066666667,2,0
20160320_CN,15.425,14.925,7.1375,76.0625,0,0
20160320_DG,11.7,4.4,9.0,65.1,1,0
20160320_DJ,17.5,14.5,9.7,62.8,0,0
20160320_GB,11.8125,8.2708333333,7.5583333333,67.225,0,0
20160320_GG,16.654761905,13.45,9.1714285714,62.357142857,10,0
20160320_GJ,17.7,14.2,9.2,67.8,0,0
20160320_GN,13.918181817999999,6.472727272699999,10.031818182,63.05,2,0
20160320_GW,12.011111110999998,8.9277777778,7.6611111111,64.65,1,0
20160320_IC,13.28,9.15,8.26,77.6,2,0
20160320_JB,15.533333333,14.446666667,7.54,73.21333333300001,2,0
20160320_JJ,15.1,6.8,11.8,73.35,0,0
20160320_JN,15.081818182000001,11.886363635999999,8.55,73.98636363600001,3,0
20160320_SU,17.5,12.6,10.6,54.0,6,0
20160320_US,11.7,4.0,9.1,63.9,3,0
20160321_BS,14.8,7.5,10.2,59.6,96,0
20160321_CB,16.993333333,15.36,9.0066666667,54.186666667,39,0
20160321_CN,15.71875,15.25,7.3,72.20625,73,0
20160321_DG,16.8,11.6,10.8,54.4,69,0
20160321_DJ,17.4,15.1,9.5,57.6,43,0
20160321_GB,15.216666667,13.629166667,8.2166666667,60.529166667,66,0
20160321_GG,16.554761905,13.311904762000001,8.9928571429,61.13095238100001,234,0
20160321_GJ,18.0,13.7,10.1,62.9,46,0
20160321_GN,16.1,10.695454545,9.8318181818,60.818181818,87,0
20160321_GW,15.116666667,14.377777777999999,8.394444444400001,60.38888888899999,38,0
20160321_IC,12.48,8.1,7.43,82.5,35,0
20160321_JB,15.566666667,14.526666667,7.7133333333000005,70.366666667,96,0
20160321_JJ,15.25,6.35,12.0,63.35,18,0
20160321_JN,16.054545455,12.8,9.1590909091,70.56363636399999,66,0
20160321_SU,16.1,10.6,9.9,54.1,260,0
20160321_US,13.9,7.6,9.7,56.5,13,0
20160322_BS,16.8,9.7,12.3,60.1,80,0
20160322_CB,16.793333333,15.626666667,9.026666666699999,42.933333333,36,0
20160322_CN,15.175,14.84375,7.41875,69.39375,52,0
20160322_DG,20.2,15.7,12.9,45.0,65,0
20160322_DJ,17.6,16.1,9.4,52.6,42,0
20160322_GB,19.183333333,16.725,10.925,45.866666667,73,0
20160322_GG,14.278571429000001,12.626190476,7.6238095238,63.754761905,212,0
20160322_GJ,18.4,14.6,9.6,59.1,29,0
20160322_GN,18.631818182,15.104545455,10.686363636,60.172727273,57,0
20160322_GW,16.038888889000003,13.85,9.1833333333,48.61111111100001,39,0
20160322_IC,9.85,6.57,5.99,89.76,43,0
20160322_JB,15.946666667,15.62,7.5533333333,62.706666667,90,0
20160322_JJ,15.65,8.2,11.3,65.7,23,0
20160322_JN,16.309090909000002,13.590909090999999,8.9136363636,64.35,78,0
20160322_SU,13.8,10.3,8.0,58.1,232,0
20160322_US,20.9,16.6,12.2,56.4,10,0
20160323_BS,15.1,6.9,11.0,66.5,61,0
20160323_CB,13.426666667000001,9.6266666667,7.64,46.86,29,0
20160323_CN,12.90625,9.5,7.25,62.10625,58,0
20160323_DG,15.7,9.3,10.0,61.1,50,0
20160323_DJ,14.5,9.9,8.3,55.0,27,0
20160323_GB,13.7,9.0833333333,8.6291666667,54.929166667,64,0
20160323_GG,13.614285714000001,10.09047619,8.0571428571,54.238095238,203,0
20160323_GJ,15.1,10.2,8.4,51.0,30,0
20160323_GN,16.222727273,10.081818182000001,10.686363636,56.45,63,0
20160323_GW,10.666666667000001,8.505555555599999,5.8888888888999995,66.56666666699999,39,0
20160323_IC,11.42,7.52,7.18,61.87,47,0
20160323_JB,13.446666667,10.466666667,7.0933333333,62.126666666999995,66,0
20160323_JJ,15.45,7.95,10.85,58.2,14,0
20160323_JN,14.627272727000001,9.7045454545,8.4727272727,56.23636363600001,48,0
20160323_SU,13.8,10.0,8.2,49.6,213,0
20160323_US,12.8,5.4,9.4,65.0,8,0
20160324_BS,13.5,8.1,8.6,58.1,70,0
20160324_CB,12.673333332999999,12.573333332999999,6.28,46.273333333000004,36,0
20160324_CN,12.3875,12.51875,5.8,55.725,49,0
20160324_DG,10.8,7.8,6.8,64.8,45,0
20160324_DJ,13.3,11.7,6.9,49.4,33,0
20160324_GB,11.408333333,9.7125,6.4208333333,56.820833333,74,0
20160324_GG,12.807142857,12.219047619000001,6.588095238099999,43.833333333,209,0
20160324_GJ,14.4,12.2,7.3,45.9,39,0
20160324_GN,12.75,8.1454545455,8.1,53.218181818000005,49,0
20160324_GW,10.838888889000001,11.311111110999999,5.1166666667000005,57.783333333,33,0
20160324_IC,10.26,8.17,6.12,46.08,47,0
20160324_JB,12.74,13.54,5.426666666699999,57.073333333,73,0
20160324_JJ,13.6,7.3,9.55,49.8,15,0
20160324_JN,12.863636364000001,10.477272727,6.9954545454999995,53.772727273,60,0
20160324_SU,12.7,11.1,7.2,36.5,225,0
20160324_US,10.4,6.2,7.2,60.5,10,0
20160325_BS,11.7,5.4,8.1,58.8,73,0
20160325_CB,11.76,11.013333333,5.92,49.306666666999995,28,0
20160325_CN,12.15625,13.68125,4.875,64.34375,65,0
20160325_DG,11.6,8.3,6.5,71.3,47,0
20160325_DJ,13.3,12.1,6.8,50.4,31,0
20160325_GB,9.9125,7.4375,5.666666666699999,67.341666667,64,0
20160325_GG,12.271428571,11.480952381,6.1476190476,53.357142857,157,0
20160325_GJ,14.1,12.2,6.7,58.6,25,0
20160325_GN,11.154545455,6.3272727273000005,7.368181818200001,65.381818182,55,0
20160325_GW,10.277777777999999,9.144444444400001,5.1277777777999995,65.111111111,36,0
20160325_IC,10.11,8.27,6.03,67.71,40,0
20160325_JB,11.853333333,12.12,5.2666666667,62.546666667,75,0
20160325_JJ,12.8,5.75,9.4,57.05,14,0
20160325_JN,12.304545455,11.195454545,6.118181818200001,64.23636363600001,58,0
20160325_SU,12.6,10.5,7.1,43.9,202,0
20160325_US,10.4,5.3,7.3,64.3,12,0
20160326_BS,11.1,5.5,7.4,78.0,26,0
20160326_CB,12.546666667,13.42,5.586666666699999,48.026666667,12,0
20160326_CN,12.10625,14.58125,4.33125,65.5125,21,0
20160326_DG,13.6,10.8,7.2,72.5,17,0
20160326_DJ,12.9,13.1,6.4,55.5,8,0
20160326_GB,12.766666667,11.795833333,6.15,66.829166667,17,0
20160326_GG,12.826190475999999,12.680952380999999,5.757142857100001,58.65952381,62,0
20160326_GJ,11.1,10.1,5.2,63.5,13,0
20160326_GN,11.9,9.1727272727,6.8227272727,68.959090909,24,0
20160326_GW,12.777777777999999,13.188888889000001,5.8666666667,58.938888889,8,0
20160326_IC,10.35,7.98,5.92,77.04,12,0
20160326_JB,11.313333333,12.846666667000001,4.62,62.893333333,27,0
20160326_JJ,12.55,6.4,8.65,48.35,5,0
20160326_JN,10.772727273,10.431818182,5.340909090899999,60.081818182,19,0
20160326_SU,12.6,10.5,6.5,54.5,66,0
20160326_US,11.4,7.7,5.7,87.6,1,0
20160327_BS,16.2,11.9,9.5,58.3,2,0
20160327_CB,14.346666667000001,15.4,6.5133333333,41.613333333,1,0
20160327_CN,13.7,15.8375,5.25,62.04375,0,0
20160327_DG,15.7,13.9,9.7,46.8,3,0
20160327_DJ,15.1,15.4,7.2,49.8,0,0
20160327_GB,14.866666667,14.65,7.720833333300001,48.995833333,0,0
20160327_GG,13.604761905,12.997619047999999,6.5952380952,57.354761905,4,0
20160327_GJ,15.3,14.2,7.1,49.9,0,0
20160327_GN,15.072727273,13.45,8.2181818182,54.640909091000005,3,0
20160327_GW,14.244444444,14.083333332999999,7.55,47.383333333,0,0
20160327_IC,10.71,8.06,6.3,79.7,1,0
20160327_JB,13.22,14.233333333,5.5,57.48,1,0
20160327_JJ,13.45,8.1,9.75,47.5,0,0
20160327_JN,13.927272727,13.704545455,6.686363636399999,54.109090908999995,2,0
20160327_SU,13.1,10.9,7.2,55.6,7,0
20160327_US,15.7,13.6,8.8,59.5,1,0
20160328_BS,18.3,11.6,11.8,41.6,83,0
20160328_CB,17.58,18.953333333,8.5466666667,36.273333333000004,52,0
20160328_CN,16.6,18.1875,7.95,59.20625,58,0
20160328_DG,18.7,15.0,11.6,31.6,71,0
20160328_DJ,17.9,18.2,9.4,44.9,40,0
20160328_GB,18.179166667,16.633333333,9.675,34.866666667,75,0
20160328_GG,17.383333333,16.776190476,8.9857142857,48.766666666999996,236,0
20160328_GJ,18.8,17.8,9.8,50.3,38,0
20160328_GN,18.240909091,16.059090909000002,10.095454545,44.218181818000005,88,0
20160328_GW,17.477777778,15.7,9.866666666699999,37.2,37,0
20160328_IC,14.24,11.04,8.64,70.0,45,0
20160328_JB,17.466666667000002,18.74,8.5466666667,48.32,97,0
20160328_JJ,17.45,11.2,12.5,42.35,19,0
20160328_JN,16.886363636,16.554545455,8.9227272727,56.73636363600001,83,0
20160328_SU,17.4,15.1,9.8,47.8,261,0
20160328_US,19.0,13.3,12.6,32.6,20,0
20160329_BS,16.3,6.2,13.3,57.8,97,0
20160329_CB,19.026666667,14.893333333,12.153333332999999,46.126666666999995,41,0
20160329_CN,17.6125,12.94375,11.49375,68.81875,53,0
20160329_DG,18.8,13.2,12.5,48.5,59,0
20160329_DJ,18.3,11.8,12.9,54.9,35,0
20160329_GB,19.125,15.270833332999999,12.133333333,42.479166667,75,0
20160329_GG,17.771428570999998,12.066666667,11.126190476,60.673809524,198,0
20160329_GJ,16.4,9.6,12.0,65.3,32,0
20160329_GN,17.140909090999997,12.231818182,11.75,59.277272726999996,77,0
20160329_GW,19.183333333,13.766666667,12.572222222,42.122222222,39,0
20160329_IC,14.31,7.07,10.11,82.4,45,0
20160329_JB,17.613333333,12.9,11.82,56.16,100,0
20160329_JJ,16.8,6.1,14.25,53.75,11,0
20160329_JN,16.05,10.759090909000001,11.527272727,68.136363636,45,0
20160329_SU,17.1,9.5,11.3,57.8,227,0
20160329_US,18.5,11.7,13.0,55.0,14,0
20160330_BS,19.6,7.2,15.0,64.3,82,0
20160330_CB,20.486666667,14.206666667,12.633333333,45.993333333,35,0
20160330_CN,19.85,15.14375,11.475,63.06875,53,0
20160330_DG,22.4,14.6,15.4,46.4,56,0
20160330_DJ,22.9,15.3,14.4,53.0,38,0
20160330_GB,21.058333333,14.454166667,13.541666667000001,44.1125,57,0
20160330_GG,18.361904762,12.392857142999999,11.071428570999998,56.280952381000006,193,0
20160330_GJ,22.9,13.6,15.4,48.0,25,0
20160330_GN,21.654545455,13.359090909,14.290909091,57.640909091000005,52,0
20160330_GW,18.922222222000002,12.422222222,12.383333333,46.038888889,31,0
20160330_IC,13.51,7.62,8.67,79.97,44,0
20160330_JB,21.086666667,15.48,12.62,56.1,69,0
20160330_JJ,17.5,4.95,14.55,78.65,14,0
20160330_JN,21.190909090999998,13.586363636,13.272727273,65.972727273,51,0
20160330_SU,18.3,11.3,11.5,49.9,209,0
20160330_US,21.6,10.3,15.6,55.8,10,0
20160331_BS,19.3,8.2,14.8,69.9,61,0
20160331_CB,20.88,18.026666667,11.92,35.426666667,22,0
20160331_CN,22.38125,19.05,12.425,45.525,49,0
20160331_DG,21.1,14.3,13.9,40.1,54,0
20160331_DJ,21.7,16.6,13.1,42.4,40,0
20160331_GB,20.15,15.858333333,12.0125,39.7125,51,0
20160331_GG,21.683333333,17.502380952,12.807142857,35.128571429000004,186,0
20160331_GJ,22.3,13.2,15.0,43.9,43,0
20160331_GN,20.163636364000002,13.036363635999999,12.95,64.30909090899999,57,0
20160331_GW,20.494444444000003,16.211111110999997,12.533333333,36.283333333,38,0
20160331_IC,19.42,12.92,12.42,44.49,41,0
20160331_JB,22.206666666999997,17.773333333,12.386666667,46.9,62,0
20160331_JJ,15.9,2.9,13.95,84.4,13,0
20160331_JN,19.822727272999998,12.768181818,12.795454545,66.118181818,49,0
20160331_SU,21.4,15.4,13.5,27.0,223,0
20160331_US,20.9,12.7,13.4,63.8,4,0
20160401_BS,22.0,11.0,16.1,59.6,661,0
20160401_CB,25.013333333000002,21.833333333000002,14.106666667,32.96,112,0
20160401_CN,23.275,20.7375,12.65625,46.09375,291,0
20160401_DG,23.2,17.6,14.4,48.9,286,0
20160401_DJ,25.4,20.6,15.0,36.8,221,0
20160401_GB,22.145833333000002,19.091666667000002,12.620833333,51.566666667,352,0
20160401_GG,23.9,18.6,14.24047619,33.830952380999996,901,0
20160401_GJ,25.5,17.7,15.7,44.8,222,0
20160401_GN,24.018181818000002,17.381818182,14.454545455,58.48636363600001,456,0
20160401_GW,21.455555556,17.627777778,12.072222222,50.122222222,97,0
20160401_IC,19.81,11.93,13.35,41.05,153,0
20160401_JB,23.433333333,19.933333333,12.926666667000001,49.153333333,405,0
20160401_JJ,19.75,9.45,14.85,65.9,27,0
20160401_JN,22.768181818000002,16.572727272999998,13.854545455,58.077272727,267,0
20160401_SU,23.8,16.5,15.3,26.0,502,0
20160401_US,20.6,12.9,13.9,69.5,143,0
20160402_BS,18.8,7.4,15.1,76.9,12,0
20160402_CB,24.173333333000002,18.9,15.12,36.78,14,0
20160402_CN,22.63125,18.6125,13.45625,56.5375,19,0
20160402_DG,24.3,17.6,15.2,60.1,16,0
20160402_DJ,24.6,17.7,16.0,40.9,5,0
20160402_GB,22.345833333,17.420833333,14.141666667,56.695833333,27,0
20160402_GG,22.385714286,15.242857143,14.326190475999999,45.333333333,64,0
20160402_GJ,24.1,14.8,16.6,53.0,6,0
20160402_GN,19.740909091,12.213636364000001,14.095454545,71.231818182,24,0
20160402_GW,20.011111110999998,14.644444444000001,13.061111110999999,54.633333333,8,0
20160402_IC,18.55,8.91,13.21,62.11,16,0
20160402_JB,23.18,17.873333332999998,14.466666667,54.066666667,32,0
20160402_JJ,19.95,8.45,16.1,65.85,2,0
20160402_JN,20.709090909,13.627272727000001,14.372727272999999,68.863636364,19,0
20160402_SU,21.7,12.1,15.0,40.8,52,0
20160402_US,18.1,10.7,13.9,84.1,4,0
20160403_BS,18.0,6.5,14.2,86.8,0,0
20160403_CB,15.72,7.36,11.913333332999999,62.773333333000004,1,0
20160403_CN,15.31875,7.2,11.88125,75.73125,1,0
20160403_DG,15.6,6.4,11.7,83.4,1,0
20160403_DJ,16.4,5.6,13.4,68.4,0,0
20160403_GB,16.404166667000002,8.2833333333,11.216666667,79.408333333,2,0
20160403_GG,13.65,5.411904761900001,10.895238095,75.902380952,10,0
20160403_GJ,17.7,5.5,14.1,85.1,0,0
20160403_GN,15.254545455,4.5772727273000005,12.881818182,90.695454545,1,0
20160403_GW,13.311111110999999,6.1722222222,9.8444444444,78.805555556,0,0
20160403_IC,13.26,4.47,10.65,78.2,1,0
20160403_JB,15.9,6.3533333333,12.593333333,82.186666667,3,0
20160403_JJ,17.7,2.85,16.0,91.5,0,0
20160403_JN,15.995454545,5.1,13.440909090999998,89.704545455,0,0
20160403_SU,12.7,4.5,10.7,75.1,9,0
20160403_US,16.6,6.6,12.6,96.8,0,0
20160404_BS,13.6,3.1,11.7,84.5,101,0
20160404_CB,17.626666667000002,8.98,12.346666667000001,62.046666667,44,0
20160404_CN,18.96875,11.88125,12.2,63.56875,65,0
20160404_DG,13.1,4.1,10.7,83.0,78,0
20160404_DJ,18.3,8.2,13.5,69.6,48,0
20160404_GB,12.916666667000001,5.3583333333,9.945833333300001,85.233333333,74,0
20160404_GG,19.804761905,14.807142857,12.178571429000002,48.373809523999995,262,0
20160404_GJ,17.8,7.1,13.4,80.5,43,0
20160404_GN,12.986363635999998,2.9818181818,11.213636364000001,87.3,82,0
20160404_GW,17.511111110999998,12.283333333,10.966666667,66.472222222,49,0
20160404_IC,17.58,12.08,11.14,56.13,39,0
20160404_JB,16.266666667,7.62,11.866666667,78.053333333,100,0
20160404_JJ,15.95,3.2,13.6,92.8,16,0
20160404_JN,15.131818182,4.8909090909,12.418181817999999,85.377272727,68,0
20160404_SU,19.8,14.7,12.3,42.6,245,0
20160404_US,12.0,3.7,10.1,96.9,11,0
20160405_BS,19.5,8.7,14.3,65.5,76,0
20160405_CB,19.886666667,16.073333333,12.013333333,37.166666667,32,0
20160405_CN,18.5375,16.86875,9.99375,52.33125,58,0
20160405_DG,20.9,12.4,14.1,52.4,71,0
20160405_DJ,20.8,15.2,13.0,39.3,27,0
20160405_GB,20.454166667,14.679166667,12.941666667,51.445833333,51,0
20160405_GG,18.338095238,14.14047619,11.030952380999999,45.688095238,199,0
20160405_GJ,21.2,14.1,12.9,41.9,34,0
20160405_GN,20.372727273,11.872727272999999,13.272727273,65.386363636,62,0
20160405_GW,20.661111111,16.327777777999998,13.061111110999999,40.144444444,41,0
20160405_IC,13.04,7.08,9.24,73.75,29,0
20160405_JB,18.866666667,15.166666667000001,10.533333333,50.826666667,83,0
20160405_JJ,16.75,4.85,13.95,78.45,15,0
20160405_JN,19.140909090999997,12.15,12.172727273,53.6,55,0
20160405_SU,18.1,12.2,11.4,45.1,243,0
20160405_US,19.5,12.6,13.0,72.8,20,0
20160406_BS,20.9,9.9,14.8,60.6,79,0
20160406_CB,22.653333333000003,18.566666667,13.26,43.266666666999996,33,0
20160406_CN,22.975,19.71875,12.60625,56.05,59,0
20160406_DG,22.1,13.8,14.1,53.5,49,0
20160406_DJ,23.7,18.2,13.9,50.1,25,0
20160406_GB,21.008333333,14.8375,13.225,52.116666667,59,0
20160406_GG,22.995238095,17.84047619,14.030952380999999,45.397619048,184,0
20160406_GJ,20.7,12.1,12.5,55.3,31,0
20160406_GN,20.881818182,13.281818182,12.781818182,62.886363636000006,57,0
20160406_GW,20.927777778,14.783333333,13.594444444,49.283333333,29,0
20160406_IC,21.23,14.49,13.27,60.38,31,0
20160406_JB,21.76,17.46,11.406666667,61.033333333,71,0
20160406_JJ,18.15,6.45,15.0,80.55,14,0
20160406_JN,18.7,12.072727273,11.731818182,63.131818181999996,52,0
20160406_SU,22.9,16.3,14.4,44.3,225,0
20160406_US,20.3,10.2,14.9,50.0,21,0
20160407_BS,16.5,5.1,12.7,93.8,65,0
20160407_CB,18.513333333,10.126666667,12.666666667000001,74.673333333,36,0
20160407_CN,18.40625,9.53125,12.6125,82.16875,41,0
20160407_DG,17.6,8.2,13.1,84.8,58,0
20160407_DJ,18.6,9.5,13.2,78.9,22,0
20160407_GB,17.3625,8.733333333300001,12.179166667,84.65,70,0
20160407_GG,20.647619048,10.738095238,13.830952381,74.314285714,224,0
20160407_GJ,17.3,7.9,13.0,86.3,40,0
20160407_GN,17.586363635999998,8.068181818200001,12.481818182,86.71818181799999,61,0
20160407_GW,18.794444444,9.038888888899999,13.305555556,76.15555555600001,29,0
20160407_IC,19.14,10.35,13.1,80.69,43,0
20160407_JB,16.393333333,7.7,11.6,87.3,75,0
20160407_JJ,20.75,7.75,15.45,86.8,11,0
20160407_JN,16.386363636,6.9318181818,12.531818182,89.28181818200001,47,0
20160407_SU,20.6,10.1,14.1,69.5,234,0
20160407_US,16.2,6.1,12.4,93.8,9,0
20160408_BS,21.7,9.3,16.5,61.8,75,0
20160408_CB,22.086666667,14.993333332999999,13.606666667,62.226666666999996,29,0
20160408_CN,19.525,12.85625,11.20625,82.35625,56,0
20160408_DG,24.8,16.1,16.8,52.6,52,0
20160408_DJ,21.8,13.5,14.0,71.5,29,0
20160408_GB,23.475,15.241666667,16.0,49.2625,64,0
20160408_GG,19.583333333,12.302380952,11.016666667,79.347619048,161,0
20160408_GJ,23.5,14.2,15.4,64.1,28,0
20160408_GN,23.213636364,13.377272727000001,15.540909091,60.304545455,57,0
20160408_GW,21.411111111,13.583333332999999,14.722222222000001,48.694444444,51,0
20160408_IC,13.8,7.44,8.05,95.81,38,0
20160408_JB,21.133333333,13.486666667,12.273333333,75.88,73,0
20160408_JJ,18.25,5.9,14.45,82.2,16,0
20160408_JN,21.586363635999998,12.668181817999999,14.122727272999999,71.109090909,52,0
20160408_SU,18.7,10.9,11.1,76.1,194,0
20160408_US,22.1,11.9,16.6,55.9,13,0
20160409_BS,22.6,9.5,17.2,50.6,14,0
20160409_CB,22.68,14.58,15.306666667,62.286666667,9,0
20160409_CN,20.275,13.03125,12.89375,77.2,17,0
20160409_DG,25.7,15.5,18.2,42.0,21,0
20160409_DJ,23.3,13.5,15.9,59.9,5,0
20160409_GB,24.7,15.25,17.066666667,47.266666666999996,15,0
20160409_GG,16.238095238,8.9761904762,11.542857142999999,85.204761905,53,0
20160409_GJ,25.2,15.1,17.0,52.6,11,0
20160409_GN,24.218181818,15.140909091,16.040909091,53.759090908999994,25,0
20160409_GW,20.222222222,12.016666667,15.222222222000001,58.594444444,6,0
20160409_IC,12.13,5.39,9.58,97.06,12,0
20160409_JB,23.553333333,17.14,14.113333333,61.633333333,25,0
20160409_JJ,19.85,8.0,15.05,70.2,2,0
20160409_JN,23.440909090999998,14.8,15.295454545,61.286363636000004,18,0
20160409_SU,14.1,6.7,10.7,83.9,42,0
20160409_US,24.3,13.1,17.9,42.6,5,0
20160410_BS,18.9,7.6,15.6,58.8,0,0
20160410_CB,24.066666667,13.78,15.833333332999999,56.913333333000004,1,0
20160410_CN,22.0125,14.26875,13.56875,78.44375,1,0
20160410_DG,19.8,9.7,13.6,66.1,0,0
20160410_DJ,24.6,13.9,16.6,60.4,3,0
20160410_GB,21.025,13.2625,13.0125,66.054166667,1,0
20160410_GG,20.654761905,12.166666667000001,13.14047619,75.964285714,7,0
20160410_GJ,25.1,14.6,16.9,59.5,0,0
20160410_GN,22.236363636,12.854545455,15.077272727,62.1,2,0
20160410_GW,17.388888889,10.722222222000001,10.838888889000001,65.733333333,2,0
20160410_IC,16.24,7.49,11.29,89.9,1,0
20160410_JB,23.666666666999998,16.353333333,14.653333332999999,64.533333333,1,0
20160410_JJ,19.3,6.5,15.65,66.2,0,0
20160410_JN,23.104545455,14.695454545,14.866666667,68.222727273,3,0
20160410_SU,20.7,11.4,13.4,71.3,5,0
20160410_US,17.0,6.6,13.4,71.5,0,0
20160411_BS,14.0,4.9,10.5,65.5,89,0
20160411_CB,17.773333333,10.133333333,12.128571429,49.692857143000005,42,0
20160411_CN,19.325,12.95,12.16875,64.975,57,0
20160411_DG,13.6,6.4,9.8,64.1,73,0
20160411_DJ,19.0,10.6,13.2,58.6,37,0
20160411_GB,13.279166667,7.7375,8.8826086957,64.504347826,68,0
20160411_GG,19.161904762,12.957142857000001,12.34047619,48.066666667,200,0
20160411_GJ,22.4,12.0,14.5,68.5,32,0
20160411_GN,13.363636364000001,5.0045454545,10.690909091,65.895454545,73,0
20160411_GW,15.288888889,10.483333333,9.3333333333,56.438888889,50,0
20160411_IC,16.92,10.95,11.23,62.79,59,0
20160411_JB,19.96,12.073333332999999,12.913333332999999,68.526666667,89,0
20160411_JJ,18.4,5.75,14.65,73.75,16,0
20160411_JN,17.7,8.5454545455,12.854545455,75.663636364,60,0
20160411_SU,19.4,13.7,12.5,43.8,241,0
20160411_US,11.3,4.7,8.6,74.8,18,0
20160412_BS,15.9,7.9,12.5,64.3,98,0
20160412_CB,20.56,14.16,13.3,45.16,31,0
20160412_CN,21.2,13.7625,13.7375,58.9375,43,0
20160412_DG,19.8,15.8,12.4,59.9,55,0
20160412_DJ,22.1,14.6,14.8,49.6,29,0
20160412_GB,18.025,14.6375,11.141666667,59.275,56,0
20160412_GG,19.754761905,10.888095238,13.721428570999999,48.483333333000004,207,0
20160412_GJ,22.2,13.6,15.1,57.9,63,0
20160412_GN,17.795454545,11.890909091,11.922727273,61.386363636000006,75,0
20160412_GW,18.283333332999998,14.133333333,11.5,57.54444444399999,46,0
20160412_IC,17.81,8.88,13.22,63.36,47,0
20160412_JB,22.6,14.713333333,14.62,55.806666666999995,84,0
20160412_JJ,19.35,7.3,15.95,75.0,20,0
20160412_JN,18.759090909,10.177272727,13.513636364000002,65.118181818,60,0
20160412_SU,19.4,9.1,14.1,42.6,251,0
20160412_US,15.7,11.6,11.0,71.5,11,0
20160413_BS,16.0,2.0,14.6,93.9,15,0
20160413_CB,18.466666667000002,8.6,13.3,88.10666666700001,9,0
20160413_CN,20.55,10.10625,14.44375,90.43125,24,0
20160413_DG,17.1,4.6,14.6,94.3,15,0
20160413_DJ,19.0,7.1,14.4,92.3,21,0
20160413_GB,15.258333333,4.7291666667,13.029166667,93.945833333,25,0
20160413_GG,21.407142857,10.554761905,14.954761905,75.33809523800001,45,0
20160413_GJ,20.4,5.2,16.9,94.0,12,0
20160413_GN,15.727272727,4.4181818182,13.990909090999999,93.054545455,24,0
20160413_GW,19.983333333,10.733333333,13.944444444,72.472222222,12,0
20160413_IC,18.89,8.25,13.96,90.69,12,0
20160413_JB,19.453333333,7.2733333333,15.186666667,91.39333333299999,22,0
20160413_JJ,20.8,6.55,16.45,91.1,0,0
20160413_JN,18.836363635999998,5.6136363636,16.063636364,93.03181818200001,17,0
20160413_SU,21.4,10.0,15.6,67.5,41,0
20160413_US,16.3,4.2,14.2,94.0,4,0
20160414_BS,21.4,8.2,17.4,66.8,82,0
20160414_CB,20.126666667000002,10.153333332999999,14.813333333,68.013333333,45,0
20160414_CN,18.85,10.475,12.49375,84.36875,60,0
20160414_DG,25.3,13.0,18.2,54.8,60,0
20160414_DJ,21.3,10.8,15.4,72.5,45,0
20160414_GB,23.1875,13.120833333,15.883333333,63.154166667,74,0
20160414_GG,18.147619048,10.145238095,11.821428570999998,80.854761905,217,0
20160414_GJ,24.0,10.9,17.2,70.4,44,0
20160414_GN,25.55,13.722727273,17.85,57.731818182,77,0
20160414_GW,21.194444444000002,12.616666667,14.394444444000001,61.538888889,45,0
20160414_IC,12.14,5.08,8.84,96.36,48,0
20160414_JB,18.613333333,9.66,13.246666667000001,82.76,75,0
20160414_JJ,22.4,9.55,16.0,79.3,13,0
20160414_JN,22.281818182,11.254545455,15.895454545,74.631818182,77,0
20160414_SU,18.6,9.3,12.4,75.9,251,0
20160414_US,24.8,13.9,18.3,56.6,5,0
20160415_BS,18.1,6.6,14.6,56.8,74,0
20160415_CB,23.693333333,18.086666667,14.726666667,51.466666667,31,0
20160415_CN,23.375,18.15625,13.4875,67.06875,52,0
20160415_DG,21.9,11.7,14.9,58.5,50,0
20160415_DJ,24.8,18.1,15.6,57.8,35,0
20160415_GB,19.625,12.804166667,13.170833333,60.5625,66,0
20160415_GG,23.516666667,17.283333332999998,14.395238095,52.70952381,177,0
20160415_GJ,25.2,18.0,15.9,57.6,28,0
20160415_GN,20.213636364,12.295454545,13.863636364000001,57.177272726999995,66,0
20160415_GW,20.95,15.577777778,13.755555556,51.061111111,45,0
20160415_IC,19.81,14.21,12.79,70.01,41,0
20160415_JB,24.553333333,18.313333333,14.4,65.92,86,0
20160415_JJ,20.6,8.3,16.45,63.8,13,0
20160415_JN,21.140909090999997,14.036363635999999,14.2,65.095454545,62,0
20160415_SU,23.1,15.0,15.0,46.4,215,0
20160415_US,16.7,7.1,13.1,66.5,11,0
20160416_BS,19.2,8.7,15.0,77.5,24,0
20160416_CB,21.5,13.8,14.446666667,65.833333333,9,0
20160416_CN,20.50625,13.49375,14.44375,79.1875,14,0
20160416_DG,21.0,13.0,15.0,69.6,12,0
20160416_DJ,20.5,11.5,14.8,77.5,4,0
20160416_GB,21.208333333,14.0375,14.325,70.80833333300001,25,0
20160416_GG,21.283333332999998,13.00952381,14.59047619,66.280952381,62,0
20160416_GJ,18.9,8.1,15.8,80.5,13,0
20160416_GN,18.986363636,11.904545455,13.840909090999999,79.786363636,17,0
20160416_GW,23.877777778000002,16.227777778,14.8,60.194444444,7,0
20160416_IC,20.14,9.21,15.1,73.63,15,0
20160416_JB,19.546666667,10.993333332999999,14.986666667,77.913333333,22,0
20160416_JJ,21.65,7.2,18.8,79.55,2,0
20160416_JN,19.4,9.7818181818,15.359090909,84.704545455,17,0
20160416_SU,20.7,10.9,14.9,58.9,45,0
20160416_US,20.2,12.8,14.1,80.4,2,0
20160417_BS,20.9,7.5,16.5,49.3,0,0
20160417_CB,16.04,7.2533333333000005,12.14,53.086666666999996,1,0
20160417_CN,15.98125,6.825,11.5,68.86875,3,0
20160417_DG,20.1,6.7,16.3,44.8,1,0
20160417_DJ,16.8,6.9,12.2,60.6,0,0
20160417_GB,18.191666667,7.1416666667,14.4875,49.2625,2,0
20160417_GG,14.99047619,6.3285714286,11.245238095,68.014285714,5,0
20160417_GJ,17.1,6.9,12.6,65.5,1,0
20160417_GN,19.881818182,7.954545454500001,15.636363635999999,46.072727273000005,1,0
20160417_GW,16.266666667,6.7777777778,12.727777778,55.127777778,2,0
20160417_IC,14.68,6.37,10.32,87.9,0,0
20160417_JB,17.78,8.686666666699999,11.34,68.52,3,0
20160417_JJ,18.55,6.6,14.3,68.45,0,0
20160417_JN,16.609090909000003,6.240909090900001,12.531818182,69.195454545,3,0
20160417_SU,14.5,6.2,10.8,66.8,5,0
20160417_US,21.4,8.6,17.2,48.9,0,0
20160418_BS,19.2,6.3,15.2,41.5,87,0
20160418_CB,18.646666667,12.26,11.946666667,54.82,47,0
20160418_CN,17.11875,10.85,11.43125,73.81875,62,0
20160418_DG,21.8,9.8,16.2,34.6,79,0
20160418_DJ,18.3,9.9,12.3,68.0,44,0
20160418_GB,20.366666667,10.829166667,14.179166667,39.35,82,0
20160418_GG,18.804761905,12.49047619,11.145238095,68.83809523800001,209,0
20160418_GJ,17.5,7.8,13.3,67.0,54,0
20160418_GN,20.368181818,9.431818181799999,14.977272727,39.445454545,86,0
20160418_GW,18.738888889000002,12.527777777999999,11.877777777999999,52.194444444,43,0
20160418_IC,16.11,8.83,10.19,86.15,43,0
20160418_JB,17.48,10.086666667000001,12.246666667000001,63.586666666999996,82,0
20160418_JJ,18.0,5.85,14.45,56.2,22,0
20160418_JN,17.740909091,8.3272727273,13.281818182,66.06363636399999,69,0
20160418_SU,18.6,11.5,11.2,65.4,247,0
20160418_US,20.2,7.9,15.4,36.9,10,0
20160419_BS,19.9,7.4,14.9,54.1,71,0
20160419_CB,18.826666667,11.746666667000001,11.966666667,55.026666667,34,0
20160419_CN,18.75,12.53125,11.46875,72.4,59,0
20160419_DG,21.0,11.2,14.5,45.0,67,0
20160419_DJ,19.3,12.9,12.8,63.9,23,0
20160419_GB,18.641666667,11.120833333,12.4625,52.4,58,0
20160419_GG,18.952380952000002,12.09047619,11.942857143,62.654761905,201,0
20160419_GJ,21.2,12.7,14.3,54.9,44,0
20160419_GN,20.863636364,11.868181818,14.245454545,45.977272727,66,0
20160419_GW,17.65,10.538888888999999,11.816666667,58.9,46,0
20160419_IC,15.43,8.39,10.63,82.28,46,0
20160419_JB,19.493333333,13.633333333,12.04,64.346666667,89,0
20160419_JJ,18.65,6.15,14.9,68.45,21,0
20160419_JN,20.045454545,12.163636364,13.463636364000001,61.731818182,48,0
20160419_SU,19.2,12.7,12.0,55.1,236,0
20160419_US,17.7,8.1,13.6,56.6,12,0
20160420_BS,20.5,9.3,15.4,64.9,82,0
20160420_CB,18.646666667,12.293333333,12.6,62.2,37,0
20160420_CN,18.025,11.93125,12.35625,75.49375,73,0
20160420_DG,22.2,14.9,15.6,49.8,70,0
20160420_DJ,18.0,10.9,13.1,70.3,26,0
20160420_GB,20.470833332999998,14.420833333,13.7625,56.2875,56,0
20160420_GG,19.976190476,10.671428571,13.926190475999999,61.780952381000006,198,0
20160420_GJ,22.4,12.6,16.0,58.5,35,0
20160420_GN,20.936363636,13.218181818,14.422727273,59.054545455,60,0
20160420_GW,21.127777778,13.322222222,14.26,53.346666667,33,0
20160420_IC,19.16,9.17,13.54,75.66,41,0
20160420_JB,20.933333333,13.96,14.8,56.86,92,0
20160420_JJ,20.6,8.85,17.05,70.5,10,0
20160420_JN,19.990909091,11.690909090999998,14.631818182,71.040909091,57,0
20160420_SU,20.9,10.8,14.3,54.0,237,0
20160420_US,19.9,10.9,15.1,63.4,11,0
20160421_BS,18.4,4.4,15.5,92.1,62,0
20160421_CB,17.193333332999998,7.5,13.32,87.526666667,29,0
20160421_CN,18.375,7.65,13.5375,92.575,34,0
20160421_DG,17.0,7.4,14.5,84.8,52,0
20160421_DJ,16.6,5.8,13.7,93.9,34,0
20160421_GB,16.55,6.6125,13.183333333,89.820833333,61,0
20160421_GG,18.195238095,7.6333333333,13.878571429,89.071428571,191,0
20160421_GJ,16.8,3.9,15.1,97.9,36,0
20160421_GN,17.495454545,5.1454545455,14.772727273,88.92272727299999,50,0
20160421_GW,16.75,6.7888888889,12.766666667,91.088888889,39,0
20160421_IC,16.35,5.13,13.16,96.55,50,0
20160421_JB,16.086666667,4.4733333333,13.406666667,92.46666666700001,65,0
20160421_JJ,22.4,8.65,16.85,88.5,14,0
20160421_JN,17.413636364000002,4.7,15.145454545,94.136363636,63,0
20160421_SU,16.9,6.6,13.5,87.6,222,0
20160421_US,16.8,3.4,14.8,96.6,12,0
20160422_BS,22.9,9.2,16.9,80.3,76,0
20160422_CB,25.04,12.506666667000001,17.446666667,67.193333333,28,0
20160422_CN,22.1375,10.59375,15.05,85.06875,58,0
20160422_DG,27.2,15.6,19.4,61.8,59,0
20160422_DJ,24.5,11.9,17.4,77.8,39,0
20160422_GB,26.641666667,15.725,18.629166667,61.133333333,67,0
20160422_GG,21.497619048,10.771428571,14.3,83.795238095,148,0
20160422_GJ,25.2,12.6,17.9,76.6,31,0
20160422_GN,24.709090909,13.240909090999999,17.009090909,72.045454545,62,0
20160422_GW,25.488888889000002,14.7,17.988888889000002,59.038888889,38,0
20160422_IC,15.42,5.71,11.51,97.05,45,0
20160422_JB,25.233333333,13.673333332999999,17.36,71.886666667,83,0
20160422_JJ,20.7,8.5,16.1,81.55,16,0
20160422_JN,23.531818182,11.786363635999999,16.663636364000002,78.231818182,69,0
20160422_SU,18.6,8.5,13.5,83.4,193,0
20160422_US,26.2,14.5,19.1,67.8,5,0
20160423_BS,18.9,4.1,16.7,55.1,19,0
20160423_CB,20.846666667,11.093333333,14.506666667000001,48.74,13,0
20160423_CN,20.85625,12.43125,13.46875,65.43125,22,0
20160423_DG,22.1,6.7,17.9,37.1,18,0
20160423_DJ,22.2,10.9,15.4,56.4,7,0
20160423_GB,20.920833333,9.15,16.158333332999998,40.033333333,22,0
20160423_GG,20.383333333,12.221428570999999,13.504761905,56.180952381000004,60,0
20160423_GJ,21.1,7.3,17.1,56.6,10,0
20160423_GN,20.222727273,7.2681818182,15.986363635999998,54.518181818,17,0
20160423_GW,20.227777778,10.922222222,14.605555555999999,42.005555556,8,0
20160423_IC,17.76,9.84,12.04,74.54,10,0
20160423_JB,22.246666667,10.946666667,15.513333333,58.286666667,20,0
20160423_JJ,18.95,4.6,16.0,85.75,8,0
20160423_JN,20.118181818,6.868181818200001,16.072727272999998,70.068181818,18,0
20160423_SU,19.8,12.0,13.5,52.1,48,0
20160423_US,19.8,6.3,16.3,63.5,3,0
20160424_BS,21.8,8.4,16.5,39.8,1,0
20160424_CB,23.186666666999997,17.7,14.406666667,40.113333333,2,0
20160424_CN,22.875,17.69375,13.9625,53.2375,2,0
20160424_DG,21.8,12.0,15.6,39.5,3,0
20160424_DJ,24.0,17.0,15.4,45.5,1,0
20160424_GB,21.354166667,14.5125,13.858333333,45.470833333,1,0
20160424_GG,23.576190476,16.769047619000002,14.75,47.104761905,4,0
20160424_GJ,24.9,14.0,17.3,32.3,1,0
20160424_GN,23.213636364,13.731818182,15.518181818,45.168181818,3,0
20160424_GW,20.594444444,14.772222222,13.205555555999998,44.366666667,0,0
20160424_IC,20.93,12.03,14.62,54.39,2,0
20160424_JB,23.166666666999998,15.986666667,14.74,50.48,3,0
20160424_JJ,21.25,7.3,16.8,58.55,0,0
20160424_JN,22.454545455,12.763636364000002,15.495454545,50.26363636399999,4,0
20160424_SU,23.7,15.6,15.5,39.6,9,0
20160424_US,19.7,9.4,14.6,49.4,0,0
20160425_BS,22.5,10.3,16.9,34.1,77,0
20160425_CB,25.993333333000002,18.94,16.553333333,42.846666667,48,0
20160425_CN,25.425,18.6625,15.81875,52.14375,74,0
20160425_DG,25.9,18.0,17.2,54.0,67,0
20160425_DJ,26.6,17.7,17.7,46.9,46,0
20160425_GB,24.666666666999998,18.8625,15.266666667,50.520833333,83,0
20160425_GG,25.542857143000003,17.071428571,16.530952381,41.60952381,216,0
20160425_GJ,27.4,16.2,18.6,46.5,37,0
20160425_GN,25.127272726999998,16.022727273,16.227272727,47.323809524,93,0
20160425_GW,25.205555556,19.411111111,15.911111110999999,48.816666667,51,0
20160425_IC,21.56,11.77,15.32,51.14,50,0
20160425_JB,25.62,17.313333333,16.393333333,54.366666667,106,0
20160425_JJ,21.25,7.35,17.8,44.8,18,0
20160425_JN,24.845454545,15.35,16.518181818,55.377272727,103,0
20160425_SU,25.3,15.1,17.2,34.8,270,0
20160425_US,22.4,13.9,15.4,51.8,25,0
20160426_BS,24.2,12.0,17.5,45.9,90,0
20160426_CB,28.873333333,20.16,19.54,38.813333333,60,0
20160426_CN,27.60625,19.36875,18.19375,50.64375,52,0
20160426_DG,24.2,14.6,16.2,62.0,52,0
20160426_DJ,29.2,19.6,19.9,41.6,39,0
20160426_GB,24.1,15.7,16.016666667,58.704166666999996,73,0
20160426_GG,29.116666666999997,18.919047619,20.095238095,41.961904761999996,205,0
20160426_GJ,27.2,15.6,18.7,67.1,38,0
20160426_GN,25.295454545,16.45,17.154545455,56.131818181999996,68,0
20160426_GW,24.594444444,15.855555555999999,15.827777778,54.783333333,42,0
20160426_IC,27.8,16.15,19.69,51.47,55,0
20160426_JB,26.046666666999997,17.24,17.473333333,59.833333333,81,0
20160426_JJ,22.85,8.2,18.05,72.7,9,0
20160426_JN,24.654545455,15.25,16.745454545,71.490909091,69,0
20160426_SU,29.6,17.5,21.1,34.8,228,0
20160426_US,23.6,14.5,15.3,62.6,15,0
20160427_BS,13.5,2.5,12.0,90.9,77,0
20160427_CB,18.94,8.82,13.126666667,66.693333333,29,0
20160427_CN,17.9875,6.0625,13.95625,76.875,49,0
20160427_DG,12.8,3.4,10.1,94.4,53,0
20160427_DJ,19.4,7.9,13.3,81.4,32,0
20160427_GB,13.554166667,4.4458333332999995,10.575,86.570833333,59,0
20160427_GG,20.188095238,6.0452380952,16.616666667,38.921428571,188,0
20160427_GJ,16.1,4.2,13.1,98.0,29,0
20160427_GN,14.709090909,3.9181818182,11.740909090999999,88.27272727299999,51,0
20160427_GW,14.388888889,5.25,11.211111111,63.738888888999995,32,0
20160427_IC,20.23,6.03,17.03,45.2,45,0
20160427_JB,15.666666667000001,4.1866666667,12.853333333,88.62666666700001,79,0
20160427_JJ,16.15,2.9,14.55,92.55,11,0
20160427_JN,15.154545455,3.1090909091000003,13.113636364000001,92.654545455,45,0
20160427_SU,20.7,6.2,17.2,32.0,208,0
20160427_US,12.0,1.7,10.9,97.9,11,0
20160428_BS,16.1,5.0,13.3,76.9,75,0
20160428_CB,20.7,11.253333332999999,14.413333332999999,58.706666667,41,0
20160428_CN,20.54375,11.33125,14.05625,73.01875,43,0
20160428_DG,19.1,9.6,13.0,72.3,69,0
20160428_DJ,20.5,10.7,14.3,72.8,37,0
20160428_GB,17.9875,9.1875,12.633333333,72.24583333300001,70,0
20160428_GG,22.326190476,10.80952381,16.273809524,42.55,193,0
20160428_GJ,20.5,9.0,14.5,81.4,37,0
20160428_GN,18.677272727000002,7.954545454500001,13.863636364000001,78.0,69,0
20160428_GW,18.683333333,11.344444444,12.216666667,57.822222222,27,0
20160428_IC,19.35,7.23,14.75,58.3,49,0
20160428_JB,18.88,9.5133333333,13.24,78.993333333,72,0
20160428_JJ,15.9,3.4,14.1,89.8,19,0
20160428_JN,19.05,8.3545454545,14.113636364000001,84.972727273,73,0
20160428_SU,23.0,10.6,17.2,34.4,235,0
20160428_US,15.5,6.3,11.6,80.4,8,0
20160429_BS,18.9,7.4,15.2,51.9,80,0
20160429_CB,22.446666667,13.42,15.233333333,50.886666667,33,0
20160429_CN,20.24375,12.7,13.49375,73.5125,58,0
20160429_DG,22.7,13.3,15.5,55.6,62,0
20160429_DJ,22.1,13.6,15.1,60.6,27,0
20160429_GB,20.941666667,13.475,14.141666667,58.920833333000004,62,0
20160429_GG,22.402380951999998,12.378571429,15.476190476,55.783333333,176,0
20160429_GJ,23.0,12.9,15.5,63.1,28,0
20160429_GN,20.327272727,9.55,15.05,60.981818182,62,0
20160429_GW,20.866666667,14.0,14.372222222000001,51.783333333,34,0
20160429_IC,18.39,7.86,13.89,80.71,39,0
20160429_JB,21.1,13.793333333,13.573333332999999,70.106666667,69,0
20160429_JJ,18.6,7.25,14.95,69.7,13,0
20160429_JN,20.522727273,11.536363635999999,14.245454545,72.472727273,70,0
20160429_SU,22.6,11.7,16.2,47.6,204,0
20160429_US,19.2,10.7,14.2,58.1,15,0
20160430_BS,20.9,8.1,16.7,65.9,19,0
20160430_CB,24.373333333,16.286666667000002,16.386666667,49.04,12,0
20160430_CN,22.2125,14.025,15.5375,61.43125,16,0
20160430_DG,26.9,17.1,18.5,58.6,15,0
20160430_DJ,24.0,14.5,17.2,53.0,8,0
20160430_GB,25.616666666999997,16.941666667,17.491666667,52.9,23,0
20160430_GG,21.983333333,12.054761905,16.014285714,52.297619048,50,0
20160430_GJ,25.2,15.4,17.0,55.5,12,0
20160430_GN,23.263636364,13.595454545,16.568181818,61.622727273,21,0
20160430_GW,22.605555556,12.011111110999998,16.522222222,52.29444444399999,10,0
20160430_IC,18.55,8.33,14.8,65.88,14,0
20160430_JB,24.993333333000002,17.6,16.66,54.473333333,28,0
20160430_JJ,21.05,9.3,16.6,52.55,2,0
20160430_JN,23.359090909000003,14.804545455,15.631818182,64.259090909,20,0
20160430_SU,20.4,9.6,15.9,45.3,49,0
20160430_US,24.9,15.0,17.9,58.9,6,0
20160501_BS,22.7,8.3,18.5,66.0,598,0
20160501_CB,27.633333333000003,17.733333333,18.686666667,44.353333333,85,0
20160501_CN,25.25,15.29375,17.78125,57.61875,223,0
20160501_DG,29.3,17.1,19.7,55.8,220,0
20160501_DJ,27.6,16.4,19.5,52.0,166,0
20160501_GB,27.808333333,16.6375,19.291666667,49.9125,277,0
20160501_GG,26.611904761999998,15.728571429,18.173809524,46.323809524,692,0
20160501_GJ,27.4,16.1,19.3,48.5,180,0
20160501_GN,24.372727273000002,13.877272727000001,17.559090909000002,64.572727273,406,0
20160501_GW,24.877777778000002,14.916666667000001,17.033333332999998,52.977777778000004,65,0
20160501_IC,22.38,9.02,17.6,58.61,108,0
20160501_JB,27.233333333,15.753333332999999,19.02,46.993333333,311,0
20160501_JJ,22.0,7.2,18.45,62.05,16,0
20160501_JN,24.586363635999998,14.763636364000002,17.472727273,63.259090908999994,215,0
20160501_SU,26.0,13.8,18.8,40.5,346,0
20160501_US,25.3,12.1,19.4,57.4,118,0
20160502_BS,24.2,8.5,19.9,78.3,119,0
20160502_CB,28.493333333000002,17.746666667,19.433333333,59.08,46,0
20160502_CN,27.65,15.5625,19.3125,74.21875,77,0
20160502_DG,27.0,14.5,20.0,64.0,80,0
20160502_DJ,29.0,16.9,19.8,69.4,56,0
20160502_GB,27.004166667,16.045833333,19.433333333,60.908333333,79,0
20160502_GG,28.192857143,13.442857143,20.430952380999997,68.295238095,283,0
20160502_GJ,25.2,10.5,19.2,78.6,45,0
20160502_GN,24.077272726999997,11.686363636,18.763636364,76.98636363600001,92,0
20160502_GW,25.716666667,15.611111111,17.516666667,64.95,48,0
20160502_IC,26.97,9.99,20.35,79.49,53,0
20160502_JB,25.933333333,13.826666667000001,19.106666667,68.14,127,0
20160502_JJ,23.1,6.05,20.15,76.2,19,0
20160502_JN,23.081818182,9.904545454500001,18.254545455,85.713636364,80,0
20160502_SU,28.4,11.9,21.1,64.5,304,0
20160502_US,25.6,13.9,20.1,63.5,27,0
20160503_BS,19.5,5.1,16.4,77.5,88,0
20160503_CB,18.86,9.02,14.326666667000001,81.04,38,0
20160503_CN,18.95625,8.06875,14.2125,86.40625,63,0
20160503_DG,21.4,6.8,17.6,71.1,72,0
20160503_DJ,18.5,7.9,14.3,87.4,24,0
20160503_GB,20.366666667,8.275,15.995833333,74.954166667,71,0
20160503_GG,18.05952381,8.685714285700001,13.357142857000001,89.20952381,238,0
20160503_GJ,19.7,6.9,15.5,85.6,29,0
20160503_GN,20.736363636,6.6,16.722727273,72.227272727,61,0
20160503_GW,20.155555556,9.9388888889,14.666666667000001,77.033333333,52,0
20160503_IC,17.34,7.59,13.08,95.08,42,0
20160503_JB,19.753333333,8.1933333333,15.046666667,78.78,98,0
20160503_JJ,21.25,6.65,17.55,74.95,20,0
20160503_JN,19.422727273,6.545454545499999,15.65,82.65,53,0
20160503_SU,17.6,8.7,12.9,86.1,240,0
20160503_US,21.3,6.3,17.4,72.1,12,0
20160504_BS,26.0,11.9,19.8,37.6,81,0
20160504_CB,22.16,10.593333333,16.82,33.893333333,51,0
20160504_CN,21.99375,10.975,16.0125,53.98125,81,0
20160504_DG,25.0,10.3,19.5,31.8,85,0
20160504_DJ,23.0,10.5,17.1,46.4,41,0
20160504_GB,23.491666666999997,10.5,18.279166667000002,29.4875,81,0
20160504_GG,20.578571429,9.9738095238,15.733333333,46.82857142899999,265,0
20160504_GJ,22.6,11.7,16.6,65.1,48,0
20160504_GN,25.486363636,12.390909091,19.027272727,32.745454545,72,0
20160504_GW,20.433333333,10.144444444,15.916666667000001,38.827777778000005,53,0
20160504_IC,18.59,7.32,15.34,59.91,54,0
20160504_JB,21.313333333,11.246666667000001,15.286666667,57.853333333,80,0
20160504_JJ,23.85,8.25,19.4,50.35,12,0
20160504_JN,22.113636364,11.813636364,16.322727272999998,62.863636363999994,62,0
20160504_SU,20.6,10.4,15.7,46.6,256,0
20160504_US,24.7,9.9,19.7,28.9,16,0
20160505_BS,25.0,10.7,19.0,46.3,7,0
20160505_CB,27.32,19.046666667,18.82,41.693333333000005,1,0
20160505_CN,26.64375,19.5,18.39375,57.56875,5,0
20160505_DG,28.0,16.3,20.3,35.9,5,0
20160505_DJ,27.9,18.7,19.6,51.8,3,0
20160505_GB,26.729166666999998,16.133333333,18.9125,36.008333333,3,0
20160505_GG,26.492857143000002,17.992857143,18.288095238,54.757142857,15,0
20160505_GJ,26.9,16.5,18.5,64.1,0,0
20160505_GN,24.877272726999998,14.877272727000001,17.772727273,44.904545455,4,0
20160505_GW,25.522222221999996,16.066666667,17.433333333,43.188888889,2,0
20160505_IC,25.31,15.02,17.88,63.91,0,0
20160505_JB,27.266666667,19.6,18.493333333,53.42,2,0
20160505_JJ,22.35,6.95,18.45,72.1,0,0
20160505_JN,24.022727273,14.431818182,17.372727273,67.945454545,1,0
20160505_SU,26.9,16.7,18.9,50.8,11,0
20160505_US,26.3,11.9,20.2,30.6,2,0
20160506_BS,19.2,3.3,17.3,93.4,60,0
20160506_CB,24.8,10.833333332999999,19.006666667,66.733333333,33,0
20160506_CN,22.79375,10.8125,17.7,83.63125,43,0
20160506_DG,24.0,5.6,20.5,74.3,53,0
20160506_DJ,26.2,11.7,20.5,73.1,28,0
20160506_GB,23.9625,8.3,19.395833333,69.3375,44,0
20160506_GG,18.95952381,6.3833333333,16.230952380999998,90.085714286,145,0
20160506_GJ,25.2,10.3,19.9,81.5,19,0
20160506_GN,20.295454545,4.8045454544999995,17.795454545,87.57727272700001,42,0
20160506_GW,20.688888889,8.461111111100001,15.994444444,78.622222222,30,0
20160506_IC,18.63,6.5,14.78,96.76,36,0
20160506_JB,26.0,13.133333333,19.313333333,76.126666667,68,0
20160506_JJ,21.55,5.7,18.05,93.5,9,0
20160506_JN,23.177272727,8.4409090909,18.681818182,87.26818181799999,50,0
20160506_SU,18.6,5.6,16.3,89.3,156,0
20160506_US,19.8,3.6,17.8,89.8,11,0
20160507_BS,25.2,9.1,20.0,55.6,24,0
20160507_CB,23.046666666999997,12.386666667,16.346666667,52.1,12,0
20160507_CN,22.41875,13.7875,15.05625,66.64375,16,0
20160507_DG,25.5,10.3,19.8,43.3,26,0
20160507_DJ,24.6,13.3,17.1,57.9,5,0
20160507_GB,24.8125,12.133333333,18.333333333,44.254166667,14,0
20160507_GG,22.407142856999997,12.592857143,15.819047619000001,64.97380952399999,58,0
20160507_GJ,23.3,11.8,17.3,43.4,6,0
20160507_GN,25.181818181999997,11.95,18.809090909000002,52.231818182,36,0
20160507_GW,23.483333333,12.388888889,16.55,55.033333333,3,0
20160507_IC,19.35,8.74,15.33,77.77,11,0
20160507_JB,22.053333333,12.386666667,15.226666667,63.36,22,0
20160507_JJ,21.0,6.0,17.85,66.2,1,0
20160507_JN,23.122727273000002,11.390909091,17.018181818,53.077272727,16,0
20160507_SU,22.6,11.9,16.5,60.3,63,0
20160507_US,24.9,10.6,19.7,47.0,2,0
20160508_BS,23.1,6.9,19.2,41.9,0,0
20160508_CB,26.82,18.373333332999998,18.253333333,47.42,1,0
20160508_CN,25.8375,17.9625,17.29375,60.55,1,0
20160508_DG,26.1,15.6,18.7,51.6,1,0
20160508_DJ,27.5,17.7,19.1,52.0,0,0
20160508_GB,24.595833333,15.758333333,17.108333333,53.241666667,2,0
20160508_GG,26.466666667,16.297619047999998,18.602380952,52.271428571,5,0
20160508_GJ,25.4,14.5,18.9,43.9,0,0
20160508_GN,23.740909091,12.731818182,17.736363636,48.895454545,3,0
20160508_GW,24.577777778,15.283333333,17.238888889000002,57.45,2,0
20160508_IC,24.32,11.96,18.13,65.19,2,0
20160508_JB,26.0,18.213333332999998,17.246666667,57.426666667,2,0
20160508_JJ,23.45,9.05,18.0,64.3,0,0
20160508_JN,23.75,13.972727273,17.636363636,54.259090908999994,1,0
20160508_SU,26.8,15.2,19.4,44.8,9,0
20160508_US,22.3,8.9,17.8,51.5,0,0
20160509_BS,22.3,6.2,18.6,64.9,103,0
20160509_CB,26.26,13.18,19.426666667,46.406666666999996,42,0
20160509_CN,25.275,12.75625,18.25,60.0625,69,0
20160509_DG,24.9,9.8,19.9,52.0,76,0
20160509_DJ,26.6,12.0,20.0,53.9,36,0
20160509_GB,23.654166667,10.925,18.1875,55.691666667,75,0
20160509_GG,25.645238095,11.104761905,19.716666667000002,51.411904762,233,0
20160509_GJ,19.4,3.8,17.1,70.6,43,0
20160509_GN,22.818181818000003,8.3,18.077272727,61.359090908999995,72,0
20160509_GW,24.316666667,11.477777778,17.95,57.155555556,55,0
20160509_IC,22.14,7.04,18.22,71.28,53,0
20160509_JB,22.94,8.4,17.54,62.726666666999996,100,0
20160509_JJ,17.7,2.8,15.8,93.9,20,0
20160509_JN,19.559090909000002,4.7090909091,16.686363636,75.768181818,74,0
20160509_SU,25.4,9.1,20.2,43.0,259,0
20160509_US,23.1,8.5,18.4,59.5,19,0
20160510_BS,17.2,4.1,15.1,92.8,62,0
20160510_CB,17.993333333,6.08,13.7,84.38,31,0
20160510_CN,16.46875,4.35,13.81875,92.075,44,0
20160510_DG,20.1,8.1,14.5,90.9,51,0
20160510_DJ,17.7,5.2,14.1,91.3,37,0
20160510_GB,17.933333333,6.2666666667,13.716666667,88.566666667,66,0
20160510_GG,18.233333333,5.3952380952,14.607142857000001,83.302380952,206,0
20160510_GJ,16.1,2.4,14.6,98.8,39,0
20160510_GN,17.268181818,4.6090909091,14.704545455,90.77727272700001,60,0
20160510_GW,16.483333333,5.2388888889,12.877777777999999,86.166666667,25,0
20160510_IC,16.87,4.32,14.02,94.33,38,0
20160510_JB,15.853333333,3.5866666667000002,13.66,91.95333333299999,60,0
20160510_JJ,16.45,2.6,15.2,95.45,22,0
20160510_JN,16.127272727,2.9681818181999997,14.431818182,95.44090909100001,68,0
20160510_SU,18.1,5.6,14.5,82.4,252,0
20160510_US,17.5,5.5,14.2,95.5,10,0
20160511_BS,18.7,5.5,15.1,81.4,77,0
20160511_CB,23.02,11.753333332999999,16.5,67.486666667,31,0
20160511_CN,22.275,11.40625,15.80625,77.975,54,0
20160511_DG,23.4,10.9,17.2,74.3,67,0
20160511_DJ,23.3,11.4,17.0,75.9,39,0
20160511_GB,21.295833333,10.066666667,15.3875,74.145833333,75,0
20160511_GG,23.402380951999998,12.904761905,16.385714286,65.43333333300001,225,0
20160511_GJ,24.0,11.0,17.1,77.1,32,0
20160511_GN,21.286363636,8.95,15.722727273,77.027272727,68,0
20160511_GW,21.133333333,11.355555555999999,15.194444444,68.622222222,50,0
20160511_IC,20.18,8.85,15.22,81.66,44,0
20160511_JB,22.033333333,10.146666667,15.933333333,75.326666667,77,0
20160511_JJ,19.5,6.1,15.65,84.2,14,0
20160511_JN,21.563636364,8.890909090900001,16.122727273,81.536363636,61,0
20160511_SU,23.5,13.1,16.4,60.9,225,0
20160511_US,18.9,7.0,14.4,87.6,14,0
20160512_BS,23.5,9.8,18.3,64.6,56,0
20160512_CB,25.866666666999997,15.293333333,18.306666667000002,61.253333333,29,0
20160512_CN,23.4625,13.18125,16.99375,76.73125,45,0
20160512_DG,27.4,15.2,19.6,60.3,59,0
20160512_DJ,25.7,14.0,18.8,69.3,31,0
20160512_GB,26.8,16.3125,18.704166667,61.791666667,68,0
20160512_GG,24.228571429000002,13.223809524000002,17.464285714000003,67.457142857,230,0
20160512_GJ,26.2,13.6,19.0,72.3,37,0
20160512_GN,24.713636364,12.659090909000001,18.004545455,65.413636364,74,0
20160512_GW,25.172222222,14.105555555999999,18.577777777999998,56.255555556000004,35,0
20160512_IC,20.28,8.35,15.8,88.62,37,0
20160512_JB,25.473333333000003,14.166666667000001,18.106666667,70.166666667,80,0
20160512_JJ,20.95,7.6,17.1,78.95,12,0
20160512_JN,23.940909090999998,12.086363636,17.659090909,77.495454545,49,0
20160512_SU,24.0,11.9,17.8,62.4,220,0
20160512_US,25.8,14.5,18.7,59.4,9,0
20160513_BS,21.7,6.8,17.7,69.1,78,0
20160513_CB,22.906666667,10.113333333,17.18,60.36,30,0
20160513_CN,22.0375,9.35625,16.46875,72.3375,54,0
20160513_DG,22.2,9.5,16.7,71.0,55,0
20160513_DJ,22.5,8.4,17.6,68.3,31,0
20160513_GB,21.95,11.779166667,15.908333333,66.1875,61,0
20160513_GG,24.84047619,12.273809524,17.892857143,61.864285714,183,0
20160513_GJ,23.3,8.8,18.3,71.6,23,0
20160513_GN,23.304545455,10.918181817999999,17.209090909,69.086363636,59,0
20160513_GW,22.594444444,11.888888889,16.355555556,57.461111111,33,0
20160513_IC,23.12,11.03,17.26,67.06,52,0
20160513_JB,21.853333333000002,9.1933333333,16.233333333,75.94,81,0
20160513_JJ,19.95,5.85,16.9,78.55,11,0
20160513_JN,22.0,8.609090909099999,17.159090909,77.713636364,51,0
20160513_SU,25.4,12.7,18.6,57.0,189,0
20160513_US,22.1,10.5,16.0,70.3,12,0
20160514_BS,21.3,8.2,16.9,66.3,7,0
20160514_CB,25.866666666999997,14.673333332999999,18.833333333,46.226666666999996,2,0
20160514_CN,25.2875,13.63125,18.66875,63.1875,12,0
20160514_DG,23.1,14.0,16.3,68.6,3,0
20160514_DJ,26.5,13.0,20.3,56.0,0,0
20160514_GB,22.429166666999997,14.829166667,15.3125,64.595833333,5,0
20160514_GG,26.702380952,12.954761905,19.628571429,50.45952381,12,0
20160514_GJ,26.4,12.4,20.1,60.8,1,0
20160514_GN,23.663636364000002,12.5,17.154545455,64.804545455,5,0
20160514_GW,24.133333333000003,15.666666667000001,16.433333333,56.283333333,2,0
20160514_IC,24.93,9.77,18.95,61.86,4,0
20160514_JB,26.02,14.053333333,18.56,64.92,11,0
20160514_JJ,21.55,5.5,18.25,76.95,1,0
20160514_JN,23.495454545,10.354545455,18.290909091,69.577272727,7,0
20160514_SU,26.9,11.8,20.2,47.1,9,0
20160514_US,19.2,8.1,15.2,77.3,2,0
20160515_BS,23.1,8.9,19.0,84.6,2,0
20160515_CB,26.073333333,13.893333333,19.053333333,65.62,0,0
20160515_CN,24.78125,12.70625,17.625,81.04375,2,0
20160515_DG,25.1,14.0,19.8,74.3,2,0
20160515_DJ,26.2,12.0,19.7,73.8,1,0
20160515_GB,25.341666667,15.15,18.820833333,69.87916666699999,2,0
20160515_GG,24.723809524,12.214285714,17.357142857,77.05952381,7,0
20160515_GJ,25.0,12.1,19.3,81.6,0,0
20160515_GN,23.222727273,10.890909091,18.663636364000002,81.94090909100001,2,0
20160515_GW,22.283333333,11.144444444000001,16.311111111,73.71111111100001,0,0
20160515_IC,22.84,10.7,16.41,86.68,1,0
20160515_JB,24.64,12.786666667,18.466666667000002,75.68,3,0
20160515_JJ,26.2,11.0,20.8,80.35,0,0
20160515_JN,23.304545455,10.013636364,18.622727273,86.336363636,1,0
20160515_SU,24.2,11.9,17.4,73.9,9,0
20160515_US,24.3,13.2,19.2,85.4,0,0
20160516_BS,20.0,8.5,15.6,77.4,87,0
20160516_CB,21.84,12.66,15.033333333,53.48,31,0
20160516_CN,21.39375,11.60625,14.94375,69.6125,63,0
20160516_DG,22.5,11.9,15.9,63.1,62,0
20160516_DJ,22.2,12.2,15.9,59.4,40,0
20160516_GB,21.9875,12.1,15.408333333,57.4375,85,0
20160516_GG,21.873809524000002,11.292857142999999,15.607142857000001,62.576190476,220,0
20160516_GJ,21.9,11.9,15.6,60.6,55,0
20160516_GN,22.186363636,12.090909090999999,15.968181818,61.359090908999995,68,0
20160516_GW,22.216666667,11.622222222000001,16.266666667,47.7,49,0
20160516_IC,18.3,6.85,14.66,77.84,40,0
20160516_JB,20.673333333,11.74,14.126666667,66.106666667,114,0
20160516_JJ,21.05,8.1,16.55,59.35,23,0
20160516_JN,21.222727273,11.390909091,15.059090909000002,65.759090909,71,0
20160516_SU,21.9,11.1,15.9,57.0,249,0
20160516_US,21.6,10.7,16.1,71.4,14,0
20160517_BS,25.3,12.6,18.6,36.5,97,0
20160517_CB,27.106666667,18.753333333,17.993333333,50.433333333,37,0
20160517_CN,26.0125,17.31875,17.49375,69.5625,47,0
20160517_DG,27.4,19.2,18.5,53.3,72,0
20160517_DJ,27.0,16.3,19.1,56.3,42,0
20160517_GB,26.729166666999998,18.691666667,17.816666667,46.825,55,0
20160517_GG,26.688095238000002,17.021428570999998,18.335714285999998,57.407142857,240,0
20160517_GJ,27.9,17.4,19.2,57.5,46,0
20160517_GN,27.236363636,18.890909090999997,17.640909090999997,48.031818181999995,51,0
20160517_GW,27.272222221999996,17.911111111,18.616666667,47.38888888899999,46,0
20160517_IC,23.73,12.37,17.45,71.27,50,0
20160517_JB,26.066666667,18.073333333,17.346666667,61.133333333,90,0
20160517_JJ,24.55,11.0,19.35,42.15,22,0
20160517_JN,26.445454545,17.045454545,17.868181818,64.731818182,61,0
20160517_SU,26.6,15.7,19.3,48.8,246,0
20160517_US,24.8,16.5,17.4,47.3,9,0
20160518_BS,26.8,12.1,20.2,42.6,68,0
20160518_CB,29.713333333,18.98,20.626666667000002,49.093333333000004,28,0
20160518_CN,29.0875,18.075,20.3625,60.1,64,0
20160518_DG,31.1,19.3,21.8,52.1,55,0
20160518_DJ,29.8,17.8,21.5,55.1,26,0
20160518_GB,29.725,18.695833333,20.2875,48.958333333,63,0
20160518_GG,29.642857143,17.492857143,21.169047619,51.297619048,208,0
20160518_GJ,31.1,17.5,22.6,55.8,39,0
20160518_GN,29.259090909,18.018181818,19.904545455,51.190909091,57,0
20160518_GW,29.016666667,16.811111111,20.3,49.13888888899999,39,0
20160518_IC,27.09,12.7,20.74,57.07,57,0
20160518_JB,29.673333333000002,18.693333332999998,20.353333333,58.446666666999995,65,0
20160518_JJ,24.6,9.35,20.05,49.75,10,0
20160518_JN,28.85,16.604545455,20.572727272999998,63.181818182,56,0
20160518_SU,29.5,16.0,22.3,40.3,245,0
20160518_US,27.1,14.6,19.5,51.0,12,0
20160519_BS,25.5,10.3,20.5,54.3,62,0
20160519_CB,31.08,18.326666667,21.926666667,44.486666667,37,0
20160519_CN,30.5625,17.6,21.2,59.36875,49,0
20160519_DG,29.9,17.8,20.8,49.4,40,0
20160519_DJ,31.3,16.7,23.3,51.1,33,0
20160519_GB,28.208333333000002,17.291666667,19.0625,53.2375,63,0
20160519_GG,31.511904761999997,17.264285714,23.1,44.823809524,185,0
20160519_GJ,29.3,12.8,22.1,56.5,36,0
20160519_GN,28.263636364,16.159090909,19.468181817999998,55.9,64,0
20160519_GW,29.316666667,17.333333333,20.283333332999998,49.05,37,0
20160519_IC,29.35,13.12,23.47,48.97,60,0
20160519_JB,28.693333333,15.573333332999999,20.066666667,57.146666667,85,0
20160519_JJ,24.15,7.1,19.85,62.05,15,0
20160519_JN,26.895454545,12.45,20.059090909000002,63.145454545,46,0
20160519_SU,31.9,15.6,24.3,36.4,241,0
20160519_US,26.2,14.1,19.1,54.4,6,0
20160520_BS,25.5,8.7,20.7,61.4,72,0
20160520_CB,29.906666667,17.646666667,21.44,40.253333333,36,0
20160520_CN,29.025,16.475,20.6375,61.30625,57,0
20160520_DG,29.6,17.7,20.0,55.3,69,0
20160520_DJ,30.1,15.6,22.7,48.0,45,0
20160520_GB,26.620833333,16.866666667,18.191666667,58.166666667,55,0
20160520_GG,30.995238095,15.852380952,22.864285714,43.864285714,175,0
20160520_GJ,30.0,15.2,22.9,51.9,37,0
20160520_GN,27.790909091,15.059090909000002,20.127272727,58.05,49,0
20160520_GW,26.583333333000002,15.9,18.205555556,51.722222222,42,0
20160520_IC,27.59,10.42,22.08,61.0,44,0
20160520_JB,29.133333333000003,17.373333332999998,20.426666667,55.853333333,62,0
20160520_JJ,25.05,9.5,20.85,61.4,14,0
20160520_JN,28.195454545,14.931818182,20.990909091,59.545454545,49,0
20160520_SU,31.6,14.8,24.0,32.0,177,0
20160520_US,25.4,12.4,18.6,71.5,9,0
20160521_BS,26.0,9.4,21.0,43.4,21,0
20160521_CB,28.993333333000002,16.626666667000002,21.053333333,36.873333333000005,7,0
20160521_CN,29.13125,15.56875,21.44375,50.99375,22,0
20160521_DG,27.2,15.8,19.4,54.8,14,0
20160521_DJ,29.4,13.1,23.1,36.8,8,0
20160521_GB,26.683333333,17.004166667,18.170833333,52.825,17,0
20160521_GG,30.026190476,14.176190475999999,23.004761905,32.580952380999996,45,0
20160521_GJ,30.5,13.5,23.7,41.6,16,0
20160521_GN,27.704545455,14.4,20.159090909,52.240909091000006,20,0
20160521_GW,26.788888889000003,17.411111111,18.238888889000002,50.533333333,12,0
20160521_IC,29.0,10.4,23.85,35.8,18,0
20160521_JB,29.16,15.373333333,21.38,51.66,25,0
20160521_JJ,23.95,5.45,21.0,65.5,3,0
20160521_JN,28.363636364,13.154545455,21.613636364,52.895454545,28,0
20160521_SU,30.4,12.6,24.1,23.8,55,0
20160521_US,25.2,13.1,18.8,58.8,6,0
20160522_BS,26.0,8.9,20.9,49.9,0,0
20160522_CB,29.84,18.086666667,21.266666667,39.086666666999996,2,0
20160522_CN,29.7125,17.025,21.18125,50.65625,1,0
20160522_DG,27.4,16.9,19.2,51.6,1,0
20160522_DJ,30.3,16.6,22.6,41.8,0,0
20160522_GB,26.6375,17.516666667,17.995833333,54.7375,3,0
20160522_GG,30.854761905,14.888095238,23.314285714,41.271428571,4,0
20160522_GJ,30.3,13.4,23.5,44.9,1,0
20160522_GN,27.963636364,14.877272727000001,20.027272727,52.459090909,1,0
20160522_GW,27.622222221999998,16.85,19.122222222,53.333333333,1,0
20160522_IC,28.49,9.59,23.17,43.3,0,0
20160522_JB,29.466666667,16.393333333,21.206666667,49.813333333,0,0
20160522_JJ,23.1,4.15,20.9,68.5,0,0
20160522_JN,27.786363636,11.790909091,21.554545455,53.704545455,1,0
20160522_SU,31.7,14.1,24.7,35.0,9,0
20160522_US,25.2,12.9,18.2,57.6,0,0
20160523_BS,24.4,8.7,19.5,68.5,89,0
20160523_CB,29.626666667,17.026666667,21.706666666999997,42.653333333,42,0
20160523_CN,28.8125,15.725,21.34375,57.1625,66,0
20160523_DG,30.6,19.4,21.7,50.5,71,0
20160523_DJ,30.4,15.4,23.1,48.3,45,0
20160523_GB,27.6625,18.441666667,19.404166667000002,54.795833333000004,87,0
20160523_GG,28.947619048000004,12.730952381,22.295238095,49.13095238100001,231,0
20160523_GJ,29.5,12.6,23.2,52.0,40,0
20160523_GN,27.168181818,14.545454545,20.304545455,59.159090909,82,0
20160523_GW,26.422222222,14.677777778,19.533333332999998,60.1,44,0
20160523_IC,25.93,8.75,20.79,66.19,43,0
20160523_JB,29.246666667,15.446666667,21.96,52.733333333000004,119,0
20160523_JJ,26.65,7.35,22.65,65.35,17,0
20160523_JN,27.081818182,11.763636364000002,21.568181818000003,61.968181818000005,92,0
20160523_SU,29.4,11.1,23.3,43.0,254,0
20160523_US,25.1,13.5,18.8,79.5,19,0
20160524_BS,20.7,2.2,19.3,87.9,81,0
20160524_CB,20.98,6.3133333333,17.653333333,79.72,32,0
20160524_CN,20.74375,6.33125,17.3375,88.0,48,0
20160524_DG,22.7,6.8,19.8,84.1,61,0
20160524_DJ,21.9,6.4,18.3,84.1,30,0
20160524_GB,21.6125,6.575,18.625,81.1,65,0
20160524_GG,21.073809524,6.7547619048000005,16.616666667,87.76666666700001,192,0
20160524_GJ,21.4,5.3,18.8,88.3,43,0
20160524_GN,20.990909091,4.6181818182,19.090909091,88.73636363600001,46,0
20160524_GW,21.733333333,7.3722222222000005,17.455555556,78.46111111100001,48,0
20160524_IC,19.3,4.81,15.72,96.53,49,0
20160524_JB,21.433333333,7.2266666667,17.553333333,86.166666667,82,0
20160524_JJ,22.15,5.0,19.1,91.95,16,0
20160524_JN,21.154545455,5.404545454500001,18.518181818,90.131818182,61,0
20160524_SU,21.8,6.4,16.8,82.6,232,0
20160524_US,22.0,5.5,19.4,90.6,17,0
20160525_BS,23.8,7.4,19.9,71.9,88,0
20160525_CB,25.2,12.88,18.453333333,71.993333333,30,0
20160525_CN,24.1,10.55625,18.58125,82.38125,43,0
20160525_DG,28.0,14.2,21.3,68.0,59,0
20160525_DJ,25.5,13.1,19.5,74.8,36,0
20160525_GB,27.1375,13.9875,19.741666667,64.733333333,63,0
20160525_GG,24.097619048000002,9.935714285700001,19.266666667,74.202380952,213,0
20160525_GJ,26.9,13.0,20.4,73.5,35,0
20160525_GN,26.736363636,12.454545455,19.871428571,69.89047619,71,0
20160525_GW,24.983333333,11.0,19.6,61.055555556,31,0
20160525_IC,21.91,6.44,18.33,93.02,40,0
20160525_JB,25.62,13.28,18.686666667,74.2,82,0
20160525_JJ,22.45,6.05,19.2,78.05,19,0
20160525_JN,25.763636364,11.727272727,19.686363636,76.327272727,55,0
20160525_SU,24.4,9.1,19.7,67.9,234,0
20160525_US,25.5,9.9,20.2,74.0,10,0
20160526_BS,26.0,8.1,22.1,61.9,71,0
20160526_CB,25.253333333,10.24,20.1,69.44,35,0
20160526_CN,24.375,9.63125,19.575,79.8625,46,0
20160526_DG,28.2,12.7,22.6,66.1,43,0
20160526_DJ,26.4,10.8,21.0,74.0,50,0
20160526_GB,27.5625,13.333333332999999,21.220833332999998,63.579166666999996,73,0
20160526_GG,23.402380951999998,6.7380952381,19.319047619000003,76.397619048,198,0
20160526_GJ,28.4,11.5,21.9,68.9,47,0
20160526_GN,27.931818181999997,13.277272727,21.395454545,66.518181818,53,0
20160526_GW,23.7,7.3611111111000005,19.705555556,70.133333333,36,0
20160526_IC,20.11,4.06,17.88,95.39,63,0
20160526_JB,26.1,11.686666667,20.233333333,71.66,92,0
20160526_JJ,23.4,5.9,20.4,72.5,13,0
20160526_JN,26.809090909000002,11.136363635999999,21.054545455,73.577272727,76,0
20160526_SU,22.9,5.4,19.4,72.0,222,0
20160526_US,27.6,11.5,22.2,63.9,6,0
20160527_BS,26.7,5.9,23.0,52.6,71,0
20160527_CB,28.686666666999997,12.853333333,21.766666667,54.293333333,35,0
20160527_CN,27.9875,12.23125,20.85,69.21875,47,0
20160527_DG,29.1,7.8,24.3,54.6,71,0
20160527_DJ,29.1,11.2,22.9,58.4,50,0
20160527_GB,27.3125,10.2375,21.904166667,57.129166667,56,0
20160527_GG,27.254761905,12.733333333,20.707142857,66.714285714,185,0
20160527_GJ,29.6,10.5,23.3,63.5,31,0
20160527_GN,28.695454545,9.6454545455,22.963636364,56.759090908999994,64,0
20160527_GW,26.038888889000003,11.194444444,19.888888889,63.872222222,36,0
20160527_IC,24.45,9.05,19.45,87.64,45,0
20160527_JB,28.806666667,11.766666667,22.006666666999998,62.013333333,68,0
20160527_JJ,22.6,5.15,19.15,86.1,19,0
20160527_JN,27.613636364,9.2590909091,22.018181818000002,71.904545455,60,0
20160527_SU,27.1,12.3,20.9,61.3,186,0
20160527_US,25.4,5.4,22.3,57.1,16,0
20160528_BS,24.1,4.9,21.0,65.5,14,0
20160528_CB,27.966666667,11.633333333,21.22,52.773333333000004,10,0
20160528_CN,26.3375,10.85,20.04375,68.175,15,0
20160528_DG,29.2,10.0,23.5,50.6,18,0
20160528_DJ,28.0,9.8,22.0,57.5,7,0
20160528_GB,28.783333333,12.375,21.804166666999997,54.375,21,0
20160528_GG,27.471428571,11.883333333,20.769047619000002,63.378571429,61,0
20160528_GJ,26.9,9.5,21.5,65.1,13,0
20160528_GN,26.459090909,9.109090909099999,20.972727273,68.58181818199999,27,0
20160528_GW,28.833333333000002,13.7,21.444444444000002,54.761111111000005,11,0
20160528_IC,23.8,8.52,19.16,79.01,18,0
20160528_JB,26.32,9.8733333333,20.046666667,62.546666667,23,0
20160528_JJ,22.4,5.55,18.65,85.45,3,0
20160528_JN,24.75,7.3272727273000005,20.168181818,77.2,17,0
20160528_SU,28.0,10.8,21.7,56.1,71,0
20160528_US,26.8,9.1,21.9,62.9,6,0
20160529_BS,25.4,7.5,20.0,75.4,1,0
20160529_CB,26.6,10.813333333,20.313333333,54.82,0,0
20160529_CN,26.1125,11.09375,19.7,70.45625,2,0
20160529_DG,28.6,11.0,22.8,57.8,2,0
20160529_DJ,26.9,9.4,21.1,60.8,1,0
20160529_GB,27.6,12.179166667,20.783333332999998,61.220833333,1,0
20160529_GG,27.126190475999998,11.15952381,20.642857143,62.530952381000006,6,0
20160529_GJ,26.7,9.4,20.7,69.4,1,0
20160529_GN,26.127272726999998,9.640909090900001,20.195454545,76.231818182,2,0
20160529_GW,27.066666667,12.038888889,20.3,61.711111111,1,0
20160529_IC,24.44,8.39,19.55,84.47,0,0
20160529_JB,25.24,10.073333332999999,19.173333333,72.21333333300001,2,0
20160529_JJ,19.25,2.45,17.6,94.15,0,0
20160529_JN,25.281818182,8.2454545455,19.890909090999997,77.381818182,1,0
20160529_SU,27.6,10.4,21.5,56.1,12,0
20160529_US,26.7,10.0,21.1,65.8,0,0
20160530_BS,26.6,7.3,22.4,62.3,82,0
20160530_CB,28.893333333,15.213333333,21.426666667,55.246666667,38,0
20160530_CN,27.96875,14.8125,20.4,72.8625,65,0
20160530_DG,32.3,16.0,24.6,52.9,65,0
20160530_DJ,29.4,15.0,22.0,66.0,36,0
20160530_GB,28.016666667,13.516666667,21.4625,60.416666667,72,0
20160530_GG,28.523809524,13.366666667,21.39047619,64.25952381,216,0
20160530_GJ,29.9,14.6,22.3,61.9,38,0
20160530_GN,31.013636364,15.422727273,22.477272727,60.240909091000006,97,0
20160530_GW,27.122222221999998,13.416666667000001,19.977777778,64.261111111,44,0
20160530_IC,24.68,7.6,20.42,83.85,49,0
20160530_JB,27.513333333000002,14.413333332999999,20.193333332999998,70.313333333,104,0
20160530_JJ,25.55,9.6,21.0,69.55,14,0
20160530_JN,28.827272726999997,13.636363635999999,21.736363636,67.68636363600001,82,0
20160530_SU,28.9,12.0,22.1,57.3,235,0
20160530_US,26.8,9.1,21.4,72.5,13,0
20160531_BS,30.5,12.7,23.8,55.1,81,0
20160531_CB,28.313333333000003,12.993333332999999,21.78,58.246666667,41,0
20160531_CN,26.25,11.3625,20.36875,76.68125,42,0
20160531_DG,30.8,11.4,25.2,47.1,58,0
20160531_DJ,27.9,11.7,22.0,64.9,35,0
20160531_GB,30.025,14.045833333,22.833333333000002,53.066666667,60,0
20160531_GG,27.321428571,11.34047619,20.938095238,71.48095238100001,210,0
20160531_GJ,28.6,11.9,22.1,60.8,38,0
20160531_GN,30.290909091,15.168181817999999,22.854545455,58.622727273,49,0
20160531_GW,27.616666666999997,12.711111111,20.994444444000003,58.333333333,38,0
20160531_IC,23.08,6.63,19.34,91.33,36,0
20160531_JB,26.853333333000002,12.673333332999999,20.546666667,67.226666667,66,0
20160531_JJ,25.1,7.65,21.15,58.7,15,0
20160531_JN,27.05,10.977272727,21.413636364000002,66.0,63,0
20160531_SU,27.6,10.2,21.6,63.6,226,0
20160531_US,30.3,13.1,24.0,54.3,10,0
20160601_BS,23.6,6.3,20.7,53.5,652,0
20160601_CB,27.686666666999997,11.16,21.88,49.233333333000004,126,0
20160601_CN,28.04375,11.50625,21.6,68.4125,287,0
20160601_DG,25.1,8.5,20.6,52.0,281,0
20160601_DJ,28.4,9.9,22.9,59.1,214,0
20160601_GB,25.1,10.75,19.75,53.070833333,354,0
20160601_GG,29.20952381,12.75952381,22.602380951999997,54.285714286,934,0
20160601_GJ,28.8,10.4,22.5,66.6,209,0
20160601_GN,26.122727273000002,9.640909090900001,21.304545455,52.23636363600001,461,0
20160601_GW,26.033333333,11.866666667,19.861111111,53.772222221999996,106,0
20160601_IC,27.57,11.05,22.35,64.65,170,0
20160601_JB,27.526666666999997,10.966666667,21.353333333,68.34,388,0
20160601_JJ,22.75,4.6,20.4,68.85,29,0
20160601_JN,26.845454545,8.9363636364,21.768181818000002,66.604545455,249,0
20160601_SU,29.9,12.8,23.3,45.8,604,0
20160601_US,21.6,6.4,19.1,63.5,138,0
20160602_BS,24.0,8.3,19.8,60.5,84,0
20160602_CB,28.846666666999997,15.706666667,21.5,44.273333333000004,28,0
20160602_CN,27.38125,12.74375,20.8625,71.0125,66,0
20160602_DG,28.0,15.7,20.8,54.8,49,0
20160602_DJ,29.3,14.2,22.5,51.1,39,0
20160602_GB,26.875,16.45,19.258333333,53.433333333,67,0
20160602_GG,28.788095238,13.054761905,22.416666666999998,47.504761905,218,0
20160602_GJ,28.4,10.2,22.0,70.8,51,0
20160602_GN,26.736363636,13.790909091,19.586363635999998,56.240909091000006,78,0
20160602_GW,26.8,15.583333332999999,19.561111111,51.166666667,39,0
20160602_IC,25.49,7.54,21.58,66.42,58,0
20160602_JB,27.586666667,12.833333332999999,20.733333333,67.82,100,0
20160602_JJ,24.25,7.15,20.7,55.75,19,0
20160602_JN,25.940909090999998,9.7681818182,20.513636364,69.495454545,68,0
20160602_SU,29.1,11.9,23.2,38.3,260,0
20160602_US,23.8,11.4,18.7,65.9,12,0
20160603_BS,25.7,8.9,21.1,49.4,87,0
20160603_CB,28.726666666999996,13.913333332999999,21.78,53.206666667,26,0
20160603_CN,28.01875,12.73125,21.31875,67.7,56,0
20160603_DG,31.2,15.3,23.9,44.8,70,0
20160603_DJ,29.0,11.9,22.7,60.1,26,0
20160603_GB,29.716666667,16.604166667,21.975,50.833333333,71,0
20160603_GG,27.816666667,11.94047619,21.714285714000003,55.688095238,190,0
20160603_GJ,28.6,12.0,22.7,61.8,40,0
20160603_GN,28.204545455,14.027272727,21.313636364,55.731818182,62,0
20160603_GW,28.383333333000003,14.188888889000001,21.994444444000003,51.105555556000006,42,0
20160603_IC,24.44,8.27,20.21,70.86,49,0
20160603_JB,28.433333333,13.726666667,21.786666667,62.186666667,69,0
20160603_JJ,26.75,8.15,22.5,58.25,20,0
20160603_JN,26.8,11.809090909000002,21.204545455,65.654545455,70,0
20160603_SU,27.7,10.1,22.2,48.1,219,0
20160603_US,28.2,14.4,22.3,51.4,10,0
20160604_BS,23.8,7.2,19.7,78.8,14,0
20160604_CB,23.113333333000003,6.7533333333000005,19.706666667,62.273333333000004,8,0
20160604_CN,21.58125,5.35,19.05625,79.50625,18,0
20160604_DG,23.0,5.6,20.5,71.0,16,0
20160604_DJ,22.0,4.9,19.9,77.0,5,0
20160604_GB,23.608333333,6.854166666699999,20.158333332999998,65.3375,24,0
20160604_GG,24.928571429,7.3761904762,20.521428570999998,60.611904761999995,60,0
20160604_GJ,22.2,6.9,18.4,86.8,11,0
20160604_GN,22.659090909,6.5590909091,18.504545455,81.55909090899999,28,0
20160604_GW,25.166666666999998,9.6222222222,20.038888889000003,57.777777778,2,0
20160604_IC,23.66,5.62,20.15,81.37,17,0
20160604_JB,21.226666667,5.5533333333,18.653333333,80.2,37,0
20160604_JJ,22.75,6.35,18.15,88.55,4,0
20160604_JN,21.063636364,5.0772727273000005,18.272727273,89.06363636399999,24,0
20160604_SU,26.3,8.1,21.2,51.8,47,0
20160604_US,23.9,7.1,19.4,79.9,4,0
20160605_BS,25.1,8.0,20.6,73.3,1,0
20160605_CB,30.146666666999998,16.026666667,22.393333333,51.506666667,0,0
20160605_CN,29.675,15.18125,22.075,66.7,0,0
20160605_DG,25.6,8.8,20.8,67.8,1,0
20160605_DJ,30.3,15.7,22.9,59.3,0,0
20160605_GB,26.304166666999997,11.395833332999999,20.1,65.458333333,2,0
20160605_GG,31.133333333000003,15.311904762000001,23.730952380999998,55.019047619,2,0
20160605_GJ,26.2,11.5,21.0,75.5,1,0
20160605_GN,26.922727273000003,10.895454545,21.172727273,65.977272727,3,0
20160605_GW,27.0,12.905555556,20.305555555999998,62.783333333,1,0
20160605_IC,28.75,11.91,22.99,66.96,2,0
20160605_JB,28.866666666999997,14.806666667,21.02,67.086666667,0,0
20160605_JJ,22.5,5.25,19.9,82.45,0,0
20160605_JN,24.881818181999996,9.5818181818,20.631818182,75.772727273,2,0
20160605_SU,32.2,14.9,24.7,47.3,5,0
20160605_US,22.7,6.2,19.5,83.1,0,0
20160606_BS,20.4,2.1,19.3,85.9,11,0
20160606_CB,22.726666666999996,6.76,19.56,67.406666667,2,0
20160606_CN,24.1375,7.29375,20.15625,78.06875,7,0
20160606_DG,19.3,1.6,18.4,87.4,6,0
20160606_DJ,24.5,6.1,20.8,73.8,0,0
20160606_GB,20.841666667000002,6.033333333300001,18.170833333,82.56666666699999,13,0
20160606_GG,26.74047619,7.4380952381,22.266666667,57.545238095,17,0
20160606_GJ,22.4,3.5,20.1,86.6,0,0
20160606_GN,20.195454545,2.6954545455,18.868181818,84.35,8,0
20160606_GW,25.15,9.9222222222,19.755555555999997,67.84444444399999,4,0
20160606_IC,25.56,5.45,21.93,70.28,5,0
20160606_JB,23.226666666999996,6.0,19.813333333,77.606666667,10,0
20160606_JJ,21.6,3.35,19.7,91.85,0,0
20160606_JN,22.072727273,3.3727272726999997,19.972727273,83.927272727,6,0
20160606_SU,28.4,7.6,23.3,49.1,16,0
20160606_US,18.9,1.6,18.0,96.6,1,0
20160607_BS,25.4,6.6,20.9,85.4,99,0
20160607_CB,26.766666667,9.0333333333,21.56,67.56,53,0
20160607_CN,26.325,8.75625,21.18125,77.1,69,0
20160607_DG,28.4,10.6,22.9,73.6,71,0
20160607_DJ,26.7,8.3,21.9,75.6,48,0
20160607_GB,26.566666667,9.3958333333,21.25,76.025,84,0
20160607_GG,26.819047619000003,8.4047619048,21.771428570999998,72.097619048,286,0
20160607_GJ,25.2,6.5,21.4,85.5,67,0
20160607_GN,26.231818181999998,8.1227272727,21.35,81.077272727,92,0
20160607_GW,25.583333333000002,7.994444444400001,20.7,74.088888889,60,0
20160607_IC,24.86,6.88,20.88,89.55,58,0
20160607_JB,25.713333333,7.373333333300001,20.946666667,79.4,101,0
20160607_JJ,23.35,4.4,20.25,93.55,15,0
20160607_JN,24.268181818000002,5.8227272727,20.9,86.8,93,0
20160607_SU,25.9,6.3,21.7,69.5,273,0
20160607_US,24.4,6.8,20.4,90.4,22,0
20160608_BS,22.2,3.4,20.4,89.1,84,0
20160608_CB,26.593333333,8.733333333300001,21.46,65.68,36,0
20160608_CN,26.05,8.4125,21.01875,78.8875,62,0
20160608_DG,24.7,5.1,21.9,87.0,75,0
20160608_DJ,27.1,8.0,22.4,72.1,34,0
20160608_GB,23.979166666999998,5.8125,20.679166667,84.883333333,79,0
20160608_GG,26.964285714000003,9.3547619048,21.471428571,73.704761905,227,0
20160608_GJ,26.4,7.0,22.5,75.8,31,0
20160608_GN,24.313636364,5.759090909099999,21.195454545,86.118181818,90,0
20160608_GW,25.227777778000004,7.583333333300001,20.972222222,74.9,46,0
20160608_IC,22.75,5.83,19.45,95.61,49,0
20160608_JB,25.373333333,7.2133333333000005,21.1,76.18,79,0
20160608_JJ,22.05,3.4,20.15,92.3,13,0
20160608_JN,24.986363636,6.404545454500001,21.459090909,82.16818181800001,66,0
20160608_SU,27.7,9.5,22.1,65.9,236,0
20160608_US,24.2,5.5,20.8,93.5,12,0
20160609_BS,26.1,6.5,21.9,80.3,71,0
20160609_CB,30.046666666999997,14.02,23.0,60.526666667,28,0
20160609_CN,29.29375,13.5,22.18125,74.225,51,0
20160609_DG,27.4,7.7,22.7,75.8,58,0
20160609_DJ,30.2,12.7,24.0,65.8,31,0
20160609_GB,27.620833333,10.4625,22.0,74.704166667,64,0
20160609_GG,30.25952381,13.195238095,23.107142857,67.573809524,205,0
20160609_GJ,29.6,10.3,23.4,75.9,36,0
20160609_GN,27.854545455,9.05,22.077272726999997,80.163636364,62,0
20160609_GW,27.744444444000003,11.216666667,21.561111111,71.733333333,37,0
20160609_IC,26.62,9.28,21.51,84.4,36,0
20160609_JB,29.053333333,11.833333332999999,22.466666667,73.06666666699999,87,0
20160609_JJ,23.55,4.5,20.6,88.9,9,0
20160609_JN,27.927272727,9.213636363600001,22.3,80.754545455,50,0
20160609_SU,31.3,13.5,24.1,59.5,225,0
20160609_US,24.5,4.9,21.4,90.4,7,0
20160610_BS,25.3,5.2,22.3,78.0,70,0
20160610_CB,31.553333333,13.566666667,24.526666666999997,61.5,31,0
20160610_CN,28.8375,11.68125,22.89375,80.315384615,60,0
20160610_DG,32.1,13.9,24.5,64.4,52,0
20160610_DJ,31.2,11.6,25.3,67.8,30,0
20160610_GB,29.208333333000002,12.2,22.883333333000003,70.2125,67,0
20160610_GG,30.528571429,11.921428571,23.802380951999996,67.19,195,0
20160610_GJ,29.7,10.7,23.7,75.6,40,0
20160610_GN,27.868181818000004,9.3363636364,22.695454545,75.495454545,68,0
20160610_GW,29.211111110999997,13.45,22.366666666999997,67.133333333,48,0
20160610_IC,26.31,8.46,21.76,87.15,43,0
20160610_JB,29.08,10.966666667,23.006666666999998,75.76,70,0
20160610_JJ,25.8,6.9,22.45,80.9,21,0
20160610_JN,27.227272727,8.0909090909,22.631818181999996,79.977272727,60,0
20160610_SU,31.3,11.1,24.6,60.9,204,0
20160610_US,25.8,6.2,21.9,84.6,14,0
20160611_BS,26.6,6.5,23.1,80.6,25,0
20160611_CB,30.013333333000002,9.6266666667,24.693333333,66.953333333,10,0
20160611_CN,28.175,8.1,24.0125,81.51875,13,0
20160611_DG,31.6,10.9,25.3,64.3,15,0
20160611_DJ,29.8,8.9,25.6,71.5,12,0
20160611_GB,30.4,11.8375,24.104166666999998,71.404166667,17,0
20160611_GG,27.971428571,7.3547619048,23.64047619,78.245238095,61,0
20160611_GJ,29.5,9.5,24.3,80.3,11,0
20160611_GN,28.331818182,9.55,23.345454545,79.181818182,17,0
20160611_GW,28.133333333000003,9.3888888889,23.061111111,71.85,7,0
20160611_IC,25.61,5.52,22.16,94.25,8,0
20160611_JB,28.833333333000002,9.68,23.806666667,78.546666667,28,0
20160611_JJ,26.6,5.6,23.65,87.4,4,0
20160611_JN,27.15,7.6136363636,23.163636364000002,84.759090909,23,0
20160611_SU,26.5,5.6,23.5,74.3,51,0
20160611_US,28.6,10.4,23.9,79.6,10,0
20160612_BS,24.1,3.0,22.4,91.9,1,0
20160612_CB,27.306666667,6.3266666666999996,23.926666667,78.48,1,0
20160612_CN,26.0625,5.73125,23.11875,89.225,0,0
20160612_DG,26.3,4.6,23.9,77.6,0,0
20160612_DJ,27.4,4.3,24.9,81.1,3,0
20160612_GB,26.741666666999997,6.2666666667,23.254166667,82.6375,0,0
20160612_GG,27.485714286,7.533333333300001,23.454761905,83.95952381,6,0
20160612_GJ,26.5,4.1,24.1,88.1,1,0
20160612_GN,25.590909091,5.0363636364,22.622727273000002,89.454545455,1,0
20160612_GW,28.511111110999998,8.75,23.211111110999997,78.894444444,1,0
20160612_IC,25.15,7.07,21.51,96.64,1,0
20160612_JB,25.9,5.26,23.126666667,85.726666667,1,0
20160612_JJ,24.15,3.45,22.5,95.25,0,0
20160612_JN,25.477272727,3.8363636363999998,23.318181818000003,91.090909091,2,0
20160612_SU,26.7,6.8,23.5,79.4,2,0
20160612_US,24.6,4.2,21.9,95.6,0,0
20160613_BS,25.7,5.3,21.9,86.4,98,0
20160613_CB,29.193333333,9.366666666699999,23.733333333,67.373333333,39,0
20160613_CN,28.15,9.16875,22.51875,80.09375,68,0
20160613_DG,28.3,9.1,23.1,74.6,68,0
20160613_DJ,29.6,8.8,24.6,72.8,41,0
20160613_GB,27.7125,8.570833333300001,22.35,78.0,77,0
20160613_GG,28.980952380999998,10.266666667,22.9,76.07619047600001,221,0
20160613_GJ,30.4,9.8,24.1,78.5,38,0
20160613_GN,28.040909091,7.6409090909,23.090909091,80.659090909,79,0
20160613_GW,26.761111110999998,8.2055555556,21.666666666999998,75.255555556,39,0
20160613_IC,25.52,7.92,20.64,94.0,45,0
20160613_JB,28.213333333,9.313333333300001,22.346666666999997,78.193333333,86,0
20160613_JJ,24.75,4.45,22.05,89.15,15,0
20160613_JN,27.913636364000002,7.6772727273,23.118181818000004,82.281818182,69,0
20160613_SU,29.6,10.2,23.5,70.5,263,0
20160613_US,24.1,4.9,20.8,93.1,18,0
20160614_BS,24.2,4.1,21.1,87.3,102,0
20160614_CB,29.766666667,11.146666667,23.64,68.293333333,23,0
20160614_CN,27.99375,10.29375,22.08125,82.3875,56,0
20160614_DG,28.4,9.9,22.6,72.9,67,0
20160614_DJ,30.3,10.9,24.2,73.9,40,0
20160614_GB,26.795833333,8.420833333300001,21.845454545,79.786363636,58,0
20160614_GG,29.183333333,10.702380952,23.111904761999998,70.930952381,241,0
20160614_GJ,29.9,10.8,23.6,73.9,62,0
20160614_GN,26.781818182,6.6272727273,22.55,79.140909091,64,0
20160614_GW,26.627777778000002,9.494444444400001,21.316666667,75.888888889,37,0
20160614_IC,25.22,6.9,21.36,90.38,69,0
20160614_JB,29.193333333,11.8,22.2,76.54,78,0
20160614_JJ,24.75,4.95,21.75,81.45,16,0
20160614_JN,27.245454545,8.3409090909,22.522727273,79.41818181800001,64,0
20160614_SU,29.5,9.8,23.8,62.5,248,0
20160614_US,24.6,6.4,20.7,92.8,14,0
20160615_BS,24.2,4.3,22.4,85.4,84,0
20160615_CB,25.94,6.24,21.846666666999997,77.62,29,0
20160615_CN,25.3375,6.30625,21.19375,87.34375,60,0
20160615_DG,25.6,6.2,23.3,69.1,58,0
20160615_DJ,26.1,5.8,22.3,81.9,34,0
20160615_GB,24.804166666999997,5.95,21.929166666999997,79.4,64,0
20160615_GG,24.95,7.3166666667,20.764285714,86.288095238,196,0
20160615_GJ,25.3,4.7,22.3,84.0,35,0
20160615_GN,25.095454545,5.8863636364,22.513636364,82.540909091,62,0
20160615_GW,24.133333333000003,6.05,20.077777777999998,87.144444444,42,0
20160615_IC,22.96,5.7,19.68,94.65,39,0
20160615_JB,25.433333333,6.7666666667,21.78,79.04,55,0
20160615_JJ,25.4,5.85,22.9,81.65,13,0
20160615_JN,24.813636364,5.2090909091,22.136363636,86.05,50,0
20160615_SU,24.5,7.1,20.9,81.8,214,0
20160615_US,25.4,7.4,22.6,83.9,12,0
20160616_BS,26.4,4.7,23.6,81.4,80,0
20160616_CB,25.346666666999997,6.5133333333,21.486666666999998,72.74,35,0
20160616_CN,25.0,7.03125,20.83125,82.96875,57,0
20160616_DG,28.9,7.0,24.8,63.1,46,0
20160616_DJ,25.8,6.7,21.7,79.6,34,0
20160616_GB,27.720833333,7.9375,23.241666666999997,69.56666666699999,61,0
20160616_GG,25.171428571,6.7880952380999995,20.895238095,79.035714286,199,0
20160616_GJ,24.6,5.6,21.8,83.4,40,0
20160616_GN,28.3,8.0590909091,24.072727273,72.995454545,56,0
20160616_GW,25.094444444,6.45,21.244444444000003,73.238888889,45,0
20160616_IC,22.65,4.85,19.91,95.46,53,0
20160616_JB,24.46,6.3666666667,20.986666667,80.28666666699999,72,0
20160616_JJ,24.9,4.85,22.15,82.4,13,0
20160616_JN,24.445454545,5.3090909091,21.768181818000002,82.572727273,59,0
20160616_SU,24.9,6.3,20.9,73.5,241,0
20160616_US,28.4,7.1,24.4,78.0,9,0
20160617_BS,28.6,9.3,22.9,67.6,86,0
20160617_CB,29.053333333,11.833333332999999,22.913333333,61.44,34,0
20160617_CN,27.66875,11.375,21.9875,76.40625,55,0
20160617_DG,32.0,12.5,25.3,51.0,58,0
20160617_DJ,29.3,12.9,23.3,67.3,32,0
20160617_GB,30.641666667,12.4875,24.0875,57.829166666999996,69,0
20160617_GG,28.873809524000002,11.030952380999999,23.24047619,68.985714286,168,0
20160617_GJ,30.4,12.7,23.6,69.6,26,0
20160617_GN,30.659090909,13.713636364000001,23.359090909000003,64.536363636,61,0
20160617_GW,29.255555555999997,10.355555556,23.9,58.5,37,0
20160617_IC,26.07,7.95,22.12,87.87,38,0
20160617_JB,29.653333333000003,13.62,22.726666666999996,69.226666667,80,0
20160617_JJ,25.15,6.45,21.8,81.5,14,0
20160617_JN,28.55,11.345454545,22.472727273,74.759090909,47,0
20160617_SU,29.1,10.5,23.8,63.1,187,0
20160617_US,30.8,12.4,24.0,63.5,14,0
20160618_BS,25.5,6.4,22.4,80.5,22,0
20160618_CB,31.233333333,13.96,24.466666667,60.26,8,0
20160618_CN,29.0625,11.55,23.0,76.34375,16,0
20160618_DG,33.5,13.2,26.3,52.3,16,1
20160618_DJ,31.0,12.5,25.1,66.6,14,0
20160618_GB,31.616666666999997,13.608333333,24.841666667,58.870833333,22,0
20160618_GG,29.445238095,10.5,23.776190476,67.488095238,51,0
20160618_GJ,30.3,11.0,23.9,74.5,9,0
20160618_GN,28.831818182,10.95,23.027272727,74.618181818,27,0
20160618_GW,30.411111111,12.377777777999999,23.983333333,63.061111111,7,0
20160618_IC,24.57,5.47,21.65,91.42,19,0
20160618_JB,30.28,12.813333333,23.633333333000003,69.54,19,0
20160618_JJ,24.6,5.0,22.45,85.45,2,0
20160618_JN,27.945454545,9.9818181818,22.690909090999998,81.01363636399999,16,0
20160618_SU,29.9,9.8,24.5,58.0,56,0
20160618_US,29.0,10.0,24.7,67.4,4,0
20160619_BS,28.6,7.6,23.9,88.4,1,0
20160619_CB,30.186666666999997,10.333333332999999,24.513333333000002,60.893333333,0,0
20160619_CN,28.44375,8.86875,23.6875,77.5875,1,0
20160619_DG,32.6,12.1,25.8,59.6,1,0
20160619_DJ,30.1,8.4,25.7,63.8,0,0
20160619_GB,30.066666667,10.966666667,23.825,68.125,2,0
20160619_GG,29.071428571,9.3523809524,23.876190475999998,70.930952381,10,0
20160619_GJ,31.5,9.9,25.8,75.9,0,0
20160619_GN,30.509090909,9.6636363636,24.713636364,79.077272727,1,0
20160619_GW,26.966666667,9.0444444444,22.0,72.661111111,2,0
20160619_IC,26.69,7.04,22.65,91.38,0,0
20160619_JB,29.133333333000003,8.96,24.04,74.1,2,0
20160619_JJ,27.0,4.65,23.95,90.25,0,0
20160619_JN,29.459090909,7.9227272726999995,24.586363635999998,83.4,2,0
20160619_SU,29.3,9.0,24.1,64.5,10,0
20160619_US,31.0,10.2,25.0,76.8,0,0
20160620_BS,28.7,7.6,23.9,88.1,77,0
20160620_CB,30.433333333,12.106666667,24.173333333000002,65.22,32,0
20160620_CN,29.16875,10.6875,23.125,82.80625,64,0
20160620_DG,31.5,12.4,25.1,61.9,69,0
20160620_DJ,29.5,9.5,24.2,77.4,38,0
20160620_GB,30.658333333,13.170833333,23.8625,69.054166667,82,0
20160620_GG,30.219047619,11.342857143,24.471428571,70.32619047600001,217,0
20160620_GJ,24.4,3.0,22.9,97.1,40,0
20160620_GN,27.527272727,7.1727272726999995,23.231818181999998,87.554545455,85,0
20160620_GW,27.677777778000003,10.238888889,22.505555555999997,72.016666667,34,0
20160620_IC,26.77,7.45,23.0,90.88,51,0
20160620_JB,26.426666667,8.3,21.853333333000002,87.24,120,0
20160620_JJ,26.3,4.45,23.5,94.15,11,0
20160620_JN,24.622727273000002,3.4863636363999997,22.713636364,94.054545455,74,0
20160620_SU,30.7,11.1,24.7,66.0,214,0
20160620_US,31.3,11.6,24.7,82.1,26,0
20160621_BS,24.6,3.4,22.4,89.6,71,0
20160621_CB,31.28,11.88,25.233333333,63.76,36,0
20160621_CN,30.3625,11.425,24.24375,79.79375,54,0
20160621_DG,25.3,3.3,23.3,74.0,66,0
20160621_DJ,32.0,12.3,26.1,72.3,26,0
20160621_GB,26.683333333,6.7958333333,22.820833333000003,78.295833333,60,0
20160621_GG,30.871428571,10.911904762,25.264285714,68.983333333,199,0
20160621_GJ,30.9,9.1,25.4,84.3,49,0
20160621_GN,25.140909090999997,4.0454545455,22.686363636,89.85,74,0
20160621_GW,28.638888889,10.438888889,23.133333333000003,70.65555555600001,44,0
20160621_IC,27.27,6.28,23.78,91.5,53,0
20160621_JB,29.8,9.7466666667,24.233333333,79.893333333,96,0
20160621_JJ,26.6,5.9,23.35,90.55,23,0
20160621_JN,28.518181818000002,6.9318181818,24.109090909000003,87.345454545,57,0
20160621_SU,31.3,10.3,26.0,60.1,192,0
20160621_US,24.3,3.6,21.9,92.0,11,0
20160622_BS,23.3,2.0,21.9,93.8,74,0
20160622_CB,30.12,8.5933333333,24.993333333000002,68.193333333,34,0
20160622_CN,30.19375,9.025,24.35,84.6375,58,0
20160622_DG,25.5,4.6,22.8,79.1,71,0
20160622_DJ,31.1,7.9,25.4,79.5,37,0
20160622_GB,26.354166666999998,6.5458333333,22.541666666999998,82.1,67,0
20160622_GG,30.202380952,9.0952380952,24.419047619,78.34047619,171,0
20160622_GJ,24.9,3.3,22.8,93.4,23,0
20160622_GN,23.368181818000004,2.4590909091,21.9,92.85,47,0
20160622_GW,27.411111111,8.472222222200001,21.85,81.222222222,33,0
20160622_IC,27.12,5.58,23.77,93.12,51,0
20160622_JB,27.066666667,6.006666666699999,23.566666667,83.633333333,83,0
20160622_JJ,25.4,3.8,23.35,97.75,10,0
20160622_JN,23.445454545,2.4090909091,22.204545455,93.295454545,40,0
20160622_SU,30.2,9.3,24.3,75.1,188,0
20160622_US,23.1,2.3,21.7,96.1,19,0
20160623_BS,26.6,6.0,23.5,79.3,69,0
20160623_CB,31.713333333,11.586666667000001,25.633333333000003,65.413333333,32,0
20160623_CN,29.6125,9.68125,24.4125,83.125,47,0
20160623_DG,32.7,12.4,26.2,60.1,71,0
20160623_DJ,31.7,10.8,26.2,72.8,34,0
20160623_GB,30.066666667,10.841666667,24.516666667,70.05,52,0
20160623_GG,30.288095238,10.295238095,24.564285714,76.616666667,176,0
20160623_GJ,30.3,8.9,25.2,84.6,34,0
20160623_GN,28.918181818,8.2909090909,24.018181818000002,75.759090909,63,0
20160623_GW,28.322222221999997,9.5444444444,23.133333333000003,76.15555555600001,32,0
20160623_IC,28.02,7.9,23.29,93.45,57,0
20160623_JB,29.9,9.7266666667,24.666666666999998,78.14,78,0
20160623_JJ,27.3,6.3,23.85,89.6,13,0
20160623_JN,28.413636364000002,7.0227272727,24.131818181999996,84.995454545,70,0
20160623_SU,29.4,9.8,24.7,71.0,200,0
20160623_US,27.4,8.4,22.9,82.1,11,0
20160624_BS,24.2,3.0,22.6,92.9,57,0
20160624_CB,24.96,5.1933333333,21.633333333000003,85.16,35,0
20160624_CN,25.54375,6.20625,21.61875,90.86875,53,0
20160624_DG,25.5,5.4,22.7,81.0,56,0
20160624_DJ,24.8,5.4,22.2,90.6,19,0
20160624_GB,24.758333333000003,4.9875,21.766666667,87.64166666700001,73,0
20160624_GG,26.180952380999997,5.9642857143,22.545238095,83.94047619,163,0
20160624_GJ,25.6,5.2,22.2,92.4,28,0
20160624_GN,26.290909091,5.9,22.595454545,87.140909091,42,0
20160624_GW,23.488888889000002,4.927777777799999,20.705555556,87.29444444399999,35,0
20160624_IC,25.6,5.2,22.46,91.6,33,0
20160624_JB,24.553333333,5.16,21.573333333,88.84,81,0
20160624_JJ,30.0,7.65,24.55,86.95,15,0
20160624_JN,25.559090909000002,4.9,22.486363636,90.322727273,56,0
20160624_SU,25.7,4.6,23.1,75.8,169,0
20160624_US,24.7,4.3,22.2,93.8,7,0
20160625_BS,25.7,5.1,22.7,67.6,28,0
20160625_CB,27.813333333000003,9.72,22.42,60.306666666999995,5,0
20160625_CN,26.75625,9.38125,22.075,75.5125,22,0
20160625_DG,29.6,8.6,24.9,47.4,15,0
20160625_DJ,27.7,8.9,22.9,69.4,9,0
20160625_GB,28.133333333000003,9.1125,23.058333333,57.529166667,19,0
20160625_GG,27.002380952,8.438095238099999,22.380952381,68.319047619,57,0
20160625_GJ,28.0,8.0,23.2,75.3,10,0
20160625_GN,27.4,8.054545454500001,23.068181818000003,64.681818182,26,0
20160625_GW,26.005555555999997,8.5333333333,21.644444444,62.233333333000004,8,0
20160625_IC,25.39,6.32,22.41,83.59,15,0
20160625_JB,26.686666666999997,7.78,22.36,72.406666667,18,0
20160625_JJ,25.45,4.35,22.6,81.45,4,0
20160625_JN,27.063636364,7.2363636364,22.809090909000002,72.372727273,24,0
20160625_SU,26.7,7.5,22.8,63.1,51,0
20160625_US,27.3,7.1,23.3,66.6,5,0
20160626_BS,28.6,9.0,23.3,70.9,4,0
20160626_CB,29.713333333,12.8,23.12,60.426666667,2,0
20160626_CN,28.94375,12.49375,22.5875,76.21875,1,0
20160626_DG,30.9,12.2,24.8,53.3,2,0
20160626_DJ,30.0,11.3,23.9,71.0,2,0
20160626_GB,29.495833333,12.625,23.2375,62.029166667,1,0
20160626_GG,30.326190476,12.461904762,23.692857143,66.292857143,4,0
20160626_GJ,29.7,10.5,24.1,70.9,1,0
20160626_GN,29.909090909,11.754545455,23.731818181999998,67.01363636399999,2,0
20160626_GW,29.111111111,12.555555556,22.638888889,63.533333333,2,0
20160626_IC,27.39,8.19,23.23,84.41,2,0
20160626_JB,28.453333333000003,11.053333333,22.54,71.726666667,2,0
20160626_JJ,27.6,6.8,23.3,81.15,0,0
20160626_JN,28.990909091,10.004545455,23.381818181999996,74.55,0,0
20160626_SU,30.3,10.9,24.4,58.4,4,0
20160626_US,28.7,11.0,23.3,69.4,0,0
20160627_BS,23.4,4.1,20.5,93.0,103,0
20160627_CB,28.773333333000004,11.546666667,23.046666666999997,63.913333333000004,46,0
20160627_CN,28.5125,11.51875,22.54375,76.89375,62,0
20160627_DG,27.8,9.0,22.6,72.9,75,0
20160627_DJ,28.3,9.5,23.3,72.5,45,0
20160627_GB,28.133333333000003,10.854166667000001,22.779166667,70.0375,99,0
20160627_GG,29.380952381,10.428571429,23.79047619,65.585714286,256,0
20160627_GJ,25.7,6.4,22.3,78.6,48,0
20160627_GN,24.977272727,6.8863636364,21.1,85.80909090899999,92,0
20160627_GW,27.55,10.088888889,21.933333333,70.505555556,44,0
20160627_IC,27.67,7.45,23.27,80.21,54,0
20160627_JB,26.746666667,9.8066666667,21.473333333,77.833333333,98,0
20160627_JJ,22.1,4.5,19.6,85.2,13,0
20160627_JN,24.127272726999998,5.7727272727,20.990909091,85.886363636,77,0
20160627_SU,29.5,9.6,24.4,55.5,291,0
20160627_US,27.0,8.3,22.0,85.4,20,0
20160628_BS,25.3,6.5,22.1,72.6,92,0
20160628_CB,29.773333333000004,12.46,23.46,63.013333333,31,0
20160628_CN,29.73125,12.5125,23.1,76.98125,81,0
20160628_DG,27.8,9.4,23.0,68.8,64,0
20160628_DJ,30.1,12.1,24.0,74.3,43,0
20160628_GB,27.975,10.125,22.320833333000003,71.575,70,0
20160628_GG,30.0,10.947619048,24.276190476,67.028571429,223,0
20160628_GJ,26.0,6.5,22.9,77.4,36,0
20160628_GN,25.963636364,7.545454545499999,21.840909091,76.268181818,65,0
20160628_GW,28.172222222,11.522222222,22.166666666999998,71.84444444399999,39,0
20160628_IC,26.58,6.73,22.67,90.07,53,0
20160628_JB,27.22,9.5133333333,22.266666667,78.653333333,89,0
20160628_JJ,22.3,4.1,20.45,90.45,10,0
20160628_JN,24.595454545,5.6954545455,21.759090909,81.44090909100001,75,0
20160628_SU,29.7,9.3,24.7,61.1,259,0
20160628_US,26.1,8.6,21.7,77.5,22,0
20160629_BS,25.1,5.0,21.8,86.3,77,0
20160629_CB,28.173333333000002,8.766666666699999,23.833333333000002,65.0,32,0
20160629_CN,27.2125,7.375,23.41875,82.425,54,0
20160629_DG,26.6,7.2,23.2,71.5,56,0
20160629_DJ,28.2,7.0,24.8,74.0,40,0
20160629_GB,26.6125,8.241666666699999,22.520833333000002,74.545833333,76,0
20160629_GG,29.435714286,8.8357142857,24.738095238000003,67.471428571,219,0
20160629_GJ,25.8,5.2,23.0,85.4,38,0
20160629_GN,25.468181818,6.472727272699999,21.881818181999996,84.231818182,66,0
20160629_GW,28.3,9.6888888889,23.0,71.411111111,42,0
20160629_IC,28.16,7.49,23.69,86.28,62,0
20160629_JB,26.806666667,7.386666666699999,23.106666667,77.74,71,0
20160629_JJ,24.25,3.8,22.15,96.3,13,0
20160629_JN,24.377272726999998,4.6090909091,22.045454545,87.9,59,0
20160629_SU,30.2,9.3,25.3,58.0,245,0
20160629_US,25.0,5.8,21.8,89.4,17,0
20160630_BS,27.2,6.9,23.3,84.0,59,0
20160630_CB,29.433333333,7.8066666667,25.02,74.153333333,36,0
20160630_CN,27.58125,5.54375,24.4625,86.98125,53,0
20160630_DG,32.3,11.6,25.8,70.3,46,0
20160630_DJ,29.2,6.1,25.5,82.1,38,0
20160630_GB,31.216666667,11.7625,24.870833333,73.920833333,49,0
20160630_GG,28.064285714,5.5261904762,24.673809524,82.642857143,182,0
20160630_GJ,29.6,7.3,24.8,87.5,37,0
20160630_GN,28.663636364000002,8.859090909099999,23.836363635999998,83.5,66,0
20160630_GW,28.75,8.25,24.116666666999997,76.055555556,28,0
20160630_IC,25.02,3.51,22.95,96.63,50,0
20160630_JB,29.946666667,8.4266666667,24.94,78.57333333300001,88,0
20160630_JJ,27.0,5.7,24.05,89.0,14,0
20160630_JN,27.804545455,6.3363636364,23.8,88.709090909,61,0
20160630_SU,26.9,3.9,24.6,78.1,209,0
20160630_US,30.0,10.7,24.9,80.4,11,0
20160701_BS,24.0,1.8,23.0,94.9,639,0
20160701_CB,28.98,6.586666666699999,24.353333333000002,84.646666667,116,0
20160701_CN,28.2875,5.425,24.55625,91.3375,273,0
20160701_DG,28.5,5.0,25.4,79.5,289,0
20160701_DJ,29.8,6.5,25.0,89.1,204,0
20160701_GB,28.620833333,6.895833333300001,24.295833333,85.87916666699999,354,0
20160701_GG,27.302380951999996,5.1333333332999995,24.035714285999997,90.492857143,897,0
20160701_GJ,27.0,3.7,24.7,93.8,209,0
20160701_GN,25.931818181999997,3.65,24.177272727,90.81363636399999,465,0
20160701_GW,28.2,7.5777777778,23.411111111,84.96111111100001,95,0
20160701_IC,26.07,4.16,23.45,96.73,162,0
20160701_JB,28.446666667,5.5133333333,24.793333333000003,84.2,398,0
20160701_JJ,27.15,4.1,25.45,88.05,29,0
20160701_JN,26.477272727,3.8590909091000003,24.313636364,92.55909090899999,284,0
20160701_SU,26.6,4.6,24.0,86.5,554,0
20160701_US,26.1,4.0,23.9,94.8,137,0
20160702_BS,24.4,2.7,23.1,94.9,20,0
20160702_CB,28.166666666999998,6.3933333333,24.02,80.206666667,12,0
20160702_CN,27.71875,6.48125,23.55625,89.275,23,0
20160702_DG,28.3,5.4,25.1,81.6,19,0
20160702_DJ,28.0,5.8,24.5,86.8,11,0
20160702_GB,27.841666667,5.666666666699999,24.4125,85.008333333,22,0
20160702_GG,27.452380952,6.680952381,23.50952381,84.976190476,63,0
20160702_GJ,25.0,2.6,23.0,98.6,13,0
20160702_GN,26.363636364,4.2636363636,23.9,90.92272727299999,24,0
20160702_GW,26.588888889,6.6,22.85,82.216666667,8,0
20160702_IC,25.5,5.02,22.58,95.76,12,0
20160702_JB,26.7,5.0266666667,23.24,89.973333333,30,0
20160702_JJ,26.7,5.1,23.75,94.2,6,0
20160702_JN,25.236363636,3.3727272726999997,22.868181818000004,94.93636363600001,18,0
20160702_SU,27.7,7.1,23.5,81.4,55,0
20160702_US,27.3,4.8,25.2,88.6,2,0
20160703_BS,24.7,4.5,22.1,94.5,0,0
20160703_CB,25.266666667,4.96,22.553333333,80.833333333,0,0
20160703_CN,24.7375,4.6,22.30625,92.4375,2,0
20160703_DG,26.7,6.4,22.8,88.0,2,0
20160703_DJ,24.4,4.0,22.7,91.0,1,0
20160703_GB,26.475,6.658333333300001,22.845833333,86.004166667,0,0
20160703_GG,26.316666667,5.7904761905,23.097619048000002,79.24047619,6,0
20160703_GJ,23.1,2.8,21.9,99.0,0,0
20160703_GN,24.654545455,4.0181818181999995,22.031818182,94.081818182,2,0
20160703_GW,26.705555556,7.0277777778,22.911111111,78.516666667,1,0
20160703_IC,25.36,5.4,22.31,94.1,1,0
20160703_JB,23.973333333000003,3.8266666667,21.773333333000004,93.76,1,0
20160703_JJ,26.9,5.4,23.45,96.4,0,0
20160703_JN,23.013636364,2.7545454545,21.577272726999997,95.954545455,0,0
20160703_SU,26.8,5.7,23.5,70.4,4,0
20160703_US,26.0,5.9,22.3,97.9,0,0
20160704_BS,22.1,1.7,21.0,99.1,88,0
20160704_CB,23.573333333,4.1266666667,21.233333333,95.18666666700001,43,0
20160704_CN,25.49375,5.26875,22.6,97.60625,64,0
20160704_DG,23.0,2.5,21.4,90.9,71,0
20160704_DJ,24.6,4.6,22.1,97.0,38,0
20160704_GB,21.9625,2.625,20.525,96.025,85,0
20160704_GG,23.9,3.6666666667000003,21.79047619,91.564285714,231,0
20160704_GJ,28.2,6.1,25.7,98.0,37,0
20160704_GN,26.513636364,5.6136363636,23.436363636,94.195454545,77,0
20160704_GW,22.272222221999996,3.5111111111,20.1,92.46666666700001,33,0
20160704_IC,24.27,3.46,22.09,95.66,45,0
20160704_JB,27.96,6.9866666667,24.46,91.353333333,101,0
20160704_JJ,30.35,6.55,26.95,86.55,24,0
20160704_JN,27.440909090999998,5.404545454500001,24.927272727,94.9,71,0
20160704_SU,24.1,3.9,21.8,85.1,238,0
20160704_US,22.8,2.8,21.1,98.0,17,0
20160705_BS,26.1,6.1,23.5,98.3,92,0
20160705_CB,29.82,8.5666666667,25.306666667,85.166666667,29,0
20160705_CN,28.65625,6.575,25.18125,92.7,59,0
20160705_DG,32.6,11.5,27.1,72.3,69,0
20160705_DJ,30.4,8.3,25.8,90.0,30,0
20160705_GB,30.991666666999997,10.55,25.1375,82.970833333,77,0
20160705_GG,25.54047619,4.819047619,23.111904761999998,95.807142857,191,0
20160705_GJ,30.9,6.0,26.9,92.6,42,0
20160705_GN,28.963636364,6.0363636364,26.05,87.790909091,49,0
20160705_GW,23.355555556,5.4111111111,20.666666667,91.488888889,40,0
20160705_IC,24.03,3.61,22.52,97.1,43,0
20160705_JB,30.973333333000003,6.8,27.1,80.266666667,101,0
20160705_JJ,30.45,5.25,28.0,80.75,17,0
20160705_JN,29.277272727,4.9227272726999995,26.527272727,90.831818182,59,0
20160705_SU,24.8,4.6,23.1,93.6,215,0
20160705_US,29.9,9.1,25.6,89.3,16,0
20160706_BS,29.2,8.9,25.0,90.6,70,0
20160706_CB,28.546666666999997,6.873333333300001,23.893333333,89.9,36,0
20160706_CN,27.5875,6.175,23.39375,93.48125,55,0
20160706_DG,31.0,10.3,24.3,88.4,55,0
20160706_DJ,27.1,4.3,24.3,94.5,26,0
20160706_GB,26.008333333000003,5.325,22.625,93.2375,69,0
20160706_GG,26.880952381,7.119047619,22.40952381,84.516666667,217,0
20160706_GJ,29.4,4.9,26.5,97.4,33,0
20160706_GN,30.286363636,7.3863636364,26.168181818,87.859090909,67,0
20160706_GW,24.25,5.95,20.55,88.255555556,32,0
20160706_IC,24.47,5.15,21.34,95.9,37,0
20160706_JB,27.94,5.3,24.773333333000004,91.333333333,60,0
20160706_JJ,30.75,5.9,27.1,85.9,18,0
20160706_JN,28.854545455,4.5681818182,26.136363636,93.3,44,0
20160706_SU,26.9,6.6,22.9,74.0,241,0
20160706_US,30.0,10.4,24.3,91.0,10,0
20160707_BS,27.6,8.1,23.7,89.9,83,0
20160707_CB,29.026666666999997,7.2,24.94,82.913333333,26,0
20160707_CN,28.325,7.13125,24.3625,90.09375,54,0
20160707_DG,32.6,13.2,24.3,76.3,62,0
20160707_DJ,30.3,7.7,25.7,87.0,34,0
20160707_GB,29.066666667,9.0916666667,23.247826086999996,87.139130435,67,0
20160707_GG,28.247619048,8.4261904762,23.60952381,79.8,186,0
20160707_GJ,31.8,9.0,26.6,89.9,32,0
20160707_GN,30.822727273,9.0181818182,25.477272727,84.859090909,64,0
20160707_GW,25.744444444000003,7.0277777778,21.916666666999998,83.561111111,41,0
20160707_IC,26.73,7.05,23.02,89.45,39,0
20160707_JB,30.066666667,7.98,25.08,86.40666666700001,70,0
20160707_JJ,30.55,7.05,26.5,82.6,9,0
20160707_JN,30.268181818000002,7.2909090909000005,25.904545455,88.131818182,61,0
20160707_SU,28.5,8.4,24.0,71.6,247,0
20160707_US,27.7,7.9,23.4,93.4,10,0
20160708_BS,30.4,7.3,24.9,86.6,73,0
20160708_CB,32.766666666999996,11.073333332999999,26.4,71.793333333,26,0
20160708_CN,32.30625,11.04375,26.21875,79.26875,55,0
20160708_DG,31.7,11.7,25.8,70.5,73,0
20160708_DJ,32.6,11.0,26.9,77.4,37,0
20160708_GB,31.045833333,11.05,24.95,78.75,61,0
20160708_GG,32.716666667,12.266666667,26.59047619,73.311904762,155,0
20160708_GJ,31.5,9.6,26.6,86.3,40,0
20160708_GN,30.540909091,8.5045454545,25.127272726999998,83.527272727,68,0
20160708_GW,30.4,11.238888889000002,23.85,79.361111111,39,0
20160708_IC,30.42,9.41,25.65,88.5,47,0
20160708_JB,32.013333333,11.08,25.82,79.333333333,71,0
20160708_JJ,28.4,4.4,25.95,85.65,17,0
20160708_JN,30.304545455,8.1727272727,25.890909090999997,85.431818182,55,0
20160708_SU,32.4,11.2,27.3,66.5,204,0
20160708_US,30.5,8.7,24.6,90.0,10,0
20160709_BS,29.0,6.4,25.6,78.6,26,0
20160709_CB,32.966666667,11.56,26.653333333000003,66.72,6,0
20160709_CN,32.3125,11.125,26.10625,80.06875,22,0
20160709_DG,33.9,12.4,27.9,67.9,14,1
20160709_DJ,33.1,10.4,27.5,75.8,9,1
20160709_GB,32.7125,12.229166667000001,26.170833333,74.4625,22,0
20160709_GG,32.695238095,10.847619048,26.878571429,71.892857143,62,0
20160709_GJ,33.8,9.5,27.8,81.3,9,1
20160709_GN,31.872727273000002,10.277272727,26.031818182,78.509090909,27,0
20160709_GW,31.366666666999997,11.9,25.088888889,75.03888888899999,8,0
20160709_IC,30.59,7.48,26.09,87.43,17,0
20160709_JB,32.493333333,10.62,26.32,79.146666667,24,0
20160709_JJ,28.65,6.1,24.95,86.05,3,0
20160709_JN,31.354545455,8.8772727273,26.195454545,84.272727273,32,0
20160709_SU,32.7,9.5,27.7,64.8,54,0
20160709_US,30.1,8.9,25.4,84.5,3,0
20160710_BS,29.3,6.2,25.4,83.6,1,0
20160710_CB,31.966666667,11.06,26.246666667,69.346666667,0,0
20160710_CN,31.4,10.8,25.48125,81.1125,0,0
20160710_DG,33.5,9.0,28.6,59.1,1,1
20160710_DJ,32.0,9.8,27.2,75.5,1,0
20160710_GB,32.054166667,10.641666667,26.145833333000002,74.475,1,0
20160710_GG,32.802380952,10.921428571,26.788095238,72.302380952,9,0
20160710_GJ,31.2,7.8,27.4,84.8,1,0
20160710_GN,31.572727273,9.1590909091,26.486363636,81.2,0,0
20160710_GW,31.061111111,10.116666667,25.505555555999997,74.486666667,3,0
20160710_IC,29.79,7.76,25.57,91.06,0,0
20160710_JB,31.026666666999997,9.186666666699999,25.82,79.28666666699999,1,0
20160710_JJ,25.55,2.85,23.95,91.0,0,0
20160710_JN,28.922727273000003,6.1772727273,25.613636364,88.318181818,2,0
20160710_SU,33.1,9.9,27.9,64.4,7,1
20160710_US,32.3,10.0,27.0,79.6,0,0
20160711_BS,27.0,3.5,24.7,92.3,90,0
20160711_CB,32.626666666999995,10.466666667,26.646666666999998,70.92666666699999,38,0
20160711_CN,31.9375,10.5875,25.94375,82.49375,75,0
20160711_DG,29.9,6.5,26.0,78.3,75,0
20160711_DJ,32.9,9.0,27.1,78.9,40,0
20160711_GB,29.9875,8.3875,25.408333333,83.391666667,62,0
20160711_GG,33.55,10.34047619,27.780952381,71.14047619,229,1
20160711_GJ,30.1,5.7,26.5,90.5,30,0
20160711_GN,27.677272727,4.2909090909,24.827272726999997,90.77272727299999,81,0
20160711_GW,31.25,9.894444444400001,25.833333333000002,75.661111111,39,0
20160711_IC,31.41,8.44,26.45,87.14,68,0
20160711_JB,30.153333333000003,7.613333333300001,25.14,86.213333333,82,0
20160711_JJ,24.85,2.4,23.8,95.65,15,0
20160711_JN,28.409090909,5.0045454545,25.109090909000003,90.78181818200001,78,0
20160711_SU,33.4,8.6,28.4,67.4,267,1
20160711_US,28.7,6.0,25.0,93.6,13,0
20160712_BS,25.2,2.7,24.0,95.8,81,0
20160712_CB,28.68,6.74,24.813333333000003,82.98,35,0
20160712_CN,28.71875,6.40625,24.875,88.38125,58,0
20160712_DG,29.7,5.5,26.5,77.6,59,0
20160712_DJ,28.4,5.2,25.7,86.9,36,0
20160712_GB,29.795833333,6.8291666667,25.379166667,86.46666666700001,67,0
20160712_GG,30.171428571,8.4595238095,25.611904761999998,77.021428571,204,0
20160712_GJ,27.2,4.2,24.5,96.6,50,0
20160712_GN,27.154545455,4.3590909091,24.518181818000002,91.94090909100001,66,0
20160712_GW,26.772222221999996,4.75,23.905555556,87.577777778,56,0
20160712_IC,28.3,6.91,24.97,84.6,52,0
20160712_JB,27.88,5.4866666667,24.613333333000003,87.66,78,0
20160712_JJ,26.35,3.6,24.7,97.0,15,0
20160712_JN,25.513636364,3.0045454545,23.668181818,94.98636363600001,66,0
20160712_SU,30.9,8.8,26.3,65.5,269,0
20160712_US,28.9,6.0,25.4,92.8,12,0
20160713_BS,29.5,6.8,25.9,86.5,72,0
20160713_CB,29.753333333,7.76,25.48,71.833333333,27,0
20160713_CN,29.76875,8.5875,24.98125,84.36875,58,0
20160713_DG,32.4,8.7,28.1,65.4,77,0
20160713_DJ,30.4,7.3,26.3,79.3,27,0
20160713_GB,30.879166667,8.775,26.333333333000002,75.31666666699999,62,0
20160713_GG,29.292857143000003,7.0714285714,25.535714285999997,77.488095238,209,0
20160713_GJ,31.2,8.2,26.6,85.9,31,0
20160713_GN,30.763636364,8.068181818200001,26.336363635999998,84.25,56,0
20160713_GW,28.511111110999998,6.966666666699999,24.572222221999997,80.427777778,39,0
20160713_IC,27.29,4.69,24.69,95.11,45,0
20160713_JB,30.026666666999997,7.953333333300001,25.3,83.18,91,0
20160713_JJ,28.6,3.95,25.9,95.75,14,0
20160713_JN,29.472727273,6.6954545455,25.618181818000004,88.26818181799999,60,0
20160713_SU,29.5,6.3,26.3,69.0,245,0
20160713_US,30.9,8.2,26.7,83.8,12,0
20160714_BS,31.9,9.1,26.2,72.1,88,0
20160714_CB,29.86,8.9,24.68,72.93333333300001,34,0
20160714_CN,30.0875,8.75,25.2,81.9,53,0
20160714_DG,32.3,9.6,26.0,66.6,58,0
20160714_DJ,31.0,8.9,26.1,77.0,32,0
20160714_GB,29.045833333,8.6375,24.025,77.75416666699999,62,0
20160714_GG,31.361904761999998,8.2238095238,26.538095238,74.016666667,205,0
20160714_GJ,30.2,7.5,25.8,80.3,36,0
20160714_GN,32.690909091,10.377272727000001,26.6,73.427272727,53,0
20160714_GW,28.188888889,7.322222222200001,23.922222222,76.883333333,26,0
20160714_IC,29.53,6.56,25.9,88.25,40,0
20160714_JB,29.266666667,7.886666666699999,24.82,79.006666667,78,0
20160714_JJ,28.75,5.35,25.35,85.9,12,0
20160714_JN,29.718181818,7.7136363636,25.318181818000003,80.722727273,65,0
20160714_SU,32.4,8.4,27.5,66.9,246,0
20160714_US,30.6,8.5,25.1,78.4,7,0
20160715_BS,27.6,5.4,24.4,70.3,83,0
20160715_CB,29.293333333000003,9.24,24.733333333,64.653333333,32,0
20160715_CN,29.25625,7.49375,25.325,76.2625,58,0
20160715_DG,29.8,9.3,24.3,67.5,59,0
20160715_DJ,30.0,7.3,25.9,71.6,43,0
20160715_GB,28.0875,9.233333333300001,23.325,73.845833333,68,0
20160715_GG,28.897619048000003,6.4428571428999994,25.711904762,65.383333333,178,0
20160715_GJ,30.9,8.3,26.0,74.9,32,0
20160715_GN,29.595454545,7.4772727273,25.109090909000003,70.213636364,63,0
20160715_GW,27.7,8.3777777778,23.344444444,71.133333333,45,0
20160715_IC,28.29,4.88,25.57,77.61,46,0
20160715_JB,30.453333333000003,8.8,25.526666666999997,72.806666667,78,0
20160715_JJ,28.95,6.55,25.45,80.0,14,0
20160715_JN,28.840909091,7.0181818182,24.877272726999998,76.840909091,48,0
20160715_SU,29.2,5.5,26.2,60.0,225,0
20160715_US,27.1,7.2,23.1,81.8,13,0
20160716_BS,24.3,2.3,23.0,91.9,19,0
20160716_CB,23.186666666999997,3.4733333333,21.213333332999998,88.56,8,0
20160716_CN,24.71875,4.36875,21.975,94.4625,14,0
20160716_DG,22.8,1.6,22.1,84.4,11,0
20160716_DJ,24.5,4.2,22.1,92.4,13,0
20160716_GB,22.2625,2.1416666667,20.945833333,93.416666667,15,0
20160716_GG,23.371428571,3.6738095238,20.911904762,95.48809523799999,46,0
20160716_GJ,25.0,3.0,23.5,91.6,8,0
20160716_GN,24.295454545,2.7636363636000003,22.722727273,90.831818182,15,0
20160716_GW,22.011111110999998,3.3666666667,19.772222222,94.077777778,2,0
20160716_IC,23.42,3.46,20.91,97.11,13,0
20160716_JB,25.733333333,4.6066666667,23.073333333,85.04,21,0
20160716_JJ,30.35,6.85,25.7,85.8,1,0
20160716_JN,25.631818181999996,3.6954545455,23.381818181999996,89.35,10,0
20160716_SU,23.8,4.0,20.8,92.8,57,0
20160716_US,23.1,2.0,22.0,97.3,5,0
20160717_BS,28.6,6.8,25.2,79.6,3,0
20160717_CB,25.9,5.36,22.66,80.633333333,2,0
20160717_CN,24.75,4.075,22.2125,88.91875,0,0
20160717_DG,31.6,10.4,26.0,70.1,0,0
20160717_DJ,26.4,5.3,23.3,83.1,2,0
20160717_GB,29.0375,8.5375,23.933333333,81.125,1,0
20160717_GG,23.171428571,2.8190476189999996,21.542857143000003,89.666666667,11,0
20160717_GJ,28.8,7.1,24.4,86.5,0,0
20160717_GN,29.940909090999998,9.2818181818,24.959090909,79.409090909,1,0
20160717_GW,23.772222221999996,4.2333333333,21.183333333,90.066666667,2,0
20160717_IC,22.55,2.48,21.09,96.96,1,0
20160717_JB,26.973333333000003,6.333333333300001,23.246666667,78.953333333,2,0
20160717_JJ,27.95,5.0,25.0,80.7,0,0
20160717_JN,28.122727273000002,6.6636363636,24.304545455,83.695454545,1,0
20160717_SU,23.1,2.7,21.7,82.9,6,0
20160717_US,28.8,7.6,25.1,84.9,1,0
20160718_BS,28.0,5.6,24.4,86.0,91,0
20160718_CB,28.44,8.38,23.44,74.62,46,0
20160718_CN,28.24375,9.49375,23.075,84.43125,59,0
20160718_DG,30.9,9.3,25.9,64.4,92,0
20160718_DJ,28.9,8.0,24.3,78.9,52,0
20160718_GB,28.779166667,9.1125,23.816666667,78.045833333,80,0
20160718_GG,28.497619048,8.0571428571,23.869047619,80.7,237,0
20160718_GJ,30.0,9.9,25.2,78.9,44,0
20160718_GN,30.245454545,9.6363636364,24.940909090999998,78.886363636,81,0
20160718_GW,26.822222221999997,7.1222222222000005,22.633333333000003,81.54444444399999,35,0
20160718_IC,26.59,6.11,23.04,95.29,50,0
20160718_JB,28.88,9.96,23.566666667,78.57333333300001,88,0
20160718_JJ,27.15,3.9,25.05,82.7,16,0
20160718_JN,29.281818182,9.3363636364,24.381818181999996,80.786363636,60,0
20160718_SU,28.4,7.7,24.4,75.1,240,0
20160718_US,29.0,7.9,24.4,87.9,17,0
20160719_BS,28.4,5.2,25.2,79.1,96,0
20160719_CB,32.186666667,13.08,25.893333333,70.273333333,28,0
20160719_CN,31.8625,12.50625,25.70625,80.4375,56,0
20160719_DG,29.8,7.2,25.1,74.4,56,0
20160719_DJ,32.4,12.1,26.7,76.8,37,0
20160719_GB,28.720833333,8.508333333300001,24.145833333000002,79.6375,60,0
20160719_GG,32.195238095,12.088095238,26.373809524000002,73.652380952,185,0
20160719_GJ,31.7,9.6,26.9,75.9,41,0
20160719_GN,29.672727273000003,7.5181818182,25.154545455,79.886363636,67,0
20160719_GW,28.611111111,9.133333333300001,23.416666666999998,80.244444444,30,0
20160719_IC,30.34,8.82,26.02,88.46,49,0
20160719_JB,31.873333333,12.34,25.573333333,77.373333333,68,0
20160719_JJ,30.3,5.8,27.05,84.85,12,0
20160719_JN,30.090909091,8.2409090909,25.718181818,79.959090909,57,0
20160719_SU,32.4,11.5,27.1,65.5,246,0
20160719_US,26.6,4.6,23.4,91.1,8,0
20160720_BS,28.4,6.2,24.7,72.8,74,0
20160720_CB,30.393333333,8.2,26.013333333000002,70.493333333,26,0
20160720_CN,32.25625,9.71875,26.8625,81.075,56,0
20160720_DG,29.0,7.0,24.7,67.5,56,0
20160720_DJ,31.8,8.0,27.3,77.3,45,0
20160720_GB,26.883333333000003,5.9458333333,23.379166667,80.0875,74,0
20160720_GG,32.669047619000004,9.483333333300001,27.95952381,69.461904762,218,0
20160720_GJ,32.7,9.9,27.3,72.6,42,0
20160720_GN,30.072727273,9.0136363636,24.963636364,73.44090909100001,58,0
20160720_GW,29.005555555999997,8.9888888889,23.916666666999998,77.43333333300001,39,0
20160720_IC,31.57,7.32,27.91,88.07,49,0
20160720_JB,32.613333333,10.8,27.066666667,72.626666667,72,0
20160720_JJ,30.25,4.75,27.1,82.15,13,0
20160720_JN,30.459090909,8.1772727273,26.022727273,75.295454545,50,0
20160720_SU,32.9,8.9,28.6,62.5,247,0
20160720_US,26.3,5.7,23.0,85.4,13,0
20160721_BS,27.9,6.3,24.4,73.6,84,0
20160721_CB,31.04,9.38,25.72,68.586666667,28,0
20160721_CN,32.00625,9.39375,27.10625,78.4125,43,0
20160721_DG,29.2,8.1,24.1,69.1,59,0
20160721_DJ,31.6,9.4,27.0,74.6,46,0
20160721_GB,27.65,7.8083333333,23.375,77.6625,65,0
20160721_GG,31.816666667,7.8214285714,27.495238095,68.273809524,211,0
20160721_GJ,33.1,10.1,27.4,72.8,42,1
20160721_GN,29.554545455,8.4545454545,24.627272726999998,75.8,66,0
20160721_GW,28.461111110999997,8.472222222200001,23.666666666999998,77.15,33,0
20160721_IC,31.51,6.64,27.87,84.86,52,0
20160721_JB,32.62,10.22,26.966666667,71.94,81,0
20160721_JJ,29.3,3.9,27.1,84.6,11,0
20160721_JN,30.059090909000002,7.8181818182,25.672727273000003,76.477272727,68,0
20160721_SU,32.2,7.3,28.3,61.3,235,0
20160721_US,26.9,8.0,22.8,85.6,11,0
20160722_BS,28.2,6.6,24.5,75.0,75,0
20160722_CB,32.626666666999995,10.406666667,27.22,64.62,30,0
20160722_CN,32.9625,9.8,27.95,78.63125,67,0
20160722_DG,30.6,9.7,25.1,66.4,50,0
20160722_DJ,33.2,9.6,28.4,71.8,34,1
20160722_GB,29.275,9.7791666667,24.016666667,75.083333333,67,0
20160722_GG,33.716666667,9.266666666699999,28.692857143,68.72380952399999,180,1
20160722_GJ,32.2,8.6,27.3,78.3,36,0
20160722_GN,29.454545455,7.9409090909,24.636363636,77.518181818,63,0
20160722_GW,30.672222222,10.6,24.911111111,73.422222222,34,0
20160722_IC,32.29,6.55,28.42,87.36,46,0
20160722_JB,33.12,10.293333333,27.513333333000002,73.3,87,1
20160722_JJ,29.2,3.55,27.1,85.85,15,0
20160722_JN,29.754545455,6.990909090900001,25.709090909,79.240909091,42,0
20160722_SU,34.1,8.8,29.1,64.0,187,1
20160722_US,27.2,8.3,23.0,84.5,10,0
20160723_BS,29.5,7.3,25.3,77.6,15,0
20160723_CB,33.113333333,9.766666666699999,28.133333333000003,67.353333333,10,1
20160723_CN,32.425,8.50625,28.0625,80.05,15,0
20160723_DG,34.0,13.4,27.3,63.5,15,1
20160723_DJ,33.6,8.8,29.5,73.5,9,1
20160723_GB,30.95,10.65,25.116666666999997,77.075,24,0
20160723_GG,31.59047619,5.5166666667,28.297619048,76.711904762,44,0
20160723_GJ,32.8,9.7,27.9,76.5,12,0
20160723_GN,30.631818181999996,9.5818181818,25.563636364,76.6,17,0
20160723_GW,29.538888889000003,8.7166666667,24.738888889000002,80.572222222,6,0
20160723_IC,30.14,4.44,27.62,92.94,9,0
20160723_JB,33.453333333,10.973333333,27.68,74.106666667,16,1
20160723_JJ,30.7,5.2,27.65,84.55,2,0
20160723_JN,30.813636364,8.6727272727,26.313636364,80.045454545,16,0
20160723_SU,31.6,4.4,28.7,70.4,65,0
20160723_US,29.9,9.7,24.9,84.5,2,0
20160724_BS,30.4,7.1,26.7,85.1,0,0
20160724_CB,32.8,7.4733333333,28.566666667,74.02,1,0
20160724_CN,31.99375,6.9125,27.96875,85.75625,0,0
20160724_DG,36.0,12.6,27.6,73.3,1,1
20160724_DJ,32.9,6.5,29.6,76.8,1,0
20160724_GB,33.258333333,11.1625,27.216666667,79.025,0,1
20160724_GG,30.988095238000003,4.5452380952,27.976190476,82.98095238100001,9,0
20160724_GJ,34.2,8.8,29.3,79.5,0,1
20160724_GN,33.031818181999995,11.113636364000001,27.277272727,81.222727273,1,1
20160724_GW,28.222222222,5.1,25.227777778000004,86.744444444,1,0
20160724_IC,28.68,2.47,26.85,96.89,1,0
20160724_JB,33.473333333,9.7266666667,28.206666666999997,76.673333333,3,1
20160724_JN,32.431818182,8.3863636364,28.040909091,83.3,2,0
20160724_SU,30.1,3.1,28.0,77.9,12,0
20160724_US,33.3,11.6,27.4,84.8,0,1
20160725_BS,31.2,5.2,27.5,85.4,80,0
20160725_CB,32.486666667,6.8533333333,28.233333333,75.62,31,0
20160725_CN,31.88125,7.10625,27.78125,85.3125,56,0
20160725_DG,32.6,8.0,27.1,83.9,71,0
20160725_DJ,32.5,5.6,29.2,75.0,41,0
20160725_GB,30.891666667,6.7583333333,26.6375,88.05,65,0
20160725_GG,31.752380952,6.0285714286,28.138095238000002,82.945238095,238,0
20160725_GJ,33.9,7.9,29.6,77.6,48,1
20160725_GN,33.227272727,8.1636363636,27.740909091,84.595454545,69,1
20160725_GW,28.466666667,5.2222222222,25.233333333,88.25,51,0
20160725_IC,29.77,4.51,26.92,96.59,44,0
20160725_JB,32.886666667,7.82,28.373333333,77.593333333,91,0
20160725_JJ,31.2,5.1,28.4,82.2,18,0
20160725_JN,32.772727273,7.527272727300001,28.554545455,80.804545455,73,0
20160725_SU,31.4,5.0,28.4,75.3,228,0
20160725_US,31.7,7.5,26.7,93.4,15,0
20160726_BS,31.1,4.9,28.3,82.1,80,0
20160726_CB,33.206666667,9.8,28.066666667,69.246666667,37,1
20160726_CN,32.375,8.875,27.7625,82.85625,59,0
20160726_DG,35.0,9.6,29.7,68.6,57,1
20160726_DJ,33.3,9.1,29.0,73.5,22,1
20160726_GB,34.0,10.295833333,28.358333333,75.2125,56,1
20160726_GG,31.976190476,7.45,27.828571429,78.57619047600001,194,0
20160726_GJ,34.3,8.3,29.8,77.9,44,1
20160726_GN,33.118181818000004,8.1363636364,28.55,81.290909091,60,1
20160726_GW,30.316666667,7.3166666667,26.305555555999998,79.75,26,0
20160726_IC,29.18,4.1,26.93,96.26,54,0
20160726_JB,33.426666667,9.5666666667,28.346666666999997,75.826666667,88,1
20160726_JJ,31.5,5.0,28.75,83.05,7,0
20160726_JN,32.681818182,7.7909090909000005,28.5,82.218181818,62,0
20160726_SU,31.9,6.3,28.4,69.0,239,0
20160726_US,33.8,9.6,28.6,83.5,13,1
20160727_BS,32.2,5.9,28.7,80.0,76,0
20160727_CB,31.7,7.7933333333000006,27.54,74.813333333,30,0
20160727_CN,30.525,6.18125,27.46875,87.45,49,0
20160727_DG,36.1,10.3,30.3,63.5,56,1
20160727_DJ,31.8,5.9,28.7,77.9,20,0
20160727_GB,34.141666666999996,10.1875,28.820833333000003,71.108333333,60,1
20160727_GG,29.226190476,3.9047619048000004,27.238095238000003,83.926190476,199,0
20160727_GJ,32.8,6.5,28.8,82.0,31,0
20160727_GN,33.7,8.35,29.013636364,78.3,66,1
20160727_GW,29.238888889000002,5.0944444444,26.488888889000002,78.84444444399999,35,0
20160727_IC,28.02,2.23,26.64,96.54,49,0
20160727_JB,32.853333333,8.766666666699999,28.173333333000002,74.74,52,0
20160727_JJ,32.15,5.25,29.05,83.3,14,0
20160727_JN,32.213636364,7.0545454545,28.213636364,84.304545455,63,0
20160727_SU,28.9,2.2,27.6,76.4,205,0
20160727_US,33.6,8.5,29.0,77.3,10,1
20160728_BS,31.4,4.2,28.5,81.6,61,0
20160728_CB,32.98,8.64,28.266666667,67.6,20,0
20160728_CN,31.125,7.75,27.3375,82.725,48,0
20160728_DG,35.4,8.1,30.8,62.6,61,1
20160728_DJ,32.3,7.2,28.9,70.5,28,0
20160728_GB,34.4625,9.804166666699999,28.983333333,71.395833333,60,1
20160728_GG,30.773809524,5.4214285714,27.735714286,78.138095238,169,0
20160728_GJ,33.9,7.4,29.7,82.9,33,1
20160728_GN,33.068181818,6.5863636364,28.959090909,80.072727273,61,1
20160728_GW,31.866666666999997,7.8444444444000005,27.511111110999998,74.061111111,49,0
20160728_IC,28.13,3.77,26.09,96.02,47,0
20160728_JB,32.2,7.7866666666999995,27.993333333000002,76.206666667,81,0
20160728_JJ,32.95,5.35,29.2,83.9,13,0
20160728_JN,32.65,6.2909090909000005,28.986363636,84.663636364,59,0
20160728_SU,30.5,3.8,28.0,70.6,195,0
20160728_US,33.1,6.6,29.4,79.8,3,1
20160729_BS,31.9,5.8,28.7,81.8,68,0
20160729_CB,29.873333333,7.02,26.066666667,82.18,30,0
20160729_CN,30.31875,7.35,26.5125,89.6,49,0
20160729_DG,36.0,9.8,30.9,67.1,60,1
20160729_DJ,32.5,8.4,28.2,80.5,36,0
20160729_GB,33.508333333,10.45,28.216666667,75.1,61,1
20160729_GG,27.864285714,4.6214285714,25.688095238000002,90.123809524,145,0
20160729_GJ,35.3,7.7,30.5,79.0,32,1
20160729_GN,34.059090909,8.4545454545,29.090909091,80.786363636,59,1
20160729_GW,28.527777778,5.25,25.711111110999997,81.877777778,44,0
20160729_IC,27.88,4.66,25.54,96.76,36,0
20160729_JB,34.353333333,9.946666666699999,29.053333333,76.386666667,87,1
20160729_JJ,32.05,4.3,29.55,81.05,15,0
20160729_JN,33.777272726999996,7.531818181799999,29.409090909,82.145454545,58,1
20160729_SU,28.4,5.0,26.3,82.3,189,0
20160729_US,34.2,8.8,29.4,81.6,13,1
20160730_BS,32.7,5.9,28.8,81.1,18,0
20160730_CB,32.306666666999995,7.9,27.02,84.413333333,13,0
20160730_CN,32.3375,7.275,27.8875,89.51875,19,0
20160730_DG,35.1,9.4,29.7,70.5,19,1
20160730_DJ,34.0,7.7,29.1,81.5,13,1
20160730_GB,34.033333333,9.5666666667,28.375,78.104166667,18,1
20160730_GG,32.635714286,7.0904761904999996,28.15,82.67380952399999,45,0
20160730_GJ,34.5,7.5,30.4,77.8,8,1
20160730_GN,34.772727273,9.4545454545,29.272727273,78.745454545,17,1
20160730_GW,31.883333333000003,7.3388888889,27.466666667,80.777777778,8,0
20160730_IC,30.36,5.87,26.97,92.86,10,0
20160730_JB,34.32,9.1133333333,29.08,75.826666667,33,1
20160730_JJ,32.4,5.0,29.35,79.7,1,0
20160730_JN,33.409090909,7.3545454545,29.268181818000002,81.44090909100001,20,1
20160730_SU,33.0,6.6,28.6,73.5,38,0
20160730_US,31.9,5.8,28.9,86.6,4,0
20160731_BS,32.1,5.8,29.0,75.9,1,0
20160731_CB,33.773333333000004,9.4266666667,28.18,76.233333333,0,1
20160731_CN,33.30625,8.8125,28.01875,85.16875,0,1
20160731_DG,35.1,12.4,28.1,77.0,1,1
20160731_DJ,34.7,8.5,29.9,77.3,1,1
20160731_GB,33.858333333000004,9.9791666667,27.791666666999998,79.725,4,1
20160731_GG,32.980952381,7.3404761904999996,28.364285714,81.380952381,13,0
20160731_GJ,36.0,9.6,30.2,72.8,0,1
20160731_GN,35.095454545,10.35,28.609090909000003,78.454545455,0,1
20160731_GW,31.65,8.1833333333,26.494444444000003,83.54444444399999,2,0
20160731_IC,30.57,4.64,27.63,95.6,0,0
20160731_JB,33.926666667,9.32,28.44,76.4,2,1
20160731_JJ,31.05,4.35,28.75,78.75,0,0
20160731_JN,34.168181818,8.6272727273,29.168181818,77.640909091,1,1
20160731_SU,32.8,6.2,28.9,72.1,7,0
20160731_US,33.0,9.5,27.8,86.9,1,0
20160801_BS,31.8,7.0,27.8,81.8,652,0
20160801_CB,32.646666667,9.1,27.66,74.18,132,0
20160801_CN,32.1125,8.66875,27.4,85.14375,282,0
20160801_DG,34.3,10.9,27.6,74.5,288,1
20160801_DJ,32.9,7.6,28.7,78.6,216,0
20160801_GB,33.066666667,9.983333333300001,27.129166667,79.99583333300001,371,1
20160801_GG,32.066666667,7.0119047619,27.814285714,80.821428571,926,0
20160801_GJ,35.7,10.1,30.0,71.9,222,1
20160801_GN,34.068181818,10.25,27.263636364,82.85,475,1
20160801_GW,30.705555556,8.0666666667,26.05,82.272222222,99,0
20160801_IC,29.51,4.63,26.89,96.34,174,0
20160801_JB,33.32,9.68,28.033333333,76.113333333,417,1
20160801_JJ,32.2,5.7,28.9,73.25,34,0
20160801_JN,34.131818181999996,9.4727272727,28.8,77.454545455,296,1
20160801_SU,32.4,6.6,28.4,72.0,567,0
20160801_US,32.6,9.0,25.8,94.1,146,0
20160802_BS,31.1,5.9,27.3,79.9,101,0
20160802_CB,30.42,7.666666666699999,26.506666666999998,78.74,28,0
20160802_CN,30.94375,7.40625,26.68125,88.3125,55,0
20160802_DG,32.2,7.9,26.7,79.4,56,0
20160802_DJ,30.3,6.4,27.3,82.1,30,0
20160802_GB,30.533333333,7.458333333300001,25.758333333000003,85.8625,74,0
20160802_GG,30.85,6.2666666667,27.121428571,81.238095238,223,0
20160802_GJ,31.1,5.6,28.1,83.9,47,0
20160802_GN,32.818181818,9.5181818182,26.227272727,85.077272727,75,0
20160802_GW,29.966666667,6.8833333333,25.633333333000003,84.122222222,30,0
20160802_IC,29.97,5.01,26.85,96.21,49,0
20160802_JB,30.906666667,7.0133333333,26.846666666999997,80.266666667,93,0
20160802_JJ,31.05,4.15,28.55,78.65,11,0
20160802_JN,30.895454545,6.5227272727,27.318181818000003,84.790909091,55,0
20160802_SU,31.1,6.1,27.2,72.5,222,0
20160802_US,30.9,9.1,24.4,94.8,14,0
20160803_BS,31.1,6.2,27.3,80.9,61,0
20160803_CB,32.713333333,10.286666667,26.906666667,75.806666667,30,0
20160803_CN,32.625,9.725,27.03125,84.00625,53,0
20160803_DG,33.2,9.2,26.5,78.3,65,1
20160803_DJ,34.0,10.8,28.3,75.5,27,1
20160803_GB,31.2375,8.525,25.9,84.891666667,68,0
20160803_GG,34.095238095,10.335714286,28.642857143,71.12857142899999,210,1
20160803_GJ,31.9,7.8,26.6,88.5,23,0
20160803_GN,31.427272727,8.5,26.440909090999998,83.16818181800001,61,0
20160803_GW,31.594444444,9.1277777778,26.344444444,80.188888889,41,0
20160803_IC,32.24,7.3,28.1,87.4,46,0
20160803_JB,31.666666666999998,8.7466666667,26.713333333,78.22,70,0
20160803_JJ,28.7,3.75,27.25,83.25,15,0
20160803_JN,30.877272726999998,7.1454545455,26.604545455,86.872727273,47,0
20160803_SU,34.2,10.2,29.1,65.4,196,1
20160803_US,30.3,7.0,26.0,92.0,9,0
20160804_BS,31.7,6.2,28.3,76.3,70,0
20160804_CB,33.873333333000005,10.64,28.32,70.246666667,37,1
20160804_CN,34.3375,11.00625,28.425,81.0625,38,1
20160804_DG,33.8,10.3,27.7,73.4,45,1
20160804_DJ,35.5,11.0,29.9,70.8,34,1
20160804_GB,32.320833333,9.6541666667,26.9,79.45,72,0
20160804_GG,34.935714286,10.245238095,29.221428571,73.376190476,173,1
20160804_GJ,33.9,10.1,28.6,79.5,31,1
20160804_GN,32.4,8.4090909091,27.431818181999997,79.609090909,61,0
20160804_GW,32.277777778,10.005555556000001,26.661111111,76.166666667,43,0
20160804_IC,33.19,7.53,28.91,91.15,39,1
20160804_JB,34.086666666999996,10.786666667,28.086666667,76.5,76,1
20160804_JJ,31.35,6.3,27.7,84.55,16,0
20160804_JN,32.695454545,8.7181818182,28.081818182,79.209090909,50,0
20160804_SU,35.7,9.7,30.7,59.6,187,1
20160804_US,30.2,6.9,26.6,89.0,2,0
20160805_BS,32.0,6.6,28.1,77.1,85,0
20160805_CB,34.853333333,11.093333333,29.013333333000002,67.82,20,1
20160805_CN,34.23125,10.2625,28.75,81.35625,45,1
20160805_DG,34.5,11.1,28.5,67.9,43,1
20160805_DJ,35.8,10.3,30.7,69.0,37,1
20160805_GB,33.129166667,10.358333333,27.441666667,76.68333333300001,55,1
20160805_GG,35.369047619,10.302380952,29.814285714,71.726190476,156,1
20160805_GJ,35.1,10.0,29.7,77.3,34,1
20160805_GN,33.095454545,9.404545454500001,27.854545455,77.136363636,67,1
20160805_GW,32.944444444,12.038888889,26.65,73.855555556,38,0
20160805_IC,33.36,7.11,29.34,91.15,32,1
20160805_JB,34.24,10.1,28.42,77.673333333,72,1
20160805_JJ,31.05,5.2,28.25,86.45,22,0
20160805_JN,33.395454545,9.3090909091,28.472727273,77.490909091,53,1
20160805_SU,36.0,9.5,31.2,60.1,185,1
20160805_US,31.6,8.6,26.6,88.8,11,0
20160806_BS,32.7,7.3,28.9,77.9,15,0
20160806_CB,35.18,11.386666667,28.9,69.853333333,9,1
20160806_CN,34.1875,10.34375,28.35,82.025,14,1
20160806_DG,35.1,10.6,29.5,67.0,14,1
20160806_DJ,35.4,9.8,29.6,74.3,7,1
20160806_GB,33.958333333,11.220833333,28.0375,75.783333333,18,1
20160806_GG,34.757142857,9.483333333300001,29.638095238000002,72.985714286,62,1
20160806_GJ,34.5,8.4,29.7,78.6,9,1
20160806_GN,33.872727273,9.7409090909,28.440909090999998,76.395454545,22,1
20160806_GW,33.322222222,12.138888889,27.055555555999998,73.644444444,9,1
20160806_IC,33.32,7.16,29.12,88.42,8,1
20160806_JB,34.346666667,10.953333333,28.04,78.646666667,18,1
20160806_JJ,31.85,6.0,28.45,84.0,4,0
20160806_JN,33.463636364,9.140909090900001,28.563636364,78.804545455,15,1
20160806_SU,34.0,7.4,30.5,64.8,36,1
20160806_US,33.0,9.8,27.9,84.9,2,0
20160807_BS,33.0,6.5,29.5,72.4,0,0
20160807_CB,34.646666667,10.526666667,28.72,69.14,1,1
20160807_CN,33.6875,10.2875,27.825,81.5125,0,1
20160807_DG,34.6,9.6,28.6,73.6,0,1
20160807_DJ,34.9,10.6,28.8,78.4,0,1
20160807_GB,35.233333333000004,11.458333332999999,29.045833333,72.295833333,1,1
20160807_GG,34.678571429,8.9761904762,29.452380952,66.714285714,9,1
20160807_GJ,33.1,8.7,27.5,89.6,0,1
20160807_GN,34.072727273000005,9.7318181818,28.595454545,76.977272727,0,1
20160807_GW,33.611111111,10.083333332999999,27.872222221999998,76.822222222,0,1
20160807_IC,32.62,7.11,28.62,82.28,0,0
20160807_JB,34.146666667,10.766666667,27.666666666999998,79.206666667,3,1
20160807_JJ,32.3,6.85,28.4,82.45,0,0
20160807_JN,33.163636364,8.6681818182,27.845454545,84.645454545,2,1
20160807_SU,35.0,8.0,30.6,56.0,8,1
20160807_US,33.3,8.9,28.9,81.9,1,1
20160808_BS,34.4,7.6,29.6,73.0,94,1
20160808_CB,34.76,11.42,28.786666667,67.3,42,1
20160808_CN,34.225,11.30625,28.2,79.28125,65,1
20160808_DG,35.6,10.7,28.5,73.4,75,1
20160808_DJ,34.8,10.3,29.7,72.8,47,1
20160808_GB,34.975,10.6625,28.133333333000003,77.891666667,78,1
20160808_GG,34.933333333,10.147619048,29.369047619,72.564285714,252,1
20160808_GJ,34.8,10.6,27.9,87.5,40,1
20160808_GN,35.686363635999996,11.3,28.227272727,78.427272727,76,1
20160808_GW,33.072222222,9.7,26.966666667,77.444444444,38,1
20160808_IC,32.72,6.89,28.8,90.48,41,0
20160808_JB,33.913333333000004,10.506666667000001,27.733333333,78.54,109,1
20160808_JJ,31.65,4.95,28.8,78.35,15,0
20160808_JN,34.136363636,10.009090909,28.118181818000004,81.631818182,69,1
20160808_SU,35.5,9.1,30.5,63.1,252,1
20160808_US,33.3,8.2,28.6,84.6,21,1
20160809_BS,32.9,6.7,28.9,70.6,85,0
20160809_CB,33.886666667,9.4266666667,28.206666666999997,73.106666667,36,1
20160809_CN,33.6125,9.5375,28.1,83.7,59,1
20160809_DG,31.8,6.9,27.7,66.8,53,0
20160809_DJ,34.3,8.9,28.4,80.9,37,1
20160809_GB,31.383333333000003,8.3791666667,26.683333333,75.104166667,73,0
20160809_GG,33.852380952,8.280952381,29.066666667,74.192857143,201,1
20160809_GJ,32.4,7.6,27.5,92.6,49,0
20160809_GN,32.990909091,8.5409090909,27.831818182,77.836363636,57,0
20160809_GW,31.072222221999997,8.3055555556,26.472222222,74.827777778,41,0
20160809_IC,33.29,8.04,29.08,87.41,52,1
20160809_JB,33.56,9.92,27.98,79.113333333,84,1
20160809_JJ,31.6,4.75,29.25,80.4,18,0
20160809_JN,32.763636364,8.1863636364,27.995454545,84.454545455,70,0
20160809_SU,33.6,7.2,29.3,68.3,227,1
20160809_US,30.1,6.3,26.5,84.0,13,0
20160810_BS,32.2,7.2,29.0,71.6,82,0
20160810_CB,34.24,9.526666666699999,28.74,69.72,33,1
20160810_CN,33.63125,9.20625,28.33125,81.60625,60,1
20160810_DG,35.4,12.4,29.4,62.6,53,1
20160810_DJ,34.6,9.4,29.3,76.4,30,1
20160810_GB,34.808333333,12.491666667,28.045833333,72.395833333,68,1
20160810_GG,33.988095238,8.7380952381,28.9,73.11428571399999,181,1
20160810_GJ,34.5,9.3,29.5,82.6,41,1
20160810_GN,34.277272726999996,10.336363636,28.822727273,75.113636364,74,1
20160810_GW,32.122222222,9.016666666699999,27.25,77.633333333,40,0
20160810_IC,31.02,5.53,28.06,88.36,59,0
20160810_JB,33.986666667,9.12,28.56,77.106666667,67,1
20160810_JJ,31.45,4.15,29.0,80.3,16,0
20160810_JN,33.822727273000005,9.0,28.8,81.19090909100001,61,1
20160810_SU,34.8,8.7,29.4,66.3,210,1
20160810_US,32.6,10.0,27.6,83.0,11,0
20160811_BS,34.8,7.9,30.6,72.1,81,1
20160811_CB,35.113333333,11.966666667,28.966666667,66.793333333,34,1
20160811_CN,34.85,12.175,28.59375,77.70625,55,1
20160811_DG,37.8,12.3,31.4,61.0,48,1
20160811_DJ,35.6,11.2,29.9,70.1,30,1
20160811_GB,35.8125,12.3125,29.195833333000003,71.204166667,57,1
20160811_GG,35.519047619,10.75,29.60952381,73.264285714,181,1
20160811_GJ,36.7,11.5,30.6,72.0,38,1
20160811_GN,36.322727273000005,11.322727273,29.936363636,74.631818182,61,1
20160811_GW,33.727777778000004,9.855555555599999,28.2,74.577777778,29,1
20160811_IC,33.53,7.69,28.92,88.82,47,1
20160811_JB,35.14,11.513333333,28.94,73.586666667,82,1
20160811_JJ,32.2,5.85,29.4,73.45,12,0
20160811_JN,35.859090909,10.686363636,29.854545455,75.7,63,1
20160811_SU,36.4,10.3,30.5,64.1,217,1
20160811_US,34.7,9.7,29.3,82.4,12,1
20160812_BS,34.5,6.6,31.0,72.1,76,1
20160812_CB,35.22,11.286666667,29.233333333,65.306666667,28,1
20160812_CN,34.78125,11.50625,28.625,77.31875,55,1
20160812_DG,37.7,11.3,31.8,58.5,70,1
20160812_DJ,36.5,11.6,30.3,67.5,28,1
20160812_GB,36.404166667,12.3125,29.754166667,69.758333333,68,1
20160812_GG,35.078571429,9.9428571429,29.352380951999997,77.11428571399999,150,1
20160812_GJ,37.2,11.3,30.6,72.6,37,1
20160812_GN,36.236363636,10.504545455,30.486363636,74.136363636,61,1
20160812_GW,34.311111111,10.627777777999999,28.6,73.311111111,34,1
20160812_IC,32.35,6.12,28.91,90.84,48,0
20160812_JB,35.146666667,11.2,28.88,74.28,54,1
20160812_JJ,32.9,6.05,29.7,71.85,7,0
20160812_JN,35.7,10.445454545,29.813636364,75.35,62,1
20160812_SU,35.9,9.5,30.4,68.3,238,1
20160812_US,35.3,9.7,29.8,83.9,12,1
20160813_BS,35.3,7.1,31.3,66.1,22,1
20160813_CB,34.526666667,10.426666667000001,28.98,68.226666667,11,1
20160813_CN,34.03125,10.48125,28.46875,80.93125,11,1
20160813_DG,38.1,12.0,32.4,51.1,9,1
20160813_DJ,36.0,10.8,30.2,70.6,8,1
20160813_GB,36.7625,12.4125,30.075,66.258333333,19,1
20160813_GG,34.521428571,8.5119047619,29.614285714,75.328571429,53,1
20160813_GJ,35.7,10.3,30.1,73.1,11,1
20160813_GN,36.345454545,10.663636364,30.295454545,70.445454545,28,1
20160813_GW,34.533333333,9.8277777778,29.155555556,72.188888889,10,1
20160813_IC,31.78,5.3,28.81,94.8,14,0
20160813_JB,34.38,10.92,28.48,75.44,22,1
20160813_JJ,33.0,6.25,29.85,68.65,2,0
20160813_JN,35.240909091,10.372727272999999,29.622727273000002,74.31363636399999,11,1
20160813_SU,35.1,8.3,30.2,67.9,61,1
20160813_US,35.7,9.7,31.0,75.9,2,1
20160814_BS,37.3,9.0,31.7,63.8,0,1
20160814_CB,33.713333333,9.0066666667,28.66,72.693333333,1,1
20160814_CN,33.50625,9.2875,28.45625,83.20625,1,1
20160814_DG,37.0,10.5,31.9,54.8,0,1
20160814_DJ,35.0,8.9,29.9,75.1,0,1
20160814_GB,35.375,10.6875,29.670833333,68.15,3,1
20160814_GG,32.514285714,6.3785714286,28.69047619,81.969047619,8,0
20160814_GN,36.55,11.309090909000002,30.304545455,69.904545455,3,1
20160814_GW,33.011111111,8.233333333300001,27.766666667,80.377777778,0,1
20160814_IC,30.33,3.62,28.33,96.46,2,0
20160814_JB,34.206666667,9.68,28.873333333,77.48,3,1
20160814_JJ,32.95,6.2,29.9,72.1,1,0
20160814_JN,34.3,8.9954545455,29.386363636,78.536363636,0,1
20160814_SU,31.8,4.5,28.9,74.0,7,0
20160814_US,34.9,7.9,30.3,73.4,2,1
20160815_BS,36.6,11.3,29.4,75.0,10,1
20160815_CB,34.333333333,9.4266666667,28.713333333,67.006666667,0,1
20160815_CN,33.55625,8.975,28.025,79.3625,4,1
20160815_DG,36.0,9.1,30.7,61.9,4,1
20160815_DJ,35.5,9.0,30.0,70.6,0,1
20160815_GB,34.604166667,9.8083333333,28.55,73.616666667,5,1
20160815_GG,33.754761905,8.4285714286,28.685714286,73.071428571,10,1
20160815_GJ,32.6,6.4,28.8,85.8,1,0
20160815_GN,35.118181818000004,9.304545454500001,29.05,76.609090909,4,1
20160815_GW,32.255555556,7.4,27.833333333000002,76.416666667,4,0
20160815_IC,31.5,5.93,27.87,87.89,3,0
20160815_JB,32.933333333,8.28,27.86,79.393333333,2,0
20160815_JJ,33.05,5.8,29.8,72.2,1,1
20160815_JN,32.827272727,7.131818181799999,28.504545455,82.44090909100001,6,0
20160815_SU,34.0,8.2,29.1,65.5,12,1
20160815_US,33.8,8.3,28.4,83.6,1,1
20160816_BS,30.9,5.9,28.0,80.3,106,0
20160816_CB,34.32,9.2866666667,28.833333333000002,61.373333333000005,46,1
20160816_CN,34.21875,10.475,27.99375,72.8125,86,1
20160816_DG,32.8,7.2,28.3,65.0,76,0
20160816_DJ,35.5,9.4,29.9,64.1,48,1
20160816_GB,32.608333333000004,8.5333333333,27.433333333,72.945833333,71,0
20160816_GG,34.323809524,9.535714285700001,28.861904761999998,70.19047619,239,1
20160816_GJ,34.9,9.9,28.7,76.0,55,1
20160816_GN,32.659090909,7.4227272726999995,27.813636364,80.277272727,91,0
20160816_GW,32.366666667,8.8611111111,27.044444444,75.472222222,48,0
20160816_IC,31.75,6.46,28.37,89.79,63,0
20160816_JB,33.68,9.82,27.766666667,71.606666667,105,1
20160816_JJ,32.55,5.35,29.55,69.45,15,0
20160816_JN,33.704545455,9.1909090909,28.163636364000002,75.613636364,76,1
20160816_SU,34.9,8.7,29.3,64.9,193,1
20160816_US,30.2,6.0,26.8,86.5,18,0
20160817_BS,32.3,7.0,28.5,70.3,95,0
20160817_CB,34.113333333,10.566666667,28.506666666999998,63.14,35,1
20160817_CN,33.95625,11.4375,27.71875,77.6375,49,1
20160817_DG,35.2,11.6,28.2,66.5,68,1
20160817_DJ,35.1,10.4,29.8,66.4,44,1
20160817_GB,33.383333333,10.583333332999999,27.354166666999998,72.954166667,69,1
20160817_GG,34.35,9.95,28.95,71.31666666699999,185,1
20160817_GJ,34.1,9.3,28.4,82.4,38,1
20160817_GN,33.595454545,9.5818181818,27.804545455,76.213636364,58,1
20160817_GW,32.361111111,9.8333333333,26.877777778000002,75.027777778,33,0
20160817_IC,32.44,6.98,28.75,87.33,44,0
20160817_JB,33.233333333000004,10.326666667000001,27.773333333000004,73.393333333,73,1
20160817_JJ,32.45,7.1,28.6,69.0,12,0
20160817_JN,32.977272727,9.0909090909,27.845454545,80.454545455,51,0
20160817_SU,34.7,9.6,29.9,60.4,226,1
20160817_US,31.6,8.7,27.0,83.9,20,0
20160818_BS,32.5,6.8,28.6,71.8,77,0
20160818_CB,34.826666667,10.846666667000001,28.94,64.46,30,1
20160818_CN,33.7625,10.4375,27.95,78.8375,50,1
20160818_DG,35.0,11.0,28.8,64.4,65,1
20160818_DJ,34.8,9.5,29.7,70.6,40,1
20160818_GB,33.55,10.616666667,27.683333333,72.19166666699999,83,1
20160818_GG,34.469047619,9.4452380952,29.15,69.561904762,181,1
20160818_GJ,34.7,10.6,28.9,79.3,39,1
20160818_GN,33.822727273000005,9.6272727273,28.218181818,73.863636364,60,1
20160818_GW,32.55,9.7611111111,26.95,77.266666667,41,0
20160818_IC,32.77,7.07,28.74,83.81,39,0
20160818_JB,34.106666667,9.8266666667,27.966666667,76.593333333,90,1
20160818_JJ,31.95,5.1,29.3,76.6,12,0
20160818_JN,33.890909091,9.4863636364,28.495454545,77.01363636399999,70,1
20160818_SU,34.3,8.1,29.9,61.9,219,1
20160818_US,30.8,7.4,27.1,83.6,10,0
20160819_BS,32.7,7.1,28.6,71.1,77,0
20160819_CB,35.293333333,10.72,29.186666666999997,61.733333333000004,36,1
20160819_CN,33.86875,9.925,28.40625,79.0,45,1
20160819_DG,34.6,10.7,28.6,63.5,51,1
20160819_DJ,37.3,12.3,30.3,66.5,42,1
20160819_GB,33.75,10.895833332999999,27.783333333,69.12083333300001,64,1
20160819_GG,33.404761905,7.588095238099999,29.05952381,73.992857143,163,1
20160819_GJ,34.8,9.7,29.6,73.4,30,1
20160819_GN,34.359090909,10.895454545,28.25,71.695454545,64,1
20160819_GW,32.183333333,8.3444444444,27.188888889,76.7,32,0
20160819_IC,31.87,5.26,29.06,87.1,38,0
20160819_JB,34.693333333000005,11.22,28.08,71.813333333,68,1
20160819_JJ,31.6,5.05,28.75,81.15,23,0
20160819_JN,33.836363636,9.554545454500001,28.7,74.790909091,59,1
20160819_SU,33.2,6.6,28.9,69.5,221,1
20160819_US,31.3,8.0,27.1,82.8,12,0
20160820_BS,31.7,5.8,28.6,68.0,16,0
20160820_CB,36.04,11.5,29.62,53.053333333000005,17,1
20160820_CN,35.2625,10.55625,28.8375,75.975,13,1
20160820_DG,33.6,10.2,28.1,62.5,16,1
20160820_DJ,37.6,11.4,31.2,56.4,9,1
20160820_GB,33.45,10.925,27.366666666999997,67.9625,22,1
20160820_GG,34.869047619,8.435714285700001,29.861904761999998,65.70952381,52,1
20160820_GJ,35.9,9.9,29.9,76.3,13,1
20160820_GN,34.122727273,9.5590909091,28.359090909000003,68.18636363600001,19,1
20160820_GW,33.233333333000004,9.538888888899999,27.755555555999997,71.116666667,6,1
20160820_IC,33.91,6.73,29.32,84.61,12,1
20160820_JB,35.32,11.273333333,28.413333333,71.966666667,23,1
20160820_JJ,32.05,5.8,28.65,76.25,2,0
20160820_JN,34.081818182,9.2090909091,28.663636364000002,76.068181818,17,1
20160820_SU,34.9,8.4,30.1,59.0,47,1
20160820_US,30.6,6.6,27.2,78.6,3,0
20160821_BS,33.3,7.4,29.1,68.4,1,1
20160821_CB,34.446666666999995,11.173333332999999,28.286666667,54.26,1,1
20160821_CN,33.8625,10.18125,28.06875,69.56875,2,1
20160821_DG,33.9,10.3,28.4,60.8,0,1
20160821_DJ,34.9,9.7,29.7,56.6,2,1
20160821_GB,33.366666667,11.629166667,27.275,68.845833333,3,1
20160821_GG,35.702380952,9.280952381,29.85,61.61904761899999,5,1
20160821_GJ,35.9,10.2,29.9,73.0,0,1
20160821_GN,34.159090909,11.118181818,28.363636364,68.1,6,1
20160821_GW,32.333333333,9.6277777778,26.538888889000003,73.4,0,0
20160821_IC,33.88,6.93,29.62,75.64,0,1
20160821_JB,34.74,12.24,28.246666667,66.56666666699999,2,1
20160821_JJ,31.9,5.6,28.8,72.1,1,0
20160821_JN,34.213636364,9.7818181818,28.845454545,73.540909091,2,1
20160821_SU,36.6,9.7,30.7,57.5,9,1
20160821_US,30.8,5.4,27.4,81.1,2,0
20160822_BS,32.5,6.2,28.9,70.1,68,0
20160822_CB,35.193333333000005,12.673333332999999,28.7,59.0,43,1
20160822_CN,34.68125,12.43125,28.2,74.58125,63,1
20160822_DG,34.6,11.3,28.4,65.3,81,1
20160822_DJ,36.7,12.7,30.3,61.5,33,1
20160822_GB,33.379166667,11.445833333,27.35,70.291666667,72,1
20160822_GG,35.107142857,10.445238095,29.369047619,68.592857143,201,1
20160822_GJ,35.7,10.0,29.8,76.3,44,1
20160822_GN,34.990909091,11.309090909000002,28.609090909000003,70.118181818,78,1
20160822_GW,32.566666667,10.561111111,26.55,73.06666666699999,36,0
20160822_IC,33.63,8.51,28.92,85.55,50,1
20160822_JB,34.633333333,11.766666667,28.18,71.38,87,1
20160822_JJ,32.4,4.95,29.35,74.45,17,0
20160822_JN,34.172727273,9.463636363600001,28.795454545,77.863636364,70,1
20160822_SU,36.3,10.5,30.7,58.0,246,1
20160822_US,31.6,7.1,27.4,82.8,19,0
20160823_BS,31.2,5.7,27.6,70.3,94,0
20160823_CB,33.46,9.2266666667,28.086666667,64.146666667,31,1
20160823_CN,32.425,9.0125,27.31875,81.925,63,0
20160823_DG,32.5,8.0,27.9,64.4,72,0
20160823_DJ,33.4,8.0,28.8,74.3,26,1
20160823_GB,31.558333333,8.8458333333,26.558333333,71.50416666699999,55,0
20160823_GG,33.183333333,7.880952381,28.373809524000002,72.111904762,161,1
20160823_GJ,34.1,9.7,27.9,86.0,46,1
20160823_GN,31.840909091,7.3772727273,27.468181818,73.3,67,0
20160823_GW,32.266666666999996,10.405555556,26.611111111,70.494444444,38,0
20160823_IC,31.95,5.69,28.67,84.46,61,0
20160823_JB,31.886666666999997,8.133333333300001,27.126666667,79.28,96,0
20160823_JJ,31.55,5.3,28.75,73.7,26,0
20160823_JN,32.55,7.954545454500001,27.9,80.6,70,0
20160823_SU,33.0,7.0,28.3,68.8,231,0
20160823_US,29.7,5.8,26.3,81.8,9,0
20160824_BS,31.8,7.6,27.6,66.0,85,0
20160824_CB,34.1,10.86,28.073333333,54.54,44,1
20160824_CN,33.14375,9.7875,27.7,76.15625,55,1
20160824_DG,33.9,11.8,27.5,61.5,62,1
20160824_DJ,34.5,10.8,28.9,66.8,41,1
20160824_GB,33.020833333,11.741666667,26.416666666999998,66.583333333,65,1
20160824_GG,33.1,7.5738095238,28.64047619,64.964285714,190,1
20160824_GJ,34.9,10.4,29.1,72.6,34,1
20160824_GN,33.881818181999996,11.536363635999999,27.204545455,64.127272727,62,1
20160824_GW,31.505555555999997,8.972222222200001,26.194444444000002,70.15555555600001,28,0
20160824_IC,31.8,5.95,28.08,81.28,46,0
20160824_JB,34.226666666999996,10.913333332999999,27.973333333000003,71.98,80,1
20160824_JJ,30.9,4.6,28.2,74.25,10,0
20160824_JN,34.118181818000004,10.436363636,28.109090909000003,69.527272727,66,1
20160824_SU,32.9,6.5,29.1,59.1,206,0
20160824_US,30.1,8.1,25.8,80.0,16,0
20160825_BS,33.4,8.5,28.6,73.4,67,1
20160825_CB,33.746666667,12.2,27.606666667,59.626666666999995,29,1
20160825_CN,33.45,11.26875,27.5,75.33125,61,1
20160825_DG,36.2,15.2,29.5,54.9,56,1
20160825_DJ,33.9,10.1,28.5,65.9,34,1
20160825_GB,34.483333333000004,14.645833332999999,27.429166666999997,65.075,59,1
20160825_GG,32.84047619,9.4785714286,27.133333333000003,73.633333333,178,0
20160825_GJ,35.0,10.8,28.8,68.3,39,1
20160825_GN,34.263636364,12.890909091,27.563636364,70.659090909,65,1
20160825_GW,32.411111111,11.455555555999998,26.061111111,73.21111111100001,41,0
20160825_IC,30.94,7.67,26.78,88.83,58,0
20160825_JB,33.54,11.693333333,27.046666666999997,69.833333333,85,1
20160825_JJ,31.45,5.0,28.35,78.1,10,0
20160825_JN,33.904545455,11.336363636,27.795454545,72.204545455,62,1
20160825_SU,32.2,8.2,27.1,70.4,227,0
20160825_US,32.7,11.0,27.5,82.0,8,0
20160826_BS,27.9,7.1,24.3,74.6,87,0
20160826_CB,26.14,9.026666666699999,20.5,78.56666666699999,36,0
20160826_CN,26.01875,7.075,21.89375,87.2,51,0
20160826_DG,30.2,11.1,22.3,75.9,61,0
20160826_DJ,27.4,8.3,22.0,84.4,31,0
20160826_GB,26.9125,9.7833333333,20.333333333,83.866666667,56,0
20160826_GG,26.938095238000002,8.0761904762,22.302380951999996,66.416666667,158,0
20160826_GJ,28.5,9.0,23.9,93.8,32,0
20160826_GN,28.445454545,9.0772727273,22.809090909000002,84.16818181800001,51,0
20160826_GW,24.627777778000002,9.288888888899999,19.65,72.65,33,0
20160826_IC,27.05,7.09,23.11,67.18,41,0
20160826_JB,26.26,7.34,22.48,87.48666666700001,69,0
20160826_JJ,31.7,6.2,27.95,73.9,10,0
20160826_JN,29.877272726999998,9.45,24.381818181999996,85.75,57,0
20160826_SU,28.2,8.7,23.0,57.0,200,0
20160826_US,27.2,8.3,22.3,85.9,11,0
20160827_BS,28.2,8.4,23.6,61.6,16,0
20160827_CB,27.033333333,11.7,21.64,58.006666667,10,0
20160827_CN,27.5,9.8875,22.44375,67.78125,12,0
20160827_DG,27.4,8.8,23.1,56.9,13,0
20160827_DJ,27.9,9.9,22.6,63.9,8,0
20160827_GB,27.079166667,10.658333333,21.641666667,64.033333333,21,0
20160827_GG,28.854761905,12.754761905,22.842857143000003,50.076190476,56,0
20160827_GJ,26.2,7.5,22.2,82.3,9,0
20160827_GN,28.513636364,9.1772727273,23.418181818,60.5,16,0
20160827_GW,26.305555555999998,12.866666667,20.316666667,65.861111111,7,0
20160827_IC,28.03,9.7,23.55,51.48,8,0
20160827_JB,26.34,7.6933333333,22.18,69.266666667,24,0
20160827_JJ,25.7,3.5,24.4,83.95,2,0
20160827_JN,26.236363636,6.6272727273,22.5,75.981818182,24,0
20160827_SU,29.7,12.8,23.4,43.3,64,0
20160827_US,25.9,4.5,23.3,61.5,0,0
20160828_BS,24.0,6.4,19.0,94.3,1,0
20160828_CB,23.333333333000002,6.32,19.36,77.973333333,0,0
20160828_CN,25.16875,7.76875,20.325,80.79375,2,0
20160828_DG,23.0,5.1,19.3,88.6,3,0
20160828_DJ,24.5,6.7,20.0,81.8,2,0
20160828_GB,21.7125,4.5041666667,18.691666667,92.55,1,0
20160828_GG,23.926190476,5.7476190476,20.707142857,68.164285714,7,0
20160828_GJ,25.5,8.8,20.4,84.6,1,0
20160828_GN,22.463636364,4.909090909100001,18.968181817999998,90.113636364,1,0
20160828_GW,21.516666667,4.9555555556,18.805555555999998,83.43333333300001,0,0
20160828_IC,25.89,6.56,22.08,68.39,2,0
20160828_JB,23.793333333000003,6.4733333333,19.713333332999998,82.326666667,0,0
20160828_JJ,25.95,5.5,23.0,80.15,0,0
20160828_JN,25.027272727,8.1363636364,20.322727272999998,82.245454545,0,0
20160828_SU,24.5,6.2,21.0,62.5,6,0
20160828_US,23.2,5.7,18.7,97.6,0,0
20160829_BS,25.7,8.2,21.3,66.8,64,0
20160829_CB,25.093333333,9.133333333300001,19.433333333,70.226666667,54,0
20160829_CN,27.075,11.475,20.8625,74.2875,68,0
20160829_DG,25.6,7.7,21.4,60.3,66,0
20160829_DJ,27.2,11.4,20.5,75.1,47,0
20160829_GB,23.745833333,7.520833333300001,19.441666667,72.1125,83,0
20160829_GG,26.976190476,10.114285714,21.423809524,63.216666667,214,0
20160829_GJ,27.1,10.5,21.9,69.8,48,0
20160829_GN,26.868181818000004,9.8318181818,21.563636364,63.722727273000004,74,0
20160829_GW,21.377777778,5.9611111111,18.066666667,81.355555556,38,0
20160829_IC,26.81,8.43,22.82,63.61,50,0
20160829_JB,26.62,11.113333333,20.593333333,70.08,85,0
20160829_JJ,27.6,5.95,24.25,59.35,18,0
20160829_JN,26.954545455,9.7,21.890909090999997,66.990909091,93,0
20160829_SU,27.1,9.7,22.2,54.5,244,0
20160829_US,24.2,7.2,20.1,75.5,18,0
20160830_BS,26.0,6.6,22.6,58.6,75,0
20160830_CB,23.26,7.8133333333,19.06,77.93333333300001,32,0
20160830_CN,24.0125,7.36875,20.375,80.2,50,0
20160830_DG,26.0,9.1,21.9,60.1,61,0
20160830_DJ,22.6,6.0,19.6,82.6,46,0
20160830_GB,24.970833333,9.1208333333,20.170833333,69.5875,64,0
20160830_GG,24.680952380999997,8.035714285700001,20.388095238,68.404761905,181,0
20160830_GJ,26.1,6.9,22.7,70.1,41,0
20160830_GN,26.322727273,8.9909090909,22.166666666999998,59.695238095,61,0
20160830_GW,22.205555556,6.6888888889,18.616666667,78.166666667,38,0
20160830_IC,24.47,5.03,21.34,73.54,40,0
20160830_JB,24.193333333,6.82,20.753333333,71.52,79,0
20160830_JJ,27.55,5.35,24.65,61.45,19,0
20160830_JN,26.131818181999996,6.8863636364,22.618181818000004,67.909090909,69,0
20160830_SU,24.5,6.6,20.6,60.4,223,0
20160830_US,26.4,10.1,21.4,66.8,15,0
20160831_BS,29.8,8.3,25.3,52.5,56,0
20160831_CB,23.013333333000002,6.78,19.406666667,77.08,26,0
20160831_CN,24.30625,6.675,20.8125,82.9625,47,0
20160831_DG,28.5,8.2,24.7,46.8,68,0
20160831_DJ,24.8,7.2,21.8,72.9,28,0
20160831_GB,25.770833333000002,7.7666666667,21.683333333,61.333333333,68,0
20160831_GG,20.521428570999998,4.2047619048,18.178571429,88.126190476,206,0
20160831_GJ,28.5,8.0,24.6,65.0,31,0
20160831_GN,29.490909091,8.654545454500001,24.890909090999997,49.01363636399999,65,0
20160831_GW,20.983333333,4.0833333333,18.9,72.833333333,50,0
20160831_IC,20.74,3.9,18.92,94.64,50,0
20160831_JB,26.14,7.2333333333,22.96,64.5,68,0
20160831_JJ,28.5,6.3,25.25,65.85,18,0
20160831_JN,28.504545455,7.7636363636,24.559090909000002,63.26363636399999,43,0
20160831_SU,19.2,3.1,17.7,85.3,219,0
20160831_US,29.4,8.0,25.0,48.5,12,0
20160901_BS,29.3,5.3,25.9,72.0,633,0
20160901_CB,30.946666667,12.66,24.613333333000003,66.393333333,121,0
20160901_CN,29.93125,10.375,24.775,77.44375,269,0
20160901_DG,32.2,10.7,26.7,55.0,315,0
20160901_DJ,31.5,8.6,26.6,64.3,210,0
20160901_GB,30.754166667,11.170833333,24.816666667,65.4125,390,0
20160901_GG,29.016666667,13.09047619,23.116666666999997,77.86428571399999,885,0
20160901_GJ,32.2,9.6,26.5,67.8,210,0
20160901_GN,30.168181818,8.9363636364,25.459090909,68.909090909,505,0
20160901_GW,28.95,11.572222222,22.544444444,72.005555556,103,0
20160901_IC,27.56,10.25,23.51,90.32,179,0
20160901_JB,31.186666666999997,9.3466666667,25.953333333000003,63.013333333,421,0
20160901_JJ,30.8,9.4,25.8,75.55,32,0
20160901_JN,31.013636364,9.068181818200001,25.968181818,70.95,271,0
20160901_SU,28.6,12.8,23.2,71.3,588,0
20160901_US,30.0,7.3,25.9,70.1,138,0
20160902_BS,24.9,5.2,21.2,93.9,74,0
20160902_CB,24.6,4.54,21.906666667,77.026666667,31,0
20160902_CN,27.09375,6.2875,23.44375,81.35625,77,0
20160902_DG,21.5,2.6,20.1,93.8,75,0
20160902_DJ,24.9,3.7,22.7,81.0,40,0
20160902_GB,22.841666667,4.0083333332999995,19.975,93.76666666700001,70,0
20160902_GG,28.726190476,8.9785714286,23.688095238000002,73.983333333,196,0
20160902_GJ,24.8,5.1,21.6,94.1,33,0
20160902_GN,23.345454545,4.5090909091,19.781818182000002,94.859090909,50,0
20160902_GW,24.95,6.2666666667,21.216666667000002,84.911111111,35,0
20160902_IC,28.96,8.48,24.12,82.92,52,0
20160902_JB,24.906666667,5.24,21.773333333000004,83.42,93,0
20160902_JJ,24.35,2.8,22.9,95.05,18,0
20160902_JN,24.595454545,5.1227272727,21.436363636,91.67272727299999,64,0
20160902_SU,29.0,8.4,24.2,68.5,234,0
20160902_US,25.1,6.3,20.7,96.1,9,0
20160903_BS,27.9,5.7,24.4,87.6,17,0
20160903_CB,28.693333333,8.92,23.726666666999996,75.126666667,5,0
20160903_CN,29.7875,9.40625,24.08125,81.125,18,0
20160903_DG,24.4,5.2,21.6,93.5,14,0
20160903_DJ,30.3,9.5,25.0,76.0,9,0
20160903_GB,23.579166667,4.5625,21.445833333,95.05,19,0
20160903_GG,29.035714285999997,8.4261904762,23.878571429,79.08809523800001,57,0
20160903_GJ,31.7,11.0,25.8,79.4,6,0
20160903_GN,25.686363636,5.9090909091,22.427272727,92.904545455,15,0
20160903_GW,25.733333333,6.6944444444,21.783333333,89.166666667,9,0
20160903_IC,28.33,6.61,24.17,89.4,10,0
20160903_JB,30.573333333,10.62,24.326666666999998,76.773333333,17,0
20160903_JJ,27.2,4.85,24.6,88.95,4,0
20160903_JN,29.859090909000003,10.013636364,24.577272726999997,82.759090909,26,0
20160903_SU,28.6,8.2,23.9,73.8,45,0
20160903_US,26.3,6.2,22.4,97.6,1,0
20160904_BS,28.4,5.2,25.6,78.6,1,0
20160904_CB,30.3,9.02,25.093333333,78.78666666699999,1,0
20160904_CN,30.49375,9.9875,25.33125,83.29375,1,0
20160904_DG,27.8,6.2,23.7,87.6,0,0
20160904_DJ,30.4,8.1,26.2,80.3,1,0
20160904_GB,28.658333333,7.9958333333,23.7625,87.90416666700001,1,0
20160904_GG,29.571428571,8.2761904762,25.404761905,77.70952381,6,0
20160904_GN,28.990909091,7.7363636364,24.636363636,85.909090909,2,0
20160904_GW,26.688888889,6.3388888889,22.922222222,86.377777778,1,0
20160904_IC,28.02,6.02,24.63,93.02,1,0
20160904_JB,30.94,9.7,25.433333333,79.953333333,0,0
20160904_JJ,28.95,5.45,26.3,80.4,0,0
20160904_JN,31.390909090999997,8.845454545499999,26.15,82.172727273,2,0
20160904_SU,29.6,7.5,25.6,71.3,8,0
20160904_US,25.8,4.8,23.4,96.9,0,0
20160905_BS,29.2,5.3,25.3,83.8,113,0
20160905_CB,30.46,8.633333333300001,25.1,80.42,36,0
20160905_CN,30.4375,9.7125,25.11875,84.0125,80,0
20160905_DG,27.8,5.8,24.2,86.8,70,0
20160905_DJ,30.5,6.5,26.2,82.4,43,0
20160905_GB,27.141666667,5.8125,23.404166667,91.133333333,82,0
20160905_GG,31.021428570999998,8.811904761900001,26.028571429,74.06666666699999,241,0
20160905_GJ,30.7,7.6,26.2,83.0,43,0
20160905_GN,29.077272726999997,6.3181818182,24.840909091,87.604545455,83,0
20160905_GW,27.783333333,6.8722222222000005,23.388888889,85.577777778,46,0
20160905_IC,29.09,6.92,25.19,89.24,54,0
20160905_JB,30.086666667,8.4933333333,24.866666666999997,84.026666667,108,0
20160905_JJ,28.6,4.15,26.0,84.25,17,0
20160905_JN,30.318181818000003,7.65,25.645454545,84.027272727,65,0
20160905_SU,31.1,8.1,26.4,66.1,278,0
20160905_US,27.1,5.2,23.5,96.8,21,0
20160906_BS,28.8,5.3,25.6,80.8,92,0
20160906_CB,27.94,8.473333333300001,23.386666666999997,77.2,43,0
20160906_CN,27.26875,8.60625,22.69375,85.45,67,0
20160906_DG,28.6,5.7,25.1,77.5,69,0
20160906_DJ,28.1,6.6,24.4,79.0,35,0
20160906_GB,27.991666666999997,7.466666666699999,23.629166667,84.954166667,67,0
20160906_GG,28.607142857,8.419047619,23.933333333,79.15952381,211,0
20160906_GJ,27.6,6.6,24.3,85.6,41,0
20160906_GN,28.095454545,5.9227272726999995,24.6,86.109090909,73,0
20160906_GW,27.494444444000003,7.8833333333,22.977777778000004,81.772222222,33,0
20160906_IC,26.92,5.68,23.86,93.36,62,0
20160906_JB,27.88,8.7466666667,22.96,81.106666667,78,0
20160906_JJ,26.65,3.6,24.85,82.8,11,0
20160906_JN,26.804545455,6.0409090909000005,23.740909091,87.354545455,56,0
20160906_SU,29.0,8.0,24.7,69.0,255,0
20160906_US,29.4,8.1,24.6,90.6,16,0
20160907_BS,28.8,5.0,25.3,77.9,84,0
20160907_CB,28.046666666999997,9.16,22.926666667,75.613333333,32,0
20160907_CN,27.9,9.1,22.5625,83.73125,55,0
20160907_DG,30.1,9.5,24.5,76.1,77,0
20160907_DJ,27.8,8.0,23.7,76.8,24,0
20160907_GB,28.441666667,9.1,23.1,80.37083333300001,76,0
20160907_GG,28.380952381,8.0404761905,23.711904762,78.56666666699999,257,0
20160907_GJ,26.2,5.4,23.4,86.9,30,0
20160907_GN,28.4,6.9409090909,24.204545455,82.25,60,0
20160907_GW,27.15,8.1111111111,22.2,80.1,40,0
20160907_IC,26.78,5.59,23.52,90.1,54,0
20160907_JB,27.626666667,8.6133333333,22.466666667,79.366666667,74,0
20160907_JJ,26.7,3.7,24.25,79.75,20,0
20160907_JN,26.509090909,5.2909090909,23.595454545,83.177272727,71,0
20160907_SU,28.6,7.7,24.3,69.8,269,0
20160907_US,28.1,5.7,24.3,87.8,14,0
20160908_BS,28.4,8.3,23.9,72.3,91,0
20160908_CB,28.453333333000003,9.74,22.606666667,75.046666667,39,0
20160908_CN,28.475,9.7375,22.8375,84.6,62,0
20160908_DG,29.2,11.2,23.1,73.9,51,0
20160908_DJ,28.9,9.2,23.3,80.3,36,0
20160908_GB,27.645833333000002,9.795833333300001,22.1125,80.99583333300001,72,0
20160908_GG,27.054761905,6.4976190476,22.738095238000003,82.311904762,210,0
20160908_GJ,30.6,11.8,23.9,76.6,45,0
20160908_GN,29.386363636,11.004545455,23.536363636,73.472727273,66,0
20160908_GW,26.388888889,7.1388888888999995,21.644444444,82.161111111,41,0
20160908_IC,26.13,4.57,23.25,92.95,39,0
20160908_JB,28.68,11.006666667000001,22.706666666999997,77.9,86,0
20160908_JJ,27.9,6.45,24.65,71.3,8,0
20160908_JN,29.318181818000003,10.627272727000001,23.613636364,74.495454545,67,0
20160908_SU,26.5,5.0,23.0,76.4,238,0
20160908_US,27.3,9.3,22.3,84.0,13,0
20160909_BS,28.4,6.2,24.6,78.4,84,0
20160909_CB,28.76,10.073333332999999,22.96,75.233333333,31,0
20160909_CN,28.7375,10.31875,22.66875,82.21875,50,0
20160909_DG,29.6,9.8,23.8,75.3,62,0
20160909_DJ,28.8,8.6,23.9,80.8,43,0
20160909_GB,27.4875,9.079166666699999,22.295833333,82.37083333300001,58,0
20160909_GG,28.530952381,8.9547619048,23.183333333,79.719047619,211,0
20160909_GJ,30.2,9.1,24.2,77.0,35,0
20160909_GN,29.309090909000002,9.3954545455,23.686363636,79.627272727,63,0
20160909_GW,26.5,8.2611111111,21.394444444,81.927777778,36,0
20160909_IC,27.44,6.41,23.65,89.37,43,0
20160909_JB,29.073333333,10.686666667,22.573333333,76.726666667,80,0
20160909_JJ,28.2,6.15,24.8,74.2,16,0
20160909_JN,29.540909091,9.845454545499999,23.7,77.036363636,68,0
20160909_SU,29.3,9.6,23.9,71.1,214,0
20160909_US,26.5,7.0,22.9,89.9,15,0
20160910_BS,27.7,5.4,23.8,81.3,23,0
20160910_CB,28.54,10.12,23.066666667,73.78666666699999,6,0
20160910_CN,28.94375,11.48125,22.43125,83.7125,8,0
20160910_DG,27.1,5.7,23.0,80.0,21,0
20160910_DJ,28.7,9.6,23.2,82.5,8,0
20160910_GB,25.483333333,6.1625,21.745833333,87.1625,18,0
20160910_GG,28.645238095,9.6142857143,23.502380952,76.319047619,75,0
20160910_GJ,31.1,12.1,23.0,84.5,14,0
20160910_GN,27.559090909000002,7.0681818182,23.122727273000002,83.381818182,23,0
20160910_GW,26.866666666999997,8.7055555556,21.727777778000004,82.0,12,0
20160910_IC,28.0,7.37,23.85,92.43,12,0
20160910_JB,28.653333333000003,11.513333333,21.953333333000003,80.806666667,26,0
20160910_JJ,27.05,5.4,24.15,74.55,3,0
20160910_JN,29.195454545,10.695454545,22.854545455,82.75,25,0
20160910_SU,29.1,9.1,24.4,65.4,67,0
20160910_US,24.3,4.2,21.9,97.6,5,0
20160911_BS,28.3,7.2,24.2,74.6,0,0
20160911_CB,28.48,8.9,23.573333333,70.153333333,0,0
20160911_CN,28.4375,10.28125,22.8375,81.19375,2,0
20160911_DG,27.1,6.9,23.3,77.0,2,0
20160911_DJ,28.5,8.9,23.9,77.5,0,0
20160911_GB,26.5875,7.333333333300001,22.295833333,85.041666667,3,0
20160911_GG,27.911904762,7.419047619,23.733333333,72.773809524,6,0
20160911_GJ,26.9,7.9,23.0,90.9,0,0
20160911_GN,27.177272727,7.4818181818,23.1,80.459090909,4,0
20160911_GW,26.294444444,7.3888888888999995,22.05,82.95,0,0
20160911_IC,26.68,5.41,23.51,89.41,0,0
20160911_JB,28.406666667,10.073333332999999,22.72,81.0,2,0
20160911_JJ,27.1,4.3,24.75,79.7,0,0
20160911_JN,27.072727273,7.531818181799999,23.25,85.95,3,0
20160911_SU,28.2,6.1,24.5,66.3,4,0
20160911_US,26.5,7.6,22.5,89.5,0,0
20160912_BS,23.4,3.0,21.3,90.4,72,0
20160912_CB,27.56,7.5133333333,23.04,71.56666666699999,47,0
20160912_CN,27.825,8.4625,22.68125,84.93125,87,0
20160912_DG,22.8,4.0,20.4,89.5,76,0
20160912_DJ,27.8,6.8,23.5,78.9,44,0
20160912_GB,23.320833333000003,5.1708333333,20.358333333,91.85833333299999,109,0
20160912_GG,28.283333333,7.4214285714,23.678571429,73.304761905,252,0
20160912_GJ,27.9,7.6,23.1,84.5,54,0
20160912_GN,24.045454545,5.1727272726999995,20.727272727,89.82727272700001,100,0
20160912_GW,25.166666666999998,6.5666666667,21.166666667,84.444444444,44,0
20160912_IC,27.7,6.66,23.74,90.11,54,0
20160912_JB,27.98,8.893333333300001,22.386666666999997,81.42666666699999,114,0
20160912_JJ,25.45,5.5,22.75,83.0,15,0
20160912_JN,26.777272727,7.313636363600001,22.236363636,84.113636364,82,0
20160912_SU,27.5,6.1,23.4,68.9,258,0
20160912_US,22.4,2.6,20.5,98.0,18,0
20160913_BS,27.4,7.7,23.0,75.8,86,0
20160913_CB,28.973333333000003,11.52,22.986666666999998,69.78,20,0
20160913_CN,29.25625,11.40625,22.8,81.45625,58,0
20160913_DG,28.1,10.3,22.2,76.1,64,0
20160913_DJ,29.5,10.8,24.1,73.9,33,0
20160913_GB,26.970833333,10.354166667000001,21.120833333,82.358333333,64,0
20160913_GG,29.823809524,10.504761905,23.966666667,70.602380952,186,0
20160913_GJ,30.5,11.2,24.8,77.4,53,0
20160913_GN,28.331818182,10.513636364,22.509090909,77.718181818,55,0
20160913_GW,26.327777778,9.1555555556,21.388888889,79.09444444399999,43,0
20160913_IC,28.35,8.88,23.89,85.09,36,0
20160913_JB,29.98,12.573333332999999,23.02,76.493333333,83,0
20160913_JJ,27.6,6.7,24.35,73.6,15,0
20160913_JN,29.122727273000002,10.331818182000001,23.504545455,79.981818182,70,0
20160913_SU,30.8,11.2,24.6,62.5,253,0
20160913_US,25.8,7.6,21.7,89.4,16,0
20160914_BS,28.2,8.0,23.5,76.5,1,0
20160914_CB,29.073333333,9.973333333300001,23.32,71.533333333,1,0
20160914_CN,28.75625,10.33125,22.83125,80.8375,4,0
20160914_DG,28.2,9.8,23.1,75.3,5,0
20160914_DJ,29.1,8.6,24.2,73.5,5,0
20160914_GB,26.691666667,9.1833333333,21.720833333,83.229166667,3,0
20160914_GG,28.769047619000002,8.7619047619,23.754761905,74.578571429,9,0
20160914_GJ,28.6,6.8,24.3,84.0,3,0
20160914_GN,28.213636364,9.8318181818,22.559090909000002,80.959090909,4,0
20160914_GW,26.661111111,8.25,21.611111111,81.7,1,0
20160914_IC,27.9,6.25,24.29,84.6,4,0
20160914_JB,28.446666667,8.98,23.12,78.813333333,11,0
20160914_JJ,27.1,4.5,23.85,77.8,0,0
20160914_JN,27.590909091,7.0909090909,23.440909090999998,82.73636363600001,6,0
20160914_SU,28.9,7.5,24.6,66.1,12,0
20160914_US,26.8,8.5,22.0,88.6,1,0
20160915_BS,27.7,6.6,24.1,78.5,0,0
20160915_CB,28.78,11.273333333,22.533333333,71.733333333,0,0
20160915_CN,28.80625,12.71875,22.01875,79.025,1,0
20160915_DG,28.6,9.4,23.6,77.3,2,0
20160915_DJ,28.7,10.3,23.5,73.0,1,0
20160915_GB,27.354166666999998,9.3125,22.020833333000002,84.304166667,1,0
20160915_GG,28.607142857,10.530952381,22.95952381,76.57619047600001,1,0
20160915_GJ,30.0,9.7,24.6,80.8,1,0
20160915_GN,28.563636364,9.0272727273,23.486363636,81.122727273,3,0
20160915_GW,26.411111111,8.3388888889,21.555555555999998,81.327777778,0,0
20160915_IC,26.82,6.21,23.39,91.01,1,0
20160915_JB,29.573333333,11.6,23.22,75.21333333300001,2,0
20160915_JJ,27.1,5.45,23.95,77.2,1,0
20160915_JN,28.922727273000003,9.4727272727,23.845454545,81.93636363600001,4,0
20160915_SU,29.5,10.7,23.9,68.1,13,0
20160915_US,26.9,7.9,22.6,90.0,0,0
20160916_BS,26.0,3.7,23.8,80.9,0,0
20160916_CB,26.38,7.6066666667,21.993333333000002,79.313333333,0,0
20160916_CN,25.11875,6.125,21.60625,89.7875,5,0
20160916_DG,24.9,4.2,22.3,88.0,0,0
20160916_DJ,25.4,4.7,22.4,85.3,2,0
20160916_GB,25.091666667,5.520833333300001,21.754166667,88.76666666700001,5,0
20160916_GG,28.392857143,9.0571428571,23.523809524,75.828571429,9,0
20160916_GJ,23.6,3.2,21.7,97.8,1,0
20160916_GN,24.709090909,3.3772727273000003,22.668181818,89.713636364,2,0
20160916_GW,27.094444444,8.9555555556,21.905555556,76.327777778,0,0
20160916_IC,27.24,6.15,23.75,87.72,2,0
20160916_JB,22.7,2.88,21.173333333,92.32,1,0
20160916_JJ,26.15,4.1,24.65,82.7,0,0
20160916_JN,23.731818181999998,3.3363636363999998,22.013636364,92.1,3,0
20160916_SU,29.5,9.1,24.6,64.9,7,0
20160916_US,25.2,4.5,22.4,96.0,1,0
20160917_BS,23.3,4.4,20.5,95.5,10,0
20160917_CB,20.833333333,1.7066666667,19.82,94.666666667,12,0
20160917_CN,21.6,1.98125,20.45625,94.125,13,0
20160917_DG,21.0,2.8,19.7,95.0,7,0
20160917_DJ,21.3,1.7,20.2,96.9,5,0
20160917_GB,20.745833333,2.2583333333,19.55,95.770833333,19,0
20160917_GG,26.785714285999997,7.9857142857,22.176190476,75.916666667,43,0
20160917_GJ,23.6,4.8,20.5,99.0,9,0
20160917_GN,21.963636364,3.5681818182,19.713636364,95.104545455,11,0
20160917_GW,23.627777778000002,5.744444444400001,20.0,84.472222222,3,0
20160917_IC,27.34,8.39,23.19,78.08,12,0
20160917_JB,21.273333333,2.5533333333000003,19.76,94.89333333299999,16,0
20160917_JJ,28.2,3.95,25.8,89.9,4,0
20160917_JN,24.490909091,5.1,21.522727273,94.818181818,12,0
20160917_SU,28.2,9.7,23.1,64.8,32,0
20160917_US,22.0,3.7,20.3,98.0,1,0
20160918_BS,23.1,2.5,21.4,85.3,1,0
20160918_CB,21.9,4.1666666667,19.473333333,83.673333333,0,0
20160918_CN,23.05625,5.11875,19.98125,86.9,2,0
20160918_DG,21.4,3.3,19.5,89.5,2,0
20160918_DJ,20.7,2.6,19.1,91.6,1,0
20160918_GB,21.275,3.3541666667000003,19.445833333,88.725,0,0
20160918_GG,27.757142856999998,8.1476190476,22.852380951999997,60.8,12,0
20160918_GJ,22.7,4.6,20.2,98.8,2,0
20160918_GN,21.945454545,3.0954545455,20.263636364,88.745454545,6,0
20160918_GW,23.661111111,5.9444444444,20.333333333,72.761111111,2,0
20160918_IC,27.27,7.81,23.31,71.74,2,0
20160918_JB,20.486666667,2.88,19.18,92.38666666700001,1,0
20160918_JJ,26.55,4.9,23.9,92.65,0,0
20160918_JN,23.618181818000004,4.2454545455,21.309090909000002,89.590909091,1,0
20160918_SU,28.3,8.1,23.5,53.4,9,0
20160918_US,22.1,2.6,20.7,93.4,0,0
20160919_BS,21.8,2.2,20.5,77.4,92,0
20160919_CB,23.693333333,8.133333333300001,19.533333332999998,67.373333333,41,0
20160919_CN,25.50625,9.13125,20.60625,72.73125,99,0
20160919_DG,23.3,5.3,20.3,70.0,94,0
20160919_DJ,23.6,6.2,20.0,75.6,52,0
20160919_GB,22.183333333,5.1,19.579166667,74.0,108,0
20160919_GG,27.004761905,9.983333333300001,21.207142857,59.504761905,237,0
20160919_GJ,26.2,8.0,21.3,77.5,56,0
20160919_GN,23.640909090999997,4.8272727273000005,20.804761905,70.033333333,97,0
20160919_GW,22.711111110999997,7.6444444444,18.627777778,70.95555555600001,48,0
20160919_IC,26.68,8.55,21.88,68.27,63,0
20160919_JB,25.56,8.2,20.426666667,72.72,100,0
20160919_JJ,22.7,2.05,21.8,85.6,16,0
20160919_JN,25.045454545,6.0,21.468181817999998,75.640909091,99,0
20160919_SU,27.8,9.6,21.9,53.3,260,0
20160919_US,23.0,4.2,20.5,81.9,15,0
20160920_BS,25.1,6.8,20.9,55.5,88,0
20160920_CB,24.34,12.22,18.16,56.446666666999995,46,0
20160920_CN,24.6625,11.05625,18.96875,64.50625,66,0
20160920_DG,23.8,8.8,19.6,54.8,63,0
20160920_DJ,24.7,11.0,19.2,64.6,37,0
20160920_GB,23.245833333,9.5958333333,18.308333333,62.416666667,55,0
20160920_GG,26.00952381,11.619047619000002,19.869047619,47.145238095,259,0
20160920_GJ,26.6,10.3,21.2,56.9,50,0
20160920_GN,24.772727273,9.1863636364,19.818181818,57.922727273,78,0
20160920_GW,22.922222222,10.527777777999999,17.305555555999998,64.81666666699999,42,0
20160920_IC,25.77,10.42,20.75,53.76,58,0
20160920_JB,24.88,11.193333333,19.0,61.16,92,0
20160920_JJ,24.95,4.5,22.2,60.8,16,0
20160920_JN,25.572727273,9.5636363636,20.318181818,65.072727273,75,0
20160920_SU,26.8,11.4,20.6,41.1,263,0
20160920_US,22.6,4.7,19.9,64.1,14,0
20160921_BS,25.6,7.9,21.1,60.6,67,0
20160921_CB,23.393333333,12.413333332999999,17.713333332999998,64.086666667,27,0
20160921_CN,24.075,11.29375,18.6,71.29375,62,0
20160921_DG,23.5,10.4,18.7,70.0,55,0
20160921_DJ,23.6,10.8,19.1,68.4,40,0
20160921_GB,23.525,11.325,17.95,71.841666667,87,0
20160921_GG,24.552380951999996,11.50952381,19.073809524,54.55,227,0
20160921_GJ,25.1,9.5,20.4,63.4,40,0
20160921_GN,24.440909090999998,10.709090909,19.140909090999997,68.054545455,70,0
20160921_GW,22.922222222,11.833333332999999,16.755555555999997,72.938888889,48,0
20160921_IC,25.01,9.53,20.45,57.8,57,0
20160921_JB,24.593333333,12.526666667,18.606666667,67.9,89,0
20160921_JJ,24.7,5.05,21.9,65.85,14,0
20160921_JN,24.786363636,9.5590909091,19.990909091,66.709090909,55,0
20160921_SU,25.3,11.0,20.2,43.4,292,0
20160921_US,23.6,7.2,19.9,71.8,14,0
20160922_BS,24.6,5.4,20.8,75.6,61,0
20160922_CB,25.586666667,10.08,19.58,66.233333333,39,0
20160922_CN,25.825,10.1875,19.74375,76.325,53,0
20160922_DG,23.9,6.7,19.5,75.5,57,0
20160922_DJ,25.9,8.8,20.6,71.3,37,0
20160922_GB,22.5125,7.0875,18.379166667,80.49583333300001,67,0
20160922_GG,26.573809524,10.092857143,20.826190476,57.90952381,219,0
20160922_GJ,27.5,9.7,21.5,67.0,35,0
20160922_GN,23.818181818000003,6.7318181818,19.7,77.295454545,51,0
20160922_GW,23.95,10.05,18.194444444000002,73.95555555600001,41,0
20160922_IC,26.12,8.03,21.79,67.36,46,0
20160922_JB,25.9,9.9533333333,19.693333332999998,71.52,99,0
20160922_JJ,24.8,5.3,21.95,70.25,15,0
20160922_JN,26.104545455,8.75,20.695454545,72.127272727,64,0
20160922_SU,27.2,9.7,21.9,46.3,253,0
20160922_US,21.3,3.8,19.1,92.1,13,0
20160923_BS,26.3,8.0,21.8,74.3,84,0
20160923_CB,26.826666666999998,12.9,19.793333333,70.013333333,39,0
20160923_CN,26.58125,13.1375,19.2875,80.81875,62,0
20160923_DG,26.8,10.5,21.0,72.4,68,0
20160923_DJ,27.0,11.6,20.8,75.0,49,0
20160923_GB,25.420833333,11.6,19.166666667,79.5375,62,0
20160923_GG,27.421428571,12.380952380999998,20.492857143,67.857142857,184,0
20160923_GJ,27.8,10.6,21.7,71.8,37,0
20160923_GN,26.913636364000002,11.463636364000001,20.495454545,78.104545455,59,0
20160923_GW,24.927777778000003,12.127777777999999,18.166666667,76.25,41,0
20160923_IC,25.78,8.8,21.31,80.1,41,0
20160923_JB,26.8,12.346666667000001,19.986666667,72.43333333300001,96,0
20160923_JJ,24.9,6.15,21.95,73.1,23,0
20160923_JN,26.609090909000003,10.490909091,20.918181818,76.713636364,56,0
20160923_SU,27.9,11.5,21.4,57.9,227,0
20160923_US,24.2,7.9,20.1,88.6,13,0
20160924_BS,26.8,7.5,22.6,69.9,22,0
20160924_CB,27.846666666999997,12.906666667,20.7,70.18,8,0
20160924_CN,27.51875,13.1375,20.1375,80.575,18,0
20160924_DG,28.0,11.6,21.5,71.3,15,0
20160924_DJ,28.1,11.7,21.7,74.3,11,0
20160924_GB,26.525,11.070833333,20.025,78.68333333300001,16,0
20160924_GG,28.152380951999998,12.569047619000001,21.326190476,70.078571429,62,0
20160924_GJ,27.8,10.4,22.6,75.0,11,0
20160924_GN,27.795454545,10.95,21.209090909,76.859090909,21,0
20160924_GW,25.944444444000002,12.055555556,19.2,76.255555556,9,0
20160924_IC,26.18,8.2,21.74,81.51,7,0
20160924_JB,28.073333333,13.406666667,20.686666667,74.26,22,0
20160924_JJ,25.7,6.15,22.7,76.2,5,0
20160924_JN,27.122727273000002,10.495454545,21.527272727,78.445454545,28,0
20160924_SU,28.9,12.4,22.3,60.6,49,0
20160924_US,25.0,8.3,20.4,82.8,2,0
20160925_BS,27.6,8.3,23.0,69.8,3,0
20160925_CB,25.64,9.68,20.166666667,78.846666667,1,0
20160925_CN,26.15,10.3125,20.36875,85.2625,4,0
20160925_DG,26.9,10.7,21.2,75.3,1,0
20160925_DJ,24.7,7.5,20.8,85.3,1,0
20160925_GB,25.929166666999997,10.833333332999999,19.891666667,80.87083333300001,3,0
20160925_GG,28.383333333000003,11.176190475999999,21.792857143000003,70.126190476,11,0
20160925_GJ,27.9,9.2,23.0,79.5,0,0
20160925_GN,27.495454545,10.481818182,21.554545455,77.413636364,1,0
20160925_GW,26.4,11.083333332999999,19.933333333,76.888888889,0,0
20160925_IC,26.67,7.5,22.2,81.66,0,0
20160925_JB,26.033333333,9.8466666667,20.72,81.093333333,3,0
20160925_JJ,26.25,5.45,23.8,81.85,1,0
20160925_JN,27.172727273000003,9.6454545455,22.068181818000003,80.91818181800001,0,0
20160925_SU,29.7,11.1,23.0,57.6,16,0
20160925_US,28.0,11.7,21.3,74.1,1,0
20160926_BS,27.3,5.2,24.2,76.4,80,0
20160926_CB,25.813333333000003,9.2733333333,21.093333333,77.586666667,54,0
20160926_CN,27.85,10.35,21.9875,84.59375,74,0
20160926_DG,25.9,7.2,21.9,83.6,68,0
20160926_DJ,26.8,8.5,22.1,83.3,46,0
20160926_GB,24.683333333,7.8791666667,20.675,87.8125,89,0
20160926_GG,27.752380952,9.3023809524,22.6,71.014285714,250,0
20160926_GJ,28.6,7.6,23.7,87.4,41,0
20160926_GN,26.381818181999996,6.7454545454999995,22.495454545,85.527272727,72,0
20160926_GW,25.261111110999998,9.005555555599999,19.822222222,81.122222222,46,0
20160926_IC,28.51,8.17,23.61,80.45,57,0
20160926_JB,28.206666666999997,10.54,22.5,82.02,98,0
20160926_JJ,26.25,2.75,24.6,93.35,21,0
20160926_JN,27.772727273,7.2363636364,23.386363636,86.418181818,85,0
20160926_SU,28.9,9.2,23.6,59.1,282,0
20160926_US,25.6,6.6,22.2,89.9,19,0
20160927_BS,29.7,7.0,25.3,84.4,89,0
20160927_CB,24.573333333,4.9933333333,21.553333333,89.39333333299999,35,0
20160927_CN,24.85625,5.55,21.475,93.63125,46,0
20160927_DG,29.8,8.8,24.6,83.1,71,0
20160927_DJ,25.8,5.5,22.4,92.0,29,0
20160927_GB,28.145833333000002,7.7416666667,23.254166667,88.895833333,62,0
20160927_GG,23.164285714000002,4.4,20.678571429,89.578571429,227,0
20160927_GJ,31.5,10.0,25.7,87.6,54,0
20160927_GN,29.095454545,7.5363636364,24.445454545,87.55909090899999,68,0
20160927_GW,21.438888889,3.9388888888999998,19.394444444,92.15555555600001,33,0
20160927_IC,23.78,4.79,20.81,94.64,46,0
20160927_JB,30.006666666999998,9.5466666667,24.2,84.373333333,86,0
20160927_JJ,28.0,4.6,25.25,90.95,13,0
20160927_JN,30.168181818,8.45,25.195454545,86.98636363600001,54,0
20160927_SU,23.8,4.7,21.0,82.5,253,0
20160927_US,28.0,7.9,24.1,92.6,22,0
20160928_BS,25.1,4.2,22.9,97.5,72,0
20160928_CB,26.406666667,8.12,21.6,79.6,31,0
20160928_CN,25.03125,7.21875,21.08125,88.8125,43,0
20160928_DG,25.8,5.7,22.4,86.1,64,0
20160928_DJ,26.0,7.9,21.8,85.0,28,0
20160928_GB,26.358333333,7.35,21.945833333000003,86.6,51,0
20160928_GG,22.811904761999998,4.4928571429,20.078571429,88.55,172,0
20160928_GJ,24.2,3.6,21.9,97.3,40,0
20160928_GN,24.640909090999997,4.3090909091,22.25,94.381818182,73,0
20160928_GW,23.722222222,7.2888888889,19.522222222,83.555555556,29,0
20160928_IC,21.5,3.36,19.6,96.66,50,0
20160928_JB,24.326666666999998,5.36,21.253333333,88.16,58,0
20160928_JJ,24.8,2.3,23.4,96.6,14,0
20160928_JN,24.045454545,3.4181818182,21.959090909,94.586363636,54,0
20160928_SU,21.8,3.1,19.9,84.6,234,0
20160928_US,25.2,5.1,22.3,96.9,15,0
20160929_BS,20.9,2.6,18.9,86.5,73,0
20160929_CB,21.16,4.0933333332999995,19.226666667,72.28666666699999,30,0
20160929_CN,23.3875,6.3375,20.06875,85.5625,46,0
20160929_DG,20.6,3.7,18.6,77.3,54,0
20160929_DJ,22.0,4.0,20.1,79.8,40,0
20160929_GB,20.054166667,4.175,17.816666667,80.37083333300001,72,0
20160929_GG,23.980952380999998,6.338095238099999,19.980952380999998,70.747619048,190,0
20160929_GJ,23.9,4.4,21.2,93.8,41,0
20160929_GN,20.972727273,3.8590909091000003,18.881818182,87.786363636,58,0
20160929_GW,20.377777778,5.466666666699999,17.222222222,73.28888888899999,34,0
20160929_IC,24.94,7.72,20.25,83.25,55,0
20160929_JB,23.66,5.2866666667,20.64,85.273333333,92,0
20160929_JJ,23.05,2.55,21.65,96.15,23,0
20160929_JN,22.531818182,3.55,20.495454545,90.868181818,66,0
20160929_SU,24.8,6.6,20.4,64.4,216,0
20160929_US,20.3,3.2,18.4,87.8,7,0
20160930_BS,19.1,2.0,18.2,91.4,70,0
20160930_CB,19.5,3.9066666667,17.386666667,83.793333333,34,0
20160930_CN,20.10625,4.26875,17.9875,93.275,42,0
20160930_DG,18.4,2.8,17.1,91.4,54,0
20160930_DJ,18.5,2.3,17.6,90.9,37,0
20160930_GB,18.0625,3.1125,16.541666667,91.395833333,61,0
20160930_GG,23.280952381,6.1928571428999994,19.792857143,75.907142857,182,0
20160930_GJ,19.8,2.9,18.5,98.1,34,0
20160930_GN,18.754545455,2.5727272727,17.522727273,92.913636364,63,0
20160930_GW,22.444444444000002,8.1666666667,17.961111110999997,81.622222222,46,0
20160930_IC,23.14,5.4,20.42,87.06,42,0
20160930_JB,19.473333333,3.0266666667,17.64,93.65333333299999,74,0
20160930_JJ,23.5,3.05,21.6,93.95,15,0
20160930_JN,19.568181818,2.5772727273,18.231818182,94.604545455,55,0
20160930_SU,23.5,5.8,20.5,66.9,217,0
20160930_US,19.0,3.4,17.4,97.4,10,0
20161001_BS,22.0,4.0,20.0,91.0,592,0
20161001_CB,22.406666667,7.1866666667,18.48,83.71333333300001,89,0
20161001_CN,22.4625,6.8625,18.8375,92.19375,232,0
20161001_DG,21.8,4.8,19.6,88.8,245,0
20161001_DJ,21.7,6.0,18.6,91.6,165,0
20161001_GB,20.945833333,5.8,18.079166667,90.35,337,0
20161001_GG,24.628571429,7.6952380952,20.219047619,80.233333333,763,0
20161001_GJ,23.3,5.1,20.4,98.1,190,0
20161001_GN,22.4,5.2545454545,19.695454545,90.81363636399999,454,0
20161001_GW,23.027777778,7.6,18.494444444000003,82.944444444,79,0
20161001_IC,23.9,5.48,20.91,91.88,131,0
20161001_JB,21.786666667,5.533333333300001,18.76,94.026666667,347,0
20161001_JJ,25.35,3.7,23.05,95.7,22,0
20161001_JN,22.668181818,4.4772727273,20.354545455,93.495454545,218,0
20161001_SU,25.6,8.1,21.1,69.0,421,0
20161001_US,20.8,4.3,18.8,98.0,134,0
20161002_BS,27.4,7.5,23.1,84.4,3,0
20161002_CB,23.4,6.533333333300001,20.313333333,79.733333333,1,0
20161002_CN,23.7625,6.56875,20.2375,91.04375,0,0
20161002_DG,26.7,7.7,22.1,82.5,2,0
20161002_DJ,23.4,5.8,20.7,88.9,0,0
20161002_GB,24.8625,7.4833333333,20.725,85.445833333,3,0
20161002_GG,21.561904761999998,4.9428571429,18.752380952,89.404761905,4,0
20161002_GJ,27.3,7.0,23.5,92.6,0,0
20161002_GN,26.013636364,6.7727272727,22.118181818000004,88.6,1,0
20161002_GW,21.188888889,5.6,18.027777778,84.111111111,0,0
20161002_IC,22.41,5.58,19.28,96.6,0,0
20161002_JB,27.313333333000003,9.3333333333,22.413333333,86.03333333299999,5,0
20161002_JJ,29.55,6.95,25.8,89.3,1,0
20161002_JN,25.818181818000003,5.4863636364,22.9,90.709090909,0,0
20161002_SU,22.4,5.7,19.0,84.1,10,0
20161002_US,26.9,8.5,21.9,91.3,1,0
20161003_BS,28.3,5.9,25.2,86.1,5,0
20161003_CB,27.74,9.3333333333,22.62,86.79333333299999,6,0
20161003_CN,26.725,9.20625,22.51875,91.0125,5,0
20161003_DG,27.6,6.4,24.3,83.9,8,0
20161003_DJ,26.8,7.2,23.4,91.3,3,0
20161003_GB,26.991666666999997,7.625,22.3625,88.916666667,9,0
20161003_GG,27.814285714,9.9166666667,22.29047619,81.888095238,15,0
20161003_GJ,27.3,6.4,24.0,96.3,0,0
20161003_GN,28.377272726999998,7.186363636399999,24.359090909000003,87.304545455,3,0
20161003_GW,25.177777778000003,8.9555555556,20.033333332999998,85.783333333,2,0
20161003_IC,26.0,7.44,21.93,87.27,5,0
20161003_JB,25.113333333000003,5.9466666667,22.533333333,91.553333333,9,0
20161003_JJ,28.75,5.2,25.6,89.8,1,0
20161003_JN,26.963636364,5.8727272727,23.981818181999998,92.954545455,6,0
20161003_SU,27.9,8.3,22.7,73.3,15,0
20161003_US,29.3,7.7,24.8,87.8,2,0
20161004_BS,27.5,6.1,23.6,74.5,128,0
20161004_CB,27.746666667,11.72,21.266666667,71.766666667,54,0
20161004_CN,28.5,12.93125,21.61875,79.13125,118,0
20161004_DG,25.6,6.6,21.7,77.5,87,0
20161004_DJ,27.9,10.2,22.1,78.8,44,0
20161004_GB,25.675,9.133333333300001,20.541666667,79.366666667,106,0
20161004_GG,28.564285714,14.142857142999999,21.454761905,66.835714286,311,0
20161004_GJ,31.1,12.5,23.5,83.1,55,0
20161004_GN,28.154545455,9.4909090909,22.613636364,75.745454545,117,0
20161004_GW,24.366666666999997,9.6388888889,18.972222222,76.261111111,52,0
20161004_IC,27.67,11.16,22.17,74.48,76,0
20161004_JB,29.34,12.26,22.466666667,75.653333333,131,0
20161004_JJ,26.7,4.75,24.2,89.6,25,0
20161004_JN,29.245454545,10.331818182000001,23.381818181999996,78.854545455,109,0
20161004_SU,29.0,13.4,22.0,58.9,336,0
20161004_US,25.4,5.3,22.2,85.8,25,0
20161005_BS,26.4,6.4,21.8,84.6,67,0
20161005_CB,23.22,6.82,18.913333333,84.206666667,40,0
20161005_CN,25.0375,8.61875,19.55,88.175,71,0
20161005_DG,23.4,5.9,19.7,85.3,63,0
20161005_DJ,24.3,6.6,19.6,89.1,39,0
20161005_GB,22.716666667,6.4208333333,18.5875,90.166666667,71,0
20161005_GG,26.402380951999998,9.5714285714,20.404761905,72.01904761899999,234,0
20161005_GJ,25.1,6.7,21.1,91.1,28,0
20161005_GN,26.554545455,8.786363636399999,20.781818182000002,85.3,52,0
20161005_GW,21.372222222,6.2666666667,17.644444444,86.805555556,36,0
20161005_IC,25.45,7.78,20.9,80.21,57,0
20161005_JB,24.153333333000003,7.24,19.553333333,89.46,82,0
20161005_JJ,28.25,7.9,23.25,81.75,11,0
20161005_JN,25.190909090999998,6.9863636364,21.145454545,87.090909091,43,0
20161005_SU,27.2,9.7,21.1,61.9,263,0
20161005_US,23.8,5.5,20.6,91.9,11,0
20161006_BS,26.4,7.3,22.3,74.3,93,0
20161006_CB,23.7,9.633333333300001,17.846666667,71.346666667,33,0
20161006_CN,23.1375,10.575,17.34375,76.275,48,0
20161006_DG,25.4,9.6,20.4,75.1,62,0
20161006_DJ,23.9,9.5,18.2,73.9,36,0
20161006_GB,24.633333333000003,9.7916666667,18.908333332999998,78.395833333,58,0
20161006_GG,23.535714285999997,10.111904762,17.630952381,67.619047619,201,0
20161006_GJ,25.9,10.0,20.1,74.0,34,0
20161006_GN,27.095454545,11.222727273,20.322727272999998,74.231818182,75,0
20161006_GW,22.316666667,8.233333333300001,17.45,80.916666667,35,0
20161006_IC,21.18,7.65,17.37,71.26,47,0
20161006_JB,23.966666667,10.026666667,18.126666667000002,77.666666667,71,0
20161006_JJ,25.15,5.2,22.3,76.0,10,0
20161006_JN,25.377272726999998,9.7181818182,19.886363636,74.681818182,69,0
20161006_SU,23.5,9.9,18.0,59.3,214,0
20161006_US,25.6,9.7,20.8,82.5,8,0
20161007_BS,23.8,5.1,20.8,71.5,85,0
20161007_CB,23.493333333000002,9.9,17.986666667,77.966666667,32,0
20161007_CN,24.475,11.775,18.08125,84.9375,56,0
20161007_DG,23.5,6.9,18.7,78.3,44,0
20161007_DJ,24.3,10.1,18.5,82.8,33,0
20161007_GB,22.179166666999997,7.0875,18.095833332999998,79.85,59,0
20161007_GG,24.473809524,9.65,19.042857143,75.497619048,193,0
20161007_GJ,22.0,6.3,18.4,91.0,32,0
20161007_GN,23.186363636,6.8863636364,19.281818182000002,79.118181818,48,0
20161007_GW,22.194444444000002,7.583333333300001,17.805555555999998,80.027777778,36,0
20161007_IC,24.5,8.42,19.3,83.55,47,0
20161007_JB,22.886666666999997,10.42,17.153333333,85.693333333,73,0
20161007_JJ,24.65,3.5,22.75,85.5,17,0
20161007_JN,21.8,6.081818181799999,18.963636364,85.654545455,63,0
20161007_SU,24.8,8.3,19.7,67.8,186,0
20161007_US,21.8,4.6,19.4,82.4,15,0
20161008_BS,22.6,6.5,19.3,93.3,25,0
20161008_CB,21.606666667,7.74,16.88,73.106666667,8,0
20161008_CN,22.025,8.2125,17.2375,78.69375,13,0
20161008_DG,20.8,5.0,18.0,78.8,18,0
20161008_DJ,21.8,7.6,17.2,80.4,11,0
20161008_GB,21.308333333,7.1083333333,17.208333333,78.9375,23,0
20161008_GG,22.05,10.8,16.976190476,69.361904762,69,0
20161008_GJ,20.3,4.6,17.8,87.1,13,0
20161008_GN,20.6,5.6772727273,17.859090909000003,89.895454545,24,0
20161008_GW,22.122222221999998,8.5444444444,17.327777777999998,66.261111111,5,0
20161008_IC,20.62,10.1,16.68,78.12,8,0
20161008_JB,21.366666667,7.6,17.226666667,82.98,28,0
20161008_JJ,25.5,7.75,21.8,88.55,5,0
20161008_JN,20.436363636,5.159090909100001,18.027272727,85.713636364,17,0
20161008_SU,21.8,11.5,16.8,66.4,51,0
20161008_US,22.8,7.0,18.4,89.4,6,0
20161009_BS,22.0,8.9,16.2,58.3,1,0
20161009_CB,16.793333333,9.66,11.326666667000001,54.866666667,0,0
20161009_CN,16.3875,8.44375,11.675,62.54375,0,0
20161009_DG,19.0,8.0,14.6,52.9,0,0
20161009_DJ,16.7,9.1,11.8,62.6,1,0
20161009_GB,18.170833333,8.6375,13.333333332999999,59.558333333,0,0
20161009_GG,16.630952381,9.8476190476,11.380952380999998,50.666666667,6,0
20161009_GJ,18.4,7.7,13.9,54.3,2,0
20161009_GN,20.377272727,9.5772727273,14.604545455,58.359090908999995,1,0
20161009_GW,16.438888889,9.05,11.522222222,60.433333333,1,0
20161009_IC,15.23,7.56,11.45,56.1,1,0
20161009_JB,17.2,8.86,12.14,61.246666667,1,0
20161009_JJ,20.75,5.25,17.85,57.95,0,0
20161009_JN,18.531818182000002,8.2181818182,14.231818182,57.804545455,1,0
20161009_SU,16.6,10.1,11.3,46.3,10,0
20161009_US,19.0,7.4,14.4,67.9,1,0
20161010_BS,21.6,7.1,17.2,65.0,89,0
20161010_CB,18.02,11.04,12.033333333,70.693333333,43,0
20161010_CN,18.03125,10.53125,11.96875,73.24375,57,0
20161010_DG,19.7,9.5,14.8,69.9,70,0
20161010_DJ,18.5,10.1,12.7,73.9,37,0
20161010_GB,18.904166667000002,10.220833333,13.341666667,74.4375,78,0
20161010_GG,20.602380952,13.873809524,12.866666667,55.726190476000006,211,0
20161010_GJ,19.5,9.4,14.8,65.0,40,0
20161010_GN,20.7,10.272727273,15.259090909000001,70.413636364,85,0
20161010_GW,18.705555556,11.372222222000001,12.188888889000001,70.116666667,35,0
20161010_IC,18.22,9.61,13.42,55.07,34,0
20161010_JB,18.346666667,10.326666667000001,12.653333332999999,70.71333333300001,99,0
20161010_JJ,21.7,6.2,18.65,65.0,14,0
20161010_JN,19.677272727000002,9.7272727273,14.768181818,67.75,79,0
20161010_SU,21.4,14.0,14.0,43.3,225,0
20161010_US,19.3,7.7,15.1,75.0,20,0
20161011_BS,19.8,4.3,17.0,68.9,91,0
20161011_CB,20.193333332999998,11.046666667,13.533333333,75.18,26,0
20161011_CN,20.94375,12.3375,13.50625,81.625,57,0
20161011_DG,20.5,9.1,15.3,74.8,65,0
20161011_DJ,20.5,10.2,14.3,78.4,49,0
20161011_GB,20.625,10.458333332999999,14.358333333,77.9,72,0
20161011_GG,20.876190475999998,11.695238095,14.54047619,71.188095238,214,0
20161011_GJ,20.6,8.0,15.8,75.4,38,0
20161011_GN,19.772727273,7.118181818200001,15.245454545,77.372727273,60,0
20161011_GW,20.822222222,12.722222222000001,14.044444444000002,68.894444444,32,0
20161011_IC,19.99,8.6,15.99,78.21,51,0
20161011_JB,20.64,10.586666667000001,13.866666667,79.033333333,88,0
20161011_JJ,21.15,3.85,19.0,67.1,18,0
20161011_JN,19.972727273,7.259090909099999,15.609090909,76.681818182,61,0
20161011_SU,21.1,11.1,15.4,62.4,239,0
20161011_US,20.0,7.0,15.6,82.5,15,0
20161012_BS,23.6,8.6,18.6,60.3,76,0
20161012_CB,20.493333333,10.693333333,14.013333333,66.02,33,0
20161012_CN,20.425,10.94375,13.8875,73.64375,51,0
20161012_DG,22.7,10.8,16.5,70.1,56,0
20161012_DJ,21.0,10.0,14.9,66.9,30,0
20161012_GB,21.141666667,10.4375,15.0,72.425,49,0
20161012_GG,20.645238095,10.128571428999999,14.842857143,64.047619048,186,0
20161012_GJ,23.1,10.6,16.7,67.5,31,0
20161012_GN,23.259090909,10.831818182000001,16.904545455,67.754545455,74,0
20161012_GW,19.361111111,9.8222222222,13.511111110999998,73.061111111,40,0
20161012_IC,18.53,7.22,14.79,65.43,51,0
20161012_JB,21.46,11.36,14.473333333,72.146666667,72,0
20161012_JJ,22.5,5.15,19.6,61.95,14,0
20161012_JN,22.536363636,9.859090909099999,16.809090909000002,69.41818181800001,53,0
20161012_SU,20.7,9.3,15.5,57.0,240,0
20161012_US,21.5,8.0,17.1,71.6,13,0
20161013_BS,21.5,4.8,18.5,70.1,71,0
20161013_CB,20.173333333,11.513333333,13.313333333,66.026666667,39,0
20161013_CN,20.0375,11.33125,13.1,73.5375,43,0
20161013_DG,20.9,8.0,16.1,72.1,50,0
20161013_DJ,20.1,9.7,14.1,69.1,31,0
20161013_GB,20.479166667,9.5208333333,14.6875,75.983333333,51,0
20161013_GG,21.447619048,13.25952381,14.092857143,56.980952381,165,0
20161013_GJ,19.4,6.3,15.8,74.5,28,0
20161013_GN,20.418181818,7.031818181799999,16.186363636,78.659090909,61,0
20161013_GW,20.216666667000002,11.738888889000002,13.188888889000001,68.53888888899999,27,0
20161013_IC,19.83,9.7,14.78,58.42,53,0
20161013_JB,19.126666667000002,8.733333333300001,13.88,73.82,62,0
20161013_JJ,22.05,4.15,19.7,70.15,13,0
20161013_JN,19.236363636,6.0772727273000005,15.804545455,77.113636364,51,0
20161013_SU,21.9,12.6,15.2,44.1,210,0
20161013_US,22.1,8.0,16.8,84.6,5,0
20161014_BS,24.0,9.1,18.8,67.3,61,0
20161014_CB,22.546666666999997,15.393333333,14.006666667000001,70.846666667,28,0
20161014_CN,23.2125,15.475,14.84375,77.64375,40,0
20161014_DG,22.9,12.8,15.8,73.3,48,0
20161014_DJ,22.9,14.3,15.2,76.0,37,0
20161014_GB,22.508333333000003,13.666666667000001,14.566666667,75.445833333,50,0
20161014_GG,23.078571429,13.930952380999999,15.473809524000002,72.702380952,156,0
20161014_GJ,25.4,14.5,17.5,69.6,34,0
20161014_GN,23.927272727,12.85,16.295454545,74.336363636,48,0
20161014_GW,21.977777778000004,13.466666667,14.527777777999999,72.466666667,35,0
20161014_IC,21.5,8.49,16.78,82.48,37,0
20161014_JB,24.38,16.526666667,15.18,72.9,58,0
20161014_JJ,24.05,5.45,20.65,72.5,13,0
20161014_JN,24.504545455,13.45,16.804545455,73.254545455,42,0
20161014_SU,23.5,13.0,16.7,61.8,195,0
20161014_US,22.4,10.3,16.9,75.0,13,0
20161015_BS,23.5,7.3,19.5,67.8,20,0
20161015_CB,24.893333333,15.893333333,16.093333333,72.14,9,0
20161015_CN,25.30625,14.49375,17.31875,76.4125,17,0
20161015_DG,23.5,13.3,16.6,76.3,24,0
20161015_DJ,25.2,14.5,17.3,74.4,2,0
20161015_GB,23.104166666999998,13.479166667000001,15.545833333,80.18333333300001,23,0
20161015_GG,26.264285714,15.052380952,17.773809524,70.35952381,45,0
20161015_GJ,24.9,12.4,18.7,71.1,9,0
20161015_GN,23.7,12.172727273,16.968181817999998,74.94090909100001,27,0
20161015_GW,23.955555556,13.005555556,16.238888889000002,74.922222222,7,0
20161015_IC,24.78,10.7,18.96,78.01,12,0
20161015_JB,25.233333333,15.48,16.853333333,73.453333333,24,0
20161015_JJ,23.45,5.15,20.5,73.85,0,0
20161015_JN,24.540909091,12.677272727,17.895454545,72.127272727,17,0
20161015_SU,27.1,14.7,19.1,60.6,53,0
20161015_US,21.9,9.7,17.2,82.9,4,0
20161016_BS,18.9,1.4,17.9,92.1,0,0
20161016_CB,19.953333333,6.453333333300001,16.266666667,83.626666667,0,0
20161016_CN,19.7625,5.58125,16.46875,90.2875,1,0
20161016_DG,16.8,3.2,15.0,92.9,0,0
20161016_DJ,20.3,5.1,16.9,86.5,3,0
20161016_GB,17.804166667,5.075,15.1,92.77916666700001,3,0
20161016_GG,19.347619048,4.5738095238,16.69047619,80.82619047600001,6,0
20161016_GJ,17.8,3.1,16.4,95.1,0,0
20161016_GN,17.277272727,3.0818181818,15.813636364,93.53181818200001,2,0
20161016_GW,19.316666667,6.8777777777999995,15.372222222000001,84.327777778,3,0
20161016_IC,19.45,3.5,17.52,86.4,0,0
20161016_JB,18.433333333,4.24,15.86,91.053333333,2,0
20161016_JJ,23.25,3.4,21.6,87.3,1,0
20161016_JN,18.359090909000003,3.3136363636,16.972727273,93.259090909,1,0
20161016_SU,19.5,4.1,17.2,74.1,10,0
20161016_US,17.1,2.2,15.9,98.0,3,0
20161017_BS,25.9,8.9,20.8,83.8,99,0
20161017_CB,22.373333333,9.0066666667,17.006666667,81.893333333,33,0
20161017_CN,22.46875,9.6625,17.075,87.89375,64,0
20161017_DG,24.3,9.2,18.7,80.5,61,0
20161017_DJ,23.2,8.7,17.6,85.1,42,0
20161017_GB,23.3625,9.4041666667,17.6375,84.045833333,80,0
20161017_GG,22.154761905,8.2952380952,17.161904762,81.616666667,212,0
20161017_GJ,23.1,7.1,18.8,92.1,63,0
20161017_GN,25.059090909000002,10.109090908999999,18.818181818,85.854545455,62,0
20161017_GW,22.611111111,10.088888889,16.75,76.238888889,41,0
20161017_IC,20.96,5.87,17.47,93.05,51,0
20161017_JB,22.433333333,8.2733333333,17.58,88.633333333,85,0
20161017_JJ,24.65,5.3,21.6,82.45,11,0
20161017_JN,23.55,7.831818181799999,19.154545455,88.47272727299999,80,0
20161017_SU,21.7,7.2,17.5,76.1,248,0
20161017_US,25.4,10.3,19.1,91.6,21,0
20161018_BS,24.5,7.8,20.1,72.5,73,0
20161018_CB,21.666666666999998,9.5133333333,15.76,85.253333333,27,0
20161018_CN,21.90625,11.35,15.0625,88.9625,47,0
20161018_DG,23.6,11.2,17.0,82.5,55,0
20161018_DJ,21.5,8.5,16.1,90.0,39,0
20161018_GB,21.970833333,10.3125,16.275,84.9,53,0
20161018_GG,22.538095238,11.49047619,15.728571429,81.573809524,191,0
20161018_GJ,23.9,10.3,18.1,81.0,50,0
20161018_GN,22.886363636,9.3818181818,17.709090909,79.659090909,74,0
20161018_GW,21.988888889000002,10.322222222,15.922222222,80.95555555600001,33,0
20161018_IC,21.56,9.61,16.13,78.54,43,0
20161018_JB,22.54,10.386666667,16.086666667,84.306666667,84,0
20161018_JJ,23.15,4.9,20.75,81.3,14,0
20161018_JN,23.304545455,9.2363636364,17.922727273,81.154545455,83,0
20161018_SU,24.0,12.8,17.0,70.9,228,0
20161018_US,22.5,7.5,18.5,85.9,10,0
20161019_BS,24.0,7.0,19.6,74.6,67,0
20161019_CB,23.013333333000002,11.546666667,16.06,80.146666667,25,0
20161019_CN,23.325,12.34375,15.64375,86.55625,58,0
20161019_DG,23.5,10.0,17.4,80.6,60,0
20161019_DJ,23.6,10.8,17.2,83.5,33,0
20161019_GB,23.383333333000003,10.829166667,16.670833333,81.6,61,0
20161019_GG,24.057142857,11.79047619,16.861904762,77.25952381,217,0
20161019_GJ,24.0,9.6,18.5,85.9,34,0
20161019_GN,23.513636364,9.8272727273,17.486363636,81.972727273,62,0
20161019_GW,23.038888889000003,11.177777778,16.672222222000002,75.34444444399999,37,0
20161019_IC,21.98,7.39,17.45,86.52,41,0
20161019_JB,22.64,10.513333333,16.193333332999998,85.18,70,0
20161019_JJ,23.4,3.8,20.9,81.4,14,0
20161019_JN,23.754545455,9.4,18.077272727,84.472727273,59,0
20161019_SU,24.3,10.3,18.0,67.6,203,0
20161019_US,23.3,9.7,18.0,88.8,6,0
20161020_BS,24.2,8.0,19.5,68.0,59,0
20161020_CB,22.546666666999997,12.546666667,16.06,76.313333333,29,0
20161020_CN,22.19375,12.43125,16.2375,83.9875,52,0
20161020_DG,22.9,10.5,17.6,76.4,56,0
20161020_DJ,22.7,11.5,16.7,82.0,37,0
20161020_GB,22.7125,11.195833333,16.675,75.645833333,55,0
20161020_GG,24.942857143,13.645238095,17.426190476,70.538095238,188,0
20161020_GJ,21.5,8.8,17.4,85.4,41,0
20161020_GN,23.127272726999998,10.390909091000001,17.868181818,74.140909091,57,0
20161020_GW,22.977777778000004,11.866666667,15.677777778,74.377777778,34,0
20161020_IC,24.11,10.1,18.59,77.87,54,0
20161020_JB,22.24,11.3,16.306666667000002,82.333333333,87,0
20161020_JJ,21.55,3.55,20.1,80.2,11,0
20161020_JN,21.140909090999997,7.85,17.513636364,81.068181818,53,0
20161020_SU,25.8,12.9,18.6,61.3,201,0
20161020_US,24.1,8.5,18.9,73.6,6,0
20161021_BS,18.4,2.0,17.4,70.4,68,0
20161021_CB,18.226666667,3.0933333333,16.42,66.133333333,32,0
20161021_CN,19.24375,3.74375,17.04375,76.85,54,0
20161021_DG,17.9,3.2,16.5,71.4,52,0
20161021_DJ,18.8,3.1,16.8,76.3,37,0
20161021_GB,17.108333333,3.2625,15.470833333,76.470833333,62,0
20161021_GG,20.7,5.2,17.447619048,63.419047619,177,0
20161021_GJ,19.6,3.3,17.9,78.9,35,0
20161021_GN,18.640909090999997,3.4045454545,16.904545455,72.159090909,60,0
20161021_GW,18.25,5.0666666667,15.3,76.53888888899999,48,0
20161021_IC,21.26,4.57,18.1,72.1,35,0
20161021_JB,19.82,4.68,17.113333333,74.113333333,67,0
20161021_JJ,21.05,2.65,19.35,90.85,16,0
20161021_JN,19.409090909,2.7545454545,17.804545455,76.377272727,53,0
20161021_SU,22.0,6.3,17.9,58.6,187,0
20161021_US,17.9,2.2,16.6,75.5,14,0
20161022_BS,22.3,6.5,18.3,70.6,14,0
20161022_CB,21.44,8.0333333333,16.993333333,67.133333333,7,0
20161022_CN,21.65625,7.85625,17.21875,78.0375,15,0
20161022_DG,20.8,7.0,17.0,75.3,20,0
20161022_DJ,22.1,7.8,17.5,73.9,11,0
20161022_GB,20.525,7.395833333300001,16.233333333,77.9125,15,0
20161022_GG,21.938095238000002,7.9238095238,17.673809524,65.64047619,51,0
20161022_GJ,22.4,7.5,18.4,75.1,15,0
20161022_GN,21.390909090999997,7.15,17.268181818,74.290909091,16,0
20161022_GW,20.155555556,8.2611111111,16.016666667,74.872222222,7,0
20161022_IC,20.6,5.36,17.78,80.35,9,0
20161022_JB,21.46,7.42,17.06,76.006666667,29,0
20161022_JJ,20.05,1.75,19.05,93.55,2,0
20161022_JN,21.572727273,6.5909090909,17.709090909,77.818181818,23,0
20161022_SU,22.8,8.3,18.3,59.0,54,0
20161022_US,21.0,7.0,17.2,81.0,2,0
20161023_BS,19.0,4.9,16.4,69.9,1,0
20161023_CB,17.313333333,6.8666666667,13.793333333,72.446666667,0,0
20161023_CN,18.025,6.68125,14.59375,82.75,3,0
20161023_DG,16.9,4.6,14.9,70.0,3,0
20161023_DJ,17.9,6.5,15.0,77.9,0,0
20161023_GB,16.308333333,5.6125,13.483333333,76.283333333,2,0
20161023_GG,17.55,7.6166666667,13.273809524,72.3,3,0
20161023_GJ,21.1,8.2,16.8,84.1,1,0
20161023_GN,17.8,4.2272727273,15.85,69.336363636,2,0
20161023_GW,15.211111111,7.205555555599999,11.477777778,74.34444444399999,0,0
20161023_IC,17.49,6.46,13.84,81.31,1,0
20161023_JB,19.3,6.86,15.626666667,77.96,2,0
20161023_JJ,22.15,4.85,18.95,79.25,1,0
20161023_JN,20.486363636,6.1136363636,17.227272727,75.540909091,2,0
20161023_SU,17.8,7.2,13.3,66.3,8,0
20161024_BS,21.2,7.4,16.2,61.5,82,0
20161024_CB,19.28,12.24,13.626666667,66.013333333,53,0
20161024_CN,19.53125,10.16875,14.7,77.73125,76,0
20161024_DG,19.4,8.6,14.7,65.3,75,0
20161024_DJ,20.4,10.6,15.5,67.5,31,0
20161024_GB,18.6125,10.416666667000001,12.858333333,72.1375,72,0
20161024_GG,19.819047619000003,11.919047619,14.495238095,61.854761905,221,0
20161024_GJ,19.7,7.3,16.0,79.1,40,0
20161024_GN,20.254545455,7.8227272727,15.336363636,64.704545455,71,0
20161024_GW,18.422222222000002,13.227777778,11.433333333,72.95555555600001,39,0
20161024_IC,20.0,10.17,15.34,71.43,56,0
20161024_JB,19.526666667,7.8466666667,15.48,70.733333333,90,0
20161024_JJ,21.3,4.25,18.9,75.3,8,0
20161024_JN,20.05,6.5409090909000005,16.513636364,70.895454545,72,0
20161024_SU,20.6,11.6,15.1,54.8,228,0
20161024_US,18.1,6.9,14.6,69.3,18,0
20161025_BS,21.7,6.7,18.5,78.9,84,0
20161025_CB,18.2,7.386666666699999,13.426666667000001,88.913333333,42,0
20161025_CN,19.4375,8.6125,14.45625,91.825,51,0
20161025_DG,20.5,8.2,15.6,81.6,53,0
20161025_DJ,20.0,7.7,14.7,89.1,23,0
20161025_GB,18.545833333,7.5791666667,13.875,88.09166666700001,61,0
20161025_GG,18.028571429,6.5904761904999996,13.680952380999999,90.26666666700001,199,0
20161025_GJ,20.1,7.6,16.6,85.9,43,0
20161025_GN,21.218181817999998,8.7772727273,16.145454545,83.745454545,53,0
20161025_GW,15.622222222000001,5.1555555556,12.472222222000001,90.805555556,40,0
20161025_IC,18.08,5.44,14.7,90.49,47,0
20161025_JB,19.68,7.913333333300001,15.366666667,84.36,75,0
20161025_JJ,25.6,8.2,20.0,81.1,20,0
20161025_JN,20.404545455,7.722727272699999,16.759090909,83.340909091,67,0
20161025_SU,17.5,5.0,14.1,84.0,252,0
20161025_US,22.4,11.1,17.0,86.3,15,0
20161026_BS,22.8,7.6,18.2,66.5,88,0
20161026_CB,16.253333333,7.12,12.446666667,85.98,31,0
20161026_CN,17.29375,8.3,12.71875,89.30625,60,0
20161026_DG,20.1,9.8,14.9,76.3,66,0
20161026_DJ,16.8,6.0,13.4,87.9,36,0
20161026_GB,18.9125,9.0583333333,13.820833333,81.125,65,0
20161026_GG,16.178571429,6.911904761900001,12.64047619,87.20714285700001,206,0
20161026_GJ,19.7,9.2,15.2,78.4,36,0
20161026_GN,20.459090909,8.859090909099999,15.527272727,75.08181818199999,71,0
20161026_GW,16.955555556,7.2888888889,13.15,81.40555555600001,33,0
20161026_IC,16.7,5.8,13.9,86.46,51,0
20161026_JB,18.98,8.9933333333,13.92,80.413333333,77,0
20161026_JJ,21.25,6.0,17.7,78.6,11,0
20161026_JN,19.295454545,8.3272727273,15.077272727,79.631818182,59,0
20161026_SU,16.3,5.8,13.3,81.0,244,0
20161026_US,22.2,9.5,16.5,80.1,16,0
20161027_BS,20.0,4.5,17.6,66.4,64,0
20161027_CB,18.866666667,10.726666667,13.893333333,75.02,31,0
20161027_CN,17.99375,9.3,13.79375,85.5125,34,0
20161027_DG,19.7,10.4,14.9,74.9,43,0
20161027_DJ,18.0,7.8,14.2,82.3,33,0
20161027_GB,18.383333333,9.7375,13.875,78.05,53,0
20161027_GG,20.102380952,11.678571429000002,14.354761905,72.345238095,183,0
20161027_GJ,19.2,7.9,15.7,74.5,30,0
20161027_GN,19.486363636,9.1363636364,15.359090909,72.445454545,60,0
20161027_GW,19.516666667,10.022222222,14.088888889000001,74.65,38,0
20161027_IC,19.54,10.36,14.83,63.65,53,0
20161027_JB,18.72,10.526666667,14.06,78.893333333,81,0
20161027_JJ,22.65,6.25,19.55,78.1,14,0
20161027_JN,19.904545455,8.9272727273,16.027272727,72.531818182,63,0
20161027_SU,20.9,12.3,14.6,65.4,218,0
20161027_US,18.1,6.4,16.2,76.0,10,0
20161028_BS,17.3,2.2,15.6,89.8,71,0
20161028_CB,15.566666667,4.3666666667000005,13.173333332999999,81.346666667,25,0
20161028_CN,16.39375,4.5125,13.88125,84.8625,47,0
20161028_DG,15.9,2.7,14.7,83.6,44,0
20161028_DJ,15.7,4.6,13.5,91.4,31,0
20161028_GB,15.691666667,3.4166666667000003,13.891666667,88.370833333,55,0
20161028_GG,17.8,7.2619047619,14.280952380999999,67.311904762,170,0
20161028_GJ,17.1,4.2,14.6,88.3,32,0
20161028_GN,16.377272727,3.1681818182,14.513636364000002,86.818181818,55,0
20161028_GW,16.822222222,6.3944444444,13.361111111,79.65555555600001,26,0
20161028_IC,17.5,7.37,14.69,62.7,42,0
20161028_JB,15.793333333,3.6533333333,13.766666667,85.92,66,0
20161028_JJ,22.35,5.3,19.1,87.1,8,0
20161028_JN,17.186363636,3.6045454544999997,14.854545455,85.659090909,47,0
20161028_SU,18.4,8.2,14.6,61.8,181,0
20161028_US,16.6,2.5,15.0,95.6,14,0
20161029_BS,17.4,4.8,14.7,70.6,17,0
20161029_CB,12.293333333,7.14,8.8533333333,63.066666667,10,0
20161029_CN,12.75,7.30625,9.025,61.23125,15,0
20161029_DG,15.6,5.5,13.0,68.3,12,0
20161029_DJ,13.5,7.4,9.2,68.4,7,0
20161029_GB,14.354166667000001,5.775,11.416666667000001,76.366666667,13,0
20161029_GG,12.078571429,8.483333333300001,8.119047619,46.292857143,47,0
20161029_GJ,14.6,6.9,11.3,61.3,14,0
20161029_GN,16.377272727,6.631818181799999,13.25,71.818181818,19,0
20161029_GW,12.711111111,6.9222222222,9.35,70.833333333,5,0
20161029_IC,10.4,5.77,7.63,40.13,10,0
20161029_JB,13.853333333,7.8466666667,9.893333333300001,64.453333333,27,0
20161029_JJ,18.2,4.35,15.85,64.8,1,0
20161029_JN,15.35,7.0363636364,11.872727272999999,61.309090909,17,0
20161029_SU,11.2,7.7,7.8,40.3,46,0
20161029_US,14.7,4.1,12.9,85.4,1,0
20161030_BS,19.0,9.2,12.9,56.8,1,0
20161030_CB,13.813333333,13.526666667,6.0666666667,53.086666666999996,2,0
20161030_CN,14.375,14.4375,6.5625,59.33125,0,0
20161030_DG,16.4,10.7,9.8,45.9,0,0
20161030_DJ,14.5,13.3,7.1,54.8,2,0
20161030_GB,15.208333332999999,11.4,8.429166666699999,60.1875,1,0
20161030_GG,14.857142857000001,14.680952380999999,6.9476190476,43.64047619,7,0
20161030_GJ,16.9,11.0,10.1,44.1,0,0
20161030_GN,16.677272727000002,10.309090909,10.272727273,57.831818182,2,0
20161030_GW,13.261111110999998,12.016666667,6.6388888888999995,57.966666667,1,0
20161030_IC,13.38,9.77,8.44,33.0,1,0
20161030_JB,15.0,12.706666667,7.5933333333,54.686666667,2,0
20161030_JJ,18.05,5.25,15.05,57.95,0,0
20161030_JN,16.277272727,10.731818182,9.845454545499999,52.172727273,0,0
20161030_SU,15.1,13.5,7.9,31.9,7,0
20161030_US,16.7,9.5,10.8,58.8,0,0
20161031_BS,15.1,4.4,12.7,60.1,89,0
20161031_CB,10.006666667000001,6.86,6.8133333333,64.873333333,49,0
20161031_CN,10.94375,6.84375,7.575,71.35625,61,0
20161031_DG,11.8,6.0,9.5,65.3,71,0
20161031_DJ,10.4,5.5,7.8,70.0,52,0
20161031_GB,11.129166667,6.716666666699999,8.3958333333,68.93333333300001,70,0
20161031_GG,9.285714285700001,8.1095238095,6.0142857143,61.016666666999996,220,0
20161031_GJ,13.1,5.7,9.8,70.3,37,0
20161031_GN,12.804545455,6.35,9.6590909091,72.404545455,69,0
20161031_GW,10.605555556,7.3722222222000005,7.5,58.394444443999994,32,0
20161031_IC,9.53,7.79,6.59,61.76,49,0
20161031_JB,12.86,7.98,8.6266666667,67.04,88,0
20161031_JJ,17.65,4.3,15.3,68.85,15,0
20161031_JN,13.059090909000002,6.3863636364,9.945454545499999,73.277272727,71,0
20161031_SU,8.2,7.5,5.7,59.9,220,0
20161031_US,13.3,5.9,10.5,74.4,18,0
20161101_BS,13.4,7.9,8.5,44.6,671,0
20161101_CB,7.9733333333,9.54,2.48,49.093333333000004,120,0
20161101_CN,8.24375,9.5625,3.19375,63.7125,280,0
20161101_DG,10.7,7.9,6.5,38.4,276,0
20161101_DJ,9.4,10.1,3.4,57.3,195,0
20161101_GB,10.7875,10.05,5.1416666667,47.208333333,373,0
20161101_GG,7.369047619,9.5404761905,1.8571428571000002,46.007142857,900,0
20161101_GJ,10.1,7.1,6.6,53.8,235,0
20161101_GN,11.945454545,9.3954545455,6.8636363636,46.618181818000004,494,0
20161101_GW,9.005555555599999,10.083333332999999,3.1888888888999998,50.994444443999996,105,0
20161101_IC,5.56,7.06,1.97,48.38,161,0
20161101_JB,9.08,8.4,4.48,57.573333333,430,0
20161101_JJ,14.25,4.8,11.45,62.65,39,0
20161101_JN,10.618181818,7.4227272726999995,6.968181818200001,55.3,273,0
20161101_SU,6.6,9.0,1.5,43.6,590,0
20161101_US,11.0,7.7,6.7,46.5,134,0
20161102_BS,14.1,11.0,8.2,35.9,78,0
20161102_CB,10.64,14.633333333,3.7266666667000004,57.486666667,35,0
20161102_CN,11.3875,14.33125,4.625,70.2625,67,0
20161102_DG,12.4,10.1,6.8,39.9,64,0
20161102_DJ,11.7,14.1,5.1,64.1,33,0
20161102_GB,11.95,13.070833333,5.0541666667000005,50.895833333,76,0
20161102_GG,10.54047619,13.888095238,3.8571428571,60.280952381000006,237,0
20161102_GJ,12.7,10.4,7.5,57.0,24,0
20161102_GN,13.413636364,12.595454545,6.654545454500001,47.886363636000006,73,0
20161102_GW,10.544444444,13.233333333,4.4611111111,52.372222222,40,0
20161102_IC,9.69,10.5,4.94,58.7,48,0
20161102_JB,11.786666667,13.64,5.0,64.733333333,79,0
20161102_JJ,15.0,6.15,11.85,64.5,15,0
20161102_JN,12.986363635999998,11.159090909000001,7.25,59.759090908999994,62,0
20161102_SU,10.5,13.2,4.1,53.1,226,0
20161102_US,12.2,10.3,6.8,41.6,19,0
20161103_BS,17.5,11.6,11.2,58.0,96,0
20161103_CB,13.74,11.14,7.0266666667,68.946666667,35,0
20161103_CN,15.3,12.6125,7.38125,77.85,47,0
20161103_DG,14.6,13.3,7.6,71.1,65,0
20161103_DJ,14.8,11.1,8.1,76.3,47,0
20161103_GB,14.075,12.595833333,7.2,68.733333333,59,0
20161103_GG,14.221428570999999,10.554761905,8.4428571429,69.280952381,190,0
20161103_GJ,16.4,12.0,9.8,74.8,33,0
20161103_GN,15.768181818,12.654545455,8.9863636364,69.195454545,73,0
20161103_GW,13.1,9.4055555556,8.1222222222,62.027777778,34,0
20161103_IC,13.51,8.05,10.39,67.09,44,0
20161103_JB,14.42,11.24,8.0933333333,77.386666667,87,0
20161103_JJ,18.1,7.75,13.7,63.9,16,0
20161103_JN,16.263636364,12.259090909000001,9.5,73.659090909,64,0
20161103_SU,14.1,9.9,9.1,62.8,231,0
20161103_US,15.3,13.0,8.6,69.8,12,0
20161104_BS,19.0,8.9,14.1,56.0,61,0
20161104_CB,17.186666667,16.34,9.186666666699999,70.346666667,31,0
20161104_CN,17.1625,15.3,10.14375,82.76875,44,0
20161104_DG,18.0,15.5,9.3,69.4,45,0
20161104_DJ,17.4,14.7,9.9,77.5,27,0
20161104_GB,17.716666667000002,15.458333332999999,9.0916666667,67.920833333,56,0
20161104_GG,16.042857143,10.371428571000001,11.545238095,71.45952381,162,0
20161104_GJ,18.0,13.0,11.4,80.5,28,0
20161104_GN,17.918181818,14.013636364000002,10.331818182000001,70.48636363600001,55,0
20161104_GW,15.894444444000001,10.9,11.222222222000001,65.133333333,33,0
20161104_IC,16.61,7.02,13.04,73.92,45,0
20161104_JB,17.5,14.24,9.6533333333,77.28666666699999,74,0
20161104_JJ,18.85,8.3,14.35,66.8,11,0
20161104_JN,17.881818182,13.568181818,10.686363636,79.363636364,59,0
20161104_SU,15.7,7.5,12.3,67.0,148,0
20161104_US,19.4,14.2,12.1,59.9,14,0
20161105_BS,20.5,8.2,15.9,70.0,19,0
20161105_CB,18.7,11.433333333,12.553333333,75.7,6,0
20161105_CN,19.1375,9.96875,13.58125,87.24375,16,0
20161105_DG,20.3,15.4,12.0,75.3,17,0
20161105_DJ,19.2,10.5,13.3,81.3,4,0
20161105_GB,19.870833333,14.883333333,12.320833333,72.408333333,17,0
20161105_GG,18.947619048,8.5023809524,14.283333333,81.395238095,64,0
20161105_GJ,21.2,11.5,14.5,82.9,12,0
20161105_GN,20.7,14.2,12.854545455,77.677272727,13,0
20161105_GW,18.622222222,8.6722222222,14.355555555999999,69.1,9,0
20161105_IC,17.94,5.67,15.14,85.06,14,0
20161105_JB,20.166666667,12.726666667,13.013333333,79.873333333,23,0
20161105_JJ,21.8,9.4,16.85,70.65,2,0
20161105_JN,20.736363636,12.577272727,13.713636364000001,82.0,23,0
20161105_SU,18.1,5.9,15.0,77.4,43,0
20161105_US,21.2,12.8,14.6,70.5,2,0
20161106_BS,16.6,3.7,14.3,79.0,3,0
20161106_CB,16.226666667,7.3066666667,12.586666667000001,68.48,0,0
20161106_CN,18.9375,9.6125,13.8125,78.83125,2,0
20161106_DG,14.5,5.7,12.3,78.3,0,0
20161106_DJ,18.2,8.4,13.3,78.9,0,0
20161106_GB,14.045833333,5.7625,11.320833333,79.958333333,1,0
20161106_GG,18.116666667,6.769047619,14.002380952000001,63.521428571,7,0
20161106_GJ,21.9,13.2,14.1,78.8,0,0
20161106_GN,16.009090909,7.240909090900001,12.777272727,77.777272727,2,0
20161106_GW,12.866666667,3.8111111111000002,10.422222222,75.505555556,0,0
20161106_IC,18.13,5.23,14.95,65.73,1,0
20161106_JB,19.526666667,12.313333333,13.173333332999999,76.18,1,0
20161106_JJ,21.65,8.45,17.55,73.2,0,0
20161106_JN,20.018181818,11.0,14.1,77.5,4,0
20161106_SU,18.3,6.4,14.0,59.4,10,0
20161106_US,15.8,4.3,12.8,95.3,0,0
20161107_BS,18.5,5.9,14.3,68.9,88,0
20161107_CB,18.28,8.393333333300001,13.646666667,65.7,34,0
20161107_CN,17.9,8.5625,13.36875,78.4375,61,0
20161107_DG,17.4,7.9,12.9,75.5,67,0
20161107_DJ,18.8,8.0,14.3,72.5,49,0
20161107_GB,16.629166667,7.404166666699999,12.166666667000001,79.429166667,66,0
20161107_GG,17.888095238,9.0571428571,12.995238095,71.811904762,243,0
20161107_GJ,20.6,10.8,15.0,72.1,56,0
20161107_GN,18.286363636,9.5,13.054545455,74.872727273,67,0
20161107_GW,16.227777778,7.466666666699999,12.227777778,75.95,56,0
20161107_IC,16.62,7.91,12.83,74.7,44,0
20161107_JB,19.006666667,9.9266666667,13.866666667,70.76,83,0
20161107_JJ,21.2,5.2,17.9,66.45,7,0
20161107_JN,19.472727273,8.568181818200001,14.9,72.2,72,0
20161107_SU,17.8,9.3,12.8,71.3,221,0
20161107_US,16.2,5.4,13.2,84.4,11,0
20161108_BS,15.9,7.7,12.5,54.6,84,0
20161108_CB,11.113333333,10.42,6.3533333333,61.873333333000005,31,0
20161108_CN,10.71875,8.925,6.4625,68.0125,44,0
20161108_DG,13.5,8.3,10.6,51.6,51,0
20161108_DJ,12.3,11.4,6.9,69.0,40,0
20161108_GB,13.995833333,10.583333332999999,9.3083333333,62.370833333,67,0
20161108_GG,8.9928571429,8.7,4.769047619,59.647619048,214,0
20161108_GJ,14.7,9.5,9.2,66.0,25,0
20161108_GN,15.313636364,9.9363636364,11.322727273,57.345454545,66,0
20161108_GW,12.038888889,9.7833333333,7.2777777778,66.383333333,38,0
20161108_IC,8.72,7.78,4.05,56.72,43,0
20161108_JB,12.186666667,9.893333333300001,7.42,67.366666667,77,0
20161108_JJ,17.4,6.45,13.8,77.05,19,0
20161108_JN,14.340909090999999,8.4863636364,9.6318181818,65.822727273,71,0
20161108_SU,8.4,8.0,4.1,58.0,213,0
20161108_US,14.3,8.8,11.2,63.0,22,0
20161109_BS,15.8,12.0,9.7,54.3,62,0
20161109_CB,9.02,11.84,2.2933333333,55.246666667,34,0
20161109_CN,9.01875,11.76875,2.6875,58.2875,50,0
20161109_DG,12.0,10.4,6.0,53.8,52,0
20161109_DJ,9.8,12.9,3.1,54.0,27,0
20161109_GB,11.391666667,11.35,4.8583333333,61.470833333,52,0
20161109_GG,8.769047619,11.802380952,2.1738095238,47.973809523999996,165,0
20161109_GJ,11.5,11.0,5.8,43.8,31,0
20161109_GN,13.277272727,12.104545455,6.85,51.368181818000004,58,0
20161109_GW,8.8055555556,9.8444444444,2.9333333333,65.394444444,32,0
20161109_IC,6.24,8.64,1.95,43.53,39,0
20161109_JB,9.7466666667,12.02,3.4066666667,57.546666667,67,0
20161109_JJ,13.95,5.2,11.6,55.35,8,0
20161109_JN,11.513636364000002,10.318181818,6.0181818182,48.390909091000005,47,0
20161109_SU,8.6,11.8,2.1,41.1,220,0
20161109_US,12.8,10.5,7.3,66.1,7,0
20161110_BS,14.3,4.6,11.0,74.3,56,0
20161110_CB,12.0,11.16,5.92,74.44,34,0
20161110_CN,11.01875,9.775,6.23125,78.0875,41,0
20161110_DG,14.2,9.9,9.4,68.8,55,0
20161110_DJ,12.0,9.6,6.8,79.3,34,0
20161110_GB,13.1125,10.154166667,7.904166666699999,74.8125,48,0
20161110_GG,10.480952381,9.7642857143,5.9619047619000005,64.54047619,173,0
20161110_GJ,12.8,7.2,8.5,78.0,28,0
20161110_GN,14.486363635999998,8.681818181799999,9.695454545499999,71.090909091,69,0
20161110_GW,10.338888889,9.9055555556,5.5388888889,74.894444444,33,0
20161110_IC,9.79,8.24,6.28,61.25,53,0
20161110_JB,11.506666667000001,9.04,6.58,78.18,71,0
20161110_JJ,15.55,4.6,13.15,75.85,11,0
20161110_JN,12.954545455,7.4954545454999995,8.7590909091,77.786363636,42,0
20161110_SU,9.8,8.3,6.0,55.5,191,0
20161110_US,14.0,7.2,9.5,87.5,8,0
20161111_BS,17.8,9.6,12.8,60.6,72,0
20161111_CB,14.18,10.66,8.233333333300001,71.353333333,27,0
20161111_CN,14.69375,10.825,8.8125,80.96875,41,0
20161111_DG,15.9,10.2,10.2,66.0,42,0
20161111_DJ,14.8,9.0,9.3,78.1,35,0
20161111_GB,15.204166667,10.816666667,9.170833333300001,67.329166667,62,0
20161111_GG,14.335714285999998,9.5285714286,8.7214285714,68.254761905,194,0
20161111_GJ,16.4,9.6,10.4,75.0,29,0
20161111_GN,17.177272727000002,11.631818182,10.604545455,66.859090909,55,0
20161111_GW,13.811111110999999,10.133333333,8.4888888889,64.172222222,34,0
20161111_IC,13.41,6.08,10.2,61.61,42,0
20161111_JB,14.753333332999999,10.48,8.946666666699999,74.466666667,70,0
20161111_JJ,18.35,6.95,14.4,61.15,13,0
20161111_JN,16.368181818,10.822727273,10.131818182,73.2,48,0
20161111_SU,14.2,8.0,9.1,63.3,173,0
20161111_US,16.5,10.9,10.7,70.1,14,0
20161112_BS,20.3,11.5,14.6,62.1,19,0
20161112_CB,17.573333333,16.52,8.2066666667,70.553333333,8,0
20161112_CN,17.8125,15.70625,9.44375,79.8625,14,0
20161112_DG,18.7,15.9,10.2,69.4,16,0
20161112_DJ,18.6,15.9,9.7,76.9,8,0
20161112_GB,17.841666667000002,15.525,8.825,68.283333333,20,0
20161112_GG,17.064285714,13.516666667,10.573809524,68.311904762,41,0
20161112_GJ,21.2,16.3,12.3,73.1,19,0
20161112_GN,18.881818182,14.922727273,10.809090909000002,72.181818182,15,0
20161112_GW,17.194444444000002,15.022222222,9.7611111111,60.483333333000004,4,0
20161112_IC,15.73,7.41,12.51,66.69,9,0
20161112_JB,19.273333333,16.786666667000002,9.94,68.206666667,19,0
20161112_JJ,20.4,10.45,15.8,61.25,2,0
20161112_JN,19.581818182,15.518181818,11.55,74.140909091,15,0
20161112_SU,16.7,11.6,11.4,62.1,49,0
20161112_US,19.5,14.2,12.2,67.6,1,0
20161113_BS,18.0,5.1,15.8,79.1,1,0
20161113_CB,18.593333333,13.633333333,11.373333333,72.486666667,2,0
20161113_CN,19.54375,12.875,13.0,83.75625,2,0
20161113_DG,17.8,13.2,11.1,78.6,3,0
20161113_DJ,18.1,11.5,12.1,79.4,2,0
20161113_GB,18.0375,13.8125,10.975,77.1875,1,0
20161113_GG,18.228571429000002,8.1571428571,13.554761905,80.726190476,5,0
20161113_GJ,20.0,10.0,14.7,84.9,0,0
20161113_GN,17.372727273,9.3818181818,12.95,82.468181818,3,0
20161113_GW,16.883333333,9.1611111111,11.727777778,79.55,0,0
20161113_IC,18.77,6.44,15.32,75.18,0,0
20161113_JB,19.553333333,12.726666667,13.34,74.28,3,0
20161113_JJ,21.65,6.15,17.65,84.2,1,0
20161113_JN,19.372727273,10.05,14.327272727,84.19090909100001,4,0
20161113_SU,18.1,6.0,14.4,74.8,7,0
20161113_US,18.0,10.4,13.7,86.3,0,0
20161114_BS,19.5,3.8,17.0,88.5,78,0
20161114_CB,21.22,13.32,14.273333333,74.57333333300001,34,0
20161114_CN,20.93125,12.0125,14.45625,83.81875,73,0
20161114_DG,20.4,10.0,14.4,83.3,78,0
20161114_DJ,21.9,12.4,15.3,80.1,32,0
20161114_GB,20.0,10.495833333,14.245833333,82.1,73,0
20161114_GG,16.552380952,7.114285714299999,13.035714286,84.254761905,211,0
20161114_GJ,17.3,2.9,15.8,98.0,51,0
20161114_GN,17.459090909,4.3772727273,14.931818182,92.35,66,0
20161114_GW,17.738888889000002,10.105555556,13.094444444,81.03888888899999,49,0
20161114_IC,15.64,5.83,13.56,80.85,50,0
20161114_JB,18.826666667,8.8533333333,14.553333333,85.173333333,73,0
20161114_JJ,23.05,6.6,19.0,93.8,17,0
20161114_JN,17.959090909,3.5909090909,16.040909091,91.01363636399999,69,0
20161114_SU,15.8,5.6,13.2,78.5,217,0
20161114_US,20.3,6.7,16.0,93.5,16,0
20161115_BS,19.9,8.3,15.2,57.0,71,0
20161115_CB,14.286666667,12.786666667,7.6933333333,48.073333333,33,0
20161115_CN,13.39375,12.61875,7.21875,59.33125,61,0
20161115_DG,17.0,11.5,12.2,42.4,36,0
20161115_DJ,14.6,11.9,8.3,52.6,35,0
20161115_GB,16.558333333,12.5,10.733333333,53.15,58,0
20161115_GG,11.102380952,9.233333333300001,5.8071428571000006,47.60952381,198,0
20161115_GJ,15.4,10.2,10.7,53.0,49,0
20161115_GN,18.445454545,12.690909090999998,12.640909091,51.459090909,74,0
20161115_GW,14.561111110999999,12.066666667,8.1944444444,56.483333333000004,41,0
20161115_IC,10.06,7.39,5.62,46.78,30,0
20161115_JB,14.366666667,12.46,8.7,56.36,86,0
20161115_JJ,18.6,7.5,15.25,66.95,14,0
20161115_JN,15.781818182,10.045,11.15,56.440909091,57,0
20161115_SU,10.2,7.7,5.2,44.3,226,0
20161115_US,17.4,8.0,13.8,64.6,16,0
20161116_BS,19.0,9.5,13.2,44.3,72,0
20161116_CB,11.786666667,13.86,4.36,58.653333333,23,0
20161116_CN,12.1125,13.86875,4.43125,69.51875,53,0
20161116_DG,16.1,14.5,9.1,41.9,64,0
20161116_DJ,12.9,13.4,5.7,63.4,36,0
20161116_GB,14.858333333,14.425,7.225,50.070833333,63,0
20161116_GG,11.895238095,13.1,4.7452380951999995,54.533333333,184,0
20161116_GJ,16.8,14.3,9.2,49.9,35,0
20161116_GN,16.636363636,13.677272727,9.036363636399999,52.068181818,65,0
20161116_GW,12.622222222000001,12.888888889,5.3833333333,58.672222221999995,31,0
20161116_IC,10.11,8.97,5.59,51.15,45,0
20161116_JB,13.3,14.366666667,5.48,63.52,76,0
20161116_JJ,17.75,8.15,13.8,66.0,15,0
20161116_JN,16.809090909000002,14.709090909,8.595454545499999,57.695454545,57,0
20161116_SU,12.0,12.0,5.2,44.3,200,0
20161116_US,17.9,12.4,11.6,38.5,10,0
20161117_BS,18.6,9.4,13.3,53.6,50,0
20161117_CB,14.633333333,14.166666667000001,6.44,61.366666667,30,0
20161117_CN,15.25625,13.6625,7.71875,70.05,42,0
20161117_DG,15.5,9.6,10.2,55.4,42,0
20161117_DJ,15.4,12.1,8.1,65.9,34,0
20161117_GB,15.225,12.016666667,8.0666666667,60.579166666999996,57,0
20161117_GG,15.90952381,13.564285714,7.8976190476,65.719047619,149,0
20161117_GJ,20.0,11.9,13.6,47.1,31,0
20161117_GN,17.595454545,11.677272727,10.822727273,58.695454545,55,0
20161117_GW,14.216666667,13.033333333,6.35,66.71111111100001,34,0
20161117_IC,13.57,8.2,9.26,63.8,46,0
20161117_JB,17.453333333,14.56,9.4866666667,60.833333333,82,0
20161117_JJ,19.65,7.5,16.05,65.65,9,0
20161117_JN,18.518181818,12.25,11.640909091,58.836363636,49,0
20161117_SU,16.5,12.5,9.1,56.4,228,0
20161117_US,16.5,8.3,11.5,56.5,3,0
20161118_BS,20.8,9.4,15.2,80.5,66,0
20161118_CB,13.7,12.346666667000001,7.96,78.333333333,33,0
20161118_CN,14.49375,12.5875,8.55,87.9125,48,0
20161118_DG,16.5,12.5,10.4,82.1,52,0
20161118_DJ,13.8,10.8,9.0,84.1,27,0
20161118_GB,15.804166667,12.991666667,9.554166666699999,82.979166667,51,0
20161118_GG,14.626190476,11.638095238,9.3166666667,71.41190476199999,161,0
20161118_GJ,15.6,7.8,11.9,85.9,30,0
20161118_GN,17.327272727,11.781818182,11.418181817999999,82.772727273,51,0
20161118_GW,14.577777778,13.0,8.5833333333,73.088888889,41,0
20161118_IC,15.07,8.48,11.45,61.43,35,0
20161118_JB,15.64,12.093333333,9.6933333333,82.36,66,0
20161118_JJ,21.8,5.85,19.1,76.9,14,0
20161118_JN,16.086363635999998,8.7590909091,12.259090909000001,85.509090909,53,0
20161118_SU,14.6,9.7,10.3,58.4,164,0
20161118_US,19.8,12.2,13.0,88.1,8,0
20161119_BS,20.4,7.0,15.9,88.4,11,0
20161119_CB,13.593333333,4.2133333333,11.64,91.53333333299999,13,0
20161119_CN,14.7,4.625,12.45625,96.325,16,0
20161119_DG,18.3,7.1,13.9,86.9,13,0
20161119_DJ,14.3,3.9,12.6,96.3,6,0
20161119_GB,16.3875,6.175,12.904166667,89.34166666700001,23,0
20161119_GG,16.40952381,6.8047619048,12.621428571,80.142857143,44,0
20161119_GJ,16.4,3.9,14.7,98.9,14,0
20161119_GN,19.281818182000002,7.5681818182,14.4,90.613636364,25,0
20161119_GW,16.705555556,7.8555555556,12.838888889000001,75.472222222,8,0
20161119_IC,15.72,5.56,12.57,78.58,12,0
20161119_JB,15.086666667000001,4.58,12.946666667,95.96666666700001,21,0
20161119_JJ,22.25,4.95,18.7,88.4,5,0
20161119_JN,16.7,3.5227272726999996,14.968181818,95.94090909100001,24,0
20161119_SU,18.6,8.7,13.0,71.1,41,0
20161119_US,20.9,8.9,15.3,93.0,3,0
20161120_BS,19.4,5.4,15.8,71.3,1,0
20161120_CB,16.366666667,11.386666667,10.793333333,70.5,1,0
20161120_CN,15.88125,10.5875,10.5875,70.80625,0,0
20161120_DG,19.6,8.9,14.2,70.5,3,0
20161120_DJ,16.4,9.7,11.5,76.0,1,0
20161120_GB,18.541666667,10.720833333,12.870833333,71.06666666699999,1,0
20161120_GG,15.742857143,10.569047619,10.069047619,53.00952381,9,0
20161120_GJ,18.6,7.7,14.1,77.8,0,0
20161120_GN,19.736363636,9.5818181818,14.186363636,75.231818182,3,0
20161120_GW,16.866666667,11.788888889,11.183333333,62.25,1,0
20161120_IC,13.1,7.05,9.03,50.4,0,0
20161120_JB,17.693333332999998,11.073333332999999,11.86,74.42666666699999,1,0
20161120_JJ,19.2,3.2,17.75,83.95,0,0
20161120_JN,18.636363636,8.3545454545,14.022727273,78.990909091,1,0
20161120_SU,15.3,8.9,9.8,48.6,10,0
20161120_US,19.5,6.9,15.0,74.8,0,0
20161121_BS,18.8,5.8,14.9,70.8,92,0
20161121_CB,11.38,7.28,7.92,81.84,40,0
20161121_CN,12.5875,7.58125,8.93125,79.4375,70,0
20161121_DG,16.8,9.1,12.5,77.8,69,0
20161121_DJ,11.6,6.1,8.7,89.1,38,0
20161121_GB,15.275,8.758333333300001,10.804166667,81.30833333300001,83,0
20161121_GG,13.645238095,10.033333333,8.8285714286,53.245238095,222,0
20161121_GJ,17.3,7.5,13.8,80.3,28,0
20161121_GN,16.086363635999998,7.8,12.177272727,81.090909091,83,0
20161121_GW,11.216666667,7.833333333300001,7.5,71.855555556,44,0
20161121_IC,15.01,9.7,9.36,46.44,48,0
20161121_JB,14.473333333,8.473333333300001,10.406666667,83.57333333300001,85,0
20161121_JJ,19.35,3.6,17.6,89.45,16,0
20161121_JN,16.7,7.1136363636,13.463636364000001,84.022727273,65,0
20161121_SU,14.6,9.5,9.5,40.5,241,0
20161121_US,17.2,7.8,13.2,82.6,23,0
20161122_BS,15.5,9.3,11.1,59.6,67,0
20161122_CB,8.86,8.3066666667,4.4133333333,57.3,44,0
20161122_CN,9.525,8.7,4.525,62.59375,44,0
20161122_DG,11.3,7.1,7.9,56.0,54,0
20161122_DJ,9.5,8.8,4.9,63.0,32,0
20161122_GB,11.179166667,7.458333333300001,7.3375,63.041666667,53,0
20161122_GG,8.669047619,10.1,2.9833333332999996,44.92142857100001,235,0
20161122_GJ,13.2,9.5,7.5,60.8,49,0
20161122_GN,13.763636364000002,8.390909090900001,9.3227272727,61.186363636,58,0
20161122_GW,9.027777777799999,7.55,5.3722222222000005,68.611111111,37,0
20161122_IC,7.97,9.62,1.82,48.28,39,0
20161122_JB,10.646666667,9.3866666667,5.5666666667,63.46,78,0
20161122_JJ,17.95,8.1,13.4,76.75,18,0
20161122_JN,13.190909090999998,8.7909090909,8.140909090900001,63.454545455,61,0
20161122_SU,8.4,10.5,2.0,43.3,228,0
20161122_US,13.6,8.2,9.5,68.3,23,0
20161123_BS,14.5,9.5,8.3,49.0,66,0
20161123_CB,5.46,8.6266666667,0.6466666667000001,40.733333333000004,32,0
20161123_CN,5.1625,7.86875,1.0125,51.4,54,0
20161123_DG,10.1,8.0,5.6,31.5,61,0
20161123_DJ,6.2,9.5,0.8,44.9,40,0
20161123_GB,9.3625,8.2791666667,4.5208333333,45.766666666999996,63,0
20161123_GG,4.1833333333,8.6452380952,-0.9523809520000001,38.90952381,188,0
20161123_GJ,7.6,7.1,3.6,42.8,32,0
20161123_GN,11.545454545,8.695454545499999,6.5772727273000005,38.195454545,65,0
20161123_GW,6.0388888889,7.6833333333,1.9277777778,52.588888888999996,35,0
20161123_IC,2.59,7.33,-1.63,44.29,39,0
20161123_JB,6.54,8.473333333300001,1.8533333333000002,47.506666667,66,0
20161123_JJ,12.25,3.6,9.8,61.95,11,0
20161123_JN,8.4,6.9636363636,4.4863636364,47.190909091,63,0
20161123_SU,3.6,8.4,-1.8,37.5,204,0
20161123_US,10.0,6.8,6.5,55.0,12,0
20161124_BS,9.5,9.4,4.1,26.8,72,0
20161124_CB,3.4466666667,9.0066666667,-1.46,46.906666666999996,25,0
20161124_CN,4.59375,8.2625,-0.1125,61.6,41,0
20161124_DG,5.8,7.1,1.8,31.3,51,0
20161124_DJ,5.2,10.1,-0.2,54.8,29,0
20161124_GB,5.8166666667,8.6458333333,0.9375,35.741666667,61,0
20161124_GG,3.0809523810000004,8.9285714286,-1.823809524,41.669047619000004,169,0
20161124_GJ,6.8,7.3,2.7,54.0,20,0
20161124_GN,8.2590909091,9.1454545455,2.95,35.286363636,59,0
20161124_GW,4.5111111111,9.733333333300001,-0.7222222220000001,37.822222222,31,0
20161124_IC,1.99,6.54,-1.34,41.9,40,0
20161124_JB,5.0466666667,7.7333333333,0.4466666667,58.02,71,0
20161124_JJ,9.6,3.3,7.75,57.25,20,0
20161124_JN,7.154545454500001,7.3954545455,3.1272727273000003,56.536363636000004,50,0
20161124_SU,2.4,8.6,-2.5,37.8,233,0
20161124_US,8.1,9.1,2.7,29.0,2,0
20161125_BS,11.7,10.8,5.7,38.8,63,0
20161125_CB,6.1866666667,11.866666667,-0.4,58.893333333,32,0
20161125_CN,7.59375,10.64375,1.39375,64.6125,52,0
20161125_DG,8.2,8.0,3.5,43.5,55,0
20161125_DJ,7.8,11.0,1.4,64.0,34,0
20161125_GB,7.7583333333,10.95,1.625,47.9,54,0
20161125_GG,6.5642857142999995,11.197619048,0.4857142857,50.704761905,161,0
20161125_GJ,10.2,9.3,4.8,53.1,31,0
20161125_GN,10.122727272999999,11.022727273,3.9454545455,49.831818182,58,0
20161125_GW,6.466666666699999,11.916666667000001,-0.355555556,50.45,36,0
20161125_IC,5.59,7.74,2.29,45.47,48,0
20161125_JB,8.313333333300001,10.593333333,2.1533333333,62.973333333,70,0
20161125_JJ,12.35,4.95,9.8,59.2,13,0
20161125_JN,9.8954545455,9.5272727273,4.4818181818000005,60.227272727,50,0
20161125_SU,6.0,9.5,1.0,43.9,172,0
20161125_US,9.0,9.3,3.9,43.3,10,0
20161126_BS,10.3,7.5,6.5,60.9,12,0
20161126_CB,2.4066666667,7.26,-0.706666667,80.76,10,0
20161126_CN,3.80625,6.85625,0.9125,88.31875,18,0
20161126_DG,4.7,7.7,0.7,80.4,15,0
20161126_DJ,3.3,6.2,0.2,87.5,6,0
20161126_GB,4.6,8.491666666699999,0.38333333329999997,75.304166667,16,0
20161126_GG,2.8095238095,5.0904761905,0.49047619049999996,77.147619048,42,0
20161126_GJ,6.2,5.2,3.4,78.8,8,0
20161126_GN,5.4954545454999995,6.509090909099999,2.6954545455,74.772727273,21,0
20161126_GW,3.6055555556,7.6555555555999995,0.36666666670000003,70.277777778,3,0
20161126_IC,3.57,2.59,2.14,76.44,4,0
20161126_JB,3.64,6.46,0.5733333333,84.313333333,17,0
20161126_JJ,13.6,5.5,11.0,78.65,1,0
20161126_JN,5.9636363636,5.7090909090999995,3.6181818182,81.613636364,23,0
20161126_SU,2.7,3.4,0.9,69.6,46,0
20161126_US,7.4,7.4,3.8,66.4,3,0
20161127_BS,10.8,5.7,7.4,65.6,0,0
20161127_CB,7.073333333300001,7.333333333300001,2.5533333333000003,86.58,3,0
20161127_CN,8.95,8.2875,3.70625,91.90625,2,0
20161127_DG,9.0,8.1,4.0,82.3,1,0
20161127_DJ,7.1,6.1,3.0,93.3,1,0
20161127_GB,6.5583333333,6.3625,2.9291666667,81.9,0,0
20161127_GG,7.085714285700001,6.833333333300001,3.3666666667,87.6,10,0
20161127_GJ,10.8,9.3,5.9,82.5,0,0
20161127_GN,10.418181817999999,8.15,5.5863636364,73.618181818,0,0
20161127_GW,7.7388888889,6.9722222222,3.6,75.133333333,2,0
20161127_IC,7.89,5.79,4.71,84.41,0,0
20161127_JB,9.4933333333,9.9533333333,3.4133333332999998,86.84666666700001,2,0
20161127_JJ,14.0,4.35,11.85,70.5,0,0
20161127_JN,10.918181817999999,8.1181818182,6.4590909090999995,78.677272727,0,0
20161127_SU,6.6,6.1,3.3,81.3,10,0
20161127_US,10.0,6.6,6.0,73.8,0,0
20161128_BS,11.9,7.8,7.0,47.4,70,0
20161128_CB,6.993333333300001,8.446666666699999,2.22,63.973333333,49,0
20161128_CN,7.5625,8.7625,3.00625,70.15,65,0
20161128_DG,9.0,8.5,4.7,55.4,60,0
20161128_DJ,8.4,8.8,2.8,72.0,36,0
20161128_GB,8.55,9.2541666667,3.6739130435000003,61.430434783,62,0
20161128_GG,6.364285714299999,7.7928571429,1.7071428571,61.30952381,255,0
20161128_GJ,9.5,7.1,6.0,58.9,45,0
20161128_GN,11.127272727000001,9.8863636364,5.35,58.081818182,75,0
20161128_GW,6.6611111111,8.1888888889,1.9611111111000001,64.95,38,0
20161128_IC,5.05,4.97,2.25,55.56,49,0
20161128_JB,8.313333333300001,9.3,3.6733333333,67.62,86,0
20161128_JJ,12.75,4.9,10.2,62.0,13,0
20161128_JN,9.7090909091,6.8590909091,6.418181818200001,59.240909091000006,85,0
20161128_SU,5.6,7.0,1.4,57.9,217,0
20161128_US,10.5,9.2,5.6,57.0,18,0
20161129_BS,14.8,11.7,8.6,44.0,74,0
20161129_CB,8.0866666667,12.673333332999999,0.94,54.093333333000004,40,0
20161129_CN,8.90625,13.40625,1.51875,64.675,50,0
20161129_DG,10.2,10.3,5.0,42.3,66,0
20161129_DJ,8.8,12.2,1.9,61.8,38,0
20161129_GB,10.4875,12.441666667,3.7041666667000004,55.070833333,59,0
20161129_GG,8.0238095238,12.002380952000001,1.1261904762000001,50.028571428999996,202,0
20161129_GJ,11.6,10.7,5.3,42.8,48,0
20161129_GN,12.509090909000001,12.618181818,5.3636363636,46.813636364,69,0
20161129_GW,8.05,11.883333333,1.4333333333000002,64.022222222,30,0
20161129_IC,6.34,7.14,2.64,43.65,34,0
20161129_JB,9.5866666667,13.293333333,1.9933333333,62.106666667,81,0
20161129_JJ,13.8,5.75,10.85,55.85,11,0
20161129_JN,11.804545455,11.209090909,5.3,49.168181818,67,0
20161129_SU,8.6,11.4,1.7,40.8,226,0
20161129_US,11.2,10.3,6.4,57.3,6,0
20161130_BS,14.8,5.7,10.9,88.8,68,0
20161130_CB,11.126666667,12.626666667,5.0333333333,72.013333333,32,0
20161130_CN,11.2625,12.2625,5.525,76.225,57,0
20161130_DG,10.6,5.8,7.7,68.9,53,0
20161130_DJ,11.5,12.2,5.5,77.8,29,0
20161130_GB,10.3,7.1916666667,6.8375,79.366666667,57,0
20161130_GG,10.05952381,10.983333333,5.630952381,64.30952381,193,0
20161130_GJ,8.6,6.0,5.8,78.8,26,0
20161130_GN,11.504545455,7.595454545499999,7.8181818182,75.554545455,68,0
20161130_GW,9.8888888889,10.05,5.1222222222000005,76.79444444399999,47,0
20161130_IC,9.4,7.24,6.69,64.58,53,0
20161130_JB,11.126666667,12.273333333,5.3466666667,78.72,61,0
20161130_JJ,16.65,5.8,13.15,74.55,13,0
20161130_JN,10.527272727,8.2454545455,6.3090909091,80.077272727,56,0
20161130_SU,9.8,9.1,6.0,59.8,218,0
20161130_US,11.2,3.9,9.2,98.0,9,0
20161201_BS,13.8,9.4,9.3,53.8,669,0
20161201_CB,9.5466666667,10.54,5.0666666667,58.186666667,115,0
20161201_CN,10.325,10.7375,5.31875,67.525,269,0
20161201_DG,11.8,8.1,7.4,56.0,307,0
20161201_DJ,10.1,10.0,5.6,65.3,194,0
20161201_GB,11.420833333,10.4,6.8083333333,51.933333333,369,0
20161201_GG,8.1904761905,9.214285714299999,4.5285714286,50.378571429,938,0
20161201_GJ,12.1,9.2,7.1,71.1,217,0
20161201_GN,13.277272727,10.404545455,8.2545454545,56.045454545,504,0
20161201_GW,9.0111111111,9.6388888889,5.5888888889,41.388888889,102,0
20161201_IC,8.8,8.91,4.99,48.38,186,0
20161201_JB,10.64,10.666666667000001,5.96,66.526666667,434,0
20161201_JJ,14.75,6.05,12.15,59.35,40,0
20161201_JN,11.913636364,8.431818181799999,7.75,65.704545455,268,0
20161201_SU,7.0,8.0,4.1,47.6,581,0
20161201_US,13.0,10.1,8.7,56.8,141,0
20161202_BS,12.1,9.0,7.5,27.4,89,0
20161202_CB,7.5133333333,12.64,0.6933333333,54.413333333000004,46,0
20161202_CN,8.4375,13.6125,1.0375,72.45625,66,0
20161202_DG,10.9,9.1,5.8,29.8,54,0
20161202_DJ,8.5,12.6,1.8,62.1,39,0
20161202_GB,10.6875,12.308333333,3.9166666667000003,40.629166667,68,0
20161202_GG,8.0452380952,12.5,1.1404761905,56.780952381000006,196,0
20161202_GJ,10.6,11.0,4.5,57.6,35,0
20161202_GN,12.668181817999999,13.718181818,4.9227272726999995,46.231818182,69,0
20161202_GW,9.7944444444,13.027777777999999,2.6,43.20555555600001,39,0
20161202_IC,7.54,9.06,2.83,55.57,51,0
20161202_JB,8.9866666667,12.906666667,1.6266666666999998,68.38,84,0
20161202_JJ,13.0,6.8,9.45,63.35,16,0
20161202_JN,10.695454545,11.409090909000001,4.5227272727,59.618181818000004,65,0
20161202_SU,7.9,11.4,1.6,48.4,188,0
20161202_US,13.6,12.9,6.4,33.1,15,0
20161203_BS,16.8,12.3,9.8,39.9,21,0
20161203_CB,10.173333332999999,14.94,1.8666666666999998,64.113333333,10,0
20161203_CN,10.44375,14.34375,2.425,79.03125,13,0
20161203_DG,12.3,14.9,4.9,53.5,9,0
20161203_DJ,10.8,13.6,3.2,71.3,10,0
20161203_GB,12.9375,15.225,4.6916666667,52.241666667,15,0
20161203_GG,11.002380952000001,13.45952381,3.3833333333,69.771428571,60,0
20161203_GJ,12.2,13.3,5.1,66.3,20,0
20161203_GN,14.018181818,14.840909090999999,5.490909090900001,54.781818181999995,18,0
20161203_GW,11.538888889,14.588888889000001,4.0055555556,57.144444443999994,6,0
20161203_IC,10.39,8.93,5.3,71.66,15,0
20161203_JB,10.953333333,14.86,2.58,71.666666667,24,0
20161203_JJ,15.45,8.55,10.9,70.3,3,0
20161203_JN,12.790909091,13.895454545,4.7454545455,69.663636364,19,0
20161203_SU,11.3,12.0,4.5,58.8,49,0
20161203_US,16.1,14.9,8.8,41.0,3,0
20161204_BS,13.1,4.8,10.5,53.9,1,0
20161204_CB,8.2,9.866666666699999,2.96,69.766666667,0,0
20161204_CN,9.59375,10.35,4.36875,83.375,0,0
20161204_DG,9.8,8.8,4.8,67.6,0,0
20161204_DJ,8.8,9.0,4.1,76.8,0,0
20161204_GB,9.8416666667,8.95,4.9208333333,59.925,0,0
20161204_GG,8.5952380952,8.1380952381,4.4404761905,70.876190476,2,0
20161204_GN,11.486363635999998,8.9590909091,6.3863636364,69.568181818,2,0
20161204_GW,9.5611111111,8.027777777799999,5.2333333333,58.872222222,0,0
20161204_IC,9.05,5.2,6.76,69.14,0,0
20161204_JB,10.08,10.026666667,4.9733333333,72.233333333,3,0
20161204_JJ,14.6,5.6,12.15,71.75,0,0
20161204_JN,11.331818182000001,8.1590909091,6.7363636364,79.022727273,4,0
20161204_SU,9.5,7.5,5.5,60.1,3,0
20161205_BS,16.3,8.8,11.5,61.4,75,0
20161205_CB,13.313333333,10.693333333,7.28,65.533333333,40,0
20161205_CN,13.325,9.90625,7.9625,75.66875,87,0
20161205_DG,15.4,15.0,7.8,63.4,67,0
20161205_DJ,14.2,9.5,8.9,69.1,44,0
20161205_GB,14.508333333,13.295833333,7.783333333300001,61.129166667,97,0
20161205_GG,11.145238095,10.021428571,6.1428571429,71.67380952399999,225,0
20161205_GJ,15.0,9.2,9.3,75.8,41,0
20161205_GN,15.622727272999999,13.072727273,8.8272727273,69.536363636,79,0
20161205_GW,11.527777777999999,9.3444444444,6.744444444400001,65.077777778,36,0
20161205_IC,10.33,9.14,6.75,72.93,54,0
20161205_JB,13.633333333,8.9333333333,8.4533333333,74.093333333,103,0
20161205_JJ,16.6,6.1,13.4,66.5,15,0
20161205_JN,14.940909090999998,9.7909090909,9.2909090909,76.94090909100001,78,0
20161205_SU,10.3,9.8,5.9,69.1,258,0
20161205_US,17.4,13.5,10.5,60.6,23,0
20161206_BS,10.5,6.8,6.5,30.8,71,0
20161206_CB,4.7933333333,9.42,-0.16,44.813333333,38,0
20161206_CN,5.45,10.175,0.43125,52.23125,51,0
20161206_DG,8.3,10.2,3.3,37.5,46,0
20161206_DJ,6.6,9.2,1.2,48.4,48,0
20161206_GB,7.666666666699999,10.5,2.2875,39.783333333,71,0
20161206_GG,4.3928571429000005,8.7380952381,-0.847619048,41.261904762,199,0
20161206_GJ,7.8,7.6,3.9,47.3,35,0
20161206_GN,9.7954545455,10.340909091,4.5090909091,39.204545455,66,0
20161206_GW,5.25,8.5833333333,0.7722222222,41.827777778000005,38,0
20161206_IC,2.97,5.9,-0.4,40.73,45,0
20161206_JB,6.2,9.64,1.2866666667,53.153333333,88,0
20161206_JJ,11.65,5.8,8.6,62.5,18,0
20161206_JN,8.0272727273,9.0454545455,3.8454545455,52.895454545,58,0
20161206_SU,4.3,8.5,-1.1,38.5,198,0
20161206_US,10.1,9.8,4.7,33.0,17,0
20161207_BS,11.5,10.6,6.2,46.1,72,0
20161207_CB,5.7266666667,11.993333332999999,0.02,68.76,43,0
20161207_CN,9.46875,14.75625,2.33125,78.26875,47,0
20161207_DG,5.1,10.0,0.5,56.4,51,0
20161207_DJ,8.7,13.1,2.2,72.4,49,0
20161207_GB,5.1,10.025,-0.070833333,62.15,61,0
20161207_GG,7.3952380952,11.55952381,1.369047619,64.24047619,178,0
20161207_GJ,7.1,8.8,2.4,75.5,34,0
20161207_GN,9.0318181818,11.986363635999998,2.7181818181999997,61.595454545,56,0
20161207_GW,5.2722222222,9.2055555556,0.5333333333,62.005555556000004,37,0
20161207_IC,7.38,7.87,3.24,63.62,52,0
20161207_JB,8.06,12.646666667,2.04,75.373333333,61,0
20161207_JJ,13.85,8.15,9.9,64.35,9,0
20161207_JN,9.8636363636,12.004545455,3.4454545455,75.427272727,52,0
20161207_SU,7.5,10.2,1.7,58.3,209,0
20161207_US,10.4,11.1,4.8,46.0,11,0
20161208_BS,12.8,9.0,8.4,57.1,59,0
20161208_CB,7.62,11.446666667,2.1533333333,78.8,29,0
20161208_CN,9.13125,12.5375,3.28125,85.18125,41,0
20161208_DG,10.4,12.8,3.8,62.6,37,0
20161208_DJ,9.8,11.6,4.1,77.9,32,0
20161208_GB,9.7916666667,13.520833332999999,2.7583333333,67.35,54,0
20161208_GG,6.4476190476,10.438095237999999,1.9833333333,77.164285714,174,0
20161208_GJ,11.1,12.0,5.5,75.5,25,0
20161208_GN,11.718181818,12.345454545,5.0714285714,66.56666666699999,56,0
20161208_GW,7.1833333333,10.905555556,1.7666666667,68.022222222,37,0
20161208_IC,6.97,8.35,3.78,69.45,52,0
20161208_JB,10.193333333,11.986666667,3.92,79.026666667,68,0
20161208_JJ,14.95,8.25,11.25,66.7,10,0
20161208_JN,11.8,11.690909090999998,5.6954545455,75.213636364,54,0
20161208_SU,6.1,9.1,2.1,70.0,207,0
20161208_US,13.1,11.6,6.7,60.6,13,0
20161209_BS,13.7,9.0,9.2,44.6,64,0
20161209_CB,6.6733333333000004,8.3733333333,3.1933333333,65.0,25,0
20161209_CN,7.48125,8.775,3.8375,69.1875,46,0
20161209_DG,10.4,8.5,6.3,48.1,40,0
20161209_DJ,7.9,8.9,4.1,67.4,49,0
20161209_GB,9.304166666699999,9.295833333300001,4.6541666667,58.1375,53,0
20161209_GG,5.4976190476,8.2238095238,1.8619047619,66.754761905,160,0
20161209_GJ,10.2,9.6,6.1,63.4,24,0
20161209_GN,12.727272727,10.686363636,7.6454545455,49.572727273000005,64,0
20161209_GW,6.7777777778,8.8333333333,2.7444444444,63.227777778000004,33,0
20161209_IC,5.66,7.94,2.14,64.75,46,0
20161209_JB,9.0466666667,10.56,4.4466666667000005,67.673333333,66,0
20161209_JJ,15.0,7.35,11.25,60.5,6,0
20161209_JN,10.704545455,9.2045454545,6.4636363636,62.781818181999995,58,0
20161209_SU,4.2,7.1,1.4,65.8,153,0
20161209_US,11.4,8.8,7.7,48.8,9,0
20161210_BS,11.4,9.9,5.7,29.1,23,0
20161210_CB,5.22,10.953333333,-1.146666667,54.666666667,11,0
20161210_CN,5.70625,11.21875,-0.56875,63.775,13,0
20161210_DG,8.7,11.7,3.1,36.6,20,0
20161210_DJ,6.4,10.8,-0.1,56.0,7,0
20161210_GB,8.1125,11.8375,1.4208333333,46.429166667,15,0
20161210_GG,4.2785714286,10.238095238,-1.4619047619999999,53.054761905,66,0
20161210_GJ,8.9,10.3,2.6,43.9,13,0
20161210_GN,10.354545455,11.795454545,3.4590909091000004,36.490909091,22,0
20161210_GW,5.2,10.766666667,-0.9611111109999999,56.944444444,7,0
20161210_IC,2.25,6.35,-1.01,50.81,7,0
20161210_JB,6.3533333333,11.213333333,-0.16,60.12,29,0
20161210_JJ,12.4,5.3,9.1,53.1,1,0
20161210_JN,8.8863636364,10.195454545,2.9954545455,49.018181818,21,0
20161210_SU,3.6,9.5,-1.6,47.6,34,0
20161210_US,8.9,8.9,3.9,37.0,0,0
20161211_BS,12.6,11.9,6.3,35.3,0,0
20161211_CB,6.2466666666999995,14.14,-2.0066666669999997,57.346666667,2,0
20161211_CN,6.5625,13.775,-1.0625,57.84375,2,0
20161211_DG,8.2,13.0,1.3,43.5,1,0
20161211_DJ,6.9,13.1,-0.6,57.1,0,0
20161211_GB,8.295833333300001,13.691666667,0.425,52.316666667,0,0
20161211_GG,5.5428571429,12.766666667,-1.821428571,52.083333333,8,0
20161211_GJ,9.9,12.1,3.2,37.4,1,0
20161211_GN,9.5136363636,12.795454545,2.1772727273,40.786363636,4,0
20161211_GW,5.8388888889,12.611111111,-1.477777778,59.54444444399999,3,0
20161211_IC,4.24,8.48,-0.33,44.11,0,0
20161211_JB,7.626666666699999,14.473333333,-0.66,55.2,1,0
20161211_JJ,12.0,7.0,9.0,54.6,0,0
20161211_JN,9.6363636364,13.072727273,2.6636363636000002,46.01363636399999,1,0
20161211_SU,6.4,12.5,-1.1,42.6,7,0
20161211_US,11.1,11.5,4.3,44.4,0,0
20161212_BS,15.2,9.5,9.6,63.6,84,0
20161212_CB,9.66,15.006666667000001,2.3,57.5,47,0
20161212_CN,10.66875,15.175,3.53125,62.41875,68,0
20161212_DG,10.5,13.4,3.8,56.5,64,0
20161212_DJ,11.0,14.2,4.3,56.4,38,0
20161212_GB,10.8375,13.920833333,3.8166666667,56.295833333000004,66,0
20161212_GG,7.3238095238,11.952380952,1.7047619047999998,48.569047618999996,211,0
20161212_GJ,12.2,10.5,6.9,61.1,47,0
20161212_GN,10.677272727,11.009090909000001,5.159090909100001,57.413636364,70,0
20161212_GW,7.0,12.161111110999999,1.4833333333,55.338888888999996,36,0
20161212_IC,6.06,8.23,2.75,44.94,39,0
20161212_JB,11.746666667000001,14.773333333,4.6066666667,64.253333333,82,0
20161212_JJ,16.5,7.4,13.4,65.45,11,0
20161212_JN,12.045454545,10.509090909,6.9636363636,67.213636364,63,0
20161212_SU,6.3,9.3,2.3,37.9,197,0
20161212_US,14.4,12.5,7.4,69.5,13,0
20161213_BS,11.6,3.1,9.8,64.5,59,0
20161213_CB,9.2066666667,9.8,3.6,69.166666667,37,0
20161213_CN,8.7875,9.525,3.5875,76.2625,69,0
20161213_DG,10.1,8.2,6.5,65.9,62,0
20161213_DJ,9.6,8.6,4.5,74.9,36,0
20161213_GB,11.3125,9.8375,6.3791666667,65.025,63,0
20161213_GG,8.564285714299999,9.9785714286,2.7904761905,61.371428571,225,0
20161213_GJ,10.2,5.9,7.2,77.4,45,0
20161213_GN,10.340909091,6.704545454500001,7.4818181818,65.209090909,55,0
20161213_GW,9.2611111111,9.383333333300001,4.15,67.488888889,37,0
20161213_IC,6.84,7.13,3.4,60.23,35,0
20161213_JB,9.2866666667,7.3,5.2733333333,73.993333333,93,0
20161213_JJ,15.7,5.1,13.05,78.45,18,0
20161213_JN,10.709090909,5.8545454545,7.5727272727,76.518181818,63,0
20161213_SU,8.8,9.2,3.4,53.6,233,0
20161213_US,11.0,5.0,8.9,70.3,15,0
20161214_BS,11.0,8.7,5.9,64.4,57,0
20161214_CB,2.3466666667,4.28,0.24,72.306666667,29,0
20161214_CN,3.31875,6.8375,0.14375,75.05,65,0
20161214_DG,6.7,4.5,4.0,63.9,60,0
20161214_DJ,2.7,5.6,0.0,74.9,39,0
20161214_GB,5.9875,5.6708333333,2.5083333333,77.766666667,59,0
20161214_GG,0.8523809523999999,3.2595238095,-0.892857143,68.707142857,181,0
20161214_GJ,4.5,5.0,2.6,61.0,36,0
20161214_GN,8.9681818182,9.4227272727,4.1,55.477272727,63,0
20161214_GW,3.0666666667,3.9111111111000003,0.6444444443999999,88.133333333,39,0
20161214_IC,0.58,3.75,-1.22,56.86,46,0
20161214_JB,3.7866666667,7.2266666667,0.21333333329999998,69.22,63,0
20161214_JJ,10.85,5.4,7.3,58.8,9,0
20161214_JN,5.6454545455,4.840909090899999,3.1772727273,58.545454545,63,0
20161214_SU,-0.1,2.2,-1.4,68.1,191,0
20161214_US,8.4,7.1,4.6,83.3,9,0
20161215_BS,7.0,8.0,2.2,45.3,68,0
20161215_CB,1.26,7.58,-2.213333333,48.653333333,31,0
20161215_CN,1.9625,6.55,-1.51875,58.24375,45,0
20161215_DG,3.9,6.7,0.8,43.3,48,0
20161215_DJ,3.0,8.9,-1.4,55.6,40,0
20161215_GB,3.275,7.2666666667,-0.254166667,50.504166667,55,0
20161215_GG,-0.40952381,6.919047619,-4.3571428569999995,44.966666667,197,0
20161215_GJ,3.6,4.5,0.6,70.3,30,0
20161215_GN,5.777272727300001,8.8863636364,0.9954545455,45.213636363999996,51,0
20161215_GW,1.0166666667,7.9833333333,-2.5444444440000002,61.655555556,33,0
20161215_IC,-1.82,4.68,-4.19,44.31,49,0
20161215_JB,2.5866666667,6.78,-1.2,61.786666667,82,0
20161215_JJ,6.85,3.55,5.15,60.95,5,0
20161215_JN,3.75,4.1272727273,1.3272727273,63.981818182,79,0
20161215_SU,-1.5,6.1,-5.0,41.8,197,0
20161215_US,4.9,7.2,1.3,47.3,8,0
20161216_BS,6.4,9.6,1.0,28.1,64,0
20161216_CB,1.06,10.346666667000001,-3.66,47.473333333,22,0
20161216_CN,2.45625,11.7125,-2.46875,63.55,43,0
20161216_DG,3.2,7.7,-0.6,32.3,43,0
20161216_DJ,2.8,11.1,-2.4,52.4,40,0
20161216_GB,2.9916666667,9.5625,-1.766666667,38.933333333,61,0
20161216_GG,0.48095238100000004,10.721428571,-4.5642857139999995,45.652380952,155,0
20161216_GJ,4.1,7.4,0.5,56.5,37,0
20161216_GN,5.5181818182,10.572727273,-0.15,34.6,50,0
20161216_GW,1.1833333333,11.222222222000001,-4.044444444,48.11111111100001,45,0
20161216_IC,-0.35,7.68,-3.42,48.51,38,0
20161216_JB,2.7066666667000003,9.8333333333,-1.813333333,58.353333333,66,0
20161216_JJ,7.6,4.9,5.6,59.75,11,0
20161216_JN,4.3909090909,7.2272727273,0.7727272727,58.681818182,56,0
20161216_SU,0.0,9.8,-4.7,40.3,164,0
20161216_US,4.6,9.3,0.1,31.0,9,0
20161217_BS,11.4,12.1,5.4,48.9,12,0
20161217_CB,9.62,11.853333333,2.9866666667,62.433333333,18,0
20161217_CN,10.8,13.0875,3.21875,76.7875,16,0
20161217_DG,10.5,13.3,3.4,57.9,18,0
20161217_DJ,10.5,10.8,4.0,67.9,9,0
20161217_GB,10.2625,12.1875,3.45,59.795833333000004,14,0
20161217_GG,8.7904761905,11.614285714000001,2.7547619048,65.914285714,50,0
20161217_GJ,11.0,11.0,4.5,67.6,15,0
20161217_GN,11.236363635999998,15.0,2.9045454545,58.681818182,19,0
20161217_GW,7.9833333333,10.866666667,2.9111111111000003,60.13888888899999,3,0
20161217_IC,9.76,10.43,5.03,68.98,11,0
20161217_JB,10.473333333,12.166666667000001,3.12,67.513333333,31,0
20161217_JJ,12.05,7.65,7.7,69.2,8,0
20161217_JN,10.895454545,11.890909091,4.1727272726999995,69.95,17,0
20161217_SU,8.0,10.7,2.7,60.1,42,0
20161217_US,11.3,10.2,5.7,50.9,2,0
20161218_BS,13.5,9.8,8.5,56.5,0,0
20161218_CB,9.3,12.24,2.6133333333,75.14,2,0
20161218_CN,10.08125,11.20625,4.375,82.5,1,0
20161218_DG,10.5,12.4,4.0,68.8,2,0
20161218_DJ,9.5,11.3,3.8,78.5,1,0
20161218_GB,10.825,13.095833333,3.7875,67.041666667,0,0
20161218_GG,7.9,6.5666666667,4.4880952381,74.476190476,5,0
20161218_GJ,13.0,13.0,6.4,77.5,0,0
20161218_GN,11.927272727,14.163636364,4.25,70.590909091,2,0
20161218_GW,9.0666666667,8.1,4.3111111111,69.744444444,1,0
20161218_IC,8.42,3.47,6.59,68.99,1,0
20161218_JB,10.8,13.686666667,3.7466666667000004,78.54,0,0
20161218_JJ,16.55,10.55,12.25,69.95,0,0
20161218_JN,12.959090909,13.954545455,6.0863636364,79.409090909,2,0
20161218_SU,8.1,5.4,4.9,68.8,6,0
20161218_US,14.6,13.8,7.0,58.8,0,0
20161219_BS,13.0,5.3,10.7,90.4,74,0
20161219_CB,9.9,8.0933333333,5.98,81.98,30,0
20161219_CN,12.06875,8.95625,7.3375,92.7625,81,0
20161219_DG,7.5,4.3,5.7,84.3,55,0
20161219_DJ,10.6,5.5,7.8,89.4,39,0
20161219_GB,8.883333333300001,6.6958333333,6.2375,82.525,73,0
20161219_GG,11.835714285999998,8.5761904762,6.7380952381,76.133333333,197,0
20161219_GJ,13.3,6.5,10.2,98.5,24,0
20161219_GN,8.5909090909,4.7681818181999995,6.8772727273,89.754545455,79,0
20161219_GW,10.611111111,9.5333333333,5.6444444444,78.04444444399999,42,0
20161219_IC,12.0,6.34,8.11,74.07,56,0
20161219_JB,12.706666667,8.266666666699999,8.5133333333,93.786666667,102,0
20161219_JJ,17.6,4.3,15.55,85.65,16,0
20161219_JN,11.95,5.2181818182,9.7818181818,95.390909091,69,0
20161219_SU,12.0,7.7,7.2,66.0,245,0
20161219_US,12.5,8.2,9.6,82.0,16,0
20161220_BS,17.1,7.3,12.4,80.0,77,0
20161220_CB,12.766666667,10.686666667,6.34,80.12,41,0
20161220_CN,12.80625,10.50625,6.48125,88.23125,53,0
20161220_DG,12.6,7.9,8.1,87.1,57,0
20161220_DJ,13.3,9.0,8.2,82.9,34,0
20161220_GB,12.754166667,9.5958333333,7.4,85.304166667,54,0
20161220_GG,13.442857143,11.054761905,6.1595238095000004,80.383333333,186,0
20161220_GJ,15.1,7.6,10.3,83.9,51,0
20161220_GN,14.809090909000002,9.095454545499999,9.3772727273,84.327272727,61,0
20161220_GW,11.727777778,10.161111111,5.1722222222,84.938888889,31,0
20161220_IC,9.97,5.1,7.01,78.3,44,0
20161220_JB,13.446666667,10.353333333,7.7933333333000006,83.76,89,0
20161220_JJ,16.45,5.0,13.95,85.2,17,0
20161220_JN,14.445454545,8.2954545455,9.5,85.527272727,76,0
20161220_SU,13.6,9.2,7.6,71.3,227,0
20161220_US,15.3,7.1,10.9,87.9,16,0
20161221_BS,16.9,6.7,13.5,84.6,61,0
20161221_CB,13.066666667,12.553333333,7.493333333300001,83.68,33,0
20161221_CN,14.28125,13.5125,8.55,89.8375,58,0
20161221_DG,11.0,7.7,6.8,96.4,61,0
20161221_DJ,12.6,10.8,8.2,89.9,41,0
20161221_GB,11.529166667,8.9875,7.3055555556,90.566666667,71,0
20161221_GG,12.888095238,11.214285714,7.5976190476,82.157142857,218,0
20161221_GJ,16.9,9.8,12.8,89.9,35,0
20161221_GN,14.2,9.6863636364,9.1727272727,91.42272727299999,64,0
20161221_GW,11.677777778,11.183333333,6.2333333333,85.35,43,0
20161221_IC,12.88,7.93,8.95,78.9,45,0
20161221_JB,15.56,13.813333333,9.7866666667,87.473333333,58,0
20161221_JJ,21.05,6.3,18.3,91.3,12,0
20161221_JN,18.195454545,11.122727272999999,12.722727273,88.5,45,0
20161221_SU,12.6,8.5,7.9,75.5,242,0
20161221_US,16.2,9.8,11.4,93.8,11,0
20161222_BS,17.6,10.6,11.9,76.9,52,0
20161222_CB,14.213333333,10.926666667000001,7.666666666699999,81.746666667,29,0
20161222_CN,15.275,11.78125,7.1375,89.73125,42,0
20161222_DG,16.6,10.6,11.4,70.5,49,0
20161222_DJ,14.8,11.0,7.8,88.4,33,0
20161222_GB,15.425,10.095833333,10.2875,74.775,59,0
20161222_GG,11.978571429,9.7047619048,5.8833333333,91.414285714,214,0
20161222_GJ,17.3,11.8,8.6,88.3,29,0
20161222_GN,18.195454545,12.113636364000001,11.5,71.963636364,48,0
20161222_GW,11.494444444,8.3,6.3166666667,88.0,36,0
20161222_IC,12.61,10.52,5.71,90.62,28,0
20161222_JB,17.246666667,13.36,7.7133333333000005,86.933333333,70,0
20161222_JJ,20.35,12.0,10.95,77.25,15,0
20161222_JN,18.677272727000002,13.172727273,8.8954545455,82.80909090899999,61,0
20161222_SU,11.0,9.5,5.5,90.3,212,0
20161222_US,17.4,10.5,13.4,76.4,11,0
20161223_BS,8.0,6.5,4.7,52.0,65,0
20161223_CB,3.32,5.3466666667,0.0733333333,73.28666666699999,46,0
20161223_CN,3.59375,4.4625,0.5,84.8625,47,0
20161223_DG,6.1,5.5,3.3,57.1,62,0
20161223_DJ,3.9,5.2,0.8,79.9,35,0
20161223_GB,5.4541666667,5.875,2.4333333333000002,61.2125,52,0
20161223_GG,2.3,5.4904761905,-1.5642857140000002,74.254761905,178,0
20161223_GJ,5.5,3.8,2.8,82.8,39,0
20161223_GN,6.7714285713999995,5.3333333333,4.0727272727,53.504545455,54,0
20161223_GW,4.0888888889,5.4,0.6777777778,66.061111111,41,0
20161223_IC,2.1,5.13,-1.74,72.54,45,0
20161223_JB,4.6,4.225,1.1333333333,81.833333333,60,0
20161223_JJ,8.9,3.25,7.25,60.95,14,0
20161223_JN,5.6066666667,3.4466666667,3.3727272726999997,73.009090909,51,0
20161223_SU,1.5,5.9,-2.5,71.1,165,0
20161223_US,7.2,6.8,4.2,57.8,10,0
20161224_BS,10.1,10.3,4.4,58.3,12,0
20161224_CB,0.9733333332999999,4.4466666667000005,-1.66,69.113333333,12,0
20161224_CN,1.29375,4.3625,-1.18125,77.06875,9,0
20161224_DG,5.0,6.9,1.3,60.4,11,0
20161224_DJ,1.3,3.8,-1.1,72.8,5,0
20161224_GB,5.0791666667,8.054166666699999,0.5958333333,67.141666667,21,0
20161224_GG,1.1261904762000001,5.0976190476,-1.99047619,67.583333333,58,0
20161224_GJ,5.6,5.4,2.3,65.0,7,0
20161224_GN,7.0909090909,8.7363636364,2.3954545455000003,60.531818181999995,16,0
20161224_GW,2.9666666667,4.7333333333,0.2166666667,71.916666667,10,0
20161224_IC,0.3,4.37,-2.09,68.01,9,0
20161224_JB,2.88,5.2333333333,-0.2,72.4,25,0
20161224_JJ,9.35,4.45,7.3,64.9,5,0
20161224_JN,6.1090909091,6.0136363636,2.9136363636000002,65.068181818,27,0
20161224_SU,1.1,5.4,-2.4,66.0,47,0
20161224_US,7.3,8.6,2.7,66.5,3,0
20161225_BS,14.8,11.3,9.0,64.9,3,0
20161225_CB,6.873333333300001,12.106666667,0.56,78.266666667,0,0
20161225_CN,6.6875,11.5625,0.8,83.1,0,0
20161225_DG,10.1,11.6,4.0,72.6,2,0
20161225_DJ,7.3,11.8,1.3,79.1,0,0
20161225_GB,10.383333333,12.45,3.8375,78.395833333,1,0
20161225_GG,6.5642857142999995,11.588095238,0.7547619048,76.926190476,2,0
20161225_GJ,10.8,12.3,4.9,68.9,1,0
20161225_GN,11.572727273,12.786363635999999,5.0954545455,71.5,1,0
20161225_GW,7.7333333333,10.155555556,2.1666666667,79.338888889,0,0
20161225_IC,4.69,8.21,0.88,74.08,0,0
20161225_JB,9.053333333300001,13.466666667,2.1733333333,76.21333333300001,2,0
20161225_JJ,14.25,7.65,10.55,73.3,0,0
20161225_JN,10.245454545,12.072727273,4.5409090909,74.354545455,0,0
20161225_SU,6.4,10.9,1.0,69.5,4,0
20161225_US,12.7,10.7,7.7,78.6,0,0
20161226_BS,10.0,3.6,8.8,87.4,63,0
20161226_CB,3.98,2.5666666666999998,2.6466666667,87.026666667,41,0
20161226_CN,4.19375,2.7375,2.98125,92.49375,60,0
20161226_DG,6.4,2.3,5.4,88.8,67,0
20161226_DJ,4.3,2.0,3.1,92.4,36,0
20161226_GB,6.666666666699999,3.3416666667,4.9666666667,87.42083333299999,71,0
20161226_GG,4.5666666667,3.9952380952,2.569047619,79.007142857,240,0
20161226_GJ,7.9,3.9,6.1,96.8,35,0
20161226_GN,7.5681818182,2.2681818182,6.4636363636,89.22272727299999,71,0
20161226_GW,5.9111111111,4.5055555556,3.5611111111000002,80.444444444,53,0
20161226_IC,3.78,2.81,2.47,72.45,43,0
20161226_JB,5.46,2.8066666667,3.9333333333,92.633333333,83,0
20161226_JJ,16.65,6.5,13.0,93.25,9,0
20161226_JN,8.4727272727,3.7136363636,6.654545454500001,92.790909091,76,0
20161226_SU,4.4,3.1,2.5,73.8,234,0
20161226_US,8.7,3.1,7.3,92.5,18,0
20161227_BS,8.4,8.6,4.3,56.4,69,0
20161227_CB,2.7533333332999996,8.106666666699999,-0.38,64.093333333,29,0
20161227_CN,3.28125,8.19375,0.2,65.4625,69,0
20161227_DG,6.5,8.0,2.8,53.8,60,0
20161227_DJ,4.0,9.1,0.3,64.6,42,0
20161227_GB,5.1916666667,7.470833333300001,1.9333333333000002,64.633333333,59,0
20161227_GG,2.1309523809999997,8.233333333300001,-1.49047619,57.714285714,180,0
20161227_GJ,4.7,6.5,2.3,62.3,61,0
20161227_GN,7.6409090909,8.85,3.7227272727,52.577272727,67,0
20161227_GW,3.1,7.5166666667,-0.21111111100000002,80.6,28,0
20161227_IC,1.4,7.22,-1.84,53.25,46,0
20161227_JB,3.9666666667,8.186666666699999,0.8066666667,63.3,85,0
20161227_JJ,10.85,7.55,6.1,62.4,12,0
20161227_JN,5.531818181799999,6.5863636364,2.6727272727,61.813636364,57,0
20161227_SU,1.3,7.6,-2.3,54.6,221,0
20161227_US,7.1,7.7,3.5,63.4,12,0
20161228_BS,10.5,12.8,3.7,50.0,67,0
20161228_CB,2.8933333332999998,11.306666667,-3.18,58.94,31,0
20161228_CN,3.03125,11.81875,-3.11875,68.24375,59,0
20161228_DG,6.1,11.2,0.3,46.3,58,0
20161228_DJ,4.1,11.6,-2.5,58.5,37,0
20161228_GB,5.7375,11.55,-0.475,53.195833333,57,0
20161228_GG,2.5761904762,11.373809524,-3.661904762,54.238095238,197,0
20161228_GJ,6.4,11.0,-0.1,49.5,32,0
20161228_GN,7.7545454545000005,12.240909090999999,0.8045454545,52.418181818,68,0
20161228_GW,2.8055555556,9.9111111111,-2.316666667,64.083333333,32,0
20161228_IC,0.8,8.56,-3.62,53.55,49,0
20161228_JB,4.04,11.833333332999999,-2.613333333,63.966666667,72,0
20161228_JJ,8.9,6.15,5.7,56.1,13,0
20161228_JN,6.4409090909,10.295454545,0.5,55.677272726999995,52,0
20161228_SU,2.6,11.0,-3.7,49.0,194,0
20161228_US,8.5,11.2,2.0,59.4,16,0
20161229_BS,7.8,8.6,2.5,36.5,53,0
20161229_CB,-0.08,5.7,-3.12,55.38,35,0
20161229_CN,0.83125,6.9,-2.5875,67.40625,37,0
20161229_DG,3.2,5.6,0.3,37.5,47,0
20161229_DJ,1.4,5.9,-2.3,61.5,42,0
20161229_GB,2.8458333333,6.975,-0.825,44.508333333,82,0
20161229_GG,-0.44761904799999996,6.1285714286,-3.6761904760000004,53.32857142899999,161,0
20161229_GJ,2.9,5.2,-0.4,60.9,29,0
20161229_GN,5.6636363636,8.4590909091,0.9,43.122727273,49,0
20161229_GW,0.7555555556,6.744444444400001,-2.422222222,48.472222222,29,0
20161229_IC,-1.42,4.45,-3.54,56.24,42,0
20161229_JB,1.3133333333,6.72,-2.173333333,63.166666667,71,0
20161229_JJ,8.6,4.35,5.95,62.35,12,0
20161229_JN,3.2181818181999997,5.45,0.4045454545,62.445454545,52,0
20161229_SU,-1.1,6.1,-4.2,53.1,199,0
20161229_US,4.9,7.1,1.3,36.3,7,0
20161230_BS,8.6,10.6,2.4,28.4,72,0
20161230_CB,3.1066666667000002,12.34,-2.9866666669999997,60.673333333,27,0
20161230_CN,3.68125,12.5875,-2.5625,77.53125,37,0
20161230_DG,5.5,8.6,0.8,38.8,50,0
20161230_DJ,4.8,12.9,-1.8,67.6,24,0
20161230_GB,5.0083333332999995,11.383333333,-0.7958333329999999,47.275,66,0
20161230_GG,2.1761904762,11.973809524000002,-3.804761905,59.49047619,164,0
20161230_GJ,5.8,9.5,0.3,56.5,31,0
20161230_GN,7.063636363600001,12.081818182000001,0.17727272730000002,41.168181818,61,0
20161230_GW,2.9666666667,11.744444444,-2.405555556,53.8,28,0
20161230_IC,2.31,9.71,-2.29,58.75,30,0
20161230_JB,4.3066666667,12.626666667,-2.566666667,68.21333333300001,60,0
20161230_JJ,9.0,5.1,5.9,64.45,12,0
20161230_JN,6.0136363636,10.181818182,0.4,57.445454545,56,0
20161230_SU,1.0,10.1,-3.9,50.9,161,0
20161230_US,6.4,9.7,0.9,37.9,15,0
20161231_BS,10.6,10.6,4.7,53.5,17,0
20161231_CB,4.3933333333,8.66,0.1533333333,76.126666667,13,0
20161231_CN,6.35,8.69375,1.425,87.225,16,0
20161231_DG,7.9,10.1,2.3,68.6,12,0
20161231_DJ,5.2,6.5,1.4,79.9,7,0
20161231_GB,7.595833333300001,10.091666667,2.0916666666999997,64.4375,12,0
20161231_GG,5.3404761905,9.314285714299999,0.41190476189999997,75.302380952,48,0
20161231_GJ,5.9,8.7,1.9,77.5,12,0
20161231_GN,9.3227272727,12.413636364,2.4272727273,61.918181818,14,0
20161231_GW,5.9833333333,8.4111111111,1.2944444444,63.972222222,2,0
20161231_IC,6.86,7.9,2.51,75.16,9,0
20161231_JB,5.8466666667,9.46,1.04,78.273333333,21,0
20161231_JJ,10.3,6.45,7.05,64.15,3,0
20161231_JN,7.6772727273,10.863636364000001,2.3636363636,75.404545455,25,0
20161231_SU,5.7,9.3,0.7,65.4,38,0
20161231_US,9.1,8.5,4.8,57.1,1,0
